row,t,ref_E,ref_N,ekf_E,ekf_N,ekf_psi_rad,cov_trace,in_outage,gnss_used,gru_speed,ref_speed
1947,194.699,226.1218730441781,938.1784045075245,226.1218730441781,938.1784045075245,0.17578956226086886,33.121846967914685,0,1,11.238808631896973,11.771944444444443
1948,194.8,226.37725648279408,939.3249952626479,226.34355239302872,939.3250318795521,0.17588179029119363,33.23324604619162,0,1,11.289522171020508,11.71888888888889
1949,194.9,226.6259193045856,940.460454069353,226.5643468502667,940.4400821594431,0.1762982377048462,29.447789606675364,0,1,11.2060546875,11.633055555555554
1950,195.0,226.82753780878437,941.6181767728948,226.7789716991146,941.5704155249767,0.17672266760424463,28.1196420621426,0,1,11.461864471435547,11.738888888888889
1951,195.1,227.0224356961437,942.7536355788086,226.99026036933654,942.7113910393189,0.17705236082613215,26.827204171976295,0,1,11.492866516113281,11.598055555555556
1952,195.2,227.21733358348817,943.9002263339321,227.1986317712826,943.8576095941634,0.177225018833571,25.974802363861986,0,1,11.587477684020996,11.638055555555555
1953,195.3,227.39206962044852,945.0468170890555,227.39993599722231,945.0064109960533,0.17696686763018718,24.918179054098307,0,1,11.563944816589355,11.581944444444444
1954,195.4,227.56680565739396,946.1934078441788,227.59425720620084,946.151032831597,0.17633355688520358,23.80070428927253,0,1,11.494921684265137,11.61111111111111
1955,195.5,227.74826231116396,947.339998600093,227.78356503336113,947.2880599270505,0.17550887255757214,22.600025842692034,0,1,11.36795425415039,11.616111111111111
1956,195.6,227.92299834809444,948.475457406007,227.97011117963044,948.4326294420799,0.17449316985799024,22.36456390716836,0,1,11.683345794677734,11.508055555555556
1957,195.699,228.09101376824518,949.610916211921,228.15152004961098,949.5755361458106,0.17327193990234163,21.290469266934682,0,1,11.591550827026367,11.501944444444444
1958,195.8,228.24558795476182,950.7463750178349,228.31688697820445,950.7401146263583,0.16898082422949212,13.039184898762112,0,1,11.711848258972168,11.478888888888887
1959,195.9,228.4001621412933,951.8929657729583,228.49311391036213,951.9003292046542,0.1684046237169596,12.968632119988204,0,1,11.845355033874512,11.525
1960,196.0,228.54129509422054,953.0395565280817,228.66122045948308,953.0531407372879,0.16765889682086052,12.737770075660023,0,1,11.580448150634766,11.508055555555556
1961,196.1,228.69586928075205,954.1638833855772,228.82373738751906,954.1870113853422,0.16687187048466673,12.62492813703864,0,1,11.495125770568848,11.381944444444445
1962,196.2,228.83028161686966,955.2882102414907,228.98290053306047,955.3356962000438,0.16595220210005268,12.863414412968863,0,1,11.971762657165527,11.365
1963,196.3,228.97813518659157,956.4459329466143,229.14101896993364,956.4983807112942,0.16497091202930567,12.702279117530747,0,1,11.79325008392334,11.594999999999999
1964,196.399,229.09238567229528,957.5591278549005,229.2920240019047,957.6652185471191,0.16381263734986212,13.077910370496548,0,1,12.503364562988281,11.31888888888889
1965,196.5,229.2469598588119,958.6834547116049,229.453809431955,958.8932541169031,0.16270836423850185,13.335012850075234,0,1,12.945330619812012,11.248055555555556
1966,196.6,229.3880928117391,959.8300454667284,229.61136384140966,960.1119799885504,0.16156941037840708,13.2214954007302,0,1,12.84921932220459,11.495
1967,196.7,229.50906391423752,960.932108425805,229.75978595174894,961.3034069725445,0.16034898131053935,13.096937092184646,0,1,12.739320755004883,11.20111111111111
1968,196.8,229.6501968671498,962.045303334091,229.9024797326163,962.4608638218933,0.15917314488670398,12.79195042704292,0,1,12.331899642944336,11.203888888888889
1969,196.899,229.78460920326742,963.1696301900047,229.97082095170668,963.5831533827416,0.14573849072722078,11.0984700134898,0,1,11.99219036102295,11.25611111111111
1970,197.0,229.91902153938506,964.2716931490813,230.10533845644392,964.6888128686321,0.14526325804546636,10.996809766309187,0,1,11.759766578674316,11.136944444444445
1971,197.1,230.06015449229736,965.3737561081579,230.23535247736015,965.7585775447991,0.14481076922236316,10.866956379562167,0,1,11.375739097595215,11.13
1972,197.2,230.19456682841493,966.486951015653,230.36589989611093,966.8372623322729,0.1443499417708789,11.030051430880516,0,1,11.80182933807373,11.193888888888889
1973,197.3,230.3222585477379,967.5890139747298,230.50024603037357,967.9530333470113,0.14386556951982366,11.190506056778986,0,1,12.177433013916016,11.113888888888889
1974,197.4,230.47011211744487,968.679944984597,230.6409424498892,969.0946033652818,0.14343294820187338,11.351286029471423,0,1,12.52285385131836,10.998055555555556
1975,197.5,230.6045244535774,969.7597440452547,230.78284390096627,970.2445467979421,0.14300409181868132,11.420381115493843,0,1,12.622482299804688,10.955
1976,197.6,230.73221617287052,970.850675055122,230.92555519542543,971.4109521220266,0.14254917309189083,11.670463231544955,0,1,13.151707649230957,10.926944444444445
1977,197.7,230.86662850898807,971.9416060649893,231.07229247550967,972.606204408163,0.14209428345521105,11.907102680144025,0,1,13.615928649902344,10.951944444444445
1978,197.8,230.99432022829612,973.0214051256471,231.21390095266563,973.7729316733747,0.14162369355623244,11.637280308586371,0,1,12.916848182678223,10.98388888888889
1979,197.9,231.14889441482762,974.1234680847238,231.35296709296023,974.8969645726659,0.1412278307936544,11.625698150588471,0,1,12.84001350402832,10.963888888888889
1980,198.0,231.2967479845495,975.1921351961722,231.4690718333281,976.0081716884861,0.1365057808010537,10.744272628989592,0,1,12.743475914001465,10.86111111111111
1981,198.1,231.44460155428638,976.2830662060395,231.6095097656985,977.1106848103733,0.13636168759898679,10.757379218140414,0,1,12.779520988464355,10.933055555555557
1982,198.2,231.59245512400832,977.3406013682785,231.75131560981367,978.2071003253293,0.13624944942023595,10.801223694341083,0,1,12.774049758911133,10.786944444444444
1983,198.3,231.7134262265067,978.4092684797268,231.89131155253034,979.3137452670078,0.1360867731431294,10.965536353852755,0,1,13.134593963623047,10.741944444444444
1984,198.4,231.85455917938916,979.4668036427569,232.0345661520084,980.4353476644746,0.13594066479438877,11.083137289559806,0,1,13.32878303527832,10.68
1985,198.5,232.0091333659505,980.5243388042047,232.18163436198438,981.559688313815,0.135846482491242,11.18003299648867,0,1,13.454225540161133,10.656944444444445
1986,198.6,232.15698693567242,981.5818739672349,232.3303491234827,982.6838781404841,0.13577725620111034,11.281337821602401,0,1,13.589120864868164,10.598055555555556
1987,198.7,232.29139927179003,982.6282771810554,232.47921786947575,983.814831957905,0.13569403050101925,11.458796376266541,0,1,13.924103736877441,10.598888888888888
1988,198.8,232.43925284151194,983.6635484456665,232.6325511540056,984.9632640348582,0.13564424681732842,11.694706785791649,0,1,14.389155387878418,10.456111111111111
1989,198.9,232.5803857944392,984.7099516586961,232.7839784458122,986.095988066093,0.13559740608444043,11.576341440994058,0,1,13.947763442993164,10.528055555555556
1990,199.0,232.7349599809707,985.7452229233073,232.93835617936637,987.2286904571076,0.13560108987999164,11.958076491851086,0,1,14.77432632446289,10.488888888888889
1991,199.1,232.87609293389792,986.7582302894996,233.09561905747688,988.3783674476155,0.13561398999289015,12.035465247135127,0,1,14.830304145812988,10.316944444444443
1992,199.2,233.03066712041453,987.7935015541107,233.25586644978648,989.5207448504527,0.1359387040989768,11.267866685791237,0,1,15.056001663208008,10.455000000000002
1993,199.3,233.18524130691625,988.8287728179308,233.41321627104242,990.6391937489356,0.13600288971200147,11.164261194653237,0,1,14.672189712524414,10.455000000000002
1994,199.4,233.3599773438915,989.8529121341235,233.5686214983037,991.7026283645624,0.13614750901090464,11.046102410437799,0,1,14.102680206298828,10.33
1995,199.501,233.52799276404227,990.8881833979437,233.724471854335,992.7460589104242,0.13633788097994215,11.093498614361815,0,1,14.032790184020996,10.415
1996,199.6,233.7094494177973,991.923454662555,233.8801845351875,993.751631040174,0.13660227284523188,11.041515706852037,0,1,13.76721477508545,10.493888888888888
1997,199.7,233.90434730515665,992.9475939779566,234.0494354795232,994.804770254657,0.13697295721097089,11.46113239588737,0,1,14.833903312683105,10.52111111111111
1998,199.8,234.0925245757213,993.9717332925673,234.2279763575456,995.8912085522849,0.1374177420330692,11.476135690655106,0,1,14.689343452453613,10.333888888888888
1999,199.901,234.30086369669988,995.0070045579695,234.41363944282853,996.9754163369346,0.13798036992284202,11.558048464327774,0,1,14.705877304077148,10.536111111111111
2000,200.0,234.50920281766352,996.0311438725802,234.60377907116805,998.0455296666647,0.13864733451820607,11.772343724734913,0,1,15.167425155639648,10.514999999999999
2001,200.101,234.71082132183247,997.0664151371914,234.802368266935,999.1471420281053,0.1393810867292264,11.794673033357899,0,1,15.022584915161133,10.495
2002,200.201,234.9326016764303,998.1016864010114,235.00223313990136,1000.2076247047507,0.14022933467355514,11.736162018622984,0,1,14.741151809692383,10.598055555555556
2003,200.3,235.15438203101317,999.1369576656225,235.1969961887609,1001.1916310952646,0.14116272410217548,11.318088520316499,0,1,13.548051834106445,10.558055555555555
2004,200.4,235.36944176878637,1000.1833608794431,235.4497199981366,1002.1274280981448,0.1527440960395383,10.595009811599837,0,1,13.257896423339844,10.62611111111111
2005,200.5,235.6113839737981,1001.2297640932636,235.6471847901693,1003.0644252874213,0.1533948119887136,10.526132160779376,0,1,12.975067138671875,10.785
2006,200.599,235.85332617880982,1002.2761673062932,235.84685270194308,1003.9782546289837,0.15412653425037304,10.431524913000768,0,1,12.515174865722656,10.716944444444445
2007,200.699,236.0952683838066,1003.3225705193229,236.05302995114616,1004.9039604639441,0.15492554851437002,10.471014732260471,0,1,12.491495132446289,10.728055555555557
2008,200.801,236.3372105888034,1004.3801056823527,236.2711484941358,1005.8818884271471,0.1557816135342188,10.627899414491502,0,1,12.778338432312012,10.843888888888888
2009,200.9,236.57915279381513,1005.4265088961735,236.49116179253892,1006.851601435927,0.15668834452904334,10.65373953551426,0,1,12.77299690246582,10.746944444444445
2010,201.0,236.82109499882677,1006.4951760076218,236.71703676563186,1007.8447223912834,0.15763203369742648,10.68327354739771,0,1,12.701992988586426,10.928055555555556
2011,201.1,237.05631658702887,1007.5749750674886,236.94415449819022,1008.843832948073,0.1585849021283162,10.694102525934415,0,1,12.578664779663086,10.935
2012,201.2,237.28481755842134,1008.6547741281464,237.1762386468368,1009.8797719570249,0.15953220289357595,10.968090010162978,0,1,13.277978897094727,11.051944444444445
2013,201.299,237.52003914662345,1009.7345731888043,237.40544615510956,1010.8957905761532,0.16048807346242372,10.65138036966893,0,1,12.173524856567383,11.036944444444444
2014,201.4,237.73509888439673,1010.8143722502531,237.6268279022176,1011.8835971174487,0.16139078450781374,10.610494190000045,0,1,11.859211921691895,11.048055555555557
2015,201.5,237.96359985580415,1011.9164352085388,237.91067231894695,1012.8517147423066,0.17538718564812816,10.104780372511852,0,1,11.734503746032715,11.15611111111111
2016,201.6,238.15849774316348,1013.0296301168248,238.1247348540034,1013.8472218852484,0.17580453785268602,10.120290961867497,0,1,11.742706298828125,11.253055555555557
2017,201.7,238.36683686412712,1014.1316930759016,238.33875471630958,1014.8630562580058,0.17618461224989718,10.183077098126914,0,1,11.807402610778809,11.236944444444445
2018,201.8,238.56845536831102,1015.2226240849777,238.55229483074152,1015.89929722046,0.1765227762442679,10.267065355364236,0,1,11.940402030944824,11.180000000000001
2019,201.9,238.7566326388757,1016.3469509424733,238.7654676945483,1016.9718263250511,0.17678341671586484,10.429500230868925,0,1,12.338370323181152,11.31888888888889
2020,202.0,238.92464805902642,1017.4824097483872,238.9766468948108,1018.0871292575208,0.17692624773688242,10.602486415655807,0,1,12.727747917175293,11.438055555555556
2021,202.1,239.10610471276652,1018.5733407582545,239.1866619110997,1019.219988814166,0.17701545917009628,10.706818938426151,0,1,12.86113166809082,11.203055555555556
2022,202.2,239.25395828247355,1019.7087995633774,239.3868721045292,1020.359580630697,0.1769555221214281,10.775183117896544,0,1,12.877852439880371,11.403055555555556
2023,202.3,239.40181185219546,1020.8553903192918,239.57745629181963,1021.4991807562392,0.17675971492271192,10.820331173971045,0,1,12.829963684082031,11.485
2024,202.399,239.53622418832796,1021.9908491252058,239.75471236371803,1022.6207907094499,0.1764165352437374,10.821832984441446,0,1,12.704070091247559,11.506944444444443
2025,202.499,239.663915907636,1023.1485718303294,239.92200917148608,1023.7450950721495,0.17591808055537134,10.809410389940895,0,1,12.49257755279541,11.506944444444443
2026,202.599,239.7983282437387,1024.2951625846617,240.05173932290572,1024.8930142163956,0.16858163286160055,10.4411083579778,0,1,13.041354179382324,11.555
2027,202.7,239.93274057985624,1025.4417533397852,240.2089543397026,1026.0361635190075,0.16813476530771365,10.274950712083053,0,1,12.248265266418457,11.561944444444446
2028,202.799,240.05371168235467,1026.6106079941183,240.35157011827522,1027.1389479554343,0.16758939091322228,10.36468876388635,0,1,12.451464653015137,11.651111111111112
2029,202.899,240.1814034016627,1027.7794626468694,240.49508804005131,1028.2781120204836,0.16697063747672,10.471348500187291,0,1,12.618141174316406,11.721944444444444
2030,203.0,240.30909512097068,1028.9483173004116,240.63834556820356,1029.442558188297,0.16628527796679518,10.567767471359835,0,1,12.69311237335205,11.798055555555555
2031,203.1,240.43006622348398,1030.1171719531628,240.77429776363766,1030.5927180835954,0.16552753149558164,10.566242254166681,0,1,12.502066612243652,11.713888888888889
2032,203.2,240.56447855958666,1031.2971585559146,240.90863131563412,1031.745497881808,0.1647349698305909,10.659498180063425,0,1,12.633892059326172,11.82
2033,203.3,240.6988908957192,1032.4660132094568,241.0444116077883,1032.915547914207,0.16391481935711943,10.783446428357468,0,1,12.85275650024414,11.793055555555554
2034,203.4,240.8265826150123,1033.634867862208,241.18113989579427,1034.1061433118666,0.16305074664515276,10.932521829890447,0,1,13.13192367553711,11.698055555555555
2035,203.499,240.96771556795443,1034.8037225157502,241.31801574381052,1035.2952276053672,0.16218468861396432,10.986586385185639,0,1,13.15816879272461,11.721111111111112
2036,203.599,241.10212790404222,1035.9725771692924,241.45697668898487,1036.5032215328292,0.16129641053705918,11.134862799191561,0,1,13.403823852539062,11.745
2037,203.699,241.24998147377906,1037.1414318228344,241.53532785667005,1037.6971155243075,0.14899806240290925,10.373671814279053,0,1,12.733573913574219,11.773888888888889
2038,203.8,241.39783504350098,1038.3102864755858,241.66856831003093,1038.8533089979778,0.14851658496743866,10.358641986146568,0,1,12.53601360321045,11.751111111111111
2039,203.9,241.54568861322292,1039.4680091799185,241.80355400990638,1040.0093425258865,0.14805364677048252,10.530989071252822,0,1,12.974627494812012,11.746944444444445
2040,204.0,241.70698341656401,1040.6368638326699,241.94743499084316,1041.1998476756944,0.14763088403816135,10.692047050095946,0,1,13.317599296569824,11.741944444444444
2041,204.1,241.86155760309555,1041.7834545885842,242.09559105331573,1042.4022255534715,0.14723420889395802,10.793424250869785,0,1,13.434131622314453,11.61111111111111
2042,204.199,242.03629364002606,1042.9634411913357,242.24567655727216,1043.584956874339,0.14689752753572372,10.769663264999075,0,1,13.193053245544434,11.92111111111111
2043,204.3,242.19086782657251,1044.0988999972496,242.39607103750387,1044.7591062007068,0.14657962901618066,10.753893886543867,0,1,12.89084529876709,11.483055555555556
2044,204.4,242.35888324670833,1045.2343588031636,242.5453182376269,1045.8998244087527,0.14631367342499724,10.775944911778375,0,1,12.798273086547852,11.538888888888888
2045,204.499,242.52689866684415,1046.3920815074964,242.69529028289352,1047.0276954429946,0.1460837125232719,10.80112522639294,0,1,12.76399040222168,11.643055555555556
2046,204.6,242.71507593742373,1047.494144466573,242.8541445270927,1048.1666827487713,0.14596072656398745,10.837466422362196,0,1,12.665763854980469,11.321944444444444
2047,204.699,242.88981197435425,1048.629603272487,243.0361634241372,1049.4048544983075,0.14596072656398745,12.670650630807895,1,0,12.616643905639648,11.466111111111111
2048,204.8,243.07798924491897,1049.7650620776099,243.22417270220947,1050.6837754265198,0.14596072656398745,14.735017052760924,1,0,12.980709075927734,11.441944444444445
2049,204.9,243.27960774908783,1050.878256986687,243.413086937095,1051.9688522647991,0.14596072656398745,16.709342932669696,1,0,12.997058868408203,11.388055555555555
2050,205.0,243.48122625325684,1051.9803199449725,243.60388468539247,1053.2667415809829,0.14596072656398745,18.82362211047667,1,0,13.239712715148926,11.15611111111111
2051,205.1,243.6694035238215,1053.104646802468,243.79593526815185,1054.5731532223906,0.14596072656398745,20.87276731055208,1,0,13.169337272644043,11.323055555555557
2052,205.2,243.87774264480004,1054.1955778123354,243.98601448852236,1055.8661547989227,0.14596072656398745,22.915129252245276,1,0,12.968628883361816,11.173055555555555
2053,205.3,244.08608176577863,1055.297640770621,244.17718926545965,1057.1666088279915,0.14596072656398745,25.242010362561377,1,0,13.319988250732422,11.241944444444444
2054,205.4,244.30114150355192,1056.3997037296976,244.376128305166,1058.5198787513038,0.14596072656398745,27.829029311319214,1,0,14.036299705505371,11.173055555555555
2055,205.5,244.5229218581497,1057.490634739565,244.58245153442124,1059.9233791454142,0.14596072656398745,30.33231116398986,1,0,14.335394859313965,11.133055555555556
2056,205.6,244.73798159592295,1058.581565750223,244.79235608496205,1061.3512412454454,0.14596072656398745,32.87488315610691,1,0,14.528770446777344,11.16611111111111
2057,205.7,244.95976195050585,1059.6724967592995,245.00619202806078,1062.8058463885375,0.14596072656398745,35.59567179357855,1,0,14.876004219055176,11.056111111111111
2058,205.8,245.18154230510362,1060.7745597175851,245.2244029500766,1064.2902120421475,0.14596072656398745,38.37614116615868,1,0,15.130377769470215,11.206944444444444
2059,205.9,245.4100432764961,1061.854358778243,245.445337294405,1065.7931035995193,0.14596072656398745,41.18491511052339,1,0,15.250504493713379,11.058888888888887
2060,206.0,245.63182363107896,1062.9341578396918,245.6675367694166,1067.304601126364,0.14596072656398745,44.05259366430326,1,0,15.304347038269043,11.061944444444444
2061,206.1,245.84016275205755,1064.0028249511402,245.8959652688246,1068.8584711879291,0.14596072656398745,47.519853081820585,1,0,16.10706329345703,11.001944444444444
2062,206.199,246.07538434028947,1065.0937559610074,246.12647905847604,1070.4265263012167,0.14596072656398745,50.45992552533415,1,0,15.911280632019043,11.098055555555556
2063,206.3,246.29716469485743,1066.1512911232464,246.3661859094876,1072.0571166185555,0.14596072656398745,54.282456966350026,1,0,16.724666595458984,10.979999999999999
2064,206.399,246.55254813345852,1067.1865623878575,246.6104576584736,1073.7187593584902,0.14596072656398745,58.0195714171034,1,0,17.20465660095215,10.89111111111111
2065,206.499,246.76760787124667,1068.2774933977248,246.8570262607454,1075.3960262940304,0.14596072656398745,61.19800781916098,1,0,16.701215744018555,11.0
2066,206.6,246.9759469922253,1069.3572924583827,247.1101138539514,1077.1176382428703,0.14596072656398745,65.75525247412891,1,0,17.756511688232422,10.901111111111112
2067,206.7,247.21116858041245,1070.4036956722032,247.36480836521866,1078.8501811476692,0.14596072656398745,69.25230299981557,1,0,17.266761779785156,10.858055555555556
2068,206.8,247.43294893501022,1071.5057586312798,247.61119839833788,1080.526233378123,0.14596072656398745,72.68143365488585,1,0,16.61455535888672,11.068888888888889
2069,206.9,247.62784682238447,1072.5410298951,247.8497207500455,1082.1487662157203,0.14596072656398745,76.33811992394077,1,0,16.18486976623535,10.819999999999999
2070,207.0,247.84962717695245,1073.6208289557578,248.08059005286205,1083.7192396842709,0.14596072656398745,79.89261806620817,1,0,15.562177658081055,10.916111111111112
2071,207.1,248.06468691474063,1074.711759965625,248.31427271448229,1085.3088508437347,0.14596072656398745,84.88016140713945,1,0,16.57173728942871,11.021944444444445
2072,207.2,248.2797466525288,1075.769295127864,248.54900479929952,1086.9056006364776,0.14596072656398745,88.50825960683375,1,0,15.7064847946167,10.868888888888888
2073,207.3,248.50152700712664,1076.8490941885218,248.7697214110449,1088.407011082066,0.14596072656398745,91.96298507621154,1,0,14.64445686340332,10.969999999999999
2074,207.399,248.7098661281201,1077.9177613007614,248.97167670039767,1089.780798848099,0.14596072656398745,95.18913521795619,1,0,13.407114028930664,10.77888888888889
2075,207.5,248.91148463225917,1079.0086923098377,249.16550111233255,1091.099276847502,0.14596072656398745,99.04562404449385,1,0,12.981966018676758,11.0
2076,207.6,249.11982375322285,1080.077359421286,249.35302305848703,1092.37488273193,0.14596072656398745,103.06319245165274,1,0,12.804347038269043,10.78611111111111
2077,207.7,249.32144225740674,1081.1460265327344,249.53924195193997,1093.6416246848135,0.14596072656398745,107.27647598397608,1,0,12.80278205871582,10.831944444444444
2078,207.8,249.50961952795646,1082.2258255933923,249.72493913329572,1094.9048177249708,0.14596072656398745,111.52383441181557,1,0,12.732605934143066,10.9
2079,207.9,249.70451741533074,1083.2944927056317,249.90497813175568,1096.129521342716,0.14596072656398745,115.32495214856884,1,0,12.024720191955566,10.815
2080,208.0,249.9061359194997,1084.3408959194521,250.07654078931418,1097.2965652008756,0.14596072656398745,119.2643071999206,1,0,11.5670166015625,10.78611111111111
2081,208.1,250.0943131900644,1085.4318269293194,250.24119584166445,1098.4166205223246,0.14596072656398745,123.15539131875937,1,0,11.074849128723145,10.893055555555556
2082,208.2,250.28921107742374,1086.4893620907676,250.40262483851347,1099.5147308103242,0.14596072656398745,127.42914908463389,1,0,11.123398780822754,10.781944444444443
2083,208.3,250.48410896478308,1087.535765304588,250.56526204834205,1100.6210598888065,0.14596072656398745,131.8463187217785,1,0,11.240991592407227,10.741944444444444
2084,208.4,250.65884500174346,1088.6266963136643,250.72631957863229,1101.7166432996164,0.14596072656398745,136.00222462052628,1,0,10.90617561340332,10.886944444444445
2085,208.5,250.84030165548353,1089.6842314766943,250.88821680976528,1102.8179387209839,0.14596072656398745,140.79517391830635,1,0,11.356459617614746,10.718055555555555
2086,208.6,251.0150376924439,1090.7528985889337,251.05598262580406,1103.9591548107987,0.14596072656398745,145.72509051098675,1,0,11.713170051574707,10.83111111111111
2087,208.7,251.18977372938937,1091.821565700382,251.22888408734505,1105.1353057962742,0.14596072656398745,150.84717860406838,1,0,12.062666893005371,10.805000000000001
2088,208.8,251.36450976633478,1092.8568369642023,251.40415055680495,1106.3275445948293,0.14596072656398745,155.82017098620972,1,0,12.038384437561035,10.62111111111111
2089,208.9,251.5325251864706,1093.9255040764415,251.58065044892544,1107.5281736710886,0.14596072656398745,161.09137092816368,1,0,12.23227596282959,10.715
2090,209.0,251.7139818402406,1094.9719072894711,251.7618724229427,1108.7609244033874,0.14596072656398745,166.7891979592231,1,0,12.687722206115723,10.661111111111111
2091,209.099,251.8954384939807,1096.0628382993384,251.94772704253685,1110.0251884069569,0.14596072656398745,172.68324164650505,1,0,13.127467155456543,10.948888888888888
2092,209.2,252.07689514773577,1097.1203734615774,252.14218299062034,1111.3479623900776,0.14596072656398745,178.73029418224615,1,0,13.347596168518066,10.819999999999999
2093,209.3,252.27851365190472,1098.1111169301419,252.3377397025435,1112.6782242478714,0.14596072656398745,184.89293821368227,1,0,13.543584823608398,10.488055555555555
2094,209.4,252.45997030565977,1099.1909159907998,252.53595860534185,1114.026595486543,0.14596072656398745,191.2287147883664,1,0,13.713676452636719,10.785
2095,209.5,252.62798572579558,1100.2818470006669,252.73685302165575,1115.39316673249,0.14596072656398745,197.79656648716258,1,0,13.911497116088867,10.898055555555555
2096,209.6,252.79600114596127,1101.3839099589527,252.93951759450727,1116.771779353551,0.14596072656398745,204.3969120586754,1,0,13.95709228515625,11.026111111111112
2097,209.7,252.9774577997014,1102.452577071192,253.14605637867297,1118.1767460459685,0.14596072656398745,211.7113131459285,1,0,14.444243431091309,10.901944444444444
2098,209.8,253.1454732198372,1103.5991678263154,253.36124585625294,1119.6405585196394,0.14596072656398745,219.6782506008745,1,0,15.14665699005127,11.31
2099,209.9,253.30004740636875,1104.7346266322295,253.58736148704958,1121.178695442385,0.14596072656398745,228.28047712692387,1,0,15.946708679199219,11.363888888888887
2100,209.999,253.47478344331418,1105.8255576420966,253.821946164238,1122.7744425042872,0.14596072656398745,237.21504766593432,1,0,16.637081146240234,11.193055555555556
2101,210.1,253.6293576298457,1106.97214839722,254.0678525554154,1124.4472047917793,0.14596072656398745,246.1162534334957,1,0,16.84292984008789,11.348055555555556
2102,210.2,253.79065243318684,1108.141003050762,254.31441011674846,1126.1243966220495,0.14596072656398745,255.27050741593465,1,0,17.061424255371094,11.72
2103,210.3,253.95194723652796,1109.276461856676,254.5544955657805,1127.7575623278838,0.14596072656398745,262.68542428085783,1,0,15.952943801879883,11.553055555555556
2104,210.4,254.11996265666377,1110.4230526117994,254.78331942372844,1129.3141217902917,0.14596072656398745,270.86622066086636,1,0,15.512832641601562,11.533055555555555
2105,210.5,254.29469869360926,1111.625303112179,254.9995314087495,1130.7848898045565,0.14596072656398745,277.81181825553426,1,0,14.218673706054688,11.966111111111111
2106,210.6,254.4694347305547,1112.7718938673024,255.20412864522214,1132.176649244634,0.14596072656398745,285.7782745539752,1,0,13.915678024291992,11.713888888888889
2107,210.7,254.6240089170862,1113.951880470054,255.40568611429399,1133.547730863991,0.14596072656398745,294.02672197684933,1,0,13.80067253112793,11.841944444444444
2108,210.801,254.78530372042732,1115.1541309696422,255.6083664618174,1134.9264507912353,0.14596072656398745,302.6207106209953,1,0,13.794137954711914,12.058055555555555
2109,210.9,254.96676037418243,1116.311853674766,255.80212331860344,1136.244469251117,0.14596072656398745,310.248651693739,1,0,13.118671417236328,11.873055555555556
2110,211.0,255.13477579431824,1117.4361805314707,255.99142322346646,1137.532169584421,0.14596072656398745,318.4347470100512,1,0,12.912130355834961,11.50388888888889
2111,211.1,255.29607059765934,1118.6161671342222,256.1800150310381,1138.8150531317958,0.14596072656398745,327.10132813733145,1,0,13.021300315856934,11.736944444444445
2112,211.199,255.4640860178101,1119.7516259401361,256.3683334619841,1140.0960770523934,0.14596072656398745,335.89933213097447,1,0,13.136112213134766,11.61888888888889
2113,211.3,255.6052189707224,1120.9316125428877,256.56155988987945,1141.410487304126,0.14596072656398745,344.98226656318496,1,0,13.171552658081055,11.748055555555554
2114,211.4,255.75979315723902,1122.100467195639,256.75319986345545,1142.7141058031777,0.14596072656398745,354.1123863892822,1,0,13.181034088134766,11.645
2115,211.5,255.88748487656193,1123.2470579507624,256.9418891808254,1143.9976526546354,0.14596072656398745,362.7742499230407,1,0,12.7658052444458,11.693888888888889
2116,211.6,256.02189721267956,1124.4493084519327,257.12364422690075,1145.2340295750585,0.14596072656398745,371.1728543099185,1,0,12.227496147155762,11.753888888888886
2117,211.7,256.16303016559186,1125.5402394618,257.29958890266823,1146.430881828063,0.14596072656398745,379.8007602804371,1,0,11.966815948486328,11.205
2118,211.8,256.3108837353137,1126.6089065740393,257.4721335657318,1147.604605715022,0.14596072656398745,388.4836629107058,1,0,11.759957313537598,10.958888888888888
2119,211.9,256.4116929873982,1127.6664417354875,257.6425800759276,1148.7640570530903,0.14596072656398745,397.35026479730084,1,0,11.67829704284668,10.541944444444445
2120,212.0,256.579708407549,1128.7351088469359,257.81070371686275,1149.9077072235705,0.14596072656398745,406.07083484906195,1,0,11.440537452697754,10.87
2121,212.1,256.6939588932377,1129.7369842647097,257.9748444362356,1151.0242638282775,0.14596072656398745,414.66449375736204,1,0,11.13060188293457,10.231944444444444
2122,212.2,256.82837122935535,1130.7722555293208,258.1345659297133,1152.1107589352657,0.14596072656398745,423.1986008855216,1,0,10.832845687866211,10.52611111111111
2123,212.3,256.962783565473,1131.729603148675,258.29274042261216,1153.1867306710858,0.14596072656398745,432.1961796012372,1,0,10.917872428894043,9.878055555555555
2124,212.4,257.09719590159057,1132.6980827196116,258.453198642147,1154.2782373093269,0.14596072656398745,441.58404674559006,1,0,11.146883010864258,9.818055555555555
2125,212.5,257.2383288545029,1133.6331664421289,258.614439304993,1155.3750664674776,0.14596072656398745,450.741084926932,1,0,11.025466918945312,9.601111111111111
2126,212.6,257.37274119062056,1134.5459862662276,258.7726162391044,1156.4510548094877,0.14596072656398745,459.67474465549645,1,0,10.725586891174316,9.386944444444444
2127,212.7,257.5004329099285,1135.4476741411167,258.9258242167607,1157.4932421472763,0.14596072656398745,468.39840153170985,1,0,10.342181205749512,9.231944444444444
2128,212.8,257.61468339561736,1136.2937022723315,259.0738218700024,1158.4999865909435,0.14596072656398745,477.03787624702875,1,0,10.009110450744629,8.758888888888889
2129,212.9,257.7423751149253,1137.173126249593,259.2179082914958,1159.4801251341505,0.14596072656398745,485.72607091259306,1,0,9.804344177246094,8.718055555555555
2130,213.0,257.8633462174386,1138.019154379226,259.3593921445703,1160.442559874374,0.14596072656398745,494.43862256667813,1,0,9.651228904724121,8.626111111111111
2131,213.101,257.984317319937,1138.8651825096497,259.5012443465948,1161.4075002844552,0.14596072656398745,503.4593506200712,1,0,9.661865234375,8.575
2132,213.2,258.1052884224503,1139.7112106392829,259.6425318473925,1162.3685993510426,0.14596072656398745,512.82732541895,1,0,9.962955474853516,8.559999999999999
2133,213.3,258.21953890812415,1140.534974872079,259.7872511463144,1163.3530430019368,0.14596072656398745,522.1557035493458,1,0,9.93752670288086,8.37888888888889
2134,213.4,258.32706877701827,1141.3364752048742,259.9304123482366,1164.3268877989785,0.14596072656398745,531.3279638346455,1,0,9.748700141906738,8.139999999999999
2135,213.5,258.441319262722,1142.1602394368795,260.0711314429207,1165.2841203198193,0.14596072656398745,540.518657250332,1,0,9.601710319519043,8.24388888888889
2136,213.599,258.54212851479156,1142.9394758720468,260.2087650778477,1166.220364200647,0.14596072656398745,549.688968230223,1,0,9.515588760375977,7.966111111111111
2137,213.699,258.64293776689095,1143.7187123080053,260.34478619067414,1167.145639004402,0.14596072656398745,558.6325569530619,1,0,9.188797950744629,7.875
2138,213.8,258.74374701897545,1144.4645528963356,260.4784523295203,1168.0548942502942,0.14596072656398745,567.7156908555921,1,0,9.00976848602295,7.708888888888889
2139,213.9,258.83783565426523,1145.1992615354563,260.60710806123114,1168.9300665263997,0.14596072656398745,576.434900364031,1,0,8.681797981262207,7.491944444444444
2140,214.0,258.9117624391262,1145.9228382253677,260.73144522545454,1169.7758620270808,0.14596072656398745,585.0608733746988,1,0,8.415918350219727,7.29611111111111
2141,214.1,258.99913045759143,1146.6130190684419,260.8475815729064,1170.565872003212,0.14596072656398745,592.7373812842754,1,0,7.554096221923828,7.043888888888889
2142,214.2,259.079777859262,1147.303199911516,260.9547081779737,1171.2945937907411,0.14596072656398745,600.4237641781729,1,0,7.176980495452881,6.955
2143,214.3,259.1537046441229,1147.9711168553804,261.05526733514665,1171.9786409396397,0.14596072656398745,607.6687995575738,1,0,6.651000499725342,6.763888888888889
2144,214.4,259.2276314289839,1148.6167699031987,261.1515049808129,1172.6332912866142,0.14596072656398745,615.0853242460272,1,0,6.582725524902344,6.581944444444444
2145,214.5,259.29483759705016,1149.284686847854,261.24655894005735,1173.2798896834256,0.14596072656398745,622.4607894860733,1,0,6.4882307052612305,6.711944444444445
2146,214.6,259.36204376510153,1149.9080759964625,261.3428522932239,1173.9349189770605,0.14596072656398745,630.2555286285146,1,0,6.753155708312988,6.373888888888889
2147,214.7,259.4292499331529,1150.5203331950704,261.44071917088286,1174.6006520690662,0.14596072656398745,637.9485530575326,1,0,6.7046074867248535,6.244999999999999
2148,214.8,259.50317671801383,1151.1325903944696,261.53981828180486,1175.2747673479764,0.14596072656398745,646.001184561368,1,0,6.922601222991943,6.158055555555555
2149,214.9,259.56366226925553,1151.7225836962411,261.63933895962583,1175.9517503083928,0.14596072656398745,653.8170092302661,1,0,6.762577533721924,6.021111111111111
2150,215.0,259.62414782051223,1152.3014450480118,261.73603649645463,1176.6095290351923,0.14596072656398745,661.454053157711,1,0,6.534388542175293,5.9061111111111115
2151,215.1,259.6913539885785,1152.8691744513644,261.82946700078054,1177.2450839851447,0.14596072656398745,668.9440760575807,1,0,6.313324928283691,5.741944444444444
2152,215.2,259.7518395398202,1153.436903853926,261.9184738683839,1177.8505474330113,0.14596072656398745,676.0716817779024,1,0,5.926090240478516,5.744999999999999
2153,215.3,259.79888385747256,1153.9823693596504,262.00351464977604,1178.4290318364892,0.14596072656398745,683.168120827651,1,0,5.767944812774658,5.5569444444444445
2154,215.4,259.85936940872926,1154.550098762212,262.08694302759125,1178.9965479691432,0.14596072656398745,690.2728674715274,1,0,5.704367160797119,5.6850000000000005
2155,215.5,259.9064137263666,1155.084432317936,262.17063257700954,1179.5658407046992,0.14596072656398745,697.5607992574264,1,0,5.803858757019043,5.4719444444444445
2156,215.6,259.9601786608137,1155.6298978228697,262.2527899083621,1180.1247106261744,0.14596072656398745,704.4815037564783,1,0,5.493670463562012,5.425
2157,215.699,260.0005023616415,1156.1530994301754,262.3336182000971,1180.6745398417931,0.14596072656398745,711.746354553456,1,0,5.733371734619141,5.29111111111111
2158,215.799,260.0677085296929,1156.6874329851087,262.4175930697043,1181.2457734494417,0.14596072656398745,719.1726420851484,1,0,5.814088821411133,5.365
2159,215.899,260.1281940809495,1157.177238744786,262.5028136651288,1181.8254810262201,0.14596072656398745,726.7378571280142,1,0,5.904672622680664,5.161944444444444
2160,216.0,260.15507654815815,1157.7115723005106,262.58950360116637,1182.4151836972828,0.14596072656398745,734.3934349158566,1,0,5.898111343383789,5.13611111111111
2161,216.1,260.22900333303403,1158.1791141625602,262.67529925126377,1182.9988030462011,0.14596072656398745,742.0213258715032,1,0,5.899726390838623,4.941111111111111
2162,216.2,260.26260641706716,1158.6911838198655,262.76169311287737,1183.586491690185,0.14596072656398745,749.8063248768267,1,0,5.980371952056885,5.035
2163,216.3,260.32309196830886,1159.1587256811242,262.8448126114151,1184.151906691574,0.14596072656398745,756.9172771005974,1,0,5.449465751647949,4.793055555555555
2164,216.4,260.3634156691367,1159.6707953384296,262.9240804555816,1184.691121063749,0.14596072656398745,764.2176081562808,1,0,5.450727462768555,5.015
2165,216.5,260.4171806035987,1160.1160733020604,263.0037181434554,1185.232851273771,0.14596072656398745,771.6238973016043,1,0,5.500323295593262,4.653055555555555
2166,216.6,260.47094553804567,1160.5724832141098,263.0854717211321,1185.7889746870355,0.14596072656398745,779.382134164751,1,0,5.741685390472412,4.621944444444444
2167,216.7,260.51798985568314,1161.0400250753685,263.17014897337395,1186.3649862070308,0.14596072656398745,787.342823437512,1,0,5.902360439300537,4.698888888888889
2168,216.8,260.5515929397014,1161.5186988858366,263.25654902470984,1186.9527169561993,0.14596072656398745,795.412105438851,1,0,5.978589057922363,4.733055555555556
2169,216.9,260.612078490958,1161.9751087978857,263.34544197021495,1187.5574054563765,0.14596072656398745,803.8906006716179,1,0,6.2451605796813965,4.598055555555556
2170,217.0,260.63896095819644,1162.4426506591444,263.4379172564893,1188.186462597446,0.14596072656398745,812.6687037633582,1,0,6.471199989318848,4.593055555555556
2171,217.1,260.6927258926286,1162.9101925204031,263.53407360700226,1188.8405599394093,0.14596072656398745,821.8499823762254,1,0,6.751347064971924,4.651111111111111
2172,217.2,260.73977021026604,1163.333206586406,263.63352269903817,1189.5170559421626,0.14596072656398745,831.252566430646,1,0,6.923987865447998,4.411111111111111
2173,217.3,260.78681452790346,1163.7896164976642,263.73540537487384,1190.2101062409806,0.14596072656398745,840.9085935770994,1,0,7.085991382598877,4.555
2174,217.4,260.83385884554093,1164.2460264105046,263.83683654428,1190.9000851965761,0.14596072656398745,850.1996266879603,1,0,6.861900806427002,4.528888888888889
2175,217.5,260.8741825463836,1164.6690404749256,263.9380375531117,1191.588498499782,0.14596072656398745,859.9810444778266,1,0,7.054341793060303,4.361944444444444
2176,217.6,260.90778563041675,1165.1143184385562,264.0414586575411,1192.292013859395,0.14596072656398745,869.9335670968934,1,0,7.1671881675720215,4.391111111111111
2177,217.7,260.97499179846807,1165.5373325037683,264.1446688779597,1192.9940946941929,0.14596072656398745,879.6706663938696,1,0,7.02534294128418,4.326944444444444
2178,217.8,261.0153154992959,1165.9937424158177,264.24575834695605,1193.681749254898,0.14596072656398745,889.3053866870175,1,0,6.875561714172363,4.516111111111111
2179,217.9,261.04891858332905,1166.427888429448,264.34216699540303,1194.3375628372048,0.14596072656398745,898.2829490439021,1,0,6.381679058074951,4.303888888888889
2180,218.0,261.0959629009665,1166.8397705454506,264.4337501086345,1194.9605510289764,0.14596072656398745,907.2677952473782,1,0,6.211997985839844,4.196111111111111
2181,218.102,261.14300721861883,1167.2627846106625,264.5231248913179,1195.568517195328,0.14596072656398745,915.977735829682,1,0,5.837028980255127,4.296111111111111
2182,218.202,261.1766103026221,1167.6969306250842,264.60528177187837,1196.1273840503193,0.14596072656398745,924.1183074749792,1,0,5.460438251495361,4.235
2183,218.3,261.2102133866702,1168.119944689505,264.6793752178879,1196.6313999144118,0.14596072656398745,931.4969511073103,1,0,4.936150550842285,4.183055555555555
2184,218.399,261.25053708749806,1168.5318268055075,264.7501185308536,1197.112626715613,0.14596072656398745,939.0484281978354,1,0,4.89008903503418,4.223888888888888
2185,218.5,261.2908607883408,1168.9548408707196,264.8193950728946,1197.5838759026683,0.14596072656398745,946.3183269950382,1,0,4.541871547698975,4.138888888888889
2186,218.6,261.324463872359,1169.3667229859311,264.8854848249865,1198.0334471576473,0.14596072656398745,953.5947400448947,1,0,4.54619026184082,4.13
2187,218.7,261.36478757320174,1169.7897370519343,264.95029056514153,1198.4742840046495,0.14596072656398745,960.6610577528573,1,0,4.3653059005737305,4.128888888888889
2188,218.8,261.398390657205,1170.1793552695178,265.01417246584265,1198.9088364936454,0.14596072656398745,967.8485736002301,1,0,4.41915225982666,3.9680555555555554
2189,218.9,261.4454349748574,1170.580105436311,265.0761803197658,1199.3306409009012,0.14596072656398745,974.6464483900686,1,0,4.107604026794434,4.02
2190,219.0,261.4723174420809,1170.9808556031044,265.1323223490179,1199.712543416027,0.14596072656398745,980.8595483698834,1,0,3.612537384033203,3.943888888888889
2191,219.1,261.52608237652794,1171.370473820688,265.1836685606566,1200.06182269268,0.14596072656398745,986.8920561654403,1,0,3.448126792907715,3.946944444444444
2192,219.2,261.5462442269568,1171.7823559366905,265.2313232358095,1200.3859905316565,0.14596072656398745,992.5256626894343,1,0,3.1049108505249023,3.978888888888889
2193,219.3,261.6000091613889,1172.1385783082278,265.27613319783455,1200.6908073939617,0.14596072656398745,998.0866292388921,1,0,3.056947708129883,3.7861111111111114
2194,219.4,261.6268916286125,1172.5838562710678,265.3189399854192,1200.9819977919722,0.14596072656398745,1003.3958035322835,1,0,2.8294525146484375,4.111944444444444
2195,219.499,261.6739359462648,1172.9512105902327,265.359540406869,1201.2581795273566,0.14596072656398745,1008.6073493585019,1,0,2.8099422454833984,3.895
2196,219.599,261.7142596470926,1173.3074329609792,265.39971934006564,1201.531494116218,0.14596072656398745,1013.7786034266622,1,0,2.715099334716797,3.6711111111111108
2197,219.699,261.7209802639022,1173.7081831277724,265.440258636465,1201.8072600524088,0.14596072656398745,1019.1077070336278,1,0,2.8594961166381836,3.795
2198,219.8,261.76802458152474,1174.0532735493093,265.4831924755718,1202.0993147101638,0.14596072656398745,1024.6804022869983,1,0,2.9859209060668945,3.5888888888888886
2199,219.899,261.8083482823675,1174.4428917668931,265.52466324042246,1202.3814169001212,0.14596072656398745,1029.9269529430676,1,0,2.774364471435547,3.888888888888889
2200,220.0,261.8621132168145,1174.754586340802,265.5650161378265,1202.655914869228,0.14596072656398745,1035.204883768827,1,0,2.719658851623535,3.5238888888888886
2201,220.1,261.909157534452,1175.121940660758,265.60467432986275,1202.9256871500977,0.14596072656398745,1040.4437183867378,1,0,2.7337751388549805,3.5861111111111112
2202,220.2,261.909157534452,1175.5338227767602,265.6432968929402,1203.1884146320997,0.14596072656398745,1045.5218285398264,1,0,2.5772485733032227,3.783888888888889
2203,220.3,261.93604000167545,1175.9011770959253,265.68124894785194,1203.4465810257636,0.14596072656398745,1050.6538514606964,1,0,2.641572952270508,3.7480555555555557
2204,220.4,261.9562018520894,1176.268531416672,265.7203576728683,1203.7126155928443,0.14596072656398745,1055.9211032572819,1,0,2.7363033294677734,3.693888888888889
2205,220.5,261.96964308572353,1176.658149633465,265.7604092815709,1203.9850640650873,0.14596072656398745,1061.2609057602708,1,0,2.7712297439575195,3.7761111111111108
2206,220.6,261.98980493612254,1177.0366359026302,265.80098422522224,1204.2610724893993,0.14596072656398745,1066.6647191598984,1,0,2.808267593383789,3.761944444444444
2207,220.7,261.9965255529321,1177.4039902225861,265.8420825939808,1204.540641479077,0.14596072656398745,1072.1310517970155,1,0,2.8432064056396484,3.711111111111111
2208,220.8,262.01668740334605,1177.771344541751,265.8834307917198,1204.8219099142013,0.14596072656398745,1077.6172307166769,1,0,2.8426218032836914,3.6730555555555555
2209,220.9,262.04356987056957,1178.1275669124973,265.92486053428155,1205.1037330526972,0.14596072656398745,1083.1324196003693,1,0,2.854419708251953,3.5980555555555553
2210,221.003,262.0704523377931,1178.517185130081,265.968027301202,1205.3973721868076,0.14596072656398745,1088.9040034188595,1,0,2.9085912704467773,3.721944444444444
2211,221.101,262.1040554218262,1178.8734075008276,266.00921889307284,1205.6775753206641,0.14596072656398745,1094.3591722678816,1,0,2.8712997436523438,3.673888888888889
2212,221.2,262.11077603862094,1179.2407618199925,266.0500451617795,1205.9552933673754,0.14596072656398745,1099.804009821149,1,0,2.7994651794433594,3.578888888888889
2213,221.3,262.13765850584446,1179.630380037576,266.09218114298216,1206.2419206484508,0.14596072656398745,1105.5496012984863,1,0,2.994691848754883,3.753055555555555
2214,221.4,262.13765850584446,1179.9643385099039,266.1370768317936,1206.547320661664,0.14596072656398745,1111.576428726398,1,0,3.178955078125,3.5019444444444443
2215,221.5,262.1645409730679,1180.3428247790694,266.18371802228256,1206.864594336903,0.14596072656398745,1117.7170302983193,1,0,3.23471736907959,3.6180555555555554
2216,221.6,262.1847028234968,1180.6990471498157,266.2329419810145,1207.1994371257122,0.14596072656398745,1124.2878843710491,1,0,3.534113883972168,3.573888888888889
2217,221.7,262.21158529072034,1181.0664014689805,266.2868381432314,1207.566062275898,0.14596072656398745,1131.3882532298803,1,0,3.8771963119506836,3.6761111111111116
2218,221.8,262.23174714113424,1181.4114918905175,266.34546224070715,1207.9648488992393,0.14596072656398745,1138.9750202507612,1,0,4.184256553649902,3.5
2219,221.9,262.2451883747386,1181.767714261264,266.40957813371546,1208.4009931057387,0.14596072656398745,1147.2809339436399,1,0,4.632378101348877,3.593888888888889
2220,222.0,262.2653502251524,1182.1239366320106,266.4781555785293,1208.8674867292186,0.14596072656398745,1155.8385873543682,1,0,4.797768592834473,3.5280555555555555
2221,222.1,262.27879145877165,1182.4912909519664,266.5520554597524,1209.370185881397,0.14596072656398745,1165.3848794344322,1,0,5.36427116394043,3.63
2222,222.2,262.2855120755813,1182.8141174742937,266.6345849823988,1209.9315876100245,0.14596072656398745,1175.983400600261,1,0,5.984438419342041,3.401944444444444
2223,222.3,262.29895330918555,1183.1703398450402,266.7258286699867,1210.552266880856,0.14596072656398745,1187.5593226346125,1,0,6.562563896179199,3.4930555555555554
2224,222.399,262.3123945428048,1183.5488261142054,266.8248433749084,1211.2258079934202,0.14596072656398745,1200.1369348693174,1,0,7.1905694007873535,3.6888888888888887
2225,222.499,262.33927701002835,1183.9161804333703,266.9339009340545,1211.967664970915,0.14596072656398745,1213.9345376463195,1,0,7.806034564971924,3.6630555555555553
2226,222.6,262.3594388604273,1184.305798650954,267.0532346240824,1212.7794246626827,0.14596072656398745,1229.055380596683,1,0,8.441177368164062,3.83
2227,222.699,262.38632132766577,1184.7176807669566,267.17762626597596,1213.6255907441841,0.14596072656398745,1244.4681506457505,1,0,8.836810111999512,3.9880555555555555
2228,222.799,262.39976256128494,1185.1406948321685,267.3058665962367,1214.4979372788496,0.14596072656398745,1259.7057521240858,1,0,8.79763412475586,4.211111111111111
2229,222.899,262.42664502849357,1185.5859727950085,267.43381353019464,1215.3682880041817,0.14596072656398745,1275.135203210862,1,0,8.796464920043945,4.378888888888889
2230,222.999,262.4400862621128,1186.053514657058,267.5620103000682,1216.2403382221369,0.14596072656398745,1290.815933926521,1,0,8.831989288330078,4.596111111111111
2231,223.101,262.47368934614593,1186.5433204167357,267.69311256482456,1217.1321528807118,0.14596072656398745,1306.9693371027604,1,0,8.842512130737305,4.843055555555555
2232,223.2,262.4938511965449,1187.055390074041,267.8212866161635,1218.0040485573074,0.14596072656398745,1323.1028187760917,1,0,8.960851669311523,4.991944444444444
2233,223.3,262.5341748973877,1187.5785916805557,267.95361435465946,1218.9041994215663,0.14596072656398745,1340.1934322226984,1,0,9.235655784606934,5.235
2234,223.399,262.5610573646112,1188.11292523628,268.08777592615735,1219.8168248159604,0.14596072656398745,1357.4483179093186,1,0,9.399374008178711,5.338888888888889
2235,223.5,262.5879398318198,1188.669522690423,268.227046058736,1220.7642008659939,0.14596072656398745,1375.5183919642518,1,0,9.562172889709473,5.4319444444444445
2236,223.599,262.62154291585296,1189.2372520929844,268.3654771073635,1221.705869101835,0.14596072656398745,1393.5308586800204,1,0,9.665886878967285,5.648888888888888
2237,223.699,262.64842538307647,1189.827245394756,268.50676033714893,1222.666939115138,0.14596072656398745,1412.0831533884018,1,0,9.76209831237793,5.824999999999999
2238,223.799,262.68202846712455,1190.417238695736,268.6477082122901,1223.6257279002095,0.14596072656398745,1430.3032134885625,1,0,9.619771957397461,5.891111111111111
2239,223.899,262.7156315511278,1191.0294958951351,268.7893088968057,1224.5889573787388,0.14596072656398745,1449.5766491068823,1,0,9.851866722106934,6.1161111111111115
2240,223.999,262.74251401836625,1191.6640169929533,268.9306452021591,1225.5503884351526,0.14596072656398745,1467.9800942635084,1,0,9.583416938781738,6.251111111111111
2241,224.099,262.7693964855749,1192.2874061407708,269.0697405229025,1226.4965753390072,0.14596072656398745,1486.7819180811723,1,0,9.543706893920898,6.1930555555555555
2242,224.2,262.81644080322724,1192.9441911370077,269.2167233537374,1227.4964165190277,0.14596072656398745,1508.8763706218774,1,0,10.46791934967041,6.606944444444444
2243,224.3,262.84332327045075,1193.6009761324535,269.3729737411297,1228.559299651851,0.14596072656398745,1531.6486598023607,1,0,11.018213272094727,6.5119444444444445
2244,224.4,262.88364697127855,1194.2800250263183,269.5364005098493,1229.6709996535135,0.14596072656398745,1555.3935292811968,1,0,11.454750061035156,6.723888888888888
2245,224.5,262.92397067212124,1194.9813378186016,269.7016091695715,1230.794820853228,0.14596072656398745,1578.104099082813,1,0,11.263242721557617,6.918055555555556
2246,224.6,262.9575737561395,1195.6826506100942,269.8682140503189,1231.9281397559696,0.14596072656398745,1602.7262873964062,1,0,11.646745681762695,6.943888888888889
2247,224.701,262.9978974569673,1196.395095351587,270.0404117604124,1233.0995035178375,0.14596072656398745,1627.836970866849,1,0,11.797871589660645,7.155
2248,224.799,263.03150054100047,1197.1409359399174,270.2116290127436,1234.2641977793257,0.14596072656398745,1653.8239783133154,1,0,12.226862907409668,7.263055555555555
2249,224.9,263.07854485865283,1197.875644579038,270.38870843562506,1235.4687690760243,0.14596072656398745,1678.9199931927253,1,0,11.882396697998047,7.356111111111111
2250,225.0,263.10542732587635,1198.6326171165776,270.56160379413456,1236.6448785460238,0.14596072656398745,1704.688846990518,1,0,11.892601013183594,7.491944444444444
2251,225.1,263.14575102670415,1199.400721603327,270.73546497124516,1237.8275579344574,0.14596072656398745,1731.2160371255732,1,0,12.015207290649414,7.66
2252,225.2,263.17935411073734,1200.1688260892847,270.91143142373863,1239.0245583222288,0.14596072656398745,1758.495998096395,1,0,12.182099342346191,7.591944444444444
2253,225.3,263.21295719477047,1200.9257986268244,271.0897784191402,1240.237752198837,0.14596072656398745,1786.446299167507,1,0,12.342557907104492,7.626111111111111
2254,225.4,263.23983966197903,1201.6827711643639,271.266463066668,1241.4396380617793,0.14596072656398745,1812.9693449240672,1,0,11.953508377075195,7.561111111111111
2255,225.5,263.26672212920255,1202.4508756511132,271.4406253520939,1242.6243657200112,0.14596072656398745,1840.6411893149525,1,0,11.995705604553223,7.638055555555555
2256,225.6,263.28688397961645,1203.2078481878616,271.6161587251517,1243.8184201129918,0.14596072656398745,1869.1403561709528,1,0,12.142047882080078,7.518888888888889
2257,225.7,263.3070458300453,1203.9759526746109,271.7923090453388,1245.0166712488317,0.14596072656398745,1897.492515097871,1,0,12.08054256439209,7.6211111111111105
2258,225.8,263.3272076804592,1204.7551891097783,271.96721945839437,1246.2064879967743,0.14596072656398745,1925.8582750225034,1,0,11.97154712677002,7.6819444444444445
2259,225.9,263.3406489140635,1205.512161647318,272.14253428744337,1247.3990557583,0.14596072656398745,1955.3884434847598,1,0,12.136154174804688,7.646111111111111
2260,226.0,263.34736953087315,1206.2913980832764,272.31954831835384,1248.6031822303542,0.14596072656398745,1985.2638999464884,1,0,12.205205917358398,7.703888888888889
2261,226.1,263.3608107644923,1207.0595025692344,272.4930329800342,1249.7833003969772,0.14596072656398745,2013.1676692687313,1,0,11.650827407836914,7.7188888888888885
2262,226.2,263.36753138128705,1207.8498709536113,272.6628064645638,1250.9381735215736,0.14596072656398745,2042.4693660289433,1,0,11.694878578186035,7.785
2263,226.3,263.3608107644923,1208.6179754403604,272.8292344336864,1252.0702889944544,0.14596072656398745,2070.0534992459725,1,0,11.19078254699707,7.7461111111111105
2264,226.399,263.36753138128705,1209.4083438247374,272.9895379178629,1253.1607430554493,0.14596072656398745,2097.964181681256,1,0,11.075356483459473,7.891111111111111
2265,226.499,263.37425199809667,1210.198712209905,273.1502157078255,1254.2537433072937,0.14596072656398745,2126.4036215110686,1,0,11.01959228515625,7.853888888888889
2266,226.6,263.36753138128705,1211.0002125442825,273.31164714151794,1255.3518701717624,0.14596072656398745,2155.2669230965444,1,0,10.959202766418457,7.948888888888889
2267,226.699,263.3608107644923,1211.8017128770778,273.4775497344358,1256.4804118070626,0.14596072656398745,2188.439277244393,1,0,12.084651947021484,7.961111111111111
2268,226.799,263.3540901476827,1212.5920812614547,273.65542072805874,1257.690367712424,0.14596072656398745,2221.7770020414796,1,0,12.374549865722656,7.97
2269,226.899,263.3540901476827,1213.4047135442504,273.83407967159167,1258.9056835959766,0.14596072656398745,2254.2188362764423,1,0,12.19300365447998,8.02111111111111
2270,226.999,263.3406489140635,1214.2062138786275,274.0138586670404,1260.12861856009,0.14596072656398745,2288.77685109395,1,0,12.528569221496582,8.056944444444444
2271,227.1,263.3339282972688,1215.0299781098417,274.1958014015845,1261.3662722191566,0.14596072656398745,2322.2426838516826,1,0,12.242827415466309,8.206111111111111
2272,227.2,263.3272076804592,1215.8648742910564,274.37242526846705,1262.567744625699,0.14596072656398745,2355.373445566235,1,0,12.044880867004395,8.233888888888888
2273,227.3,263.3070458300453,1216.6886385230614,274.551760476434,1263.7876607542323,0.14596072656398745,2391.6924406001044,1,0,12.615666389465332,8.24388888888889
2274,227.399,263.29360459642606,1217.5124027550667,274.727781622423,1264.985033190962,0.14596072656398745,2423.6533572862018,1,0,11.833654403686523,8.336944444444445
2275,227.5,263.27344274601217,1218.369562833909,274.9035074103313,1266.180396473492,0.14596072656398745,2459.082919289753,1,0,12.09130859375,8.448888888888888
2276,227.599,263.2532808955982,1219.2267229127515,275.0766456223337,1267.3581579386357,0.14596072656398745,2493.1786275307286,1,0,11.957572937011719,8.578888888888889
2277,227.7,263.23311904518437,1220.0838829923848,275.2542935678412,1268.566596573649,0.14596072656398745,2529.758579844751,1,0,12.229090690612793,8.53
2278,227.8,263.21967781155024,1220.9521750204367,275.43308796399657,1269.7828338648862,0.14596072656398745,2566.4915279010324,1,0,12.357089042663574,8.665000000000001
2279,227.9,263.19951596115123,1221.8204670484886,275.61110176855595,1270.9937612323865,0.14596072656398745,2602.3304334975483,1,0,12.121750831604004,8.741944444444444
2280,228.0,263.17263349392766,1222.7221549241685,275.7871082444524,1272.1910338767625,0.14596072656398745,2638.747506318026,1,0,12.081059455871582,8.875
2281,228.1,263.15247164351376,1223.6127108506394,275.9632659437593,1273.389335208587,0.14596072656398745,2675.8800818619425,1,0,12.142545700073242,8.88
2282,228.2,263.1323097930849,1224.503266776319,276.14050512104905,1274.594993224293,0.14596072656398745,2713.6886815780035,1,0,12.229774475097656,8.91
2283,228.3,263.10542732587635,1225.40495465279,276.31800059098435,1275.8023946541089,0.14596072656398745,2751.496133275266,1,0,12.177788734436035,8.976944444444444
2284,228.4,263.07854485865283,1226.306642527679,276.4941394887932,1277.0005680899612,0.14596072656398745,2789.1463151937423,1,0,12.043231010437012,9.0
2285,228.5,263.0651036250336,1227.2194623517776,276.6670811471188,1278.1769925114584,0.14596072656398745,2825.9836568415926,1,0,11.738133430480957,9.090000000000002
2286,228.6,263.0382211578101,1228.1211502266667,276.838146268907,1279.3406519147884,0.14596072656398745,2863.865902125757,1,0,11.785186767578125,9.076944444444445
2287,228.7,263.0180593073962,1229.0339700515563,277.0124305317392,1280.5262093164206,0.14596072656398745,2903.886951554002,1,0,12.180800437927246,9.055
2288,228.8,262.99117684018756,1229.9467898764458,277.18891524256895,1281.7267351229336,0.14596072656398745,2943.233173348534,1,0,12.087772369384766,9.183055555555555
2289,228.9,262.9710149897587,1230.8484777529168,277.36452363436706,1282.9212998260327,0.14596072656398745,2982.9795728862077,1,0,12.060297012329102,8.966111111111111
2290,229.0,262.9575737561395,1231.7612975762245,277.5389797876936,1284.108026501612,0.14596072656398745,3022.52729898792,1,0,11.929327011108398,9.078888888888889
2291,229.1,262.93069128891597,1232.6741174011138,277.7130427670881,1285.2920786370016,0.14596072656398745,3063.0213604060564,1,0,12.006231307983398,9.176944444444445
2292,229.2,262.9105294384722,1233.575805276003,277.88825027987684,1286.4839163866227,0.14596072656398745,3104.1660991256053,1,0,12.086712837219238,8.998055555555556
2293,229.299,262.89036758810306,1234.4886251008925,278.0622949156393,1287.6678437406447,0.14596072656398745,3145.1617582285944,1,0,12.0880708694458,9.125
2294,229.399,262.8702057376593,1235.3903129765724,278.23922568178176,1288.871403809511,0.14596072656398745,3187.715032145696,1,0,12.241839408874512,9.068055555555556
2295,229.5,262.84332327045075,1236.3142647498805,278.4207575325754,1290.106262458497,0.14596072656398745,3232.016040819299,1,0,12.473615646362305,9.128055555555555
2296,229.599,262.81644080322724,1237.2159526255607,278.60113506438796,1291.3332689274314,0.14596072656398745,3276.023630823931,1,0,12.580806732177734,9.056944444444444
2297,229.7,262.7962789528133,1238.1287724496592,278.78804248139267,1292.6046945171488,0.14596072656398745,3322.648110204004,1,0,12.866528511047363,9.096111111111112
2298,229.8,262.7693964855749,1239.0638561729675,278.9770578254781,1293.8904591442067,0.14596072656398745,3370.1340590979207,1,0,13.125143051147461,9.29111111111111
2299,229.9,262.749234635161,1239.9655440478566,279.17140619958695,1295.2125013623374,0.14596072656398745,3420.183100129432,1,0,13.599878311157227,9.123888888888887
2300,229.999,262.7089109343331,1240.8894958211647,279.3694116199395,1296.5594204005083,0.14596072656398745,3471.009984209848,1,0,13.903056144714355,9.145
2301,230.1,262.69546970072884,1241.824579544473,279.57301034962774,1297.9443875629033,0.14596072656398745,3522.2963204566677,1,0,13.816791534423828,9.306944444444445
2302,230.2,262.66186661669565,1242.7373993685715,279.7766896832316,1299.32990302821,0.14596072656398745,3575.887887744459,1,0,14.191338539123535,9.228055555555555
2303,230.3,262.63498414947213,1243.6724830910887,279.9864996783962,1300.7571219214233,0.14596072656398745,3631.9907063533415,1,0,14.65982437133789,9.283888888888887
2304,230.4,262.6081016822486,1244.6075668136061,280.2045249364852,1302.240224608205,0.14596072656398745,3691.645415722875,1,0,15.321026802062988,9.32
2305,230.5,262.5744985982155,1245.5426505369146,280.4292459413672,1303.768874678559,0.14596072656398745,3752.026175974852,1,0,15.580562591552734,9.309999999999999
2306,230.6,262.5543367478016,1246.4888662086414,280.66368363120375,1305.3636218685274,0.14596072656398745,3819.330889829089,1,0,16.657176971435547,9.458055555555555
2307,230.7,262.52745428057807,1247.4239499319494,280.9142979330389,1307.0684094131238,0.14596072656398745,3892.3407847016088,1,0,17.805023193359375,9.363055555555556
2308,230.8,262.50729243016417,1248.3812975528858,281.1662051759621,1308.7819921056698,0.14596072656398745,3956.294604630791,1,0,16.834970474243164,9.49
2309,230.9,262.48040996294066,1249.338645173031,281.4143788061586,1310.4701771396376,0.14596072656398745,4026.976817410048,1,0,17.291610717773438,9.59388888888889
2310,231.0,262.4468068789075,1250.2848608447578,281.6631759026316,1312.1626032625413,0.14596072656398745,4094.6684913588974,1,0,16.920703887939453,9.466944444444445
2311,231.1,262.4333656453032,1251.2644723633218,281.9068104309113,1313.8199113499234,0.14596072656398745,4161.932919273104,1,0,16.581701278686523,9.653055555555556
2312,231.2,262.4064831780647,1252.2106880342576,282.1436202442466,1315.4307947562418,0.14596072656398745,4226.906579917434,1,0,15.982231140136719,9.486944444444443
2313,231.3,262.3728800940615,1253.1902995544037,282.37370290791796,1316.9959171629935,0.14596072656398745,4292.025513820126,1,0,15.656644821166992,9.656944444444445
2314,231.4,262.345997626823,1254.181043022177,282.5938426306133,1318.4934033582103,0.14596072656398745,4351.9575751845905,1,0,14.614968299865723,9.888055555555555
2315,231.5,262.3191151595995,1255.18291843916,282.79739841944144,1319.8780784181877,0.14596072656398745,4407.26557272264,1,0,13.37617301940918,9.93388888888889
2316,231.6,262.2855120755813,1256.1959258053523,282.9898446797629,1321.1871816305654,0.14596072656398745,4463.760377572804,1,0,13.087286949157715,10.063888888888888
2317,231.7,262.2586296083577,1257.2089331715447,283.1743988396116,1322.4425993410066,0.14596072656398745,4516.610286899968,1,0,12.290923118591309,10.116111111111111
2318,231.8,262.23174714113424,1258.2219405385279,283.3522446929061,1323.6523842309132,0.14596072656398745,4570.403298269808,1,0,12.16482162475586,10.120000000000001
2319,231.9,262.2048646739107,1259.2349479039292,283.5282460991252,1324.8496223891382,0.14596072656398745,4624.075420878507,1,0,12.037291526794434,10.113055555555555
2320,232.0,262.1645409730679,1260.2479552701216,283.70285688107646,1326.0374009159143,0.14596072656398745,4677.979652883467,1,0,11.97359561920166,10.16388888888889
2321,232.1,262.13765850584446,1261.2720945847323,283.875713561624,1327.2132472815845,0.14596072656398745,4731.375948566835,1,0,11.796083450317383,10.173888888888888
2322,232.199,262.1040554218262,1262.273970002506,284.04345268258703,1328.354281779877,0.14596072656398745,4783.212114654492,1,0,11.502864837646484,10.07611111111111
2323,232.3,262.0771729546027,1263.3092412671172,284.2088020569931,1329.479060182108,0.14596072656398745,4834.101106642744,1,0,11.009355545043945,10.27111111111111
2324,232.4,262.04356987056957,1264.311116684891,284.36957078212464,1330.5726790145452,0.14596072656398745,4885.853066033304,1,0,11.098097801208496,10.045
2325,232.501,262.0032461697418,1265.3241240502923,284.5335441278013,1331.6880970705317,0.14596072656398745,4939.127538724716,1,0,11.226777076721191,10.153055555555556
2326,232.6,261.96292246889897,1266.348263365694,284.69512158851967,1332.7872172743798,0.14596072656398745,4991.525937025875,1,0,11.216317176818848,10.226944444444444
2327,232.7,261.9225987680712,1267.350138782677,284.85981874485185,1333.9075590054367,0.14596072656398745,5046.068362062,1,0,11.4313383102417,10.041111111111112
2328,232.8,261.87555445043375,1268.3520142004509,285.0238389016122,1335.0232954907858,0.14596072656398745,5099.006701253913,1,0,11.123222351074219,10.043055555555556
2329,232.9,261.8217895159867,1269.3650215666432,285.18783995865806,1336.1389020515653,0.14596072656398745,5154.398481069825,1,0,11.428711891174316,10.143055555555556
2330,233.0,261.76802458152474,1270.3668969836262,285.35540290438246,1337.278738129216,0.14596072656398745,5210.937678470435,1,0,11.613020896911621,10.023888888888889
2331,233.1,261.707539030283,1271.3576404513994,285.522065583612,1338.4124502023863,0.14596072656398745,5265.8732595221145,1,0,11.304915428161621,9.930000000000001
2332,233.2,261.6403328622316,1272.348383919964,285.6874272213663,1339.5373120252484,0.14596072656398745,5322.291966996891,1,0,11.434113502502441,9.873055555555554
2333,233.3,261.56640607735574,1273.327995438528,285.85407532960824,1340.67092498022,0.14596072656398745,5379.2524018329095,1,0,11.481819152832031,9.84611111111111
2334,233.4,261.48575867570014,1274.3187389063016,286.0198980999371,1341.7989236275325,0.14596072656398745,5435.608566905305,1,0,11.3206205368042,9.9
2335,233.5,261.40511127402954,1275.2872184764472,286.1825761654002,1342.9055306238204,0.14596072656398745,5490.932721806285,1,0,11.04938793182373,9.821944444444444
2336,233.6,261.31102263875465,1276.2668299958023,286.34295630774375,1343.9965061470284,0.14596072656398745,5546.638477982956,1,0,11.004631042480469,9.806111111111111
2337,233.7,261.2169340034649,1277.246441514366,286.5012105492322,1345.0730203674605,0.14596072656398745,5601.312038773183,1,0,10.75705337524414,9.766944444444444
2338,233.801,261.1026835177761,1278.192657186884,286.65764405655807,1346.1371491617629,0.14596072656398745,5655.861227618032,1,0,10.541276931762695,9.561944444444444
2339,233.899,260.995153648882,1279.1611367562386,286.80404905424564,1347.1330596692512,0.14596072656398745,5706.231522490015,1,0,10.001870155334473,9.765
2340,233.999,260.8674619295591,1280.1073524279652,286.9472283918806,1348.107027833304,0.14596072656398745,5756.58530554662,1,0,9.686850547790527,9.611944444444445
2341,234.101,260.73977021026604,1281.0647000489016,287.08662491276226,1349.0552636315763,0.14596072656398745,5805.20626820583,1,0,9.10583782196045,9.683888888888887
2342,234.2,260.58519602370467,1282.0109157206284,287.21493347415196,1349.928074304074,0.14596072656398745,5850.767743969467,1,0,8.716209411621094,9.591111111111111
2343,234.3,260.4306218372179,1282.9348674947273,287.33796553977123,1350.764991956091,0.14596072656398745,5894.446607272789,1,0,8.202041625976562,9.431111111111111
2344,234.4,260.26260641706716,1283.881083165663,287.4555652658679,1351.564956470604,0.14596072656398745,5937.188505350885,1,0,7.969203472137451,9.491111111111111
2345,234.5,260.0744291465025,1284.805034939762,287.5704288677177,1352.3463086772706,0.14596072656398745,5979.39347123571,1,0,7.825794696807861,9.43611111111111
2346,234.6,259.87281064233355,1285.6955908662326,287.68381363222136,1353.1176011887414,0.14596072656398745,6021.474486169998,1,0,7.765847206115723,9.28
2347,234.7,259.6510302877357,1286.608410690331,287.79641871711624,1353.8835899802084,0.14596072656398745,6063.498907203802,1,0,7.71858024597168,9.346111111111112
2348,234.8,259.41580869954856,1287.5100985660113,287.9079401983703,1354.6422076281426,0.14596072656398745,6105.188681976612,1,0,7.61683988571167,9.296944444444444
2349,234.9,259.1537046441229,1288.3895225432725,288.0182646046772,1355.3926822513379,0.14596072656398745,6146.726500467515,1,0,7.553969383239746,9.28111111111111
2350,235.0,258.8714387382834,1289.2689465205337,288.1266011600074,1356.1296346471072,0.14596072656398745,6187.370170284182,1,0,7.343488693237305,9.19111111111111
2351,235.1,258.5555697484257,1290.1372385485856,288.2331070070184,1356.854133768193,0.14596072656398745,6227.9254001806685,1,0,7.302227020263672,9.203888888888889
2352,235.2,258.21281829132954,1290.9721347290092,288.337857743545,1357.5666938639663,0.14596072656398745,6267.6370976182125,1,0,7.102141857147217,9.091944444444445
2353,235.3,257.856625600629,1291.7958989610142,288.4421776060496,1358.2763229671325,0.14596072656398745,6308.150046403013,1,0,7.242977142333984,8.993888888888888
2354,235.4,257.473550442705,1292.5973992946006,288.5453852846943,1358.9783865116783,0.14596072656398745,6347.410493331572,1,0,6.949204444885254,8.94888888888889
2355,235.5,257.0703134343671,1293.398899628978,288.64611479620083,1359.6635924848897,0.14596072656398745,6386.4795564344,1,0,6.902202129364014,8.88
2356,235.6,256.633473341996,1294.1670041141451,288.7464705629146,1360.346256083373,0.14596072656398745,6425.661145221644,1,0,6.897810459136963,8.896111111111113
2357,235.7,256.17647139921104,1294.9239766524756,288.85039870789234,1361.0532205534516,0.14596072656398745,6467.517891856823,1,0,7.3934431076049805,8.81
2358,235.8,255.70602822280688,1295.6586852923874,288.95766649410933,1361.7829027166008,0.14596072656398745,6509.557438944671,1,0,7.3570475578308105,8.776111111111112
2359,235.9,255.19526134557486,1296.3711300330895,289.0670176714866,1362.5267570130823,0.14596072656398745,6553.458602454388,1,0,7.679932117462158,8.741111111111111
2360,236.0,254.68449446834285,1297.0613108753726,289.18017542055765,1363.2965052667867,0.14596072656398745,6598.717388463212,1,0,7.880492687225342,8.686944444444444
2361,236.1,254.14012450709265,1297.740359769237,289.292970247314,1364.063784764968,0.14596072656398745,6642.8761248846295,1,0,7.630026340484619,8.693055555555556
2362,236.2,253.568872078604,1298.3637489178457,289.40531897367833,1364.828029694147,0.14596072656398745,6688.19382481708,1,0,7.819149017333984,8.5
2363,236.3,252.9774577997014,1298.9871380656632,289.51965345310236,1365.6057825798075,0.14596072656398745,6734.214348543654,1,0,7.9030890464782715,8.626111111111111
2364,236.399,252.3591610535753,1299.5771313674345,289.63521139063573,1366.391857959958,0.14596072656398745,6781.338370031215,1,0,8.147897720336914,8.563055555555556
2365,236.5,251.70054060662136,1300.1337288207867,289.7579489000988,1367.2267719128142,0.14596072656398745,6832.02737109751,1,0,8.562742233276367,8.591111111111111
2366,236.6,251.04864077647707,1300.6569304280924,289.88739423924756,1368.107315442337,0.14596072656398745,6886.433808827829,1,0,9.237403869628906,8.453055555555556
2367,236.7,250.34969662868036,1301.1690000861886,290.0263028419042,1369.0522322085087,0.14596072656398745,6944.854010665211,1,0,9.864044189453125,8.586944444444445
2368,236.8,249.65075248086876,1301.6588058458663,290.1783534351238,1370.086546513683,0.14596072656398745,7010.976425554444,1,0,11.044570922851562,8.568055555555555
2369,236.9,248.92492586586351,1302.1152157579154,290.3408095929755,1371.1916439978274,0.14596072656398745,7078.410679613163,1,0,11.294922828674316,8.563055555555556
2370,237.0,248.19237863404862,1302.5716256699648,290.50437577435264,1372.3042923450569,0.14596072656398745,7145.393036022283,1,0,11.197211265563965,8.726111111111111
2371,237.099,247.4396695518049,1302.9835077859675,290.66746856896145,1373.4137205094778,0.14596072656398745,7213.975273888893,1,0,11.4563627243042,8.655
2372,237.199,246.66007800235258,1303.3397301567138,290.84117398699954,1374.5953403569163,0.14596072656398745,7290.329355724732,1,0,12.43002700805664,8.61
2373,237.299,245.86032460247148,1303.6736886290414,291.0262065482279,1375.8540123617342,0.14596072656398745,7370.408007482035,1,0,13.013968467712402,8.684999999999999
2374,237.4,245.04040935217637,1303.951987356113,291.21588622400304,1377.144296062053,0.14596072656398745,7449.533090587759,1,0,12.810808181762695,8.661944444444446
2375,237.5,244.20033225146744,1304.2080221847657,291.404793114445,1378.429322940231,0.14596072656398745,7531.402409376081,1,0,13.165949821472168,8.758055555555556
2376,237.6,243.36025515075846,1304.4640570134184,291.5977167635976,1379.7416735591908,0.14596072656398745,7614.862626499732,1,0,13.36315631866455,8.815
2377,237.7,242.49329558282594,1304.6644320976059,291.7918570382038,1381.0623001939425,0.14596072656398745,7698.4049932087055,1,0,13.33324909210205,8.918055555555554
2378,237.8,241.61289478127424,1304.8648071802115,291.98405371921433,1382.3697056592348,0.14596072656398745,7780.781167241368,1,0,13.095890998840332,9.02
2379,237.9,240.71905274611822,1305.0429183659803,292.1745602419464,1383.6656139323854,0.14596072656398745,7864.153919631709,1,0,13.100833892822266,9.101944444444445
2380,238.0,239.82521071096218,1305.1987656525391,292.3631479438423,1384.9484695511674,0.14596072656398745,7946.049688105948,1,0,12.832032203674316,9.116111111111111
2381,238.1,238.92464805902642,1305.3657448890986,292.55086970186017,1386.2254346428451,0.14596072656398745,8030.057526469807,1,0,12.981757164001465,9.193055555555555
2382,238.2,237.99720293982233,1305.4993282780295,292.7348980786123,1387.4772757478502,0.14596072656398745,8109.413353749494,1,0,12.324151992797852,9.383888888888889
2383,238.3,237.05631658702887,1305.6329116669606,292.9137878831812,1388.6941620486373,0.14596072656398745,8189.77497664859,1,0,12.275147438049316,9.483055555555556
2384,238.4,236.11543023423545,1305.7553631066821,293.089815435342,1389.8915780629357,0.14596072656398745,8268.129532927856,1,0,11.930561065673828,9.528055555555556
2385,238.5,235.15438203101317,1305.855550648776,293.26342783069697,1391.0725651296011,0.14596072656398745,8347.449740803739,1,0,11.943037033081055,9.663055555555555
2386,238.6,234.18661321099617,1305.9780020884978,293.43585125149207,1392.245464273887,0.14596072656398745,8425.9431337995,1,0,11.767064094543457,9.71
2387,238.7,233.20540315735997,1306.0781896298004,293.60538735583845,1393.3987226351728,0.14596072656398745,8503.446938929023,1,0,11.545999526977539,9.866111111111111
2388,238.8,232.21747248694402,1306.1783771718942,293.77269676915205,1394.5368340750317,0.14596072656398745,8580.987340736738,1,0,11.460869789123535,9.891944444444443
2389,238.899,231.20937996606938,1306.2563008155691,293.937068964372,1395.654965279185,0.14596072656398745,8657.61275632942,1,0,11.370412826538086,10.088055555555556
2390,238.999,230.2080080620342,1306.3676203060813,294.09942632246646,1396.7593906843845,0.14596072656398745,8732.484768626473,1,0,10.95549488067627,10.13888888888889
2391,239.1,229.19319492436483,1306.4566758989658,294.257132680533,1397.83217796335,0.14596072656398745,8805.61893666434,1,0,10.516133308410645,10.180000000000001
2392,239.199,228.1582199362816,1306.5568634402687,294.4081905640852,1398.8597394253545,0.14596072656398745,8877.539873993168,1,0,10.465792655944824,10.316944444444443
2393,239.3,227.12324494821328,1306.6681829315717,294.56431848104336,1399.9217894609874,0.14596072656398745,8953.723948652882,1,0,10.790931701660156,10.46111111111111
2394,239.4,226.08154934333535,1306.7683704736653,294.7208138427319,1400.9863390155826,0.14596072656398745,9028.983393473858,1,0,10.728887557983398,10.483888888888888
2395,239.5,225.01969188804352,1306.8574260657588,294.87869778972106,1402.0603343316836,0.14596072656398745,9106.574053709535,1,0,10.981877326965332,10.61
2396,239.6,223.95111381592713,1306.9576136078526,295.0376019693851,1403.1412697144287,0.14596072656398745,9183.63122076847,1,0,10.869180679321289,10.748888888888889
2397,239.7,222.88253574382566,1307.0689330983648,295.19616553747557,1404.2198881090217,0.14596072656398745,9261.675984632866,1,0,10.935039520263672,10.741111111111111
2398,239.8,221.79379582131028,1307.1691206404587,295.3570651934381,1405.31439758995,0.14596072656398745,9342.066716252153,1,0,11.190418243408203,10.91
2399,239.9,220.6916146651757,1307.2693081817615,295.51883020378125,1406.4147935879646,0.14596072656398745,9421.731100568171,1,0,11.054035186767578,11.036944444444444
2400,240.0,219.58943350904113,1307.3694957230643,295.67941576168073,1407.5071664371776,0.14596072656398745,9501.728193380228,1,0,11.028230667114258,11.093055555555557
2401,240.1,218.460369885683,1307.4585513159486,295.84095264348156,1408.606010605569,0.14596072656398745,9583.397021385394,1,0,11.184852600097656,11.258055555555556
2402,240.2,217.34474749594412,1307.5921347048795,296.00321500927816,1409.7097898318195,0.14596072656398745,9665.002887350527,1,0,11.127992630004883,11.30111111111111
2403,240.299,216.22240448939564,1307.7145861438103,296.16568567687915,1410.8149860175931,0.14596072656398745,9748.704735508605,1,0,11.439167976379395,11.331944444444444
2404,240.399,215.0798996324332,1307.8370375843228,296.32784359761445,1411.9180547630835,0.14596072656398745,9829.00735114409,1,0,10.859314918518066,11.510000000000002
2405,240.5,213.9306741586612,1307.948357075626,296.4842398543942,1412.9819301629602,0.14596072656398745,9907.601485401652,1,0,10.433943748474121,11.538888888888888
2406,240.6,212.76800745128486,1308.0596765669293,296.63627619564824,1414.0161475200625,0.14596072656398745,9986.248344680722,1,0,10.472711563110352,11.661944444444444
2407,240.7,211.58517889347974,1308.159864107441,296.78757930621765,1415.0453771229572,0.14596072656398745,10064.23431239994,1,0,10.33311653137207,11.865
2408,240.8,210.40907095246922,1308.2934474963722,296.94072562938555,1416.0871450600848,0.14596072656398745,10145.684641504335,1,0,10.726173400878906,11.866944444444444
2409,240.9,209.2128011610747,1308.3825030892565,297.0992911670907,1417.1657768528542,0.14596072656398745,10230.239652631575,1,0,11.078317642211914,11.961111111111112
2410,241.0,208.00309013603112,1308.4938225805597,297.2637324746342,1418.2843781891088,0.14596072656398745,10318.796024214653,1,0,11.53415584564209,12.141944444444446
2411,241.1,206.78665849420773,1308.605142071072,297.43651329727464,1419.4597085362827,0.14596072656398745,10413.357789150194,1,0,12.225091934204102,12.18888888888889
2412,241.2,205.56350623555983,1308.7164615623751,297.6261240544975,1420.7495234226167,0.14596072656398745,10522.249605484183,1,0,13.848455429077148,12.261944444444444
2413,241.3,204.33363336011726,1308.8277810528873,297.8299150180953,1422.1357982437216,0.14596072656398745,10632.965174470646,1,0,14.17502498626709,12.393888888888888
2414,241.4,203.07687801746604,1308.9391005433995,298.0383124596902,1423.553408332832,0.14596072656398745,10746.823574373748,1,0,14.48189640045166,12.551944444444443
2415,241.5,201.83356390841914,1309.0504200347027,298.24963710243156,1424.9909305180138,0.14596072656398745,10861.889510142928,1,0,14.577547073364258,12.52388888888889
2416,241.6,200.56336733214874,1309.1394756267962,298.47022366412443,1426.491456306549,0.14596072656398745,10989.131014144892,1,0,15.755511283874512,12.70611111111111
2417,241.7,199.2931707558634,1309.2619270657267,298.69963654783265,1428.0520225785133,0.14596072656398745,11115.400212327322,1,0,15.79126262664795,12.728055555555557
2418,241.8,198.00281232916416,1309.373246557821,298.93196480112863,1429.6324204631378,0.14596072656398745,11246.276205842338,1,0,16.15640640258789,12.918888888888889
2419,241.9,196.70573328567022,1309.4734340991238,299.16361397427374,1431.2081989490507,0.14596072656398745,11372.668820194796,1,0,15.697881698608398,13.010000000000002
2420,242.0,195.40865424217625,1309.584753589636,299.3911350153191,1432.755896083921,0.14596072656398745,11499.917572863103,1,0,15.588743209838867,13.058055555555553
2421,242.1,194.098133965078,1309.718336978567,299.6154158182503,1434.2815517090369,0.14596072656398745,11624.939098855302,1,0,15.252313613891602,13.208888888888888
2422,242.2,192.78089307115525,1309.8407884190797,299.83668306213974,1435.7867077940957,0.14596072656398745,11750.74577349608,1,0,15.174345970153809,13.22888888888889
2423,242.3,191.4434903268186,1309.9521079095919,300.0552016532297,1437.273166346641,0.14596072656398745,11874.588221389304,1,0,14.874343872070312,13.368888888888888
2424,242.4,190.0993669656872,1310.0745593493136,300.26704954076143,1438.7142478705948,0.14596072656398745,11993.7201901204,1,0,14.257051467895508,13.51
2425,242.5,188.74852298773132,1310.1747468914073,300.47668441359906,1440.1402755055292,0.14596072656398745,12117.724734993959,1,0,14.570030212402344,13.551944444444445
2426,242.6,187.384237776186,1310.2860663819195,300.6849564795088,1441.5570327346675,0.14596072656398745,12237.145220890254,1,0,14.069650650024414,13.686944444444444
2427,242.7,186.01323194783114,1310.4085178216412,300.8969934153757,1442.999400247668,0.14596072656398745,12368.296973853454,1,0,15.087740898132324,13.775
2428,242.8,184.62878488585702,1310.5198373129442,301.11240350367285,1444.4647134114439,0.14596072656398745,12493.138210142506,1,0,14.533495903015137,13.85888888888889
2429,242.9,183.2376172070733,1310.6311568042477,301.31978832751173,1445.875435233902,0.14596072656398745,12614.22880108885,1,0,13.984179496765137,13.959999999999999
2430,243.0,181.8397289114949,1310.7424762947599,301.5208723123055,1447.2432960071462,0.14596072656398745,12733.734359798358,1,0,13.667061805725098,14.044999999999998
2431,243.099,180.42839938228232,1310.8649277336904,301.71647964180073,1448.573902187693,0.14596072656398745,12851.552588357445,1,0,13.502778053283691,14.16388888888889
2432,243.2,179.0103492363049,1310.9762472249936,301.91973041020105,1449.9565023659802,0.14596072656398745,12979.34734914693,1,0,14.169694900512695,14.263055555555555
2433,243.3,177.5721372398688,1311.0875667155058,302.1301400906253,1451.3878005793028,0.14596072656398745,13112.022822359195,1,0,14.763931274414062,14.401944444444444
2434,243.4,176.13392524346256,1311.2100181552273,302.34503486807296,1452.8496083744249,0.14596072656398745,13244.968606728737,1,0,14.786444664001465,14.466111111111111
2435,243.5,174.6755513966275,1311.3324695957401,302.5695219049211,1454.3766668923936,0.14596072656398745,13392.669806632717,1,0,16.082971572875977,14.606944444444444
2436,243.6,173.2171775497924,1311.4326571370427,302.80747874141014,1455.9953528493706,0.14596072656398745,13545.308135952353,1,0,16.638689041137695,14.648888888888887
2437,243.7,171.73864185254345,1311.543976627555,303.05854483402055,1457.703213671433,0.14596072656398745,13712.306258190494,1,0,17.885637283325195,14.768888888888888
2438,243.8,170.25338553848485,1311.6552961188584,303.3337374167786,1459.5751933789597,0.14596072656398745,13902.972617409825,1,0,19.956344604492188,14.911111111111111
2439,243.9,168.75468799082196,1311.777747559371,303.61691294501975,1461.5014765557185,0.14596072656398745,14076.513102968038,1,0,18.983379364013672,15.073055555555557
2440,244.0,167.24254920953985,1311.8779351006738,303.88248434833037,1463.3080088136535,0.14596072656398745,14237.197889603118,1,0,17.535585403442383,15.146944444444445
2441,244.103,165.73713104508224,1311.989254591186,304.1419711814224,1465.0731511770496,0.14596072656398745,14403.120901302429,1,0,17.10739517211914,15.134999999999998
2442,244.2,164.21827164699053,1312.1117060316985,304.37724287062196,1466.6735715936286,0.14596072656398745,14551.587843548876,1,0,16.24561882019043,15.226944444444444
2443,244.3,162.67925039846995,1312.2007616237918,304.60939104981315,1468.252744535827,0.14596072656398745,14701.298710443563,1,0,15.677288055419922,15.438055555555554
2444,244.4,161.13350853318454,1312.3232130627225,304.83449952090575,1469.7840303199653,0.14596072656398745,14848.584767248618,1,0,15.277582168579102,15.518888888888888
2445,244.5,159.5810460510597,1312.445664503235,305.0509285727246,1471.256274917053,0.14596072656398745,14988.750289250578,1,0,14.483773231506348,15.64611111111111
2446,244.6,158.0017011017113,1312.5569839937475,305.2604048499671,1472.6812237157308,0.14596072656398745,15129.096617949577,1,0,14.321499824523926,15.841944444444445
2447,244.7,156.42907676918745,1312.6794354342599,305.4670837125756,1474.0871432826764,0.14596072656398745,15268.075547090031,1,0,14.099098205566406,15.77888888888889
2448,244.8,154.84973181982411,1312.8018868739816,305.6687568826407,1475.459011950541,0.14596072656398745,15403.12484629391,1,0,13.633162498474121,15.866944444444444
2449,244.9,153.2502250201066,1312.9354702629128,305.8659346360109,1476.8003008377098,0.14596072656398745,15537.743478462848,1,0,13.480929374694824,16.043055555555554
2450,245.0,151.63727698673998,1313.0690536526347,306.0550439390399,1478.0867046143915,0.14596072656398745,15663.253051944754,1,0,12.523662567138672,16.17111111111111
2451,245.1,150.0243289533734,1313.2137689899841,306.2346243640373,1479.3082888158804,0.14596072656398745,15786.290521206924,1,0,12.170604705810547,16.226944444444445
2452,245.199,148.39793968640248,1313.3362204297057,306.4042851572005,1480.4623953647606,0.14596072656398745,15901.073436648385,1,0,11.395263671875,16.305
2453,245.3,146.75810918579742,1313.4809357678462,306.57126255838926,1481.5982483136597,0.14596072656398745,16018.169986287983,1,0,11.338611602783203,16.42388888888889
2454,245.4,145.11155806841262,1313.6145191567773,306.7344988778505,1482.7086527965869,0.14596072656398745,16132.368596674622,1,0,11.108162879943848,16.538888888888888
2455,245.5,143.4582863342182,1313.7814983925457,306.89640703895805,1483.8100225683977,0.14596072656398745,16247.48799751365,1,0,11.155975341796875,16.64611111111111
2456,245.599,141.7915733664195,1313.9150817814766,307.05455157193666,1484.8857905038021,0.14596072656398745,16358.625573822519,1,0,10.810285568237305,16.721944444444443
2457,245.7,140.11813978179623,1314.0597971204081,307.21240780776463,1485.9595973165253,0.14596072656398745,16471.120874650773,1,0,10.681748390197754,16.793888888888887
2458,245.8,138.43126496356868,1314.2156444069672,307.36819213161033,1487.0193100822808,0.14596072656398745,16583.479914556247,1,0,10.74029541015625,16.95611111111111
2459,245.9,136.7376695285315,1314.371491694317,307.5263812925905,1488.095381596773,0.14596072656398745,16699.046095414058,1,0,11.012439727783203,17.028055555555557
2460,246.0,135.03063285989003,1314.5273389808758,307.68802170399795,1489.1949300186034,0.14596072656398745,16817.293967922895,1,0,11.214879989624023,17.165
2461,246.1,133.31687557443894,1314.6831862690167,307.855405588166,1490.3335480416229,0.14596072656398745,16942.15180107147,1,0,11.802229881286621,17.161944444444444
2462,246.2,131.59639767217826,1314.850165504785,308.03019446073677,1491.5225380182953,0.14596072656398745,17072.27093248669,1,0,12.233146667480469,17.29388888888889
2463,246.3,129.86247853629834,1315.0171447413443,308.2073581823647,1492.7276827517526,0.14596072656398745,17201.964712130768,1,0,12.12879753112793,17.461111111111112
2464,246.4,128.12183878363865,1315.195255926322,308.3856720618852,1493.9406513597262,0.14596072656398745,17335.080986816665,1,0,12.391305923461914,17.498055555555556
2465,246.5,126.36775779735977,1315.3511032128808,308.56454846059063,1495.1574464679957,0.14596072656398745,17466.883401084662,1,0,12.20615005493164,17.618888888888886
2466,246.6,124.60695619425633,1315.5292143986496,308.74191716085284,1496.363985555327,0.14596072656398745,17599.096728477845,1,0,12.183980941772461,17.726944444444445
2467,246.7,122.83943397437314,1315.6850616852087,308.91900123792,1497.5685885118219,0.14596072656398745,17731.77271134809,1,0,12.167011260986328,17.776944444444442
2468,246.8,121.05847052085578,1315.8520409217679,309.0986615016655,1498.7907158112203,0.14596072656398745,17869.108553275615,1,0,12.53823471069336,17.874999999999996
2469,246.9,119.26406583373412,1316.007888209118,309.28566944773524,1500.062825243387,0.14596072656398745,18014.21768889775,1,0,13.177397727966309,18.043888888888887
2470,246.999,117.46294052981779,1316.174867444886,309.47635643925787,1501.3599611437883,0.14596072656398745,18159.98029489343,1,0,13.30900764465332,18.118055555555554
2471,247.102,115.65509460909183,1316.3418466814455,309.67992437748785,1502.7447188492845,0.14596072656398745,18318.909941837257,1,0,13.86847972869873,18.146111111111114
2472,247.2,113.83380745474666,1316.4976939680043,309.87967385802347,1504.1035017438091,0.14596072656398745,18474.160729245756,1,0,14.159818649291992,18.28388888888889
2473,247.299,112.0125203004015,1316.6646732045635,310.09903616644436,1505.5956996288126,0.14596072656398745,18657.96516323338,1,0,16.309585571289062,18.328888888888887
2474,247.4,110.17779191245204,1316.8205204919136,310.3314347376899,1507.1765758467313,0.14596072656398745,18831.582654506845,1,0,15.331343650817871,18.435
2475,247.5,108.32290167408865,1316.9763677792635,310.55610523998644,1508.7048823765213,0.14596072656398745,19008.735674108342,1,0,15.563301086425781,18.658055555555553
2476,247.6,106.47473205250503,1317.1433470150316,310.7908162624098,1510.3014888936953,0.14596072656398745,19201.4443163499,1,0,16.712024688720703,18.589999999999996
2477,247.7,104.60640058055228,1317.288062353172,311.02566716908865,1511.8990469644502,0.14596072656398745,19379.07237795129,1,0,15.582536697387695,18.756944444444446
2478,247.8,102.72462787495046,1317.4439096397311,311.2446625595124,1513.3887489135598,0.14596072656398745,19546.366601173337,1,0,14.531718254089355,18.908055555555556
2479,247.9,100.84285516936355,1317.6108888762903,311.4592929647331,1514.8487583337433,0.14596072656398745,19721.226500511882,1,0,14.982303619384766,18.90888888888889
2480,248.0,98.94764123014248,1317.7556042144308,311.6810482638882,1516.3572343831138,0.14596072656398745,19903.408500218728,1,0,15.511468887329102,19.03611111111111
2481,248.102,97.04570667414168,1317.9225834501992,311.9113623751801,1517.9239311973024,0.14596072656398745,20090.132508492665,1,0,15.538239479064941,19.07194444444444
2482,248.2,95.14377211814086,1318.07843073834,312.14616727734636,1519.5211763253426,0.14596072656398745,20295.240064879516,1,0,17.408939361572266,19.145
2483,248.3,93.22167571169629,1318.2231460756896,312.3981339554738,1521.235163322013,0.14596072656398745,20500.368490561446,1,0,17.239227294921875,19.266111111111112
2484,248.4,91.28613807164741,1318.390125311458,312.6707111673173,1523.0893521384091,0.14596072656398745,20750.55551065774,1,0,20.243112564086914,19.39388888888889
2485,248.5,89.357321048438,1318.5459725988078,312.95799952846795,1525.0436125944602,0.14596072656398745,20980.302496483877,1,0,19.262170791625977,19.42611111111111
2486,248.6,87.41506279159444,1318.7018198861576,313.2198366532667,1526.8247426648566,0.14596072656398745,21178.781774390834,1,0,16.743289947509766,19.466944444444444
2487,248.7,85.46608391794126,1318.8576671727167,313.460661415209,1528.462937498844,0.14596072656398745,21378.885874422078,1,0,16.37274169921875,19.603055555555553
2488,248.8,83.49694319387417,1319.002382510857,313.6886777866111,1530.014004086361,0.14596072656398745,21562.28130073999,1,0,14.981996536254883,19.714999999999996
2489,248.9,81.53452308661672,1319.158229798207,313.92589389539614,1531.6276512911422,0.14596072656398745,21784.328907281397,1,0,17.637805938720703,19.72888888888889
2490,249.0,79.5519411289304,1319.3029451363475,314.1660000808646,1533.2609580552412,0.14596072656398745,21973.212940471414,1,0,15.379413604736328,19.85111111111111
2491,249.1,77.5626385544494,1319.447660474488,314.3920808411587,1534.7988577736535,0.14596072656398745,22170.709412568638,1,0,15.70915699005127,19.95611111111111
2492,249.199,75.56661536315879,1319.5923758126285,314.6097220580861,1536.2793480453254,0.14596072656398745,22351.404397895236,1,0,14.521187782287598,20.02
2493,249.299,73.56387155507349,1319.737091149978,314.8138087690408,1537.6676346686568,0.14596072656398745,22523.307942396932,1,0,13.542961120605469,20.11111111111111
2494,249.399,71.54096589655937,1319.8929384373278,315.0199059919442,1539.0695976692073,0.14596072656398745,22712.402472855443,1,0,14.79765510559082,20.256944444444443
2495,249.5,69.52478085485484,1320.0376537754682,315.2313831771138,1540.50815751437,0.14596072656398745,22893.60709179434,1,0,13.994839668273926,20.24388888888889
2496,249.6,67.50187519634072,1320.2046330120274,315.4384922895706,1541.917003828022,0.14596072656398745,23080.5027427137,1,0,14.484922409057617,20.346111111111114
2497,249.7,65.47224892101697,1320.3604802985865,315.6532751804197,1543.3780505218092,0.14596072656398745,23275.784692003315,1,0,15.050067901611328,20.396944444444443
2498,249.8,63.41574017848464,1320.5274595351457,315.8734311593717,1544.8756472991581,0.14596072656398745,23474.217211525433,1,0,15.223780632019043,20.581944444444442
2499,249.9,61.37267266955659,1320.694438770914,316.09191130829856,1546.3618443513806,0.14596072656398745,23668.159401800796,1,0,14.819622993469238,20.586944444444445
2500,250.0,59.30944331021465,1320.8614180074733,316.3060615644534,1547.8185875886645,0.14596072656398745,23860.7697489307,1,0,14.628373146057129,20.69888888888889
2501,250.1,57.23949333404814,1321.006133345614,316.5156288531527,1549.2441554868785,0.14596072656398745,24048.597694356402,1,0,14.189414978027344,20.73611111111111
2502,250.2,55.169543357896586,1321.1731125821732,316.72146574015215,1550.6443475693166,0.14596072656398745,24236.47494132097,1,0,14.115402221679688,20.83
2503,250.3,53.09959338175994,1321.351223767151,316.92729737022233,1552.0445038918335,0.14596072656398745,24426.268077806802,1,0,14.188692092895508,20.828055555555558
2504,250.399,51.00276093836993,1321.5070710537098,317.1344386327554,1553.4535689042955,0.14596072656398745,24620.379507661593,1,0,14.583209991455078,20.998055555555556
2505,250.5,48.91264911180445,1321.6517863918502,317.3451909802957,1554.8871980884655,0.14596072656398745,24812.939863220043,1,0,14.11059856414795,21.001944444444444
2506,250.6,46.80237543482507,1321.8187656284097,317.5465400932601,1556.2568623789064,0.14596072656398745,24997.449808129793,1,0,13.57710075378418,21.113055555555558
2507,250.7,44.705542991449974,1321.9634809665502,317.7433147414015,1557.5954091688836,0.14596072656398745,25181.483594488862,1,0,13.481559753417969,21.078055555555554
2508,250.8,42.5952693144706,1322.119328253109,317.9391587604665,1558.9276254148879,0.14596072656398745,25365.919635214086,1,0,13.449129104614258,21.153055555555557
2509,250.899,40.471554403857056,1322.2417796928305,318.13120195467405,1560.2339867961507,0.14596072656398745,25546.411062042935,1,0,13.225652694702148,21.306944444444444
2510,251.0,38.34111887646377,1322.3530991841337,318.3281049582364,1561.5734067155597,0.14596072656398745,25736.067063464674,1,0,13.582575798034668,21.313055555555557
2511,251.1,36.20396273224593,1322.4866825730649,318.52818915551074,1562.9344664990044,0.14596072656398745,25929.61418191245,1,0,13.931183815002441,21.38611111111111
2512,251.2,34.060085971203556,1322.5868701143677,318.727918912297,1564.2931152240026,0.14596072656398745,26118.82201458583,1,0,13.533836364746094,21.43611111111111
2513,251.3,31.95653291104871,1322.7649813001365,318.9267225826042,1565.6454643057511,0.14596072656398745,26312.43209598342,1,0,13.803836822509766,21.221944444444443
2514,251.4,29.8193767668458,1322.887432739858,319.1258206686978,1566.999816131804,0.14596072656398745,26503.94051333881,1,0,13.574321746826172,21.468888888888888
2515,251.5,27.688941239437575,1323.0432800272079,319.3249200308798,1568.3541766383655,0.14596072656398745,26699.379927717437,1,0,13.804012298583984,21.36
2516,251.6,25.551785095234667,1323.1768634161388,319.52050838840813,1569.6846537633373,0.14596072656398745,26886.162745744554,1,0,13.091520309448242,21.386944444444442
2517,251.7,23.421349567826447,1323.3327107026978,319.7151941908048,1571.0089913155255,0.14596072656398745,27081.378050206833,1,0,13.679901123046875,21.43111111111111
2518,251.799,21.284193423623535,1323.4774260408383,319.91384532256757,1572.360302763712,0.14596072656398745,27279.085414024055,1,0,13.91272258758545,21.44805555555556
2519,251.9,19.14703727942063,1323.6221413789788,320.1209461989834,1573.7690930522292,0.14596072656398745,27487.055792308794,1,0,14.283940315246582,21.43111111111111
2520,252.0,17.003160518408105,1323.7668567171193,320.3274925148448,1575.1741109785182,0.14596072656398745,27691.75654775371,1,0,14.118431091308594,21.53888888888889
2521,252.1,14.852563140585971,1323.922704004469,320.5335086922643,1576.5755226724177,0.14596072656398745,27898.69764520823,1,0,14.211040496826172,21.551944444444445
2522,252.199,12.715406996368138,1324.078551291819,320.73599015066117,1577.9528896692693,0.14596072656398745,28100.37887059367,1,0,13.913615226745605,21.456944444444446
2523,252.3,10.578250852165228,1324.2232666283776,320.93678540200693,1579.318786351948,0.14596072656398745,28300.11593789577,1,0,13.424540519714355,21.505000000000003
2524,252.4,8.434374091152705,1324.3679819673089,321.13149330015165,1580.6432742090299,0.14596072656398745,28497.40340436984,1,0,13.349919319152832,21.50111111111111
2525,252.5,6.2972179469348735,1324.523829254659,321.3243996319524,1581.9555070278263,0.14596072656398745,28693.105473119416,1,0,13.17680549621582,21.466944444444447
2526,252.6,4.160061802731963,1324.6685445927994,321.51824650332054,1583.2741378060682,0.14596072656398745,28893.747979735606,1,0,13.479253768920898,21.439999999999998
2527,252.701,2.029626275323742,1324.8132599301487,321.71435587692315,1584.6081591091154,0.14596072656398745,29093.910004115834,1,0,13.220922470092773,21.356944444444444
2528,252.8,-0.09408863527486841,1324.9691072174987,321.90438051406886,1585.9007893867986,0.14596072656398745,29290.07281487755,1,0,13.173481941223145,21.334999999999997
2529,252.9,-2.211082929048944,1325.1249545048486,322.0964045000945,1587.207020105649,0.14596072656398745,29489.85659121651,1,0,13.231910705566406,21.253888888888888
2530,253.0,-4.334797839662477,1325.269669842989,322.2883212738888,1588.512521520245,0.14596072656398745,29689.530979707804,1,0,13.15873908996582,21.31611111111111
2531,253.1,-6.445071516641866,1325.4143851811295,322.4766478284551,1589.7936007012431,0.14596072656398745,29884.10068648062,1,0,12.738216400146484,21.248888888888892
2532,253.2,-8.562065810401018,1325.5702324676884,322.66167843393924,1591.0522594022382,0.14596072656398745,30078.56016498607,1,0,12.705510139465332,21.203055555555554
2533,253.301,-10.665618870615562,1325.7372117042478,322.84602057156184,1592.3062348452281,0.14596072656398745,30271.366169003722,1,0,12.392563819885254,21.138055555555553
2534,253.4,-12.755730697181038,1325.8930589908066,323.02601235593005,1593.5306172921746,0.14596072656398745,30463.665071404826,1,0,12.608278274536133,21.043888888888887
2535,253.5,-14.845842523746516,1326.0489062781564,323.2091470338814,1594.7763790690128,0.14596072656398745,30658.516765339587,1,0,12.574737548828125,20.936944444444446
2536,253.6,-16.915792499898078,1326.2047535655065,323.39136867058335,1596.015929941931,0.14596072656398745,30852.82487266904,1,0,12.482725143432617,20.87611111111111
2537,253.699,-18.99246309287418,1326.3383369544374,323.5734035919727,1597.2542106960375,0.14596072656398745,31050.317929173492,1,0,12.801908493041992,20.811944444444446
2538,253.8,-21.015368751373384,1326.59437178309,323.7576195554533,1598.5073278476043,0.14596072656398745,31245.632701629558,1,0,12.278986930847168,20.478055555555557
2539,253.9,-23.051715643491814,1326.7836149172774,323.93596179326437,1599.7204893610115,0.14596072656398745,31438.514050470952,1,0,12.245016098022461,20.56611111111111
2540,254.0,-25.094783152419858,1326.961726103046,324.1164926267084,1600.9485386543574,0.14596072656398745,31636.838331257957,1,0,12.57994270324707,20.503888888888888
2541,254.101,-27.117688810933988,1327.117573389605,324.30384038887706,1602.2229596635113,0.14596072656398745,31843.499447252852,1,0,12.927345275878906,20.339999999999996
2542,254.2,-29.133873852638505,1327.2734206769549,324.4904258709022,1603.4921953113965,0.14596072656398745,32048.29908268817,1,0,12.989360809326172,20.308888888888887
2543,254.3,-31.150058894343026,1327.4181360150951,324.6789588951844,1604.7746789892549,0.14596072656398745,32255.324863510243,1,0,12.935986518859863,20.183888888888887
2544,254.4,-33.14608208563364,1327.5739833024452,324.8669286443379,1606.0533310245594,0.14596072656398745,32462.78089477502,1,0,12.911904335021973,20.103888888888886
2545,254.5,-35.14210527693917,1327.7186986397946,325.0538876066448,1607.3251072478542,0.14596072656398745,32669.37858738367,1,0,12.796992301940918,20.021944444444443
2546,254.6,-37.12468723461055,1327.8745459271445,325.2407178435345,1608.5960078248418,0.14596072656398745,32878.07437228434,1,0,12.894203186035156,19.903055555555557
2547,254.7,-39.100548575472324,1328.0303932144943,325.4283439295988,1609.8723221142561,0.14596072656398745,33087.94274050549,1,0,12.9064302444458,19.858888888888888
2548,254.8,-41.06296868274472,1328.1862405018444,325.62074548521474,1611.1811212257724,0.14596072656398745,33308.303032341384,1,0,13.550882339477539,19.74111111111111
2549,254.9,-43.02538879000219,1328.3309558391938,325.81225021422625,1612.48381973244,0.14596072656398745,33518.96566867578,1,0,12.783106803894043,19.711944444444445
2550,255.0,-44.98108828045005,1328.4645392281247,325.9976396502199,1613.7449193547184,0.14596072656398745,33728.36226249359,1,0,12.709962844848633,19.62
2551,255.101,-46.930067154103234,1328.598122617847,326.1827688684866,1615.004248862775,0.14596072656398745,33937.40254475038,1,0,12.495271682739258,19.541944444444443
2552,255.2,-48.865604794137184,1328.7428379551964,326.3614945034508,1616.220018410466,0.14596072656398745,34140.31294285389,1,0,12.329702377319336,19.435000000000002
2553,255.3,-50.79442181736152,1328.8875532933369,326.53979358312,1617.4328863434107,0.14596072656398745,34343.704907689054,1,0,12.188365936279297,19.371111111111112
2554,255.4,-52.71651822380609,1329.0322686314773,326.71906371751385,1618.6523598131805,0.14596072656398745,34551.64867571814,1,0,12.46323299407959,19.295
2555,255.5,-54.631894013426134,1329.1769839696178,326.89835132877056,1619.8719521681771,0.14596072656398745,34756.891277472765,1,0,12.19076919555664,19.261944444444445
2556,255.6,-56.54054918623656,1329.3105673593398,327.0767642715883,1621.0855946478093,0.14596072656398745,34964.64288138565,1,0,12.34295654296875,19.188888888888886
2557,255.7,-58.435763125427755,1329.4552826966892,327.2548437253476,1622.296968589737,0.14596072656398745,35170.55209757118,1,0,12.14491081237793,19.011944444444442
2558,255.8,-60.33097706464881,1329.5888660856203,327.4319056997315,1623.5014211941616,0.14596072656398745,35377.70344950257,1,0,12.203042030334473,19.023055555555555
2559,255.9,-62.219470387030405,1329.7335814237608,327.6070950629369,1624.6931354824183,0.14596072656398745,35581.082402514396,1,0,11.887406349182129,18.94888888888889
2560,256.0,-64.10796370944185,1329.867164812692,327.7789064120926,1625.8618710490491,0.14596072656398745,35782.34217012092,1,0,11.73852825164795,18.933888888888887
2561,256.1,-65.98973641504368,1330.000748201623,327.948531579087,1627.015735253225,0.14596072656398745,35981.76188611643,1,0,11.586782455444336,18.883055555555554
2562,256.2,-67.85806788701136,1330.134331590554,328.1157682137502,1628.1533516210318,0.14596072656398745,36178.9442291188,1,0,11.410079002380371,18.796944444444442
2563,256.3,-69.73311997583342,1330.2790469286945,328.28057201362213,1629.2744187878557,0.14596072656398745,36374.07498679186,1,0,11.252241134643555,18.77611111111111
2564,256.4,-71.60145144778619,1330.401498368416,328.44414137828494,1630.3870887891796,0.14596072656398745,36569.29552207205,1,0,11.240330696105957,18.721944444444443
2565,256.5,-73.44962106933995,1330.5462137065565,328.60416581792265,1631.475644667786,0.14596072656398745,36758.259738286855,1,0,10.764775276184082,18.618055555555557
2566,256.6,-75.31123192452787,1330.6797970954876,328.7609445683295,1632.5421219557693,0.14596072656398745,36946.93494684952,1,0,10.794013023376465,18.666111111111114
2567,256.7,-77.15940154608164,1330.8133804844188,328.91965991465145,1633.6217728119445,0.14596072656398745,37139.760255819114,1,0,11.031078338623047,18.56111111111111
2568,256.8,-79.00757116765031,1330.9469638733497,329.0865918485332,1634.7573164724347,0.14596072656398745,37347.19325394286,1,0,11.923883438110352,18.508055555555554
2569,256.9,-80.85574078921901,1331.0694153130712,329.26002346238647,1635.9370737846527,0.14596072656398745,37557.71240794489,1,0,11.92485523223877,18.55
2570,257.0,-82.6971897939781,1331.2141306512117,329.44001659101673,1637.1614653758547,0.14596072656398745,37782.91192397448,1,0,12.826163291931152,18.51111111111111
2571,257.1,-84.53863879873718,1331.3365820909335,329.6220621968723,1638.39981881035,0.14596072656398745,38001.29556422467,1,0,12.207093238830566,18.496944444444445
2572,257.2,-86.38008780349627,1331.4701654798644,329.8017431068958,1639.622086554716,0.14596072656398745,38223.74393246828,1,0,12.500991821289062,18.45611111111111
2573,257.3,-88.22153680824043,1331.6037488687955,329.98007998374857,1640.835211600552,0.14596072656398745,38440.252866633185,1,0,12.022274017333984,18.47694444444444
2574,257.399,-90.0629858129995,1331.7373322569356,330.1525473070473,1642.0084093887733,0.14596072656398745,38652.92379531975,1,0,11.93342113494873,18.508055555555554
2575,257.499,-91.9111554345682,1331.8597836974484,330.3253177337285,1643.1836690181083,0.14596072656398745,38866.62037229321,1,0,11.824397087097168,18.485000000000003
2576,257.6,-93.75260443932729,1331.9933670863793,330.50498368799606,1644.4058350269136,0.14596072656398745,39095.72009388036,1,0,12.637017250061035,18.48611111111111
2577,257.7,-95.60077406088105,1332.1158185268919,330.6867673975135,1645.6424069285436,0.14596072656398745,39321.00358941703,1,0,12.360225677490234,18.536944444444444
2578,257.8,-97.45566429927429,1332.249401915823,330.8653235119014,1646.8570233235023,0.14596072656398745,39543.87019481671,1,0,12.193187713623047,18.58611111111111
2579,257.9,-99.31055453763766,1332.3829853047541,331.04609725986853,1648.0867250271472,0.14596072656398745,39774.64340474185,1,0,12.66517448425293,18.623055555555556
2580,258.0,-101.15872415919144,1332.4831728460567,331.2358789227785,1649.37770248834,0.14596072656398745,40019.84956303086,1,0,13.43187427520752,18.56888888888889
2581,258.1,-103.01361439756974,1332.6167562349879,331.4340146509673,1650.7255079371212,0.14596072656398745,40273.921789785425,1,0,13.813949584960938,18.64388888888889
2582,258.2,-104.86850463593312,1332.7392076755004,331.63222246428,1652.0738037402855,0.14596072656398745,40523.4801123028,1,0,13.441786766052246,18.628888888888888
2583,258.3,-106.73683610791574,1332.8505271660126,331.82488028480043,1653.3843460772048,0.14596072656398745,40766.92630302148,1,0,13.050765037536621,18.726111111111113
2584,258.4,-108.61860881350265,1333.0286383509904,332.01388671013746,1654.670050035055,0.14596072656398745,41008.716498353766,1,0,12.939680099487305,18.788888888888888
2585,258.5,-110.48694028550017,1333.1399578415028,332.20233939633266,1655.9519872182836,0.14596072656398745,41251.767011452255,1,0,12.97461986541748,18.773888888888887
2586,258.6,-112.37543360788175,1333.306937078062,332.39190646833373,1657.2415049387275,0.14596072656398745,41497.778142114716,1,0,13.092920303344727,18.916944444444443
2587,258.7,-114.2639269302932,1333.4627843654118,332.5820227091383,1658.5347583443627,0.14596072656398745,41744.27764523848,1,0,13.05013656616211,18.94888888888889
2588,258.8,-116.15242025268972,1333.574103855924,332.7741806636401,1659.841900375089,0.14596072656398745,41997.04483809928,1,0,13.373678207397461,18.946944444444444
2589,258.9,-118.05435480866066,1333.7299511432739,332.9687046247385,1661.1651370123352,0.14596072656398745,42251.50956889211,1,0,13.37548828125,19.061111111111114
2590,259.0,-119.96300998151588,1333.8746664814144,333.1651056633249,1662.50114234753,0.14596072656398745,42511.32983251667,1,0,13.631796836853027,19.11611111111111
2591,259.1,-121.87166515432632,1334.0082498703455,333.36629514734005,1663.8697207723899,0.14596072656398745,42779.624076431406,1,0,14.033951759338379,19.163055555555555
2592,259.2,-123.78704094394634,1334.1418332592766,333.5718572384122,1665.268043573343,0.14596072656398745,43053.22359474203,1,0,14.233078002929688,19.2
2593,259.299,-125.709137350376,1334.286548596626,333.77350800404065,1666.6397598364795,0.14596072656398745,43317.602875626384,1,0,13.77619457244873,19.278888888888886
2594,259.4,-127.63123375680566,1334.4312639347665,333.9752291535038,1668.0119548810892,0.14596072656398745,43586.076915952806,1,0,13.688021659851074,19.265
2595,259.502,-129.56005078002997,1334.5648473236974,334.1738556148021,1669.3630985100408,0.14596072656398745,43847.701763001816,1,0,13.089728355407715,19.34611111111111
2596,259.6,-131.4955884200639,1334.6984307126286,334.3603777433381,1670.6319031999228,0.14596072656398745,44098.522881132194,1,0,13.082544326782227,19.446944444444444
2597,259.7,-133.4378466769075,1334.8320141015597,334.5477522527356,1671.9065061553677,0.14596072656398745,44348.61441380183,1,0,12.683494567871094,19.463888888888885
2598,259.8,-135.38010493375106,1334.9878613889093,334.73529771636714,1673.1822720159087,0.14596072656398745,44605.82472307853,1,0,13.10605239868164,19.531944444444445
2599,259.901,-137.33580442421385,1335.13257672705,334.92538448639567,1674.4753249485,0.14596072656398745,44861.940918207576,1,0,12.774149894714355,19.62194444444444
2600,260.0,-139.29150391467664,1335.2661601151901,335.1083306582801,1675.719804425036,0.14596072656398745,45110.71738487431,1,0,12.637056350708008,19.62611111111111
2601,260.1,-141.2539240219341,1335.422007403331,335.2902216285758,1676.9571059611578,0.14596072656398745,45358.096685796656,1,0,12.3749361038208,19.69694444444444
2602,260.201,-143.21634412919158,1335.5555907922621,335.4735639623811,1678.204280303483,0.14596072656398745,45611.7198517347,1,0,12.587015151977539,19.741944444444442
2603,260.3,-145.19220547005335,1335.7003061304024,335.65170849415205,1679.4160969343668,0.14596072656398745,45854.54842653486,1,0,12.157243728637695,19.825
2604,260.4,-147.17478742772474,1335.8672853669616,335.82956955647825,1680.6259852827259,0.14596072656398745,46101.87442339287,1,0,12.300592422485352,19.911944444444448
2605,260.5,-149.16409000222066,1336.012000705102,336.00479393582674,1681.8179377660265,0.14596072656398745,46341.93253620408,1,0,11.794671058654785,19.915
2606,260.6,-151.15339257667182,1336.1678479916611,336.1774036932692,1682.9921044532784,0.14596072656398745,46583.65353554399,1,0,11.94105339050293,19.956944444444442
2607,260.7,-153.14269515118264,1336.323695279011,336.3515983941145,1684.1770526152998,0.14596072656398745,46827.885107171955,1,0,12.012618064880371,20.02
2608,260.8,-155.14543895928287,1336.5018064639887,336.5344071424442,1685.420597277012,0.14596072656398745,47092.49901995068,1,0,13.125578880310059,20.058055555555555
2609,260.9,-157.15490338417774,1336.668785699757,336.72544874846056,1686.7201454195224,0.14596072656398745,47361.70060611307,1,0,13.144725799560547,20.15388888888889
2610,261.0,-159.1778090426919,1336.8135010371066,336.9166515091842,1688.0207898064841,0.14596072656398745,47631.99827792336,1,0,13.14773941040039,20.311111111111114
2611,261.1,-161.1939940843964,1336.9804802744568,337.1078956110108,1689.3217154136191,0.14596072656398745,47903.34585374289,1,0,13.150410652160645,20.243055555555554
2612,261.2,-163.21689974291053,1337.1919873070628,337.3059064767238,1690.6686714935015,0.14596072656398745,48192.55359059797,1,0,14.078243255615234,20.419999999999998
2613,261.3,-165.23308478461507,1337.358966542831,337.50698498265984,1692.036494997171,0.14596072656398745,48475.875701656434,1,0,13.572244644165039,20.25888888888889
2614,261.4,-167.28287291035272,1337.537077727809,337.70310869394774,1693.3706138313935,0.14596072656398745,48755.8911554342,1,0,13.396904945373535,20.52611111111111
2615,261.5,-169.33266103609037,1337.6817930667403,337.89623471407583,1694.6843410657973,0.14596072656398745,49032.20288243896,1,0,13.160029411315918,20.560000000000002
2616,261.6,-171.37572854501843,1337.882168149346,338.0872841083927,1695.9839421877173,0.14596072656398745,49307.998123395824,1,0,13.111346244812012,20.53388888888889
2617,261.7,-173.4389579043753,1338.0602793351147,338.2790668512935,1697.2885318658475,0.14596072656398745,49587.373686685605,1,0,13.260872840881348,20.741111111111113
2618,261.8,-175.4887460300831,1338.2495224693018,338.4717277926823,1698.5990954322715,0.14596072656398745,49867.666769038595,1,0,13.232108116149902,20.62194444444444
2619,261.9,-177.5586960062496,1338.4276336542796,338.66334895088966,1699.9025859409974,0.14596072656398745,50146.8127208003,1,0,13.117891311645508,20.736944444444447
2620,262.0,-179.61520474881178,1338.6057448400484,338.854216037947,1701.200946929601,0.14596072656398745,50426.82900146996,1,0,13.12841510772705,20.731944444444444
2621,262.1,-181.6784341081239,1338.8061199234448,339.0447604965679,1702.4971132591768,0.14596072656398745,50706.87775875166,1,0,13.073526382446289,20.723055555555558
2622,262.2,-183.75510470109998,1338.9842311084226,339.2334019328818,1703.7803344028541,0.14596072656398745,50983.97931048053,1,0,12.866728782653809,20.833888888888886
2623,262.3,-185.82505467725156,1339.1734742426097,339.4218624906005,1705.0623251316115,0.14596072656398745,51264.75827848896,1,0,13.048653602600098,20.805
2624,262.4,-187.89500465340313,1339.3515854283785,339.6125539559919,1706.3594914652151,0.14596072656398745,51549.40966216399,1,0,13.173502922058105,20.81388888888889
2625,262.5,-189.96495462955465,1339.5408285625656,339.80733006244867,1707.6844433049187,0.14596072656398745,51843.63458068025,1,0,13.610336303710938,20.793055555555558
2626,262.6,-192.04162522250093,1339.7189397475433,340.0054250806435,1709.0319718266041,0.14596072656398745,52140.58317154508,1,0,13.629889488220215,20.87
2627,262.7,-194.118295815477,1339.9081828817307,340.2020332477956,1710.3693861404427,0.14596072656398745,52434.45146886947,1,0,13.405878067016602,20.831944444444446
2628,262.8,-196.18824579161367,1340.0862940674992,340.39461113247427,1711.6793847189792,0.14596072656398745,52722.539503169035,1,0,13.075681686401367,20.85388888888889
2629,262.9,-198.26491638458978,1340.264405252477,340.5880974464523,1712.9955628289447,0.14596072656398745,53019.21884171238,1,0,13.530797004699707,20.82111111111111
2630,263.0,-200.3348663607264,1340.4425164382458,340.7854086758949,1714.337759678445,0.14596072656398745,53319.7237735298,1,0,13.601649284362793,20.81388888888889
2631,263.1,-202.4115369536876,1340.6206276240143,340.9834638787446,1715.6850173588261,0.14596072656398745,53622.13833468905,1,0,13.633101463317871,20.86611111111111
2632,263.2,-204.48820754663384,1340.7987388074102,341.1824176558849,1717.0383875325774,0.14596072656398745,53927.525194942944,1,0,13.725213050842285,20.85194444444444
2633,263.3,-206.57159875640463,1340.9657180447605,341.3842111388932,1718.4110746214399,0.14596072656398745,54240.09981788581,1,0,14.023591995239258,20.933888888888887
2634,263.4,-208.65498996616049,1341.13269728132,341.5939541394168,1719.8378377879496,0.14596072656398745,54570.43361405475,1,0,14.818358421325684,20.93
2635,263.499,-210.74510179274088,1341.3108084662977,341.8319432164874,1721.4567430593931,0.14596072656398745,54972.630845886124,1,0,18.23830223083496,20.961944444444445
2636,263.599,-212.83521361930636,1341.4666557528565,342.0946269149745,1723.2436318924338,0.14596072656398745,55377.070526745185,1,0,17.88357162475586,20.96111111111111
2637,263.7,-214.92532544587183,1341.6336349886249,342.3571174482158,1725.0292067314092,0.14596072656398745,55786.7126204,1,0,17.854360580444336,20.97888888888889
2638,263.799,-217.02215788926185,1341.800614225184,342.608873671209,1726.7417621206698,0.14596072656398745,56173.98717797174,1,0,17.11455535888672,21.041944444444447
2639,263.899,-219.11899033262202,1341.956461512534,342.85531114152735,1728.4181370395963,0.14596072656398745,56559.01028582394,1,0,16.773284912109375,21.021944444444443
2640,263.999,-221.21582277598216,1342.1234407490933,343.08979631017473,1730.0132072010977,0.14596072656398745,56917.67657129273,1,0,15.470983505249023,21.066111111111113
2641,264.101,-223.3193758361818,1342.2792880356521,343.31832719431605,1731.5677737281753,0.14596072656398745,57279.937020020545,1,0,15.338319778442383,21.121111111111112
2642,264.2,-225.42292889635158,1342.435135323002,343.53394427906227,1733.0344949718792,0.14596072656398745,57617.70049950962,1,0,14.610873222351074,21.103888888888886
2643,264.3,-227.5264819565512,1342.6021145595614,343.74422700256133,1734.4649295689474,0.14596072656398745,57952.201933274395,1,0,14.30529499053955,21.18611111111111
2644,264.4,-229.63675563351566,1342.7579618469113,343.95176272385334,1735.8766778615495,0.14596072656398745,58285.61723838694,1,0,14.23313045501709,21.145
2645,264.5,-231.74702931050996,1342.91380913347,344.1577691086815,1737.2780229419811,0.14596072656398745,58617.24171704192,1,0,14.09499454498291,21.175
2646,264.6,-233.85058237069464,1343.0585244716106,344.3662045901943,1738.695891795167,0.14596072656398745,58959.33413518212,1,0,14.567157745361328,21.175
2647,264.7,-235.96757666448366,1343.225503707379,344.57307811870095,1740.1031355642674,0.14596072656398745,59290.050888408085,1,0,13.880208969116211,21.261944444444445
2648,264.8,-238.08457095828757,1343.3702190455194,295.269139798065,1748.4847229246404,0.02613513798850642,17676.96632287625,0,1,13.62001895904541,21.265
2649,264.9,-240.20156525206167,1343.5260663336603,270.44397037907174,1752.49032809564,0.006692907475137268,12495.222638245532,0,1,13.888911247253418,21.256111111111107
2650,265.0,-242.31855954586555,1343.6707816710098,245.5362523603083,1755.9035673203368,-0.012798438634291528,8320.45680496748,0,1,13.648917198181152,21.231944444444444
2651,265.1,-244.4355538396397,1343.8154970091502,220.53751766392767,1758.260003522327,-0.032361900199972864,5249.941225027291,0,1,14.008407592773438,21.223055555555558
2652,265.2,-246.53910689982436,1343.9602123472907,195.5096248578164,1758.7266131379035,-0.05199700387092143,3165.7191901892606,0,1,13.993529319763184,21.15888888888889
2653,265.3,-248.64938057681863,1344.1049276846402,170.77781475581435,1756.0261703025305,-0.07158918255714607,1842.149476510895,0,1,14.47554874420166,21.155
2654,265.4,-250.75965425378317,1344.2607749711992,144.34938278476835,1749.235141375688,-0.23045531464770752,1028.1190804422142,0,1,13.965888977050781,21.211111111111112
2655,265.501,-252.86320731396782,1344.41662225934,122.63739938035468,1737.6712800232212,-0.24178312575068403,547.0957544232595,0,1,13.780308723449707,21.10611111111111
2656,265.599,-254.96676037415256,1344.5613375974806,102.91595748237906,1723.1871702963108,-0.25386450811200684,268.4173851047918,0,1,13.036111831665039,21.121944444444445
2657,265.7,-257.0635928175276,1344.7060529356208,84.4248922011519,1707.2999631024068,-0.26907686166722494,120.62684658234468,0,1,13.591302871704102,21.07111111111111
2658,265.8,-259.16042526090274,1344.8619002229707,66.51423685375731,1690.8115184703433,-0.2928535985150068,51.01838831872613,0,1,13.772125244140625,20.99611111111111
2659,265.9,-261.2505370874831,1345.0177475095297,48.75117950611092,1674.152953448044,-0.33904434480470963,28.735828553055082,0,1,13.98332405090332,21.01
2660,266.0,-263.3406489140486,1345.1735947968796,30.722258870228988,1657.3832720372534,-0.5670687593171575,20.140934058344627,0,1,13.92253589630127,21.026944444444446
2661,266.1,-265.4374813574237,1345.340574032648,12.6730241598631,1640.5197105828258,-0.6680902168230857,16.545349688378362,0,1,13.666158676147461,20.999999999999996
2662,266.199,-267.52759318400405,1345.4852893707885,-5.481215968191874,1623.5513479328104,-0.8174732795654891,14.692336747784653,0,1,13.727335929870605,21.035
2663,266.3,-269.61770501055463,1345.6411366581383,-23.80644482254635,1606.466727003792,-1.018848947706542,13.58017123568814,0,1,13.612971305847168,20.968888888888888
2664,266.399,-271.7078168371201,1345.8081158931157,-42.23967803724675,1589.1138512789012,-1.2682328632509492,12.822464046652826,0,1,13.398255348205566,20.964999999999996
2665,266.499,-273.79120804689086,1345.9639631812565,-60.741680348450416,1571.3861673453548,-1.5576754944500324,12.392217077504018,0,1,13.325587272644043,20.941111111111113
2666,266.599,-275.88131987345633,1346.130942417025,-78.9995568874035,1553.4732528918441,-1.7723074984909486,11.535108485468966,0,1,13.889242172241211,20.963055555555556
2667,266.7,-277.96471108322714,1346.2867897051656,-97.47637008601795,1534.8632083940834,-2.018101482544204,11.830207091784045,0,1,15.2442045211792,20.931944444444444
2668,266.799,-280.0279404425691,1346.4315050417242,-115.85948466187126,1515.802304290535,-2.2625783837190365,12.206426737636473,0,1,16.392589569091797,20.808888888888887
2669,266.899,-282.1247728859442,1346.6318801259117,-134.2165089398277,1496.2835965825782,-2.4876755875245173,13.528061316932906,0,1,19.330371856689453,20.96388888888889
2670,267.0,-284.20816409570006,1346.8211232600988,-152.57127375400106,1476.5176133521618,-2.670316919325103,13.693019430274719,0,1,19.45484733581543,20.98611111111111
2671,267.1,-286.28483468866125,1346.9992344458676,-171.07076356728453,1456.9095140891716,-2.7869450247434226,14.683195790105218,0,1,21.14574432373047,20.88888888888889
2672,267.2,-288.3749465152267,1347.2218734268922,-190.4738316993975,1438.3678548773178,-2.682078461477395,13.39425330627758,0,1,21.205474853515625,20.985000000000003
2673,267.3,-290.4583377249975,1347.3888526634514,-207.8173933163541,1421.8745910698456,-2.659439782102856,12.981196778709215,0,1,20.071510314941406,20.945
2674,267.4,-292.54172893475334,1347.5892277468479,-222.80303692798023,1408.3196342312922,-2.610267543605951,13.576602651818499,0,1,21.09690284729004,20.963055555555556
2675,267.5,-294.6318407613188,1347.800734779454,-235.85813452407766,1397.1054986832696,-2.5481137745750715,13.895941995925202,0,1,21.45014762878418,20.98
2676,267.6,-296.72195258789924,1347.989977913641,-247.23841774518255,1387.8599117566164,-2.4834465945457187,13.844055233196809,0,1,21.029155731201172,21.016944444444444
2677,267.7,-298.80534379767,1348.1903529970377,-257.17386271287035,1380.2401612966921,-2.4224623004339247,14.10174798867152,0,1,21.326374053955078,20.986944444444443
2678,267.8,-300.9088968578398,1348.3795961312248,-266.68581127511567,1374.582893851899,-2.228379622773936,12.787521573342136,0,1,20.636173248291016,21.09111111111111
2679,267.9,-302.9990086844053,1348.5799712154126,-274.22506651522986,1369.433442371553,-2.1963092860036646,12.791535116542427,0,1,20.539337158203125,21.02
2680,268.0,-305.0958411277804,1348.780346298018,-280.82124064024447,1365.20867674923,-2.171301208542934,12.682608988977695,0,1,19.946956634521484,21.07111111111111
2681,268.1,-307.19267357115547,1348.9807213822055,-286.62817439207356,1361.7504456023019,-2.15091472564404,12.568037538236442,0,1,19.37499237060547,21.134999999999998
2682,268.2,-309.2962266313253,1349.1699645163928,-291.79955574683055,1358.919706866429,-2.1333713010589728,12.61144684732107,0,1,19.256668090820312,21.141944444444444
2683,268.3,-311.39977969150993,1349.3703395997893,-296.4425750819609,1356.618275797439,-2.1173946170788245,12.455674642208702,0,1,18.620723724365234,21.165
2684,268.4,-313.5033327516946,1349.5595827339764,-301.1759286165359,1355.4411876792442,-1.9810412108388984,11.592909993709,0,1,18.019893646240234,21.16111111111111
2685,268.5,-315.61360642868897,1349.7488258689546,-304.9791519184796,1353.9643877041688,-1.9720022643294366,11.657461988029816,0,1,18.128223419189453,21.196944444444444
2686,268.6,-317.72388010568324,1349.9492009515602,-308.4574551898305,1352.7975337404669,-1.9633393950813036,11.375821016419177,0,1,16.899316787719727,21.21
2687,268.7,-319.82743316585305,1350.1495760349567,-311.62709268531063,1351.901072506485,-1.9546085656744567,11.163383406559559,0,1,15.93045425415039,21.17888888888889
2688,268.8,-321.9377068428473,1350.3610830675627,-314.58611314742336,1351.2143011815758,-1.9455489786063715,11.210428273380955,0,1,15.877897262573242,21.211944444444445
2689,268.9,-324.04125990301714,1350.5614581509594,-317.3998019129768,1350.6890604590492,-1.9360782806397479,11.228140325123134,0,1,15.717805862426758,21.186944444444443
2690,269.0,-326.14481296320184,1350.761833234356,-320.3723137324602,1350.764243368858,-1.840707983132935,11.00999140181712,0,1,16.59252166748047,21.168888888888887
2691,269.1,-328.25508664016627,1350.9622083177524,-323.006967400561,1350.4777697594895,-1.83371286034306,10.93037634434815,0,1,16.118432998657227,21.218055555555555
2692,269.2,-330.37208093397015,1351.162583401149,-325.5293641324307,1350.2923842941298,-1.8264606310210096,10.969208515140474,0,1,15.93442153930664,21.241944444444446
2693,269.3,-332.4756339941549,1351.3629584845457,-328.0544458260697,1350.1638149656435,-1.818859170685015,11.63480654251847,0,1,17.840566635131836,21.211944444444445
2694,269.399,-334.58590767113424,1351.5744655171516,-330.595025090589,1350.0841263762782,-1.8107852806175389,11.90408620488873,0,1,18.320556640625,21.206944444444442
2695,269.499,-336.7029019649233,1351.8082364481763,-333.1210897940374,1350.0601539049132,-1.8021435099253462,12.184286296877987,0,1,18.7428035736084,21.30888888888889
2696,269.6,-338.806455025108,1352.0420073784103,-335.73917998409314,1350.4674486216802,-1.7319728117416506,11.67330308432831,0,1,18.882734298706055,21.265
2697,269.7,-340.923449318897,1352.2646463602257,-338.16129885822295,1350.5574651402724,-1.725330236010828,11.731909081571475,0,1,18.83419418334961,21.289999999999996
2698,269.8,-343.0337229958913,1352.4984172904597,-340.5201897107137,1350.6879066487588,-1.7184589256647473,11.790566488295376,0,1,18.60497283935547,21.328888888888887
2699,269.899,-345.1574379064899,1352.7321882206934,-342.86845537067705,1350.843746909334,-1.7113323526375646,12.336519953527075,0,1,19.887279510498047,21.34388888888889
2700,270.0,-347.2744322002789,1352.9770911009277,-344.85070274458064,1350.563321012011,-1.7113323526375646,14.381487591608696,0,0,19.75547981262207,21.34
2701,270.1,-349.3847058772583,1353.2219939811619,-346.8436345128955,1350.2813837306667,-1.7113323526375646,16.821372439668533,0,0,20.500032424926758,21.29388888888889
2702,270.2,-351.5017001710473,1353.4557649113958,-348.83058611161067,1350.0002924555858,-1.7113323526375646,18.707368726855353,0,0,19.634685516357422,21.323055555555555
2703,270.3,-353.6119738480267,1353.6895358424206,-350.8108911679117,1349.7201414576025,-1.7113323526375646,21.324133824474124,0,0,20.36577796936035,21.308055555555555
2704,270.4,-355.72224752503587,1353.934438721864,-352.82185758894883,1349.4356528390576,-1.7113323526375646,23.687153704564725,0,0,20.254018783569336,21.261944444444445
2705,270.5,-357.8258005852057,1354.179341602098,-354.82335229989377,1349.1525041701466,-1.7113323526375646,26.149917565632133,0,0,20.174457550048828,21.216944444444444
2706,270.6,-359.9293536453904,1354.4242444815413,-356.7900979866337,1348.8742713972886,-1.7113323526375646,28.428801442411796,0,0,19.5521183013916,21.17
2707,270.7,-362.0261860887655,1354.6691473609847,-358.7098501784974,1348.6026867286942,-1.7113323526375646,30.90978900488811,0,0,19.225229263305664,21.22388888888889
2708,270.8,-364.1230185321405,1354.914050241219,-360.55345692969195,1348.3418742495296,-1.7113323526375646,33.00811670107745,0,0,18.01404571533203,21.143055555555552
2709,270.9,-366.21985097551567,1355.1478211714527,-362.303300294767,1348.094326345998,-1.7113323526375646,35.38602908293671,0,0,17.331289291381836,21.128888888888888
2710,271.0,-368.30996280208115,1355.3815921024775,-364.00823577874183,1347.8531314978543,-1.7113323526375646,38.029361074891995,0,0,17.106945037841797,21.043888888888887
2711,271.1,-370.38663339504234,1355.6153630327115,-365.65656507792454,1347.6199446478274,-1.7113323526375646,40.37745543986628,0,0,16.18789291381836,20.978055555555557
2712,271.199,-372.4633039880034,1355.8602659129456,-367.2387845450504,1347.3961102636583,-1.7113323526375646,43.12761593437809,0,0,16.094406127929688,20.96
2713,271.301,-374.5399745809497,1356.1051687923891,-368.8811370815675,1347.1637689379208,-1.7113323526375646,46.268825007850424,0,0,16.42923355102539,20.933055555555555
2714,271.4,-376.6032039402917,1356.338939723414,-370.4845991439522,1346.936929393389,-1.7113323526375646,49.16872868952946,0,0,16.286481857299805,20.82
2715,271.5,-378.67315391644325,1356.5838426028572,-372.02602135603104,1346.7188665400656,-1.7113323526375646,51.45147578937249,0,0,14.84892463684082,20.836111111111112
2716,271.599,-380.73638327580016,1356.8287454823003,-373.46749094960643,1346.5149438444598,-1.7113323526375646,54.27901884811883,0,0,14.561630249023438,20.833055555555553
2717,271.7,-382.7861714015229,1357.0736483625346,-374.86816006391734,1346.3167931358253,-1.7113323526375646,56.77110030159497,0,0,13.450562477111816,20.678055555555556
2718,271.8,-384.84268014407013,1357.3185512427688,-376.18965927511715,1346.1298424831095,-1.7113323526375646,59.6630447511604,0,0,13.24258804321289,20.705
2719,271.9,-386.89246826979286,1357.563454122212,-377.5812349485974,1345.9329782108832,-1.7113323526375646,63.635834293574405,0,0,14.866046905517578,20.675
2720,272.0,-388.92881516192614,1357.797225052446,-378.9665998612345,1345.7369925663425,-1.7113323526375646,65.92408156569422,0,0,13.117136001586914,20.571944444444444
2721,272.1,-390.97188267085426,1358.0532598810985,-380.264092890202,1345.5534380347892,-1.7113323526375646,69.07583073004501,0,0,13.091110229492188,20.593055555555555
2722,272.199,-393.01495017978226,1358.2981627613328,-381.524372078514,1345.375148093439,-1.7113323526375646,72.00363477507804,0,0,12.62258529663086,20.56694444444444
2723,272.299,-395.0445764550911,1358.5319336915668,-382.7879892516811,1345.196385932021,-1.7113323526375646,75.39956965139439,0,0,12.901397705078125,20.496111111111112
2724,272.4,-397.07420273041487,1358.776836571801,-384.0574459479516,1345.0167976614032,-1.7113323526375646,78.52427386099303,0,0,12.486658096313477,20.47611111111111
2725,272.5,-399.097108388929,1359.0328714004536,-385.30941363629563,1344.8396835363767,-1.7113323526375646,82.06046787063316,0,0,12.80201530456543,20.44
2726,272.6,-401.1267346642527,1359.2889062283152,-386.64379267164406,1344.6509107928787,-1.7113323526375646,86.41429804316661,0,0,14.151296615600586,20.458055555555557
2727,272.7,-403.1496403227668,1359.5338091085498,-388.03838028982256,1344.4536204250312,-1.7113323526375646,90.07494187148335,0,0,14.018177032470703,20.413055555555555
2728,272.8,-405.1658253644564,1359.778711988784,-389.44361703096916,1344.2548235405905,-1.7113323526375646,94.14938509162934,0,0,14.366399765014648,20.37111111111111
2729,272.9,-407.18201040616094,1360.0570107158555,-390.8868868330221,1344.0506461719988,-1.7113323526375646,98.44282206302341,0,0,14.786412239074707,20.408888888888885
2730,273.0,-409.1981954478803,1360.3019135952986,-392.34166462072636,1343.8448407847063,-1.7113323526375646,102.44349744695067,0,0,14.598851203918457,20.323055555555555
2731,273.1,-411.2076598727753,1360.5690803731607,-393.8321352325936,1343.6339859832954,-1.7113323526375646,107.40512539431673,0,0,15.507376670837402,20.32194444444444
2732,273.2,-413.21712429768513,1360.8251152018136,-395.3307775279479,1343.4219751452038,-1.7113323526375646,111.28086793881533,0,0,14.763912200927734,20.25
2733,273.3,-415.21986810577044,1361.0922819796756,-396.8187328822383,1343.2114761737787,-1.7113323526375646,116.19910517626876,0,0,15.291509628295898,20.281111111111112
2734,273.4,-417.23605314747493,1361.3037890122816,-398.30777783209714,1343.0008230587864,-1.7113323526375646,120.44772620721993,0,0,14.785921096801758,20.256944444444443
2735,273.5,-419.2455175723848,1361.582087739353,-399.7412687051318,1342.798029101662,-1.7113323526375646,124.6130352904327,0,0,14.169364929199219,20.313055555555554
2736,273.6,-421.24154076366045,1361.849254517215,-401.1783614096418,1342.5947255984559,-1.7113323526375646,129.8928691965394,0,0,14.858675003051758,20.223888888888887
2737,273.7,-423.2442845717607,1362.0941573974494,-402.6294191430037,1342.3894464820696,-1.7113323526375646,134.46522533742626,0,0,14.451446533203125,20.148888888888887
2738,273.8,-425.25374899667054,1362.3724561245208,-404.04769434601076,1342.1888050645905,-1.7113323526375646,139.1956251325349,0,0,14.19649600982666,20.33388888888889
2739,273.9,-427.24977218794623,1362.6284909531737,-405.49173623214136,1341.9845184703397,-1.7113323526375646,144.93966284956747,0,0,14.971911430358887,20.191111111111113
2740,274.0,-429.259236612856,1362.8845257818264,-406.9625445494767,1341.776445266349,-1.7113323526375646,150.0422368066235,0,0,14.737154960632324,20.236944444444447
2741,274.1,-431.2552598041467,1363.1516925588974,-408.4508641567274,1341.565894764565,-1.7113323526375646,156.03050111018615,0,0,15.325624465942383,20.181944444444444
2742,274.2,-433.2647242290416,1363.4077273875503,-409.99863064972334,1341.3469343946572,-1.7113323526375646,162.3695771286061,0,0,15.937931060791016,20.29
2743,274.3,-435.2674680371417,1363.6748941669941,-411.597462905428,1341.1207498224276,-1.7113323526375646,168.84432050353414,0,0,16.35710906982422,20.21611111111111
2744,274.399,-437.2634912284324,1363.9309289948558,-413.255737940239,1340.8861559630345,-1.7113323526375646,176.38911583322098,0,0,17.476964950561523,20.191111111111113
2745,274.5,-439.26623503653263,1364.198095773509,-415.0281560768109,1340.6354144380234,-1.7113323526375646,183.88270242013195,0,0,17.969892501831055,20.248055555555556
2746,274.6,-441.26225822780833,1364.4763944997894,-416.7978038493689,1340.3850648325504,-1.7113323526375646,190.7925595243993,0,0,17.775474548339844,20.188055555555554
2747,274.7,-443.26500203590854,1364.7435612776517,-418.579361442566,1340.1330303613406,-1.7113323526375646,198.66297453567714,0,0,18.210460662841797,20.19888888888889
2748,274.8,-445.2677458439938,1365.0107280563047,-420.3506544203934,1339.8824480109697,-1.7113323526375646,205.46202701120583,0,0,17.568138122558594,20.23
2749,274.9,-447.270489652094,1365.2778948341668,-422.0581774931865,1339.6408871002402,-1.7113323526375646,212.2514734257193,0,0,16.92236328125,20.203055555555558
2750,275.0,-449.2665128433846,1365.5561935604474,-423.7708615795376,1339.3985960681111,-1.7113323526375646,220.85488359709237,0,0,17.672386169433594,20.215
2751,275.099,-451.2692566514848,1365.8233603391004,-425.44010001278707,1339.1624512320118,-1.7113323526375646,227.12824332380725,0,0,16.3853759765625,20.208888888888886
2752,275.2,-453.26527984277544,1366.101659065381,-427.13810531389464,1338.9222367871855,-1.7113323526375646,236.60869857446016,0,0,17.573287963867188,20.205
2753,275.3,-455.26802365086075,1366.3799577932434,-428.90523329636983,1338.6722436529058,-1.7113323526375646,245.85460791916896,0,0,18.12118148803711,20.23
2754,275.4,-457.2640468421513,1366.658256520315,-430.7764886177574,1338.4075197690272,-1.7113323526375646,257.1597410800899,0,0,19.676570892333984,20.206944444444446
2755,275.5,-459.26679065025155,1366.9365552465954,-432.74184414712056,1338.129483659797,-1.7113323526375646,267.5458322223534,0,0,20.02192497253418,20.23611111111111
2756,275.6,-461.2628138415571,1367.214853974458,-434.68905662132386,1337.854014223309,-1.7113323526375646,276.627068291962,0,0,19.310096740722656,20.181944444444444
2757,275.699,-463.2655576496424,1367.4931527007386,-436.54201987575004,1337.5918780926647,-1.7113323526375646,285.4206120245731,0,0,18.496234893798828,20.21
2758,275.8,-465.26158084091804,1367.77145142781,-438.4350993403074,1337.3240667776504,-1.7113323526375646,297.05058660311926,0,0,19.363746643066406,20.238888888888887
2759,275.901,-467.2643246490183,1368.0608821033002,-440.3371999932993,1337.0549792476736,-1.7113323526375646,306.78871392094953,0,0,18.676651000976562,20.246111111111112
2760,276.0,-469.2670684571185,1368.35031277879,-442.1485614709653,1336.7987284624412,-1.7113323526375646,316.74264669641695,0,0,18.280872344970703,20.26
2761,276.1,-471.2765328819985,1368.617479558234,-443.9073190478904,1336.5499194777758,-1.7113323526375646,325.8283491921174,0,0,17.244522094726562,20.26888888888889
2762,276.2,-473.27255607330403,1368.9069102337241,-445.59214219725243,1336.3115698935958,-1.7113323526375646,335.579088378391,0,0,16.787460327148438,20.18888888888889
2763,276.299,-475.2685792645947,1369.2074728592142,-447.2557789459326,1336.07621752001,-1.7113323526375646,346.5333176278124,0,0,17.156009674072266,20.24111111111111
2764,276.4,-477.2713230726949,1369.485771585495,-448.90849366567915,1335.8424102706445,-1.7113323526375646,355.514252746943,0,0,15.896881103515625,20.25111111111111
2765,276.5,-479.2807874975898,1369.7640703125664,-450.4537178004901,1335.6238095646079,-1.7113323526375646,365.0200069921977,0,0,15.31532096862793,20.318055555555553
2766,276.6,-481.28353130569,1370.0646329380568,-451.9252979658351,1335.4156271683544,-1.7113323526375646,373.92432922579746,0,0,14.40933609008789,20.24694444444444
2767,276.7,-483.2661132633614,1370.387459461175,-453.31185143375615,1335.2194733805532,-1.7113323526375646,382.6659659882421,0,0,13.597854614257812,20.195
2768,276.799,-485.27557768825625,1370.676890137456,-454.6379405533074,1335.031873399896,-1.7113323526375646,391.97602189001685,0,0,13.458572387695312,20.3
2769,276.9,-487.2648802627521,1370.9774527621553,-455.9837184683869,1334.8414880727598,-1.7113323526375646,401.7491098022573,0,0,13.455842971801758,20.203055555555558
2770,277.0,-489.2676240708524,1371.2668834392273,-457.30090212004905,1334.6551479362408,-1.7113323526375646,411.13438509613104,0,0,13.150136947631836,20.221944444444443
2771,277.1,-491.25692664531846,1371.5563141147172,-458.58598883010944,1334.473348509343,-1.7113323526375646,420.43122257001266,0,0,12.807512283325195,20.169999999999998
2772,277.2,-493.25294983662394,1371.8346128417886,-459.8500302647284,1334.2945263282481,-1.7113323526375646,430.03331210249013,0,0,12.725040435791016,20.158055555555556
2773,277.299,-495.24225241109,1372.1240435172786,-461.098803105702,1334.117864173829,-1.7113323526375646,439.7877006886735,0,0,12.753889083862305,20.15888888888889
2774,277.4,-497.22483436876144,1372.4357380919785,-462.36087828773356,1333.939320155749,-1.7113323526375646,449.47178667023564,0,0,12.486542701721191,20.169999999999998
2775,277.5,-499.21413694325736,1372.7363007166778,-463.5938884862367,1333.7648879204048,-1.7113323526375646,459.3122075329135,0,0,12.419205665588379,20.143055555555556
2776,277.6,-501.18999828411916,1373.0368633421683,-464.8330144990247,1333.5895904893323,-1.7113323526375646,469.63485874240433,0,0,12.610076904296875,20.06388888888889
2777,277.7,-503.1725802418055,1373.326294018449,-466.10651026913047,1333.409430816565,-1.7113323526375646,480.7290159071051,0,0,13.113445281982422,20.09
2778,277.8,-505.1618828162865,1373.6045927455207,-467.4163228856132,1333.2241334501257,-1.7113323526375646,491.92441162185554,0,0,13.343646049499512,20.135
2779,277.9,-507.1579060075771,1373.882891471801,-468.7241741073152,1333.0391135594741,-1.7113323526375646,502.64591829119496,0,0,13.073826789855957,20.116944444444446
2780,278.0,-509.14048796526345,1374.138926301245,-470.0381194250446,1332.853231545546,-1.7113323526375646,514.4185438551854,0,0,13.466741561889648,19.996111111111112
2781,278.101,-511.10290807252085,1374.4617528243632,-471.3861970326574,1332.66252088411,-1.7113323526375646,526.1722653731681,0,0,13.49366569519043,20.026944444444442
2782,278.199,-513.0787694133975,1374.7623154490625,-472.6996283830859,1332.4767115804202,-1.7113323526375646,537.8645074227561,0,0,13.577953338623047,19.99388888888889
2783,278.3,-515.0479101374498,1375.0628780745528,-474.0900330940152,1332.280012962635,-1.7113323526375646,551.1727962675707,0,0,14.228960037231445,19.983055555555552
2784,278.4,-517.0304920951361,1375.3411768016242,-475.54613106853327,1332.074020810353,-1.7113323526375646,565.692720151223,0,0,15.18297004699707,20.061944444444443
2785,278.5,-519.0197946696319,1375.6083435794865,-477.06330451487884,1331.8593883961423,-1.7113323526375646,579.9632898121831,0,0,15.462632179260254,20.035
2786,278.6,-520.9956560104938,1375.8755103573485,-478.6731137920355,1331.6316509199776,-1.7113323526375646,597.4512370751501,0,0,17.054134368896484,19.96
2787,278.7,-522.9782379681651,1376.1426771352105,-480.38893966049676,1331.3889154243095,-1.7113323526375646,614.4636437162429,0,0,17.604076385498047,20.011944444444445
2788,278.8,-524.9473786922023,1376.4321078114915,-482.1251004285034,1331.143303178727,-1.7113323526375646,630.7316849678487,0,0,17.464881896972656,19.97
2789,278.9,-526.9434018835377,1376.7326704361908,-483.9611734936493,1330.883556479634,-1.7113323526375646,652.6599860906441,0,0,19.62221908569336,20.139999999999997
2790,279.0,-528.9259838412091,1377.0109691632624,-485.93815801713174,1330.6038752328036,-1.7113323526375646,673.5089645039031,0,0,20.311172485351562,20.06388888888889
2791,279.1,-530.9085657988805,1377.267003991915,-488.0795038632778,1330.3009420185917,-1.7113323526375646,700.9495231066594,0,0,22.942176818847656,20.041944444444447
2792,279.2,-532.8978683733466,1377.5453027189867,-490.3785151986676,1329.975704087226,-1.7113323526375646,725.7346965760921,0,0,23.495880126953125,20.04611111111111
2793,279.3,-534.8871709478425,1377.8124694968487,-492.6806829523874,1329.6500196217557,-1.7113323526375646,748.5127497191304,0,0,23.00593376159668,20.016111111111112
2794,279.4,-536.8831941391331,1378.079636274711,-495.0012277518905,1329.3217353812156,-1.7113323526375646,775.5186215363544,0,0,23.867080688476562,20.165
2795,279.5,-538.872496713614,1378.3579350017824,-497.3470696952206,1328.9898723889742,-1.7113323526375646,800.2652880968349,0,0,23.51691436767578,20.13888888888889
2796,279.6,-540.86179928811,1378.6473656780634,-499.6782280186345,1328.6600866679896,-1.7113323526375646,826.5353414799588,0,0,23.570484161376953,20.138055555555557
2797,279.7,-542.871263713005,1378.9367963543443,-501.9895437859725,1328.333108045775,-1.7113323526375646,851.8732163140578,0,0,23.116111755371094,20.293055555555558
2798,279.8,-544.8740075211051,1379.2262270306253,-504.26913795986735,1328.0106170332,-1.7113323526375646,878.1750691774374,0,0,22.92973518371582,20.225
2799,279.9,-546.8767513291905,1379.5267896553246,-506.5732917066539,1327.684651612057,-1.7113323526375646,907.6704343276197,0,0,23.612194061279297,20.255000000000003
2800,280.0,-548.8794951372906,1379.827352280815,-508.9416179016688,1327.3496078040475,-1.7113323526375646,938.4253561089541,0,0,24.225963592529297,20.326944444444443
2801,280.1,-550.8822389453759,1380.116782957096,-511.300958781146,1327.0158351361117,-1.7113323526375646,965.8332513502179,0,0,23.43069839477539,20.261944444444442
2802,280.2,-552.8917033702858,1380.4173455817952,-513.5771334625056,1326.693827874383,-1.7113323526375646,992.6921779449076,0,0,22.546077728271484,20.323055555555555
2803,280.3,-554.9146090287999,1380.729040156495,-515.7729233936302,1326.3831925313034,-1.7113323526375646,1019.603614622275,0,0,21.806995391845703,20.486944444444443
2804,280.399,-556.9240734536799,1381.0296027811944,-517.8781694248974,1326.0853663076198,-1.7113323526375646,1046.164932771222,0,0,21.146705627441406,20.348055555555554
2805,280.501,-558.946979112209,1381.3524293051037,-519.973305979033,1325.7889702575847,-1.7113323526375646,1072.8635313177704,0,0,20.34345245361328,20.468055555555555
2806,280.6,-560.9766053875178,1381.6641238782215,-521.9733638874486,1325.506024851126,-1.7113323526375646,1101.0908119629269,0,0,20.46407699584961,20.52388888888889
2807,280.7,-562.9927904292372,1381.9758184529212,-523.961079496715,1325.2248254925369,-1.7113323526375646,1127.4522156363762,0,0,19.686073303222656,20.446944444444444
2808,280.8,-565.0156960877364,1382.2652491292022,-525.9051021253575,1324.9498073190573,-1.7113323526375646,1155.35848913977,0,0,19.58151626586914,20.478055555555557
2809,280.9,-567.0453223630602,1382.5658117539015,-527.7588383665851,1324.687561835047,-1.7113323526375646,1178.7221373304387,0,0,17.86236572265625,20.509999999999998
2810,281.0,-569.0749486383838,1382.8552424301824,-529.5077613496511,1324.4401441366763,-1.7113323526375646,1204.1387861024334,0,0,17.464378356933594,20.528055555555557
2811,281.1,-571.097854296883,1383.1335411572538,-531.2307407402159,1324.1963966422004,-1.7113323526375646,1230.1737124797785,0,0,17.338327407836914,20.48
2812,281.2,-573.1274805722068,1383.456367681163,-532.9675571163365,1323.9506916486512,-1.7113323526375646,1257.9778200187118,0,0,17.743873596191406,20.561944444444443
2813,281.3,-575.150386230721,1383.7569303058624,-534.6589025419072,1323.7114193671405,-1.7113323526375646,1281.690961633719,0,0,16.41985321044922,20.496944444444445
2814,281.4,-577.1800125060447,1384.0463609821434,-536.2900552484174,1323.480662465754,-1.7113323526375646,1307.9923685055987,0,0,16.528032302856445,20.546944444444442
2815,281.5,-579.2029181645439,1384.3469236068427,-537.9007280151905,1323.252802832916,-1.7113323526375646,1332.9956832051419,0,0,16.006175994873047,20.488055555555558
2816,281.6,-581.2325444398676,1384.6474862315422,-539.4447332363688,1323.0343745648931,-1.7113323526375646,1356.7226150923432,0,0,15.181405067443848,20.53388888888889
2817,281.7,-583.2621707151914,1384.9480488570325,-540.9417709773674,1322.8225907208712,-1.7113323526375646,1381.465174032379,0,0,15.057473182678223,20.501944444444444
2818,281.8,-585.2850763736906,1385.2374795333135,-542.3917025246171,1322.6174709244656,-1.7113323526375646,1404.3927683925092,0,0,14.229900360107422,20.478055555555557
2819,281.9,-587.3079820322047,1385.5380421580128,-543.8933338660714,1322.4050372301856,-1.7113323526375646,1433.8595249893106,0,0,16.101764678955078,20.44611111111111
2820,281.999,-589.3174464571146,1385.827472834294,-545.5030790101564,1322.1773088268371,-1.7113323526375646,1463.0108775619474,0,0,16.742145538330078,20.355
2821,282.1,-591.3470727324383,1386.1391674082026,-547.2045368542656,1321.9366059555614,-1.7113323526375646,1493.9174884951974,0,0,17.285566329956055,20.493055555555557
2822,282.2,-593.3498165405236,1386.417466136065,-548.9227957342043,1321.6935262651486,-1.7113323526375646,1524.561745462664,0,0,17.421789169311523,20.369999999999997
2823,282.3,-595.3727221990376,1386.7180287607644,-550.6654990802688,1321.4469884501614,-1.7113323526375646,1556.5838925260678,0,0,17.77932357788086,20.423055555555553
2824,282.4,-597.3821866239327,1387.0185913854637,-552.3897538047228,1321.2030605359766,-1.7113323526375646,1586.0802579138979,0,0,17.049142837524414,20.388055555555553
2825,282.5,-599.3916510488276,1387.3080220617449,-554.0811560754736,1320.9637802126576,-1.7113323526375646,1617.343838722068,0,0,17.115732192993164,20.301944444444445
2826,282.6,-601.3943948569279,1387.5974527380258,-555.7525962453027,1320.7273238999512,-1.7113323526375646,1647.3840850618142,0,0,16.645925521850586,20.281111111111112
2827,282.7,-603.3971386650279,1387.9314112103534,-557.48653551878,1320.4820259261055,-1.7113323526375646,1684.3782111381909,0,0,18.37816047668457,20.37111111111111
2828,282.8,-605.4066030899379,1388.2765016326814,-559.3049738304353,1320.224773991026,-1.7113323526375646,1718.996087827172,0,0,18.352733612060547,20.395
2829,282.899,-607.3959056644188,1388.5881962057992,-561.0589435153665,1319.976642342772,-1.7113323526375646,1750.5817861770533,0,0,17.433815002441406,20.245
2830,282.999,-609.3986494725041,1388.899890780499,-562.8236297046338,1319.7269946455763,-1.7113323526375646,1787.2065001959832,0,0,18.211332321166992,20.24888888888889
2831,283.1,-611.408113897414,1389.2115853544078,-564.4566850240425,1319.4959685841932,-1.7113323526375646,1810.8289563184367,0,0,14.448387145996094,20.323888888888888
2832,283.199,-613.3906958550853,1389.5232799283165,-565.8840358895965,1319.2940432453747,-1.7113323526375646,1840.2619922666063,0,0,14.674100875854492,20.174999999999997
2833,283.3,-615.3732778127717,1389.857238400644,-567.3515481571998,1319.0864363289486,-1.7113323526375646,1870.3402988941198,0,0,14.674898147583008,20.086944444444445
2834,283.4,-617.3760216208569,1390.1911968737627,-568.7734127272897,1318.885287128708,-1.7113323526375646,1898.4779869704087,0,0,14.045546531677246,20.26
2835,283.5,-619.3518829617336,1390.5696831421371,-570.214157073628,1318.6814670328185,-1.7113323526375646,1930.844603522823,0,0,15.056253433227539,20.19388888888889
2836,283.6,-621.334464919405,1390.9036416144647,-571.6888315714115,1318.472846885665,-1.7113323526375646,1961.2861303497566,0,0,14.73090648651123,20.09388888888889
2837,283.7,-623.3170468770765,1391.2709959344206,-573.1549450151082,1318.2654378589084,-1.7113323526375646,1992.9589500916427,0,0,14.88332748413086,20.151944444444442
2838,283.8,-625.2727463675393,1391.6049544067482,-574.5978652948463,1318.0613099367517,-1.7113323526375646,2022.7634019290285,0,0,14.26242446899414,19.974999999999998
2839,283.9,-627.2418870916063,1391.9834406751227,-576.0063769604686,1317.862049753307,-1.7113323526375646,2053.3913319765056,0,0,14.188302993774414,20.068055555555556
2840,284.0,-629.1908659652595,1392.3953227911252,-577.3814298552759,1317.6675229355653,-1.7113323526375646,2082.495375637409,0,0,13.586585998535156,19.996111111111112
2841,284.1,-631.1465654557072,1392.7515451618715,-578.6106173570608,1317.4936314918011,-1.7113323526375646,2105.55629709398,0,0,11.241947174072266,19.953055555555554
2842,284.2,-633.1089855629797,1393.1188994810366,-579.7511632045646,1317.3322800594008,-1.7113323526375646,2132.4749383565077,0,0,11.796100616455078,19.976111111111113
2843,284.3,-635.0579644366179,1393.4639899017825,-580.8818334295875,1317.1723257175572,-1.7113323526375646,2157.035266336719,0,0,11.042468070983887,19.83111111111111
2844,284.4,-637.0069433102711,1393.7979483749011,-581.9642353924075,1317.0191998195355,-1.7113323526375646,2181.7190146847865,0,0,10.821123123168945,19.796944444444442
2845,284.5,-638.962642800719,1394.2432263385322,-583.0072967607525,1316.8716393806174,-1.7113323526375646,2205.148386004375,0,0,10.247821807861328,19.903055555555557
2846,284.6,-640.9049010575626,1394.6328445561157,-584.0327971232565,1316.7265632727351,-1.7113323526375646,2229.6911311047215,0,0,10.466405868530273,19.89388888888889
2847,284.7,-642.8404386975964,1395.0224627744904,-585.0703127343792,1316.5797873843667,-1.7113323526375646,2254.352407719401,0,0,10.490519523620605,19.828055555555554
2848,284.8,-644.7759763376453,1395.4454768389114,-586.0880203025729,1316.435813712241,-1.7113323526375646,2277.997571940799,0,0,10.066300392150879,19.736944444444443
2849,284.9,-646.698072744075,1395.8350950564952,-586.9581291246744,1316.3127206291374,-1.7113323526375646,2295.513330961666,0,0,7.509151458740234,19.748055555555556
2850,285.0,-648.6268897672994,1396.258109121707,-587.7211099236094,1316.2047827982544,-1.7113323526375646,2314.882748287763,0,0,7.902406215667725,19.69694444444444
2851,285.1,-650.5422655569195,1396.6811231869192,-588.4985310743625,1316.0948021109134,-1.7113323526375646,2334.0508675664855,0,0,7.8008341789245605,19.666944444444443
2852,285.2,-652.4576413465395,1397.0930053029217,-589.2892499604858,1315.9829402114717,-1.7113323526375646,2354.2499119328127,0,0,8.171009063720703,19.56888888888889
2853,285.3,-654.3662965193647,1397.5382832657617,-590.1182537212773,1315.8656622041372,-1.7113323526375646,2375.514295119933,0,0,8.574155807495117,19.639999999999997
2854,285.4,-656.2682310753656,1397.972429280183,-590.9984480303333,1315.741142341242,-1.7113323526375646,2398.467531061387,0,0,9.2050142288208,19.568055555555553
2855,285.5,-658.1567243977621,1398.4177072430227,-591.9338368374015,1315.6088141895925,-1.7113323526375646,2422.67956629477,0,0,9.689037322998047,19.47388888888889
2856,285.6,-660.0317764865543,1398.874117155072,-592.9056087787469,1315.4713389666142,-1.7113323526375646,2447.548648198058,0,0,9.939922332763672,19.423055555555557
2857,285.7,-661.9068285753465,1399.375054863959,-593.8924635310358,1315.3317299993803,-1.7113323526375646,2472.614177026789,0,0,9.993697166442871,19.47
2858,285.8,-663.7415569632811,1399.8871245212645,-594.8935111650342,1315.19011318494,-1.7113323526375646,2498.503979086244,0,0,10.226606369018555,19.319999999999997
2859,285.901,-665.6098884352787,1400.3880622301515,-595.9160049359181,1315.0454624153863,-1.7113323526375646,2524.6931069432826,0,0,10.222400665283203,19.366111111111113
2860,286.0,-667.4782199072612,1400.8667360406196,-596.9157082890547,1314.904035774487,-1.7113323526375646,2550.399473097745,0,0,10.174720764160156,19.29
2861,286.1,-669.3331101456247,1401.3342779018783,-597.9340248183219,1314.7599759534867,-1.7113323526375646,2577.240109110167,0,0,10.394399642944336,19.141111111111112
2862,286.199,-671.1947210008126,1401.835215609974,-598.9537630606503,1314.6157150047197,-1.7113323526375646,2603.9190545785345,0,0,10.411497116088867,19.228055555555557
2863,286.299,-673.029449388762,1402.3472852688615,-599.9945748423715,1314.468472811688,-1.7113323526375646,2631.6698948893086,0,0,10.612008094787598,19.13
2864,286.401,-674.857457159887,1402.8482229769575,-601.0808360952869,1314.3148009452718,-1.7113323526375646,2660.966791908581,0,0,10.899311065673828,19.01888888888889
2865,286.499,-676.678744314247,1403.4382162779377,-602.1506651469406,1314.1634537194802,-1.7113323526375646,2689.9395516094382,0,0,11.151330947875977,19.108055555555556
2866,286.6,-678.4933108517826,1403.9614178844524,-603.284574362165,1314.0030411622045,-1.7113323526375646,2721.0790896316184,0,0,11.525890350341797,18.988055555555555
2867,286.7,-680.294436155699,1404.5180153385957,-604.4269685750792,1313.841428244124,-1.7113323526375646,2751.9381710128537,0,0,11.549492835998535,18.883888888888887
2868,286.8,-682.1090026932196,1405.108008639576,-605.5766245236784,1313.6787880184108,-1.7113323526375646,2783.438781260359,0,0,11.672571182250977,19.051111111111112
2869,286.9,-683.9101279971658,1405.664606093719,-606.7378420925825,1313.5145121863773,-1.7113323526375646,2815.46450565041,0,0,11.783027648925781,18.836944444444445
2870,287.0,-685.677650217049,1406.2657313439086,-607.9331329173681,1313.3454160582942,-1.7113323526375646,2849.685864469581,0,0,12.360821723937988,18.761111111111113
2871,287.101,-687.4586136705664,1406.833460747261,-609.1723791232457,1313.1701016236725,-1.7113323526375646,2884.2234014081646,0,0,12.423049926757812,18.67388888888889
2872,287.199,-689.2530183576879,1407.3455304045665,-610.4160650996288,1312.9941591009017,-1.7113323526375646,2920.8522986402745,0,0,13.211021423339844,18.70888888888889
2873,287.301,-691.0070993439668,1407.9911834515938,-611.7262759864734,1312.8088053917093,-1.7113323526375646,2956.620521784522,0,0,12.735190391540527,18.64388888888889
2874,287.4,-692.7477390966714,1408.6145725994115,-612.987656917943,1312.6303595882894,-1.7113323526375646,2993.119928751782,0,0,13.000984191894531,18.553055555555556
2875,287.5,-694.4816582325064,1409.2268297988107,-614.2581863044798,1312.4506195656738,-1.7113323526375646,3028.7367107209616,0,0,12.662619590759277,18.46388888888889
2876,287.6,-696.2021361347672,1409.7722953037442,-615.5116630340573,1312.2732919586858,-1.7113323526375646,3064.992885979457,0,0,12.656535148620605,18.25611111111111
2877,287.7,-697.9091728034086,1410.3622886047244,-616.7615444948498,1312.096472969365,-1.7113323526375646,3101.307218207244,0,0,12.589998245239258,18.12
2878,287.8,-699.6834156401013,1410.9745458041236,-618.0100042123646,1311.9198551120855,-1.7113323526375646,3138.1369607463157,0,0,12.627817153930664,18.498055555555556
2879,287.9,-701.424055392776,1411.564539105895,-619.265473686555,1311.7422455942929,-1.7113323526375646,3175.6341553375173,0,0,12.731589317321777,18.251111111111108
2880,288.0,-703.1310920614325,1412.2213241013408,-620.5329549155587,1311.5629367902777,-1.7113323526375646,3213.878405484332,0,0,12.870444297790527,18.251111111111108
2881,288.1,-704.81796687966,1412.8558451991587,-621.7636625537742,1311.3888302949301,-1.7113323526375646,3248.89706138531,0,0,11.988794326782227,18.145
2882,288.2,-706.5048416978876,1413.5014982446041,-622.9274511867359,1311.2241907380455,-1.7113323526375646,3283.306837344494,0,0,11.51873779296875,18.061944444444443
2883,288.3,-708.2253196001334,1414.0135679034915,-624.0350894350457,1311.0674946978668,-1.7113323526375646,3315.95046060838,0,0,10.854604721069336,18.008055555555554
2884,288.399,-709.9189150351704,1414.525637560797,-625.0804586889005,1310.9196077656002,-1.7113323526375646,3347.631085673689,0,0,10.47424602508545,17.808888888888887
2885,288.5,-711.6192310870023,1415.1490267094055,-626.1112291307487,1310.7737861069336,-1.7113323526375646,3379.2485874807235,0,0,10.140287399291992,18.02111111111111
2886,288.6,-713.3061059052299,1415.772415858014,-627.1033601922178,1310.6334307075892,-1.7113323526375646,3410.1002172708036,0,0,9.899909019470215,17.866944444444442
2887,288.7,-714.9862601066478,1416.5071244971348,-628.0886723816138,1310.494039964579,-1.7113323526375646,3441.6317300934775,0,0,10.002552032470703,18.08888888888889
2888,288.803,-716.6193699904433,1417.197305340209,-629.1212874235875,1310.347957352902,-1.7113323526375646,3475.1524240139306,0,0,10.247873306274414,17.86111111111111
2889,288.9,-718.2726417246378,1417.9765417753765,-630.1197770004039,1310.2067024232483,-1.7113323526375646,3507.860910379354,0,0,10.54453182220459,18.118055555555554
2890,289.0,-719.8721485244,1418.733514312916,-631.1677472144432,1310.0584475367673,-1.7113323526375646,3541.9130610759107,0,0,10.623567581176758,17.71111111111111
2891,289.1,-721.4918171745763,1419.5127507488744,-632.2190466013908,1309.909721676832,-1.7113323526375646,3576.097290802177,0,0,10.611778259277344,17.96388888888889
2892,289.2,-723.0913239743236,1420.269723285623,-633.2738639684511,1309.7604981331503,-1.7113323526375646,3610.829310826772,0,0,10.69462776184082,17.783888888888885
2893,289.3,-724.7109926244849,1421.0044319247438,-634.3322751406746,1309.6107661788578,-1.7113323526375646,3645.704684456739,0,0,10.684370040893555,17.77111111111111
2894,289.4,-726.3172200410419,1421.8393281059584,-635.3938763000991,1309.4605829415193,-1.7113323526375646,3681.106165935911,0,0,10.759062767028809,17.97
2895,289.5,-727.9234474576137,1422.5851686942888,-636.4656822552578,1309.3089560459425,-1.7113323526375646,3717.2037630989826,0,0,10.890498161315918,17.843888888888888
2896,289.6,-729.5363954909654,1423.3644051294561,-637.5589581722314,1309.1542918247728,-1.7113323526375646,3754.6409746880154,0,0,11.192737579345703,17.848055555555554
2897,289.7,-731.1359022907278,1424.1547735146241,-638.6828669369245,1308.995294017304,-1.7113323526375646,3793.387681908309,0,0,11.509255409240723,17.87388888888889
2898,289.8,-732.7690121745084,1424.9562738482102,-639.8367095991342,1308.8320615030482,-1.7113323526375646,3833.3413719760133,0,0,11.79737663269043,18.17888888888889
2899,289.9,-734.3954014414791,1425.768906131006,-641.0278260330597,1308.6635559202257,-1.7113323526375646,3875.2913167107376,0,0,12.262153625488281,18.145
2900,290.0,-735.9680257740179,1426.5815384138018,-642.2893028246721,1308.4850965556047,-1.7113323526375646,3921.3040633243277,0,0,13.218595504760742,17.856111111111108
2901,290.1,-737.5809738073696,1427.4720943402724,-643.7088107748979,1308.2842807430936,-1.7113323526375646,3977.2427689745077,0,0,15.45424747467041,18.209999999999997
2902,290.2,-739.1267156726849,1428.3515183175336,-645.2875353701367,1308.0609407735826,-1.7113323526375646,4035.5396992889882,0,0,16.434635162353516,17.89805555555556
2903,290.3,-740.7329430892419,1429.2198103455855,-647.0996119318403,1307.8045888264076,-1.7113323526375646,4113.8066853106775,0,0,20.167757034301758,18.19611111111111
2904,290.4,-742.3593323562127,1430.0769704244278,-649.1401617365922,1307.5159150877748,-1.7113323526375646,4189.9625031937985,0,0,21.049598693847656,18.333888888888886
2905,290.5,-743.9185154551473,1430.9897902493174,-651.2780186862053,1307.213475442896,-1.7113323526375646,4271.641902737653,0,0,22.133277893066406,18.146944444444443
2906,290.6,-745.5919490397555,1431.8692142265786,-653.4410014886862,1306.907481278609,-1.7113323526375646,4347.390830877816,0,0,21.557119369506836,18.681944444444444
2907,290.7,-747.2452207739649,1432.6707145601652,-655.5464945509754,1306.6096201077908,-1.7113323526375646,4422.114313629837,0,0,20.972034454345703,18.381944444444443
2908,290.8,-748.8312863401079,1433.6280621811013,-657.6681346660732,1306.3094746359025,-1.7113323526375646,4505.472863138209,0,0,21.883275985717773,18.541944444444447
2909,290.9,-750.3703075885986,1434.5520139544092,-659.8469824672859,1306.001236072343,-1.7113323526375646,4588.864937981141,0,0,22.127580642700195,18.211111111111112
2910,291.0,-751.969814388361,1435.4870976769266,-662.0108808359892,1305.6951123841782,-1.7113323526375646,4668.916926876593,0,0,21.581310272216797,18.451111111111107
2911,291.1,-753.555879954519,1436.4110494510253,-664.1271932735054,1305.3957206114167,-1.7113323526375646,4748.886160536146,0,0,21.166385650634766,18.441111111111113
2912,291.2,-755.1486661374418,1437.3350012235423,-666.1864524133919,1305.1044000892023,-1.7113323526375646,4826.204348768652,0,0,20.428882598876953,18.464999999999996
2913,291.3,-756.7481729372041,1438.303480794479,-668.1411798770554,1304.8278675176227,-1.7113323526375646,4897.7209130490855,0,0,19.054935455322266,18.621111111111112
2914,291.4,-758.320797269728,1439.2719603638336,-669.9199353428135,1304.5762294594788,-1.7113323526375646,4960.386609914379,0,0,16.874399185180664,18.51111111111111
2915,291.499,-759.9135834526656,1440.3072316284447,-671.4692810676216,1304.3570456778461,-1.7113323526375646,5015.784555401082,0,0,14.737171173095703,18.766111111111112
2916,291.6,-761.5265314860324,1441.3313709438464,-672.9270210963736,1304.1508212264387,-1.7113323526375646,5074.6998419004785,0,0,14.416391372680664,18.913888888888888
2917,291.7,-763.1058764353808,1442.221926870317,-674.3005281705485,1303.9565130937885,-1.7113323526375646,5128.274392501836,0,0,13.32727336883545,18.42888888888889
2918,291.8,-764.725545085557,1443.145878643625,-675.5408820203404,1303.7810419623252,-1.7113323526375646,5175.69382856064,0,0,11.726810455322266,18.726944444444445
2919,291.9,-766.3048900348755,1444.2145457550735,-676.706496025687,1303.6161441725517,-1.7113323526375646,5225.267935384287,0,0,11.81759262084961,18.826944444444443
2920,292.0,-767.8909556010335,1445.2609489696852,-677.8503735484206,1303.4543214126973,-1.7113323526375646,5272.593252450691,0,0,11.287752151489258,18.919999999999998
2921,292.1,-769.4703005503819,1446.3184841311331,-678.9651618250264,1303.2966138679747,-1.7113323526375646,5320.288049847135,0,0,11.23001480102539,18.939999999999998
2922,292.2,-771.0899692005431,1447.186776159185,-680.0747989557178,1303.1396350486896,-1.7113323526375646,5368.093391805346,0,0,11.183703422546387,18.655
2923,292.3,-772.7029172339098,1448.1329918309118,-681.193723049668,1302.9813424156478,-1.7113323526375646,5417.329414554911,0,0,11.417603492736816,18.78111111111111
2924,292.4,-774.288982800038,1449.145999197104,-682.3255128036849,1302.8212296955967,-1.7113323526375646,5466.861195489656,0,0,11.443578720092773,18.84111111111111
2925,292.5,-775.8817689829906,1450.1478746148778,-683.4538376928942,1302.6616071451438,-1.7113323526375646,5516.224589393133,0,0,11.347616195678711,18.83
2926,292.6,-777.4745551659433,1451.1720139302795,-684.5823173010862,1302.501962706812,-1.7113323526375646,5566.432035320473,0,0,11.446703910827637,18.898055555555555
2927,292.7,-779.0539001152617,1452.2072851940995,-685.7209477398608,1302.3408822446165,-1.7113323526375646,5617.4116188030675,0,0,11.552654266357422,18.924999999999997
2928,292.8,-780.6466862982295,1453.2425564587109,-686.8634299117211,1302.1792568831065,-1.7113323526375646,5668.506591707817,0,0,11.524505615234375,18.96388888888889
2929,292.9,-782.2327518643725,1454.2666957741126,-688.0104468086715,1302.0169900003543,-1.7113323526375646,5720.533605379063,0,0,11.644251823425293,18.92111111111111
2930,293.001,-783.8120968137358,1455.2908350895143,-689.1749224883436,1301.8522532479285,-1.7113323526375646,5773.338014165153,0,0,11.644272804260254,18.89388888888889
2931,293.1,-785.3847211462299,1456.3483702517533,-690.3197059849118,1301.6903023212176,-1.7113323526375646,5825.763113342862,0,0,11.712944030761719,18.935
2932,293.199,-786.9573454787686,1457.372509566364,-691.4687987644404,1301.5277417662485,-1.7113323526375646,5878.569402396381,0,0,11.732195854187012,18.849999999999998
2933,293.3,-788.5232491944978,1458.48570447465,-692.6404651677026,1301.3619877521721,-1.7113323526375646,5932.607569778319,0,0,11.7001371383667,19.085
2934,293.4,-790.0958735270216,1459.520975740052,-693.8064288370056,1301.1970404959259,-1.7113323526375646,5987.242057110246,0,0,11.85132884979248,18.919999999999998
2935,293.5,-791.6752184763551,1460.60077480071,-694.9612813510063,1301.0336651193436,-1.7113323526375646,6040.192565205178,0,0,11.475701332092285,19.095000000000002
2936,293.6,-793.227680958465,1461.6471780137397,-696.0991495261337,1300.8726924935247,-1.7113323526375646,6093.875505169007,0,0,11.508259773254395,18.788055555555555
2937,293.7,-794.7935846741942,1462.738109023607,-697.2537788142107,1300.709348696403,-1.7113323526375646,6149.456459061529,0,0,11.814261436462402,19.086944444444445
2938,293.8,-796.3527677731138,1463.8179080842647,-698.4125781967099,1300.5454149618317,-1.7113323526375646,6204.033171089048,0,0,11.59249210357666,18.99111111111111
2939,293.9,-797.9119508720484,1464.908839094132,-699.5559345756742,1300.3836659274605,-1.7113323526375646,6258.618101344928,0,0,11.502326011657715,19.023055555555555
2940,294.0,-799.4711339709529,1465.9886381547897,-700.6389392673725,1300.2304547622239,-1.7113323526375646,6307.849169813727,0,0,10.37343978881836,19.006944444444443
2941,294.1,-801.0370376866821,1467.0684372154476,-701.6659266695701,1300.0851682849075,-1.7113323526375646,6357.8354864173725,0,0,10.370824813842773,18.99388888888889
2942,294.2,-802.589500168792,1468.159368225315,-702.7015374478112,1299.9386618705935,-1.7113323526375646,6408.980957854643,0,0,10.547624588012695,19.00611111111111
2943,294.3,-804.1554038845212,1469.2614311836005,-703.7432846254694,1299.7912873484013,-1.7113323526375646,6460.087101859641,0,0,10.49477481842041,19.10388888888889
2944,294.4,-805.707866366631,1470.3523621934678,-704.7903622663113,1299.643158733007,-1.7113323526375646,6512.308359979944,0,0,10.655295372009277,19.05611111111111
2945,294.5,-807.2670494655506,1471.443293202544,-705.8474428175135,1299.4936150198173,-1.7113323526375646,6564.979930747412,0,0,10.69682502746582,19.04388888888889
2946,294.6,-808.8262325644702,1472.5453561624117,-706.9052101850234,1299.343974143681,-1.7113323526375646,6617.788164567547,0,0,10.669168472290039,19.096111111111114
2947,294.7,-810.3921362801993,1473.6474191206974,-707.9420903010268,1299.1972881579218,-1.7113323526375646,6668.876625609451,0,0,10.274920463562012,19.139999999999997
