row,t,ref_E,ref_N,ekf_E,ekf_N,ekf_psi_rad,cov_trace,in_outage,gnss_used,gru_speed,ref_speed
2236,223.599,262.62154291585296,1189.2372520929844,262.62154291585296,1189.2372520929844,0.05738642580557356,33.121846967914685,0,1,9.665886878967285,5.648888888888888
2237,223.699,262.64842538307647,1189.827245394756,262.6597194628892,1189.9442435174312,0.05737556567115322,29.309087185468634,0,1,9.76209831237793,5.824999999999999
2238,223.799,262.68202846712455,1190.417238695736,262.7061213084392,1190.7757216238856,0.05735362302694127,25.427442775227913,0,1,9.619771957397461,5.891111111111111
2239,223.899,262.7156315511278,1191.0294958951351,262.7510009873468,1191.5789741427732,0.057318372091690405,24.008098206123538,0,1,9.851866722106934,6.1161111111111115
2240,223.999,262.74251401836625,1191.6640169929533,262.7929232305319,1192.3626602111015,0.05719829556723712,22.145702991233506,0,1,9.583416938781738,6.251111111111111
2241,224.099,262.7693964855749,1192.2874061407708,262.83185843412923,1193.1163041549605,0.0569967515377918,21.17929308843926,0,1,9.543706893920898,6.1930555555555555
2242,224.2,262.81644080322724,1192.9441911370077,262.87572403644754,1193.9062598676076,0.056933740418527015,22.562897368841526,0,1,10.46791934967041,6.606944444444444
2243,224.3,262.84332327045075,1193.6009761324535,262.91955982448275,1194.7327725728685,0.05674255360976066,23.131084799950806,0,1,11.018213272094727,6.5119444444444445
2244,224.4,262.88364697127855,1194.2800250263183,262.96548586242704,1195.5807052690063,0.05660878045746684,23.38412765182806,0,1,11.454750061035156,6.723888888888888
2245,224.5,262.92397067212124,1194.9813378186016,263.0113104728749,1196.4187339318714,0.05651031096843136,22.166559130483737,0,1,11.263242721557617,6.918055555555556
2246,224.6,262.9575737561395,1195.6826506100942,263.0553664072668,1197.245491173147,0.05634672784746523,22.154571897332126,0,1,11.646745681762695,6.943888888888889
2247,224.701,262.9978974569673,1196.395095351587,263.10073022971443,1198.0875201519511,0.05622377058098134,21.636087371453396,0,1,11.797871589660645,7.155
2248,224.799,263.03150054100047,1197.1409359399174,263.14347217103636,1198.9112017247955,0.0560145855861595,21.565256838846217,0,1,12.226862907409668,7.263055555555555
2249,224.9,263.07854485865283,1197.875644579038,263.18925839748414,1199.7546323888198,0.05593811309447907,20.16677608539885,0,1,11.882396697998047,7.356111111111111
2250,225.0,263.10542732587635,1198.6326171165776,263.2296453567317,1200.5610437850626,0.05567971535820897,19.42832438077351,0,1,11.892601013183594,7.491944444444444
2251,225.1,263.14575102670415,1199.400721603327,263.2702857094997,1201.3675325711988,0.05545902195641389,18.91421891041685,0,1,12.015207290649414,7.66
2252,225.2,263.17935411073734,1200.1688260892847,263.30996693292724,1202.180418734389,0.055189294262997485,18.50184151210032,0,1,12.182099342346191,7.591944444444444
2253,225.3,263.21295719477047,1200.9257986268244,263.34900658442973,1202.9982419725313,0.054897518657139856,18.11408318720809,0,1,12.342557907104492,7.626111111111111
2254,225.4,263.23983966197903,1201.6827711643639,263.3707282115589,1203.7976820427446,0.051913355604037204,12.502627443127727,0,1,11.953508377075195,7.561111111111111
2255,225.5,263.26672212920255,1202.4508756511132,263.4049384211877,1204.5770265404342,0.05178815551900118,12.39762761433381,0,1,11.995705604553223,7.638055555555555
2256,225.6,263.28688397961645,1203.2078481878616,263.4367325360438,1205.360758963654,0.05159447427849597,12.42764749594821,0,1,12.142047882080078,7.518888888888889
2257,225.7,263.3070458300453,1203.9759526746109,263.4662928891178,1206.1456107163526,0.051344858385096365,12.349078597386603,0,1,12.08054256439209,7.6211111111111105
2258,225.8,263.3272076804592,1204.7551891097783,263.4934400433942,1206.9225257673734,0.051049840828928696,12.248111325449853,0,1,11.97154712677002,7.6819444444444445
2259,225.9,263.3406489140635,1205.512161647318,263.51781983341175,1207.6985856498643,0.05069417680403605,12.295340920672357,0,1,12.136154174804688,7.646111111111111
2260,226.0,263.34736953087315,1206.2913980832764,263.53896040428657,1208.4850046168253,0.05025453491739592,12.29645779880886,0,1,12.205205917358398,7.703888888888889
2261,226.1,263.3608107644923,1207.0595025692344,263.5572152953122,1209.2482132483194,0.049785919848078224,11.976643527038393,0,1,11.650827407836914,7.7188888888888885
2262,226.2,263.36753138128705,1207.8498709536113,263.5717527517405,1209.9946082419406,0.049262001149808034,11.962575865858655,0,1,11.694878578186035,7.785
2263,226.3,263.3608107644923,1208.6179754403604,263.58083741537087,1210.7254040793664,0.048643135926585514,11.684329598154365,0,1,11.19078254699707,7.7461111111111105
2264,226.399,263.36753138128705,1209.4083438247374,263.58725622688047,1211.431350331092,0.04801007990656864,11.582110428619128,0,1,11.075356483459473,7.891111111111111
2265,226.499,263.37425199809667,1210.198712209905,263.59321340898805,1212.1531180635707,0.04736777282796695,11.532812484632142,0,1,11.01959228515625,7.853888888888889
2266,226.6,263.36753138128705,1211.0002125442825,263.5963047414938,1212.891683379135,0.046660025897375244,11.49788332817812,0,1,10.959202766418457,7.948888888888889
2267,226.699,263.3608107644923,1211.8017128770778,263.5981262939553,1213.6668548266873,0.04589933410671021,12.004131451614006,0,1,12.084651947021484,7.961111111111111
2268,226.799,263.3540901476827,1212.5920812614547,263.60067237375097,1214.5132230861125,0.045091956057369,12.151435507687681,0,1,12.374549865722656,7.97
2269,226.899,263.3540901476827,1213.4047135442504,263.6020733202262,1215.3585718348547,0.04427407821464693,12.056337752943577,0,1,12.19300365447998,8.02111111111111
2270,226.999,263.3406489140635,1214.2062138786275,263.54087427187966,1216.2060052268184,0.03198614355861151,11.021092430921867,0,1,12.528569221496582,8.056944444444444
2271,227.1,263.3339282972688,1215.0299781098417,263.53819803863774,1217.0589973039494,0.03158065633149698,10.926904424383762,0,1,12.242827415466309,8.206111111111111
2272,227.2,263.3272076804592,1215.8648742910564,263.53318282901415,1217.8785790133318,0.031144111306492906,10.886807332046748,0,1,12.044880867004395,8.233888888888888
2273,227.3,263.3070458300453,1216.6886385230614,263.5253693389489,1218.7145477547267,0.030641663652008728,11.119580093270596,0,1,12.615666389465332,8.24388888888889
2274,227.399,263.29360459642606,1217.5124027550667,263.5154276860702,1219.5300969017562,0.030106424911586653,10.860972132292662,0,1,11.833654403686523,8.336944444444445
2275,227.5,263.27344274601217,1218.369562833909,263.5028669588411,1220.3501285418722,0.029519764063097528,10.99763099844742,0,1,12.09130859375,8.448888888888888
2276,227.599,263.2532808955982,1219.2267229127515,263.4878910803854,1221.1619849032145,0.028892450406374216,10.962049569026071,0,1,11.957572937011719,8.578888888888889
2277,227.7,263.23311904518437,1220.0838829923848,263.47191400551725,1222.0065800992813,0.028229327970623466,11.109178364365244,0,1,12.229090690612793,8.53
2278,227.8,263.21967781155024,1220.9521750204367,263.45581584442795,1222.8617451984435,0.027556845890331194,11.186673590898048,0,1,12.357089042663574,8.665000000000001
2279,227.9,263.19951596115123,1221.8204670484886,263.4380850234824,1223.7146512560564,0.026856419071376727,11.127705858765133,0,1,12.121750831604004,8.741944444444444
2280,228.0,263.17263349392766,1222.7221549241685,263.4175774279701,1224.564067107341,0.026109759065975024,11.138881283229656,0,1,12.081059455871582,8.875
2281,228.1,263.15247164351376,1223.6127108506394,263.39632163083803,1225.4211309427671,0.025349071338631828,11.188405028160249,0,1,12.142545700073242,8.88
2282,228.2,263.1323097930849,1224.503266776319,263.3745698940321,1226.2899292996867,0.024577272038432886,11.248766178094643,0,1,12.229774475097656,8.91
2283,228.3,263.10542732587635,1225.40495465279,263.35104701093667,1227.1656171386066,0.023773880714776045,11.254520562658191,0,1,12.177788734436035,8.976944444444444
2284,228.4,263.07854485865283,1226.306642527679,263.2633227007581,1228.0395278245774,0.010674268313099589,10.475803766682759,0,1,12.043231010437012,9.0
2285,228.5,263.0651036250336,1227.2194623517776,263.2393873431675,1228.8998841886325,0.010278397614716956,10.393651154840542,0,1,11.738133430480957,9.090000000000002
2286,228.6,263.0382211578101,1228.1211502266667,263.2141641799685,1229.7561790277439,0.009855385606686359,10.446557038445038,0,1,11.785186767578125,9.076944444444445
2287,228.7,263.0180593073962,1229.0339700515563,263.18951598646555,1230.6402352945386,0.009424799735176107,10.607734806830253,0,1,12.180800437927246,9.055
2288,228.8,262.99117684018756,1229.9467898764458,263.1640626023351,1231.5416545699625,0.008969496624977273,10.626222256537089,0,1,12.087772369384766,9.183055555555555
2289,228.9,262.9710149897587,1230.8484777529168,263.138965466712,1232.4380796988241,0.008511789271078474,10.663017979505419,0,1,12.060297012329102,8.966111111111111
2290,229.0,262.9575737561395,1231.7612975762245,263.1153578736917,1233.3305610566413,0.008070223670851619,10.665083299625122,0,1,11.929327011108398,9.078888888888889
2291,229.1,262.93069128891597,1232.6741174011138,263.09063258077765,1234.2241120695246,0.007605702912914293,10.732087650150298,0,1,12.006231307983398,9.176944444444445
2292,229.2,262.9105294384722,1233.575805276003,263.06623871602994,1235.1255769764136,0.007140573011468142,10.801454066515014,0,1,12.086712837219238,8.998055555555556
2293,229.299,262.89036758810306,1234.4886251008925,263.0420642159664,1236.022624639825,0.0066751944056738744,10.83004838987283,0,1,12.0880708694458,9.125
2294,229.399,262.8702057376593,1235.3903129765724,263.01816850532936,1236.9369082150831,0.006208956486690235,10.93037742281578,0,1,12.241839408874512,9.068055555555556
2295,229.5,262.84332327045075,1236.3142647498805,262.9932814181099,1237.8787306531874,0.005719970440363335,11.073490443865058,0,1,12.473615646362305,9.128055555555555
2296,229.599,262.81644080322724,1237.2159526255607,262.9674555820593,1238.807838140313,0.0052135292284571835,11.139362113269602,0,1,12.580806732177734,9.056944444444444
2297,229.7,262.7962789528133,1238.1287724496592,262.9421693683454,1239.7713154517094,0.004710447344478341,11.309611654743202,0,1,12.866528511047363,9.096111111111112
2298,229.8,262.7693964855749,1239.0638561729675,262.8778573001686,1240.742630354641,-0.0032437522062673807,10.684748719034939,0,1,13.125143051147461,9.29111111111111
2299,229.9,262.749234635161,1239.9655440478566,262.85169254560225,1241.7329849292576,-0.0035145412036105424,10.849163343717299,0,1,13.599878311157227,9.123888888888887
2300,229.999,262.7089109343331,1240.8894958211647,262.8224159495927,1242.7340134169567,-0.003838028951223426,11.000784430703677,0,1,13.903056144714355,9.145
2301,230.1,262.69546970072884,1241.824579544473,262.7953197708076,1243.7557870752598,-0.00413937104206874,11.06145855725183,0,1,13.816791534423828,9.306944444444445
2302,230.2,262.66186661669565,1242.7373993685715,262.7665808704542,1244.7602528878215,-0.004475230382965053,11.253946641757846,0,1,14.191338539123535,9.228055555555555
2303,230.3,262.63498414947213,1243.6724830910887,262.7374904864221,1245.7886603756,-0.004824119038717921,11.491263573024424,0,1,14.65982437133789,9.283888888888887
2304,230.4,262.6081016822486,1244.6075668136061,262.7079924132943,1246.8490664583271,-0.005186163852583013,11.815702617074333,0,1,15.321026802062988,9.32
2305,230.5,262.5744985982155,1245.5426505369146,262.67691067287075,1247.9274886107098,-0.005580970141183001,11.99574773468552,0,1,15.580562591552734,9.309999999999999
2306,230.6,262.5543367478016,1246.4888662086414,262.6468077506629,1249.0401660375896,-0.005963974927254189,12.525461120979436,0,1,16.657176971435547,9.458055555555555
2307,230.7,262.52745428057807,1247.4239499319494,262.61597481230456,1250.2168139687938,-0.006361560720005778,13.13256935036697,0,1,17.805023193359375,9.363055555555556
2308,230.8,262.50729243016417,1248.3812975528858,262.58627999837256,1251.365018674748,-0.0067460712619305365,12.765325564089274,0,1,16.834970474243164,9.49
2309,230.9,262.48040996294066,1249.338645173031,262.55651171550005,1252.4605268315013,-0.007139522802879249,13.033100406223303,0,1,17.291610717773438,9.59388888888889
2310,231.0,262.4468068789075,1250.2848608447578,262.5252575690308,1253.5351914457185,-0.00756315672185325,12.913347833046842,0,1,16.920703887939453,9.466944444444445
2311,231.1,262.4333656453032,1251.2644723633218,262.4658087803591,1254.5644457654862,-0.012682194611153719,11.777381792530317,0,1,16.581701278686523,9.653055555555556
2312,231.2,262.4064831780647,1252.2106880342576,262.43757863089405,1255.5409880336792,-0.012863765102612924,11.581922917204974,0,1,15.982231140136719,9.486944444444443
2313,231.3,262.3728800940615,1253.1902995544037,262.40839705848714,1256.479336971111,-0.013075610655587893,11.532424120050333,0,1,15.656644821166992,9.656944444444445
2314,231.4,262.345997626823,1254.181043022177,262.3800560859467,1257.3690828325803,-0.013291512389771182,11.241293323817622,0,1,14.614968299865723,9.888055555555555
2315,231.5,262.3191151595995,1255.18291843916,262.35298366151676,1258.1818140022235,-0.013507929809939043,10.890964210258785,0,1,13.37617301940918,9.93388888888889
2316,231.6,262.2855120755813,1256.1959258053523,262.3253765486612,1258.9634304814554,-0.013741535948559465,10.827741884045775,0,1,13.087286949157715,10.063888888888888
2317,231.7,262.2586296083577,1257.2089331715447,262.2983459295804,1259.7375251764804,-0.013968734939384879,10.615678191859269,0,1,12.290923118591309,10.116111111111111
2318,231.8,262.23174714113424,1258.2219405385279,262.2717261391036,1260.5121359165958,-0.014189652461141893,10.597875300671738,0,1,12.16482162475586,10.120000000000001
2319,231.9,262.2048646739107,1259.2349479039292,262.24506232470054,1261.3151454504819,-0.014405242651417596,10.58321720897665,0,1,12.037291526794434,10.113055555555555
2320,232.0,262.1645409730679,1260.2479552701216,262.2158954256823,1262.1445138017457,-0.014652926354098726,10.590146401480702,0,1,11.97359561920166,10.16388888888889
2321,232.1,262.13765850584446,1261.2720945847323,262.1871021256066,1262.9956622462391,-0.014889631221759693,10.564951838921086,0,1,11.796083450317383,10.173888888888888
2322,232.199,262.1040554218262,1262.273970002506,262.1577176124706,1263.8424633438908,-0.015135495941486757,10.490439441286307,0,1,11.502864837646484,10.07611111111111
2323,232.3,262.0771729546027,1263.3092412671172,262.1119925705019,1264.7056015155306,-0.01873719200271129,9.939951480661245,0,1,11.009355545043945,10.27111111111111
2324,232.4,262.04356987056957,1264.311116684891,262.08269574838835,1265.5653226351421,-0.018880680297013844,9.964121297318359,0,1,11.098097801208496,10.045
2325,232.501,262.0032461697418,1265.3241240502923,262.05094112715153,1266.4682605045512,-0.019046424321500038,10.046442430061049,0,1,11.226777076721191,10.153055555555556
2326,232.6,261.96292246889897,1266.348263365694,262.0178278548948,1267.3776555679135,-0.019230583785390838,10.066704477740535,0,1,11.216317176818848,10.226944444444444
2327,232.7,261.9225987680712,1267.350138782677,261.9829390497368,1268.320095460449,-0.019432183052047657,10.168609296911827,0,1,11.4313383102417,10.041111111111112
2328,232.8,261.87555445043375,1268.3520142004509,261.94579714676456,1269.2683489527947,-0.01966396035088226,10.134793018953053,0,1,11.123222351074219,10.043055555555556
2329,232.9,261.8217895159867,1269.3650215666432,261.90551092323636,1270.2270712005386,-0.019937022161350924,10.262538506201505,0,1,11.428711891174316,10.143055555555556
2330,233.0,261.76802458152474,1270.3668969836262,261.86215930360186,1271.213318890085,-0.02024771433146895,10.364366300773295,0,1,11.613020896911621,10.023888888888889
2331,233.1,261.707539030283,1271.3576404513994,261.81555439642676,1272.1951115250674,-0.020607645508262534,10.324765663133107,0,1,11.304915428161621,9.930000000000001
2332,233.2,261.6403328622316,1272.348383919964,261.76508368622405,1273.1708727674984,-0.021026476363541956,10.408396197575106,0,1,11.434113502502441,9.873055555555554
2333,233.3,261.56640607735574,1273.327995438528,261.7098588717828,1274.1546426570685,-0.021514499195345285,10.469443531705934,0,1,11.481819152832031,9.84611111111111
2334,233.4,261.48575867570014,1274.3187389063016,261.6497108653182,1275.1347886616838,-0.02207864950186062,10.465031939425598,0,1,11.3206205368042,9.9
2335,233.5,261.40511127402954,1275.2872184764472,261.58574226431267,1276.0949261228245,-0.02270731675568463,10.42238235289825,0,1,11.04938793182373,9.821944444444444
2336,233.6,261.31102263875465,1276.2668299958023,261.560705033905,1277.1973429043385,-0.02270731675568463,12.230609524795112,1,0,11.004631042480469,9.806111111111111
2337,233.7,261.2169340034649,1277.246441514366,261.5359996840768,1278.2851466170696,-0.02270731675568463,14.004801209531177,1,0,10.75705337524414,9.766944444444444
2338,233.801,261.1026835177761,1278.192657186884,261.51157857228236,1279.3604350166984,-0.02270731675568463,15.835931859199315,1,0,10.541276931762695,9.561944444444444
2339,233.899,260.995153648882,1279.1611367562386,261.48872302888304,1280.3667897187838,-0.02270731675568463,17.522469404211407,1,0,10.001870155334473,9.765
2340,233.999,260.8674619295591,1280.1073524279652,261.4663710489856,1281.3509719662911,-0.02270731675568463,19.343378201557872,1,0,9.686850547790527,9.611944444444445
2341,234.101,260.73977021026604,1281.0647000489016,261.444609611309,1282.3091519906025,-0.02270731675568463,21.135568937854288,1,0,9.10583782196045,9.683888888888887
2342,234.2,260.58519602370467,1282.0109157206284,261.4245791346199,1283.1911158997027,-0.02270731675568463,22.932031697151814,1,0,8.716209411621094,9.591111111111111
2343,234.3,260.4306218372179,1282.9348674947273,261.4053723810276,1284.0368103752935,-0.02270731675568463,24.726519952522022,1,0,8.202041625976562,9.431111111111111
2344,234.4,260.26260641706716,1283.881083165663,261.3870136795761,1284.8451641828178,-0.02270731675568463,26.61054753964699,1,0,7.969203472137451,9.491111111111111
2345,234.5,260.0744291465025,1284.805034939762,261.3690821193251,1285.6347104937074,-0.02270731675568463,28.534402549202586,1,0,7.825794696807861,9.43611111111111
2346,234.6,259.87281064233355,1285.6955908662326,261.3513814229905,1286.4140916125587,-0.02270731675568463,30.500035169124956,1,0,7.765847206115723,9.28
2347,234.7,259.6510302877357,1286.608410690331,261.3338024438201,1287.1881133908626,-0.02270731675568463,32.48933832478081,1,0,7.71858024597168,9.346111111111112
2348,234.8,259.41580869954856,1287.5100985660113,261.31639262793254,1287.9546867238512,-0.02270731675568463,34.48086441097771,1,0,7.61683988571167,9.296944444444444
2349,234.9,259.1537046441229,1288.3895225432725,261.2991696895344,1288.7130316355372,-0.02270731675568463,36.50242093328493,1,0,7.553969383239746,9.28111111111111
2350,235.0,258.8714387382834,1289.2689465205337,261.2822570780717,1289.4577125110968,-0.02270731675568463,38.49267661060537,1,0,7.343488693237305,9.19111111111111
2351,235.1,258.5555697484257,1290.1372385485856,261.265630261726,1290.1898095134673,-0.02270731675568463,40.55008573264121,1,0,7.302227020263672,9.203888888888889
2352,235.2,258.21281829132954,1290.9721347290092,261.2492774387855,1290.9098422849945,-0.02270731675568463,42.57191076897863,1,0,7.102141857147217,9.091944444444445
2353,235.3,257.856625600629,1291.7958989610142,261.2329918803514,1291.6269133263565,-0.02270731675568463,44.7223600065568,1,0,7.242977142333984,8.993888888888888
2354,235.4,257.473550442705,1292.5973992946006,261.21687994690876,1292.3363394684689,-0.02270731675568463,46.74988651970215,1,0,6.949204444885254,8.94888888888889
2355,235.5,257.0703134343671,1293.398899628978,261.2011548845257,1293.0287312525231,-0.02270731675568463,48.86656520999772,1,0,6.902202129364014,8.88
2356,235.6,256.633473341996,1294.1670041141451,261.1854881681039,1293.7185539997586,-0.02270731675568463,51.01735172349943,1,0,6.897810459136963,8.896111111111113
2357,235.7,256.17647139921104,1294.9239766524756,261.1692637613865,1294.4329324638088,-0.02270731675568463,53.38603475619507,1,0,7.3934431076049805,8.81
2358,235.8,255.70602822280688,1295.6586852923874,261.15251799736234,1295.170266863227,-0.02270731675568463,55.615784786454626,1,0,7.3570475578308105,8.776111111111112
2359,235.9,255.19526134557486,1296.3711300330895,261.1354469914555,1295.9219220202938,-0.02270731675568463,58.0223356924621,1,0,7.679932117462158,8.741111111111111
2360,236.0,254.68449446834285,1297.0613108753726,261.11778173490205,1296.6997426866217,-0.02270731675568463,60.44173555775013,1,0,7.880492687225342,8.686944444444444
2361,236.1,254.14012450709265,1297.740359769237,261.1001731347937,1297.4750687073863,-0.02270731675568463,62.70786633520608,1,0,7.630026340484619,8.693055555555556
2362,236.2,253.568872078604,1298.3637489178457,261.0826341762073,1298.2473283353763,-0.02270731675568463,65.18229787288425,1,0,7.819149017333984,8.5
2363,236.3,252.9774577997014,1298.9871380656632,261.064785218195,1299.0332375788873,-0.02270731675568463,67.66219323735668,1,0,7.9030890464782715,8.626111111111111
2364,236.399,252.3591610535753,1299.5771313674345,261.04674526397116,1299.827556595566,-0.02270731675568463,70.24135860141863,1,0,8.147897720336914,8.563055555555556
2365,236.5,251.70054060662136,1300.1337288207867,261.0275844940619,1300.6712263590396,-0.02270731675568463,73.03910605236602,1,0,8.562742233276367,8.591111111111111
2366,236.6,251.04864077647707,1300.6569304280924,261.00737655298417,1301.5610042202663,-0.02270731675568463,76.06463222019356,1,0,9.237403869628906,8.453055555555556
2367,236.7,250.34969662868036,1301.1690000861886,260.9856912850855,1302.5158304055171,-0.02270731675568463,79.22956407983273,1,0,9.864044189453125,8.586944444444445
2368,236.8,249.65075248086876,1301.6588058458663,260.96195439777216,1303.5609916490425,-0.02270731675568463,82.95808272244784,1,0,11.044570922851562,8.568055555555555
2369,236.9,248.92492586586351,1302.1152157579154,260.93659307934104,1304.6776783805,-0.02270731675568463,86.29529255171822,1,0,11.294922828674316,8.563055555555556
2370,237.0,248.19237863404862,1302.5716256699648,260.91105847317203,1305.801995161559,-0.02270731675568463,89.48451399647533,1,0,11.197211265563965,8.726111111111111
2371,237.099,247.4396695518049,1302.9835077859675,260.88559776824957,1306.92305798949,-0.02270731675568463,92.97939705676487,1,0,11.4563627243042,8.655
2372,237.199,246.66007800235258,1303.3397301567138,260.8584803078939,1308.1170695804974,-0.02270731675568463,97.24753636862086,1,0,12.43002700805664,8.61
2373,237.299,245.86032460247148,1303.6736886290414,260.82959454716007,1309.3889413811337,-0.02270731675568463,101.48698628032915,1,0,13.013968467712402,8.684999999999999
2374,237.4,245.04040935217637,1303.951987356113,260.7999833171466,1310.6927563916959,-0.02270731675568463,105.26067638862409,1,0,12.810808181762695,8.661944444444446
2375,237.5,244.20033225146744,1304.2080221847657,260.7704927280197,1311.9912594513955,-0.02270731675568463,109.59329403013948,1,0,13.165949821472168,8.758055555555556
2376,237.6,243.36025515075846,1304.4640570134184,260.7403750755788,1313.3173727981716,-0.02270731675568463,113.96702745113083,1,0,13.36315631866455,8.815
2377,237.7,242.49329558282594,1304.6644320976059,260.71006749358435,1314.6518489519913,-0.02270731675568463,118.2751042690129,1,0,13.33324909210205,8.918055555555554
2378,237.8,241.61289478127424,1304.8648071802115,260.68006332942724,1315.9729652848707,-0.02270731675568463,122.48593410634696,1,0,13.095890998840332,9.02
2379,237.9,240.71905274611822,1305.0429183659803,260.6503230188714,1317.282463853618,-0.02270731675568463,127.01180785687819,1,0,13.100833892822266,9.101944444444445
2380,238.0,239.82521071096218,1305.1987656525391,260.62088225883355,1318.5787728837477,-0.02270731675568463,131.37470628146053,1,0,12.832032203674316,9.116111111111111
2381,238.1,238.92464805902642,1305.3657448890986,260.5915766828277,1319.8691296123354,-0.02270731675568463,136.22889294722066,1,0,12.981757164001465,9.193055555555555
2382,238.2,237.99720293982233,1305.4993282780295,260.5628476871103,1321.1340988769562,-0.02270731675568463,140.39189894174316,1,0,12.324151992797852,9.383888888888889
2383,238.3,237.05631658702887,1305.6329116669606,260.53492088299436,1322.3637467634805,-0.02270731675568463,145.13880985441202,1,0,12.275147438049316,9.483055555555556
2384,238.4,236.11543023423545,1305.7553631066821,260.5074409101694,1323.5737201770362,-0.02270731675568463,149.67572020188058,1,0,11.930561065673828,9.528055555555556
2385,238.5,235.15438203101317,1305.855550648776,260.48033797174946,1324.7670923512471,-0.02270731675568463,154.59855854118473,1,0,11.943037033081055,9.663055555555555
2386,238.6,234.18661321099617,1305.9780020884978,260.45342064625316,1325.9522917843778,-0.02270731675568463,159.43437370965307,1,0,11.767064094543457,9.71
2387,238.7,233.20540315735997,1306.0781896298004,260.42695406483966,1327.1176444600176,-0.02270731675568463,164.2779054572805,1,0,11.545999526977539,9.866111111111111
2388,238.8,232.21747248694402,1306.1783771718942,260.40083509610565,1328.267691367232,-0.02270731675568463,169.30286142223528,1,0,11.460869789123535,9.891944444444443
2389,238.899,231.20937996606938,1306.2563008155691,260.3751746616886,1329.3975485043818,-0.02270731675568463,174.34537237673862,1,0,11.370412826538086,10.088055555555556
2390,238.999,230.2080080620342,1306.3676203060813,260.3498287670625,1330.513556108748,-0.02270731675568463,179.17105205026576,1,0,10.95549488067627,10.13888888888889
2391,239.1,229.19319492436483,1306.4566758989658,260.3252089482853,1331.5975937952737,-0.02270731675568463,183.9928747322569,1,0,10.516133308410645,10.180000000000001
2392,239.199,228.1582199362816,1306.5568634402687,260.3016270346357,1332.635931378013,-0.02270731675568463,189.05781247924878,1,0,10.465792655944824,10.316944444444443
2393,239.3,227.12324494821328,1306.6681829315717,260.2772536290946,1333.709119218861,-0.02270731675568463,194.70648551896295,1,0,10.790931701660156,10.46111111111111
2394,239.4,226.08154934333535,1306.7683704736653,260.2528228611061,1334.7848327913302,-0.02270731675568463,200.09616038807997,1,0,10.728887557983398,10.483888888888888
2395,239.5,225.01969188804352,1306.8574260657588,260.2281753186078,1335.8700911837752,-0.02270731675568463,205.91316351713584,1,0,10.981877326965332,10.61
2396,239.6,223.95111381592713,1306.9576136078526,260.2033685057803,1336.9623624239086,-0.02270731675568463,211.51711995859907,1,0,10.869180679321289,10.748888888888889
2397,239.7,222.88253574382566,1307.0689330983648,260.17861486642863,1338.0522923774463,-0.02270731675568463,217.38506666518018,1,0,10.935039520263672,10.741111111111111
2398,239.8,221.79379582131028,1307.1691206404587,260.1534965362632,1339.1582800684357,-0.02270731675568463,223.6099009264753,1,0,11.190418243408203,10.91
2399,239.9,220.6916146651757,1307.2693081817615,260.1282431140933,1340.2702160088957,-0.02270731675568463,229.58265782713588,1,0,11.054035186767578,11.036944444444444
2400,240.0,219.58943350904113,1307.3694957230643,260.1031738183326,1341.3740446611391,-0.02270731675568463,235.74209792085338,1,0,11.028230667114258,11.093055555555557
2401,240.1,218.460369885683,1307.4585513159486,260.0779560097133,1342.4844124978124,-0.02270731675568463,242.22565823838835,1,0,11.184852600097656,11.258055555555556
2402,240.2,217.34474749594412,1307.5921347048795,260.052624944503,1343.5997671466982,-0.02270731675568463,248.62721375879687,1,0,11.127992630004883,11.30111111111111
2403,240.299,216.22240448939564,1307.7145861438103,260.02726136092923,1344.716553614877,-0.02270731675568463,255.5205420792397,1,0,11.439167976379395,11.331944444444444
2404,240.399,215.0798996324332,1307.8370375843228,260.00194660082235,1345.8311903321332,-0.02270731675568463,261.6014944077384,1,0,10.859314918518066,11.510000000000002
2405,240.5,213.9306741586612,1307.948357075626,259.9775313042766,1346.9062226799686,-0.02270731675568463,267.8049475224035,1,0,10.433943748474121,11.538888888888888
2406,240.6,212.76800745128486,1308.0596765669293,259.9537966418628,1347.9512859587194,-0.02270731675568463,274.42538674239245,1,0,10.472711563110352,11.661944444444444
2407,240.7,211.58517889347974,1308.159864107441,259.9301764453894,1348.9913091762783,-0.02270731675568463,280.94772986877484,1,0,10.33311653137207,11.865
2408,240.8,210.40907095246922,1308.2934474963722,259.9062685017338,1350.0440022186021,-0.02270731675568463,288.18794159857794,1,0,10.726173400878906,11.866944444444444
2409,240.9,209.2128011610747,1308.3825030892565,259.8815145549021,1351.133945710824,-0.02270731675568463,295.7049520799651,1,0,11.078317642211914,11.961111111111112
2410,241.0,208.00309013603112,1308.4938225805597,259.85584333123785,1352.2642779103887,-0.02270731675568463,303.68993692954774,1,0,11.53415584564209,12.141944444444446
2411,241.1,206.78665849420773,1308.605142071072,259.8288702111067,1353.45193404263,-0.02270731675568463,312.42849941313915,1,0,12.225091934204102,12.18888888888889
2412,241.2,205.56350623555983,1308.7164615623751,259.79926974009044,1354.755275322717,-0.02270731675568463,323.2853437840008,1,0,13.848455429077148,12.261944444444444
2413,241.3,204.33363336011726,1308.8277810528873,259.7674555719509,1356.1560881207665,-0.02270731675568463,333.18391426898324,1,0,14.17502498626709,12.393888888888888
2414,241.4,203.07687801746604,1308.9391005433995,259.73492227837545,1357.588564802329,-0.02270731675568463,343.45778797732856,1,0,14.48189640045166,12.551944444444443
2415,241.5,201.83356390841914,1309.0504200347027,259.70193201424644,1359.0411623997359,-0.02270731675568463,353.7560683680895,1,0,14.577547073364258,12.52388888888889
2416,241.6,200.56336733214874,1309.1394756267962,259.66749585555164,1360.5574243244155,-0.02270731675568463,366.420037434607,1,0,15.755511283874512,12.70611111111111
2417,241.7,199.2931707558634,1309.2619270657267,259.6316818041,1362.1343563819635,-0.02270731675568463,377.8813409462061,1,0,15.79126262664795,12.728055555555557
2418,241.8,198.00281232916416,1309.373246557821,259.5954126291404,1363.7313280279086,-0.02270731675568463,390.3108168481485,1,0,16.15640640258789,12.918888888888889
2419,241.9,196.70573328567022,1309.4734340991238,259.55924946658547,1365.3236318311317,-0.02270731675568463,401.56015764758826,1,0,15.697881698608398,13.010000000000002
2420,242.0,195.40865424217625,1309.584753589636,259.5237307540415,1366.887559791897,-0.02270731675568463,413.4994462527128,1,0,15.588743209838867,13.058055555555553
2421,242.1,194.098133965078,1309.718336978567,259.48871788080635,1368.4292150918,-0.02270731675568463,425.1639319338131,1,0,15.252313613891602,13.208888888888888
2422,242.2,192.78089307115525,1309.8407884190797,259.45417545960873,1369.9501558713,-0.02270731675568463,437.38613817078124,1,0,15.174345970153809,13.22888888888889
2423,242.3,191.4434903268186,1309.9521079095919,259.42006213546614,1371.45220303574,-0.02270731675568463,449.35264670884357,1,0,14.874343872070312,13.368888888888888
2424,242.4,190.0993669656872,1310.0745593493136,259.3869901866665,1372.9083972989947,-0.02270731675568463,460.71340594628384,1,0,14.257051467895508,13.51
2425,242.5,188.74852298773132,1310.1747468914073,259.35426371550886,1374.3493798018696,-0.02270731675568463,473.7405311231251,1,0,14.570030212402344,13.551944444444445
2426,242.6,187.384237776186,1310.2860663819195,259.3217499945536,1375.780994679448,-0.02270731675568463,485.58579439814844,1,0,14.069650650024414,13.686944444444444
2427,242.7,186.01323194783114,1310.4085178216412,259.28864853308363,1377.238488418021,-0.02270731675568463,500.4406144801953,1,0,15.087740898132324,13.775
2428,242.8,184.62878488585702,1310.5198373129442,259.2550204828156,1378.7191684402778,-0.02270731675568463,513.0361551594856,1,0,14.533495903015137,13.85888888888889
2429,242.9,183.2376172070733,1310.6311568042477,259.2226452707909,1380.1446846173744,-0.02270731675568463,525.4638622932226,1,0,13.984179496765137,13.959999999999999
2430,243.0,181.8397289114949,1310.7424762947599,259.1912536939052,1381.5268902579437,-0.02270731675568463,538.1678631245412,1,0,13.667061805725098,14.044999999999998
2431,243.099,180.42839938228232,1310.8649277336904,259.16071708737456,1382.8714506138679,-0.02270731675568463,551.0122949810408,1,0,13.502778053283691,14.16388888888889
2432,243.2,179.0103492363049,1310.9762472249936,259.12898725006374,1384.268550232821,-0.02270731675568463,565.9679844051996,1,0,14.169694900512695,14.263055555555555
2433,243.3,177.5721372398688,1311.0875667155058,259.096139822322,1385.714858587069,-0.02270731675568463,581.522088946002,1,0,14.763931274414062,14.401944444444444
2434,243.4,176.13392524346256,1311.2100181552273,259.0625922181431,1387.1919964795854,-0.02270731675568463,596.6074174764651,1,0,14.786444664001465,14.466111111111111
2435,243.5,174.6755513966275,1311.3324695957401,259.027547149366,1388.7350693845929,-0.02270731675568463,615.038632156834,1,0,16.082971572875977,14.606944444444444
2436,243.6,173.2171775497924,1311.4326571370427,258.9903992863187,1390.3707306330234,-0.02270731675568463,633.3114509983867,1,0,16.638689041137695,14.648888888888887
2437,243.7,171.73864185254345,1311.543976627555,258.9512049140883,1392.0965019306118,-0.02270731675568463,654.3950107346853,1,0,17.885637283325195,14.768888888888888
2438,243.8,170.25338553848485,1311.6552961188584,258.908244112765,1393.9881132417818,-0.02270731675568463,679.8110866316355,1,0,19.956344604492188,14.911111111111111
2439,243.9,168.75468799082196,1311.777747559371,258.86403707968844,1395.934597507088,-0.02270731675568463,698.8283613576725,1,0,18.983379364013672,15.073055555555557
2440,244.0,167.24254920953985,1311.8779351006738,258.82257825772297,1397.7600750159327,-0.02270731675568463,716.0568987415147,1,0,17.535585403442383,15.146944444444445
2441,244.103,165.73713104508224,1311.989254591186,258.7820693087871,1399.5437285710434,-0.02270731675568463,735.7629276257785,1,0,17.10739517211914,15.134999999999998
2442,244.2,164.21827164699053,1312.1117060316985,258.7453406288372,1401.1609327268663,-0.02270731675568463,753.0261931904065,1,0,16.24561882019043,15.226944444444444
2443,244.3,162.67925039846995,1312.2007616237918,258.7090995655649,1402.7566665843144,-0.02270731675568463,771.1300657884917,1,0,15.677288055419922,15.438055555555554
2444,244.4,161.13350853318454,1312.3232130627225,258.6739574835877,1404.304011087176,-0.02270731675568463,789.3903303177693,1,0,15.277582168579102,15.518888888888888
2445,244.5,159.5810460510597,1312.445664503235,258.6401703611202,1405.79169523325,-0.02270731675568463,806.5128132555449,1,0,14.483773231506348,15.64611111111111
2446,244.6,158.0017011017113,1312.5569839937475,258.60746864860175,1407.2315875860247,-0.02270731675568463,824.6367382733844,1,0,14.321499824523926,15.841944444444445
2447,244.7,156.42907676918745,1312.6794354342599,258.5752036454346,1408.6522511459643,-0.02270731675568463,842.6960098255804,1,0,14.099098205566406,15.77888888888889
2448,244.8,154.84973181982411,1312.8018868739816,258.54372008979306,1410.0385067122713,-0.02270731675568463,860.1541153098725,1,0,13.633162498474121,15.866944444444444
2449,244.9,153.2502250201066,1312.9354702629128,258.5129383216109,1411.3938618052318,-0.02270731675568463,878.0942523588398,1,0,13.480929374694824,16.043055555555554
2450,245.0,151.63727698673998,1313.0690536526347,258.48341613349663,1412.6937562030819,-0.02270731675568463,894.1431268152726,1,0,12.523662567138672,16.17111111111111
2451,245.1,150.0243289533734,1313.2137689899841,258.45538151540285,1413.9281512575753,-0.02270731675568463,910.7125217589831,1,0,12.170604705810547,16.226944444444445
2452,245.199,148.39793968640248,1313.3362204297057,258.42889546859743,1415.094361015822,-0.02270731675568463,925.9194685106697,1,0,11.395263671875,16.305
2453,245.3,146.75810918579742,1313.4809357678462,258.40282833086405,1416.242125747098,-0.02270731675568463,942.3101483286688,1,0,11.338611602783203,16.42388888888889
2454,245.4,145.11155806841262,1313.6145191567773,258.37734522002273,1417.3641751322668,-0.02270731675568463,958.2500462364432,1,0,11.108162879943848,16.538888888888888
2455,245.5,143.4582863342182,1313.7814983925457,258.35206945033354,1418.477095058568,-0.02270731675568463,974.6964658943523,1,0,11.155975341796875,16.64611111111111
2456,245.599,141.7915733664195,1313.9150817814766,258.32738122729506,1419.5641446599195,-0.02270731675568463,990.3270004616941,1,0,10.810285568237305,16.721944444444443
2457,245.7,140.11813978179623,1314.0597971204081,258.3027380108352,1420.6492125721365,-0.02270731675568463,1006.4864852703384,1,0,10.681748390197754,16.793888888888887
2458,245.8,138.43126496356868,1314.2156444069672,258.2784182442232,1421.7200386319676,-0.02270731675568463,1022.894961154844,1,0,10.74029541015625,16.95611111111111
2459,245.9,136.7376695285315,1314.371491694317,258.2537230542284,1422.8073949960656,-0.02270731675568463,1040.0518080913469,1,0,11.012439727783203,17.028055555555557
2460,246.0,135.03063285989003,1314.5273389808758,258.22848908341894,1423.9184744717409,-0.02270731675568463,1057.618294138541,1,0,11.214879989624023,17.165
2461,246.1,133.31687557443894,1314.6831862690167,258.202358488908,1425.0690332746947,-0.02270731675568463,1076.6151087357398,1,0,11.802229881286621,17.161944444444444
2462,246.2,131.59639767217826,1314.850165504785,258.17507188854694,1426.2704922860817,-0.02270731675568463,1096.3203291202722,1,0,12.233146667480469,17.29388888888889
2463,246.3,129.86247853629834,1315.0171447413443,258.1474145462949,1427.4882754705034,-0.02270731675568463,1115.510632797807,1,0,12.12879753112793,17.461111111111112
2464,246.4,128.12183878363865,1315.195255926322,258.11957765085793,1428.7139645790508,-0.02270731675568463,1135.7299359678314,1,0,12.391305923461914,17.498055555555556
2465,246.5,126.36775779735977,1315.3511032128808,258.09165293955505,1429.943520316714,-0.02270731675568463,1155.3961252935883,1,0,12.20615005493164,17.618888888888886
2466,246.6,124.60695619425633,1315.5292143986496,258.0639635977255,1431.1627124777124,-0.02270731675568463,1175.4452729688492,1,0,12.183980941772461,17.726944444444445
2467,246.7,122.83943397437314,1315.6850616852087,258.0363186889269,1432.3799482035126,-0.02270731675568463,1195.704639401736,1,0,12.167011260986328,17.776944444444442
2468,246.8,121.05847052085578,1315.8520409217679,258.0082716070647,1433.6148920514274,-0.02270731675568463,1217.2245162942713,1,0,12.53823471069336,17.874999999999996
2469,246.9,119.26406583373412,1316.007888209118,257.9790774655059,1434.9003421988073,-0.02270731675568463,1240.3649745329426,1,0,13.177397727966309,18.043888888888887
2470,246.999,117.46294052981779,1316.174867444886,257.9493089816476,1436.2110812690323,-0.02270731675568463,1263.1388157615725,1,0,13.30900764465332,18.118055555555554
2471,247.102,115.65509460909183,1316.3418466814455,257.9175296303931,1437.6103610413581,-0.02270731675568463,1288.6364162999325,1,0,13.86847972869873,18.146111111111114
2472,247.2,113.83380745474666,1316.4976939680043,257.8863463853299,1438.9833936027544,-0.02270731675568463,1313.3697443361878,1,0,14.159818649291992,18.28388888888889
2473,247.299,112.0125203004015,1316.6646732045635,257.85210134698093,1440.4912402884995,-0.02270731675568463,1345.3322938005288,1,0,16.309585571289062,18.328888888888887
2474,247.4,110.17779191245204,1316.8205204919136,257.8158211945617,1442.0886952840592,-0.02270731675568463,1371.4160554495045,1,0,15.331343650817871,18.435
2475,247.5,108.32290167408865,1316.9763677792635,257.78074748466867,1443.6330292888895,-0.02270731675568463,1400.078869190252,1,0,15.563301086425781,18.658055555555553
2476,247.6,106.47473205250503,1317.1433470150316,257.74410633140184,1445.2463795486337,-0.02270731675568463,1432.8132273443823,1,0,16.712024688720703,18.589999999999996
2477,247.7,104.60640058055228,1317.288062353172,257.70744334055627,1446.860691340979,-0.02270731675568463,1459.9264204837657,1,0,15.582536697387695,18.756944444444446
2478,247.8,102.72462787495046,1317.4439096397311,257.6732555824255,1448.3660159157473,-0.02270731675568463,1485.8796714940593,1,0,14.531718254089355,18.908055555555556
2479,247.9,100.84285516936355,1317.6108888762903,257.639749249863,1449.8413365736205,-0.02270731675568463,1515.4073036227176,1,0,14.982303619384766,18.90888888888889
2480,248.0,98.94764123014248,1317.7556042144308,257.6051306374937,1451.3656321341682,-0.02270731675568463,1546.458255613743,1,0,15.511468887329102,19.03611111111111
2481,248.102,97.04570667414168,1317.9225834501992,257.5691758938084,1452.9487590254362,-0.02270731675568463,1577.7564827519118,1,0,15.538239479064941,19.07194444444444
2482,248.2,95.14377211814086,1318.07843073834,257.5325200848087,1454.5627545932107,-0.02270731675568463,1615.1899139149837,1,0,17.408939361572266,19.145
2483,248.3,93.22167571169629,1318.2231460756896,257.4931851205788,1456.2947163110991,-0.02270731675568463,1649.6447221035312,1,0,17.239227294921875,19.266111111111112
2484,248.4,91.28613807164741,1318.390125311458,257.4506326094395,1458.1683501566147,-0.02270731675568463,1697.6263933015273,1,0,20.243112564086914,19.39388888888889
2485,248.5,89.357321048438,1318.5459725988078,257.4057835147357,1460.1431051012196,-0.02270731675568463,1735.1949388205915,1,0,19.262170791625977,19.42611111111111
2486,248.6,87.41506279159444,1318.7018198861576,257.3649076576002,1461.9429140277161,-0.02270731675568463,1765.310729241442,1,0,16.743289947509766,19.466944444444444
2487,248.7,85.46608391794126,1318.8576671727167,257.3273120776327,1463.598288744339,-0.02270731675568463,1799.8188128067775,1,0,16.37274169921875,19.603055555555553
2488,248.8,83.49694319387417,1319.002382510857,257.29171603818975,1465.165621493475,-0.02270731675568463,1830.1901398579198,1,0,14.981996536254883,19.714999999999996
2489,248.9,81.53452308661672,1319.158229798207,257.2546838114558,1466.7961911479053,-0.02270731675568463,1873.861118539299,1,0,17.637805938720703,19.72888888888889
2490,249.0,79.5519411289304,1319.3029451363475,257.21720040973383,1468.446626533053,-0.02270731675568463,1904.1161496845546,1,0,15.379413604736328,19.85111111111111
2491,249.1,77.5626385544494,1319.447660474488,257.1819065419679,1470.0006543310558,-0.02270731675568463,1940.3072208516014,1,0,15.70915699005127,19.95611111111111
2492,249.199,75.56661536315879,1319.5923758126285,257.1479301862592,1471.4966706247749,-0.02270731675568463,1971.4790520983363,1,0,14.521187782287598,20.02
2493,249.299,73.56387155507349,1319.737091149978,257.1160698484762,1472.8995163229847,-0.02270731675568463,2001.7331379546656,1,0,13.542961120605469,20.11111111111111
2494,249.399,71.54096589655937,1319.8929384373278,257.0838956461132,1474.3161818236952,-0.02270731675568463,2038.3792554888407,1,0,14.79765510559082,20.256944444444443
2495,249.5,69.52478085485484,1320.0376537754682,257.0508815683156,1475.7698279631077,-0.02270731675568463,2070.903037664065,1,0,13.994839668273926,20.24388888888889
2496,249.6,67.50187519634072,1320.2046330120274,257.01854939808294,1477.1934489627847,-0.02270731675568463,2106.5011695376274,1,0,14.484922409057617,20.346111111111114
2497,249.7,65.47224892101697,1320.3604802985865,256.985019260719,1478.6698177722346,-0.02270731675568463,2143.9711520366777,1,0,15.050067901611328,20.396944444444443
2498,249.8,63.41574017848464,1320.5274595351457,256.9506503210583,1480.183119968949,-0.02270731675568463,2181.6674353822496,1,0,15.223780632019043,20.581944444444442
2499,249.9,61.37267266955659,1320.694438770914,256.9165429981898,1481.6849028906913,-0.02270731675568463,2217.890280822253,1,0,14.819622993469238,20.586944444444445
2500,250.0,59.30944331021465,1320.8614180074733,256.8831116225481,1483.156923112939,-0.02270731675568463,2254.418530637819,1,0,14.628373146057129,20.69888888888889
2501,250.1,57.23949333404814,1321.006133345614,256.85039570207,1484.5974410577971,-0.02270731675568463,2289.915664248506,1,0,14.189414978027344,20.73611111111111
2502,250.2,55.169543357896586,1321.1731125821732,256.81826214120593,1486.0123170686327,-0.02270731675568463,2326.1649170880196,1,0,14.115402221679688,20.83
2503,250.3,53.09959338175994,1321.351223767151,256.7861294010104,1487.42715694453,-0.02270731675568463,2363.1913244308253,1,0,14.188692092895508,20.828055555555558
2504,250.399,51.00276093836993,1321.5070710537098,256.75379221177235,1488.850998936529,-0.02270731675568463,2401.7040609967808,1,0,14.583209991455078,20.998055555555556
2505,250.5,48.91264911180445,1321.6517863918502,256.7208912896604,1490.2996627067055,-0.02270731675568463,2438.880863610624,1,0,14.11059856414795,21.001944444444444
2506,250.6,46.80237543482507,1321.8187656284097,256.6894583231466,1491.683690778103,-0.02270731675568463,2474.645554611009,1,0,13.57710075378418,21.113055555555558
2507,250.7,44.705542991449974,1321.9634809665502,256.6587394844354,1493.0362750172756,-0.02270731675568463,2511.139471931119,1,0,13.481559753417969,21.078055555555554
2508,250.8,42.5952693144706,1322.119328253109,256.628165927877,1494.3824623235448,-0.02270731675568463,2547.987814921524,1,0,13.449129104614258,21.153055555555557
2509,250.899,40.471554403857056,1322.2417796928305,256.5981857248164,1495.7025236230006,-0.02270731675568463,2583.9771400532445,1,0,13.225652694702148,21.306944444444444
2510,251.0,38.34111887646377,1322.3530991841337,256.5674468483132,1497.0559901481843,-0.02270731675568463,2622.7766132533293,1,0,13.582575798034668,21.313055555555557
2511,251.1,36.20396273224593,1322.4866825730649,256.53621135002726,1498.4313234764202,-0.02270731675568463,2662.523502153949,1,0,13.931183815002441,21.38611111111111
2512,251.2,34.060085971203556,1322.5868701143677,256.50503118407346,1499.8042204612432,-0.02270731675568463,2700.539485308749,1,0,13.533836364746094,21.43611111111111
2513,251.3,31.95653291104871,1322.7649813001365,256.47399559111955,1501.1707517379448,-0.02270731675568463,2740.585325456408,1,0,13.803836822509766,21.221944444444443
2514,251.4,29.8193767668458,1322.887432739858,256.44291403639596,1502.5393067618934,-0.02270731675568463,2779.690103512025,1,0,13.574321746826172,21.468888888888888
2515,251.5,27.688941239437575,1323.0432800272079,256.41183228245995,1503.9078705573838,-0.02270731675568463,2820.4438401795205,1,0,13.804012298583984,21.36
2516,251.6,25.551785095234667,1323.1768634161388,256.38129863767665,1505.252300504317,-0.02270731675568463,2858.3005469488917,1,0,13.091520309448242,21.386944444444442
2517,251.7,23.421349567826447,1323.3327107026978,256.35090589237296,1506.5905264922665,-0.02270731675568463,2899.907286216111,1,0,13.679901123046875,21.43111111111111
2518,251.799,21.284193423623535,1323.4774260408383,256.3198941124813,1507.9560092536585,-0.02270731675568463,2941.7096960831655,1,0,13.91272258758545,21.44805555555556
2519,251.9,19.14703727942063,1323.6221413789788,256.28756322799154,1509.3795736406605,-0.02270731675568463,2986.061494914676,1,0,14.283940315246582,21.43111111111111
2520,252.0,17.003160518408105,1323.7668567171193,256.2553189169318,1510.7993261043646,-0.02270731675568463,3029.1333869249593,1,0,14.118431091308594,21.53888888888889
2521,252.1,14.852563140585971,1323.922704004469,256.22315736672283,1512.2154345168265,-0.02270731675568463,3073.2768344183355,1,0,14.211040496826172,21.551944444444445
2522,252.199,12.715406996368138,1324.078551291819,256.1915476277587,1513.6072460735443,-0.02270731675568463,3115.936668926714,1,0,13.913615226745605,21.456944444444446
2523,252.3,10.578250852165228,1324.2232666283776,256.16020112556276,1514.98746702597,-0.02270731675568463,3158.1509346280864,1,0,13.424540519714355,21.505000000000003
2524,252.4,8.434374091152705,1324.3679819673089,256.1298049308527,1516.325844895073,-0.02270731675568463,3200.649408018632,1,0,13.349919319152832,21.50111111111111
2525,252.5,6.2972179469348735,1324.523829254659,256.0996899818542,1517.651839206306,-0.02270731675568463,3242.865815300527,1,0,13.17680549621582,21.466944444444447
2526,252.6,4.160061802731963,1324.6685445927994,256.0694282035587,1518.9842985729063,-0.02270731675568463,3287.007155568797,1,0,13.479253768920898,21.439999999999998
2527,252.701,2.029626275323742,1324.8132599301487,256.0388132220336,1520.3323098659987,-0.02270731675568463,3330.4401513949324,1,0,13.220922470092773,21.356944444444444
2528,252.8,-0.09408863527486841,1324.9691072174987,256.0091481394898,1521.6384960626733,-0.02270731675568463,3373.4928578513486,1,0,13.173481941223145,21.334999999999997
2529,252.9,-2.211082929048944,1325.1249545048486,255.97917093505254,1522.9584253294493,-0.02270731675568463,3417.6783485752558,1,0,13.231910705566406,21.253888888888888
2530,253.0,-4.334797839662477,1325.269669842989,255.9492104677065,1524.2776176436978,-0.02270731675568463,3461.839888670779,1,0,13.15873908996582,21.31611111111111
2531,253.1,-6.445071516641866,1325.4143851811295,255.91981047584065,1525.572131606396,-0.02270731675568463,3504.5900756904753,1,0,12.738216400146484,21.248888888888892
2532,253.2,-8.562065810401018,1325.5702324676884,255.8909250204215,1526.843989963691,-0.02270731675568463,3548.051435298718,1,0,12.705510139465332,21.203055555555554
2533,253.301,-10.665618870615562,1325.7372117042478,255.86214704293914,1528.111115949273,-0.02270731675568463,3590.953179293072,1,0,12.392563819885254,21.138055555555553
2534,253.4,-12.755730697181038,1325.8930589908066,255.83404820680565,1529.348338594652,-0.02270731675568463,3634.626495246962,1,0,12.608278274536133,21.043888888888887
2535,253.5,-14.845842523746516,1326.0489062781564,255.80545872799038,1530.6071647766964,-0.02270731675568463,3678.703012149483,1,0,12.574737548828125,20.936944444444446
2536,253.6,-16.915792499898078,1326.2047535655065,255.7770117856611,1531.8597149205657,-0.02270731675568463,3722.752545251175,1,0,12.482725143432617,20.87611111111111
2537,253.699,-18.99246309287418,1326.3383369544374,255.74859399178985,1533.1109816257836,-0.02270731675568463,3768.2529500627847,1,0,12.801908493041992,20.811944444444446
2538,253.8,-21.015368751373384,1326.59437178309,255.7198357115762,1534.3772403189705,-0.02270731675568463,3812.282830892299,1,0,12.278986930847168,20.478055555555557
2539,253.9,-23.051715643491814,1326.7836149172774,255.69199438907626,1535.6031243559664,-0.02270731675568463,3856.617542631784,1,0,12.245016098022461,20.56611111111111
2540,254.0,-25.094783152419858,1326.961726103046,255.66381140103715,1536.8440523022618,-0.02270731675568463,3902.864171792701,1,0,12.57994270324707,20.503888888888888
2541,254.101,-27.117688810933988,1327.117573389605,255.63456421018546,1538.1318382683253,-0.02270731675568463,3951.217187995513,1,0,12.927345275878906,20.339999999999996
2542,254.2,-29.133873852638505,1327.2734206769549,255.6054360202366,1539.414384493814,-0.02270731675568463,3998.900707488954,1,0,12.989360809326172,20.308888888888887
2543,254.3,-31.150058894343026,1327.4181360150951,255.57600379601783,1540.7103176824453,-0.02270731675568463,4047.123532873485,1,0,12.935986518859863,20.183888888888887
2544,254.4,-33.14608208563364,1327.5739833024452,255.5466595056767,1542.0023790457751,-0.02270731675568463,4095.677625134495,1,0,12.911904335021973,20.103888888888886
2545,254.5,-35.14210527693917,1327.7186986397946,255.5174730110598,1543.2874924898947,-0.02270731675568463,4144.091087006246,1,0,12.796992301940918,20.021944444444443
2546,254.6,-37.12468723461055,1327.8745459271445,255.48830661199568,1544.571721104733,-0.02270731675568463,4193.488427314095,1,0,12.894203186035156,19.903055555555557
2547,254.7,-39.100548575472324,1328.0303932144943,255.45901597150785,1545.861420206041,-0.02270731675568463,4243.222026552411,1,0,12.9064302444458,19.858888888888888
2548,254.8,-41.06296868274472,1328.1862405018444,255.42897982401334,1547.183944800426,-0.02270731675568463,4296.550749552407,1,0,13.550882339477539,19.74111111111111
2549,254.9,-43.02538879000219,1328.3309558391938,255.39908368170788,1548.5003048124222,-0.02270731675568463,4345.672595785183,1,0,12.783106803894043,19.711944444444445
2550,255.0,-44.98108828045005,1328.4645392281247,255.37014220862258,1549.774629689141,-0.02270731675568463,4395.750104850771,1,0,12.709962844848633,19.62
2551,255.101,-46.930067154103234,1328.598122617847,255.34124135858735,1551.047165888306,-0.02270731675568463,4445.737787372771,1,0,12.495271682739258,19.541944444444443
2552,255.2,-48.865604794137184,1328.7428379551964,255.31334018327905,1552.2756853102537,-0.02270731675568463,4494.511815615981,1,0,12.329702377319336,19.435000000000002
2553,255.3,-50.79442181736152,1328.8875532933369,255.28550559827303,1553.501272687985,-0.02270731675568463,4543.625900144561,1,0,12.188365936279297,19.371111111111112
2554,255.4,-52.71651822380609,1329.0322686314773,255.2575194201947,1554.7335348753438,-0.02270731675568463,4594.593967657105,1,0,12.46323299407959,19.295
2555,255.5,-54.631894013426134,1329.1769839696178,255.22953051377237,1555.9659171946885,-0.02270731675568463,4644.3068504758385,1,0,12.19076919555664,19.261944444444445
2556,255.6,-56.54054918623656,1329.3105673593398,255.20167815338866,1557.1922872418413,-0.02270731675568463,4695.4096688960835,1,0,12.34295654296875,19.188888888888886
2557,255.7,-58.435763125427755,1329.4552826966892,255.17387785457228,1558.41636496095,-0.02270731675568463,4745.74217592682,1,0,12.14491081237793,19.011944444444442
2558,255.8,-60.33097706464881,1329.5888660856203,255.14623639626265,1559.6334487579256,-0.02270731675568463,4796.918444413295,1,0,12.203042030334473,19.023055555555555
2559,255.9,-62.219470387030405,1329.7335814237608,255.1188872745996,1560.8376606509742,-0.02270731675568463,4846.822681908524,1,0,11.887406349182129,18.94888888888889
2560,256.0,-64.10796370944185,1329.867164812692,255.09206550069058,1562.0186528426718,-0.02270731675568463,4896.62245777672,1,0,11.73852825164795,18.933888888888887
2561,256.1,-65.98973641504368,1330.000748201623,255.06558501554943,1563.1846177147256,-0.02270731675568463,4946.136083339099,1,0,11.586782455444336,18.883055555555554
2562,256.2,-67.85806788701136,1330.134331590554,255.0394774084194,1564.3341643580268,-0.02270731675568463,4995.231190377091,1,0,11.410079002380371,18.796944444444442
2563,256.3,-69.73311997583342,1330.2790469286945,255.01374959543597,1565.4669882475268,-0.02270731675568463,5044.007654328859,1,0,11.252241134643555,18.77611111111111
2564,256.4,-71.60145144778619,1330.401498368416,254.9882144923186,1566.5913269097687,-0.02270731675568463,5093.156481570235,1,0,11.240330696105957,18.721944444444443
2565,256.5,-73.44962106933995,1330.5462137065565,254.9632327937232,1567.691298562524,-0.02270731675568463,5140.298561002684,1,0,10.764775276184082,18.618055555555557
2566,256.6,-75.31123192452787,1330.6797970954876,254.9387577854201,1568.7689600846784,-0.02270731675568463,5188.178884282684,1,0,10.794013023376465,18.666111111111114
2567,256.7,-77.15940154608164,1330.8133804844188,254.91398045169998,1569.859933327307,-0.02270731675568463,5237.505321043622,1,0,11.031078338623047,18.56111111111111
2568,256.8,-79.00757116765031,1330.9469638733497,254.88792041194841,1571.0073855266414,-0.02270731675568463,5291.54754280839,1,0,11.923883438110352,18.508055555555554
2569,256.9,-80.85574078921901,1331.0694153130712,254.86084569564878,1572.19951504987,-0.02270731675568463,5345.286226314807,1,0,11.92485523223877,18.55
2570,257.0,-82.6971897939781,1331.2141306512117,254.83274664966015,1573.4367469354008,-0.02270731675568463,5404.238744431922,1,0,12.826163291931152,18.51111111111111
2571,257.1,-84.53863879873718,1331.3365820909335,254.80432718781796,1574.688087083213,-0.02270731675568463,5459.363821896629,1,0,12.207093238830566,18.496944444444445
2572,257.2,-86.38008780349627,1331.4701654798644,254.77627688282882,1575.9231728489533,-0.02270731675568463,5517.091955381447,1,0,12.500991821289062,18.45611111111111
2573,257.3,-88.22153680824043,1331.6037488687955,254.74843639723758,1577.1490200359397,-0.02270731675568463,5572.339143767377,1,0,12.022274017333984,18.47694444444444
2574,257.399,-90.0629858129995,1331.7373322569356,254.7215122180437,1578.3345212449092,-0.02270731675568463,5627.3667826635,1,0,11.93342113494873,18.508055555555554
2575,257.499,-91.9111554345682,1331.8597836974484,254.69454072084415,1579.522105917688,-0.02270731675568463,5682.812911694494,1,0,11.824397087097168,18.485000000000003
2576,257.6,-93.75260443932729,1331.9933670863793,254.66649275062454,1580.7570888809585,-0.02270731675568463,5743.772991665115,1,0,12.637017250061035,18.48611111111111
2577,257.7,-95.60077406088105,1332.1158185268919,254.6381141738834,1582.0066288128248,-0.02270731675568463,5802.278952046701,1,0,12.360225677490234,18.536944444444444
2578,257.8,-97.45566429927429,1332.249401915823,254.61023946273238,1583.2339829888335,-0.02270731675568463,5860.527402745336,1,0,12.193187713623047,18.58611111111111
2579,257.9,-99.31055453763766,1332.3829853047541,254.58201855287697,1584.476580674389,-0.02270731675568463,5921.988477287679,1,0,12.66517448425293,18.623055555555556
2580,258.0,-101.15872415919144,1332.4831728460567,254.5523914014713,1585.7810967213522,-0.02270731675568463,5987.906066591231,1,0,13.43187427520752,18.56888888888889
2581,258.1,-103.01361439756974,1332.6167562349879,254.5214600821441,1587.1430367156374,-0.02270731675568463,6055.754419744531,1,0,13.813949584960938,18.64388888888889
2582,258.2,-104.86850463593312,1332.7392076755004,254.49051750948055,1588.5054722066923,-0.02270731675568463,6121.375345016446,1,0,13.441786766052246,18.628888888888888
2583,258.3,-106.73683610791574,1332.8505271660126,254.4604413560181,1589.829758307827,-0.02270731675568463,6185.6068233716,1,0,13.050765037536621,18.726111111111113
2584,258.4,-108.61860881350265,1333.0286383509904,254.4309352283225,1591.1289455477886,-0.02270731675568463,6250.085362967257,1,0,12.939680099487305,18.788888888888888
2585,258.5,-110.48694028550017,1333.1399578415028,254.40151554582476,1592.4243265106563,-0.02270731675568463,6315.344788269038,1,0,12.97461986541748,18.773888888888887
2586,258.6,-112.37543360788175,1333.306937078062,254.37192189458582,1593.7273675084505,-0.02270731675568463,6381.736286796359,1,0,13.092920303344727,18.916944444444443
2587,258.7,-114.2639269302932,1333.4627843654118,254.3422425116327,1595.0341833678706,-0.02270731675568463,6448.207464373028,1,0,13.05013656616211,18.94888888888889
2588,258.8,-116.15242025268972,1333.574103855924,254.31224439313942,1596.3550335035243,-0.02270731675568463,6517.174667465477,1,0,13.373678207397461,18.946944444444444
2589,258.9,-118.05435480866066,1333.7299511432739,254.28187691316734,1597.6921470311472,-0.02270731675568463,6586.282179818399,1,0,13.37548828125,19.061111111111114
2590,259.0,-119.96300998151588,1333.8746664814144,254.25121639930524,1599.042163163094,-0.02270731675568463,6657.488621875883,1,0,13.631796836853027,19.11611111111111
2591,259.1,-121.87166515432632,1334.0082498703455,254.21980835274928,1600.4250939813498,-0.02270731675568463,6731.477965897916,1,0,14.033951759338379,19.163055555555555
2592,259.2,-123.78704094394634,1334.1418332592766,254.18771769076398,1601.8380811073932,-0.02270731675568463,6806.799287684824,1,0,14.233078002929688,19.2
2593,259.299,-125.709137350376,1334.286548596626,254.15623763271867,1603.2241826706913,-0.02270731675568463,6878.690925316099,1,0,13.77619457244873,19.278888888888886
2594,259.4,-127.63123375680566,1334.4312639347665,254.12474658692832,1604.6107680364828,-0.02270731675568463,6952.621718065001,1,0,13.688021659851074,19.265
2595,259.502,-129.56005078002997,1334.5648473236974,254.09373865838654,1605.9760812187058,-0.02270731675568463,7024.068442303267,1,0,13.089728355407715,19.34611111111111
2596,259.6,-131.4955884200639,1334.6984307126286,254.064620358663,1607.2581919666995,-0.02270731675568463,7093.749759184451,1,0,13.082544326782227,19.446944444444444
2597,259.7,-133.4378466769075,1334.8320141015597,254.03536899225406,1608.5461617871395,-0.02270731675568463,7162.821506731166,1,0,12.683494567871094,19.463888888888885
2598,259.8,-135.38010493375106,1334.9878613889093,254.00609093787696,1609.835306708156,-0.02270731675568463,7235.420716205678,1,0,13.10605239868164,19.531944444444445
2599,259.901,-137.33580442421385,1335.13257672705,253.97641615565885,1611.1419199921552,-0.02270731675568463,7306.694343107177,1,0,12.774149894714355,19.62194444444444
2600,260.0,-139.29150391467664,1335.2661601151901,253.94785610485945,1612.3994504263096,-0.02270731675568463,7376.45235974976,1,0,12.637056350708008,19.62611111111111
2601,260.1,-141.2539240219341,1335.422007403331,253.9194607834483,1613.649727644404,-0.02270731675568463,7445.8395322992465,1,0,12.3749361038208,19.69694444444444
2602,260.201,-143.21634412919158,1335.5555907922621,253.89083888711002,1614.9099812056247,-0.02270731675568463,7517.944278889049,1,0,12.587015151977539,19.741944444444442
2603,260.3,-145.19220547005335,1335.7003061304024,253.86302842885004,1616.1345062562045,-0.02270731675568463,7586.1803496122175,1,0,12.157243728637695,19.825
2604,260.4,-147.17478742772474,1335.8672853669616,253.83526222350696,1617.3570828022039,-0.02270731675568463,7656.799253962484,1,0,12.300592422485352,19.911944444444448
2605,260.5,-149.16409000222066,1336.012000705102,253.8079076354118,1618.5615353882672,-0.02270731675568463,7724.547663278785,1,0,11.794671058654785,19.915
2606,260.6,-151.15339257667182,1336.1678479916611,253.78096122057156,1619.7480156571903,-0.02270731675568463,7793.969345891822,1,0,11.94105339050293,19.956944444444442
2607,260.7,-153.14269515118264,1336.323695279011,253.75376737741055,1620.9453904670866,-0.02270731675568463,7864.170837271019,1,0,12.012618064880371,20.02
2608,260.8,-155.14543895928287,1336.5018064639887,253.7252287800456,1622.201976282938,-0.02270731675568463,7942.058537849634,1,0,13.125578880310059,20.058055555555555
2609,260.9,-157.15490338417774,1336.668785699757,253.69540493669086,1623.5151528926517,-0.02270731675568463,8019.668985175262,1,0,13.144725799560547,20.15388888888889
2610,261.0,-159.1778090426919,1336.8135010371066,253.66555593518947,1624.8294372432215,-0.02270731675568463,8097.790281895031,1,0,13.14773941040039,20.311111111111114
2611,261.1,-161.1939940843964,1336.9804802744568,253.6357004798553,1626.1440057631435,-0.02270731675568463,8176.437923027303,1,0,13.150410652160645,20.243055555555554
2612,261.2,-163.21689974291053,1337.1919873070628,253.60478865303025,1627.505087481129,-0.02270731675568463,8262.097251386667,1,0,14.078243255615234,20.419999999999998
2613,261.3,-165.23308478461507,1337.358966542831,253.57339793145871,1628.8872554612747,-0.02270731675568463,8343.728625513057,1,0,13.572244644165039,20.25888888888889
2614,261.4,-167.28287291035272,1337.537077727809,253.54278071165217,1630.2353653083596,-0.02270731675568463,8425.262095983599,1,0,13.396904945373535,20.52611111111111
2615,261.5,-169.33266103609037,1337.6817930667403,253.51263146672,1631.562869707258,-0.02270731675568463,8505.85728569015,1,0,13.160029411315918,20.560000000000002
2616,261.6,-171.37572854501843,1337.882168149346,253.4828064075199,1632.8760998519806,-0.02270731675568463,8586.864482079402,1,0,13.111346244812012,20.53388888888889
2617,261.7,-173.4389579043753,1338.0602793351147,253.45286686397395,1634.1943708683086,-0.02270731675568463,8669.488576774773,1,0,13.260872840881348,20.741111111111113
2618,261.8,-175.4887460300831,1338.2495224693018,253.4227902233072,1635.5186784215837,-0.02270731675568463,8752.300048942556,1,0,13.232108116149902,20.62194444444444
2619,261.9,-177.5586960062496,1338.4276336542796,253.39287590503386,1636.8358387414282,-0.02270731675568463,8834.85836206364,1,0,13.117891311645508,20.736944444444447
2620,262.0,-179.61520474881178,1338.6057448400484,253.36307930614282,1638.1478157474555,-0.02270731675568463,8918.120650175113,1,0,13.12841510772705,20.731944444444444
2621,262.1,-181.6784341081239,1338.8061199234448,253.3333330733482,1639.457575078887,-0.02270731675568463,9001.507355416277,1,0,13.073526382446289,20.723055555555558
2622,262.2,-183.75510470109998,1338.9842311084226,253.30388392473523,1640.7542534672011,-0.02270731675568463,9083.989120874212,1,0,12.866728782653809,20.833888888888886
2623,262.3,-185.82505467725156,1339.1734742426097,253.2744630134,1642.049688537134,-0.02270731675568463,9168.457311564776,1,0,13.048653602600098,20.805
2624,262.4,-187.89500465340313,1339.3515854283785,253.24469383111818,1643.360458359717,-0.02270731675568463,9254.20554984879,1,0,13.173502922058105,20.81388888888889
2625,262.5,-189.96495462955465,1339.5408285625656,253.21428698828777,1644.6993050772653,-0.02270731675568463,9343.602772992064,1,0,13.610336303710938,20.793055555555558
2626,262.6,-192.04162522250093,1339.7189397475433,253.1833620242698,1646.060965240298,-0.02270731675568463,9433.307994524355,1,0,13.629889488220215,20.87
2627,262.7,-194.118295815477,1339.9081828817307,253.15266917520057,1647.412405126962,-0.02270731675568463,9521.896073473981,1,0,13.405878067016602,20.831944444444446
2628,262.8,-196.18824579161367,1340.0862940674992,253.1226055006639,1648.7361417672757,-0.02270731675568463,9608.809753372294,1,0,13.075681686401367,20.85388888888889
2629,262.9,-198.26491638458978,1340.264405252477,253.09240000962092,1650.0661227442674,-0.02270731675568463,9699.951798026665,1,0,13.530797004699707,20.82111111111111
2630,263.0,-200.3348663607264,1340.4425164382458,253.06159740425275,1651.4223953214346,-0.02270731675568463,9791.804046022626,1,0,13.601649284362793,20.81388888888889
2631,263.1,-202.4115369536876,1340.6206276240143,253.0306786558788,1652.783781802828,-0.02270731675568463,9884.41178190762,1,0,13.633101463317871,20.86611111111111
2632,263.2,-204.48820754663384,1340.7987388074102,252.9996196294814,1654.1513448798073,-0.02270731675568463,9978.286081033808,1,0,13.725213050842285,20.85194444444444
2633,263.3,-206.57159875640463,1340.9657180447605,252.96811729157324,1655.5384274499597,-0.02270731675568463,10074.994862169679,1,0,14.023591995239258,20.933888888888887
2634,263.4,-208.65498996616049,1341.13269728132,252.93537394041115,1656.9801531979895,-0.02270731675568463,10178.387548740606,1,0,14.818358421325684,20.93
2635,263.499,-210.74510179274088,1341.3108084662977,252.89822104422956,1658.6160360608553,-0.02270731675568463,10310.211594712566,1,0,18.23830223083496,20.961944444444445
2636,263.599,-212.83521361930636,1341.4666557528565,252.85721302697678,1660.4216641426087,-0.02270731675568463,10434.5859613884,1,0,17.88357162475586,20.96111111111111
2637,263.7,-214.92532544587183,1341.6336349886249,252.81623516509254,1662.2259644503345,-0.02270731675568463,10561.814126791876,1,0,17.854360580444336,20.97888888888889
2638,263.799,-217.02215788926185,1341.800614225184,252.77693305538622,1663.9564795474296,-0.02270731675568463,10680.844320351158,1,0,17.11455535888672,21.041944444444447
2639,263.899,-219.11899033262202,1341.956461512534,252.73846126557683,1665.6504347466516,-0.02270731675568463,10800.55589418089,1,0,16.773284912109375,21.021944444444443
2640,263.999,-221.21582277598216,1342.1234407490933,252.70185537074286,1667.2622325388363,-0.02270731675568463,10910.364388283278,1,0,15.470983505249023,21.066111111111113
2641,264.101,-223.3193758361818,1342.2792880356521,252.6661790098052,1668.8331019316843,-0.02270731675568463,11024.23828426394,1,0,15.338319778442383,21.121111111111112
2642,264.2,-225.42292889635158,1342.435135323002,252.63251864495504,1670.315204800518,-0.02270731675568463,11129.524342234212,1,0,14.610873222351074,21.103888888888886
2643,264.3,-227.5264819565512,1342.6021145595614,252.59969103668365,1671.7606404816972,-0.02270731675568463,11234.973366929522,1,0,14.30529499053955,21.18611111111111
2644,264.4,-229.63675563351566,1342.7579618469113,252.56729226779038,1673.1871938936142,-0.02270731675568463,11340.824479722785,1,0,14.23313045501709,21.145
2645,264.5,-231.74702931050996,1342.91380913347,252.5351322463202,1674.6032349940272,-0.02270731675568463,11446.26000526796,1,0,14.09499454498291,21.175
2646,264.6,-233.85058237069464,1343.0585244716106,252.50259301426584,1676.035973153345,-0.02270731675568463,11556.480701200437,1,0,14.567157745361328,21.175
2647,264.7,-235.96757666448366,1343.225503707379,252.4702976214607,1677.457974802455,-0.02270731675568463,11661.10435241105,1,0,13.880208969116211,21.261944444444445
2648,264.8,-238.08457095828757,1343.3702190455194,252.43907748526726,1678.8326317208712,-0.02270731675568463,11764.872608445996,1,0,13.62001895904541,21.265
2649,264.9,-240.20156525206167,1343.5260663336603,252.40784746965357,1680.207723641021,-0.02270731675568463,11871.72343776798,1,0,13.888911247253418,21.256111111111107
2650,265.0,-242.31855954586555,1343.6707816710098,252.37658464678591,1681.5842601006298,-0.02270731675568463,11976.979554107376,1,0,13.648917198181152,21.231944444444444
2651,265.1,-244.4355538396397,1343.8154970091502,252.34518616350877,1682.9667698372066,-0.02270731675568463,12086.09918975099,1,0,14.008407592773438,21.223055555555558
2652,265.2,-246.53910689982436,1343.9602123472907,252.31339645302444,1684.3665057378107,-0.02270731675568463,12195.456827881379,1,0,13.993529319763184,21.15888888888889
2653,265.3,-248.64938057681863,1344.1049276846402,252.2810764120131,1685.7895926745368,-0.02270731675568463,12309.673943308884,1,0,14.47554874420166,21.155
2654,265.4,-250.75965425378317,1344.2607749711992,252.24878775020585,1687.2112979504104,-0.02270731675568463,12419.70424164443,1,0,13.965888977050781,21.211111111111112
2655,265.501,-252.86320731396782,1344.41662225934,252.2169733785557,1688.612119709257,-0.02270731675568463,12530.367202367288,1,0,13.780308723449707,21.10611111111111
2656,265.599,-254.96676037415256,1344.5613375974806,252.18713842380348,1689.9257855660182,-0.02270731675568463,12632.2218606894,1,0,13.036111831665039,21.121944444444445
2657,265.7,-257.0635928175276,1344.7060529356208,252.1566068721797,1691.270123348836,-0.02270731675568463,12743.072743876726,1,0,13.591302871704102,21.07111111111111
2658,265.8,-259.16042526090274,1344.8619002229707,252.12554204047257,1692.637942039986,-0.02270731675568463,12854.728768115216,1,0,13.772125244140625,20.99611111111111
2659,265.9,-261.2505370874831,1345.0177475095297,252.0940321595594,1694.0253567369414,-0.02270731675568463,12968.765738869804,1,0,13.98332405090332,21.01
2660,266.0,-263.3406489140486,1345.1735947968796,252.0623515222053,1695.420290027712,-0.02270731675568463,13082.777104617067,1,0,13.92253589630127,21.026944444444446
2661,266.1,-265.4374813574237,1345.340574032648,252.0310309526376,1696.7993691380073,-0.02270731675568463,13195.237599865206,1,0,13.666158676147461,20.999999999999996
2662,266.199,-267.52759318400405,1345.4852893707885,252.00024297705056,1698.1549975498274,-0.02270731675568463,13307.924297444539,1,0,13.727335929870605,21.035
2663,266.3,-269.61770501055463,1345.6411366581383,251.96889400791196,1699.5353271244505,-0.02270731675568463,13422.487567420761,1,0,13.612971305847168,20.968888888888888
2664,266.399,-271.7078168371201,1345.8081158931157,251.9385356692348,1700.8720381508087,-0.02270731675568463,13533.59181381448,1,0,13.398255348205566,20.964999999999996
2665,266.499,-273.79120804689086,1345.9639631812565,251.90819693864628,1702.2078858114673,-0.02270731675568463,13645.93493424414,1,0,13.325587272644043,20.941111111111113
2666,266.599,-275.88131987345633,1346.130942417025,251.87730080629532,1703.5682764845058,-0.02270731675568463,13763.98114386135,1,0,13.889242172241211,20.963055555555556
2667,266.7,-277.96471108322714,1346.2867897051656,251.84389578588284,1705.039136257036,-0.02270731675568463,13896.25843902352,1,0,15.2442045211792,20.931944444444444
2668,266.799,-280.0279404425691,1346.4315050417242,251.80833869986253,1706.6047538441492,-0.02270731675568463,14036.784101408959,1,0,16.392589569091797,20.808888888888887
2669,266.899,-282.1247728859442,1346.6318801259117,251.76778355523393,1708.3904414463952,-0.02270731675568463,14209.149268664973,1,0,19.330371856689453,20.96388888888889
2670,267.0,-284.20816409570006,1346.8211232600988,251.72331161024016,1710.348590074649,-0.02270731675568463,14379.893183171667,1,0,19.45484733581543,20.98611111111111
2671,267.1,-286.28483468866125,1346.9992344458676,251.6772190467728,1712.3780963159202,-0.02270731675568463,14569.514152570633,1,0,21.14574432373047,20.88888888888889
2672,267.2,-288.3749465152267,1347.2218734268922,251.62913905143145,1714.4951113674829,-0.02270731675568463,14756.563471771076,1,0,21.205474853515625,20.985000000000003
2673,267.3,-290.4583377249975,1347.3888526634514,251.58227859987517,1716.5584285654857,-0.02270731675568463,14931.657238358293,1,0,20.071510314941406,20.945
2674,267.4,-292.54172893475334,1347.5892277468479,251.53554140667262,1718.6163185626694,-0.02270731675568463,15123.677565495413,1,0,21.09690284729004,20.963055555555556
2675,267.5,-294.6318407613188,1347.800734779454,251.48723909027137,1720.7431226549088,-0.02270731675568463,15318.570777586585,1,0,21.45014762878418,20.98
2676,267.6,-296.72195258789924,1347.989977913641,251.43901368502142,1722.8665402646043,-0.02270731675568463,15508.8725752304,1,0,21.029155731201172,21.016944444444444
2677,267.7,-298.80534379767,1348.1903529970377,251.3909287959837,1724.9837707909987,-0.02270731675568463,15705.714420995984,1,0,21.326374053955078,20.986944444444443
2678,267.8,-300.9088968578398,1348.3795961312248,251.3432900474896,1727.0813572587938,-0.02270731675568463,15894.85750836139,1,0,20.636173248291016,21.09111111111111
2679,267.9,-302.9990086844053,1348.5799712154126,251.29654479701085,1729.1396020267073,-0.02270731675568463,16086.440928685948,1,0,20.539337158203125,21.02
2680,268.0,-305.0958411277804,1348.780346298018,251.25058199228505,1731.1633948479368,-0.02270731675568463,16272.69361232177,1,0,19.946956634521484,21.07111111111111
2681,268.1,-307.19267357115547,1348.9807213822055,251.20594103125234,1733.1289854381932,-0.02270731675568463,16455.192512798458,1,0,19.37499237060547,21.134999999999998
2682,268.2,-309.2962266313253,1349.1699645163928,251.16208373290067,1735.060070499084,-0.02270731675568463,16639.076178995372,1,0,19.256668090820312,21.141944444444444
2683,268.3,-311.39977969150993,1349.3703395997893,251.11908273181035,1736.9534518501885,-0.02270731675568463,16817.129504088593,1,0,18.620723724365234,21.165
2684,268.4,-313.5033327516946,1349.5595827339764,251.07748580150454,1738.7850104210877,-0.02270731675568463,16990.892469837396,1,0,18.019893646240234,21.16111111111111
2685,268.5,-315.61360642868897,1349.7488258689546,251.03644799116827,1740.591950325059,-0.02270731675568463,17168.258032714464,1,0,18.128223419189453,21.196944444444444
2686,268.6,-317.72388010568324,1349.9492009515602,250.99668233618397,1742.3428758303423,-0.02270731675568463,17332.674122819575,1,0,16.899316787719727,21.21
2687,268.7,-319.82743316585305,1350.1495760349567,250.95941173879822,1743.9839412066217,-0.02270731675568463,17489.455689933646,1,0,15.93045425415039,21.17888888888889
2688,268.8,-321.9377068428473,1350.3610830675627,250.92330072659004,1745.5739487727442,-0.02270731675568463,17647.751835073475,1,0,15.877897262573242,21.211944444444445
2689,268.9,-324.04125990301714,1350.5614581509594,250.88743112735375,1747.1533266603178,-0.02270731675568463,17805.29726530747,1,0,15.717805862426758,21.186944444444443
2690,269.0,-326.14481296320184,1350.761833234356,250.85075023770534,1748.768426556628,-0.02270731675568463,17973.56961767068,1,0,16.59252166748047,21.168888888888887
2691,269.1,-328.25508664016627,1350.9622083177524,250.81361452878096,1750.4035526456648,-0.02270731675568463,18136.664701419453,1,0,16.118432998657227,21.218055555555555
2692,269.2,-330.37208093397015,1351.162583401149,250.77722594005078,1752.0057822112042,-0.02270731675568463,18299.216362859916,1,0,15.93442153930664,21.241944444444446
2693,269.3,-332.4756339941549,1351.3629584845457,250.73888226764586,1753.694096260262,-0.02270731675568463,18484.73728551929,1,0,17.840566635131836,21.211944444444445
2694,269.399,-334.58590767113424,1351.5744655171516,250.69824021753047,1755.4836104066308,-0.02270731675568463,18672.890065314103,1,0,18.320556640625,21.206944444444442
2695,269.499,-336.7029019649233,1351.8082364481763,250.65616336068774,1757.3363006705563,-0.02270731675568463,18868.49481271816,1,0,18.7428035736084,21.30888888888889
2696,269.6,-338.806455025108,1352.0420073784103,250.61302113059452,1759.235900489918,-0.02270731675568463,19068.344759382195,1,0,18.882734298706055,21.265
2697,269.7,-340.923449318897,1352.2646463602257,250.57020229843488,1761.1212607427376,-0.02270731675568463,19266.70925330897,1,0,18.83419418334961,21.289999999999996
2698,269.8,-343.0337229958913,1352.4984172904597,250.52769880004672,1762.9927365029364,-0.02270731675568463,19463.672493048118,1,0,18.60497283935547,21.328888888888887
2699,269.899,-345.1574379064899,1352.7321882206934,250.4844367576282,1764.897611790697,-0.02270731675568463,19676.57228672898,1,0,19.887279510498047,21.34388888888889
2700,270.0,-347.2744322002789,1352.9770911009277,250.4389815391526,1766.899055031316,-0.02270731675568463,19890.815205357725,1,0,19.75547981262207,21.34
2701,270.1,-349.3847058772583,1353.2219939811619,250.39328073340377,1768.9113117495615,-0.02270731675568463,20114.50053988529,1,0,20.500032424926758,21.29388888888889
2702,270.2,-351.5017001710473,1353.4557649113958,250.34771706158676,1770.9175303100315,-0.02270731675568463,20326.651496237846,1,0,19.634685516357422,21.323055555555555
2703,270.3,-353.6119738480267,1353.6895358424206,250.30230580459326,1772.9170378782644,-0.02270731675568463,20551.942444612196,1,0,20.36577796936035,21.308055555555555
2704,270.4,-355.72224752503587,1353.934438721864,250.2561914381928,1774.9475041266496,-0.02270731675568463,20775.674776176395,1,0,20.254018783569336,21.261944444444445
2705,270.5,-357.8258005852057,1354.179341602098,250.21029427179377,1776.9684068201911,-0.02270731675568463,21000.196199446902,1,0,20.174457550048828,21.216944444444444
2706,270.6,-359.9293536453904,1354.4242444815413,250.1651939507411,1778.9542235371223,-0.02270731675568463,21218.196864451238,1,0,19.5521183013916,21.17
2707,270.7,-362.0261860887655,1354.6691473609847,250.1211712584437,1780.8925910752696,-0.02270731675568463,21434.7238611249,1,0,19.225229263305664,21.22388888888889
2708,270.8,-364.1230185321405,1354.914050241219,250.07889469115068,1782.7540748098738,-0.02270731675568463,21637.661429801206,1,0,18.01404571533203,21.143055555555552
2709,270.9,-366.21985097551567,1355.1478211714527,250.03876825381369,1784.5208859587708,-0.02270731675568463,21835.241907333395,1,0,17.331289291381836,21.128888888888888
2710,271.0,-368.30996280208115,1355.3815921024775,249.99967161909382,1786.2423537663237,-0.02270731675568463,22032.05449044734,1,0,17.106945037841797,21.043888888888887
2711,271.1,-370.38663339504234,1355.6153630327115,249.96187304600178,1787.90666649338,-0.02270731675568463,22218.933795311175,1,0,16.18789291381836,20.978055555555557
2712,271.199,-372.4633039880034,1355.8602659129456,249.92559046690462,1789.504228338237,-0.02270731675568463,22404.573557926367,1,0,16.094406127929688,20.96
2713,271.301,-374.5399745809497,1356.1051687923891,249.8879289496185,1791.162506347488,-0.02270731675568463,22601.099032636306,1,0,16.42923355102539,20.933055555555555
2714,271.4,-376.6032039402917,1356.338939723414,249.851159247111,1792.78151677162,-0.02270731675568463,22790.98066959983,1,0,16.286481857299805,20.82
2715,271.5,-378.67315391644325,1356.5838426028572,249.81581220803466,1794.3378857608761,-0.02270731675568463,22966.565819636926,1,0,14.84892463684082,20.836111111111112
2716,271.599,-380.73638327580016,1356.8287454823003,249.78275722695793,1795.7933329166367,-0.02270731675568463,23138.35314473343,1,0,14.561630249023438,20.833055555555553
2717,271.7,-382.7861714015229,1357.0736483625346,249.75063785983798,1797.2075839613146,-0.02270731675568463,23301.58310977283,1,0,13.450562477111816,20.678055555555556
2718,271.8,-384.84268014407013,1357.3185512427688,249.72033397301735,1798.5418974125682,-0.02270731675568463,23461.141500081623,1,0,13.24258804321289,20.705
2719,271.9,-386.89246826979286,1357.563454122212,249.68842313163802,1799.9469668396441,-0.02270731675568463,23640.183071548225,1,0,14.866046905517578,20.675
2720,272.0,-388.92881516192614,1357.797225052446,249.65665471198096,1801.3457652817167,-0.02270731675568463,23800.257524768957,1,0,13.117136001586914,20.571944444444444
2721,272.1,-390.97188267085426,1358.0532598810985,249.62690132161404,1802.6558397689253,-0.02270731675568463,23960.07312770487,1,0,13.091110229492188,20.593055555555555
2722,272.199,-393.01495017978226,1358.2981627613328,249.59800129839698,1803.928339562378,-0.02270731675568463,24113.694216640124,1,0,12.62258529663086,20.56694444444444
2723,272.299,-395.0445764550911,1358.5319336915668,249.56902473036294,1805.2042097082715,-0.02270731675568463,24272.27822143614,1,0,12.901397705078125,20.496111111111112
2724,272.4,-397.07420273041487,1358.776836571801,249.53991425362452,1806.4859760016313,-0.02270731675568463,24428.681203221775,1,0,12.486658096313477,20.47611111111111
2725,272.5,-399.097108388929,1359.0328714004536,249.51120482511396,1807.7500837006255,-0.02270731675568463,24587.320994849106,1,0,12.80201530456543,20.44
2726,272.6,-401.1267346642527,1359.2889062283152,249.4806055853109,1809.09740186839,-0.02270731675568463,24762.714715231403,1,0,14.151296615600586,20.458055555555557
2727,272.7,-403.1496403227668,1359.5338091085498,249.4486256756866,1810.5055124462222,-0.02270731675568463,24938.222419501966,1,0,14.018177032470703,20.413055555555555
2728,272.8,-405.1658253644564,1359.778711988784,249.4164015662819,1811.9243754088457,-0.02270731675568463,25118.681001970603,1,0,14.366399765014648,20.37111111111111
2729,272.9,-407.18201040616094,1360.0570107158555,249.38330530382302,1813.3816402292452,-0.02270731675568463,25305.279354596478,1,0,14.786412239074707,20.408888888888885
2730,273.0,-409.1981954478803,1360.3019135952986,249.34994514662114,1814.8505246252914,-0.02270731675568463,25490.56584623358,1,0,14.598851203918457,20.323055555555555
2731,273.1,-411.2076598727753,1360.5690803731607,249.31576650137586,1816.3554479496927,-0.02270731675568463,25688.098505315364,1,0,15.507376670837402,20.32194444444444
2732,273.2,-413.21712429768513,1360.8251152018136,249.28140046761803,1817.8686221963071,-0.02270731675568463,25877.311086431404,1,0,14.763912200927734,20.25
2733,273.3,-415.21986810577044,1361.0922819796756,249.24727950086418,1819.3710058733218,-0.02270731675568463,26074.041271098875,1,0,15.291509628295898,20.281111111111112
2734,273.4,-417.23605314747493,1361.3037890122816,249.2131335481092,1820.8744897114345,-0.02270731675568463,26265.39769379822,1,0,14.785921096801758,20.256944444444443
2735,273.5,-419.2455175723848,1361.582087739353,249.18026153062578,1822.3218807790408,-0.02270731675568463,26449.883509631218,1,0,14.169364929199219,20.313055555555554
2736,273.6,-421.24154076366045,1361.849254517215,249.14730691794108,1823.7729086041616,-0.02270731675568463,26643.620470846105,1,0,14.858675003051758,20.223888888888887
2737,273.7,-423.2442845717607,1362.0941573974494,249.11403206696173,1825.2380368734493,-0.02270731675568463,26833.39751596444,1,0,14.451446533203125,20.148888888888887
2738,273.8,-425.25374899667054,1362.3724561245208,249.08150896678262,1826.6700647285652,-0.02270731675568463,27020.701646323898,1,0,14.19649600982666,20.33388888888889
2739,273.9,-427.24977218794623,1362.6284909531737,249.04839499931998,1828.1281091197443,-0.02270731675568463,27218.58871924743,1,0,14.971911430358887,20.191111111111113
2740,274.0,-429.259236612856,1362.8845257818264,249.01466723890542,1829.6131794893697,-0.02270731675568463,27414.718305989674,1,0,14.737154960632324,20.236944444444447
2741,274.1,-431.2552598041467,1363.1516925588974,248.98053791930474,1831.1159309514126,-0.02270731675568463,27619.342717570584,1,0,15.325624465942383,20.181944444444444
2742,274.2,-433.2647242290416,1363.4077273875503,248.94504539669782,1832.678705740456,-0.02270731675568463,27833.26237414162,1,0,15.937931060791016,20.29
2743,274.3,-435.2674680371417,1363.6748941669941,248.90838186234876,1834.293041463856,-0.02270731675568463,28053.964748356844,1,0,16.35710906982422,20.21611111111111
2744,274.399,-437.2634912284324,1363.9309289948558,248.87035521916462,1835.9673963677967,-0.02270731675568463,28289.058077529422,1,0,17.476964950561523,20.191111111111113
2745,274.5,-439.26623503653263,1364.198095773509,248.82971110969083,1837.7570011899793,-0.02270731675568463,28536.69380339604,1,0,17.969892501831055,20.248055555555556
2746,274.6,-441.26225822780833,1364.4763944997894,248.78913052866778,1839.5438087846362,-0.02270731675568463,28780.08622274721,1,0,17.775474548339844,20.188055555555554
2747,274.7,-443.26500203590854,1364.7435612776517,248.7482768382447,1841.3426416864186,-0.02270731675568463,29031.34039663681,1,0,18.210460662841797,20.19888888888889
2748,274.8,-445.2677458439938,1365.0107280563047,248.70765853028706,1843.13111043948,-0.02270731675568463,29274.259832731004,1,0,17.568138122558594,20.23
2749,274.9,-447.270489652094,1365.2778948341668,248.66850255841587,1844.8551909270384,-0.02270731675568463,29509.75259134521,1,0,16.92236328125,20.203055555555558
2750,275.0,-449.2665128433846,1365.5561935604474,248.62922823704477,1846.5844824731842,-0.02270731675568463,29757.650376343783,1,0,17.672386169433594,20.215
2751,275.099,-451.2692566514848,1365.8233603391004,248.5909501872895,1848.2699070848355,-0.02270731675568463,29985.587727234823,1,0,16.3853759765625,20.208888888888886
2752,275.2,-453.26527984277544,1366.101659065381,248.5520124716787,1849.9843775093093,-0.02270731675568463,30237.11081759165,1,0,17.573287963867188,20.205
2753,275.3,-455.26802365086075,1366.3799577932434,248.511489673084,1851.768640880123,-0.02270731675568463,30495.30064130019,1,0,18.12118148803711,20.23
2754,275.4,-457.2640468421513,1366.658256520315,248.4685790841171,1853.658041286038,-0.02270731675568463,30778.433265240375,1,0,19.676570892333984,20.206944444444446
2755,275.5,-459.26679065025155,1366.9365552465954,248.42351064138222,1855.6424543655917,-0.02270731675568463,31066.95553455864,1,0,20.02192497253418,20.23611111111111
2756,275.6,-461.2628138415571,1367.214853974458,248.37885824512355,1857.6085484614173,-0.02270731675568463,31345.436923233512,1,0,19.310096740722656,20.181944444444444
2757,275.699,-463.2655576496424,1367.4931527007386,248.33636711968884,1859.4794794268732,-0.02270731675568463,31611.148605810464,1,0,18.496234893798828,20.21
2758,275.8,-465.26158084091804,1367.77145142781,248.29295607157755,1861.3909155990957,-0.02270731675568463,31898.305983116843,1,0,19.363746643066406,20.238888888888887
2759,275.901,-467.2643246490183,1368.0608821033002,248.24933815457752,1863.311460435911,-0.02270731675568463,32175.43854946425,1,0,18.676651000976562,20.246111111111112
2760,276.0,-469.2670684571185,1368.35031277879,248.20780101800923,1865.1403862228117,-0.02270731675568463,32443.15521224441,1,0,18.280872344970703,20.26
2761,276.1,-471.2765328819985,1368.617479558234,248.16747016491118,1866.9161980223923,-0.02270731675568463,32699.560541805626,1,0,17.244522094726562,20.26888888888889
2762,276.2,-473.27255607330403,1368.9069102337241,248.12883473509152,1868.6173584711648,-0.02270731675568463,32950.91056374737,1,0,16.787460327148438,20.18888888888889
2763,276.299,-475.2685792645947,1369.2074728592142,248.0906851400593,1870.2971270801436,-0.02270731675568463,33206.547182053604,1,0,17.156009674072266,20.24111111111111
2764,276.4,-477.2713230726949,1369.485771585495,248.05278600293568,1871.965867752066,-0.02270731675568463,33449.76384212161,1,0,15.896881103515625,20.25111111111111
2765,276.5,-479.2807874975898,1369.7640703125664,248.0173517802763,1873.5260755303273,-0.02270731675568463,33682.977906893946,1,0,15.31532096862793,20.318055555555553
2766,276.6,-481.28353130569,1370.0646329380568,247.98360632027135,1875.0119252323752,-0.02270731675568463,33903.99558907719,1,0,14.40933609008789,20.24694444444444
2767,276.7,-483.2661132633614,1370.387459461175,247.9518106453239,1876.4119237548484,-0.02270731675568463,34113.81522300097,1,0,13.597854614257812,20.195
2768,276.799,-485.27557768825625,1370.676890137456,247.92140150527115,1877.7508716216214,-0.02270731675568463,34319.382260771476,1,0,13.458572387695312,20.3
2769,276.9,-487.2648802627521,1370.9774527621553,247.89054087268156,1879.10969920114,-0.02270731675568463,34529.6796998973,1,0,13.455842971801758,20.203055555555558
2770,277.0,-489.2676240708524,1371.2668834392273,247.8603359478782,1880.4396552459782,-0.02270731675568463,34734.51064873993,1,0,13.150136947631836,20.221944444444443
2771,277.1,-491.25692664531846,1371.5563141147172,247.83086705233416,1881.7372031133764,-0.02270731675568463,34934.938056405874,1,0,12.807512283325195,20.169999999999998
2772,277.2,-493.25294983662394,1371.8346128417886,247.80188075537185,1883.0135016346767,-0.02270731675568463,35134.35215217122,1,0,12.725040435791016,20.158055555555556
2773,277.299,-495.24225241109,1372.1240435172786,247.7732445893289,1884.274383506682,-0.02270731675568463,35332.723362349745,1,0,12.753889083862305,20.15888888888889
2774,277.4,-497.22483436876144,1372.4357380919785,247.74430338138015,1885.548696709146,-0.02270731675568463,35532.256541872826,1,0,12.486542701721191,20.169999999999998
2775,277.5,-499.21413694325736,1372.7363007166778,247.71602867551013,1886.7936630923662,-0.02270731675568463,35729.043232151686,1,0,12.419205665588379,20.143055555555556
2776,277.6,-501.18999828411916,1373.0368633421683,247.68761372517963,1888.0448045933588,-0.02270731675568463,35928.98857285871,1,0,12.610076904296875,20.06388888888889
2777,277.7,-503.1725802418055,1373.326294018449,247.65841062664066,1889.3306491264204,-0.02270731675568463,36137.027050118435,1,0,13.113445281982422,20.09
2778,277.8,-505.1618828162865,1373.6045927455207,247.62837473032704,1890.6531626610354,-0.02270731675568463,36350.0942344333,1,0,13.343646049499512,20.135
2779,277.9,-507.1579060075771,1373.882891471801,247.59838381163044,1891.9736957817256,-0.02270731675568463,36560.61238617704,1,0,13.073826789855957,20.116944444444446
2780,278.0,-509.14048796526345,1374.138926301245,247.5682531465044,1893.3003820913345,-0.02270731675568463,36776.96277617507,1,0,13.466741561889648,19.996111111111112
2781,278.101,-511.10290807252085,1374.4617528243632,247.53733977864135,1894.6615316629172,-0.02270731675568463,36997.45684596058,1,0,13.49366569519043,20.026944444444442
2782,278.199,-513.0787694133975,1374.7623154490625,247.50722089952833,1895.987699021416,-0.02270731675568463,37213.46251167466,1,0,13.577953338623047,19.99388888888889
2783,278.3,-515.0479101374498,1375.0628780745528,247.47533691001263,1897.3915861314165,-0.02270731675568463,37446.619565513625,1,0,14.228960037231445,19.983055555555552
2784,278.4,-517.0304920951361,1375.3411768016242,247.4419464790191,1898.8618035157904,-0.02270731675568463,37693.80741100521,1,0,15.18297004699707,20.061944444444443
2785,278.5,-519.0197946696319,1375.6083435794865,247.40715549918673,1900.3936886052302,-0.02270731675568463,37947.574193527835,1,0,15.462632179260254,20.035
2786,278.6,-520.9956560104938,1375.8755103573485,247.37024024587114,1902.0191077914533,-0.02270731675568463,38227.90079074514,1,0,17.054134368896484,19.96
2787,278.7,-522.9782379681651,1376.1426771352105,247.33089387889558,1903.7515715847674,-0.02270731675568463,38519.53744459465,1,0,17.604076385498047,20.011944444444445
2788,278.8,-524.9473786922023,1376.4321078114915,247.29108120328425,1905.5045674599496,-0.02270731675568463,38810.390542525674,1,0,17.464881896972656,19.97
2789,278.9,-526.9434018835377,1376.7326704361908,247.24897739430045,1907.3584444562773,-0.02270731675568463,39139.46529164722,1,0,19.62221908569336,20.139999999999997
2790,279.0,-528.9259838412091,1377.0109691632624,247.20364228192352,1909.3545992933336,-0.02270731675568463,39481.73781207018,1,0,20.311172485351562,20.06388888888889
2791,279.1,-530.9085657988805,1377.267003991915,247.15453812687332,1911.516709222786,-0.02270731675568463,39874.290662407424,1,0,22.942176818847656,20.041944444444447
2792,279.2,-532.8978683733466,1377.5453027189867,247.1018184742874,1913.8380134834292,-0.02270731675568463,40275.37119482581,1,0,23.495880126953125,20.04611111111111
2793,279.3,-534.8871709478425,1377.8124694968487,247.04902644046732,1916.1625047693842,-0.02270731675568463,40668.07820121423,1,0,23.00593376159668,20.016111111111112
2794,279.4,-536.8831941391331,1378.079636274711,246.99581299442787,1918.505551298638,-0.02270731675568463,41081.5163887566,1,0,23.867080688476562,20.165
2795,279.5,-538.872496713614,1378.3579350017824,246.94201944831954,1920.8741402716562,-0.02270731675568463,41488.4734304372,1,0,23.51691436767578,20.13888888888889
2796,279.6,-540.86179928811,1378.6473656780634,246.8885626188375,1923.2279032414492,-0.02270731675568463,41900.0588196909,1,0,23.570484161376953,20.138055555555557
2797,279.7,-542.871263713005,1378.9367963543443,246.83556080784393,1925.5616312469722,-0.02270731675568463,42305.102624266125,1,0,23.116111755371094,20.293055555555558
2798,279.8,-544.8740075211051,1379.2262270306253,246.7832864188339,1927.863330062869,-0.02270731675568463,42710.09807603364,1,0,22.92973518371582,20.225
2799,279.9,-546.8767513291905,1379.5267896553246,246.73044884332253,1930.1898265995578,-0.02270731675568463,43131.709954753525,1,0,23.612194061279297,20.255000000000003
2800,280.0,-548.8794951372906,1379.827352280815,246.67613970082752,1932.581117848302,-0.02270731675568463,43566.96195004828,1,0,24.225963592529297,20.326944444444443
2801,280.1,-550.8822389453759,1380.116782957096,246.6220366046039,1934.9633366532005,-0.02270731675568463,43987.156938955246,1,0,23.43069839477539,20.261944444444442
2802,280.2,-552.8917033702858,1380.4173455817952,246.56984062949974,1937.261582818617,-0.02270731675568463,44394.171313248895,1,0,22.546077728271484,20.323055555555555
2803,280.3,-554.9146090287999,1380.729040156495,246.51948799289522,1939.478664763423,-0.02270731675568463,44790.81778003006,1,0,21.806995391845703,20.486944444444443
2804,280.399,-556.9240734536799,1381.0296027811944,246.47121165877377,1941.6043248273193,-0.02270731675568463,45174.11261068893,1,0,21.146705627441406,20.348055555555554
2805,280.501,-558.946979112209,1381.3524293051037,246.42316714957374,1943.7197773850685,-0.02270731675568463,45556.538659224,1,0,20.34345245361328,20.468055555555555
2806,280.6,-560.9766053875178,1381.6641238782215,246.37730293113327,1945.7392293437738,-0.02270731675568463,45932.57693331847,1,0,20.46407699584961,20.52388888888889
2807,280.7,-562.9927904292372,1381.9758184529212,246.33172173945013,1947.74621932321,-0.02270731675568463,46299.48658774758,1,0,19.686073303222656,20.446944444444444
2808,280.8,-565.0156960877364,1382.2652491292022,246.28714249096032,1949.7090926423577,-0.02270731675568463,46666.70240068381,1,0,19.58151626586914,20.478055555555557
2809,280.9,-567.0453223630602,1382.5658117539015,246.2446336398211,1951.5808040900704,-0.02270731675568463,47003.89719275103,1,0,17.86236572265625,20.509999999999998
2810,281.0,-569.0749486383838,1382.8552424301824,246.20452830817376,1953.3466859322493,-0.02270731675568463,47335.088089099576,1,0,17.464378356933594,20.528055555555557
2811,281.1,-571.097854296883,1383.1335411572538,246.1650179005977,1955.0863726135422,-0.02270731675568463,47665.20128872942,1,0,17.338327407836914,20.48
2812,281.2,-573.1274805722068,1383.456367681163,246.1251901909448,1956.8400304541026,-0.02270731675568463,48004.0464278484,1,0,17.743873596191406,20.561944444444443
2813,281.3,-575.150386230721,1383.7569303058624,246.0864051959053,1958.547776423929,-0.02270731675568463,48320.95605413911,1,0,16.41985321044922,20.496944444444445
2814,281.4,-577.1800125060447,1384.0463609821434,246.04900050690787,1960.1947460012843,-0.02270731675568463,48639.637160477716,1,0,16.528032302856445,20.546944444444442
2815,281.5,-579.2029181645439,1384.3469236068427,246.01206545252742,1961.821037050162,-0.02270731675568463,48950.581223141264,1,0,16.006175994873047,20.488055555555558
2816,281.6,-581.2325444398676,1384.6474862315422,245.9766591813193,1963.3800140952967,-0.02270731675568463,49247.59635742429,1,0,15.181405067443848,20.53388888888889
2817,281.7,-583.2621707151914,1384.9480488570325,245.94232994231183,1964.891568228602,-0.02270731675568463,49542.027558432674,1,0,15.057473182678223,20.501944444444444
2818,281.8,-585.2850763736906,1385.2374795333135,245.90908091640765,1966.3555593914386,-0.02270731675568463,49823.1931030486,1,0,14.229900360107422,20.478055555555557
2819,281.9,-587.3079820322047,1385.5380421580128,245.8746463395028,1967.8717516681688,-0.02270731675568463,50135.86873125712,1,0,16.101764678955078,20.44611111111111
2820,281.999,-589.3174464571146,1385.827472834294,245.83773255685122,1969.4971060994383,-0.02270731675568463,50462.284280183914,1,0,16.742145538330078,20.355
2821,282.1,-591.3470727324383,1386.1391674082026,245.79871566943956,1971.2150625453407,-0.02270731675568463,50807.75742697662,1,0,17.285566329956055,20.493055555555557
2822,282.2,-593.3498165405236,1386.417466136065,245.75931350999448,1972.9499829424226,-0.02270731675568463,51154.623527613694,1,0,17.421789169311523,20.369999999999997
2823,282.3,-595.3727221990376,1386.7180287607644,245.71935080361257,1974.7095848373697,-0.02270731675568463,51509.909916029894,1,0,17.77932357788086,20.423055555555553
2824,282.4,-597.3821866239327,1387.0185913854637,245.67981115078723,1976.4505592191383,-0.02270731675568463,51853.44924419196,1,0,17.049142837524414,20.388055555555553
2825,282.5,-599.3916510488276,1387.3080220617449,245.6410248522056,1978.158362585358,-0.02270731675568463,52198.81380323869,1,0,17.115732192993164,20.301944444444445
2826,282.6,-601.3943948569279,1387.5974527380258,245.60269631344846,1979.8460102832657,-0.02270731675568463,52536.989991405295,1,0,16.645925521850586,20.281111111111112
2827,282.7,-603.3971386650279,1387.9314112103534,245.56293457991734,1981.596763122654,-0.02270731675568463,52908.811708330446,1,0,18.37816047668457,20.37111111111111
2828,282.8,-605.4066030899379,1388.2765016326814,245.52123516131783,1983.4328343657942,-0.02270731675568463,53283.99760945428,1,0,18.352733612060547,20.395
2829,282.899,-607.3959056644188,1388.5881962057992,245.48101410150295,1985.2038118464163,-0.02270731675568463,53639.40801867683,1,0,17.433815002441406,20.245
2830,282.999,-609.3986494725041,1388.899890780499,245.4405472967555,1986.9856097465777,-0.02270731675568463,54014.084170427894,1,0,18.211332321166992,20.24888888888889
2831,283.1,-611.408113897414,1389.2115853544078,245.40309897809456,1988.6345003859824,-0.02270731675568463,54324.47388579932,1,0,14.448387145996094,20.323888888888888
2832,283.199,-613.3906958550853,1389.5232799283165,245.37036775985658,1990.075691908025,-0.02270731675568463,54626.16173883824,1,0,14.674100875854492,20.174999999999997
2833,283.3,-615.3732778127717,1389.857238400644,245.336715582626,1991.5574342669665,-0.02270731675568463,54935.71713964424,1,0,14.674898147583008,20.086944444444445
2834,283.4,-617.3760216208569,1390.1911968737627,245.30411017307213,1992.9930862943404,-0.02270731675568463,55232.10132963481,1,0,14.045546531677246,20.26
2835,283.5,-619.3518829617336,1390.5696831421371,245.27107182296274,1994.4478011703268,-0.02270731675568463,55545.75157534204,1,0,15.056253433227539,20.19388888888889
2836,283.6,-621.334464919405,1390.9036416144647,245.23725540544285,1995.9367752097637,-0.02270731675568463,55857.640402132754,1,0,14.73090648651123,20.09388888888889
2837,283.7,-623.3170468770765,1391.2709959344206,245.20363530526612,1997.417105180761,-0.02270731675568463,56172.51031257378,1,0,14.88332748413086,20.151944444444442
2838,283.8,-625.2727463675393,1391.6049544067482,245.17054705785907,1998.8740170896172,-0.02270731675568463,56477.70083817969,1,0,14.26242446899414,19.974999999999998
2839,283.9,-627.2418870916063,1391.9834406751227,245.13824784970305,2000.2961867328218,-0.02270731675568463,56780.73340852277,1,0,14.188302993774414,20.068055555555556
2840,284.0,-629.1908659652595,1392.3953227911252,245.10671589951838,2001.6845731640635,-0.02270731675568463,57073.80997695533,1,0,13.586585998535156,19.996111111111112
2841,284.1,-631.1465654557072,1392.7515451618715,245.0785288536089,2002.9256797828525,-0.02270731675568463,57325.54186478363,1,0,11.241947174072266,19.953055555555554
2842,284.2,-633.1089855629797,1393.1188994810366,245.05237448894218,2004.0772852118969,-0.02270731675568463,57577.328113669,1,0,11.796100616455078,19.976111111111113
2843,284.3,-635.0579644366179,1393.4639899017825,245.02644658657178,2005.2189192570736,-0.02270731675568463,57819.837662764876,1,0,11.042468070983887,19.83111111111111
2844,284.4,-637.0069433102711,1393.7979483749011,245.00162554521378,2006.3118169950471,-0.02270731675568463,58055.73539614211,1,0,10.821123123168945,19.796944444444442
2845,284.5,-638.962642800719,1394.2432263385322,244.97770664054443,2007.364992662857,-0.02270731675568463,58281.7617313635,1,0,10.247821807861328,19.903055555555557
2846,284.6,-640.9049010575626,1394.6328445561157,244.9541904351192,2008.400437040241,-0.02270731675568463,58508.87795598231,1,0,10.466405868530273,19.89388888888889
2847,284.7,-642.8404386975964,1395.0224627744904,244.930398702678,2009.4480131750386,-0.02270731675568463,58738.14092932937,1,0,10.490519523620605,19.828055555555554
2848,284.8,-644.7759763376453,1395.4454768389114,244.9070611972889,2010.475589193378,-0.02270731675568463,58961.18935931711,1,0,10.066300392150879,19.736944444444443
2849,284.9,-646.698072744075,1395.8350950564952,244.88710834446601,2011.3541352383131,-0.02270731675568463,59142.65518405173,1,0,7.509151458740234,19.748055555555556
2850,285.0,-648.6268897672994,1396.258109121707,244.86961209204202,2012.1245144670247,-0.02270731675568463,59314.31674248534,1,0,7.902406215667725,19.69694444444444
2851,285.1,-650.5422655569195,1396.6811231869192,244.8517847014808,2012.9094740719547,-0.02270731675568463,59487.46451814207,1,0,7.8008341789245605,19.666944444444443
2852,285.2,-652.4576413465395,1397.0930053029217,244.83365237462888,2013.7078603569958,-0.02270731675568463,59665.88243294917,1,0,8.171009063720703,19.56888888888889
2853,285.3,-654.3662965193647,1397.5382832657617,244.8146421202693,2014.5449027553484,-0.02270731675568463,59853.37690824544,1,0,8.574155807495117,19.639999999999997
2854,285.4,-656.2682310753656,1397.972429280183,244.79445799265443,2015.433632083627,-0.02270731675568463,60053.84345149717,1,0,9.2050142288208,19.568055555555553
2855,285.5,-658.1567243977621,1398.4177072430227,244.77300817542982,2016.3780911168562,-0.02270731675568463,60266.51003652286,1,0,9.689037322998047,19.47388888888889
2856,285.6,-660.0317764865543,1398.874117155072,244.75072404035322,2017.3592860823157,-0.02270731675568463,60486.673832165965,1,0,9.939922332763672,19.423055555555557
2857,285.7,-661.9068285753465,1399.375054863959,244.72809403462313,2018.355710112881,-0.02270731675568463,60709.708087953666,1,0,9.993697166442871,19.47
2858,285.8,-663.7415569632811,1399.8871245212645,244.70513856560305,2019.366464649902,-0.02270731675568463,60937.444955428975,1,0,10.226606369018555,19.319999999999997
2859,285.901,-665.6098884352787,1400.3880622301515,244.68169130566898,2020.3988732815155,-0.02270731675568463,61169.29718381087,1,0,10.222400665283203,19.366111111111113
2860,286.0,-667.4782199072612,1400.8667360406196,244.65876666295188,2021.4082705025266,-0.02270731675568463,61396.29673233004,1,0,10.174720764160156,19.29
2861,286.1,-669.3331101456247,1401.3342779018783,244.63541519320526,2022.4364613868793,-0.02270731675568463,61629.56591635577,1,0,10.394399642944336,19.141111111111112
2862,286.199,-671.1947210008126,1401.835215609974,244.61203112152342,2023.4660877702815,-0.02270731675568463,61862.58773019118,1,0,10.411497116088867,19.228055555555557
2863,286.299,-673.029449388762,1402.3472852688615,244.58816380312658,2024.5169920378012,-0.02270731675568463,62102.04759268316,1,0,10.612008094787598,19.13
2864,286.401,-674.857457159887,1402.8482229769575,244.56325426266903,2025.6137864884197,-0.02270731675568463,62353.05314839089,1,0,10.899311065673828,19.01888888888889
2865,286.499,-676.678744314247,1403.4382162779377,244.5387215363352,2026.693989398921,-0.02270731675568463,62600.7133511712,1,0,11.151330947875977,19.108055555555556
2866,286.6,-678.4933108517826,1403.9614178844524,244.5127193592383,2027.8388938419594,-0.02270731675568463,62864.5792665755,1,0,11.525890350341797,18.988055555555555
2867,286.7,-680.294436155699,1404.5180153385957,244.48652260888136,2028.992365559541,-0.02270731675568463,63128.92823445799,1,0,11.549492835998535,18.883888888888887
2868,286.8,-682.1090026932196,1405.108008639576,244.46015933643005,2030.1531694280027,-0.02270731675568463,63396.314755996165,1,0,11.672571182250977,19.051111111111112
2869,286.9,-683.9101279971658,1405.664606093719,244.43353093931563,2031.325647026846,-0.02270731675568463,63667.04395915277,1,0,11.783027648925781,18.836944444444445
2870,287.0,-685.677650217049,1406.2657313439086,244.4061211931992,2032.5325282812232,-0.02270731675568463,63949.555749097715,1,0,12.360821723937988,18.761111111111113
2871,287.101,-687.4586136705664,1406.833460747261,244.37770348666743,2033.7837911407871,-0.02270731675568463,64239.71840574007,1,0,12.423049926757812,18.67388888888889
2872,287.199,-689.2530183576879,1407.3455304045665,244.34918396978136,2035.0395368221764,-0.02270731675568463,64536.86567628948,1,0,13.211021423339844,18.70888888888889
2873,287.301,-691.0070993439668,1407.9911834515938,244.31913894055273,2036.362452489079,-0.02270731675568463,64841.57539483123,1,0,12.735190391540527,18.64388888888889
2874,287.4,-692.7477390966714,1408.6145725994115,244.29021365277276,2037.6360647090112,-0.02270731675568463,65141.013338917,1,0,13.000984191894531,18.553055555555556
2875,287.5,-694.4816582325064,1409.2268297988107,244.26107857769622,2038.9189140942406,-0.02270731675568463,65439.232984435956,1,0,12.662619590759277,18.46388888888889
2876,287.6,-696.2021361347672,1409.7722953037442,244.23233454468925,2040.1845454672552,-0.02270731675568463,65736.69112052614,1,0,12.656535148620605,18.25611111111111
2877,287.7,-697.9091728034086,1410.3622886047244,244.2036729563916,2041.4465467090824,-0.02270731675568463,66033.76204889591,1,0,12.589998245239258,18.12
2878,287.8,-699.6834156401013,1410.9745458041236,244.1750439707221,2042.7071124213508,-0.02270731675568463,66332.11234469402,1,0,12.627817153930664,18.498055555555556
2879,287.9,-701.424055392776,1411.564539105895,244.14625424120112,2043.9747558621134,-0.02270731675568463,66633.4886112949,1,0,12.731589317321777,18.251111111111108
2880,288.0,-703.1310920614325,1412.2213241013408,244.11718906478217,2045.2545275326054,-0.02270731675568463,66938.89556972457,1,0,12.870444297790527,18.251111111111108
2881,288.1,-704.81796687966,1412.8558451991587,244.08896715994734,2046.4971690281993,-0.02270731675568463,67229.26945583036,1,0,11.988794326782227,18.145
2882,288.2,-706.5048416978876,1413.5014982446041,244.06227980461824,2047.672242622051,-0.02270731675568463,67507.43350225204,1,0,11.51873779296875,18.061944444444443
2883,288.3,-708.2253196001334,1414.0135679034915,244.03688005876103,2048.7906213553238,-0.02270731675568463,67771.7467624426,1,0,10.854604721069336,18.008055555555554
2884,288.399,-709.9189150351704,1414.525637560797,244.01290823094143,2049.8461272876193,-0.02270731675568463,68023.57031880369,1,0,10.47424602508545,17.808888888888887
2885,288.5,-711.6192310870023,1415.1490267094055,243.98927117498022,2050.88689284696,-0.02270731675568463,68272.85806481772,1,0,10.140287399291992,18.02111111111111
2886,288.6,-713.3061059052299,1415.772415858014,243.96652017585498,2051.888644349727,-0.02270731675568463,68513.92391807688,1,0,9.899909019470215,17.866944444444442
2887,288.7,-714.9862601066478,1416.5071244971348,243.94392554332143,2052.8835108595617,-0.02270731675568463,68755.83298640401,1,0,10.002552032470703,18.08888888888889
2888,288.803,-716.6193699904433,1417.197305340209,243.9202461880134,2053.9261389056437,-0.02270731675568463,69010.73456939803,1,0,10.247873306274414,17.86111111111111
2889,288.9,-718.2726417246378,1417.9765417753765,243.89734937894156,2054.9343105806556,-0.02270731675568463,69258.13419713062,1,0,10.54453182220459,18.118055555555554
2890,289.0,-719.8721485244,1418.733514312916,243.8733179073459,2055.992442693982,-0.02270731675568463,69517.03982814528,1,0,10.623567581176758,17.71111111111111
2891,289.1,-721.4918171745763,1419.5127507488744,243.84921009300393,2057.053936262355,-0.02270731675568463,69776.85067355231,1,0,10.611778259277344,17.96388888888889
2892,289.2,-723.0913239743236,1420.269723285623,243.82502160629357,2058.1189819237948,-0.02270731675568463,70038.74563192953,1,0,10.69462776184082,17.783888888888885
2893,289.3,-724.7109926244849,1421.0044319247438,243.80075070843685,2059.187656238608,-0.02270731675568463,70301.61096799263,1,0,10.684370040893555,17.77111111111111
2894,289.4,-726.3172200410419,1421.8393281059584,243.77640665956326,2060.2595514731124,-0.02270731675568463,70566.44073143635,1,0,10.759062767028809,17.97
2895,289.5,-727.9234474576137,1422.5851686942888,243.7518285999749,2061.341750456647,-0.02270731675568463,70834.82167154434,1,0,10.890498161315918,17.843888888888888
2896,289.6,-729.5363954909654,1423.3644051294561,243.7267582031325,2062.445627590728,-0.02270731675568463,71110.32388056468,1,0,11.192737579345703,17.848055555555554
2897,289.7,-731.1359022907278,1424.1547735146241,243.7009853508195,2063.5804346114223,-0.02270731675568463,71394.32887600287,1,0,11.509255409240723,17.87388888888889
2898,289.8,-732.7690121745084,1424.9562738482102,243.67452607097425,2064.745465790986,-0.02270731675568463,71686.4413427129,1,0,11.79737663269043,18.17888888888889
2899,289.9,-734.3954014414791,1425.768906131006,243.64721204967333,2065.948132176502,-0.02270731675568463,71989.99102733906,1,0,12.262153625488281,18.145
2900,290.0,-735.9680257740179,1426.5815384138018,243.61828456368173,2067.221841186108,-0.02270731675568463,72315.91786432467,1,0,13.218595504760742,17.856111111111108
2901,290.1,-737.5809738073696,1427.4720943402724,243.58573319482727,2068.6551137420774,-0.02270731675568463,72694.23681647725,1,0,15.45424747467041,18.209999999999997
2902,290.2,-739.1267156726849,1428.3515183175336,243.54953075819347,2070.249146826168,-0.02270731675568463,73104.65103890502,1,0,16.434635162353516,17.89805555555556
2903,290.3,-740.7329430892419,1429.2198103455855,243.50797722371473,2072.0787946310934,-0.02270731675568463,73606.60778361402,1,0,20.167757034301758,18.19611111111111
2904,290.4,-742.3593323562127,1430.0769704244278,243.46118446757004,2074.1391311257034,-0.02270731675568463,74139.89550673426,1,0,21.049598693847656,18.333888888888886
2905,290.5,-743.9185154551473,1430.9897902493174,243.4121603179597,2076.297718327685,-0.02270731675568463,74703.75845845265,1,0,22.133277893066406,18.146944444444443
2906,290.6,-745.5919490397555,1431.8692142265786,243.36255999622975,2078.481675021507,-0.02270731675568463,75255.85850302427,1,0,21.557119369506836,18.681944444444444
2907,290.7,-747.2452207739649,1432.6707145601652,243.31427799732992,2080.6075845118216,-0.02270731675568463,75795.87542567961,1,0,20.972034454345703,18.381944444444443
2908,290.8,-748.8312863401079,1433.6280621811013,243.26562572317255,2082.749797628789,-0.02270731675568463,76361.46404044016,1,0,21.883275985717773,18.541944444444447
2909,290.9,-750.3703075885986,1434.5520139544092,243.21566159409267,2084.9497731601805,-0.02270731675568463,76936.47754110624,1,0,22.127580642700195,18.211111111111112
2910,291.0,-751.969814388361,1435.4870976769266,243.16604027710602,2087.1346542982365,-0.02270731675568463,77500.22227331913,1,0,21.581310272216797,18.451111111111107
2911,291.1,-753.555879954519,1436.4110494510253,243.11751017429546,2089.2714880764947,-0.02270731675568463,78055.9575124818,1,0,21.166385650634766,18.441111111111113
2912,291.2,-755.1486661374418,1437.3350012235423,243.0702883860563,2091.3507153258797,-0.02270731675568463,78595.36778566695,1,0,20.428882598876953,18.464999999999996
2913,291.3,-756.7481729372041,1438.303480794479,243.0254636602282,2093.3243972820974,-0.02270731675568463,79102.39529042815,1,0,19.054935455322266,18.621111111111112
2914,291.4,-758.320797269728,1439.2719603638336,242.9846742266371,2095.120400884927,-0.02270731675568463,79557.31416870252,1,0,16.874399185180664,18.51111111111111
2915,291.499,-759.9135834526656,1440.3072316284447,242.94914548996235,2096.6847702191903,-0.02270731675568463,79955.45918899024,1,0,14.737171173095703,18.766111111111112
2916,291.6,-761.5265314860324,1441.3313709438464,242.91571740429205,2098.156645580378,-0.02270731675568463,80347.56337324112,1,0,14.416391372680664,18.913888888888888
2917,291.7,-763.1058764353808,1442.221926870317,242.8842209020086,2099.54347120156,-0.02270731675568463,80711.89261916473,1,0,13.32727336883545,18.42888888888889
2918,291.8,-764.725545085557,1443.145878643625,242.85577779560106,2100.795852445578,-0.02270731675568463,81038.20696165547,1,0,11.726810455322266,18.726944444444445
2919,291.9,-766.3048900348755,1444.2145457550735,242.82904858184503,2101.972769111984,-0.02270731675568463,81357.65732068868,1,0,11.81759262084961,18.826944444444443
2920,292.0,-767.8909556010335,1445.2609489696852,242.80281781705014,2103.1277385226613,-0.02270731675568463,81667.70164492671,1,0,11.287752151489258,18.919999999999998
2921,292.1,-769.4703005503819,1446.3184841311331,242.77725411071046,2104.2533366162265,-0.02270731675568463,81973.84248452655,1,0,11.23001480102539,18.939999999999998
2922,292.2,-771.0899692005431,1447.186776159185,242.75180852759132,2105.3737336145327,-0.02270731675568463,82279.40571972258,1,0,11.183703422546387,18.655
2923,292.3,-772.7029172339098,1448.1329918309118,242.7261499809826,2106.503507629406,-0.02270731675568463,82590.17639394557,1,0,11.417603492736816,18.78111111111111
2924,292.4,-774.288982800038,1449.145999197104,242.70019640619435,2107.646272059363,-0.02270731675568463,82903.85683211786,1,0,11.443578720092773,18.84111111111111
2925,292.5,-775.8817689829906,1450.1478746148778,242.67432228576376,2108.7855380266046,-0.02270731675568463,83216.52775613799,1,0,11.347616195678711,18.83
2926,292.6,-777.4745551659433,1451.1720139302795,242.6484446174033,2109.924960213099,-0.02270731675568463,83531.36392806802,1,0,11.446703910827637,18.898055555555555
2927,292.7,-779.0539001152617,1452.2072851940995,242.622334175827,2111.0746316601853,-0.02270731675568463,83849.86179163009,1,0,11.552654266357422,18.924999999999997
2928,292.8,-780.6466862982295,1453.2425564587109,242.5961354084443,2112.2281921896288,-0.02270731675568463,84169.30039254943,1,0,11.524505615234375,18.96388888888889
2929,292.9,-782.2327518643725,1454.2666957741126,242.56983265326141,2113.386331416232,-0.02270731675568463,84491.84999384337,1,0,11.644251823425293,18.92111111111111
2930,293.001,-783.8120968137358,1455.2908350895143,242.54312954295827,2114.5620987189104,-0.02270731675568463,84819.28174957554,1,0,11.644272804260254,18.89388888888889
2931,293.1,-785.3847211462299,1456.3483702517533,242.516878002874,2115.717982888419,-0.02270731675568463,85142.47454259398,1,0,11.712944030761719,18.935
2932,293.199,-786.9573454787686,1457.372509566364,242.4905276447034,2116.8782181269034,-0.02270731675568463,85467.34690631789,1,0,11.732195854187012,18.849999999999998
2933,293.3,-788.5232491944978,1458.48570447465,242.4636596407159,2118.0612458797805,-0.02270731675568463,85799.08081630066,1,0,11.7001371383667,19.085
2934,293.4,-790.0958735270216,1459.520975740052,242.43692240866,2119.238515600745,-0.02270731675568463,86131.35269429,1,0,11.85132884979248,18.919999999999998
2935,293.5,-791.6752184763551,1460.60077480071,242.41043997145366,2120.404566424374,-0.02270731675568463,86457.55152063713,1,0,11.475701332092285,19.095000000000002
2936,293.6,-793.227680958465,1461.6471780137397,242.38434700968446,2121.5534682163375,-0.02270731675568463,86782.66125881836,1,0,11.508259773254395,18.788055555555555
2937,293.7,-794.7935846741942,1462.738109023607,242.35786969137118,2122.7192936494785,-0.02270731675568463,87115.32330711668,1,0,11.814261436462402,19.086944444444445
2938,293.8,-796.3527677731138,1463.8179080842647,242.33129674676593,2123.889329613381,-0.02270731675568463,87446.22691058529,1,0,11.59249210357666,18.99111111111111
2939,293.9,-797.9119508720484,1464.908839094132,242.30507793255086,2125.043772826891,-0.02270731675568463,87774.50054627216,1,0,11.502326011657715,19.023055555555555
2940,294.0,-799.4711339709529,1465.9886381547897,242.2802430697486,2126.137279138251,-0.02270731675568463,88079.27682611003,1,0,10.37343978881836,19.006944444444443
2941,294.1,-801.0370376866821,1467.0684372154476,242.25669276435403,2127.1742249747726,-0.02270731675568463,88376.25635409607,1,0,10.370824813842773,18.99388888888889
2942,294.2,-802.589500168792,1468.159368225315,242.2329447124838,2128.219877806011,-0.02270731675568463,88677.55121538269,1,0,10.547624588012695,19.00611111111111
2943,294.3,-804.1554038845212,1469.2614311836005,242.20905594410624,2129.2717265397628,-0.02270731675568463,88979.81007036047,1,0,10.49477481842041,19.10388888888889
2944,294.4,-805.707866366631,1470.3523621934678,242.18504494050399,2130.3289574248374,-0.02270731675568463,89285.69950128693,1,0,10.655295372009277,19.05611111111111
2945,294.5,-807.2670494655506,1471.443293202544,242.16080455571037,2131.396288215937,-0.02270731675568463,89594.41296835967,1,0,10.69682502746582,19.04388888888889
2946,294.6,-808.8262325644702,1472.5453561624117,242.1365484212262,2132.464312483227,-0.02270731675568463,89903.57606001639,1,0,10.669168472290039,19.096111111111114
2947,294.7,-810.3921362801993,1473.6474191206974,242.11277126160655,2133.5112469606715,-0.02270731675568463,90204.96064663415,1,0,10.274920463562012,19.139999999999997
2948,294.8,-811.9580399959286,1474.7383501305646,242.08920121902503,2134.5490618472336,-0.02270731675568463,90508.33461341688,1,0,10.486729621887207,19.091944444444447
2949,294.9,-813.5306643284524,1475.8404130896413,242.06524667806883,2135.6038066199294,-0.02270731675568463,90816.76408410426,1,0,10.613605499267578,19.185
2950,295.002,-815.0898474273869,1476.9647399463458,242.04065772011037,2136.6864854706814,-0.02270731675568463,91133.26847265917,1,0,10.620865821838379,19.241944444444446
2951,295.1,-816.655751143101,1478.0445390077946,242.01707662182423,2137.724787152072,-0.02270731675568463,91437.12972809853,1,0,10.57442855834961,19.089999999999996
2952,295.2,-818.2350960924346,1479.1577339152898,241.99322298087571,2138.7750891865057,-0.02270731675568463,91744.61947115608,1,0,10.437028884887695,19.263055555555553
2953,295.301,-819.7875585745445,1480.2931927212037,241.96942062663402,2139.823133010856,-0.02270731675568463,92052.30902752237,1,0,10.32166576385498,19.28388888888889
2954,295.4,-821.3601829070832,1481.4063876294897,241.94618624837167,2140.846168228432,-0.02270731675568463,92354.25331055972,1,0,10.351041793823242,19.238055555555558
2955,295.5,-822.9395278564168,1482.5084505885663,241.92275231767562,2141.8779899590427,-0.02270731675568463,92658.88067414421,1,0,10.290714263916016,19.310000000000002
2956,295.6,-824.5121521889406,1483.610513547643,241.89957987385068,2142.8982981352524,-0.02270731675568463,92960.07813306582,1,0,10.120711326599121,19.228055555555557
2957,295.702,-826.091497138289,1484.7125765059288,241.87606488537517,2143.933688929003,-0.02270731675568463,93267.94828842244,1,0,10.186304092407227,19.268055555555552
2958,295.8,-827.6842833212268,1485.7923755665865,241.85307812105845,2144.94582143234,-0.02270731675568463,93571.00267235654,1,0,10.474787712097168,19.28611111111111
2959,295.9,-829.2569076537657,1486.916702423291,241.82906211765754,2146.0032724640455,-0.02270731675568463,93887.695351435,1,0,10.679686546325684,19.363888888888887
2960,296.002,-830.8362526030991,1488.0410292807867,241.8036181368342,2147.1235989115066,-0.02270731675568463,94226.76316364451,1,0,11.293163299560547,19.333055555555553
2961,296.1,-832.4155975524326,1489.1430922398633,241.77848925899912,2148.230051027986,-0.02270731675568463,94558.13180062521,1,0,11.293314933776855,19.30388888888889
2962,296.2,-834.0151043521947,1490.2340232489396,241.7532940220131,2149.339425010833,-0.02270731675568463,94888.40734762984,1,0,10.899886131286621,19.348055555555558
2963,296.299,-835.5944493015281,1491.3360862080162,241.72868342874142,2150.4230564882105,-0.02270731675568463,95215.19819319918,1,0,10.99730396270752,19.311944444444443
2964,296.4,-837.1939561012756,1492.415885269465,241.70338031168018,2151.537180549368,-0.02270731675568463,95551.77473608677,1,0,11.070247650146484,19.325
2965,296.501,-838.7800216674186,1493.52908017696,241.67813302559924,2152.648846311085,-0.02270731675568463,95887.029561433,1,0,10.948612213134766,19.385
2966,296.6,-840.3660872335616,1494.6200111868272,241.65298420528012,2153.756176517061,-0.02270731675568463,96226.03372270898,1,0,11.42746353149414,19.25611111111111
2967,296.7,-841.9521527997049,1495.722074144322,241.6265418227622,2154.9204636887257,-0.02270731675568463,96582.92110452328,1,0,11.86428451538086,19.27111111111111
2968,296.8,-843.5247771322437,1496.8464010026084,241.60046853430205,2156.0684992432625,-0.02270731675568463,96926.84005255708,1,0,11.102347373962402,19.348055555555558
2969,296.9,-845.0974014647675,1497.9262000632664,241.57482747399652,2157.1975033169833,-0.02270731675568463,97274.23142960905,1,0,11.483556747436523,19.173888888888893
2970,297.0,-846.6700257972914,1499.0393949715524,241.54770410114617,2158.3917752416314,-0.02270731675568463,97646.71022615631,1,0,12.408041000366211,19.256944444444446
2971,297.1,-848.2493707466398,1500.1414579290472,241.52016748811627,2159.6042425856795,-0.02270731675568463,98014.14268872915,1,0,11.847558975219727,19.23611111111111
2972,297.2,-849.8219950791636,1501.2323889397053,241.49320804110275,2160.79129667552,-0.02270731675568463,98379.53520033519,1,0,11.89964485168457,19.145
2973,297.299,-851.401340028497,1502.3010560511539,241.4664321351279,2161.970269251652,-0.02270731675568463,98743.13006244575,1,0,11.924124717712402,19.136944444444445
2974,297.4,-852.9806849778454,1503.3808551118116,241.4392050400795,2163.169108178707,-0.02270731675568463,99112.80164594208,1,0,11.821381568908691,19.143055555555556
2975,297.5,-854.5533093103693,1504.4606541724695,241.41238615366788,2164.34997323072,-0.02270731675568463,99478.48119617537,1,0,11.802009582519531,19.076111111111107
2976,297.601,-856.1192130260985,1505.5293212839179,241.38566672502017,2165.5264590480497,-0.02270731675568463,99841.5922120055,1,0,11.500746726989746,19.003888888888888
2977,297.7,-857.698557975417,1506.6091203453668,241.35963842116035,2166.6725138811817,-0.02270731675568463,100199.60184199447,1,0,11.657846450805664,19.163888888888888
2978,297.8,-859.264461691161,1507.6889194060245,241.3336279885492,2167.8177818235877,-0.02270731675568463,100554.0276874544,1,0,11.253418922424316,19.04888888888889
2979,297.9,-860.8303654068753,1508.757586517473,241.3077320608548,2168.9580079886296,-0.02270731675568463,100913.03486133848,1,0,11.556984901428223,18.95
2980,298.0,-862.3962691226045,1509.8262536289212,241.28203927461152,2170.089289612254,-0.02270731675568463,101264.2502932458,1,0,11.074481964111328,18.99
2981,298.1,-863.9621728383337,1510.9060526895792,241.25693459374483,2171.1946763096144,-0.02270731675568463,101611.51401884723,1,0,11.038952827453613,18.98
2982,298.2,-865.5347971708575,1511.9747198010275,241.2319596001631,2172.294352733247,-0.02270731675568463,101957.47632547308,1,0,10.960247039794922,19.073055555555555
2983,298.3,-867.1007008865867,1513.043386912476,241.2070621792478,2173.390613547096,-0.02270731675568463,102303.8041834926,1,0,10.970623016357422,18.97888888888889
2984,298.401,-868.6464427519169,1514.1343179223434,241.18186175851645,2174.5002157759495,-0.02270731675568463,102655.34256936349,1,0,11.007364273071289,18.97
2985,298.5,-870.1921846172023,1515.23638088142,241.1570276374773,2175.5936894266633,-0.02270731675568463,103002.8856617674,1,0,11.088708877563477,18.968888888888888
2986,298.6,-871.7379264825174,1516.3384438404967,241.13178183951314,2176.7052896649634,-0.02270731675568463,103356.83528092569,1,0,11.149028778076172,18.98611111111111
2987,298.7,-873.2635064974188,1517.4739026464106,241.10675321881428,2177.8073273495174,-0.02270731675568463,103706.28213557319,1,0,10.897408485412598,19.051111111111112
2988,298.799,-874.8226895963086,1518.5537017070685,241.08216849784412,2178.8898196410155,-0.02270731675568463,104052.70750936645,1,0,10.976761817932129,18.99111111111111
2989,298.9,-876.3684314616238,1519.6223688185169,241.05693201885288,2180.0010095546927,-0.02270731675568463,104408.9390170703,1,0,11.032672882080078,18.87388888888889
2990,299.0,-877.914173326939,1520.7244317775933,241.03199101697282,2181.0991892863303,-0.02270731675568463,104760.69890342315,1,0,10.936585426330566,18.931944444444444
2991,299.1,-879.4531945754745,1521.8042308382512,241.00647192663632,2182.2228228882273,-0.02270731675568463,105126.66274496667,1,0,11.541881561279297,18.805000000000003
2992,299.2,-880.9922158239503,1522.8506340520719,240.9800508901622,2183.386170170117,-0.02270731675568463,105503.16937327308,1,0,11.731063842773438,18.72
2993,299.3,-882.5245164556463,1523.9415650611481,240.95347046534715,2184.5565354958812,-0.02270731675568463,105880.99068810808,1,0,11.682278633117676,18.758055555555554
2994,299.4,-884.0702583209617,1525.0102321733873,240.92663760158592,2185.738015985964,-0.02270731675568463,106265.84614558131,1,0,11.953424453735352,18.793055555555554
2995,299.5,-885.6092795694524,1526.0788992848359,240.89905084765624,2186.9526910889517,-0.02270731675568463,106663.44199116259,1,0,12.346342086791992,18.756111111111107
2996,299.6,-887.1348595843538,1527.1475663970753,240.87112256676994,2188.182403999297,-0.02270731675568463,107062.94941005924,1,0,12.254258155822754,18.678055555555556
2997,299.7,-888.6671602160498,1528.2162335077328,240.84346508377,2189.400193381003,-0.02270731675568463,107459.15340508269,1,0,12.107810020446777,18.698888888888888
2998,299.799,-890.1994608477308,1529.2737686707626,240.81619044089626,2190.60112589108,-0.02270731675568463,107852.46226593756,1,0,12.159708976745605,18.68
2999,299.901,-891.731761479427,1530.3424357822112,240.78800002630476,2191.842380836641,-0.02270731675568463,108259.7674139718,1,0,12.18489933013916,18.65611111111111
3000,300.003,-893.2640621111229,1531.4111028936595,240.75937401216999,2193.102815708968,-0.02270731675568463,108677.12247828716,1,0,12.535882949829102,18.668888888888887
3001,300.1,-894.7896421260243,1532.4686380558985,240.731374047044,2194.335684955192,-0.02270731675568463,109086.52566254415,1,0,12.890656471252441,18.631944444444446
3002,300.2,-896.3286633745298,1533.5595690657658,240.7024313462039,2195.610063891304,-0.02270731675568463,109505.1686087682,1,0,12.603494644165039,18.786111111111108
3003,300.3,-897.8408021557971,1534.6282361780052,240.67429945615032,2196.8487419371218,-0.02270731675568463,109911.9992942144,1,0,12.176454544067383,18.58611111111111
3004,300.4,-899.3798234042729,1535.7191671870812,240.64663078477463,2198.067023955313,-0.02270731675568463,110316.85933444265,1,0,12.19546890258789,18.834999999999997
3005,300.5,-900.9121240359988,1536.7878342993208,240.61857040223546,2199.3025534466587,-0.02270731675568463,110731.04124000693,1,0,12.521492958068848,18.701944444444443
3006,300.6,-902.4444246676949,1537.8676333599788,240.59010676070858,2200.5558388745562,-0.02270731675568463,111149.6848822278,1,0,12.550679206848145,18.81388888888889
3007,300.7,-903.9901665330101,1538.9474324206365,240.561499852972,2201.815432471167,-0.02270731675568463,111572.0905823255,1,0,12.647688865661621,18.865
3008,300.8,-905.5291877815157,1540.0272314812942,240.5330394865406,2203.0685736930095,-0.02270731675568463,111990.65021756825,1,0,12.421598434448242,18.78194444444444
3009,300.9,-907.0749296468309,1541.12929443958,240.50484378463497,2204.3100614448244,-0.02270731675568463,112408.2488422112,1,0,12.414559364318848,18.941944444444445
3010,301.0,-908.6206715121313,1542.220225449447,240.4769683838192,2205.5374459875297,-0.02270731675568463,112819.9041045515,1,0,12.139461517333984,18.91611111111111
3011,301.101,-910.1664133774316,1543.300024510105,240.44945481833454,2206.748898522824,-0.02270731675568463,113227.21516849112,1,0,11.855883598327637,18.921944444444446
3012,301.2,-911.7188758595416,1544.3909555199723,240.42278493327416,2207.9232028815377,-0.02270731675568463,113625.41793874858,1,0,11.873554229736328,18.978055555555553
3013,301.3,-913.2578971080471,1545.4818865298396,240.3955668360011,2209.1216456266516,-0.02270731675568463,114034.50482802233,1,0,12.101481437683105,18.935
3014,301.4,-914.8103595901571,1546.5839494889162,240.36792455594028,2210.3387656062364,-0.02270731675568463,114450.26771312606,1,0,12.24719524383545,19.01388888888889
3015,301.5,-916.3493808386628,1547.6748804987835,240.3399427637832,2211.5708346766614,-0.02270731675568463,114872.22576484528,1,0,12.400540351867676,18.92111111111111
3016,301.6,-917.9018433207726,1548.7658115086506,240.3117900971735,2212.8104275370856,-0.02270731675568463,115296.47341195862,1,0,12.397709846496582,18.958888888888886
3017,301.7,-919.4408645692783,1549.8567425185179,240.28373083303887,2214.045907783851,-0.02270731675568463,115719.72114677913,1,0,12.318266868591309,18.885
3018,301.8,-920.9798858177841,1550.9476735275944,240.25590254920832,2215.2712177139006,-0.02270731675568463,116140.16222898381,1,0,12.19425106048584,18.86
3019,301.9,-922.5256276830993,1552.0386045374614,240.22836024779772,2216.483935523604,-0.02270731675568463,116557.28968693058,1,0,12.066359519958496,18.97
3020,302.0,-924.0579283147953,1553.1184035989104,240.20103913171968,2217.6869142999553,-0.02270731675568463,116972.59702530943,1,0,11.999420166015625,18.785
3021,302.1,-925.6103907968904,1554.2315985064054,240.17325478505433,2218.9102896283184,-0.02270731675568463,117400.56558583451,1,0,12.474395751953125,19.04
3022,302.2,-927.1426914286012,1555.3225295162727,240.14522157119154,2220.1446228529758,-0.02270731675568463,117827.13009009282,1,0,12.218634605407715,18.881944444444443
3023,302.3,-928.6884332939017,1556.41346052614,240.117166787171,2221.3799058353934,-0.02270731675568463,118259.65628099164,1,0,12.493395805358887,18.894999999999996
3024,302.4,-930.2274545424071,1557.5155234844256,240.0892846304558,2222.6075878477773,-0.02270731675568463,118684.57033900177,1,0,12.06657600402832,18.968055555555555
3025,302.5,-931.7664757909129,1558.6175864435024,240.06204691617285,2223.806894351404,-0.02270731675568463,119103.1120845548,1,0,11.925739288330078,18.94611111111111
3026,302.6,-933.3189382730229,1559.7085174541605,240.03526559862507,2224.9861052050405,-0.02270731675568463,119514.65262517291,1,0,11.664559364318848,18.973888888888887
3027,302.7,-934.8781213719424,1560.8217123616555,240.0081078843686,2226.181889219553,-0.02270731675568463,119940.11473291153,1,0,12.257287979125977,19.128888888888884
3028,302.8,-936.4305838540672,1561.9349072691507,239.9797774336668,2227.429310108998,-0.02270731675568463,120383.6245178464,1,0,12.697563171386719,19.128055555555555
3029,302.9,-937.9897669529869,1563.0369702282276,239.95095797060958,2228.6982627500493,-0.02270731675568463,120831.8750985869,1,0,12.688034057617188,19.113055555555555
3030,303.0,-939.5556706687012,1564.1501651357225,239.92239072563257,2229.9561099517523,-0.02270731675568463,121275.53497261737,1,0,12.475397109985352,19.18
3031,303.1,-941.1215743844303,1565.2633600432175,239.8945227552235,2231.183167325482,-0.02270731675568463,121707.79389717699,1,0,12.072078704833984,19.21611111111111
3032,303.2,-942.6941987169539,1566.3654230030852,239.86715416920785,2232.388236255372,-0.02270731675568463,122136.48791803408,1,0,12.035514831542969,19.241944444444446
3033,303.3,-944.2668230494928,1567.4674859613708,239.84002279321507,2233.5828605671786,-0.02270731675568463,122561.34489409397,1,0,11.86313247680664,19.24
3034,303.4,-945.8394473820167,1568.5695489204477,239.81323347144223,2234.762423855644,-0.02270731675568463,122982.21803615094,1,0,11.734216690063477,19.266944444444444
3035,303.5,-947.4120717145554,1569.6827438287335,239.7860657586711,2235.958648115748,-0.02270731675568463,123415.03848477802,1,0,12.19643783569336,19.259999999999998
3036,303.6,-949.0115785143028,1570.784806787019,239.75832325744054,2237.180180943614,-0.02270731675568463,123854.40868336937,1,0,12.240518569946289,19.38888888888889
3037,303.7,-950.5976440804161,1571.886869746096,239.7299875167829,2238.427834755631,-0.02270731675568463,124308.09417586689,1,0,12.718992233276367,19.386111111111113
3038,303.8,-952.1769890297795,1573.0000646543822,239.70102153082593,2239.703238961037,-0.02270731675568463,124769.33719960322,1,0,12.795669555664062,19.30611111111111
3039,303.9,-953.7630545959225,1574.1021276126678,239.67169720503378,2240.9944212633272,-0.02270731675568463,125238.94529576733,1,0,13.034635543823242,19.383055555555554
3040,303.999,-955.3558407788901,1575.215322520954,239.64217606436546,2242.294269540983,-0.02270731675568463,125712.51370048909,1,0,13.231697082519531,19.421944444444442
3041,304.1,-956.9553475786225,1576.2951215816117,239.61142714185058,2243.648178403103,-0.02270731675568463,126208.49961152817,1,0,13.58529281616211,19.383888888888887
3042,304.2,-958.5817368456084,1577.3526567438507,239.58022717158389,2245.021947393594,-0.02270731675568463,126712.69044933382,1,0,13.897171974182129,19.46611111111111
3043,304.3,-960.194684878975,1578.3879280084616,239.54809669201626,2246.43668773156,-0.02270731675568463,127235.28138185143,1,0,14.40493106842041,19.293055555555554
3044,304.4,-961.800912295532,1579.4565951199104,239.51581414083344,2247.8581239499226,-0.02270731675568463,127752.79116002985,1,0,14.031124114990234,19.403055555555554
3045,304.5,-963.4004190952794,1580.592053925824,239.48400380211962,2249.2587681341492,-0.02270731675568463,128267.51075758859,1,0,13.988983154296875,19.495
3046,304.6,-965.0066465118362,1581.7386446817384,239.45161656372778,2250.6848138454125,-0.02270731675568463,128799.07418917649,1,0,14.539285659790039,19.67388888888889
3047,304.7,-966.6128739284084,1582.8518395892334,239.4181835619064,2252.156905670137,-0.02270731675568463,129347.39360076874,1,0,14.91014289855957,19.576944444444447
3048,304.8,-968.2191013449652,1583.9872983959383,239.38437092725715,2253.6457131456223,-0.02270731675568463,129899.13893224714,1,0,14.873684883117676,19.648055555555555
3049,304.9,-969.8320493783319,1585.1227572018524,239.3501925851612,2255.150623122024,-0.02270731675568463,130462.76350048972,1,0,15.23227596282959,19.728055555555557
3050,305.0,-971.4449974116985,1586.247084058557,239.31596552155395,2256.6576783601313,-0.02270731675568463,131021.47841713454,1,0,14.916601181030273,19.720000000000002
3051,305.1,-973.0579454450502,1587.3825428644707,239.28273606285657,2258.1208079573407,-0.02270731675568463,131562.89784598746,1,0,14.353536605834961,19.698055555555555
3052,305.2,-974.6776140952411,1588.5291336195942,239.24990371029813,2259.5664525346947,-0.02270731675568463,132107.53312087664,1,0,14.566810607910156,19.82611111111111
3053,305.3,-976.3040033621971,1589.664592425508,239.2161507690007,2261.052631646275,-0.02270731675568463,132673.13778460343,1,0,15.164436340332031,19.843055555555555
3054,305.4,-977.9169513955637,1590.8111831806316,239.181328792149,2262.5858815685533,-0.02270731675568463,133255.47187470336,1,0,15.508469581604004,19.835
3055,305.5,-979.5366200457399,1591.935510038127,239.14585208311053,2264.147960068794,-0.02270731675568463,133849.22630291551,1,0,15.741156578063965,19.796111111111113
3056,305.6,-981.1562886959161,1593.0709688440409,239.11009716201912,2265.7222885515775,-0.02270731675568463,134446.89848314758,1,0,15.753532409667969,19.793888888888887
3057,305.7,-982.7826779628872,1594.2175595999552,239.0743916001353,2267.2944436941875,-0.02270731675568463,135044.77106333172,1,0,15.697678565979004,19.86111111111111
3058,305.8,-984.4023466130634,1595.3641503550787,239.03951520039945,2268.8300899158844,-0.02270731675568463,135623.5848887154,1,0,15.023165702819824,19.87388888888889
3059,305.9,-986.0152946464149,1596.5218730586205,239.0052868375808,2270.3372023596985,-0.02270731675568463,136201.93840260105,1,0,15.126855850219727,19.835
3060,306.003,-987.6282426797817,1597.668463813744,238.97076446345372,2271.8572604446435,-0.02270731675568463,136777.9155877384,1,0,14.396446228027344,19.839999999999996
3061,306.101,-989.2411907131482,1598.8261865188676,238.93920238130795,2273.2469736192575,-0.02270731675568463,137308.85114797845,1,0,13.972360610961914,19.884999999999998
3062,306.2,-990.833976896101,1599.9839092224092,238.90807348150096,2274.617613299277,-0.02270731675568463,137835.76627402633,1,0,13.724470138549805,19.675
3063,306.3,-992.4805280135006,1601.1304999775327,238.87695339649704,2275.987864853826,-0.02270731675568463,138366.08401387028,1,0,13.687627792358398,20.063055555555557
3064,306.4,-994.0867554300576,1602.310486580284,238.84607191708565,2277.347610341826,-0.02270731675568463,138892.34523361173,1,0,13.514294624328613,19.888888888888886
3065,306.5,-995.6997034634242,1603.4682092838261,238.8157565582281,2278.6824289194774,-0.02270731675568463,139408.81360045748,1,0,13.188961029052734,19.89611111111111
3066,306.6,-997.3059308799662,1604.6259319881588,238.78506902185092,2280.03363488247,-0.02270731675568463,139942.72342493862,1,0,13.842126846313477,19.781111111111112
3067,306.7,-998.9121582965381,1605.7836546932826,238.7544022198055,2281.3839278900405,-0.02270731675568463,140464.38282881898,1,0,13.170697212219238,19.855
3068,306.8,-1000.5183857130952,1606.9413773968245,238.7248679620171,2282.684353728914,-0.02270731675568463,140971.43282666887,1,0,12.844526290893555,19.84111111111111
3069,306.9,-1002.1246131296224,1608.0879681519477,238.69593361618917,2283.9583647846553,-0.02270731675568463,141470.6003265329,1,0,12.642265319824219,19.806944444444447
3070,307.0,-1003.7241199294144,1609.2790867039087,238.66689473580956,2285.2369786116265,-0.02270731675568463,141977.4988034075,1,0,12.936605453491211,19.883055555555554
3071,307.108,-1005.3303473459715,1610.4368094082415,238.63501768081323,2286.6405603871162,-0.02270731675568463,142533.4682290283,1,0,13.062352180480957,19.83611111111111
3072,307.2,-1006.9298541457189,1611.6279279594114,238.60751505965828,2287.851531031541,-0.02270731675568463,143015.2654391513,1,0,13.269885063171387,19.91
3073,307.3,-1008.5159197118768,1612.8190465113723,238.57720943405968,2289.1859210431,-0.02270731675568463,143546.7412937921,1,0,13.424797058105469,19.89
3074,307.4,-1010.0952646611953,1614.0101650625427,238.54693338500928,2290.5190087667256,-0.02270731675568463,144075.67411228703,1,0,13.2438325881958,19.816111111111113
3075,307.5,-1011.6746096105438,1615.1790197152939,238.5166289860828,2291.8533447665623,-0.02270731675568463,144610.29484373692,1,0,13.449769020080566,19.691111111111113
3076,307.6,-1013.2472339430676,1616.403534114092,238.48619328993186,2293.193461927532,-0.02270731675568463,145145.59516562446,1,0,13.359485626220703,19.908055555555553
3077,307.7,-1014.8064170419872,1617.6280485128905,238.45624670574264,2294.5120429511235,-0.02270731675568463,145671.15450710186,1,0,13.018935203552246,19.851944444444445
3078,307.8,-1016.3656001408917,1618.8525629108976,238.42686815303074,2295.8056129243046,-0.02270731675568463,146189.79581105337,1,0,12.859135627746582,19.816944444444445
3079,307.9,-1017.9113420062071,1620.077077310487,238.3975353812816,2297.0971671113653,-0.02270731675568463,146711.59925556855,1,0,12.978609085083008,19.79
3080,308.0,-1019.4638044883319,1621.3127236584949,238.3676874862753,2298.411402741741,-0.02270731675568463,147245.95789026577,1,0,13.312881469726562,19.82611111111111
3081,308.1,-1021.0028257368376,1622.5595019549207,238.3371787917648,2299.754734100732,-0.02270731675568463,147792.58719707324,1,0,13.560673713684082,19.841944444444444
3082,308.2,-1022.5418469853282,1623.8062802521379,238.30642130259625,2301.1090201620323,-0.02270731675568463,148342.21642280312,1,0,13.532032012939453,19.83111111111111
3083,308.3,-1024.0741476170244,1625.0530585493552,238.27602539046467,2302.447385588894,-0.02270731675568463,148884.1198228469,1,0,13.242178916931152,19.794999999999998
3084,308.4,-1025.5997276319256,1626.3221007442,238.24583004301493,2303.7769199323243,-0.02270731675568463,149427.8548927953,1,0,13.355364799499512,19.828888888888887
3085,308.5,-1027.1185870300026,1627.591142939045,238.21581246233444,2305.098627009477,-0.02270731675568463,149965.8889831588,1,0,13.085593223571777,19.79111111111111
3086,308.6,-1028.6240051944749,1628.8713170823087,238.18556875065653,2306.4302908830423,-0.02270731675568463,150516.77213814916,1,0,13.55455207824707,19.783888888888885
3087,308.699,-1030.136143975772,1630.1514912271539,238.15493072358916,2307.7793168966955,-0.02270731675568463,151072.93628014278,1,0,13.705526351928711,19.85111111111111
3088,308.8,-1031.6415621402296,1631.4427973204176,238.12337960621406,2309.1685472804033,-0.02270731675568463,151646.60639448027,1,0,13.811079978942871,19.85111111111111
3089,308.902,-1033.146980304702,1632.7341034136816,238.09132348766224,2310.5800134210945,-0.02270731675568463,152230.4723800981,1,0,13.87186336517334,19.791944444444447
3090,309.0,-1034.632236618731,1634.0254095069454,238.06036687279675,2311.9430672057383,-0.02270731675568463,152795.9813065993,1,0,13.952733993530273,19.718888888888888
3091,309.101,-1036.1107723160098,1635.327847549419,238.02850957131415,2313.3457792123027,-0.02270731675568463,153377.25888958675,1,0,13.830904006958008,19.771944444444443
3092,309.199,-1037.5960286300683,1636.630285591892,237.9979554978386,2314.6911086570144,-0.02270731675568463,153935.331599641,1,0,13.631878852844238,19.75111111111111
3093,309.299,-1039.0544024769183,1637.9438555835745,237.9667437372282,2316.0653967893018,-0.02270731675568463,154511.39984133153,1,0,13.860971450805664,19.681944444444444
3094,309.399,-1040.5194969405482,1639.2685575236758,237.93568106870808,2317.4331202329486,-0.02270731675568463,155079.97715914404,1,0,13.500551223754883,19.706944444444442
3095,309.499,-1041.9778707873832,1640.5821275145674,237.9057930811197,2318.749121183788,-0.02270731675568463,155625.2886607906,1,0,12.826254844665527,19.66888888888889
3096,309.599,-1043.4429652510278,1641.89569750625,237.8766255452456,2320.03339985362,-0.02270731675568463,156165.819143799,1,0,12.865942001342773,19.720000000000002
3097,309.7,-1044.9013390978478,1643.2203994463512,237.84577582800247,2321.391746818433,-0.02270731675568463,156750.56769858947,1,0,14.03895378112793,19.718055555555555
3098,309.8,-1046.3664335614926,1644.5339694380336,237.81391437614565,2322.7946415705374,-0.02270731675568463,157343.2341571365,1,0,14.026176452636719,19.70888888888889
3099,309.9,-1047.8248074083278,1645.8698033273442,237.78241908104613,2324.1814140380825,-0.02270731675568463,157927.42111844293,1,0,13.716424942016602,19.755
3100,310.0,-1049.2831812551628,1647.1945052674453,237.75138247687266,2325.547989839893,-0.02270731675568463,158506.847639561,1,0,13.622138977050781,19.749999999999996
3101,310.1,-1050.734834485188,1648.530339157547,237.72026306204532,2326.9182118858316,-0.02270731675568463,159092.03884695403,1,0,13.789368629455566,19.75888888888889
3102,310.2,-1052.1864877152138,1649.8661730460663,237.68882849100538,2328.302310606278,-0.02270731675568463,159684.0102121734,1,0,13.899744033813477,19.80194444444444
3103,310.3,-1053.6381409452542,1651.2131388853772,237.65692667914547,2329.706982453687,-0.02270731675568463,160288.35859623144,1,0,14.200937271118164,19.835
3104,310.4,-1055.0897941752646,1652.5601047231064,237.62505866194022,2331.1101662852993,-0.02270731675568463,160886.71122104896,1,0,13.869976043701172,19.805
3105,310.499,-1056.541447405305,1653.9070705624172,237.59372929949362,2332.4896325557193,-0.02270731675568463,161481.4644130609,1,0,14.005215644836426,19.84888888888889
3106,310.6,-1057.9863800185358,1655.2651683501467,237.5618409359661,2333.8937122582684,-0.02270731675568463,162084.703575451,1,0,13.805512428283691,19.849999999999998
3107,310.7,-1059.4245920149422,1656.623266137876,237.53064159906498,2335.267453360977,-0.02270731675568463,162677.14255392345,1,0,13.67639446258545,19.858055555555552
3108,310.8,-1060.862804011363,1657.9924958748145,237.500064911407,2336.6137785330016,-0.02270731675568463,163256.16599229802,1,0,13.257052421569824,19.860000000000003
3109,310.9,-1062.2942953909899,1659.372857560963,237.4697722876668,2337.9475960584414,-0.02270731675568463,163837.35159586466,1,0,13.426177024841309,19.886111111111113
3110,311.0,-1063.7123455369672,1660.7532192463202,237.43932181839926,2339.2883636959778,-0.02270731675568463,164420.8721859408,1,0,13.396090507507324,19.858055555555552
3111,311.101,-1065.1236750661647,1662.1447128816778,237.40798253550983,2340.6682667744017,-0.02270731675568463,165028.97121725933,1,0,13.935769081115723,19.831944444444442
3112,311.2,-1066.528283978553,1663.5362065154534,237.37637329602757,2342.060056338385,-0.02270731675568463,165640.7340004282,1,0,14.18844223022461,19.838055555555556
3113,311.3,-1067.9396135077504,1664.9165682023925,237.34386996443305,2343.491213760989,-0.02270731675568463,166271.3493401176,1,0,14.442087173461914,19.783888888888885
3114,311.4,-1069.330781186534,1666.3191937861684,237.31151933998467,2344.91564732007,-0.02270731675568463,166893.4193823594,1,0,14.053930282592773,19.75888888888889
3115,311.5,-1070.7152282484933,1667.710687420735,237.2794915024507,2346.325868216454,-0.02270731675568463,167516.33031145437,1,0,14.157760620117188,19.675
3116,311.6,-1072.0862340768483,1669.113313005302,237.24736885496262,2347.740263699347,-0.02270731675568463,168141.2721589562,1,0,14.137443542480469,19.669999999999998
3117,311.7,-1073.4505192884085,1670.5270705382877,237.21510883318868,2349.1607079230694,-0.02270731675568463,168772.28180801595,1,0,14.278766632080078,19.643055555555556
3118,311.8,-1074.7946426495548,1671.9296961220637,237.18255359809754,2350.59415071369,-0.02270731675568463,169410.41431381827,1,0,14.397481918334961,19.498055555555556
3119,311.9,-1076.1387660106861,1673.3434536558402,237.14945624971443,2352.051463348527,-0.02270731675568463,170063.5857719412,1,0,14.75628662109375,19.485
3120,312.0,-1077.4828893718325,1674.746079238825,237.11600443855957,2353.5243833688833,-0.02270731675568463,170720.71933970743,1,0,14.709710121154785,19.453888888888887
3121,312.1,-1078.7866890321209,1676.170968721811,237.0828191454721,2354.9855683057363,-0.02270731675568463,171372.68710673208,1,0,14.521524429321289,19.36
3122,312.2,-1080.0904886924395,1677.5847262540053,237.05034431532835,2356.41547077813,-0.02270731675568463,172009.5343599021,1,0,14.08389949798584,19.255
3123,312.3,-1081.3741265023143,1679.0207476854098,237.0180126701936,2357.839068657167,-0.02270731675568463,172653.67180345234,1,0,14.395400047302246,19.251944444444444
3124,312.4,-1082.6443230785997,1680.4567691168143,236.9858031411892,2359.2572896287365,-0.02270731675568463,173288.73928668012,1,0,13.976333618164062,19.183888888888887
3125,312.5,-1083.8876371876613,1681.8927905482183,236.95424386100942,2360.646879429708,-0.02270731675568463,173915.50580117878,1,0,13.82262897491455,19.091111111111115
3126,312.6,-1085.137671913473,1683.3176800304134,236.9231558221381,2362.015719957809,-0.02270731675568463,174533.2638472486,1,0,13.561241149902344,18.93611111111111
3127,312.7,-1086.3675447889307,1684.764833410236,236.8919090272088,2363.3915506896715,-0.02270731675568463,175162.96083296035,1,0,13.962469100952148,19.001944444444444
3128,312.8,-1087.5906970475785,1686.2008548416402,236.8605077863554,2364.7741818453624,-0.02270731675568463,175789.92000238344,1,0,13.697284698486328,18.91111111111111
3129,312.9,-1088.7936874557977,1687.6368762730447,236.82895231069978,2366.1636041289526,-0.02270731675568463,176428.90710336962,1,0,14.098326683044434,18.745
3130,313.0,-1089.989957247207,1689.0840296536583,236.79824767345215,2367.5155630620707,-0.02270731675568463,177035.36951153446,1,0,12.947824478149414,18.78388888888889
3131,313.1,-1091.179506421822,1690.53118303269,236.7681456808397,2368.8409868893855,-0.02270731675568463,177650.2130656632,1,0,13.567487716674805,18.755
3132,313.2,-1092.3556143628173,1691.9560725156757,236.7382055396565,2370.159284220339,-0.02270731675568463,178248.51767656163,1,0,12.805257797241211,18.531111111111112
3133,313.3,-1093.5384429206224,1693.3809619986619,236.7093831631176,2371.42836514519,-0.02270731675568463,178831.37073698558,1,0,12.582905769348145,18.470000000000002
3134,313.4,-1094.701109627984,1694.8058514800655,236.6807218682252,2372.690353468062,-0.02270731675568463,179415.33976003874,1,0,12.663369178771973,18.425
3135,313.5,-1095.8570557185803,1696.2307409622606,236.6520209776991,2373.9540852302143,-0.02270731675568463,180000.11639564726,1,0,12.617783546447754,18.39888888888889
3136,313.6,-1097.0130018091622,1697.6556304444553,236.62344422141175,2375.212351225368,-0.02270731675568463,180583.4667816639,1,0,12.554025650024414,18.363888888888887
3137,313.7,-1098.1487860493148,1699.069387977441,236.59478538311163,2376.474231381781,-0.02270731675568463,181171.81358393226,1,0,12.690085411071777,18.146111111111114
3138,313.8,-1099.2980115230869,1700.4831455104263,236.5660788280237,2377.7382125608187,-0.02270731675568463,181760.0759576234,1,0,12.596056938171387,18.251944444444444
3139,313.9,-1100.427075146445,1701.8857710942023,236.53783948127546,2378.9816220430357,-0.02270731675568463,182337.79802438975,1,0,12.278545379638672,18.053055555555556
3140,314.0,-1101.5426975361838,1703.3106605763974,236.5099929251188,2380.2077365236905,-0.02270731675568463,182911.60821966553,1,0,12.250067710876465,18.058888888888887
3141,314.1,-1102.6583199259378,1704.7244181093827,236.482231032075,2381.4301231944128,-0.02270731675568463,183484.71921542787,1,0,12.203969955444336,18.008888888888887
3142,314.2,-1103.767221698882,1706.1270436939496,236.45520776346532,2382.619987419294,-0.02270731675568463,184038.38198028572,1,0,11.599451065063477,17.948888888888888
3143,314.3,-1104.8626822381918,1707.5074053793069,236.42829987782272,2383.804771205288,-0.02270731675568463,184601.5180336748,1,0,12.102334976196289,17.758055555555554
3144,314.4,-1105.9581427775317,1708.910030963874,236.40061407093097,2385.02380771909,-0.02270731675568463,185178.9033497439,1,0,12.284682273864746,17.72888888888889
3145,314.5,-1107.0603239336515,1710.3015245984407,236.37267274812726,2386.2540948793962,-0.02270731675568463,185761.43267407236,1,0,12.32740592956543,17.773888888888887
3146,314.601,-1108.1490638561818,1711.6818862845887,236.34522107490974,2387.4628222301258,-0.02270731675568463,186327.59755847222,1,0,11.613961219787598,17.59888888888889
3147,314.7,-1109.2310831619027,1713.062247969946,236.3193868604728,2388.600331092596,-0.02270731675568463,186865.8471652792,1,0,11.371941566467285,17.608888888888888
3148,314.8,-1110.299661234004,1714.4203457576755,236.2932160553681,2389.752660412199,-0.02270731675568463,187417.4126750872,1,0,11.680587768554688,17.353055555555553
3149,314.9,-1111.3480774556915,1715.8452352398701,236.26641064610973,2390.9329320503384,-0.02270731675568463,187982.88245222083,1,0,11.93093204498291,17.538888888888888
3150,315.0,-1112.4099349109833,1717.19220107839,236.2394254194934,2392.121121244432,-0.02270731675568463,188549.9519369901,1,0,11.838979721069336,17.26111111111111
3151,315.1,-1113.4516305158613,1718.561430815329,236.21280596203627,2393.2932052203364,-0.02270731675568463,189109.15901844495,1,0,11.608744621276855,17.206944444444446
3152,315.2,-1114.493326120754,1719.9195286030583,236.18643426961225,2394.4543798294535,-0.02270731675568463,189666.6050245711,1,0,11.620736122131348,17.178055555555556
3153,315.3,-1115.5283011088227,1721.266494441578,236.16006260208977,2395.615553342129,-0.02270731675568463,190224.93230857144,1,0,11.608722686767578,17.02888888888889
3154,315.4,-1116.5431142464768,1722.6245922293074,236.13375930665148,2396.773716356772,-0.02270731675568463,190782.57828310088,1,0,11.560510635375977,16.98611111111111
3155,315.5,-1117.5512067673367,1723.9938219662463,236.1075777505722,2397.926519053605,-0.02270731675568463,191338.6475712468,1,0,11.50148868560791,16.956944444444446
3156,315.6,-1118.5458580545771,1725.3519197539756,236.08148400169742,2399.075455502693,-0.02270731675568463,191894.33731998745,1,0,11.483165740966797,16.845
3157,315.7,-1119.533788725008,1726.710017541705,236.05528819002072,2400.228885889151,-0.02270731675568463,192454.50356483378,1,0,11.591390609741211,16.806944444444444
3158,315.799,-1120.5082781618346,1728.0458514310153,236.02851842895865,2401.4075878980184,-0.02270731675568463,193033.25233670985,1,0,12.226911544799805,16.641111111111112
3159,315.9,-1121.4693263650418,1729.4150811679542,236.000435087199,2402.6441283090826,-0.02270731675568463,193635.40615094115,1,0,12.265351295471191,16.648055555555555
3160,315.999,-1122.4236539514545,1730.7397831080555,235.97290107391282,2403.8564811835568,-0.02270731675568463,194226.29672000173,1,0,12.232941627502441,16.481944444444444
3161,316.1,-1123.3779815378673,1732.0978808957848,235.94483971593655,2405.0920536244707,-0.02270731675568463,194830.17924183287,1,0,12.240148544311523,16.528055555555557
3162,316.2,-1124.2987060402468,1733.4225828358858,235.916800201981,2406.3266642491385,-0.02270731675568463,195437.01695181438,1,0,12.458431243896484,16.29888888888889
3163,316.3,-1125.226151159421,1734.7472847767776,235.88813365286103,2407.5888839214263,-0.02270731675568463,196059.92856551314,1,0,12.792471885681152,16.171944444444446
3164,316.399,-1126.1468756618008,1736.0831186660882,235.85902516564838,2408.8705626137794,-0.02270731675568463,196693.59094380663,1,0,13.106703758239746,16.251944444444444
3165,316.5,-1127.033997080162,1737.4189525553988,235.82890304449398,2410.1968727229237,-0.02270731675568463,197347.855184015,1,0,13.16363525390625,16.04388888888889
3166,316.6,-1127.927839115318,1738.7659183947098,235.7979717641431,2411.5588110010376,-0.02270731675568463,198031.00002304083,1,0,14.082154273986816,16.163055555555555
3167,316.7,-1128.8149605336794,1740.0906203348109,235.76581117426792,2412.974877128947,-0.02270731675568463,198733.9444218975,1,0,14.246471405029297,15.969999999999999
3168,316.8,-1129.6886407184065,1741.4153222749121,235.73358321053598,2414.3939098018363,-0.02270731675568463,199436.84113741195,1,0,14.141500473022461,15.958888888888888
3169,316.9,-1130.5623209031485,1742.706628368967,235.7007681623911,2415.838792446837,-0.02270731675568463,200163.07860936451,1,0,14.763604164123535,15.753055555555557
3170,317.0,-1131.4158392374766,1744.0424622582775,235.66700215319204,2417.3255469524925,-0.02270731675568463,200907.0755919922,1,0,14.979153633117676,15.798055555555557
3171,317.1,-1132.2559163381857,1745.356032249169,235.63329285998526,2418.8098041906565,-0.02270731675568463,201645.67144189295,1,0,14.713645935058594,15.668888888888889
3172,317.2,-1133.1027140557044,1746.6584702916423,235.60013213390326,2420.26990741525,-0.02270731675568463,202374.66878596332,1,0,14.495948791503906,15.606944444444444
3173,317.3,-1133.9226293059844,1747.994304180953,235.56640629523892,2421.7548931681,-0.02270731675568463,203129.60405153467,1,0,15.211424827575684,15.671944444444444
3174,317.4,-1134.7291033226604,1749.3190061218447,235.5315701840495,2423.288765440805,-0.02270731675568463,203905.43795228534,1,0,15.473931312561035,15.499999999999998
3175,317.5,-1135.5288567225564,1750.6548400111553,235.49704943694655,2424.8087518860893,-0.02270731675568463,204665.90431040924,1,0,14.933636665344238,15.501944444444444
3176,317.599,-1136.321889505628,1751.9906739004657,235.46277328173682,2426.3179686814233,-0.02270731675568463,205437.94538373387,1,0,15.563453674316406,15.446944444444444
3177,317.7,-1137.1082016718897,1753.315375841358,235.4280446623858,2427.8471079703145,-0.02270731675568463,206203.1460539991,1,0,14.724340438842773,15.363888888888889
3178,317.8,-1137.8743519877378,1754.6512097306686,235.39507310906671,2429.29888171019,-0.02270731675568463,206936.75503659478,1,0,14.318621635437012,15.311944444444446
3179,317.9,-1138.6337816867763,1755.96477972156,235.3625453035769,2430.731116745309,-0.02270731675568463,207667.3810558516,1,0,14.333465576171875,15.191944444444445
3180,318.0,-1139.3932113858148,1757.2783497140335,235.3302753374221,2432.151998831052,-0.02270731675568463,208390.84693278675,1,0,14.091504096984863,15.155
3181,318.103,-1140.1459204680434,1758.5919197049254,235.29700589400971,2433.616888999221,-0.02270731675568463,209144.79524102475,1,0,14.360300064086914,15.13
3182,318.2,-1140.8784676998732,1759.905489695817,235.26530374887085,2435.0127693013997,-0.02270731675568463,209862.6314201051,1,0,14.4281587600708,15.00111111111111
3183,318.3,-1141.6042943148934,1761.196795789081,235.23235249464767,2436.4636492497666,-0.02270731675568463,210611.7362059491,1,0,14.596922874450684,14.855
3184,318.4,-1142.3435621635329,1762.443574086298,235.19937511869605,2437.9156793665543,-0.02270731675568463,211359.33008741954,1,0,14.451168060302734,14.68
3185,318.5,-1143.0626681617136,1763.7348801795617,235.16676643837738,2439.3514754092976,-0.02270731675568463,212099.9455089818,1,0,14.272157669067383,14.723888888888888
3186,318.6,-1143.7952153935582,1764.9927904251974,235.13410591952265,2440.789553959772,-0.02270731675568463,212848.47756469977,1,0,14.496829986572266,14.61
3187,318.7,-1144.514321391739,1766.250700670833,235.10055100619675,2442.2670136820643,-0.02270731675568463,213623.60692503053,1,0,15.05998420715332,14.598055555555554
3188,318.8,-1145.2267067731698,1767.4974789680502,235.06572795857826,2443.800310751381,-0.02270731675568463,214429.8422187312,1,0,15.61386489868164,14.51388888888889
3189,318.9,-1145.9390921545707,1768.7442572652674,235.03011609582276,2445.368340218363,-0.02270731675568463,215250.8382582322,1,0,15.75481128692627,14.461111111111112
3190,319.0,-1146.6245950687335,1770.0355633585311,234.9925639517414,2447.0218024051687,-0.02270731675568463,216139.09122967313,1,0,17.322959899902344,14.463888888888889
3191,319.1,-1147.3302598333398,1771.2934736041668,234.95298853162535,2448.7643516600674,-0.02270731675568463,217057.3664442146,1,0,17.537012100219727,14.463888888888889
3192,319.199,-1148.0426452147408,1772.5513838498023,234.91391719538865,2450.484705547595,-0.02270731675568463,217958.6906572579,1,0,17.226573944091797,14.473888888888888
3193,319.3,-1148.7348687457277,1773.8315579938567,234.87446753231308,2452.2217175817514,-0.02270731675568463,218875.337599513,1,0,17.178573608398438,14.53888888888889
3194,319.4,-1149.440533510319,1775.111732138702,234.83599003680018,2453.9159240093713,-0.02270731675568463,219765.8221268391,1,0,16.714292526245117,14.558055555555555
3195,319.5,-1150.1461982749254,1776.3696423843378,234.7981556422837,2455.5818139931275,-0.02270731675568463,220649.08399029964,1,0,16.612098693847656,14.488055555555555
3196,319.6,-1150.845142422707,1777.649816529183,234.76045807638428,2457.2416792624504,-0.02270731675568463,221532.75261268244,1,0,16.593767166137695,14.52888888888889
3197,319.7,-1151.5575278041078,1778.9077267740277,234.72230634947604,2458.9215417402743,-0.02270731675568463,222435.84667986952,1,0,17.01214599609375,14.588888888888889
3198,319.8,-1152.2699131855238,1780.1545050720358,234.68179949220558,2460.7051031970564,-0.02270731675568463,223416.4627031122,1,0,18.66828155517578,14.508055555555554
3199,319.9,-1152.9755779501154,1781.4235472660898,234.63983258113015,2462.5529524279796,-0.02270731675568463,224402.76373309307,1,0,18.298233032226562,14.52111111111111
3200,320.0,-1153.6678014811023,1782.7371172577723,234.59852888717475,2464.3715994800004,-0.02270731675568463,225378.86345963512,1,0,18.084087371826172,14.689999999999998
3201,320.1,-1154.366745628899,1784.0061594526173,234.55748730479465,2466.1787054712095,-0.02270731675568463,226354.73717585983,1,0,18.067352294921875,14.603888888888887
3202,320.2,-1155.0589691598711,1785.308597495091,234.51639168171513,2467.988190933823,-0.02270731675568463,227336.02730967122,1,0,18.131689071655273,14.608888888888888
3203,320.3,-1155.7579133076679,1786.5999035883547,234.47477268430316,2469.8207211436657,-0.02270731675568463,228338.03050732927,1,0,18.528366088867188,14.705
3204,320.4,-1156.450136838655,1787.8912096816184,234.43271012961296,2471.672781668093,-0.02270731675568463,229347.16652198092,1,0,18.522396087646484,14.658888888888889
3205,320.5,-1157.1356397528473,1789.1936477240915,234.39105493617055,2473.5069056289485,-0.02270731675568463,230343.93216574952,1,0,18.16954231262207,14.693888888888889
3206,320.6,-1157.8077014334056,1790.4849538165643,234.350073890547,2475.3113461202142,-0.02270731675568463,231329.22838197064,1,0,17.928573608398438,14.614999999999998
3207,320.7,-1158.4797631139786,1791.7985238082472,234.30905840932456,2477.1173028487574,-0.02270731675568463,232326.32261080627,1,0,18.199874877929688,14.658055555555555
3208,320.8,-1159.145104177742,1793.1009618507203,234.26792750615866,2478.9283417323604,-0.02270731675568463,233322.08575934835,1,0,18.030242919921875,14.603888888888887
3209,320.9,-1159.8104452415057,1794.4033998931934,234.226380799036,2480.7576889212914,-0.02270731675568463,234342.17277204225,1,0,18.56613540649414,14.614999999999998
3210,321.0,-1160.4556244548403,1795.6947059856666,234.18527704072758,2482.567532586978,-0.02270731675568463,235331.01680588385,1,0,17.640071868896484,14.453888888888889
3211,321.1,-1161.100803668205,1796.9860120789303,234.1440877553307,2484.3811421043924,-0.02270731675568463,236355.5976088465,1,0,18.64147186279297,14.488888888888887
3212,321.2,-1161.73926226473,1798.2884501214035,234.10165859565524,2486.249344649347,-0.02270731675568463,237399.01974879226,1,0,18.732213973999023,14.488888888888887
3213,321.3,-1162.3642796276658,1799.5908881638766,234.0584590209246,2488.151469416136,-0.02270731675568463,238472.8809712466,1,0,19.320091247558594,14.441944444444445
3214,321.4,-1162.982576373777,1800.871062307931,234.01407790001255,2490.1056189602245,-0.02270731675568463,239577.08367058515,1,0,19.772977828979492,14.281944444444443
3215,321.5,-1163.600873119903,1802.1735003504043,233.9666997451817,2492.1917312025425,-0.02270731675568463,240791.51678187383,1,0,21.960025787353516,14.37611111111111
3216,321.6,-1164.205728632425,1803.487070341296,233.91629394484545,2494.4111540049016,-0.02270731675568463,242054.17462518654,1,0,22.439876556396484,14.379999999999999
3217,321.7,-1164.8105841449317,1804.7783764345597,233.86552777790422,2496.6464441450476,-0.02270731675568463,243317.5403428107,1,0,22.277454376220703,14.253055555555557
3218,321.801,-1165.4019984238341,1806.0585505794054,233.81548189624823,2498.850019332239,-0.02270731675568463,244552.9284653667,1,0,21.36894989013672,14.171944444444444
3219,321.899,-1165.9866920859272,1807.3498566718781,233.76913102975726,2500.8908989396036,-0.02270731675568463,245697.38729160567,1,0,20.292394638061523,14.103055555555555
3220,322.0,-1166.5646651312104,1808.6411627651419,233.72255430809147,2502.9417231986095,-0.02270731675568463,246871.87050261992,1,0,20.328458786010742,14.133055555555554
3221,322.1,-1167.1291969428598,1809.9436008068242,233.6760551520764,2504.9891321567434,-0.02270731675568463,248052.97807063602,1,0,20.630279541015625,14.104999999999999
3222,322.2,-1167.7004493713785,1811.2237749516694,233.62986856467788,2507.0227783750684,-0.02270731675568463,249213.91842738222,1,0,20.053133010864258,14.055
3223,322.3,-1168.271701799867,1812.5150810449336,233.58392947705673,2509.0455269061067,-0.02270731675568463,250389.20629896468,1,0,20.412269592285156,14.06111111111111
3224,322.4,-1168.8295129947364,1813.7952551889875,233.53894966002957,2511.0260376983188,-0.02270731675568463,251515.85675542377,1,0,19.208160400390625,13.989999999999998
3225,322.5,-1169.3738829559868,1815.075429333042,233.49546894677226,2512.9405413035065,-0.02270731675568463,252626.95292926123,1,0,19.091785430908203,13.889999999999999
3226,322.6,-1169.9249735340616,1816.3556034770963,233.4537218925857,2514.778709993914,-0.02270731675568463,253675.5777528663,1,0,17.681068420410156,13.888055555555555
3227,322.7,-1170.4693434953267,1817.6246456719416,233.41298352016912,2516.5724653170946,-0.02270731675568463,254732.89047664055,1,0,18.203289031982422,13.818888888888889
3228,322.8,-1171.0002722229724,1818.8936878675777,233.37242135979878,2518.3584618301616,-0.02270731675568463,255769.27862158956,1,0,17.52585220336914,13.748055555555556
3229,322.899,-1171.524480333809,1820.1627300632135,233.33381324258642,2520.0584196748077,-0.02270731675568463,256757.98871461194,1,0,16.825586318969727,13.691111111111109
3230,323.0,-1172.04868844466,1821.420640308058,233.2961985496381,2521.7146359569892,-0.02270731675568463,257721.8686982578,1,0,15.979232788085938,13.618055555555555
3231,323.1,-1172.5661759386867,1822.6785505544844,233.2591477679995,2523.3460226042666,-0.02270731675568463,258695.97614409463,1,0,16.65691375732422,13.568055555555555
3232,323.199,-1173.0836634327284,1823.9141969024922,233.223318475098,2524.923625759608,-0.02270731675568463,259610.03876520757,1,0,15.222075462341309,13.426111111111112
3233,323.3,-1173.5877096931656,1825.1498432497092,233.18888056678767,2526.439964721784,-0.02270731675568463,260505.07201985896,1,0,14.81218147277832,13.285
3234,323.4,-1174.0850353367784,1826.363225699298,233.15566576969132,2527.902448752583,-0.02270731675568463,261370.8261795852,1,0,14.44504165649414,13.17111111111111
3235,323.5,-1174.5756403635817,1827.5654762004685,233.12339442312438,2529.3233916193903,-0.02270731675568463,262212.63632789825,1,0,13.981143951416016,12.983888888888888
3236,323.6,-1175.059524773605,1828.7343308532197,233.0906648901585,2530.76450893705,-0.02270731675568463,263085.6129892791,1,0,14.848634719848633,12.743888888888888
3237,323.7,-1175.5299679500092,1829.8809216083432,233.05682148693458,2532.254671186703,-0.02270731675568463,263980.05670395156,1,0,14.962295532226562,12.43388888888889
3238,323.8,-1175.9869698927941,1830.994116516629,233.02286763341627,2533.7496966842414,-0.02270731675568463,264877.67659871886,1,0,14.945924758911133,12.00611111111111
3239,323.9,-1176.4238099851652,1832.073915577287,232.98925478500468,2535.2297073520476,-0.02270731675568463,265764.6972585569,1,0,14.661921501159668,11.743055555555555
3240,324.0,-1176.847208843917,1833.1203187911074,232.95600140349418,2536.6938902970187,-0.02270731675568463,266647.5508789312,1,0,14.629288673400879,11.31611111111111
3241,324.101,-1177.2638870858593,1834.1333261572997,232.92261340782918,2538.1640004512014,-0.02270731675568463,267534.53277239675,1,0,14.489310264587402,10.951944444444445
3242,324.2,-1177.6738447110217,1835.1352015742825,232.8904394398223,2539.5806556329558,-0.02270731675568463,268388.34562924743,1,0,14.13736629486084,10.871944444444445
3243,324.3,-1178.0703611025501,1836.1036811436372,232.85803609445676,2541.0074105519784,-0.02270731675568463,269258.2113317017,1,0,14.40509033203125,10.501111111111111
3244,324.4,-1178.4467156436644,1837.0610287653647,232.82509813441456,2542.457705142942,-0.02270731675568463,270143.45693384233,1,0,14.608281135559082,10.268055555555556
3245,324.5,-1178.8230701847938,1837.9849805386723,232.7917860794332,2543.9244715453374,-0.02270731675568463,271039.66742835916,1,0,14.734611511230469,10.051944444444443
3246,324.6,-1179.1927041090985,1838.8866684135617,232.7584891884146,2545.390570261783,-0.02270731675568463,271933.8699380756,1,0,14.594923973083496,9.73111111111111
3247,324.7,-1179.5623380334182,1839.7772243400323,232.72539459435973,2546.84776162052,-0.02270731675568463,272825.94889523694,1,0,14.556418418884277,9.666944444444445
3248,324.8,-1179.9252513409285,1840.6566483172933,232.69305715799004,2548.2716144939986,-0.02270731675568463,273691.8281379158,1,0,13.927982330322266,9.491944444444444
3249,324.9,-1180.2612821812002,1841.5249403453452,232.6617284791777,2549.6510506632508,-0.02270731675568463,274537.1751805194,1,0,13.667855262756348,9.338055555555554
3250,325.001,-1180.6174748719006,1842.3821004249787,232.63116721270467,2550.9966968235485,-0.02270731675568463,275358.4103083055,1,0,12.985474586486816,9.28
3251,325.1,-1180.960226328997,1843.26152440224,232.60237977869537,2552.264239190408,-0.02270731675568463,276137.21905324946,1,0,12.628045082092285,9.37611111111111
3252,325.2,-1181.289536552474,1844.1298164302916,232.5740295734838,2553.5125298926355,-0.02270731675568463,276906.5702755798,1,0,12.344206809997559,9.243888888888888
3253,325.301,-1181.63228800957,1844.9758445599248,232.54606277289494,2554.743938867831,-0.02270731675568463,277666.8320553721,1,0,12.046417236328125,9.131944444444445
3254,325.401,-1181.9481569994275,1845.8218726903488,232.51864981447824,2555.95096156332,-0.02270731675568463,278417.2905489248,1,0,12.100261688232422,9.041111111111112
3255,325.5,-1182.2573053724907,1846.6345049731444,232.49198322428302,2557.125120845499,-0.02270731675568463,279142.85531863756,1,0,11.62624454498291,8.723888888888888
3256,325.601,-1182.5664537455536,1847.4248733575214,232.46534529331694,2558.298018230312,-0.02270731675568463,279873.9157480943,1,0,11.605435371398926,8.536944444444444
3257,325.7,-1182.8621608850126,1848.1929778442702,232.43945332548904,2559.4380700380784,-0.02270731675568463,280584.0979124037,1,0,11.431853294372559,8.281944444444445
3258,325.799,-1183.157868024456,1848.927686483391,232.41357083388192,2560.5777045974246,-0.02270731675568463,281298.84016626223,1,0,11.597003936767578,7.95
3259,325.9,-1183.4468545471054,1849.6512631733024,232.3872073798117,2561.738516462767,-0.02270731675568463,282024.1615655696,1,0,11.395297050476074,7.708888888888889
3260,326.0,-1183.7022379857215,1850.3191801179576,232.3615518246373,2562.868158761499,-0.02270731675568463,282731.31029874,1,0,11.203374862670898,7.216111111111111
3261,326.1,-1183.9576214243373,1850.953701215776,232.33643705972457,2563.973989470493,-0.02270731675568463,283423.7826468006,1,0,10.91894245147705,6.946944444444444
3262,326.2,-1184.199563629334,1851.5659584151751,232.31196462277748,2565.0515377730176,-0.02270731675568463,284099.7065959645,1,0,10.637580871582031,6.613888888888888
3263,326.3,-1184.4146233671372,1852.1448197669458,232.28758077580974,2566.125185361359,-0.02270731675568463,284779.111741698,1,0,10.84090805053711,6.2061111111111105
3264,326.4,-1184.6296831048958,1852.6902852718795,232.26248477800613,2567.2301897339066,-0.02270731675568463,285481.7137348457,1,0,11.264878273010254,5.961111111111111
3265,326.5,-1184.8514634594935,1853.2023549299759,232.2366111545239,2568.369433819965,-0.02270731675568463,286205.5032707751,1,0,11.52587890625,5.641944444444444
3266,326.6,-1185.0530819636624,1853.7255565364906,232.2101558275294,2569.5342909511633,-0.02270731675568463,286946.68339442293,1,0,11.777271270751953,5.513055555555556
3267,326.7,-1185.261421084641,1854.237626194587,232.18330244705433,2570.716674814711,-0.02270731675568463,287698.6099490282,1,0,11.876503944396973,5.531111111111111
3268,326.8,-1185.4563189719706,1854.7274319534733,232.15629297498737,2571.90593156265,-0.02270731675568463,288455.5409677938,1,0,11.914764404296875,5.326111111111111
3269,326.9,-1185.6512168593745,1855.2283696623604,232.12916675361595,2573.100328910811,-0.02270731675568463,289217.3670048214,1,0,11.979342460632324,5.341944444444445
3270,327.0,-1185.8393941299244,1855.718175422038,232.10184072760137,2574.3035238770653,-0.02270731675568463,289986.676663874,1,0,12.0907621383667,5.198888888888889
3271,327.1,-1186.007409550075,1856.1857172832965,232.0744898086958,2575.5078149046763,-0.02270731675568463,290755.77525611216,1,0,12.001269340515137,5.031111111111111
3272,327.2,-1186.2023074374345,1856.6532591445555,232.04791579657186,2576.6778978726015,-0.02270731675568463,291498.8141028651,1,0,11.406424522399902,5.0680555555555555
3273,327.299,-1186.3770434743797,1857.1096690566046,232.02213445539545,2577.813078667285,-0.02270731675568463,292228.6624167354,1,0,11.532434463500977,4.891944444444444
3274,327.399,-1186.5719413617392,1857.5549470202354,231.9964149681919,2578.9455359635426,-0.02270731675568463,292952.25873391406,1,0,11.122551918029785,4.7988888888888885
3275,327.499,-1186.739956781905,1858.0002249830752,231.9712251554136,2580.054671112561,-0.02270731675568463,293665.8482587078,1,0,11.065871238708496,4.75
3276,327.599,-1186.8945309684213,1858.423239048287,231.9464168441623,2581.1470083299437,-0.02270731675568463,294367.4909729703,1,0,10.786506652832031,4.538055555555555
3277,327.699,-1187.0558257717626,1858.8462531127082,231.92234938332732,2582.2067250890404,-0.02270731675568463,295048.3613126646,1,0,10.413293838500977,4.591944444444444
3278,327.8,-1187.2171205750888,1859.2692671771292,231.89931539533848,2583.220936902575,-0.02270731675568463,295697.6379106954,1,0,9.675287246704102,4.465000000000001
3279,327.9,-1187.3716947616354,1859.6811492947138,231.87788282839364,2584.164636387022,-0.02270731675568463,296305.0486940211,1,0,9.203569412231445,4.476944444444444
3280,328.0,-1187.5464307985658,1860.0930314099253,231.85750773943474,2585.0617739532104,-0.02270731675568463,296883.44898953056,1,0,8.74380874633789,4.348055555555556
3281,328.1,-1187.707725601907,1860.4937815767182,231.8372778308571,2585.952519067609,-0.02270731675568463,297465.1860037892,1,0,9.075687408447266,4.3630555555555555
3282,328.199,-1187.8488585548341,1860.9056636927212,231.8174417930138,2586.825921620573,-0.02270731675568463,298029.37784335297,1,0,8.573358535766602,4.305
3283,328.299,-1188.0101533581753,1861.2952819103048,231.79796143632112,2587.6836631414585,-0.02270731675568463,298588.44469266594,1,0,8.585895538330078,4.218888888888889
3284,328.399,-1188.164727544692,1861.67376817947,231.7786614101749,2588.533464510137,-0.02270731675568463,299141.5515165322,1,0,8.414514541625977,4.116944444444444
3285,328.499,-1188.312581114414,1862.0411224994261,231.76004325349416,2589.3532424166374,-0.02270731675568463,299673.8080645829,1,0,7.985271453857422,3.95
3286,328.6,-1188.473875917755,1862.4307407162187,231.7415325360987,2590.1682896532943,-0.02270731675568463,300208.3240936594,1,0,8.158439636230469,4.109999999999999
3287,328.7,-1188.6217294874916,1862.7758311377556,231.72296552071057,2590.9858157524595,-0.02270731675568463,300744.03727855993,1,0,8.196298599243164,3.95
3288,328.8,-1188.762862440404,1863.1431854585028,231.7039422136068,2591.8234328774874,-0.02270731675568463,301296.1549674083,1,0,8.56036376953125,3.805
3289,328.9,-1188.9039953933163,1863.5105397776674,231.68434849746882,2592.686165739371,-0.02270731675568463,301863.6219739395,1,0,8.698742866516113,3.9861111111111107
3290,329.0,-1189.038407729419,1863.8556301984138,231.66475962630676,2593.548685271637,-0.02270731675568463,302429.3403263889,1,0,8.556096076965332,3.693888888888889
3291,329.1,-1189.1795406823462,1864.2007206199507,231.64522278856248,2594.408913715316,-0.02270731675568463,302996.24538209545,1,0,8.652909278869629,3.69
3292,329.2,-1189.3206736352586,1864.5458110422787,231.62588193577974,2595.260512725682,-0.02270731675568463,303555.18483444257,1,0,8.383462905883789,3.6869444444444444
3293,329.3,-1189.4550859713913,1864.868637564606,231.60683312190758,2596.099252941763,-0.02270731675568463,304108.6576949217,1,0,8.39566707611084,3.5580555555555553
3294,329.4,-1189.582777690699,1865.2137279869341,231.5880109186584,2596.9280152429906,-0.02270731675568463,304654.4433901696,1,0,8.183853149414062,3.6238888888888887
3295,329.5,-1189.7104694099924,1865.5476864584705,231.56980693325872,2597.7295567326673,-0.02270731675568463,305182.04812729004,1,0,7.851110458374023,3.4869444444444446
3296,329.6,-1189.8516023628895,1865.8593810331702,231.5519739338935,2598.514763299404,-0.02270731675568463,305702.09447174805,1,0,7.857070446014404,3.491944444444444
3297,329.7,-1189.9792940822276,1866.1933395054978,231.5346950260083,2599.2755726091355,-0.02270731675568463,306202.9276575035,1,0,7.363039493560791,3.4869444444444446
3298,329.8,-1190.1069858015355,1866.5050340794066,231.51803453680904,2600.0091522642674,-0.02270731675568463,306689.5596666077,1,0,7.3123369216918945,3.4338888888888888
3299,329.9,-1190.2346775208584,1866.8167286541068,231.50182836019331,2600.722728036898,-0.02270731675568463,307161.4019102683,1,0,6.9628586769104,3.383888888888889
3300,330.0,-1190.3690898569612,1867.1395551772246,231.48695507219182,2601.377615258534,-0.02270731675568463,307591.98655449547,1,0,6.13826322555542,3.441944444444444
3301,330.1,-1190.4967815762693,1867.4623817003428,231.47319305602554,2601.983571959591,-0.02270731675568463,307994.8187421058,1,0,5.9839959144592285,3.4369444444444444
3302,330.2,-1190.624473295577,1867.7629443258331,231.46034774449743,2602.5491651476514,-0.02270731675568463,308368.50663569337,1,0,5.330784797668457,3.236111111111111
3303,330.299,-1190.752165014885,1868.0746389005333,231.44837613870567,2603.0762881116325,-0.02270731675568463,308720.4355313787,1,0,5.3209099769592285,3.373888888888889
3304,330.399,-1190.8865773510029,1868.386333473651,231.4368115145592,2603.5854912263567,-0.02270731675568463,309058.5267209406,1,0,4.86577844619751,3.351111111111111
3305,330.5,-1191.0075484535012,1868.6980280483506,231.4259239392246,2604.064883137582,-0.02270731675568463,309378.1937746754,1,0,4.629578590393066,3.326111111111111
3306,330.6,-1191.141960789604,1868.99859067305,231.4154027469645,2604.528142799253,-0.02270731675568463,309688.4425315118,1,0,4.638003826141357,3.291944444444445
3307,330.7,-1191.2696525089268,1869.332549146169,231.40495629942066,2604.9881113688975,-0.02270731675568463,309996.3365977478,1,0,4.563739776611328,3.47
3308,330.8,-1191.3973442282347,1869.6553756692867,231.394564924908,2605.4456550124346,-0.02270731675568463,310303.2668269784,1,0,4.5894927978515625,3.453888888888889
3309,330.9,-1191.5317565643375,1869.978202192405,231.38410096020473,2605.9063948818666,-0.02270731675568463,310612.59269784455,1,0,4.627680778503418,3.493888888888889
3310,331.0,-1191.6796101340742,1870.312160663942,231.37361088297573,2606.3682845145136,-0.02270731675568463,310922.6539240761,1,0,4.612493991851807,3.605
3311,331.1,-1191.814022470177,1870.6461191370604,231.36274152045792,2606.8468744953934,-0.02270731675568463,311245.7957221896,1,0,4.961773872375488,3.635
3312,331.2,-1191.961876039914,1871.002341507807,231.35156223754956,2607.3391106117797,-0.02270731675568463,311576.28946601495,1,0,4.885487079620361,3.7469444444444444
3313,331.3,-1192.1164502264453,1871.3696958269716,231.3400764528007,2607.8448423411555,-0.02270731675568463,311918.14349436533,1,0,5.23175573348999,3.886111111111111
3314,331.4,-1192.284465646581,1871.7259181977183,231.32793206204968,2608.3795732168437,-0.02270731675568463,312279.1935049397,1,0,5.4656195640563965,3.895
3315,331.5,-1192.4255985994935,1872.1044044668834,231.31493603333428,2608.9518026483515,-0.02270731675568463,312667.3518480015,1,0,5.98192024230957,4.013888888888888
3316,331.6,-1192.5801727860248,1872.4940226844672,231.30085541479707,2609.571787762056,-0.02270731675568463,313087.667485209,1,0,6.4209794998168945,4.111111111111112
3317,331.7,-1192.741467589366,1872.883640902051,231.2855216180562,2610.2469516897463,-0.02270731675568463,313547.1845299043,1,0,7.085781097412109,4.196111111111111
3318,331.8,-1192.9162036263117,1873.2843910696351,231.26851206539135,2610.9959009930108,-0.02270731675568463,314058.35925983347,1,0,7.897067546844482,4.313055555555556
3319,331.9,-1193.0976602800815,1873.7074051340562,231.24985384915018,2611.817442765996,-0.02270731675568463,314618.18984553526,1,0,8.538004875183105,4.613888888888889
3320,332.0,-1193.272396317012,1874.152683097687,231.22952815404452,2612.7124054665264,-0.02270731675568463,315230.3283422322,1,0,9.365864753723145,4.74
3321,332.099,-1193.4605735875914,1874.5868291113175,231.20746960639693,2613.683667569487,-0.02270731675568463,315896.1371161547,1,0,10.260651588439941,4.75
3322,332.2,-1193.6621920917457,1875.0655029217853,231.18375886036517,2614.7276777836446,-0.02270731675568463,316605.06017571874,1,0,10.4181489944458,5.010000000000001
3323,332.3,-1193.8839724463285,1875.5219128338344,231.15990910297614,2615.7778088206846,-0.02270731675568463,317319.36511790665,1,0,10.589887619018555,5.026111111111112
3324,332.4,-1194.0855909505124,1875.978322745884,231.1357895654164,2616.839818575225,-0.02270731675568463,318041.73306573497,1,0,10.655784606933594,5.02
3325,332.5,-1194.3140919219047,1876.456996556352,231.11122033613506,2617.9216287506333,-0.02270731675568463,318781.5289903884,1,0,10.985998153686523,5.286944444444445
3326,332.6,-1194.5224310428684,1876.9468023160296,231.08629529615013,2619.0191056624826,-0.02270731675568463,319529.4244189988,1,0,10.969200134277344,5.29611111111111
3327,332.7,-1194.750932014261,1877.4254761257068,231.06118847266725,2620.124586701588,-0.02270731675568463,320286.10278554546,1,0,11.146121978759766,5.236944444444445
3328,332.8,-1194.9861536024632,1877.915281886175,231.03614089647363,2621.227459017416,-0.02270731675568463,321037.7559292818,1,0,10.917012214660645,5.3661111111111115
3329,332.9,-1195.22137519068,1878.3939556966434,231.01155172104885,2622.3101474434493,-0.02270731675568463,321777.44434750587,1,0,10.742340087890625,5.406111111111111
3330,333.0,-1195.4565967788674,1878.8948934047394,230.98753808654342,2623.3674941700824,-0.02270731675568463,322499.319788474,1,0,10.41004753112793,5.458888888888889
3331,333.1,-1195.7119802174832,1879.3846991652076,230.96433456125038,2624.3891708975025,-0.02270731675568463,323197.45158233645,1,0,10.028756141662598,5.546111111111111
3332,333.2,-1195.9673636560995,1879.8745049240943,230.94174554022752,2625.3837903263516,-0.02270731675568463,323880.33290059364,1,0,9.868762016296387,5.508888888888889
3333,333.3,-1196.2361883283195,1880.3865745813998,230.91970715748894,2626.3541645462,-0.02270731675568463,324545.9559718717,1,0,9.543726921081543,5.733055555555556
3334,333.4,-1196.5050130005548,1880.9097761879145,230.8982726222388,2627.297950697294,-0.02270731675568463,325195.4013815834,1,0,9.33686351776123,5.876944444444445
3335,333.5,-1196.8141613736177,1881.4218458460107,230.87715166899008,2628.2279294881287,-0.02270731675568463,325837.52088877297,1,0,9.267508506774902,5.951111111111111
3336,333.599,-1197.1098685130617,1881.9561794017352,230.8568039527379,2629.1238618039497,-0.02270731675568463,326453.70547640993,1,0,8.836801528930664,6.053888888888888
3337,333.7,-1197.4190168861248,1882.490512957459,230.83655022443955,2630.015655726837,-0.02270731675568463,327071.6924600993,1,0,8.827037811279297,6.206944444444444
3338,333.8,-1197.7550477264115,1883.0248465131835,230.81702067743674,2630.8755631511535,-0.02270731675568463,327664.5574242805,1,0,8.375545501708984,6.283888888888889
3339,333.9,-1198.1045198003021,1883.548048119698,230.7983151650275,2631.699187426415,-0.02270731675568463,328234.6358815958,1,0,8.101187705993652,6.288055555555555
3340,334.0,-1198.474153724622,1884.0712497270038,230.78004634572943,2632.5035836239126,-0.02270731675568463,328793.42799818306,1,0,7.990884780883789,6.428055555555555
3341,334.1,-1198.8505082657362,1884.6167152319376,230.7621030389831,2633.2936471459057,-0.02270731675568463,329342.398889879,1,0,7.814460277557373,6.588888888888889
3342,334.2,-1199.24030404047,1885.151048787662,230.74425331118806,2634.079590283798,-0.02270731675568463,329891.28264681005,1,0,7.908455848693848,6.57
3343,334.3,-1199.6502616656176,1885.6742503941766,230.72649091097193,2634.8616882923866,-0.02270731675568463,330436.0161659694,1,0,7.737537860870361,6.731111111111111
3344,334.4,-1200.0534986739553,1886.2308478483196,230.70886658445053,2635.637706764405,-0.02270731675568463,330978.8646936397,1,0,7.786833763122559,6.836944444444445
3345,334.5,-1200.497059383136,1886.7540494548346,230.69101030429917,2636.423938409749,-0.02270731675568463,331530.2997361483,1,0,7.941854000091553,6.896944444444444
3346,334.6,-1200.9540613259062,1887.2883830105586,230.6728696668248,2637.2226906206333,-0.02270731675568463,332090.65156723623,1,0,8.037309646606445,7.018888888888889
3347,334.7,-1201.4312251191197,1887.800452668655,230.65465927739544,2638.0245140867764,-0.02270731675568463,332652.75064508675,1,0,8.003294944763184,7.021111111111111
3348,334.8,-1201.9285507627476,1888.3125223267514,230.63654627035882,2638.822049699111,-0.02270731675568463,333212.3553591551,1,0,7.951530456542969,7.1288888888888895
3349,334.9,-1202.452758873584,1888.8134600348471,230.61805324181358,2639.636318076246,-0.02270731675568463,333787.9589468473,1,0,8.33803653717041,7.198055555555555
3350,335.0,-1202.9635257508307,1889.3032657937338,230.59887885266065,2640.48058750999,-0.02270731675568463,334383.94366855064,1,0,8.551706314086914,7.136111111111111
3351,335.1,-1203.4944544784619,1889.8153354518302,230.57927271930942,2641.343867115424,-0.02270731675568463,334993.65123138763,1,0,8.718338012695312,7.3388888888888895
3352,335.204,-1204.0455450565364,1890.2940092622982,230.55809715197597,2642.2762506244494,-0.02270731675568463,335655.93179240084,1,0,9.216737747192383,7.31
3353,335.299,-1204.6235181018199,1890.761551123557,230.53773912209624,2643.172637060629,-0.02270731675568463,336293.2640175177,1,0,9.659421920776367,7.441111111111111
3354,335.399,-1205.2283736143415,1891.2179610363971,230.51582693609456,2644.1374546994175,-0.02270731675568463,336975.3981149351,1,0,9.64190673828125,7.568888888888889
3355,335.5,-1205.8332291268487,1891.663238999237,230.49360739129253,2645.1158056840795,-0.02270731675568463,337669.16850125155,1,0,9.73637580871582,7.556111111111111
3356,335.6,-1206.464967106579,1892.0528572176117,230.47140054846923,2646.093597386654,-0.02270731675568463,338363.4491089172,1,0,9.824501037597656,7.503055555555555
3357,335.7,-1207.1168669367382,1892.453607382823,230.449497241495,2647.0580240721024,-0.02270731675568463,339044.8427315642,1,0,9.469006538391113,7.608888888888888
3358,335.8,-1207.7889286172963,1892.8320936527791,230.4279447984769,2648.0070018318424,-0.02270731675568463,339720.1806647099,1,0,9.515442848205566,7.71611111111111
3359,335.9,-1208.4744315314888,1893.2105799211536,230.40630238939795,2648.959940896144,-0.02270731675568463,340399.1275444408,1,0,9.548253059387207,7.838888888888889
3360,336.0,-1209.1733756792705,1893.5890661895278,230.38448172742812,2649.920728631193,-0.02270731675568463,341085.498751631,1,0,9.672456741333008,7.959999999999999
3361,336.103,-1209.8790404438769,1893.9675524586933,230.36196885367437,2650.911995212071,-0.02270731675568463,341792.46533113066,1,0,9.580401420593262,8.018888888888888
3362,336.2,-1210.6115876756917,1894.3349067770673,230.34078727601562,2651.844643362327,-0.02270731675568463,342460.12406086375,1,0,9.65441608428955,8.21
3363,336.3,-1211.3642967579206,1894.679997199395,230.31834546106114,2652.8327811461545,-0.02270731675568463,343172.3482367612,1,0,10.113435745239258,8.295
3364,336.4,-1212.1304470737687,1895.0250876209323,230.2952249174848,2653.8508040973616,-0.02270731675568463,343903.7591130205,1,0,10.252273559570312,8.398888888888889
3365,336.5,-1212.9100386232508,1895.3701780424692,230.27166729969525,2654.8880719066738,-0.02270731675568463,344651.2160625912,1,0,10.498432159423828,8.548055555555557
3366,336.6,-1213.7030714063073,1895.7152684640064,230.2479822249337,2655.930951786582,-0.02270731675568463,345399.7391194935,1,0,10.364543914794922,8.653888888888888
3367,336.7,-1214.516266039793,1896.0158310887055,230.22400440752207,2656.9867214472,-0.02270731675568463,346164.372173643,1,0,10.756294250488281,8.70111111111111
3368,336.8,-1215.3361812900878,1896.3609215102429,230.19924778214946,2658.076782878523,-0.02270731675568463,346953.905035286,1,0,11.050556182861328,8.873888888888889
3369,336.9,-1216.1762583907969,1896.6726160849425,230.17480185994228,2659.153163707899,-0.02270731675568463,347725.150462423,1,0,10.482611656188965,8.958888888888888
3370,337.0,-1217.0432179586994,1896.950914811223,230.15120344258312,2660.1922279671135,-0.02270731675568463,348475.0367083173,1,0,10.304032325744629,9.066111111111113
3371,337.1,-1217.9034569098671,1897.2626093859228,230.12726575456452,2661.2462306864404,-0.02270731675568463,349243.995332714,1,0,10.781457901000977,9.196944444444444
3372,337.2,-1218.7771370945943,1897.563172010622,230.10355599695117,2662.2901973794487,-0.02270731675568463,349994.2633718537,1,0,10.103260040283203,9.261944444444445
3373,337.3,-1219.6709791297503,1897.874866585322,230.08055070858614,2663.3031455169967,-0.02270731675568463,350731.10672563215,1,0,10.160926818847656,9.431111111111111
3374,337.4,-1220.571541781716,1898.1754292100213,230.05745974480604,2664.319866037257,-0.02270731675568463,351471.3403901062,1,0,10.178727149963379,9.526111111111112
3375,337.5,-1221.4788250504912,1898.4871237847212,230.0345438194512,2665.3288794232253,-0.02270731675568463,352205.04485707293,1,0,10.006744384765625,9.618888888888888
3376,337.6,-1222.4197114032697,1898.7654225117924,230.01163647538783,2666.3375149654958,-0.02270731675568463,352943.06951661804,1,0,10.171168327331543,9.785
3377,337.701,-1223.3538771392684,1899.065985136492,229.98835878823726,2667.3624571210316,-0.02270731675568463,353691.91208648874,1,0,10.129949569702148,9.826111111111112
3378,337.8,-1224.2947634920768,1899.355415812773,229.96559333552563,2668.3648450310975,-0.02270731675568463,354425.7156835244,1,0,10.125533103942871,9.848055555555556
3379,337.9,-1225.2625323120787,1899.6337145398445,229.94281677874622,2669.3677218654743,-0.02270731675568463,355159.01972162526,1,0,9.937175750732422,10.018055555555554
3380,338.0,-1226.2303011321108,1899.9565410629627,229.91999262102536,2670.3726946216334,-0.02270731675568463,355899.3055359162,1,0,10.167462348937988,10.216944444444444
3381,338.1,-1227.2249524193514,1900.2237078408248,229.89672466567214,2671.3972082754335,-0.02270731675568463,356654.2988522906,1,0,10.328094482421875,10.296111111111111
3382,338.2,-1228.2263243234013,1900.5020065678964,229.87259103924708,2672.459838378201,-0.02270731675568463,357443.4009854878,1,0,10.929987907409668,10.388888888888888
3383,338.3,-1229.2276962274516,1900.780305294968,229.8474589504326,2673.5664318776335,-0.02270731675568463,358262.5872116496,1,0,11.207589149475098,10.428055555555554
3384,338.4,-1230.242509365136,1901.0586040220394,229.8222488558812,2674.676460055418,-0.02270731675568463,359079.9360539878,1,0,10.998699188232422,10.576944444444443
3385,338.5,-1231.2774843531743,1901.3257707999012,229.79741184613206,2675.770060899209,-0.02270731675568463,359887.4999922435,1,0,10.878957748413086,10.696111111111112
3386,338.601,-1232.305738724433,1901.6040695269728,229.77243922831,2676.869632715531,-0.02270731675568463,360702.37825647043,1,0,10.90035629272461,10.696111111111112
3387,338.7,-1233.360875562945,1901.837840457207,229.747963335428,2677.947333186668,-0.02270731675568463,361501.7707527566,1,0,10.876984596252441,10.853888888888887
3388,338.8,-1234.442894868651,1902.0493474898126,229.72334515186,2679.031298873137,-0.02270731675568463,362306.53621406684,1,0,10.8079195022583,11.005
3389,338.9,-1235.531634791181,1902.26085452321,229.698908875215,2680.107254997806,-0.02270731675568463,363106.338972363,1,0,10.716752052307129,11.09388888888889
3390,339.0,-1236.6270953305059,1902.4612296058153,229.6744690517228,2681.1833672940575,-0.02270731675568463,363909.58584275807,1,0,10.811043739318848,11.14611111111111
3391,339.101,-1237.7359971034505,1902.683868587631,229.64960258023245,2682.278265370703,-0.02270731675568463,364727.75133224746,1,0,10.875697135925293,11.283055555555555
3392,339.2,-1238.8583401099988,1902.8619797726085,229.62461379453615,2683.378549076302,-0.02270731675568463,365556.100742541,1,0,11.357988357543945,11.396111111111113
3393,339.3,-1239.9941243501517,1903.0623548560052,229.59881689381956,2684.514414974644,-0.02270731675568463,366406.7866182242,1,0,11.365187644958496,11.483888888888888
3394,339.4,-1241.1299085903192,1903.2293340925642,229.57300896712866,2685.6507663587563,-0.02270731675568463,367259.14544974215,1,0,11.367700576782227,11.531944444444445
3395,339.501,-1242.285854680901,1903.4185772267515,229.54704889754998,2686.793816761476,-0.02270731675568463,368116.7486342974,1,0,11.272797584533691,11.681944444444444
3396,339.6,-1243.4418007714678,1903.6078203609386,229.52145318890442,2687.9208239517507,-0.02270731675568463,368967.5393577735,1,0,11.500895500183105,11.725
3397,339.7,-1244.6044674788589,1903.774799597498,229.49562828152014,2689.057923014461,-0.02270731675568463,369821.4724146202,1,0,11.246950149536133,11.80888888888889
3398,339.799,-1245.7940166534588,1903.9306468848479,229.47032714925336,2690.1719596829353,-0.02270731675568463,370662.6504049376,1,0,11.264644622802734,11.975
3399,339.9,-1246.9970070616778,1904.0753622221976,229.44429746727667,2691.318075196068,-0.02270731675568463,371531.27867275133,1,0,11.436564445495605,12.145
3400,340.0,-1248.1798356194831,1904.2646053563844,229.4179888309967,2692.4764733738416,-0.02270731675568463,372412.2153667384,1,0,11.737373352050781,12.02888888888889
3401,340.1,-1249.3962672613063,1904.3981887453158,229.3919041311295,2693.6250113851765,-0.02270731675568463,373277.2988418977,1,0,11.239310264587402,12.18
3402,340.2,-1250.6194195199541,1904.5206401858281,229.36637484306596,2694.7490940042057,-0.02270731675568463,374131.434965266,1,0,11.248139381408691,12.281111111111112
3403,340.3,-1251.8492923953818,1904.64309162555,229.34025469746294,2695.899192730257,-0.02270731675568463,375012.87924422545,1,0,11.759766578674316,12.344999999999999
3404,340.399,-1253.0993271212533,1904.7432791668527,229.31350453516768,2697.077031783875,-0.02270731675568463,375914.1369911375,1,0,12.041097640991211,12.521944444444442
3405,340.5,-1254.3426412303002,1904.8545986581557,229.2856892623766,2698.3017688235523,-0.02270731675568463,376851.3948671636,1,0,12.217374801635742,12.52111111111111
3406,340.6,-1255.5993965729663,1904.9436542502492,229.2577690842389,2699.531124960968,-0.02270731675568463,377793.57219022483,1,0,12.37608814239502,12.57388888888889
3407,340.7,-1256.849431298808,1905.0661056907618,229.2296012525838,2700.7713855550132,-0.02270731675568463,378744.4178521207,1,0,12.43552017211914,12.655
3408,340.8,-1258.126348491903,1905.144029333646,229.2011723043328,2702.0231433998333,-0.02270731675568463,379707.23131362756,1,0,12.60609245300293,12.738888888888889
3409,340.9,-1259.423427535382,1905.1662932328557,229.17297924957046,2703.264514595019,-0.02270731675568463,380656.41214707657,1,0,12.227733612060547,12.868055555555555
3410,341.0,-1260.700344728477,1905.23308492653,229.1448181456652,2704.504478958843,-0.02270731675568463,381615.8819778748,1,0,12.577948570251465,12.85388888888889
3411,341.1,-1262.0175856223996,1905.2553488249491,229.11633173221,2705.758767059779,-0.02270731675568463,382582.51825060195,1,0,12.5142822265625,13.12611111111111
3412,341.2,-1263.328105899498,1905.311008569414,229.08788355671254,2707.0113715013986,-0.02270731675568463,383550.81280216435,1,0,12.544266700744629,13.116111111111111
3413,341.3,-1264.6453467934207,1905.3332724686238,229.05925438482274,2708.2719454131516,-0.02270731675568463,384528.31791491143,1,0,12.673712730407715,13.163888888888888
3414,341.4,-1265.9760289209478,1905.3221405194145,229.0302510497852,2709.548994139635,-0.02270731675568463,385521.30245212285,1,0,12.873847961425781,13.243055555555554
3415,341.5,-1267.3134316652693,1905.3332724686238,229.00116480665292,2710.829693400675,-0.02270731675568463,386514.3656610589,1,0,12.746742248535156,13.311111111111112
3416,341.6,-1268.6642756432254,1905.3221405194145,228.97226616965114,2712.102132157545,-0.02270731675568463,387504.0113075125,1,0,12.708595275878906,13.48111111111111
3417,341.7,-1270.0285608547706,1905.2998766209957,228.94340484924965,2713.372927823479,-0.02270731675568463,388494.7258690606,1,0,12.713871955871582,13.601111111111111
3418,341.8,-1271.3928460663308,1905.3221405194145,228.9148922025503,2714.628371002994,-0.02270731675568463,389470.88770222454,1,0,12.401466369628906,13.663888888888888
3419,341.9,-1272.7638518946858,1905.3221405194145,228.88651283762087,2715.877945639656,-0.02270731675568463,390451.05919707863,1,0,12.596470832824707,13.671944444444444
3420,342.002,-1274.1415783398502,1905.3221405194145,228.85684192437859,2717.1843885683957,-0.02270731675568463,391480.8298427095,1,0,13.026662826538086,13.773055555555555
3421,342.1,-1275.5260254018242,1905.3555363670428,228.8275630961695,2718.473567562085,-0.02270731675568463,392496.623157269,1,0,13.289896965026855,13.82388888888889
3422,342.201,-1276.917193080608,1905.3555363670428,228.79649155747825,2719.841681569119,-0.02270731675568463,393580.1948231625,1,0,13.808455467224121,13.933888888888887
3423,342.302,-1278.3285226097908,1905.38893221388,228.7649799647674,2721.2291716384084,-0.02270731675568463,394671.4097357723,1,0,13.673680305480957,14.104999999999999
3424,342.4,-1279.7532933725927,1905.38893221388,228.73455088506725,2722.5689974697775,-0.02270731675568463,395729.12203615526,1,0,13.67675495147705,14.178055555555554
3425,342.5,-1281.1780641354246,1905.4000641630894,228.7040493481291,2723.9120136729916,-0.02270731675568463,396784.1849415814,1,0,13.190495491027832,14.258888888888889
3426,342.6,-1282.6095555150064,1905.4334600099266,228.67423132091088,2725.2249341918223,-0.02270731675568463,397822.83753278357,1,0,13.074686050415039,14.296111111111111
3427,342.7,-1284.0410468946177,1905.466855857555,228.64483665472923,2726.5192136587902,-0.02270731675568463,398846.60834424855,1,0,12.817578315734863,14.358055555555554
3428,342.8,-1285.492700124658,1905.5113836536016,228.61568855722345,2727.8026364358952,-0.02270731675568463,399867.7741563904,1,0,12.85749626159668,14.491944444444446
3429,342.9,-1286.9443533546835,1905.5336475520207,228.58608495402498,2729.1061156294086,-0.02270731675568463,400911.30065345997,1,0,13.218810081481934,14.53111111111111
3430,343.0,-1288.396006584724,1905.5670433988575,228.5561092696651,2730.425977965507,-0.02270731675568463,401964.1178277113,1,0,13.185243606567383,14.506944444444445
3431,343.1,-1289.8678216651633,1905.600439246486,228.52632278080432,2731.737509815787,-0.02270731675568463,403010.7593715063,1,0,13.052157402038574,14.628055555555555
3432,343.2,-1291.3396367456028,1905.6338350933233,228.49691883392236,2733.0321979221926,-0.02270731675568463,404044.8217005623,1,0,12.848281860351562,14.683055555555555
3433,343.3,-1292.791289975643,1905.700626787789,228.4678878365081,2734.3104646535335,-0.02270731675568463,405068.7016017777,1,0,12.723645210266113,14.586944444444445
3434,343.4,-1294.2496638224784,1905.7896823806732,228.43924530331142,2735.5716268783167,-0.02270731675568463,406079.371467611,1,0,12.506103515625,14.621111111111112
3435,343.5,-1295.7080376692982,1905.9010018703946,228.41079754897498,2736.8242127757535,-0.02270731675568463,407088.53649086127,1,0,12.552074432373047,14.673055555555555
3436,343.6,-1297.173132132943,1906.0011894132792,228.38254258029193,2738.068310108933,-0.02270731675568463,408088.9983532331,1,0,12.336288452148438,14.721944444444444
3437,343.699,-1298.6382265965876,1906.1125089037914,228.35497970853172,2739.281933653744,-0.02270731675568463,409067.49306242366,1,0,12.187681198120117,14.743055555555555
3438,343.8,-1300.0966004434229,1906.2683561911413,228.32759802934476,2740.4875790903607,-0.02270731675568463,410036.6857830202,1,0,11.692642211914062,14.751111111111111
3439,343.9,-1301.5751361406717,1906.4019395800722,228.30108477267797,2741.654986928715,-0.02270731675568463,410982.6060864226,1,0,11.661535263061523,14.843055555555555
3440,344.0,-1303.033509987507,1906.5689188166316,228.2745083180365,2742.825177443371,-0.02270731675568463,411933.8123629504,1,0,11.748310089111328,14.748055555555556
3441,344.1,-1304.512045684741,1906.7136341547723,228.24791826714744,2743.9959666157565,-0.02270731675568463,412884.92893226194,1,0,11.673511505126953,14.826944444444445
3442,344.199,-1305.9973019988145,1906.8694814413311,228.22144975687053,2745.1614042213732,-0.02270731675568463,413836.80528545816,1,0,11.876753807067871,14.866944444444444
3443,344.3,-1307.4892789296678,1907.0141967794714,228.1952556404807,2746.3147599624876,-0.02270731675568463,414766.2313441998,1,0,10.967863082885742,14.963055555555554
3444,344.4,-1308.9678146269316,1907.1811760152398,228.17009075740438,2747.422797429321,-0.02270731675568463,415674.443712999,1,0,11.198600769042969,14.893055555555556
3445,344.5,-1310.4530709409903,1907.4038149970552,228.14422645684684,2748.5616310167557,-0.02270731675568463,416611.23195430444,1,0,11.583944320678711,15.015
3446,344.6,-1311.9450478718436,1907.6153220296612,228.11736814911242,2749.74423183295,-0.02270731675568463,417586.86901066866,1,0,12.07417106628418,15.073055555555557
3447,344.7,-1313.4235835690924,1907.8602249098954,228.08991962911355,2750.952820343997,-0.02270731675568463,418579.33742730424,1,0,12.103832244873047,15.038888888888888
3448,344.8,-1314.9222811167706,1908.0939958401295,228.06261487227277,2752.1550788051472,-0.02270731675568463,419565.7410579181,1,0,11.947537422180176,15.146944444444445
3449,344.9,-1316.4008168140194,1908.3611626179913,228.03576539809342,2753.337290670201,-0.02270731675568463,420536.1258023554,1,0,11.702796936035156,15.045
3450,345.0,-1317.8927937448727,1908.6505932942723,228.00941997680718,2754.497308532241,-0.02270731675568463,421490.4206181332,1,0,11.50354290008545,15.181944444444444
3451,345.1,-1319.3847706757558,1908.9288920205531,227.9834626559593,2755.640237905322,-0.02270731675568463,422432.8673828411,1,0,11.360939025878906,15.201944444444443
3452,345.199,-1320.8700269897993,1909.251718544462,227.95724421887283,2756.7946645134457,-0.02270731675568463,423395.9643656094,1,0,11.966824531555176,15.246111111111112
3453,345.299,-1322.3687245374622,1909.5745450675802,227.92982097503233,2758.0021400874525,-0.02270731675568463,424399.60668210045,1,0,12.18891429901123,15.303888888888888
3454,345.401,-1323.8539808515357,1909.908503539908,227.90169421069263,2759.240592442453,-0.02270731675568463,425426.41247273306,1,0,12.100727081298828,15.23611111111111
3455,345.501,-1325.3526783991986,1910.2313300630262,227.87437147493102,2760.4436425352524,-0.02270731675568463,426424.87384320406,1,0,11.966479301452637,15.308055555555555
3456,345.6,-1326.8513759468617,1910.598684382982,227.84754825430676,2761.624698427413,-0.02270731675568463,427407.54977146164,1,0,11.899388313293457,15.426944444444445
3457,345.7,-1328.3299116441108,1911.021698448194,227.82037449262378,2762.821189027756,-0.02270731675568463,428407.40890996467,1,0,12.03659439086914,15.385
3458,345.8,-1329.7815648741362,1911.5115042078717,227.79278125995978,2764.0361493965393,-0.02270731675568463,429425.6187171408,1,0,12.268878936767578,15.358888888888888
3459,345.9,-1331.2466593377808,1912.0124419159677,227.76492948638656,2765.2624936057805,-0.02270731675568463,430451.77643732,1,0,12.26432991027832,15.446111111111112
3460,346.0,-1332.6983125678064,1912.5133796248547,227.73707646990107,2766.488892541816,-0.02270731675568463,431479.810535003,1,0,12.269973754882812,15.446944444444444
3461,346.1,-1334.1499657978316,1913.0477131805785,227.70930857774846,2767.711543359893,-0.02270731675568463,432505.20487250254,1,0,12.189348220825195,15.46
3462,346.2,-1335.621780878286,1913.5597828378839,227.6815451007494,2768.933999773906,-0.02270731675568463,433534.2838356501,1,0,12.266084671020508,15.528055555555556
3463,346.299,-1337.0801547251065,1914.0829844451898,227.65367388792004,2770.1611999149663,-0.02270731675568463,434571.6847901862,1,0,12.532230377197266,15.514999999999999
3464,346.4,-1338.5318079551314,1914.6395818985418,227.62465090891394,2771.439113586981,-0.02270731675568463,435653.39029292203,1,0,12.779516220092773,15.535
3465,346.5,-1339.9700199515678,1915.2407071487316,227.59535172286294,2772.729188958831,-0.02270731675568463,436747.29187491065,1,0,13.028644561767578,15.591944444444444
3466,346.6,-1341.401511331179,1915.8640962973402,227.5661780763644,2774.0137366861745,-0.02270731675568463,437829.54893863975,1,0,12.66893482208252,15.614999999999998
3467,346.7,-1342.8061202435522,1916.5097493435765,227.5379342018643,2775.2573455302822,-0.02270731675568463,438877.7354672429,1,0,12.20965576171875,15.513055555555555
3468,346.8,-1344.2107291559553,1917.1999301866508,227.51029695083434,2776.4742440761083,-0.02270731675568463,439910.4220737279,1,0,12.134591102600098,15.578888888888889
3469,346.9,-1345.6086174515335,1917.9123749281434,227.48224559889732,2777.7093759401146,-0.02270731675568463,440967.47702120285,1,0,12.574416160583496,15.666111111111112
3470,347.0,-1346.9729026630941,1918.6470835680552,227.4536295782752,2778.969370787093,-0.02270731675568463,442042.10619941377,1,0,12.631978988647461,15.54111111111111
3471,347.099,-1348.343908491449,1919.3929241555945,227.42480056079546,2780.238744119871,-0.02270731675568463,443131.323460176,1,0,13.018539428710938,15.55888888888889
3472,347.2,-1349.708193703009,1920.149896693134,227.39540725607912,2781.5329636400256,-0.02270731675568463,444232.1592021708,1,0,12.616178512573242,15.60388888888889
3473,347.3,-1351.0455964473458,1920.9180011790922,227.36652454199609,2782.804701293278,-0.02270731675568463,445324.5087299374,1,0,12.825133323669434,15.456111111111111
3474,347.4,-1352.3628373412537,1921.7417654118885,227.33721243853546,2784.095345432874,-0.02270731675568463,446434.37728467176,1,0,12.994405746459961,15.483055555555554
3475,347.5,-1353.653195767938,1922.632321337568,227.30770586044656,2785.3945525041486,-0.02270731675568463,447551.04270725674,1,0,12.99643611907959,15.566944444444443
3476,347.6,-1354.9166717273986,1923.5228772640387,227.2783265725975,2786.6881548462256,-0.02270731675568463,448663.09549911093,1,0,12.882282257080078,15.443055555555555
3477,347.7,-1356.1801476868743,1924.4245651397189,227.24914109786158,2787.9732233838645,-0.02270731675568463,449770.5542696311,1,0,12.825716018676758,15.441944444444445
3478,347.8,-1357.4167411791268,1925.3596488622363,227.21995291751784,2789.25841105239,-0.02270731675568463,450881.6946550741,1,0,12.884665489196777,15.436944444444444
3479,347.9,-1358.6398934377596,1926.2947325847533,227.19045968666106,2790.557030430361,-0.02270731675568463,452008.5865583978,1,0,13.094419479370117,15.36111111111111
3480,348.0,-1359.8428838459788,1927.207552408852,227.16063138592844,2791.8704033033237,-0.02270731675568463,453148.3597690613,1,0,13.179811477661133,15.143888888888888
3481,348.1,-1360.9988299365605,1928.1982958774163,227.13084062807545,2793.182123122024,-0.02270731675568463,454285.6112275214,1,0,13.061349868774414,15.176111111111108
3482,348.2,-1362.1413347935227,1929.2001712943993,227.10111586474972,2794.490937129138,-0.02270731675568463,455424.98957877164,1,0,13.12168025970459,15.086944444444445
3483,348.3,-1363.2838396504853,1930.168650864545,227.07136670439868,2795.800825364097,-0.02270731675568463,456565.7792848381,1,0,13.082839965820312,14.998055555555556
3484,348.4,-1364.379300189825,1931.1927901799468,227.0414548124027,2797.1178788522825,-0.02270731675568463,457718.12504204264,1,0,13.265022277832031,14.926944444444445
3485,348.5,-1365.4680401123403,1932.1835336477202,227.01094225057287,2798.4613804935966,-0.02270731675568463,458898.17701929656,1,0,13.611939430236816,14.79
3486,348.6,-1366.5231769508227,1933.2188049123313,226.97993470542838,2799.826676794415,-0.02270731675568463,460095.43136168964,1,0,13.701027870178223,14.751944444444444
3487,348.7,-1367.5447107052864,1934.265208126152,226.9490534252294,2801.1864135108735,-0.02270731675568463,461285.4219929788,1,0,13.50071907043457,14.655000000000001
3488,348.8,-1368.5192001421283,1935.3561391352282,226.91890208964952,2802.5140099632895,-0.02270731675568463,462445.66698243236,1,0,13.058056831359863,14.546111111111113
3489,348.9,-1369.4600864949218,1936.4915979419332,226.88967205304422,2803.8010406090257,-0.02270731675568463,463573.53338217695,1,0,12.689193725585938,14.533888888888889
3490,349.0,-1370.3539285300776,1937.6159247986377,226.86121834507142,2805.0538886516174,-0.02270731675568463,464674.0936526824,1,0,12.374228477478027,14.311944444444444
3491,349.1,-1371.241049948424,1938.6957238592954,226.83369428458928,2806.2658032931877,-0.02270731675568463,465737.82283179456,1,0,11.870314598083496,13.988055555555555
3492,349.2,-1372.1012888995467,1939.7532590207436,226.80681039754717,2807.44953039442,-0.02270731675568463,466784.54892673244,1,0,11.810332298278809,13.761111111111111
3493,349.3,-1372.9279247666514,1940.7885302869363,226.78026977948764,2808.618142984976,-0.02270731675568463,467817.05312049226,1,0,11.567946434020996,13.37888888888889
3494,349.4,-1373.7142369329135,1941.8460654483845,226.7537826878564,2809.7843987480524,-0.02270731675568463,468854.95634381624,1,0,11.76318359375,13.246111111111112
3495,349.5,-1374.4736666319668,1942.9147325598328,226.72689350761036,2810.968358914872,-0.02270731675568463,469909.70782306476,1,0,11.922125816345215,13.078888888888889
3496,349.599,-1375.1994932469722,1943.972267722863,226.7001666869801,2812.1451702093186,-0.02270731675568463,470956.6429009413,1,0,11.857970237731934,12.901944444444444
3497,349.7,-1375.8984373947835,1945.0409348343114,226.6729588791368,2813.3431598995303,-0.02270731675568463,472025.15150862973,1,0,11.870715141296387,12.76388888888889
3498,349.8,-1376.5704990753418,1946.0984699965504,226.64624487156786,2814.5194070208017,-0.02270731675568463,473072.8515011867,1,0,11.660293579101562,12.60111111111111
3499,349.899,-1377.208957671882,1947.1560051603713,226.62031678670155,2815.661049101473,-0.02270731675568463,474090.7187315263,1,0,11.409130096435547,12.42
3500,350.0,-1377.8339750348027,1948.2246722702375,226.59380265229834,2816.8284955875274,-0.02270731675568463,475140.7082524849,1,0,11.714583396911621,12.373055555555554
3501,350.099,-1378.4186686969106,1949.3044713316865,226.56730286116766,2817.9953105235236,-0.02270731675568463,476189.6185899161,1,0,11.863513946533203,12.231944444444443
3502,350.2,-1378.98320050859,1950.3842703923444,226.54007002522874,2819.194402228299,-0.02270731675568463,477267.4155720365,1,0,11.886999130249023,12.216944444444444
3503,350.3,-1379.5342910866493,1951.4418055545834,226.51300024051915,2820.3863146081967,-0.02270731675568463,478341.0659716851,1,0,11.957395553588867,12.008055555555554
3504,350.4,-1380.038337347072,1952.53273656366,226.48588363980838,2821.5802883480937,-0.02270731675568463,479416.8474289204,1,0,11.928236961364746,12.005
3505,350.5,-1380.5087805234762,1953.679327319574,226.458947022105,2822.7663372383104,-0.02270731675568463,480485.7582250091,1,0,11.798857688903809,12.108055555555556
3506,350.6,-1380.9792236998803,1954.7479944318136,226.4321234022331,2823.9474107097844,-0.02270731675568463,481554.0216223407,1,0,11.828702926635742,11.828055555555556
3507,350.7,-1381.4362256426502,1955.8055295932613,226.40499074326905,2825.1420915122267,-0.02270731675568463,482639.2053836211,1,0,12.071074485778809,11.636111111111111
3508,350.8,-1381.8529038846077,1956.8964606039196,226.37803694241185,2826.328896995597,-0.02270731675568463,483709.9782043057,1,0,11.67115592956543,11.688888888888888
3509,350.9,-1382.2561408929155,1957.987391613787,226.35129312118866,2827.5064568448415,-0.02270731675568463,484782.53180312103,1,0,11.886114120483398,11.64611111111111
3510,350.999,-1382.6324954340598,1959.0894545720728,226.32455914596346,2828.683583163969,-0.02270731675568463,485853.5329964192,1,0,11.900347709655762,11.616111111111111
3511,351.101,-1382.9954087415701,1960.1803855819398,226.29695227465425,2829.899144057294,-0.02270731675568463,486961.5661946222,1,0,11.940325736999512,11.506944444444443
3512,351.2,-1383.3179983482523,1961.2713165918071,226.26956478211326,2831.105045462279,-0.02270731675568463,488068.8854962672,1,0,12.427600860595703,11.401944444444444
3513,351.3,-1383.6473085717143,1962.3733795516748,226.2411675421999,2832.3554071541353,-0.02270731675568463,489213.9006456941,1,0,12.586081504821777,11.47
3514,351.4,-1383.9497363279827,1963.4865744583788,226.21245059775123,2833.619845788147,-0.02270731675568463,490373.1347835959,1,0,12.709212303161621,11.478888888888887
3515,351.5,-1384.2320022338222,1964.577505468246,226.1838138687816,2834.8807524464323,-0.02270731675568463,491526.3053742292,1,0,12.515423774719238,11.329999999999998
3516,351.6,-1384.5142681396617,1965.6795684273225,226.1551199182099,2836.1441786347636,-0.02270731675568463,492690.17573231214,1,0,12.759615898132324,11.348888888888888
3517,351.7,-1384.7830928118967,1966.8150272332366,226.12622816486333,2837.416314296726,-0.02270731675568463,493859.2498714062,1,0,12.689658164978027,11.553055555555556
3518,351.8,-1385.0586381009268,1967.8948262946856,226.09652096687614,2838.724354882674,-0.02270731675568463,495076.52049806673,1,0,13.477899551391602,11.231111111111112
3519,351.9,-1385.3140215395429,1968.9746253545525,226.0658812782906,2840.0734540547996,-0.02270731675568463,496322.0445151846,1,0,13.511041641235352,11.101111111111111
3520,352.0,-1385.5761255949535,1970.0878202628382,226.03514740986847,2841.426700068666,-0.02270731675568463,497573.8214257863,1,0,13.560857772827148,11.30388888888889
3521,352.101,-1385.8382296503792,1971.1676193234964,226.00419128275945,2842.789732376857,-0.02270731675568463,498834.062986529,1,0,13.436841011047363,11.19611111111111
3522,352.199,-1386.09361308898,1972.2585503333635,225.97452074620188,2844.096158719755,-0.02270731675568463,500042.7068917315,1,0,13.231796264648438,11.138055555555555
3523,352.299,-1386.3422759108016,1973.3494813432308,225.94422342581234,2845.4301830438276,-0.02270731675568463,501285.8199542579,1,0,13.455570220947266,11.226111111111111
3524,352.4,-1386.5976593494174,1974.4292804038885,225.91293054025323,2846.808043196791,-0.02270731675568463,502574.4612885723,1,0,13.835824966430664,11.161944444444444
3525,352.5,-1386.879925255257,1975.4868155669187,225.8813564869568,2848.1982834743285,-0.02270731675568463,503873.0412206476,1,0,13.976150512695312,11.038055555555555
3526,352.6,-1387.115146843444,1976.577746575995,225.84985317680542,2849.585408853419,-0.02270731675568463,505165.3533257197,1,0,13.773510932922363,11.013055555555555
3527,352.7,-1387.357089048471,1977.6464136874433,225.8186201351118,2850.960634015196,-0.02270731675568463,506451.5824016663,1,0,13.73808479309082,10.943888888888889
3528,352.8,-1387.5990312534675,1978.7150807988917,225.78752006987332,2852.330004077463,-0.02270731675568463,507733.82332802395,1,0,13.656378746032715,10.921944444444446
3529,352.901,-1387.8544146920835,1979.7614840127123,225.75631482420192,2853.704005349823,-0.02270731675568463,509022.40812347486,1,0,13.55858325958252,10.85
3530,353.0,-1388.089636280286,1980.84128307337,225.72587278909018,2855.044401622207,-0.02270731675568463,510282.687489406,1,0,13.527112007141113,10.943055555555556
3531,353.1,-1388.3382991020922,1981.8876862871905,225.69559558482428,2856.3775402112415,-0.02270731675568463,511532.6833656451,1,0,13.142535209655762,10.796111111111111
3532,353.2,-1388.5735206902941,1982.9229575518018,225.66574649887414,2857.6918282801817,-0.02270731675568463,512773.25020649866,1,0,13.150004386901855,10.66388888888889
3533,353.299,-1388.8221835121155,1983.9582288164127,225.63645205757578,2858.981694735357,-0.02270731675568463,513989.0037781697,1,0,12.914623260498047,10.638055555555555
3534,353.403,-1389.0977288011304,1984.9712361818142,225.60594373087207,2860.3250098994126,-0.02270731675568463,515261.2488232635,1,0,12.92502212524414,10.556944444444445
3535,353.5,-1389.3262297725378,1986.0065074464253,225.5774933545754,2861.577711244641,-0.02270731675568463,516449.2328677481,1,0,12.910531997680664,10.53
3536,353.6,-1389.5681719775196,1987.0417787102454,225.5484438022566,2862.856794968828,-0.02270731675568463,517660.86386316497,1,0,12.677739143371582,10.51888888888889
3537,353.7,-1389.8101141825464,1988.0547860764377,175.53339696690728,2862.952512201902,-0.08008892229331321,151643.82919424336,0,1,12.58596420288086,10.451111111111112
3538,353.8,-1390.0520563875582,1989.0789253918392,150.44309873510863,2863.5080674726487,-0.08494638833928089,106721.37737520692,0,1,12.35184097290039,10.421111111111111
3539,353.9,-1390.3612047606211,1990.0474049619852,125.34943747257704,2863.987560665721,-0.0898133183457975,70400.7935188838,0,1,12.407387733459473,10.075000000000001
3540,354.0,-1390.6165881992222,1991.049280378968,100.25423311295077,2864.340668579261,-0.09469576538888656,43607.03096017392,0,1,12.226156234741211,10.193055555555555
3541,354.1,-1390.8518097874542,1992.051155795951,75.16399433903146,2864.445630600301,-0.09960474142015151,25449.40339597275,0,1,11.982746124267578,10.275
3542,354.2,-1391.0534282915933,1993.0864270605618,50.093423572192975,2864.0862670144916,-0.10456125590927307,14086.984391764561,0,1,11.779269218444824,10.436944444444444
3543,354.3,-1391.275208646176,1994.0994344275452,25.08703036502177,2862.8469927788565,-0.10960629615504697,7481.030669749747,0,1,11.679422378540039,10.33
3544,354.4,-1391.4902683839643,1995.1235737421562,0.28321936579397544,2859.9945995768917,-0.1148181673796663,3866.1865228661045,0,1,11.567384719848633,10.433055555555555
3545,354.5,-1391.691886888148,1996.147713057558,-23.985204022385638,2854.6323235273567,-0.12035199308933194,1948.757553475778,0,1,11.72907543182373,10.488055555555555
3546,354.6,-1391.9069466259214,1997.1718523729594,-47.3044810455917,2846.4499629987763,-0.1266036773382617,929.9198512792468,0,1,12.338301658630371,10.353055555555555
3547,354.7,-1392.115285746885,1998.1848597391518,-69.64114325173412,2836.1398032629168,-0.13469759666675246,402.7297242472539,0,1,12.306951522827148,10.36
3548,354.8,-1392.3169042510692,1999.2089990545537,-91.35655626594503,2824.6806119875505,-0.14768196489320493,158.055638429482,0,1,12.142000198364258,10.376111111111111
3549,354.9,-1392.5185227552379,2000.2220064207459,-112.81433315766803,2812.718869882307,-0.1955437046975117,56.27636751107418,0,1,11.838132858276367,10.363055555555556
3550,355.0,-1392.720141259392,2001.2572776845657,-134.22359939096526,2800.5875574459747,-0.22915927542745174,29.14638403297287,0,1,11.53181266784668,10.501111111111111
3551,355.1,-1392.921759763576,2002.2925489491772,-155.66610307441883,2788.472161763666,-0.30407440844651773,21.660733986266276,0,1,12.915182113647461,10.48611111111111
3552,355.2,-1393.1099370341406,2003.327820213788,-177.2274080035766,2776.418534254905,-0.4399841581562196,18.008872002682608,0,1,13.062578201293945,10.418055555555556
3553,355.3,-1393.3048349215,2004.35195952919,-198.97052815567895,2764.3307979176757,-0.6475016736296757,15.964325600207303,0,1,12.98470401763916,10.46888888888889
3554,355.4,-1393.499732808859,2005.38723079301,-220.93857088896223,2752.0949937519513,-0.9283308274878694,14.703832004795203,0,1,12.816110610961914,10.466944444444444
3555,355.5,-1393.687910079424,2006.4336340076218,-243.13267708017165,2739.5365136819864,-1.2763679479863526,14.295250524254945,0,1,13.324158668518066,10.623055555555556
3556,355.599,-1393.8895285835931,2007.4689052714416,-265.4297212758311,2726.3861461543192,-1.6722217827221098,13.722797314558312,0,1,13.137166976928711,10.543888888888889
3557,355.699,-1394.0777058541576,2008.5153084844712,-287.65250279279957,2712.4343597213656,-2.0831659028946308,13.865177754121412,0,1,13.835592269897461,10.541944444444445
3558,355.8,-1394.2658831247224,2009.561711698292,-309.6292853927998,2697.646864847087,-2.4648395357621653,14.220373216852648,0,1,14.650236129760742,10.6
3559,355.9,-1394.4607810120815,2010.6081149121123,-331.21852314436927,2682.392787297418,-2.767117496045158,13.751582776315601,0,1,14.153580665588379,10.635
3560,356.0,-1394.6623995162356,2011.6656500743513,-352.60399642452904,2667.118886149967,-2.9425828550800004,14.955046965820317,0,1,15.98553466796875,10.686944444444444
3561,356.1,-1394.8505767868003,2012.7231852373814,-374.3362203249779,2652.562870461331,-2.8200894572703046,13.513620459115268,0,1,17.5013427734375,10.706944444444444
3562,356.2,-1395.0387540573797,2013.791852348039,-396.27060628862455,2637.914906228288,-2.7377007509636138,13.69678972979211,0,1,17.866912841796875,10.748888888888889
3563,356.3,-1395.22021071112,2014.8493875110687,-418.4847706820712,2623.7212663636956,-2.592648821577203,12.556871386669112,0,1,15.458259582519531,10.745000000000001
3564,356.4,-1395.3882261312558,2015.9180546225173,-440.9491540210061,2609.9634143473777,-2.414193923803802,12.296845382973695,0,1,14.754253387451172,10.825
3565,356.5,-1395.5562415514064,2017.0089856323846,-463.69683119989907,2596.4742716775954,-2.2253793959195534,12.705029072880546,0,1,15.47026252746582,10.9
3566,356.6,-1395.7040951211284,2018.0776527438327,-486.6692706925093,2583.1905887971016,-2.0478406390628066,12.66652360797314,0,1,15.271687507629395,10.813888888888888
3567,356.7,-1395.8519486908501,2019.1574518044908,-509.7255726508498,2570.03791835132,-1.9015428803009415,12.770470286516346,0,1,15.397059440612793,10.935
3568,356.8,-1395.9930816437627,2020.2595147635673,-532.7562573858794,2556.890886760224,-1.8008149869566183,12.800095860532156,0,1,15.39436149597168,11.023888888888889
3569,356.9,-1396.1140527462758,2021.3615777218529,-555.666359123701,2543.636688468863,-1.7525722544196873,12.769668974478913,0,1,15.286556243896484,11.006944444444445
3570,357.0,-1396.2350238487745,2022.4636406809298,-578.416671252919,2530.1931644297597,-1.7558642388095453,12.738409516842015,0,1,15.183891296386719,11.051944444444445
3571,357.1,-1396.3425537176686,2023.576835589216,-601.0691337160969,2516.497059294887,-1.8051143332049806,13.370635967943379,0,1,16.36874771118164,11.118888888888888
3572,357.2,-1396.4433629697528,2024.6788985482924,-624.0032563435072,2503.28466156717,-1.7504853047061635,12.257331453406763,0,1,16.831377029418945,11.131944444444445
3573,357.3,-1396.5508928386766,2025.8032254049972,-646.6378457297762,2489.3635539090474,-1.8348316510252882,12.3554597910694,0,1,17.046228408813477,11.2
3574,357.4,-1396.6382608571123,2026.9386842117021,-669.1563232056104,2475.241356972377,-1.935120951436154,12.032104300779862,0,1,16.038501739501953,11.26888888888889
3575,357.5,-1396.7323494924021,2028.0741430168248,-691.5482947115665,2460.998424511184,-2.0384791950506425,11.814483409879667,0,1,15.321087837219238,11.334999999999999
3576,357.6,-1396.8331587444866,2029.1984698743204,-713.8530360314984,2446.719632522975,-2.1342139033641154,11.5290854468281,0,1,14.435037612915039,11.291111111111112
3577,357.7,-1396.9205267629518,2030.3339286802345,-736.0816131062475,2432.5046252256125,-2.214377754547773,11.125114068360036,0,1,13.202410697937012,11.368055555555555
3578,357.8,-1397.0213360150362,2031.4805194353576,-758.2410394762728,2418.442449313528,-2.2745231476942327,10.662446027650509,0,1,11.729268074035645,11.443888888888889
3579,357.9,-1397.1221452671357,2032.6048462920623,-780.3920342641828,2404.545896261478,-2.31304705326319,10.584696280912594,0,1,11.483065605163574,11.328055555555554
3580,358.0,-1397.2229545192201,2033.7514370471856,-802.5892915332257,2390.796547146228,-2.33020986201902,10.482306677103141,0,1,11.135285377502441,11.438888888888888
3581,358.1,-1397.3372050049088,2034.8980278023091,-824.8398763893131,2377.196502963376,-2.3278320443626783,10.426220205529509,0,1,10.92800235748291,11.483055555555556
3582,358.2,-1397.4514554906127,2036.033486609014,-847.1664747723169,2363.72341566358,-2.3085194008724192,10.500372950210899,0,1,11.134171485900879,11.443888888888889
3583,358.3,-1397.5925884435248,2037.180077364137,-869.9535840145518,2350.9354737916524,-2.136246043016515,9.926604661951227,0,1,10.74078369140625,11.516944444444446
3584,358.4,-1397.7404420132468,2038.3155361700512,-892.4759328086016,2337.710998171835,-2.1091595081268646,10.109660971701686,0,1,11.483431816101074,11.461944444444446
3585,358.499,-1397.9151780501923,2039.4398630267558,-915.0632374450166,2324.518909363398,-2.0851799473772807,10.249480305861619,0,1,11.898414611816406,11.351111111111111
3586,358.6,-1398.1033553207717,2040.5753218334605,-937.7153141983443,2311.3489737921554,-2.0653578414908207,10.323939515298147,0,1,11.909188270568848,11.43388888888889
3587,358.7,-1398.3116944417507,2041.6885167409557,-960.3845302821204,2298.2198048053965,-2.050332486187605,10.409748921204189,0,1,12.034575462341309,11.338888888888889
3588,358.8,-1398.5469160299376,2042.81284359766,-983.0555603717221,2285.1344268528524,-2.0403127102476444,10.313671176421105,0,1,11.515409469604492,11.376111111111111
3589,358.9,-1398.7888582349342,2043.9260385059463,-1005.7079481621462,2272.0999694462216,-2.0350847110984134,10.272120659082434,0,1,11.212903022766113,11.348888888888888
3590,359.0,-1399.0576829071547,2045.028101465023,-1028.3830846926726,2259.095849125596,-2.0342512033453843,10.429818702223939,0,1,11.613194465637207,11.293888888888889
3591,359.1,-1399.3533900465836,2046.0967685764713,-1051.081841112175,2246.124059580748,-2.0371331490630458,10.382622202734355,0,1,11.30099105834961,11.171111111111111
3592,359.201,-1399.6625384196764,2047.176567637129,-1073.7935716953912,2233.1979904636505,-2.042746157533884,10.39400529331651,0,1,11.154719352722168,11.13888888888889
3593,359.3,-1400.0052898767726,2048.2452347493686,-1096.5079238244036,2220.333674130563,-2.049971409103456,10.420155963754555,0,1,11.175318717956543,11.24388888888889
3594,359.4,-1400.361482567458,2049.3027699116074,-1119.5746023355293,2208.086776585217,-1.918166332037354,9.99394955426831,0,1,11.253416061401367,11.196944444444444
3595,359.5,-1400.751278342207,2050.349173124637,-1142.3982796224723,2195.414702897331,-1.9286870869111787,9.965315858244963,0,1,11.054668426513672,11.075
3596,359.6,-1401.147794733735,2051.3733124400387,-1165.2077730070087,2182.7921941580084,-1.9457676707896863,9.894541451410124,0,1,10.57288932800293,11.008055555555554
3597,359.7,-1401.5846348261061,2052.3640559086034,-1187.9964494999133,2170.2393189116965,-1.9669254201898898,9.7856255494527,0,1,9.947168350219727,10.873055555555556
3598,359.8,-1402.041636768891,2053.365931325586,-1210.7938231512337,2157.7725690116054,-1.9898517440848695,9.789985996057963,0,1,9.831493377685547,10.94611111111111
3599,359.9,-1402.5255211788997,2054.323278945731,-1233.6165001805691,2145.4111522963935,-2.0125170902573704,9.704169547711748,0,1,9.332029342651367,10.808055555555555
3600,360.001,-1403.0362880561315,2055.2806265666673,-1256.494494918544,2133.176436632251,-2.0330658458292703,9.75607133095558,0,1,9.382219314575195,10.768055555555556
3601,360.1,-1403.5739374005873,2056.1934463915572,-1279.435488913255,2121.098628887314,-2.0500347681291684,9.753010326545533,0,1,9.329724311828613,10.696111111111112
3602,360.2,-1404.1317485954714,2057.095134266446,-1300.5083422920084,2110.2213214374474,-2.0609832633209693,9.81675350969087,0,1,9.456632614135742,10.641944444444444
3603,360.3,-1404.723162874374,2057.963426295289,-1318.2328181489531,2101.2872820339517,-2.0655509570952915,9.764038416183633,0,1,9.120077133178711,10.56611111111111
3604,360.4,-1405.3347390036754,2058.809454424922,-1333.1488428232778,2093.979167845963,-2.065173110544069,9.75546817818703,0,1,8.974517822265625,10.45888888888889
3605,360.5,-1405.966476983406,2059.633218656927,-1345.7295247335314,2088.0191543491546,-2.0611651249798326,9.776337379383742,0,1,8.950502395629883,10.47388888888889
3606,360.6,-1406.6318180471696,2060.423587042095,-1356.6036148888852,2083.656660585872,-1.9149874987710438,9.43524650810075,0,1,8.827049255371094,10.298055555555555
3607,360.7,-1407.3106003445523,2061.1916915272623,-1365.6055667934536,2079.74379444133,-1.9111825227122292,9.447925332031083,0,1,8.835172653198242,10.31111111111111
3608,360.8,-1408.0162651091587,2061.9152682179642,-1373.2407299557403,2076.5947754933118,-1.9081761924587002,9.445711799824688,0,1,8.673091888427734,10.178055555555554
3609,360.899,-1408.7488123409735,2062.616581010248,-1379.714205361213,2074.0890417335913,-1.9053049406862514,9.400754571538751,0,1,8.376237869262695,10.151944444444444
3610,360.999,-1409.4948008063927,2063.295629904113,-1385.223070774182,2072.1165154793202,-1.9021853937545137,9.298352051513358,0,1,7.704896450042725,10.11
3611,361.1,-1410.2609511222406,2063.952414899559,-1389.9431448801572,2070.582167080225,-1.898625941863419,9.330193513457122,0,1,7.687115669250488,10.071111111111112
3612,361.2,-1411.0472632885026,2064.553540149748,-1394.0194291030473,2069.4012575350885,-1.894595923944921,9.382007748964966,0,1,7.85577917098999,9.985
3613,361.3,-1411.8537373052084,2065.13240150231,-1397.558278818966,2068.513515261714,-1.8900555538069734,9.353293881731995,0,1,7.611398696899414,9.96888888888889
3614,361.4,-1412.6803731722982,2065.688998955662,-1400.6378767668718,2067.871825644952,-1.885018844183629,9.338683598223595,0,1,7.443504333496094,10.00388888888889
3615,361.5,-1413.5137296561975,2066.2010686137587,-1403.3401845328065,2067.42656644602,-1.879571621983873,9.336753397657501,0,1,7.341339588165283,9.77
3616,361.6,-1414.360527373716,2066.690874373436,-1405.737500338626,2067.1393169840385,-1.8737499837558231,9.365067335400397,0,1,7.381504535675049,9.831111111111111
3617,361.699,-1415.240928175268,2067.158416234695,-1407.8765607194148,2066.9826826270537,-1.867592248863303,9.344724503514342,0,1,7.25695276260376,9.921944444444444
3618,361.8,-1416.1280495935991,2067.5814302999065,-1409.8183936223659,2066.9239767090103,-1.8611806378321754,9.368995045132873,0,1,7.191500663757324,9.888055555555555
3619,361.899,-1417.0353328623746,2067.9821804667,-1411.7076537631865,2067.3636076998573,-1.7149611791919865,9.083952686354422,0,1,7.004387855529785,9.94888888888889
3620,361.999,-1417.9627779815637,2068.3495347866556,-1413.313192518981,2067.4531410273485,-1.7109288325417593,9.078739654003783,0,1,6.904306888580322,9.955
3621,362.1,-1418.9036643343718,2068.672361308983,-1414.79731244822,2067.5863667755752,-1.707010959125637,9.062614178148376,0,1,6.601785182952881,9.988888888888889
3622,362.2,-1419.8647125375794,2068.9840558836827,-1416.1683159839372,2067.754179593719,-1.7031600056979108,9.039271747139614,0,1,6.384936809539795,10.101111111111111
3623,362.3,-1420.8459225912006,2069.2734865599637,-1417.4777111068195,2067.9432593643405,-1.699345095701582,9.10051273235814,0,1,6.660121440887451,10.168888888888889
3624,362.4,-1421.840573878441,2069.529521388616,-1418.764111432396,2068.141493007499,-1.6955449649452712,9.196486775233861,0,1,7.074970722198486,10.288055555555555
3625,362.5,-1422.8553870161106,2069.7632923188503,-1420.0352384363334,2068.344115887409,-1.6917289766058654,9.278794864209122,0,1,7.362865447998047,10.41388888888889
3626,362.6,-1423.8769207705743,2069.974799351456,-1421.2988151834168,2068.546700109171,-1.6878786180527239,9.418876375535751,0,1,7.87464714050293,10.451111111111112
3627,362.7,-1424.9186163754378,2070.1640424864345,-1422.5873391576888,2068.742961505865,-1.683953027551594,9.689556259911695,0,1,8.833175659179688,10.556111111111111
3628,362.8,-1425.9737532139495,2070.3421536714122,-1423.9136353043789,2068.931443780314,-1.6798944992612586,9.977219114754677,0,1,9.69561767578125,10.68611111111111
3629,362.9,-1427.0423312860512,2070.4868690095523,-1425.2645957617733,2069.1098237379824,-1.6757214426377978,10.26248514375169,0,1,10.432291984558105,10.793055555555554
3630,363.0,-1428.117629974962,2070.631584346902,-1426.6273938577915,2069.2817097908146,-1.6714072707490522,10.536868177184374,0,1,11.054607391357422,10.87
3631,363.1,-1429.2063698974773,2070.7540357874145,-1428.0251866446722,2069.7764842010847,-1.5798599957792037,10.09322805210973,0,1,11.325373649597168,10.943055555555556
3632,363.2,-1430.3152716704217,2070.865355277927,-1429.369834405405,2069.9552266948276,-1.5774757807004147,10.259373306765943,0,1,11.795821189880371,11.136944444444445
3633,363.3,-1431.4308940601309,2070.965542820021,-1430.7120959310246,2070.1244849990726,-1.5751949930515292,10.456089806703213,0,1,12.214404106140137,11.195
3634,363.4,-1432.5532370667238,2071.0657303621147,-1432.0379658428599,2070.2846412185086,-1.5729949781664134,10.548416375335876,0,1,12.268756866455078,11.231111111111112
3635,363.5,-1433.6957419236865,2071.143654004998,-1433.3756272477017,2070.433355097027,-1.5709030150731964,10.934800353450523,0,1,13.217706680297852,11.421111111111113
3636,363.6,-1434.838246780649,2071.2215776486737,-1434.7690800861412,2070.5727871317995,-1.5688876127561884,11.439400966463719,0,1,14.369531631469727,11.498888888888889
3637,363.701,-1435.9941928712306,2071.288369343139,-1436.2656916893086,2070.7033536647687,-1.5669418059774225,12.3542704455355,0,1,16.31134796142578,11.51611111111111
3638,363.8,-1437.150138961797,2071.3328971391857,-1437.8083237491103,2070.8225480324827,-1.5651181073787712,12.976308706263541,0,1,17.446809768676758,11.591944444444445
3639,363.9,-1438.3262469027927,2071.3885568844416,-1439.3011107818445,2070.9339755224823,-1.5633874565839705,12.517679802714165,0,1,16.21794319152832,11.776944444444444
3640,364.0,-1439.5157960774075,2071.4442166296976,-1440.6222527526877,2071.0373106012366,-1.5617788612271892,11.8660106267526,0,1,14.53081226348877,11.89388888888889
3641,364.1,-1440.7053452520222,2071.4887444265355,-1441.7777324271995,2071.1306662890634,-1.5603456831379845,11.224817832684577,0,1,12.773175239562988,11.931944444444444
3642,364.2,-1441.9217768938456,2071.5110083241634,-1442.86316611773,2071.2792176486564,-1.5471517001331652,10.511898354549311,0,1,12.611580848693848,12.113888888888889
3643,364.3,-1443.1314879188594,2071.5666680702107,-1443.94147089727,2071.354587221599,-1.546513445204246,10.381565013948487,0,1,12.129034996032715,12.15
3644,364.4,-1444.3613607943169,2071.5889319686294,-1445.0248827124344,2071.4207806825384,-1.5459994413962939,10.419321379514384,0,1,12.142538070678711,12.293888888888889
3645,364.5,-1445.6046749033637,2071.611195865466,-1446.126407638925,2071.4794004225414,-1.545589593109458,10.399516647861041,0,1,11.93702220916748,12.406944444444443
3646,364.6,-1446.861430246015,2071.633459764676,-1447.228037979056,2071.5312626775185,-1.545268360826973,10.324843624949995,0,1,11.537850379943848,12.52111111111111
3647,364.7,-1448.1249062054908,2071.6445917130945,-1448.3121360109153,2071.5750043959006,-1.5450504832045506,10.178839287232671,0,1,10.88433837890625,12.631944444444445
3648,364.8,-1449.4018233985707,2071.6557236630947,-1449.3997441767767,2071.612368756712,-1.5449197567868633,10.20002962498409,0,1,10.867155075073242,12.788055555555555
3649,364.9,-1450.6854612084603,2071.6668556115133,-1450.5262992343694,2071.645314860473,-1.5448628496970462,10.279916534605496,0,1,11.048666954040527,12.873888888888887
3650,365.0,-1451.9825402519546,2071.689119509932,-1451.6994696778752,2071.6768518784515,-1.544841720223721,10.391962714270225,0,1,11.3147611618042,12.963888888888889
3651,365.1,-1453.286339912258,2071.71138340756,-1452.9042409098051,2071.7069850327503,-1.5448522520371484,10.424680634382693,0,1,11.293235778808594,13.056111111111111
3652,365.2,-1454.5901395725616,2071.744779255188,-1454.131371154443,2071.7293527034444,-1.5466685489750671,10.025559728578484,0,1,11.457669258117676,13.113888888888889
3653,365.3,-1455.9141010832789,2071.7559112043973,-1455.3813849397989,2071.7566887252765,-1.5466994582417357,10.04730991231538,0,1,11.464859962463379,13.226944444444444
3654,365.399,-1457.2447832108057,2071.789307051235,-1456.649869986961,2071.7851291985153,-1.5467227356223818,10.17486503580463,0,1,11.820442199707031,13.31611111111111
3655,365.499,-1458.5821859551424,2071.8115709496537,-1457.949768273466,2071.812925334274,-1.5467638662585304,10.207326266761509,0,1,11.712627410888672,13.428888888888888
3656,365.6,-1459.9397505498782,2071.8115709496537,-1459.2658940439521,2071.835930581796,-1.546871151010009,10.286219894522917,0,1,11.743086814880371,13.548055555555557
3657,365.699,-1461.3040357614384,2071.8338348480725,-1460.5667509301657,2071.858131828012,-1.5469855208875354,10.291587700526005,0,1,11.632384300231934,13.688055555555556
3658,365.8,-1462.6884828234279,2071.8338348480725,-1461.9026455617204,2071.8767595152335,-1.5471599725591396,10.40319535144375,0,1,11.780088424682617,13.788055555555555
3659,365.9,-1464.0729298853869,2071.8560987457004,-1463.249399703028,2071.8958865524546,-1.5473332784214286,10.499464764021567,0,1,11.93687915802002,13.875
3660,366.002,-1465.4708181809651,2071.8672306949097,-1464.646579824949,2071.914321853204,-1.5475354318903027,10.691296691831202,0,1,12.291407585144043,14.001111111111111
3661,366.1,-1466.8821477101478,2071.8783626441195,-1466.0174561869906,2071.916962045017,-1.5506323131580082,10.170235033090655,0,1,12.233838081359863,14.133055555555554
3662,366.2,-1468.3069184729648,2071.8783626441195,-1467.4137133908416,2071.9303042715082,-1.5508110081645494,10.195669997070476,0,1,12.20254135131836,14.226111111111111
3663,366.3,-1469.745130469386,2071.8783626441195,-1468.8232039098368,2071.941167923259,-1.5510237034193637,10.305794121857708,0,1,12.385551452636719,14.401111111111112
3664,366.4,-1471.1900630826167,2071.889494593329,-1470.2571802766647,2071.952184642014,-1.5512433915877775,10.442553530039065,0,1,12.649017333984375,14.438055555555554
3665,366.5,-1472.6484369294367,2071.889494593329,-1471.724307475916,2071.9615440448724,-1.5514962590900363,10.63624273398001,0,1,13.08249568939209,14.558055555555555
3666,366.599,-1474.1202520098761,2071.9006265425382,-1473.2099830674752,2071.9712488248733,-1.5517537310067124,10.77435334819239,0,1,13.344078063964844,14.708055555555555
3667,366.7,-1475.5987877071402,2071.889494593329,-1474.7447059141386,2071.977810445256,-1.5520723134414978,10.994998462878044,0,1,13.740476608276367,14.833055555555555
3668,366.799,-1477.0907646380083,2071.9006265425382,-1476.3344321438844,2071.98589959783,-1.5523913151773336,11.646684859793272,0,1,15.394254684448242,14.923055555555555
3669,366.901,-1478.5961828024806,2071.9117584917476,-1478.0123385670934,2071.9958262688547,-1.5527145784051004,11.726834093393338,0,1,15.26533031463623,15.049999999999999
3670,367.0,-1480.108321583763,2071.9117584917476,-1479.6779983705608,2071.984258523219,-1.5565717667671553,11.492165789166606,0,1,16.678647994995117,15.10888888888889
3671,367.1,-1481.6339015986493,2071.9117584917476,-1481.3279701678857,2071.989801040735,-1.5568128008853035,11.055809968170996,0,1,15.12619686126709,15.248888888888889
3672,367.2,-1483.1662022303306,2071.9228904401657,-1482.9081259787995,2071.9952082396585,-1.5570422621299138,11.250042496867133,0,1,15.469490051269531,15.318055555555556
3673,367.3,-1484.6985028620413,2071.9340223893755,-1484.443533161327,2072.0008250841192,-1.5572605409043883,10.948724352805895,0,1,14.243256568908691,15.351944444444445
3674,367.4,-1486.2442447273565,2071.945154338585,-1485.9195582176965,2072.006328741265,-1.5574681732398141,10.939636483133047,0,1,14.008902549743652,15.495
3675,367.5,-1487.8034278262762,2071.945154338585,-1487.3854251329653,2072.0102539306095,-1.5576955334825275,10.894587338017118,0,1,13.674824714660645,15.546944444444444
