row,t,ref_E,ref_N,ekf_E,ekf_N,ekf_psi_rad,cov_trace,in_outage,gnss_used,gru_speed,ref_speed
826,82.6,7.990813381972042,45.32929665079196,7.990813381972042,45.32929665079196,0.18308503853420519,33.121846967914685,0,1,2.703502655029297,0.009999999999999998
827,82.7,7.990813381972042,45.32929665079196,8.007013758047545,45.41679127892609,0.18308503853420519,18.594236465360574,0,1,2.7171144485473633,0.019999999999999997
828,82.799,7.990813381972042,45.32929665079196,8.037976699195127,45.58401523774167,0.18308503853420519,14.966966672291303,0,1,2.702609062194824,0.016944444444444443
829,82.9,7.9975339987816545,45.318164701582546,8.066868824947779,45.72886971555387,0.18310228379576513,13.027843023095192,0,1,2.7556819915771484,0.004999999999999999
830,83.0,7.9975339987816545,45.318164701582546,8.092013998090058,45.85696241625396,0.18311972652618183,11.844011024043116,0,1,2.776228904724121,0.011111111111111112
831,83.101,7.9975339987816545,45.318164701582546,8.114662775831917,45.97360018246287,0.18313650784700428,11.108252566295842,0,1,2.781381607055664,0.01388888888888889
832,83.201,8.004254615591265,45.30703275237313,8.135743062271004,46.07415693257113,0.18318441874619573,10.63936354247928,0,1,2.8148345947265625,0.016944444444444443
833,83.3,8.004254615591265,45.30703275237313,8.15410495831821,46.16283258472854,0.18322791625921017,10.310155701969858,0,1,2.8239259719848633,0.008055555555555528
834,83.4,8.010975232385952,45.30703275237313,8.171940595943488,46.24422887345964,0.18329723133744297,10.114107855180427,0,1,2.842132568359375,0.009999999999999998
835,83.5,8.010975232385952,45.30703275237313,8.187335051765753,46.315174747505736,0.18335841556374072,9.958760997778727,0,1,2.821661949157715,0.003888888888888861
836,83.6,8.010975232385952,45.29590080316371,8.200586398575494,46.37475430469057,0.18342236533454137,9.875518787351414,0,1,2.838621139526367,0.018055555555555557
837,83.7,8.017695849195563,45.29590080316371,8.212834247485342,46.42468530266456,0.18351357385894074,9.772079870973872,0,1,2.7821130752563477,0.008055555555555528
838,83.8,8.017695849195563,45.29590080316371,8.222843923755537,46.46526722702974,0.1835914322919215,9.724999987113337,0,1,2.778614044189453,0.006944444444444445
839,83.9,8.017695849195563,45.29590080316371,8.230924584456481,46.49768436189323,0.18365735603857422,9.65573028351385,0,1,2.722024917602539,0.009999999999999998
840,84.0,8.024416466005174,45.28476885474527,8.238558327617394,46.52139406643769,0.18376356880324118,9.634179409694328,0,1,2.7240123748779297,0.0061111111111111106
841,84.1,8.024416466005174,45.28476885474527,8.245067899339702,46.541918355936446,0.18385261485286225,9.619410922210344,0,1,2.7267837524414062,0.01888888888888889
842,84.2,8.024416466005174,45.28476885474527,8.250458632295251,46.55880654062299,0.18392700330439402,9.594934035800394,0,1,2.708587646484375,0.009999999999999998
843,84.3,8.024416466005174,45.28476885474527,8.254833471953797,46.5722181050219,0.18398894668768886,9.581285322880646,0,1,2.7032556533813477,0.009999999999999998
844,84.4,8.031137082814787,45.27363690553585,8.259155650604091,46.578888545083146,0.1840926837206348,9.531079159343259,0,1,2.638273239135742,0.009999999999999998
845,84.5,8.031137082814787,45.27363690553585,8.26196600334008,46.58015782734495,0.18417830897958787,9.49563956338881,0,1,2.595261573791504,0.008888888888888889
846,84.6,8.031137082814787,45.27363690553585,8.264128269010763,46.58021926087532,0.18424891185491035,9.497581209954628,0,1,2.611721992492676,0.01888888888888889
847,84.7,8.037857699609475,45.27363690553585,8.267250014190328,46.5811377531913,0.18434681809220935,9.492580918482865,0,1,2.6150312423706055,0.006944444444444445
848,84.8,8.037857699609475,45.26250495632644,8.26990388615007,46.58023518243468,0.18443975799704648,9.485770688017928,0,1,2.6143875122070312,0.011111111111111112
849,84.899,8.037857699609475,45.26250495632644,8.271784751363073,46.57768958846485,0.18451631095660428,9.466036743682192,0,1,2.6144180297851562,0.01388888888888889
850,85.0,8.044578316419086,45.26250495632644,8.275280778957187,46.57967061016375,0.18461882921487735,9.483278951095967,0,1,2.6205673217773438,0.0030555555555555553
851,85.1,8.044578316419086,45.25137300711702,8.277773520850072,46.57711862049953,0.18471539585717123,9.466981479485732,0,1,2.6076297760009766,0.008055555555555528
852,85.2,8.051298933213776,45.25137300711702,8.280727841271988,46.57348257087337,0.18483376786677458,9.446221105291741,0,1,2.5834455490112305,0.0011111111111111111
853,85.3,8.051298933213776,45.25137300711702,8.283057469179965,46.5696985922243,0.18493120774433902,9.443213206264074,0,1,2.5889816284179688,0.008055555555555528
854,85.4,8.051298933213776,45.2402410579076,8.285056152520028,46.564905784710234,0.18502332776030678,9.436740926856121,0,1,2.5878257751464844,0.021111111111111112
855,85.5,8.058019550023387,45.2402410579076,8.28778426755028,46.5604027753867,0.18513738409925717,9.424802594113977,0,1,2.5768918991088867,0.009999999999999998
856,85.6,8.058019550023387,45.2402410579076,8.29004668900581,46.556544150796576,0.18523133210045886,9.424311499878458,0,1,2.5853757858276367,0.015
857,85.7,8.058019550023387,45.2402410579076,8.292051422151989,46.55392504511061,0.18530877917390645,9.422864353522838,0,1,2.5915470123291016,0.003888888888888861
858,85.8,8.06474016684792,45.22910910869819,8.29499300519781,46.55044959240722,0.18542194408234053,9.42221874402106,0,1,2.598621368408203,0.0061111111111111106
859,85.9,8.06474016684792,45.22910910869819,8.297389120957714,46.54720878854894,0.1855152652837334,9.408842915100761,0,1,2.583348274230957,0.008055555555555528
860,86.0,8.06474016684792,45.22910910869819,8.299191433087353,46.543430775751794,0.18559217247169152,9.397952756318194,0,1,2.5725975036621094,0.009999999999999998
861,86.1,8.071460783642609,45.22910910869819,8.30181595168455,46.54010785958044,0.18569262940081144,9.397165747959745,0,1,2.5795602798461914,0.008055555555555528
862,86.2,8.071460783642609,45.217977160279744,8.304069327298661,46.53574443249314,0.18578690829393305,9.39203996591454,0,1,2.5784082412719727,0.018055555555555557
863,86.3,8.071460783642609,45.217977160279744,8.305698807245701,46.530745358453615,0.18586458845235443,9.369799048765696,0,1,2.5467004776000977,0.0061111111111111106
864,86.4,8.078181400452221,45.217977160279744,8.308250605939769,46.526788657729206,0.1859651164895275,9.385997463628819,0,1,2.5840654373168945,0.008055555555555528
865,86.5,8.078181400452221,45.20684521107032,8.310808779926173,46.52383755235168,0.1860594550727771,9.390981591375615,0,1,2.599789619445801,0.008055555555555528
866,86.6,8.078181400452221,45.20684521107032,8.313083168342857,46.522089520045924,0.18613742356052018,9.38840813242598,0,1,2.601581573486328,0.01388888888888889
867,86.7,8.08490201724691,45.20684521107032,8.316290707475211,46.521466827976944,0.18623807532052614,9.395481112251979,0,1,2.620419502258301,0.009999999999999998
868,86.8,8.08490201724691,45.20684521107032,8.319002392938865,46.52110331084312,0.1863212857838734,9.383761355419471,0,1,2.6054039001464844,0.023055555555555555
869,86.9,8.08490201724691,45.19571326106993,8.321264305171777,46.518869588649856,0.18640126686867922,9.387140105635801,0,1,2.617847442626953,0.01888888888888889
870,87.0,8.091622634056522,45.19571326106993,8.324710501084253,46.5191597000484,0.18650341947029506,9.406494999093157,0,1,2.658135414123535,0.008888888888888889
871,87.1,8.091622634056522,45.19571326106993,8.32771870518633,46.520070950560786,0.18658797790982076,9.390224243931563,0,1,2.6341161727905273,0.008055555555555528
872,87.2,8.091622634056522,45.184581312651495,8.3301307931141,46.518383901345025,0.18666908198709706,9.391824703346936,0,1,2.642923355102539,0.016111111111111083
873,87.3,8.098343250866133,45.184581312651495,8.333343342954228,46.51722644679738,0.1867718995458212,9.387238519590483,0,1,2.6404972076416016,0.046944444444444414
874,87.4,8.098343250866133,45.184581312651495,8.335991468681065,46.51605699611502,0.18685688796385458,9.382520683182863,0,1,2.638019561767578,0.039999999999999994
875,87.5,8.098343250866133,45.184581312651495,8.338135038698663,46.51470579614513,0.18692711079761073,9.375449170457392,0,1,2.6314144134521484,0.031111111111111082
876,87.6,8.105063867675744,45.17344936423305,8.34142171823873,46.51350838578427,0.18703176930300142,9.399445527933132,0,1,2.6809864044189453,0.049999999999999996
877,87.7,8.105063867675744,45.17344936423305,8.344108415775294,46.51218163900093,0.1871183014211628,9.365008481874337,0,1,2.6234960556030273,0.016111111111111083
878,87.8,8.111784484470434,45.16231741423266,8.347109683256186,46.507100633946536,0.18723598206421854,9.36415716839525,0,1,2.628936767578125,0.008055555555555528
879,87.9,8.111784484470434,45.16231741423266,8.350191885074922,46.50587501015377,0.18733334721969203,9.398081122263218,0,1,2.6970911026000977,0.021944444444444444
880,88.0,8.111784484470434,45.16231741423266,8.353628558247236,46.509379400589815,0.18741415901002745,9.419262958062655,0,1,2.7391786575317383,0.016111111111111083
881,88.1,8.118505101280045,45.151185465814216,8.358215506598766,46.51338252913475,0.18752769501034228,9.433550346740924,0,1,2.767803192138672,0.015
882,88.2,8.118505101280045,45.151185465814216,8.362401688904226,46.51856751377544,0.18762205269732352,9.440932601246516,0,1,2.7838926315307617,0.01888888888888889
883,88.3,8.125225718089656,45.151185465814216,8.36679762221149,46.52156315812379,0.18773573379978253,9.411787651091727,0,1,2.7353858947753906,0.006944444444444445
884,88.4,8.125225718089656,45.151185465814216,8.369833478693499,46.520697938645405,0.18782967995158031,9.390189971516351,0,1,2.7018470764160156,0.01888888888888889
885,88.5,8.131946334899267,45.151185465814216,8.373404214878546,46.519363755058784,0.18794250369394455,9.396787084347675,0,1,2.7207393646240234,0.031111111111111082
886,88.6,8.131946334899267,45.151185465814216,8.376286722173639,46.517707795784005,0.18803564360402353,9.375936802490731,0,1,2.6886959075927734,0.05111111111111111
887,88.7,8.131946334899267,45.151185465814216,8.378490030859561,46.515238611120274,0.18811248252286847,9.375048433652552,0,1,2.6943435668945312,0.09111111111111109
888,88.8,8.138666951693956,45.16231741423266,8.383850808550289,46.527518818612755,0.1882005579480481,9.541521577509817,0,1,2.9937076568603516,0.10611111111111111
889,88.9,8.145387568503567,45.17344936423305,8.394530716584962,46.56615804767657,0.18829981363230786,9.761372744892649,0,1,3.340743064880371,0.1511111111111111
890,89.0,8.152108185313178,45.19571326106993,8.408671708324386,46.62351753776404,0.1883984084888225,9.88529836358991,0,1,3.514777183532715,0.19805555555555554
891,89.1,8.1655494189324,45.217977160279744,8.425962766068848,46.69176079763264,0.18853554904258307,10.056606970165213,0,1,3.7459049224853516,0.23111111111111113
892,89.199,8.172270035712167,45.25137300711702,8.444872455141372,46.771749648412126,0.1886554160509784,10.247627398124727,0,1,4.007245063781738,0.33499999999999996
893,89.3,8.185711269346312,45.28476885474527,8.468232913808757,46.87157305375479,0.18880287100873908,10.483548830065637,0,1,4.267534255981445,0.40388888888888885
894,89.399,8.205873119760223,45.32929665079196,8.49313372654186,46.972341972788456,0.18900454241442777,10.591631294874306,0,1,4.409205436706543,0.4561111111111111
895,89.5,8.212593736554913,45.373824446838654,8.519662749134813,47.08784293419378,0.18916564480634562,10.853792691466813,0,1,4.686058521270752,0.5319444444444444
896,89.601,8.239476203778436,45.44061614130418,8.553102613571196,47.22989720142287,0.18940401723600245,11.395165019571861,0,1,5.252687931060791,0.6230555555555556
897,89.7,8.25963805420727,45.51853978497912,8.593042507696284,47.40596902870404,0.18964964720425792,12.115555230361092,0,1,5.965739727020264,0.8461111111111111
898,89.8,8.279799904621182,45.6187273270729,8.641792554126132,47.63182305039562,0.18987192779518927,12.906720861667798,0,1,6.655725002288818,1.0169444444444444
899,89.9,8.320123605449004,45.752310716003954,8.698782314132574,47.89052272034415,0.19018948192597263,13.480049815066725,0,1,7.135185718536377,1.3038888888888889
900,89.999,8.367167923086438,45.90815800256286,8.761261305008903,48.16659184973788,0.19061450116456174,14.054837730151238,0,1,7.6239800453186035,1.5980555555555553
901,90.102,8.414212240738795,46.108533085959444,8.83303863167108,48.48921225976039,0.19105708479069222,14.547047878865541,0,1,8.006441116333008,1.966111111111111
902,90.2,8.474697791995453,46.33117206777485,8.90179703853766,48.78606616400579,0.1915937487412903,14.593025128348835,0,1,8.148045539855957,2.2580555555555555
903,90.301,8.535183343237186,46.576074948009094,8.974591055209729,49.09919852847278,0.19216357762664493,14.486956896616922,0,1,8.144853591918945,2.5288888888888885
904,90.399,8.609110128098145,46.86550562349906,9.043968729053594,49.386563462833756,0.19279704810036782,14.214891745697436,0,1,8.068708419799805,2.8738888888888883
905,90.501,8.68975752975379,47.16606824898941,9.118896099459814,49.6906180322463,0.19352138858430587,13.902819815900653,0,1,7.899348258972168,3.1230555555555557
906,90.6,8.777125548233968,47.4888947728986,9.190045429013,49.963923012184374,0.19432526811683762,13.504426561376228,0,1,7.702744483947754,3.3119444444444444
907,90.7,8.864493566714149,47.845117142854086,9.26074300521402,50.23239623813624,0.19511723117831287,12.936074670413817,0,1,7.299071788787842,3.5680555555555555
908,90.799,8.96530281881355,48.201339513600544,9.313860078983918,50.39779760942049,0.1959899048896096,10.846341867234559,0,1,4.953221321105957,3.69
909,90.899,9.059391454073497,48.57982578197487,9.347815894274415,50.46758784593628,0.19679212973790286,10.15205937595827,0,1,4.002458572387695,3.9019444444444447
910,90.999,9.160200706157976,48.969443999558614,9.378343039431421,50.517681466967915,0.1975563789873036,9.658189422928308,0,1,3.2012205123901367,4.0
911,91.099,9.267730575052068,49.38132611556118,9.415119537636762,50.5953579328836,0.1982943628122304,9.568377011589346,0,1,3.234015464782715,4.2219444444444445
912,91.2,9.375260443946159,49.80434018077317,9.469190645326751,50.75793142105015,0.19899893732378832,9.771278192843312,0,1,3.830693244934082,4.365
913,91.3,9.489510929634939,50.24961814361301,9.538692685085337,50.99395528436516,0.19969388150945497,9.782174086534038,0,1,3.966520309448242,4.513888888888888
914,91.4,9.597040798543953,50.706028056453256,9.616914050079759,51.2782769505771,0.20033042473321494,9.823087272590275,0,1,4.128293037414551,4.646111111111111
915,91.5,9.718011901042344,51.184701866130375,9.707803206632448,51.621315520031224,0.2009747626093884,10.058350102071337,0,1,4.623710632324219,4.878055555555555
916,91.6,9.845703620350346,51.67450762580789,9.811414258373615,52.01967610902516,0.20165460611807987,10.196693306082214,0,1,4.8935675621032715,5.038888888888889
917,91.7,9.966674722848738,52.19770923232269,9.926490898342411,52.479627758248945,0.2022979882250653,10.649293943143396,0,1,5.629297733306885,5.246944444444444
918,91.8,10.107807675775963,52.709778889628055,10.065020859728676,53.03842381427954,0.20305549612922186,11.757985999056196,0,1,7.101398468017578,5.285
919,91.9,10.235499395069043,53.26637634456207,10.223896152644928,53.70169043378721,0.2037998749474078,12.742294319251242,0,1,8.191251754760742,5.681111111111112
920,92.0,10.38335296480588,53.82297379791413,10.392263594657095,54.39725170641709,0.20466138532415448,12.870903296372214,0,1,8.321044921875,5.74
921,92.099,10.531206534527794,54.412967099685424,10.566651678953518,55.116086306547274,0.20557811946392726,13.877497763095919,0,1,9.358504295349121,6.001944444444444
922,92.201,10.692501337854008,55.02522429908457,10.764725836281787,55.93413370000736,0.20662168325418848,15.261261991266451,0,1,10.613563537597656,6.216944444444445
923,92.3,10.847075524385534,55.637481498483716,10.974361948214286,56.800677318412745,0.2077230568485656,16.82985252310977,0,1,11.990499496459961,6.345
924,92.4,11.028532178140582,56.272002596301704,11.207181929354677,57.7490196606485,0.20906278513510201,18.43847394566012,0,1,13.32690143585205,6.54611111111111
925,92.5,11.189826981481719,56.91765564253813,11.59260531540311,58.72129472996952,0.24166272422583734,13.82816405486662,0,1,14.5114164352417,6.673055555555556
926,92.6,11.364563018427155,57.58557258719338,11.958884498745645,60.20830367458252,0.24166272422583734,16.945166282048344,1,0,16.110130310058594,6.871111111111111
927,92.7,11.552740288991815,58.25348953263961,12.350556892985516,61.79736907032945,0.24166272422583734,19.598781237376446,1,0,16.622337341308594,6.936111111111111
928,92.8,11.73419694274686,58.95480232413215,12.756165038502655,63.44297360553097,0.24166272422583734,22.551326597210913,1,0,17.274755477905273,7.188888888888888
929,92.9,11.929094830106212,59.6672470648341,13.171791193445303,65.12922249644012,0.24166272422583734,25.298619268105426,1,0,17.459552764892578,7.325
930,93.0,12.123992717465558,60.39082375474547,13.592415763190393,66.83575060057176,0.24166272422583734,28.258770478233902,1,0,17.69247817993164,7.485
931,93.1,12.325611221649442,61.114400445447814,14.01744726473506,68.56015819513242,0.24166272422583734,31.308811983498654,1,0,17.827844619750977,7.473055555555555
932,93.2,12.527229725818401,61.83797713535918,14.440533988607218,70.27667557596534,0.24166272422583734,34.11743372171014,1,0,17.529951095581055,7.574999999999999
933,93.3,12.73556884678205,62.56155382606151,14.85134657289149,71.9433951901736,0.24166272422583734,36.648225544470115,1,0,16.802082061767578,7.546111111111111
934,93.4,12.950628584570232,63.2962624651823,15.248941260308552,73.55648809281084,0.24166272422583734,39.5965157374447,1,0,16.425317764282227,7.606111111111112
935,93.5,13.15896770553388,64.01983915509366,15.626528480550713,75.08840812186357,0.24166272422583734,41.80938613326468,1,0,15.130037307739258,7.613888888888889
936,93.6,13.374027443336987,64.77681169263329,15.98719965436084,76.55169756981506,0.24166272422583734,45.08842115024882,1,0,15.011626243591309,7.771944444444444
937,93.7,13.602528414729466,65.5226522809635,16.334798702330904,77.96195171804467,0.24166272422583734,47.716701799578104,1,0,14.037586212158203,7.81
938,93.8,13.831029386121951,66.25736092008427,16.664936551723187,79.30136353263967,0.24166272422583734,50.77643336467646,1,0,13.552375793457031,7.7938888888888895
939,93.9,14.052809740704822,67.01433345762389,16.97889668139843,80.57514025279731,0.24166272422583734,53.56307672668809,1,0,12.68559741973877,7.816111111111112
940,94.0,14.281310712097305,67.78243794358195,17.26926269650298,81.75319260851425,0.24166272422583734,56.162724586275935,1,0,11.580591201782227,7.991944444444444
941,94.1,14.523252917109009,68.55054243033098,17.541248553029366,82.85667429140757,0.24166272422583734,59.227512414184474,1,0,11.149548530578613,8.056944444444444
942,94.2,14.758474505296181,69.31864691708002,17.801306849885425,83.911764327081,0.24166272422583734,62.204534209479974,1,0,10.583792686462402,8.016944444444444
943,94.3,15.013857943912184,70.08675140303808,18.05305382459319,84.93313425734749,0.24166272422583734,65.48760193424603,1,0,10.454962730407715,8.151944444444444
944,94.4,15.262520765733504,70.86598783899653,18.306625150979386,85.96190581755906,0.24166272422583734,69.12883191918426,1,0,10.736255645751953,8.151944444444444
945,94.5,15.511183587539897,71.6340923249546,18.552015897244694,86.95748770962344,0.24166272422583734,71.94891679795259,1,0,9.771303176879883,8.128888888888888
946,94.6,15.759846409346288,72.42446071012246,18.77226329810749,87.85105980804386,0.24166272422583734,74.5856328271928,1,0,8.635000228881836,8.256944444444445
947,94.7,16.021950464771905,73.19256519608051,18.973579077664176,88.66782387826176,0.24166272422583734,77.55584715241302,1,0,8.189167976379395,8.094999999999999
948,94.8,16.28405452019752,73.97180163203898,19.165851039655173,89.44789601473495,0.24166272422583734,80.57748391611307,1,0,7.879199028015137,8.22888888888889
949,94.9,16.55287919241783,74.75103806720645,19.36734349269255,90.26537687203982,0.24166272422583734,84.51499390716822,1,0,8.959733963012695,8.218055555555555
950,95.0,16.808262631048756,75.53027450316489,19.590017238266103,91.1687929637432,0.24166272422583734,88.51615775477697,1,0,9.649341583251953,8.243055555555555
951,95.1,17.08380792006375,76.29837898912295,19.825087386679787,92.12250285984712,0.24166272422583734,92.48829741355277,1,0,9.99571418762207,8.143055555555556
952,95.2,17.352632592298978,77.0776154250814,20.066572179215306,93.10223779409503,0.24166272422583734,96.48824564453798,1,0,10.185420036315918,8.218055555555555
953,95.301,17.628177881328895,77.85685186024888,20.315365555840753,94.11162459617945,0.24166272422583734,100.67538082041918,1,0,10.400639533996582,8.276111111111112
954,95.399,17.903723170358813,78.62495634699792,20.559778145876873,95.10323798232334,0.24166272422583734,104.71480946253806,1,0,10.44202709197998,8.16
955,95.5,18.18598907619834,79.39306083374694,20.8166562058509,96.1454253869872,0.24166272422583734,109.28106358102877,1,0,10.81298828125,8.185
956,95.6,18.468254982052787,80.16116532049598,21.063285629266147,97.14603275193252,0.24166272422583734,112.71894071610537,1,0,9.798088073730469,8.171944444444444
957,95.699,18.743800271067784,80.91813785724463,21.295277160458024,98.08725230108865,0.24166272422583734,116.83375233773037,1,0,9.785520553588867,8.094999999999999
958,95.8,19.02606617690731,81.67511039478424,21.53383343736461,99.05510586990137,0.24166272422583734,121.27006981139323,1,0,9.953484535217285,8.125
959,95.9,19.30833208274684,82.45434682995172,21.772595139472283,100.02379287523722,0.24166272422583734,125.67430282510026,1,0,10.000078201293945,8.168055555555556
960,96.0,19.583877371791676,83.21131936749134,22.0074865717394,100.97677769689538,0.24166272422583734,129.78690343305556,1,0,9.63004207611084,8.07
961,96.1,19.859422660821597,83.96829190503095,22.241236496129805,101.92513127394062,0.24166272422583734,134.46446497307053,1,0,9.904681205749512,8.03888888888889
962,96.2,20.134967949851514,84.71413249336116,22.47547103443993,102.87545099213202,0.24166272422583734,138.82427900614263,1,0,9.670541763305664,7.993055555555555
963,96.3,20.403792622071816,85.44884113248193,22.70549420053181,103.80868463032634,0.24166272422583734,143.29936141304267,1,0,9.552732467651367,7.858888888888889
964,96.4,20.679337911116654,86.18354977160273,22.930314263006906,104.720808606391,0.24166272422583734,147.6256137575707,1,0,9.235713005065918,7.858888888888889
965,96.5,20.94144196652735,86.92939035993292,23.15646762713145,105.63834195912962,0.24166272422583734,152.63192959731063,1,0,9.66415786743164,7.873888888888889
966,96.6,21.20354602196789,87.6640989990537,23.392595876467286,106.59634470707945,0.24166272422583734,157.85561742254507,1,0,10.069324493408203,7.756944444444445
967,96.7,21.458929460568974,88.36541179133722,23.632533184136744,107.56980129573226,0.24166272422583734,162.8034960821423,1,0,9.982484817504883,7.511111111111111
968,96.8,21.71431289918498,89.08898848124858,23.865769144123526,108.51606965293445,0.24166272422583734,167.41157347565348,1,0,9.509285926818848,7.6930555555555555
969,96.9,21.969696337800983,89.79030127432307,24.096105180440226,109.45057264596443,0.24166272422583734,172.6547769982245,1,0,9.740135192871094,7.453888888888889
970,97.0,22.218359159607378,90.4916140658156,24.32625207046168,110.38430824809086,0.24166272422583734,177.57056969547477,1,0,9.493478775024414,7.471111111111111
971,97.1,22.467021981428694,91.19292685730814,24.551074015841042,111.29643986334086,0.24166272422583734,182.52702354736613,1,0,9.295124053955078,7.4030555555555555
972,97.2,22.715684803250006,91.86084380196338,24.776128060556683,112.20951313551917,0.24166272422583734,187.9206860858699,1,0,9.5128755569458,7.233055555555556
973,97.3,22.950906391437183,92.53989269582807,25.005090318487273,113.13844253253652,0.24166272422583734,193.3702298562993,1,0,9.621737480163574,7.208055555555556
974,97.4,23.192848596433965,93.21894158969275,25.230520761477504,114.05304290103808,0.24166272422583734,198.39484357589086,1,0,9.217718124389648,7.12
975,97.5,23.42807018465098,93.87572658592956,25.450557014593674,114.9457583458304,0.24166272422583734,203.7208394728816,1,0,9.170939445495605,7.028888888888888
976,97.6,23.65657115602854,94.52137963216599,25.670073631770247,115.83636556062707,0.24166272422583734,209.16053253917588,1,0,9.174291610717773,6.906944444444444
977,97.7,23.885072127421022,95.16703267919337,25.89001191680534,116.72868353628493,0.24166272422583734,214.71320514942792,1,0,9.206178665161133,6.91
978,97.8,24.113573098813504,95.80155377622039,26.101853838893526,117.58815352372727,0.24166272422583734,219.56217392035882,1,0,8.49767017364502,6.715
979,97.9,24.348794687015598,96.41381097641052,26.30471718319706,118.41119626362693,0.24166272422583734,224.88954826265913,1,0,8.455829620361328,6.635
980,98.0,24.577295658423,97.03720012422811,26.507521860767312,119.23400098502667,0.24166272422583734,230.35189049769153,1,0,8.492767333984375,6.635
981,98.1,24.78563477938665,97.67172122204609,26.708199563998367,120.0481762973341,0.24166272422583734,235.63350587050073,1,0,8.278076171875,6.659999999999999
982,98.199,25.007415133969523,98.28397842144523,26.89357103630025,120.80025225756424,0.24166272422583734,240.12804041519738,1,0,7.370091438293457,6.523888888888889
983,98.299,25.215754254948095,98.89623562084438,27.068627433137646,121.51047862687042,0.24166272422583734,245.1267483978843,1,0,7.259552955627441,6.493888888888889
984,98.399,25.430813992736276,99.4973608710341,27.245175147235344,122.22675546255432,0.24166272422583734,250.46899495459166,1,0,7.494722366333008,6.3999999999999995
985,98.499,25.639153113714848,100.10961807043326,27.431049046073888,122.98086983201384,0.24166272422583734,256.3213226327852,1,0,8.038951873779297,6.416944444444444
986,98.6,25.834051001074197,100.710743320623,27.624427820691178,123.76543244999627,0.24166272422583734,261.910738283049,1,0,7.961904048919678,6.345
987,98.699,26.042390122052765,101.31186857081273,27.82291605056898,124.57072478665432,0.24166272422583734,268.442088343891,1,0,8.793517112731934,6.3469444444444445
988,98.8,26.237288009412115,101.91299382100246,28.038048654885312,125.44354549611346,0.24166272422583734,274.9176038347871,1,0,9.007328987121582,6.351944444444444
989,98.9,26.438906513581074,102.5141190711922,28.26017794441721,126.34475265946749,0.24166272422583734,281.9609006514436,1,0,9.556245803833008,6.271944444444444
990,99.0,26.63380440095535,103.09298042375406,28.49435027841628,127.29482000674987,0.24166272422583734,289.3123215356057,1,0,10.013778686523438,6.161944444444445
991,99.1,26.835422905124304,103.66070982710653,28.733434025627826,128.26481359058846,0.24166272422583734,296.34585729042124,1,0,9.966697692871094,6.076944444444444
992,99.2,27.030320792453807,104.25070312729586,28.97924494483976,129.26210017846375,0.24166272422583734,304.3917047525997,1,0,10.57597541809082,6.1611111111111105
993,99.3,27.20505682942909,104.82956447985774,29.241987201948888,130.32807938688572,0.24166272422583734,313.26127425040465,1,0,11.381667137145996,6.048055555555556
994,99.4,27.393234100008677,105.38616193400078,29.51726936202864,131.44493459823693,0.24166272422583734,321.90631909615865,1,0,11.623948097229004,5.963888888888889
995,99.5,27.601573221002166,105.94275938735285,29.79430498529288,132.5689038357747,0.24166272422583734,330.3067328377973,1,0,11.528205871582031,5.986111111111112
996,99.599,27.79647110833167,106.49935684228686,30.07023254425597,133.68837751359698,0.24166272422583734,339.25380793528956,1,0,11.764270782470703,5.8788888888888895
997,99.699,27.991368995705937,107.06708624484834,30.35390176488281,134.83926011080283,0.24166272422583734,348.5065351208168,1,0,11.942259788513184,5.961111111111111
998,99.799,28.179546266255677,107.60141980136352,30.639148631079117,135.99654341946564,0.24166272422583734,357.6564330235744,1,0,11.896116256713867,5.721111111111111
999,99.9,28.367723536820336,108.14688530550617,30.923387124540398,137.14973562994842,0.24166272422583734,366.64802036438005,1,0,11.62279987335205,5.830000000000001
1000,100.0,28.555900807370072,108.7034827596492,31.1987532279171,138.26693141007686,0.24166272422583734,375.59576914900947,1,0,11.389830589294434,5.861111111111112
1001,100.1,28.737357461125125,109.24894826458284,31.470073791592146,139.3677139141063,0.24166272422583734,384.75973453735054,1,0,11.284709930419922,5.731944444444445
1002,100.2,28.92553473168978,109.78328182030702,31.737197452883247,140.4514690441218,0.24166272422583734,393.76645602255434,1,0,11.039091110229492,5.626111111111111
1003,100.3,29.113712002254438,110.31761537603124,31.998354441513435,141.51101661396038,0.24166272422583734,402.73929521588275,1,0,10.7860689163208,5.6738888888888885
1004,100.4,29.29516865600949,110.85194893175546,32.24975629698105,142.53098635097862,0.24166272422583734,411.17237330323815,1,0,10.223844528198242,5.683888888888888
1005,100.5,29.483345926559227,111.37515053906121,32.49170260647685,143.51259371903072,0.24166272422583734,419.88446156022286,1,0,9.995859146118164,5.5488888888888885
1006,100.6,29.671523197123882,111.89835214478504,32.724936341213095,144.45885304810463,0.24166272422583734,428.12717392442204,1,0,9.495725631713867,5.6
1007,100.7,29.84625923406932,112.4326857013002,32.948800287709645,145.36709793838696,0.24166272422583734,436.4619074824113,1,0,9.21281623840332,5.5761111111111115
1008,100.8,30.034436504633984,112.94475535860559,33.16929555865861,146.26167567770108,0.24166272422583734,445.1294266072132,1,0,9.214201927185059,5.48
1009,100.9,30.20917254157942,113.45682501591097,33.388966288698974,147.15290814825357,0.24166272422583734,453.7936023772778,1,0,9.143908500671387,5.443888888888888
1010,101.0,30.390629195319544,113.9688946740073,33.60416443634327,148.02599477544376,0.24166272422583734,462.1484127474508,1,0,8.840423583984375,5.411944444444445
1011,101.1,30.572085849089515,114.46983238210326,33.8077132947491,148.85181873442926,0.24166272422583734,469.82678642186653,1,0,8.170365333557129,5.438055555555556
1012,101.2,30.753542502844564,114.97077009178118,33.99478965050587,149.61081162662035,0.24166272422583734,477.05108103027436,1,0,7.463799476623535,5.34
1013,101.299,30.92827853979,115.48283974829556,34.17529232205887,150.34313423455245,0.24166272422583734,485.13547645028285,1,0,7.773367404937744,5.361111111111112
1014,101.4,31.10301457673544,115.9837774571825,34.36270316931633,151.1034842018827,0.24166272422583734,493.224434691024,1,0,7.733680725097656,5.288888888888889
1015,101.5,31.277750613680876,116.47358321686002,34.55716415019597,151.89243747018375,0.24166272422583734,502.5109335764171,1,0,8.517624855041504,5.279999999999999
1016,101.6,31.45248665062631,116.97452092495598,34.76966117462921,152.75456529229228,0.24166272422583734,512.5508155826674,1,0,9.240971565246582,5.223888888888889
1017,101.7,31.63394330438136,117.46432668463348,34.99694867477489,153.6766999810754,0.24166272422583734,523.035216325474,1,0,9.753680229187012,5.231944444444444
1018,101.8,31.808679341341715,117.95413244431099,35.238039278443075,154.65483564027178,0.24166272422583734,534.3754989794467,1,0,10.394511222839355,5.211111111111111
1019,101.9,31.983415378272227,118.43280625557006,35.49028199332322,155.67821685232582,0.24166272422583734,545.8194247154067,1,0,10.685673713684082,5.1561111111111115
1020,102.0,32.14471018161337,118.91148006524719,35.75014535823264,156.73251602396218,0.24166272422583734,557.8064129792077,1,0,11.031376838684082,5.103055555555555
1021,102.1,32.32616683536841,119.41241777334315,36.01952441934745,157.82542160181654,0.24166272422583734,570.513708267828,1,0,11.480910301208496,5.216944444444444
1022,102.2,32.50090287232878,119.89109158381123,36.294117984208754,158.93948309359646,0.24166272422583734,582.881477083679,1,0,11.467158317565918,5.2011111111111115
1023,102.299,32.67563890925929,120.36976539427934,36.56664562807383,160.04516287756718,0.24166272422583734,595.4703475866202,1,0,11.538313865661621,5.098888888888889
1024,102.4,32.843654329410036,120.85957115316589,36.84313704771969,161.16692421086938,0.24166272422583734,608.0034344777347,1,0,11.339581489562988,5.143055555555556
1025,102.5,33.018390366355476,121.32711301521553,37.11046879846434,162.2515235866237,0.24166272422583734,620.1067059749153,1,0,11.001609802246094,5.02
1026,102.6,33.17968516969661,121.79465487726519,37.37374478476643,163.31966820318706,0.24166272422583734,632.7539462157289,1,0,11.00063705444336,5.008055555555555
1027,102.7,33.35442120664205,122.26219673852388,37.63560911777728,164.38208556036503,0.24166272422583734,645.3310681436984,1,0,10.883636474609375,5.026111111111112
1028,102.8,33.52915724357256,122.74087054899196,37.898759919472525,165.44972228684028,0.24166272422583734,658.6822848791743,1,0,11.108148574829102,5.0
1029,102.9,33.69717266372331,123.19728046104122,38.167904884231405,166.54167810560023,0.24166272422583734,672.5730496899358,1,0,11.384574890136719,4.938888888888889
1030,103.0,33.871908700683676,123.66482232229991,38.442740510704375,167.656721672544,0.24166272422583734,686.7890381507916,1,0,11.583723068237305,4.948888888888889
1031,103.1,34.04664473762911,124.14349613276802,38.72435994465663,168.79928802096347,0.24166272422583734,701.8171555817135,1,0,11.951504707336426,5.133055555555555
1032,103.2,34.22138077455962,124.62216994244514,39.002562135542064,169.92799017372815,0.24166272422583734,715.1150817862647,1,0,11.298140525817871,5.078055555555555
1033,103.3,34.4028374283296,125.11197570212265,39.26582613972591,170.9960861772931,0.24166272422583734,728.0575073328145,1,0,10.703104972839355,5.226111111111111
1034,103.4,34.591014698879334,125.60178146180016,39.51814647590923,172.0197823089806,0.24166272422583734,741.1307891943137,1,0,10.383566856384277,5.228888888888889
1035,103.5,34.76575073583969,126.09158722147768,39.77391329152788,173.05746125203905,0.24166272422583734,756.0393916935938,1,0,10.991130828857422,5.263055555555555
1036,103.6,34.95392800640435,126.5925249303646,40.03416444343,174.1133337254962,0.24166272422583734,769.9671762374359,1,0,10.75832748413086,5.336944444444445
1037,103.7,35.14210527693917,127.10459458766998,40.28798181405578,175.14310351890649,0.24166272422583734,783.6436656607705,1,0,10.453453063964844,5.441111111111112
1038,103.8,35.33700316431343,127.62779619418478,40.54627645722099,176.19103818419532,0.24166272422583734,799.3579656173589,1,0,11.132497787475586,5.561944444444444
1039,103.9,35.53862166848239,128.15099780069957,40.81979996186497,177.30075830372712,0.24166272422583734,815.9607799558111,1,0,11.726144790649414,5.661944444444444
1040,104.0,35.72007832223744,128.68533135642377,41.10655374489837,178.46415536826171,0.24166272422583734,833.3654430442481,1,0,12.238165855407715,5.575
1041,104.1,35.91497620961171,129.2419288105668,41.39890923668233,179.6502792873397,0.24166272422583734,850.245389624457,1,0,12.19428539276123,5.843055555555556
1042,104.199,36.11659471378068,129.78739431550045,41.694512121241175,180.84957829754202,0.24166272422583734,868.7270676634508,1,0,12.759087562561035,5.888888888888888
1043,104.3,36.33165445155393,130.34399176964348,42.005814804238085,182.1125734139418,0.24166272422583734,887.7219280358922,1,0,12.99921703338623,5.995
1044,104.399,36.53999357253251,130.93398507062378,42.315108180492246,183.36741651385714,0.24166272422583734,906.5787707510146,1,0,13.109841346740723,6.223888888888888
1045,104.499,36.76849454392499,131.5239783716041,42.63170261880484,184.65188096375752,0.24166272422583734,926.4165081992062,1,0,13.348283767700195,6.333888888888889
1046,104.599,36.990274898507856,132.1139716733754,42.94901197876145,185.93924594293154,0.24166272422583734,945.6813812163462,1,0,13.169588088989258,6.2780555555555555
1047,104.7,37.212055253105646,132.7484927704024,43.25680867227683,187.1880168080313,0.24166272422583734,963.261267713246,1,0,12.29861831665039,6.646111111111111
1048,104.8,37.44055622449813,133.37188191901097,43.55261185311953,188.38812844607833,0.24166272422583734,982.4540317044763,1,0,12.42195987701416,6.6480555555555565
1049,104.9,37.69593966311413,134.00640301682895,43.849162934960276,189.59127441488982,0.24166272422583734,1001.5692251634636,1,0,12.36112117767334,6.878055555555555
1050,105.0,37.93788186811092,134.65205606306537,44.1453106644661,190.79278393128052,0.24166272422583734,1021.0964841032297,1,0,12.388251304626465,6.851111111111111
1051,105.101,38.166382839503406,135.30884105930218,44.4467002108999,192.01556017469505,0.24166272422583734,1041.5032398931517,1,0,12.5498046875,6.921944444444445
1052,105.199,38.4150456613098,135.98788995316687,44.75354954702283,193.26048748872537,0.24166272422583734,1064.4900000302343,1,0,13.617253303527832,7.201944444444444
1053,105.3,38.68387033354503,136.66693884624055,45.08801545734777,194.6174588044747,0.24166272422583734,1088.2459511842978,1,0,14.057660102844238,7.328055555555555
1054,105.4,38.93925377217595,137.3905155369429,45.426358855313076,195.99016158744598,0.24166272422583734,1111.919148070862,1,0,14.218048095703125,7.578888888888889
1055,105.5,39.19463721077704,138.12522417606368,45.76509840493072,197.36447160874056,0.24166272422583734,1135.2650602913848,1,0,14.090766906738281,7.76888888888889
1056,105.6,39.470182499806945,138.84880086597505,46.097512662794074,198.71311910596512,0.24166272422583734,1157.8793323769062,1,0,13.689436912536621,7.768055555555556
1057,105.7,39.73900717204218,139.59464145430525,46.4268737171661,200.0493793630227,0.24166272422583734,1181.9331006193315,1,0,13.835607528686523,7.9561111111111105
1058,105.8,40.01455246107209,140.36274594105427,46.75600659777201,201.38471388969614,0.24166272422583734,1205.5546041702917,1,0,13.670368194580078,8.091944444444444
1059,105.901,40.283377133307326,141.13085042780332,47.08490832448786,202.71911059523853,0.24166272422583734,1229.6028089009599,1,0,13.544144630432129,8.18611111111111
1060,106.001,40.572363655941544,141.9212188121802,47.41312991364906,204.05074789504195,0.24166272422583734,1255.0475317888936,1,0,13.885673522949219,8.32388888888889
1061,106.1,40.861350178605605,142.68932329892925,47.74223570976074,205.38597253643076,0.24166272422583734,1280.0716279231885,1,0,13.895853996276855,8.281944444444445
1062,106.199,41.150336701224894,143.50195558172499,48.07105482239594,206.72003406599777,0.24166272422583734,1305.3023806744607,1,0,13.861473083496094,8.555
1063,106.3,41.432602607079346,144.29232396610186,48.406445989381524,208.08075926729845,0.24166272422583734,1331.5461999641316,1,0,13.889999389648438,8.39611111111111
1064,106.399,41.714868512918876,145.116088198107,48.739134233099556,209.43051836045623,0.24166272422583734,1358.605970133186,1,0,14.193941116333008,8.62
1065,106.5,42.003855035553094,145.89532463327447,49.0873389796576,210.84322990594072,0.24166272422583734,1387.5692168393518,1,0,14.617773056030273,8.411944444444444
1066,106.602,42.292841558187305,146.69682496765176,49.449218059853344,212.3114199858155,0.24166272422583734,1418.0011312523075,1,0,15.031844139099121,8.45888888888889
1067,106.701,42.56838684724707,147.50945724965652,49.821419061525326,213.82148743176643,0.24166272422583734,1452.4023580824899,1,0,16.3875732421875,8.615
1068,106.8,42.864093986705825,148.2998256348244,50.20226547476067,215.36663042695028,0.24166272422583734,1482.176674504596,1,0,15.761648178100586,8.47888888888889
1069,106.9,43.153080509325115,149.12358986603857,50.56449023861145,216.83622298997722,0.24166272422583734,1509.2691822733684,1,0,14.50985050201416,8.678055555555556
1070,107.0,43.435346415164645,149.92509020041587,50.903993482800104,218.21363141859783,0.24166272422583734,1536.7237571896048,1,0,13.862787246704102,8.485
1071,107.1,43.724332937813784,150.74885443163,51.244149683964075,219.59368897784302,0.24166272422583734,1568.188600048289,1,0,14.56441879272461,8.696111111111112
1072,107.2,44.013319460448,151.56148671442574,51.59744725620015,221.0270627736432,0.24166272422583734,1600.3748687533866,1,0,14.96102523803711,8.633055555555556
1073,107.3,44.30902659990675,152.36298704880303,51.94116753273145,222.42158024611524,0.24166272422583734,1627.7964327517723,1,0,13.764034271240234,8.57
1074,107.4,44.591292505746274,153.1533554331799,52.25636307585585,223.70036919789902,0.24166272422583734,1653.4217153081995,1,0,12.577183723449707,8.43
1075,107.5,44.88027902839542,153.94372381755682,52.54993154599899,224.89141432655092,0.24166272422583734,1679.0053032450398,1,0,11.956637382507324,8.453888888888889
1076,107.6,45.16926555102964,154.74522415114313,52.833844037860906,226.0432839065187,0.24166272422583734,1705.055161792281,1,0,11.770223617553711,8.473888888888888
1077,107.7,45.458252073648936,155.5467244855204,53.11806055600323,227.19638696029952,0.24166272422583734,1732.3147121443442,1,0,11.98204517364502,8.52
1078,107.8,45.74723859632792,156.33709287068828,53.4039905741128,228.35644190434274,0.24166272422583734,1759.3568166715063,1,0,11.913422584533691,8.44111111111111
1079,107.9,46.04294573578666,157.1274612542742,53.68853019863236,229.51085584234917,0.24166272422583734,1786.5988177478516,1,0,11.865848541259766,8.45111111111111
1080,108.0,46.331932258420885,157.9289615878605,53.97261085096524,230.66340767102602,0.24166272422583734,1814.2069674533486,1,0,11.875065803527832,8.42388888888889
1081,108.1,46.62763939786471,158.71932997302838,54.250319230228754,231.790106366381,0.24166272422583734,1840.23782918799,1,0,11.333311080932617,8.498888888888889
1082,108.2,46.91662592051385,159.50969835740526,54.519970616362535,232.88411680194406,0.24166272422583734,1866.7222957359509,1,0,11.20173454284668,8.405000000000001
1083,108.3,47.20561244314807,160.30006674178216,54.79587423756388,234.003493361181,0.24166272422583734,1895.847939678464,1,0,11.855816841125488,8.381944444444445
1084,108.4,47.49459896581212,161.09043512695004,55.08263753782267,235.16692903832592,0.24166272422583734,1925.3880155472154,1,0,12.109289169311523,8.453888888888889
1085,108.5,47.79030610525596,161.88080351132692,55.3731985076969,236.34577235067596,0.24166272422583734,1955.133028669119,1,0,12.173192024230957,8.375
1086,108.6,48.086013244699785,162.66003994649438,55.66425508080498,237.52662638923627,0.24166272422583734,1985.0125090775623,1,0,12.150707244873047,8.408055555555555
1087,108.7,48.36827915053931,163.45040833166226,55.95396424759871,238.70201382667884,0.24166272422583734,2014.8917228693751,1,0,12.060587882995605,8.363888888888889
1088,108.8,48.657265673188455,164.24077671603916,56.24038705029145,239.86406806130316,0.24166272422583734,2044.51097769831,1,0,11.876062393188477,8.36
1089,108.9,48.94625219583759,165.0200131519976,56.51592072073902,240.98194368263995,0.24166272422583734,2072.0604564444657,1,0,11.150571823120117,8.34
1090,109.0,49.241959335281415,165.79924958795604,56.775068696131285,242.033340426781,0.24166272422583734,2098.4859477946193,1,0,10.506692886352539,8.313055555555556
1091,109.1,49.52422524113587,166.57848602312353,57.02380520356943,243.04249650324127,0.24166272422583734,2125.0309902274967,1,0,10.280474662780762,8.348055555555556
1092,109.2,49.813211763755156,167.357722458291,57.26461218479293,244.0194814696165,0.24166272422583734,2150.5506936698876,1,0,9.844014167785645,8.301944444444445
1093,109.299,50.0887570528,168.1480908426679,57.49231086365077,244.94328436344182,0.24166272422583734,2174.869042862896,1,0,9.377212524414062,8.296944444444444
1094,109.4,50.37774357544915,168.91619532941692,57.71012760897902,245.82699497901143,0.24166272422583734,2197.9254508470617,1,0,8.645729064941406,8.283055555555556
1095,109.5,50.666730098083356,169.6954317653754,57.90870550875045,246.6326511179877,0.24166272422583734,2219.259861736218,1,0,7.949631690979004,8.30111111111111
1096,109.6,50.93555477030366,170.4858001497523,58.09560274325092,247.39091729215062,0.24166272422583734,2240.248702815752,1,0,7.6695637702941895,8.266944444444444
1097,109.7,51.22454129296772,171.25390463571034,58.25929442045249,248.0550355288152,0.24166272422583734,2256.9250870605892,1,0,6.010319232940674,8.219999999999999
1098,109.801,51.50680719880726,172.03314107166878,58.40352015957468,248.64017794524688,0.24166272422583734,2273.922738701976,1,0,5.923437595367432,8.266111111111112
1099,109.899,51.782352487837166,172.80124555841783,58.53568008729207,249.17636780934924,0.24166272422583734,2289.0496706790263,1,0,5.346707344055176,8.21
1100,110.0,52.064618393661775,173.5804819935853,58.64928381651937,249.63727278401117,0.24166272422583734,2301.6706282448536,1,0,4.053274154663086,8.236944444444443
1101,110.099,52.35360491631092,174.34858648033435,58.74250339557929,250.01547663362814,0.24166272422583734,2313.1847587195643,1,0,3.8158740997314453,8.196944444444444
1102,110.2,52.62242958854614,175.1166909662924,58.82551200426855,250.35225326010752,0.24166272422583734,2323.2873237476415,1,0,3.0525569915771484,8.168888888888889
1103,110.3,52.89797487757606,175.89592740225083,58.89962947359695,250.65295738800162,0.24166272422583734,2333.05068834331,1,0,3.14151668548584,8.191111111111113
1104,110.4,53.180240783430506,176.65289993979047,58.97413274430989,250.95522676184825,0.24166272422583734,2342.780400112173,1,0,3.084798812866211,8.105
1105,110.5,53.4423448388412,177.42100442574852,59.04597954517244,251.24671849505393,0.24166272422583734,2352.1682702911935,1,0,2.9195127487182617,8.125
1106,110.6,53.72461074468073,178.1779769640791,59.11715931862939,251.53550401208548,0.24166272422583734,2361.684026020256,1,0,3.029054641723633,8.12111111111111
1107,110.7,54.00015603369573,178.93494950082777,59.19284652532918,251.8425767668575,0.24166272422583734,2371.8340546198606,1,0,3.29620361328125,8.043055555555554
1108,110.8,54.26898070593096,179.7030539875768,59.27122964016569,252.16058716848227,0.24166272422583734,2382.0869810094864,1,0,3.254354476928711,8.128055555555555
1109,110.9,54.53780537816619,180.47115847353484,59.35135762529623,252.48567673382928,0.24166272422583734,2392.7297886007377,1,0,3.4420242309570312,8.083055555555555
1110,111.0,54.80663005038649,181.21699906186504,59.43389545404895,252.82054334541567,0.24166272422583734,2403.5364659334464,1,0,3.455747604370117,7.993888888888888
1111,111.101,55.06873410581211,181.9851035486141,59.52287429522936,253.18154197476215,0.24166272422583734,2415.474299196203,1,0,3.906682014465332,8.055
1112,111.2,55.34427939484202,182.74207608694468,59.61895769264187,253.5713647046238,0.24166272422583734,2428.102740191092,1,0,4.204216003417969,8.081944444444444
1113,111.3,55.61310406706233,183.4990486236933,59.72738729272601,254.01127757033078,0.24166272422583734,2442.583748223316,1,0,4.857357978820801,7.965
1114,111.4,55.87520812250287,184.25602116044195,59.8469431169409,254.4963309616697,0.24166272422583734,2458.0117921368023,1,0,5.1340460777282715,8.023055555555556
1115,111.5,56.144032794738095,185.00186174877217,59.97863805368248,255.03063429743906,0.24166272422583734,2475.4973547928275,1,0,5.871836185455322,7.971111111111111
1116,111.6,56.39941623333918,185.7699662355212,60.12557598509655,255.62678042764028,0.24166272422583734,2494.62385953851,1,0,6.407918930053711,8.048888888888888
1117,111.7,56.66824090557441,186.5269387730608,60.284990867714264,256.2735471573366,0.24166272422583734,2515.296929287972,1,0,6.914547920227051,8.03111111111111
1118,111.8,56.9437861945894,187.29504325980983,60.45372780409489,256.95813466089857,0.24166272422583734,2536.8174866561226,1,0,7.186972618103027,8.10611111111111
1119,111.9,57.20589025002994,188.0520157965585,60.6268153848482,257.66037328954235,0.24166272422583734,2558.667908044295,1,0,7.278135776519775,8.023055555555556
1120,111.999,57.47471492225025,188.8089883340981,60.79931567171827,258.360229191191,0.24166272422583734,2580.409483269386,1,0,7.28350830078125,8.073888888888888
1121,112.1,57.756980828104695,189.57709282084716,60.97746489320331,259.08300354880316,0.24166272422583734,2603.270033585152,1,0,7.457199573516846,8.078055555555554
1122,112.199,58.02580550031008,190.35632925601462,61.1563301441077,259.80868293007626,0.24166272422583734,2626.3364130021587,1,0,7.641744136810303,8.219999999999999
1123,112.3,58.30807140614961,191.12443374276367,61.34187994359376,260.5614823866816,0.24166272422583734,2650.1698178619877,1,0,7.7113142013549805,8.208055555555555
1124,112.4,58.57689607836991,191.90367017793113,61.53039498658289,261.32631221844224,0.24166272422583734,2674.9802628350217,1,0,8.043083190917969,8.261944444444444
1125,112.5,58.859161984224365,192.7051705123084,61.72716160089059,262.1246197387909,0.24166272422583734,2701.022399623918,1,0,8.400906562805176,8.421111111111111
1126,112.6,59.14142789006389,193.51780279510413,61.92742388978773,262.9371096615926,0.24166272422583734,2726.815118748416,1,0,8.335220336914062,8.53
1127,112.7,59.41697317907888,194.308171180272,62.13067332076432,263.7617188048971,0.24166272422583734,2753.9245603913314,1,0,8.650545120239258,8.441944444444443
1128,112.8,59.69923908491842,195.13193541148615,62.32128698041277,264.5350629949871,0.24166272422583734,2776.343996730359,1,0,7.27923583984375,8.656944444444443
1129,112.9,59.98822560758248,195.93343574507247,62.50100907145198,265.2642186871464,0.24166272422583734,2801.05997816906,1,0,7.740325450897217,8.513055555555555
1130,112.999,60.27049151342201,196.74606802786823,62.691915734459634,266.0387516296371,0.24166272422583734,2827.7053137107214,1,0,8.375096321105957,8.568888888888889
1131,113.1,60.55275741926153,197.55870031066394,62.902245263426195,266.89208564321535,0.24166272422583734,2857.138519987084,1,0,9.028326034545898,8.63111111111111
1132,113.2,60.84174394191067,198.38246454266908,63.12522806776981,267.7967556261911,0.24166272422583734,2888.282999227316,1,0,9.60657787322998,8.713888888888889
1133,113.3,61.13745108133958,199.20622877467423,63.35808988896716,268.74150605409255,0.24166272422583734,2920.1767393475147,1,0,9.853925704956055,8.678888888888888
1134,113.4,61.43987883760793,200.00772910826052,63.5978821559481,269.71437419397415,0.24166272422583734,2953.4322108633764,1,0,10.185762405395508,8.595
1135,113.5,61.74230659384645,200.80922944184687,63.85378598994181,270.75260903824386,0.24166272422583734,2990.92128499043,1,0,11.200386047363281,8.626111111111111
1136,113.6,62.05145496690951,201.62186172464257,64.12817083771472,271.8658237378895,0.24166272422583734,3029.941983274732,1,0,11.730239868164062,8.656944444444443
1137,113.7,62.374044573591775,202.41223010981042,64.4045726525698,272.9872215330042,0.24166272422583734,3066.9872942282996,1,0,11.368946075439453,8.626944444444444
1138,113.8,62.68319294665483,203.21373044260577,64.6787237235099,274.0994877699019,0.24166272422583734,3105.6189405487244,1,0,11.542142868041992,8.598888888888888
1139,113.9,63.012503170131794,204.0152307761921,64.95793684000623,275.23229137819305,0.24166272422583734,3145.50586906581,1,0,11.791986465454102,8.681944444444444
1140,114.0,63.335092776814065,204.80559916135996,65.23840059294761,276.3701689797672,0.24166272422583734,3184.7364390369135,1,0,11.646659851074219,8.53
1141,114.1,63.64424114987711,205.60709949494625,65.51874785687653,277.50757397040064,0.24166272422583734,3225.141061068047,1,0,11.782251358032227,8.548055555555557
1142,114.2,63.95338952294017,206.38633593011375,65.80178680667198,278.6558994775924,0.24166272422583734,3266.1366756274365,1,0,11.871606826782227,8.46888888888889
1143,114.3,64.25581727917869,207.16557236607218,66.07987548695718,279.7841411032187,0.24166272422583734,3305.0203142854184,1,0,11.368552207946777,8.365
1144,114.4,64.54480380182783,207.95594075044906,66.35187852926464,280.88769251104134,0.24166272422583734,3344.880124723147,1,0,11.36302375793457,8.383055555555554
1145,114.5,64.84051094128658,208.73517718640753,66.62337329011594,281.9891817554714,0.24166272422583734,3384.909436659663,1,0,11.326074600219727,8.366944444444444
1146,114.6,65.1227768471261,209.5255455715754,66.89345106848621,283.08492211930616,0.24166272422583734,3424.93857853076,1,0,11.24460506439209,8.313055555555556
1147,114.699,65.39160151936133,210.3047820067429,67.15929767458731,284.16349607178466,0.24166272422583734,3464.7682858907674,1,0,11.19688606262207,8.301944444444445
1148,114.8,65.66714680837632,211.08401844191036,67.42935367471594,285.2591480784855,0.24166272422583734,3505.570876432716,1,0,11.148519515991211,8.288055555555555
1149,114.899,65.93597148061156,211.84099098024095,67.69323169307789,286.3297352167265,0.24166272422583734,3545.8375369632554,1,0,11.126792907714844,8.098055555555556
1150,115.0,66.20479615283185,212.62022741540844,67.95327749908917,287.3847745754324,0.24166272422583734,3583.860040370392,1,0,10.39033317565918,8.233055555555556
1151,115.1,66.47362082506709,213.37719995215704,68.20016056683043,288.38641100810685,0.24166272422583734,3621.889222672705,1,0,10.24194049835205,7.993888888888888
1152,115.2,66.72900426366816,214.14530443890607,68.44184599708315,289.3669599554385,0.24166272422583734,3659.0543684878708,1,0,9.955961227416992,8.128888888888888
1153,115.3,66.9843877022991,214.9022769764457,68.66379550919513,290.2674377386239,0.24166272422583734,3690.8779308019652,1,0,8.592589378356934,7.991944444444444
1154,115.402,67.2330505241055,215.65924951319437,68.86914888328202,291.10058285035603,0.24166272422583734,3722.9928354940193,1,0,8.232502937316895,7.971111111111111
1155,115.5,67.4951545795311,216.41622205152495,69.0566430814063,291.86127098289813,0.24166272422583734,3752.2712426608737,1,0,7.756358623504639,7.995
1156,115.6,67.74381740135242,217.16206263985515,69.24649736575208,292.63153428949056,0.24166272422583734,3783.9051389692368,1,0,8.109960556030273,7.92
1157,115.7,68.00592145676312,217.90790322739437,69.44612281077009,293.4414404545762,0.24166272422583734,3817.516926008367,1,0,8.572944641113281,7.886111111111111
1158,115.8,68.26130489537913,218.65374381572457,69.65086626354224,294.2721110369066,0.24166272422583734,3850.9902667868027,1,0,8.537677764892578,7.8661111111111115
1159,115.9,68.51668833399513,219.3773205064269,69.85759030340324,295.1108171163832,0.24166272422583734,3885.531461987197,1,0,8.73846435546875,7.731944444444444
1160,116.0,68.7720717725962,220.1120291455477,70.06137717232366,295.93760671470943,0.24166272422583734,3918.2952413840458,1,0,8.292215347290039,7.771944444444444
1161,116.1,69.03417582803674,220.84673778466848,70.2589000637006,296.7389825486232,0.24166272422583734,3951.1244164020545,1,0,8.214977264404297,7.763888888888888
1162,116.2,69.28283864984313,221.57031447457987,70.45489768848219,297.53417017933043,0.24166272422583734,3983.9582180761595,1,0,8.16474723815918,7.656944444444445
1163,116.3,69.54494270526877,222.2938911644912,70.64719991388043,298.31436509834816,0.24166272422583734,4015.918553363822,1,0,7.906148910522461,7.723888888888889
1164,116.4,69.80032614388476,223.00633590677512,70.83216082666037,299.06477536567064,0.24166272422583734,4046.678877948671,1,0,7.5512261390686035,7.630000000000001
1165,116.5,70.05570958250077,223.71878064747708,71.00241180067984,299.755505515115,0.24166272422583734,4074.2315678510126,1,0,6.67682409286499,7.506944444444444
1166,116.6,70.31109302110185,224.431225388179,71.15920713548867,300.39164440165257,0.24166272422583734,4100.996066496076,1,0,6.426724433898926,7.556111111111111
1167,116.7,70.55975584292317,225.12140623125313,71.31286139793899,301.0150395527014,0.24166272422583734,4127.800066651852,1,0,6.414321422576904,7.458888888888889
1168,116.8,70.81513928152425,225.82271902274564,71.46490177176504,301.6318869495477,0.24166272422583734,4154.256114642423,1,0,6.2918500900268555,7.448055555555555
1169,116.9,71.06380210334557,226.51289986581972,71.6182939795835,302.25421891117236,0.24166272422583734,4181.6971134013365,1,0,6.5272955894470215,7.323888888888889
1170,117.0,71.31918554196157,227.19194875968438,71.76983735226192,302.8690499102919,0.24166272422583734,4207.817965479753,1,0,6.137341022491455,7.303055555555556
1171,117.1,71.56112774697327,227.89326155196792,71.91254484847822,303.44803261953064,0.24166272422583734,4232.6805333246875,1,0,5.788872241973877,7.346111111111111
1172,117.201,71.80306995197006,228.55004654741376,72.05574546112533,304.02901596569905,0.24166272422583734,4258.7964085841895,1,0,6.060061931610107,7.1
1173,117.3,72.05173277379137,229.21796349206903,72.20056432651238,304.61656477184994,0.24166272422583734,4284.975717546964,1,0,6.164849758148193,7.09111111111111
1174,117.4,72.29367497878816,229.8970123859337,72.34741659148676,305.21236334226165,0.24166272422583734,4311.342237502629,1,0,6.107746124267578,7.123055555555555
1175,117.5,72.54233780059455,230.5426654329611,72.49307584259326,305.8033217016144,0.24166272422583734,4337.638003686986,1,0,6.06514835357666,7.0
1176,117.6,72.78428000560626,231.19945042840695,72.63570216851708,306.38197509251245,0.24166272422583734,4363.232232228994,1,0,5.854281425476074,6.958888888888889
1177,117.7,73.02622221061796,231.83397152543392,72.77600004363626,306.95118165832463,0.24166272422583734,4388.920948972923,1,0,5.8705573081970215,6.895
1178,117.8,73.26816441561475,232.49075652167073,72.91873493325718,307.53027550613734,0.24166272422583734,4415.428854122105,1,0,6.057945251464844,6.965
1179,117.9,73.50338600381684,233.12527761869777,73.06286593935609,308.1150335784811,0.24166272422583734,4441.832190062507,1,0,5.987232208251953,6.77
1180,118.0,73.738607592004,233.75979871651575,73.21121775501776,308.71691601934515,0.24166272422583734,4469.972513878049,1,0,6.410682678222656,6.771111111111111
1181,118.101,73.9671085633965,234.39431981433373,73.36563479089948,309.34340584053786,0.24166272422583734,4498.450569080127,1,0,6.366338729858398,6.721111111111111
1182,118.199,74.19560953480389,235.01770896215132,73.51359681444654,309.94370684454316,0.24166272422583734,4525.7311501452805,1,0,6.251354694366455,6.693888888888889
1183,118.3,74.42411050619637,235.64109811075988,73.66522628383683,310.5588871491219,0.24166272422583734,4554.126304324948,1,0,6.295013427734375,6.656111111111111
1184,118.4,74.65261147758886,236.26448725936848,73.81583216417194,311.16991462094813,0.24166272422583734,4582.347923742775,1,0,6.291275978088379,6.603055555555556
1185,118.5,74.88783306577604,236.8767444587676,73.96856321582271,311.7895641867678,0.24166272422583734,4611.420388094268,1,0,6.472616195678711,6.593055555555555
1186,118.6,75.10961342037383,237.47786970974832,74.12520891109192,312.4250959664024,0.24166272422583734,4641.255506740423,1,0,6.61842679977417,6.493055555555555
1187,118.7,75.3313937749567,238.10125885756588,74.28256075252995,313.06349267207656,0.24166272422583734,4670.88879984633,1,0,6.53162956237793,6.5038888888888895
1188,118.8,75.56661536315879,238.69125215854623,74.44082294966633,313.7055828081771,0.24166272422583734,4701.312768773847,1,0,6.6945061683654785,6.436111111111112
1189,118.899,75.7951163345662,239.30350935794536,74.60027608804943,314.3525047464454,0.24166272422583734,4731.887650783382,1,0,6.76576042175293,6.491944444444444
1190,119.0,76.01689668914906,239.88237071050722,74.76024915890102,315.0015361177652,0.24166272422583734,4761.991855665919,1,0,6.470987319946289,6.23
1191,119.1,76.23867704373193,240.48349596069698,74.90952585144723,315.6071709033801,0.24166272422583734,4789.957633093762,1,0,6.004220485687256,6.383055555555555
1192,119.2,76.46717801512442,241.06235731325884,75.0466931300027,316.1636762353535,0.24166272422583734,4815.749561350909,1,0,5.458991050720215,6.283055555555555
1193,119.3,76.68895836972222,241.65235061344816,75.1740694032158,316.68045819644874,0.24166272422583734,4840.344573852496,1,0,5.185976028442383,6.2411111111111115
1194,119.4,76.90401810748055,242.23121196601008,75.29745874640281,317.1810646684544,0.24166272422583734,4864.638134528497,1,0,5.125799179077148,6.148888888888888
1195,119.5,77.11907784526873,242.79894136857155,75.41199792587814,317.6457648853658,0.24166272422583734,4886.462567406674,1,0,4.446358680725098,6.138888888888889
1196,119.6,77.3274169662473,243.366670771924,75.52193912723706,318.0918105123122,0.24166272422583734,4908.922702549878,1,0,4.741541385650635,6.041944444444445
1197,119.7,77.54247670403548,243.92326822606702,75.63461660505969,318.54895756561797,0.24166272422583734,4931.4431618414155,1,0,4.675032138824463,5.94388888888889
1198,119.8,77.75081582501407,244.46873373100067,75.74235201256442,318.9860540025387,0.24166272422583734,4952.7175265530295,1,0,4.328527450561523,5.896944444444444
1199,119.9,77.96587556278732,245.01419923593429,75.84742296213996,319.412340390153,0.24166272422583734,4974.209038267636,1,0,4.4523606300354,5.798055555555556
1200,120.0,78.16077345016159,245.52626889323963,75.95403718001707,319.8448880162167,0.24166272422583734,4995.889401295511,1,0,4.457499980926514,5.531944444444444
1201,120.1,78.36239195433055,246.0272066021266,76.06163695564899,320.28143417714455,0.24166272422583734,5017.920404775364,1,0,4.534724712371826,5.423055555555555
1202,120.2,78.55056922488028,246.4724845657574,76.16845545723072,320.71481060853307,0.24166272422583734,5039.5572057989175,1,0,4.392208099365234,4.978888888888888
1203,120.3,78.70514341141183,246.9066305801788,76.27316155130556,321.13961673034584,0.24166272422583734,5061.008030914424,1,0,4.358188629150391,4.641111111111111
1204,120.4,78.85299698114865,247.307380746181,76.3753008474207,321.5540090219382,0.24166272422583734,5081.832088134279,1,0,4.177698135375977,4.321111111111111
1205,120.5,78.98068870045665,247.65247116771806,76.4741492946992,321.95504991556163,0.24166272422583734,5102.2037652874105,1,0,4.083168983459473,3.766111111111111
1206,120.6,79.10165980295506,247.96416574162686,76.57132753739769,322.34931457389007,0.24166272422583734,5122.374819704632,1,0,4.038117408752441,3.416944444444444
1207,120.7,79.1890278214203,248.24246446869836,76.66820635266693,322.74236441653744,0.24166272422583734,5142.62517745612,1,0,4.058145523071289,2.955
1208,120.8,79.28311645669517,248.45397150209533,76.76444438707529,323.13281452862617,0.24166272422583734,5162.683396032425,1,0,3.9845666885375977,2.49
1209,120.9,79.36376385838066,248.66547853391035,76.85819657699713,323.51317924917134,0.24166272422583734,5182.2379595416805,1,0,3.850400924682617,2.263888888888889
1210,121.0,79.430970026432,248.83245777046966,76.94906942966917,323.88186212730517,0.24166272422583734,5201.321590958717,1,0,3.7439374923706055,1.9369444444444444
1211,121.1,79.47801434406944,248.98830505702855,77.03742132454244,324.240317154661,0.24166272422583734,5219.96704136263,1,0,3.6397218704223633,1.6380555555555556
1212,121.2,79.52505866170686,249.133020395169,77.12140521238314,324.58105061438556,0.24166272422583734,5237.631633231305,1,0,3.3788986206054688,1.5130555555555556
1213,121.3,79.5721029793443,249.24433988568123,77.19983810436231,324.89926296829515,0.24166272422583734,5254.331112310292,1,0,3.1758193969726562,1.3219444444444446
1214,121.4,79.61242668018706,249.36679132540286,77.27286538351474,325.19554405410383,0.24166272422583734,5269.975102918607,1,0,2.9271459579467773,1.2219444444444445
1215,121.5,79.65947099783942,249.46697886749664,77.34130954808316,325.4732308532145,0.24166272422583734,5284.871636377425,1,0,2.7928037643432617,1.1149999999999998
1216,121.6,79.6930740818576,249.556034460381,77.4060796072041,325.73601133287866,0.24166272422583734,5299.044496558163,1,0,2.6200971603393555,0.9749999999999999
1217,121.7,79.71995654908115,249.64509005247442,77.46764428993193,325.98578718729595,0.24166272422583734,5312.682705439428,1,0,2.5249271392822266,0.9038888888888889
1218,121.8,79.75355963309936,249.72301369694034,77.52556936430128,326.220796681404,0.24166272422583734,5325.537739829155,1,0,2.3159313201904297,0.8711111111111112
1219,121.9,79.77372148352818,249.80093733982426,77.57980343273066,326.4408312885888,0.24166272422583734,5337.774932751425,1,0,2.216465950012207,0.83
1220,122.0,79.80732456754639,249.87886098349924,77.63260002355102,326.6550338638019,0.24166272422583734,5349.804141458967,1,0,2.1957998275756836,0.7980555555555556
1221,122.1,79.82748641796032,249.9567846271742,77.68404365063644,326.8637472907255,0.24166272422583734,5361.530167228369,1,0,2.1033973693847656,0.7561111111111111
1222,122.2,79.85436888518383,250.0235763216397,77.73374814743308,327.06540484186803,0.24166272422583734,5372.9557251455035,1,0,2.0504589080810547,0.7469444444444444
1223,122.299,79.87453073561267,250.09036801610523,77.78188688537804,327.2607099075001,0.24166272422583734,5384.0777465901265,1,0,2.013181686401367,0.6288888888888888
1224,122.4,79.9014132028362,250.14602776057035,77.83023772941087,327.4568755148742,0.24166272422583734,5395.301685631982,1,0,1.9875411987304688,0.6561111111111111
1225,122.501,79.92157505325012,250.20168750661745,77.87791382692929,327.6503035886546,0.24166272422583734,5406.398026212198,1,0,1.957350730895996,0.5611111111111111
1226,122.599,79.92829567005971,250.26847920108295,77.92390668937117,327.8369025607358,0.24166272422583734,5417.142712856158,1,0,1.9647626876831055,0.5369444444444444
1227,122.699,79.94845752045872,250.31300699712966,77.97059858493998,328.02633760032853,0.24166272422583734,5428.0585031825385,1,0,1.9373273849487305,0.5161111111111111
1228,122.8,79.96189875407792,250.36866674396768,78.01723857203258,328.21556204054156,0.24166272422583734,5438.99885587064,1,0,1.9218330383300781,0.4880555555555555
1229,122.9,79.97533998769714,250.3909306408046,78.06327112016302,328.4023220225773,0.24166272422583734,5449.822749710402,1,0,1.925154685974121,0.2880555555555555
1230,123.0,79.98206060449183,250.43545843764227,78.10933292748507,328.58920071292533,0.24166272422583734,5460.664386219321,1,0,1.9242782592773438,0.43
1231,123.1,79.99550183811107,250.46885428447953,78.15534726279577,328.7758868032035,0.24166272422583734,5471.507715488406,1,0,1.921187400817871,0.36194444444444446
1232,123.2,80.00222245492067,250.49111818289836,78.20102959072712,328.961225896743,0.24166272422583734,5482.282740238783,1,0,1.8965320587158203,0.24388888888888888
1233,123.3,80.01566368852498,250.52451403052663,78.24638930297749,329.14525609687485,0.24166272422583734,5493.01997646598,1,0,1.89422607421875,0.2938888888888889
1234,123.4,80.01566368852498,250.55790987815487,78.29120718384065,329.32708801721884,0.24166272422583734,5503.633880782349,1,0,1.8512506484985352,0.2838888888888889
1235,123.5,80.02238430533457,250.58017377578273,78.3355076426032,329.50682068939733,0.24166272422583734,5514.183038454534,1,0,1.8509845733642578,0.24805555555555556
1236,123.6,80.03582553893888,250.60243767341058,78.37921028495747,329.6841279433401,0.24166272422583734,5524.591665927112,1,0,1.801290512084961,0.2361111111111111
1237,123.7,80.0425461557485,250.62470157182943,78.42227350442428,329.85884097619754,0.24166272422583734,5534.911563714508,1,0,1.7975473403930664,0.23888888888888887
1238,123.799,80.05598738936771,250.64696547024826,78.46461116109907,330.03061030727207,0.24166272422583734,5545.066662033998,1,0,1.7763938903808594,0.24888888888888885
1239,123.9,80.06942862295709,250.68036131708553,78.50737126641,330.2040935669232,0.24166272422583734,5555.360656245783,1,0,1.7617311477661133,0.2569444444444445
1240,124.0,80.07614923978164,250.70262521550436,78.54969528047319,330.37580754816366,0.24166272422583734,5565.572777135974,1,0,1.7753305435180664,0.24611111111111109
1241,124.1,80.08959047340086,250.7360210615507,78.59172898492852,330.5463437058999,0.24166272422583734,5575.706812510245,1,0,1.7374696731567383,0.285
1242,124.2,80.10303170700516,250.7694169099699,78.63273836662363,330.71272405414766,0.24166272422583734,5585.63732279673,1,0,1.6897268295288086,0.3661111111111111
1243,124.3,80.11647294060946,250.79168080759774,78.67290181077036,330.8756723247079,0.24166272422583734,5595.420767485189,1,0,1.666773796081543,0.32805555555555554
1244,124.4,80.12991417422866,250.82507665522598,78.71277714773669,331.03745170729604,0.24166272422583734,5605.168324168885,1,0,1.6656494140625,0.34388888888888886
1245,124.5,80.13663479102337,250.8696044512727,78.75229391125576,331.19777631118325,0.24166272422583734,5614.836035625485,1,0,1.6368074417114258,0.4111111111111111
1246,124.6,80.15007602467243,250.89186834969152,78.7912661502639,331.3558917089324,0.24166272422583734,5624.409172101352,1,0,1.620142936706543,0.31499999999999995
1247,124.699,80.1702378750565,250.9252641965288,78.82923587191293,331.50993976451656,0.24166272422583734,5633.757647643244,1,0,1.585078239440918,0.3769444444444444
1248,124.799,80.19039972548534,250.96979199336647,78.86750544527234,331.66520435714494,0.24166272422583734,5643.233071938605,1,0,1.613149642944336,0.4488888888888889
1249,124.9,80.20384095908963,250.99205589099432,78.90674801239383,331.82441651089925,0.24166272422583734,5652.929864279856,1,0,1.6339216232299805,0.31499999999999995
1250,124.999,80.21056157588433,251.03658368783198,78.94559996131926,331.9820438762757,0.24166272422583734,5662.512833174327,1,0,1.645772933959961,0.3788888888888889
1251,125.099,80.22400280950355,251.06997953546025,78.98496354772095,332.14174702085097,0.24166272422583734,5672.2246350646,1,0,1.6438827514648438,0.39888888888888885
1252,125.2,80.23744404310784,251.11450733150693,79.02512778702388,332.3046985174624,0.24166272422583734,5682.150188238001,1,0,1.6794509887695312,0.4361111111111111
1253,125.3,80.25088527672706,251.14790317913517,79.06622757094827,332.4714456392086,0.24166272422583734,5692.285428762109,1,0,1.755300521850586,0.38611111111111107
1254,125.4,80.26432651033136,251.19243097439093,79.10915878170661,332.64562309571784,0.24166272422583734,5702.815622873355,1,0,1.832505226135254,0.4911111111111111
1255,125.5,80.28448836076021,251.24809072043797,79.15307709077781,332.82380533733385,0.24166272422583734,5713.5150911123565,1,0,1.8377933502197266,0.5711111111111111
1256,125.6,80.3046502111592,251.2814865672753,79.19738498986523,333.0035681958695,0.24166272422583734,5724.322792456306,1,0,1.8650636672973633,0.47805555555555557
1257,125.699,80.32481206158802,251.34827826174077,79.24141587082327,333.18220715614257,0.24166272422583734,5735.039913831544,1,0,1.851811408996582,0.6430555555555555
1258,125.8,80.35169452881155,251.40393800778787,79.28603460351772,333.3632311066929,0.24166272422583734,5745.930907635142,1,0,1.8401031494140625,0.6769444444444443
1259,125.899,80.37185637924037,251.4707297014624,79.32979560027137,333.54077511195675,0.24166272422583734,5756.63358515553,1,0,1.853989601135254,0.6480555555555556
1260,126.0,80.39873884644898,251.54865334592833,79.37512133979304,333.7246674803487,0.24166272422583734,5767.7352084182485,1,0,1.8964252471923828,0.8530555555555556
1261,126.1,80.42562131367251,251.62657698881233,79.42088770231369,333.91034751305034,0.24166272422583734,5778.913485248086,1,0,1.9283170700073242,0.8211111111111112
1262,126.2,80.45922439769072,251.7267645309061,79.46922484542193,334.1064575340071,0.24166272422583734,5790.760790732187,1,0,2.1112680435180664,1.0538888888888889
1263,126.3,80.49954809853347,251.83808402141833,79.52115951112474,334.31716316790346,0.24166272422583734,5803.335197451516,1,0,2.2289657592773438,1.1830555555555555
1264,126.4,80.5465924161709,251.96053546113995,79.57630762118029,334.540906159799,0.24166272422583734,5816.6370240979895,1,0,2.379818916320801,1.301111111111111
1265,126.5,80.6003573505881,252.11638274848983,79.63530057616259,334.7802481832193,0.24166272422583734,5830.795477287689,1,0,2.550283432006836,1.545
1266,126.6,80.6608429018746,252.28336198425816,79.69830875038161,335.03588046870357,0.24166272422583734,5845.829238258219,1,0,2.7153749465942383,1.7388888888888887
1267,126.7,80.72804906992593,252.46147317002686,79.76479131666576,335.3056088106962,0.24166272422583734,5861.590889608774,1,0,2.840641975402832,1.9069444444444446
1268,126.8,80.79525523799221,252.67298020263286,79.83413627406105,335.5869502424309,0.24166272422583734,5877.981460927319,1,0,2.954587936401367,2.1438888888888887
1269,126.9,80.88262325645746,252.88448723444787,79.9058151769181,335.8777607917837,0.24166272422583734,5894.8663895047575,1,0,3.0356922149658203,2.2888888888888888
1270,127.0,80.95655004131842,253.1182581654727,79.97980503098138,336.1779471680957,0.24166272422583734,5912.3167636883645,1,0,3.147716522216797,2.4219444444444442
1271,127.103,81.04391805979861,253.37429299412543,80.05854386443988,336.4974007660273,0.24166272422583734,5930.851825680048,1,0,3.240910530090332,2.641944444444444
1272,127.2,81.13800669507347,253.6303278227781,80.1335265910559,336.8016153542816,0.24166272422583734,5948.371429730641,1,0,3.2192792892456055,2.763888888888889
1273,127.3,81.23209533034834,253.90862655064055,80.21094190449568,337.11569926087606,0.24166272422583734,5966.580838833468,1,0,3.250398635864258,2.9188888888888886
1274,127.4,81.33290458244774,254.19805722533957,80.29143855087588,337.4422845324388,0.24166272422583734,5985.741307392062,1,0,3.4767894744873047,3.0638888888888887
1275,127.5,81.43371383453221,254.50975180003934,80.3759673512199,337.78522877243654,0.24166272422583734,6005.67139959885,1,0,3.587369918823242,3.1819444444444445
1276,127.6,81.54124370341138,254.8214463747391,80.46403618281397,338.14253537557767,0.24166272422583734,6026.5275121033965,1,0,3.7726335525512695,3.303055555555555
1277,127.699,81.66221480593963,255.13314094943888,80.55422012097264,338.5084232387196,0.24166272422583734,6047.71235856436,1,0,3.8402605056762695,3.3830555555555555
1278,127.8,81.77646529161349,255.4670994209755,80.64766756294826,338.8875515575604,0.24166272422583734,6069.676864332684,1,0,3.8919172286987305,3.48
1279,127.9,81.88399516052249,255.80105789330318,80.74188338096555,339.26979727705725,0.24166272422583734,6091.906831261919,1,0,3.9817962646484375,3.5588888888888888
1280,128.0,82.01168687981558,256.1461483148402,80.83693560789429,339.65543641533327,0.24166272422583734,6114.212981562203,1,0,3.9618167877197266,3.63
1281,128.099,82.12593736551928,256.49123873716826,80.92862389997204,340.0274276362582,0.24166272422583734,6135.577899890746,1,0,3.7780675888061523,3.665
1282,128.2,82.24690846801766,256.8585930563331,81.01078284878231,340.36075708307493,0.24166272422583734,6154.210031610601,1,0,3.020059585571289,3.758055555555556
1283,128.3,82.36115895370645,257.2036834778702,81.08618287263654,340.6666647000204,0.24166272422583734,6172.714831942751,1,0,3.281198501586914,3.7180555555555554
1284,128.4,82.48885067301447,257.5487738994072,81.165712687601,340.98932741189077,0.24166272422583734,6191.958558954969,1,0,3.3651905059814453,3.6830555555555557
1285,128.5,82.61654239232244,257.90499626936275,81.24770704170459,341.32198907676377,0.24166272422583734,6211.846725828094,1,0,3.4871625900268555,3.743888888888889
1286,128.6,82.72407226123147,258.2612186401092,81.33455518073764,341.67434317281965,0.24166272422583734,6233.10191388217,1,0,3.7708263397216797,3.69
1287,128.7,82.83832274692024,258.61744101085566,81.42515591379846,342.0419220266106,0.24166272422583734,6254.881217742959,1,0,3.8007707595825195,3.7569444444444446
1288,128.8,82.95257323257918,258.96253143239267,81.52110265720644,342.4311903335592,0.24166272422583734,6278.532744755737,1,0,4.217597961425781,3.721944444444444
1289,128.9,83.06010310150312,259.341017700767,81.62538680954582,342.8542845833567,0.24166272422583734,6303.937158947954,1,0,4.497536659240723,3.8438888888888885
1290,129.0,83.16763297039721,259.7083720207229,81.7359541621698,343.30287058670547,0.24166272422583734,6330.79621415186,1,0,4.742691516876221,3.833055555555555
1291,129.1,83.2751628392913,260.07572633988775,81.85230417064722,343.7749175703208,0.24166272422583734,6359.056739954466,1,0,4.980799198150635,3.8780555555555556
1292,129.2,83.36925147456616,260.4430806598437,81.97365302756569,344.26724552648636,0.24166272422583734,6388.4462712690765,1,0,5.160450458526611,3.8119444444444444
1293,129.299,83.46334010984104,260.83269887821837,82.09597594471187,344.76352537056636,0.24166272422583734,6417.786711741102,1,0,5.165461540222168,3.908055555555556
1294,129.4,83.55070812832122,261.2000531973833,82.22081440567929,345.2700111002196,0.24166272422583734,6447.831052607144,1,0,5.164122104644775,3.8349999999999995
1295,129.499,83.63807614678647,261.5674075173392,82.34349727010812,345.76775129682784,0.24166272422583734,6477.5142543639995,1,0,5.192174911499023,3.796111111111111
1296,129.6,83.71200293164743,261.934761837295,82.46941410608412,346.2786121329093,0.24166272422583734,6508.101346179034,1,0,5.226637363433838,3.76
1297,129.7,83.78592971652331,262.29098420645954,82.5949340924208,346.7878628988443,0.24166272422583734,6538.693211387816,1,0,5.263197898864746,3.6761111111111116
1298,129.8,83.84641526777997,262.66947047562485,82.71747925543681,347.285044423069,0.24166272422583734,6568.034769683205,1,0,4.978028297424316,3.733888888888889
1299,129.9,83.90690081902171,263.0256928463713,82.83465720546214,347.76045047227797,0.24166272422583734,6596.504064959568,1,0,4.814654350280762,3.6430555555555557
1300,130.0,83.95394513665914,263.3930471655362,82.94646397128047,348.2140649347348,0.24166272422583734,6623.597909564757,1,0,4.529152870178223,3.675
1301,130.1,84.00098945429657,263.76040148549214,83.05346666084274,348.64818864050494,0.24166272422583734,6649.990681523038,1,0,4.413172721862793,3.6430555555555557
1302,130.2,84.04131315513932,264.11662385623856,83.15533214843857,349.0614700556365,0.24166272422583734,6674.922245223974,1,0,4.099831581115723,3.59
1303,130.3,84.08835747277675,264.4839781754035,83.25266785899396,349.4563735813603,0.24166272422583734,6699.301950689889,1,0,4.034614562988281,3.6719444444444442
1304,130.4,84.10851932319066,264.8402005461499,83.34574722444728,349.8340085662997,0.24166272422583734,6722.385883493913,1,0,3.744124412536621,3.5730555555555554
1305,130.5,84.13540179042911,265.2075548653149,83.4352895370628,350.19729327189816,0.24166272422583734,6745.15500410092,1,0,3.7390193939208984,3.721111111111111
1306,130.6,84.16228425763772,265.57490918447974,83.5262417570038,350.5662981532738,0.24166272422583734,6768.519789253386,1,0,3.8619518280029297,3.693888888888889
1307,130.7,84.17572549125694,265.9756593520639,83.62086914366562,350.9502136598187,0.24166272422583734,6792.929826991165,1,0,4.046156883239746,3.9299999999999997
1308,130.801,84.20932857527515,266.39867341727586,83.72452037621251,351.37074007242546,0.24166272422583734,6820.144283724917,1,0,4.5303192138671875,4.103055555555556
1309,130.9,84.23621104251359,266.82168748248785,83.83911279252453,351.8356562780464,0.24166272422583734,6850.398030006702,1,0,5.143021106719971,4.271944444444444
1310,131.0,84.26309350972218,267.27809739453716,83.9690855793506,352.3629726295981,0.24166272422583734,6884.545042880742,1,0,5.718939304351807,4.4511111111111115
1311,131.1,84.28325536013611,267.7456392557958,84.10878510742481,352.92975162431316,0.24166272422583734,6920.4348365700025,1,0,5.955894947052002,4.636944444444444
1312,131.2,84.32357906097884,268.2131811170545,84.25695138283827,353.53088130447145,0.24166272422583734,6959.173288340471,1,0,6.426514148712158,4.7461111111111105
1313,131.3,84.35046152818745,268.702986876732,84.41580335695221,354.1753642418009,0.24166272422583734,7000.639098303956,1,0,6.848909854888916,4.881944444444444
1314,131.4,84.3907852290302,269.21505653403733,84.5860693257368,354.8661552269404,0.24166272422583734,7045.5105090238785,1,0,7.3803935050964355,5.026111111111112
1315,131.5,84.43782954666763,269.7271261921337,84.76920987517197,355.6091800455016,0.24166272422583734,7093.941995198098,1,0,7.924851894378662,5.153055555555555
1316,131.599,84.47815324749546,270.25032779864847,84.96176624477877,356.39040606033643,0.24166272422583734,7144.574196995044,1,0,8.329830169677734,5.268055555555556
1317,131.7,84.5319181819425,270.7957933035821,85.16769531263196,357.22588683589373,0.24166272422583734,7198.838553748036,1,0,8.709482192993164,5.446111111111112
1318,131.8,84.59240373319916,271.3523907577251,85.3780537343656,358.0793380711527,0.24166272422583734,7253.736554503112,1,0,8.870388984680176,5.566944444444444
1319,131.9,84.66633051807504,271.9089882110772,85.59106820372253,358.94356523402286,0.24166272422583734,7309.267130622312,1,0,8.931450843811035,5.591944444444445
1320,132.0,84.74697791973068,272.4767176144297,85.81060617189267,359.83425907255287,0.24166272422583734,7368.476417827775,1,0,9.41556453704834,5.623055555555555
1321,132.1,84.84778717181516,273.04444701778215,86.03343091497925,360.73828778063233,0.24166272422583734,7426.1400211549,1,0,9.206130027770996,5.798888888888889
1322,132.2,84.96203765751886,273.6344403187625,86.2501524691377,361.61755506443984,0.24166272422583734,7482.267235436992,1,0,8.90551471710205,5.973888888888889
1323,132.3,85.08972937682687,274.2355655681612,86.46136390357523,362.4744670822044,0.24166272422583734,7537.883721489826,1,0,8.745643615722656,6.108888888888889
1324,132.4,85.21742109613486,274.83669081993287,86.67531486105986,363.34249369813574,0.24166272422583734,7596.673108339095,1,0,9.134459495544434,6.0811111111111105
1325,132.5,85.36527466584185,275.4600799677505,86.89373240988141,364.22864185093005,0.24166272422583734,7655.413649005139,1,0,9.118921279907227,6.343055555555556
1326,132.602,85.52656946918299,276.0612052179402,87.1160350379852,365.1305522712161,0.24166272422583734,7715.545418316038,1,0,9.094863891601562,6.308888888888888
1327,132.7,85.70802612293804,276.68459436654877,87.32870543431201,365.99338348544705,0.24166272422583734,7773.298976755054,1,0,9.040937423706055,6.481111111111111
1328,132.8,85.92308586072622,277.30798351515733,87.55119271530259,366.8960430662993,0.24166272422583734,7836.365073717338,1,0,9.552555084228516,6.538055555555555
1329,132.9,86.13142498170481,277.94250461218434,87.78322681177131,367.83743530827087,0.24166272422583734,7901.516512107545,1,0,9.838774681091309,6.67611111111111
1330,133.0,86.35320533628766,278.5770257100023,88.02074543187412,368.8010789696615,0.24166272422583734,7968.103678548371,1,0,10.010902404785156,6.721111111111111
1331,133.1,86.60186815809405,279.18928290940147,88.26452881691675,369.790139590033,0.24166272422583734,8037.664134390584,1,0,10.362327575683594,6.631111111111111
1332,133.201,86.85725159671007,279.7904081595912,88.51808745321266,370.81885966491234,0.24166272422583734,8109.998231203048,1,0,10.618026733398438,6.558055555555556
1333,133.299,87.10591441853137,280.39153340978095,88.77017480247007,371.841610538606,0.24166272422583734,8182.4261128243315,1,0,10.879117012023926,6.5649999999999995
1334,133.4,87.37473909076661,280.98152671155225,89.03552496921367,372.91817037261285,0.24166272422583734,8258.826990725096,1,0,11.076910972595215,6.495
1335,133.5,87.6435637629869,281.582651960951,89.29777720333259,373.9821614945924,0.24166272422583734,8332.761742810462,1,0,10.8397798538208,6.51
1336,133.6,87.91238843520722,282.17264526272226,89.5591310182252,375.04250761395144,0.24166272422583734,8408.922210453833,1,0,11.001829147338867,6.526111111111111
1337,133.7,88.18121310744245,282.76263856370264,89.82153258377213,376.1071045927854,0.24166272422583734,8484.760430280849,1,0,10.92734146118164,6.483888888888888
1338,133.8,88.44331716285313,283.3526318646829,90.08236267739348,377.16532590743157,0.24166272422583734,8560.771773001623,1,0,10.870499610900879,6.483888888888888
1339,133.9,88.71886245189799,283.9426251664542,90.34562948881646,378.2334333003276,0.24166272422583734,8639.584070458877,1,0,11.130980491638184,6.535
1340,134.0,88.9876871241183,284.54375041664395,90.61221382925937,379.3150003361356,0.24166272422583734,8718.70616109357,1,0,11.147748947143555,6.563055555555555
1341,134.101,89.2497911795439,285.13374371762427,90.88326580747754,380.4146931543419,0.24166272422583734,8800.301016476003,1,0,11.280067443847656,6.486111111111112
1342,134.202,89.5051746181599,285.734868967814,91.15390033793928,381.51269233318516,0.24166272422583734,8880.837352847782,1,0,11.113207817077637,6.476944444444444
1343,134.3,89.78071990718983,286.32486226879433,91.41516841335837,382.57269059644705,0.24166272422583734,8960.22301996368,1,0,11.166836738586426,6.521111111111111
1344,134.4,90.03610334580583,286.9148555705656,91.68288313542534,383.65884373622663,0.24166272422583734,9042.051683571643,1,0,11.20635986328125,6.455000000000001
1345,134.5,90.29820740123147,287.5159808207553,91.95020753713746,384.7434132960086,0.24166272422583734,9123.760945528706,1,0,11.134217262268066,6.46
1346,134.599,90.55359083983252,288.10597412173564,92.21478580384134,385.816841432045,0.24166272422583734,9205.886917455764,1,0,11.200206756591797,6.451111111111111
1347,134.7,90.81569489527307,288.69596742271597,92.49001804550352,386.9334941179409,0.24166272422583734,9293.475853605301,1,0,11.57349967956543,6.481111111111111
1348,134.8,91.07107833388908,289.2970926729057,92.76572110886853,388.052056988181,0.24166272422583734,9379.295350958053,1,0,11.467290878295898,6.451111111111111
1349,134.9,91.32646177250507,289.89821792388636,93.03637254541441,389.1501247571871,0.24166272422583734,9463.074496747819,1,0,11.15132999420166,6.526944444444444
1350,135.0,91.57512459431148,290.5104751232856,93.30475836880717,390.23900064156027,0.24166272422583734,9549.021193921779,1,0,11.27795124053955,6.588888888888889
1351,135.1,91.82378741611787,291.11160037347526,93.57342030585056,391.3289967546091,0.24166272422583734,9634.44590881382,1,0,11.174405097961426,6.548055555555555
1352,135.2,92.05900900431996,291.73498952129285,93.84549114412418,392.4328232194063,0.24166272422583734,9724.105794744395,1,0,11.562836647033691,6.645
1353,135.3,92.30095120931675,292.36951061990186,94.13081240215755,393.59040834534227,0.24166272422583734,9820.524698932952,1,0,12.281756401062012,6.723888888888888
1354,135.4,92.54289341432846,293.0040317169288,94.4288265462826,394.7994901464514,0.24166272422583734,9919.700684196298,1,0,12.623594284057617,6.801111111111111
1355,135.499,92.77811500256038,293.6608167131657,94.73309882683964,396.0339620138306,0.24166272422583734,10022.250828316783,1,0,13.061607360839844,6.953055555555555
1356,135.6,93.02005720752733,294.28420586098326,95.05154534231112,397.32594057952446,0.24166272422583734,10128.999893169042,1,0,13.287803649902344,6.7861111111111105
1357,135.7,93.25527879572942,294.9521228056385,95.3684527649639,398.61167484724126,0.24166272422583734,10234.097037514006,1,0,13.196477890014648,7.001111111111111
1358,135.8,93.47705915031229,295.653435597922,95.68763979131938,399.90665776105425,0.24166272422583734,10343.0913635923,1,0,13.478312492370605,7.26
1359,135.899,93.71228073852932,296.3324844917867,96.0040929789445,401.1905491387063,0.24166272422583734,10448.708684274892,1,0,13.235142707824707,7.246944444444444
1360,136.0,93.96094356032077,297.0337972832792,96.32569663684914,402.4953366382535,0.24166272422583734,10559.314983297507,1,0,13.37550163269043,7.326111111111111
1361,136.1,94.1894445317282,297.7351100755627,96.63741027911428,403.7599990693831,0.24166272422583734,10662.218138767972,1,0,12.67473030090332,7.381944444444444
1362,136.2,94.43138673673988,298.4586867654741,96.94037609636912,404.98917044672305,0.24166272422583734,10767.031714823097,1,0,12.644436836242676,7.603888888888888
1363,136.3,94.67332894173667,299.18226345538545,97.23949429569278,406.20273154210184,0.24166272422583734,10869.73493601157,1,0,12.353180885314941,7.683888888888888
1364,136.4,94.90855052992384,299.9392359929251,97.53481952695584,407.4009040770896,0.24166272422583734,10973.42568640452,1,0,12.327454566955566,7.878055555555555
1365,136.5,95.16393396853984,300.6962085304647,97.82973936321815,408.59743187229793,0.24166272422583734,11077.798076576764,1,0,12.31930160522461,7.966111111111111
1366,136.6,95.41259679036116,301.47544496642314,98.12291903074143,409.7868995785987,0.24166272422583734,11181.526426148195,1,0,12.182026863098145,8.08388888888889
1367,136.7,95.67470084577185,302.2435494523812,98.41476961888546,410.97097503852007,0.24166272422583734,11286.4473035778,1,0,12.208229064941406,8.155
1368,136.8,95.92336366759316,303.03391783754904,98.70548673287786,412.15045184768684,0.24166272422583734,11390.81898499907,1,0,12.087301254272461,8.283888888888889
1369,136.901,96.18546772300387,303.8354181711354,98.9946342685757,413.3235606753709,0.24166272422583734,11494.621336174934,1,0,11.837806701660156,8.428055555555556
1370,137.0,96.45429239523911,304.6369185047217,99.27140814029859,414.4464679531618,0.24166272422583734,11594.289011859548,1,0,11.526111602783203,8.448055555555555
1371,137.1,96.70295521704548,305.4606827367268,99.54814607068782,415.5692294123287,0.24166272422583734,11696.764066088424,1,0,11.601163864135742,8.526944444444444
1372,137.2,96.95833865566149,306.28444696873197,99.82311524642734,416.68481480586325,0.24166272422583734,11797.583825496333,1,0,11.378294944763184,8.588888888888889
1373,137.301,97.22044271108713,307.0970792515277,100.09833271219775,417.8014075440614,0.24166272422583734,11900.465644724156,1,0,11.39418888092041,8.573888888888888
1374,137.4,97.47582614970312,307.90971153353246,100.36580427223815,418.88657414415206,0.24166272422583734,11999.844220682387,1,0,11.184473037719727,8.55
1375,137.5,97.73120958831912,308.71121186790975,100.63502059336405,419.9788194648919,0.24166272422583734,12102.346568518693,1,0,11.314213752746582,8.451944444444445
1376,137.6,98.00003426053944,309.5127122014961,100.90631335852476,421.07948918676504,0.24166272422583734,12205.775278585883,1,0,11.358003616333008,8.399999999999999
1377,137.701,98.25541769915543,310.31421253508233,101.18141953255503,422.19563040002635,0.24166272422583734,12311.306956688302,1,0,11.405271530151367,8.44111111111111
1378,137.8,98.51080113777144,311.1268448178781,101.4544148785499,423.3032077118313,0.24166272422583734,12417.696221104072,1,0,11.639681816101074,8.468055555555555
1379,137.9,98.76618457638745,311.9283451514644,101.73112711014838,424.42586490769116,0.24166272422583734,12523.977711579792,1,0,11.485445976257324,8.46111111111111
1380,138.0,99.01484739819384,312.7298454858417,102.00828005546758,425.5503101359305,0.24166272422583734,12633.030908149962,1,0,11.676512718200684,8.399999999999999
1381,138.102,99.27023083682475,313.531345818637,102.29269268162992,426.7042088252297,0.24166272422583734,12744.218705944479,1,0,11.626092910766602,8.401111111111112
1382,138.2,99.51217304183648,314.3328461530143,102.56333754900795,427.80224994227507,0.24166272422583734,12849.970341675926,1,0,11.453572273254395,8.36611111111111
1383,138.3,99.76755648043755,315.1232145381822,102.83386571808597,428.8998175992731,0.24166272422583734,12955.659372037815,1,0,11.154747009277344,8.308055555555555
1384,138.4,100.00949868544926,315.91358292176807,103.09878380234213,429.97462441892657,0.24166272422583734,13060.494227062229,1,0,10.984731674194336,8.280000000000001
1385,138.499,100.24472027365135,316.69281935772653,103.35959995847756,431.0327891873956,0.24166272422583734,13165.472916168577,1,0,11.032113075256348,8.161944444444446
1386,138.6,100.48666247864813,317.4831877428944,103.6283863729546,432.12329032143975,0.24166272422583734,13274.965084541072,1,0,11.208242416381836,8.258055555555556
1387,138.699,100.72188406685024,318.2735561264803,103.89371561344225,433.1997652549285,0.24166272422583734,13382.585425290777,1,0,11.1895751953125,8.16
1388,138.8,100.95038503825764,319.06392451164817,104.16516067417881,434.3010528595859,0.24166272422583734,13493.877025346404,1,0,11.270766258239746,8.21888888888889
1389,138.9,101.17888600963519,319.84316094681566,104.43264402724816,435.38626730551533,0.24166272422583734,13602.68358085745,1,0,11.083094596862793,8.116944444444444
1390,139.0,101.41410759783729,320.6223973827741,104.7020863767704,436.47942965259745,0.24166272422583734,13715.928334647246,1,0,11.434481620788574,8.103055555555555
1391,139.099,101.63588795242016,321.4016338179416,104.97303924986146,437.57872038852696,0.24166272422583734,13828.458049791148,1,0,11.438055992126465,8.108055555555556
1392,139.201,101.87783015743186,322.1586063546902,105.24979521071403,438.701554999608,0.24166272422583734,13942.918317542986,1,0,11.237220764160156,8.051111111111112
1393,139.299,102.09961051201473,322.9489747406491,105.51155889689859,439.7635640196369,0.24166272422583734,14052.03466440615,1,0,11.085087776184082,8.17
1394,139.4,102.33483210021683,323.72821117581657,105.78472320525337,440.87182683351773,0.24166272422583734,14169.87648250379,1,0,11.517510414123535,8.08388888888889
1395,139.5,102.57005368841894,324.49631566177464,106.06035725161719,441.99010969288673,0.24166272422583734,14286.9360987518,1,0,11.517512321472168,8.101111111111111
1396,139.6,102.7985546598114,325.27555209773305,106.34105487268371,443.1289361275936,0.24166272422583734,14409.30851056384,1,0,11.940678596496582,8.073055555555555
1397,139.7,103.03377624799859,326.0436565844821,106.626023171748,444.28508925349047,0.24166272422583734,14531.29053440801,1,0,11.874417304992676,8.048055555555557
1398,139.8,103.26227721940599,326.834024968859,106.90557679722191,445.4192743506003,0.24166272422583734,14649.787955385802,1,0,11.488168716430664,8.17888888888889
1399,139.9,103.49749880759315,327.6132614040265,107.19398618947415,446.58938843516796,0.24166272422583734,14781.954646992632,1,0,12.614502906799316,8.223055555555556
1400,140.0,103.73944101260486,328.4036297891943,107.5006337122629,447.8334969664848,0.24166272422583734,14918.462562308538,1,0,13.012348175048828,8.195
1401,140.1,103.98810383441125,329.20513012278064,107.80954311663078,449.0867822429579,0.24166272422583734,15052.829096445905,1,0,12.8035306930542,8.345
1402,140.2,104.23004603942296,329.9954985071575,108.12156711858164,450.3527038433424,0.24166272422583734,15193.902419064858,1,0,13.272638320922852,8.32611111111111
1403,140.3,104.47870886122935,330.79699884153484,108.43199931324054,451.61216727633615,0.24166272422583734,15328.030125300313,1,0,12.670501708984375,8.403055555555556
1404,140.4,104.73409229984534,331.5984991751211,108.72824974661707,452.81409347557036,0.24166272422583734,15457.01617563149,1,0,12.087453842163086,8.411111111111111
1405,140.5,104.98947573846137,332.4222634063353,109.01772692818992,453.98853971906556,0.24166272422583734,15587.5628976915,1,0,12.104454040527344,8.503055555555555
1406,140.6,105.25157979388698,333.25715958754984,109.3077190441474,455.16507511774176,0.24166272422583734,15719.14881602484,1,0,12.130487442016602,8.7
1407,140.699,105.51368384929768,334.06979187034557,109.59571808331253,456.33352434693455,0.24166272422583734,15850.727051463326,1,0,12.181005477905273,8.608055555555556
1408,140.799,105.77578790472329,334.91582000076954,109.88643153420013,457.5129862944129,0.24166272422583734,15983.568298114445,1,0,12.114218711853027,8.768055555555556
1409,140.9,106.03789196016383,335.7618481304026,110.17234696459425,458.672982054214,0.24166272422583734,16111.923105181504,1,0,11.543453216552734,8.901944444444444
1410,141.0,106.31343724917882,336.61900820924495,110.45068454200432,459.80223348756243,0.24166272422583734,16242.053642342238,1,0,11.717506408691406,8.919999999999998
1411,141.1,106.58226192141404,337.4650363396689,110.73444193960994,460.9534738301385,0.24166272422583734,16376.058239086018,1,0,11.996393203735352,8.978055555555555
1412,141.2,106.86452782725357,338.3444603169302,111.02808506405553,462.14482184091946,0.24166272422583734,16517.161806540465,1,0,12.54366683959961,9.153888888888888
1413,141.3,107.13335249947389,339.212752345773,111.32721988999471,463.3584503926208,0.24166272422583734,16657.5505356381,1,0,12.455340385437012,9.07
1414,141.4,107.41561840531342,340.0921763222433,111.6232137348676,464.5593355792177,0.24166272422583734,16796.727769545396,1,0,12.281171798706055,9.213888888888889
1415,141.5,107.69788431115292,340.99386419792336,111.9139815959836,465.7390182760069,0.24166272422583734,16933.68902469146,1,0,12.018599510192871,9.385
1416,141.6,107.99359145059677,341.86215622597524,112.20474153749001,466.91866884191904,0.24166272422583734,17074.75279937027,1,0,12.280509948730469,9.246944444444445
1417,141.7,108.2758573564363,342.7638441016553,112.49501254010262,468.09633571970767,0.24166272422583734,17212.7633996715,1,0,11.977738380432129,9.42111111111111
1418,141.801,108.57828511270465,343.654400027335,112.78682018581837,469.28023695666155,0.24166272422583734,17355.43274846574,1,0,12.167476654052734,9.401944444444444
1419,141.9,108.86055101854419,344.55608790301505,113.07351482420324,470.44339406373246,0.24166272422583734,17494.322581909168,1,0,12.033905029296875,9.408055555555555
1420,142.0,109.14281692436879,345.4689077279046,113.36524602480335,471.6269851529973,0.24166272422583734,17639.297200104123,1,0,12.346373558044434,9.531944444444443
1421,142.1,109.42508283020831,346.37059560279374,113.6617967300632,472.83012959397155,0.24166272422583734,17785.99324198975,1,0,12.436676025390625,9.48611111111111
1422,142.2,109.70734873604785,347.2834154276832,113.95733805027022,474.029178829662,0.24166272422583734,17931.27178530273,1,0,12.262018203735352,9.546944444444444
1423,142.3,109.98289402509268,348.19623525178173,114.25201382790121,475.22471644754023,0.24166272422583734,18078.741283666845,1,0,12.364341735839844,9.578888888888889
1424,142.4,110.2651599309322,349.10905507667127,114.54260978556073,476.4037017098456,0.24166272422583734,18221.458761020353,1,0,11.921063423156738,9.505
1425,142.5,110.55414645356645,349.9996110031419,114.83114406571973,477.574322480751,0.24166272422583734,18368.53059398884,1,0,12.192045211791992,9.46888888888889
1426,142.6,110.82297112580166,350.9124308272404,115.1227583664919,478.7574392923438,0.24166272422583734,18516.09675191497,1,0,12.17846393585205,9.5
1427,142.7,111.11867826526041,351.8029867537111,115.41741746044957,479.9529092224087,0.24166272422583734,18667.845795834175,1,0,12.446501731872559,9.385
1428,142.8,111.40094417108502,352.6935426809727,115.71204730662727,481.1482604904598,0.24166272422583734,18816.84442487167,1,0,12.176019668579102,9.351111111111111
1429,142.9,111.66976884332024,353.6063625042803,116.0045168795885,482.3348472515807,0.24166272422583734,18967.924342071652,1,0,12.265965461730957,9.45111111111111
1430,143.0,111.95203474915978,354.48578648154154,116.29846998713896,483.52745290377953,0.24166272422583734,19120.20281579876,1,0,12.300000190734863,9.303055555555556
1431,143.1,112.22758003818969,355.3763424080122,116.59047351275801,484.71214885075295,0.24166272422583734,19270.76801086267,1,0,12.103036880493164,9.303888888888888
1432,143.2,112.49640471040999,356.27803028369226,116.88032922656366,485.8881308483149,0.24166272422583734,19422.42853388199,1,0,12.120505332946777,9.341944444444444
1433,143.3,112.77867061626445,357.15745426095356,117.17011627712606,487.0638342702473,0.24166272422583734,19574.579133690113,1,0,12.097298622131348,9.231944444444444
1434,143.4,113.04077467167514,358.04801018742427,117.45937958359394,488.23741279486995,0.24166272422583734,19727.265242715996,1,0,12.076735496520996,9.241111111111111
1435,143.5,113.28271687667191,358.9385661138949,117.75083541229361,489.41988666483525,0.24166272422583734,19883.37877358218,1,0,12.280529975891113,9.223055555555556
1436,143.6,113.56498278251145,359.81799009115616,118.04171486687089,490.6000221106829,0.24166272422583734,20036.9826078276,1,0,12.02856731414795,9.241944444444444
1437,143.701,113.84052807155629,360.686282119208,118.3316489133752,491.7763219141016,0.24166272422583734,20192.129112828883,1,0,11.96161937713623,9.155
1438,143.8,114.0891908933627,361.6102338933069,118.61566659282983,492.92861825369323,0.24166272422583734,20345.65082003955,1,0,12.013786315917969,9.33
1439,143.9,114.35129494878831,362.5007898189866,118.90153399581288,494.0884191600962,0.24166272422583734,20499.718712441263,1,0,11.876448631286621,9.286111111111111
1440,144.0,114.61339900419898,363.3913457454573,119.18516320757631,495.23913943618544,0.24166272422583734,20653.928375370902,1,0,11.826738357543945,9.19111111111111
1441,144.1,114.88894429324384,364.2596377743001,119.46476438494227,496.3735174574515,0.24166272422583734,20805.203167841428,1,0,11.53982162475586,9.17
1442,144.2,115.15104834865453,365.13906175077034,119.73947473551607,497.4880527639224,0.24166272422583734,20955.625196471687,1,0,11.418006896972656,9.226944444444444
1443,144.3,115.41987302087482,366.02961767724105,120.01067995133285,498.5883672868208,0.24166272422583734,21104.549201172016,1,0,11.246893882751465,9.27
1444,144.4,115.68869769311007,366.9090416545023,120.27910094509556,499.6773858619188,0.24166272422583734,21253.33133664909,1,0,11.18532657623291,9.20888888888889
1445,144.5,115.95080174853568,367.7773336825541,120.54802972961812,500.7684646095912,0.24166272422583734,21404.11400750154,1,0,11.28933048248291,9.14611111111111
1446,144.6,116.2196264207709,368.66788960902477,120.81915061414544,501.8684369895767,0.24166272422583734,21556.665084098327,1,0,11.368522644042969,9.295
1447,144.7,116.4817304761816,369.5584455354955,121.09111942182929,502.971849503118,0.24166272422583734,21709.85200790309,1,0,11.36019229888916,9.255
1448,144.8,116.76399638199128,370.4044736651284,121.35848093387344,504.05656962430106,0.24166272422583734,21858.884201952038,1,0,10.98348617553711,9.10888888888889
1449,144.9,117.01265920384243,371.31729349001796,121.62259059031712,505.12809654810115,0.24166272422583734,22009.753572764344,1,0,11.088431358337402,9.311944444444444
1450,145.0,117.28820449287235,372.1744535688604,121.88620149394157,506.1975999674171,0.24166272422583734,22159.474724965545,1,0,10.941804885864258,9.10611111111111
1451,145.1,117.55030854829798,373.0872733937499,122.13944294690657,507.22503318863335,0.24166272422583734,22300.618408072183,1,0,10.221845626831055,9.341111111111111
1452,145.2,117.81913322051827,373.9778293194296,122.3852466996706,508.22229070130567,0.24166272422583734,22442.949362731866,1,0,10.320228576660156,9.318055555555556
1453,145.3,118.08123727592896,374.87951719510966,122.62983696055618,509.21462492099016,0.24166272422583734,22583.466090416798,1,0,10.12043285369873,9.328888888888889
1454,145.4,118.35006194816421,375.79233701999914,122.86977941483067,510.1881023900831,0.24166272422583734,22721.971586253687,1,0,9.931806564331055,9.436944444444444
1455,145.5,118.61888662039944,376.69402489488823,123.10815210891072,511.155211139702,0.24166272422583734,22861.51457455568,1,0,9.989246368408203,9.448055555555557
1456,145.6,118.88771129263466,377.59571277056835,123.35558582916053,512.1590816405908,0.24166272422583734,23010.63049170309,1,0,10.689045906066895,9.366944444444444
1457,145.699,119.15653596485495,378.5085325946669,123.60132842884478,513.1560910473348,0.24166272422583734,23151.568741494528,1,0,10.0553617477417,9.496944444444445
1458,145.8,119.41864002026567,379.4213524195564,123.85118683376847,514.169798806523,0.24166272422583734,23302.54245081619,1,0,10.61882209777832,9.533888888888889
1459,145.9,119.70090592610521,380.32304029523647,124.10973582877524,515.2187654100228,0.24166272422583734,23458.1967067759,1,0,10.988385200500488,9.42
1460,146.0,119.96973059837025,381.24699206854444,124.38022125021989,516.3161596343614,0.24166272422583734,23623.333471290065,1,0,11.616361618041992,9.556111111111111
1461,146.1,120.24527588737034,382.1598118934339,124.65794171430552,517.4429073593976,0.24166272422583734,23789.317360822253,1,0,11.593025207519531,9.516944444444444
1462,146.2,120.52082117641517,383.08376366674185,124.93837342363925,518.5806549559246,0.24166272422583734,23959.503029095333,1,0,11.84294319152832,9.636944444444445
1463,146.3,120.78292523182587,384.01884738925924,125.22833373563152,519.7570613218139,0.24166272422583734,24138.289587455507,1,0,12.3893404006958,9.673055555555555
1464,146.4,121.0517499040611,384.94279916256716,125.53046110130902,520.9828309930159,0.24166272422583734,24324.863843308485,1,0,12.859756469726562,9.544999999999998
1465,146.5,121.34073642671021,385.86675093666605,125.84211980841486,522.2472705451223,0.24166272422583734,24517.161769475937,1,0,13.185884475708008,9.665000000000001
1466,146.6,121.61628171572522,386.8018346599744,126.16108125142402,523.5413382382183,0.24166272422583734,24714.61851377925,1,0,13.470053672790527,9.683055555555557
1467,146.7,121.88510638796046,387.72578643328234,126.47827420224891,524.8282309305381,0.24166272422583734,24906.559293323746,1,0,13.038089752197266,9.64111111111111
1468,146.8,122.16737229379999,388.66087015500875,126.79312994391137,526.1056412639854,0.24166272422583734,25103.140809368575,1,0,13.274730682373047,9.748055555555556
1469,146.9,122.45635881644913,389.59595387831706,127.10651041294031,527.3770662261742,0.24166272422583734,25295.30484357376,1,0,12.914799690246582,9.748055555555556
1470,147.0,122.73862472228865,390.5310376008344,127.41038777269381,528.6099358489424,0.24166272422583734,25482.08227180342,1,0,12.480545997619629,9.71
1471,147.1,123.00072877769932,391.4772532725612,127.70766931869758,529.8160454050309,0.24166272422583734,25668.00864932499,1,0,12.363580703735352,9.748888888888887
1472,147.2,123.28971530033355,392.4012050466601,127.99923086391483,530.9989481805364,0.24166272422583734,25849.531934858573,1,0,12.002519607543945,9.721944444444444
1473,147.301,123.58542243979231,393.347420717596,128.28661966509492,532.1649215955553,0.24166272422583734,26030.291055363952,1,0,11.777064323425293,9.851944444444444
1474,147.4,123.87440896245636,394.29363638932267,128.56488467274883,533.2938786040476,0.24166272422583734,26207.187765427458,1,0,11.712728500366211,9.856944444444444
1475,147.499,124.15667486828096,395.2398520618405,128.83940755498043,534.4076533272867,0.24166272422583734,26381.236415314474,1,0,11.461172103881836,9.871944444444445
1476,147.6,124.4591026245344,396.1749357835668,129.115015291009,535.5258294422338,0.24166272422583734,26557.69059990253,1,0,11.34360408782959,9.821111111111112
1477,147.699,124.74136853037393,397.1100195068752,129.38162851782855,536.6075136737957,0.24166272422583734,26728.70322405946,1,0,11.162601470947266,9.778888888888888
1478,147.799,125.03707566983269,398.0451032293925,129.64727811610956,537.6852883401509,0.24166272422583734,26900.218877238436,1,0,11.038010597229004,9.848055555555556
1479,147.9,125.3327828092616,398.9913189011193,129.91177780465256,538.7583976744588,0.24166272422583734,27071.315394382542,1,0,10.84764575958252,9.813055555555556
1480,148.0,125.62848994872036,399.9375345728461,130.17291485732028,539.8178643615277,0.24166272422583734,27242.963147069964,1,0,10.975848197937012,9.931944444444445
1481,148.1,125.92419708816418,400.8726182961545,130.43320426070846,540.873892026195,0.24166272422583734,27412.6671053115,1,0,10.776806831359863,9.821944444444444
1482,148.2,126.22662484443254,401.8077020178808,130.69046474436493,541.9176309730385,0.24166272422583734,27582.011314922805,1,0,10.722718238830566,9.865
1483,148.3,126.52905260070091,402.7539176903986,130.94693243402043,542.9581534524174,0.24166272422583734,27751.7793877822,1,0,10.710552215576172,9.885
1484,148.399,126.82475974014473,403.7001333613344,131.19665463101668,543.9713085984847,0.24166272422583734,27915.712385349652,1,0,10.369793891906738,9.87
1485,148.499,127.12046687960347,404.6240851354333,131.44143169883145,544.9644007179631,0.24166272422583734,28077.436369459087,1,0,10.086479187011719,9.796111111111111
1486,148.6,127.40945340222278,405.58143275557853,131.68784099338893,545.9641149917547,0.24166272422583734,28243.89502704033,1,0,10.302312850952148,9.916944444444445
1487,148.7,127.69843992487193,406.52764842730534,131.9348711216615,546.9663480679629,0.24166272422583734,28410.31983073652,1,0,10.34225082397461,9.878055555555555
1488,148.8,127.99414706433066,407.4627321506137,132.17964539364874,547.9594288444086,0.24166272422583734,28574.234200812785,1,0,10.113788604736328,9.786944444444446
1489,148.899,128.2898542037745,408.4089478223404,132.42031434201112,548.9358537936719,0.24166272422583734,28737.914014100003,1,0,10.202325820922852,9.874999999999998
1490,149.0,128.57884072642364,409.3551634940672,132.65585139249143,549.8914579716505,0.24166272422583734,28892.916317627067,1,0,9.286857604980469,9.881944444444445
1491,149.1,128.88126848267706,410.29024721658453,132.8746298883608,550.7790705331493,0.24166272422583734,29040.85326257827,1,0,8.996687889099121,9.776111111111112
1492,149.2,129.1769756221358,411.23646288831134,133.0866672216803,551.6393333291485,0.24166272422583734,29184.845207665978,1,0,8.723491668701172,9.84888888888889
1493,149.299,129.47940337837434,412.1938105092475,133.29907480085615,552.5010982603169,0.24166272422583734,29333.583972695553,1,0,9.206933975219727,9.898888888888889
1494,149.4,129.7751105178331,413.1400261809743,133.52676807726215,553.4248792356987,0.24166272422583734,29493.10221493049,1,0,9.633227348327637,9.896944444444443
1495,149.501,130.06409704049716,414.0862418527011,133.76305729209224,554.3835350414095,0.24166272422583734,29658.328684545355,1,0,9.918192863464355,9.826944444444443
1496,149.6,130.35980417992607,415.02132557521844,133.99953348331297,555.3429494344412,0.24166272422583734,29823.31807330607,1,0,10.043989181518555,9.84888888888889
1497,149.699,130.6555113193848,415.9564092985268,134.23089613200156,556.2816175262093,0.24166272422583734,29981.32527468143,1,0,9.486532211303711,9.758888888888889
1498,149.8,130.95793907563825,416.9026249694626,134.4451187396266,557.1507462617799,0.24166272422583734,30124.64212677429,1,0,8.239017486572266,9.878055555555555
1499,149.9,131.2603668318917,417.8377086919799,134.63837468457973,557.9348105439802,0.24166272422583734,30258.903736907905,1,0,7.911581993103027,9.801944444444445
1500,150.0,131.56279458814512,418.7839243637067,134.82991615958457,558.7119190005801,0.24166272422583734,30394.85612135768,1,0,8.09573745727539,9.831944444444446
1501,150.1,131.85850172760385,419.7301400354335,135.025930924501,559.507176171024,0.24166272422583734,30534.377779301096,1,0,8.285419464111328,9.87
1502,150.2,132.16092948385733,420.6763557071603,135.2352373048408,560.3563591387245,0.24166272422583734,30687.591710043922,1,0,9.206531524658203,9.878055555555555
1503,150.3,132.45663662330114,421.62257137888713,135.47539037051956,561.3306910854354,0.24166272422583734,30868.230274043817,1,0,10.863308906555176,9.883055555555556
1504,150.4,132.7590643795546,422.5799190006142,135.73337969790026,562.3773870452268,0.24166272422583734,31050.89320527831,1,0,10.697126388549805,9.921111111111111
1505,150.499,133.06149213582296,423.5150027231316,135.9951848419857,563.4395642653039,0.24166272422583734,31242.81365397746,1,0,11.403203964233398,9.921111111111111
1506,150.6,133.35719927525184,424.47235034327684,136.28312070845635,564.6077571947314,0.24166272422583734,31456.796507400984,1,0,12.421646118164062,9.953055555555556
1507,150.7,133.65962703153514,425.4408299126315,136.58319221651934,565.8251859865611,0.24166272422583734,31674.722695785476,1,0,12.655640602111816,10.066944444444443
1508,150.8,133.96877540458325,426.39817753356766,136.8907186904452,567.0728605359509,0.24166272422583734,31900.251100388996,1,0,13.044665336608887,10.078055555555554
1509,150.9,134.27120316085163,427.34439320608544,137.21030437899205,568.3694608736677,0.24166272422583734,32137.527771421228,1,0,13.66344165802002,9.99
1510,151.0,134.5870721507094,428.3017408270216,137.5423540951721,569.7166293782883,0.24166272422583734,32383.49657026288,1,0,14.086297035217285,10.03111111111111
1511,151.1,134.8962205237575,429.2702203963762,137.88906788142282,571.1232919055993,0.24166272422583734,32644.923630866826,1,0,14.888933181762695,10.16
1512,151.2,135.19864828002588,430.2275680173125,138.24853454423732,572.5816944971625,0.24166272422583734,32912.288102733495,1,0,15.152068138122559,10.033888888888889
1513,151.3,135.51451726989853,431.18491563824864,138.61776514992434,574.0797106636749,0.24166272422583734,33191.092832649345,1,0,15.704916000366211,10.133888888888889
1514,151.4,135.81694502615196,432.1533952083943,139.00669071773063,575.6576318304745,0.24166272422583734,33491.728304703705,1,0,16.797996520996094,10.139999999999999
1515,151.5,136.126093399215,433.1218747785399,139.41772352193678,577.3252449052954,0.24166272422583734,33807.55923482037,1,0,17.552440643310547,10.184999999999999
1516,151.6,136.43524177227806,434.11261824631333,139.84451509394833,579.0567933326391,0.24166272422583734,34135.268045954,1,0,18.114973068237305,10.308055555555557
1517,151.7,136.7511107621358,435.0810978164589,140.2735432823868,580.7974160011596,0.24166272422583734,34456.225881293634,1,0,17.739356994628906,10.258055555555556
1518,151.8,137.05353851838925,436.060709335814,140.70042852032856,582.5293444432571,0.24166272422583734,34783.92650172567,1,0,17.935884475708008,10.261944444444445
1519,151.9,137.3694075082619,437.05145280358744,141.13502259668982,584.2925486366047,0.24166272422583734,35122.407213116996,1,0,18.38359260559082,10.318888888888889
1520,152.0,137.67855588132497,438.0310643213605,141.58167027319388,586.1046558396175,0.24166272422583734,35473.69589707325,1,0,18.94321632385254,10.291111111111112
1521,152.1,137.987704254388,439.02180778992494,142.03353573996824,587.9379322904068,0.24166272422583734,35823.22362103627,1,0,18.81964874267578,10.341111111111111
1522,152.2,138.30357324426066,440.00141930928,142.47790610648948,589.7408001532407,0.24166272422583734,36164.73829640056,1,0,18.316843032836914,10.301111111111112
1523,152.301,138.6060010004992,440.9921627770534,142.8912738150692,591.4178862361085,0.24166272422583734,36463.83178073269,1,0,15.886689186096191,10.306944444444444
1524,152.4,138.91514937357715,441.96064234719904,143.27017586224633,592.9551406875369,0.24166272422583734,36765.77836783279,1,0,16.098398208618164,10.194999999999999
1525,152.499,139.2175771298306,442.9513858157635,143.65601257439602,594.520529968739,0.24166272422583734,37076.51244927308,1,0,16.47208023071289,10.346111111111112
1526,152.6,139.53344611968834,443.93099733432757,144.06400832426743,596.175821322603,0.24166272422583734,37411.44636344246,1,0,17.286956787109375,10.296111111111111
1527,152.7,139.8358738759567,444.89947690447315,144.48243443777932,597.8734300063833,0.24166272422583734,37752.25233357511,1,0,17.681346893310547,10.193055555555555
1528,152.8,140.14502224900482,445.8790884230372,144.90093796718676,599.5713527764318,0.24166272422583734,38086.40418507211,1,0,17.293426513671875,10.223888888888888
1529,152.899,140.45417062206786,446.8586999423922,145.3096341843876,601.2294860165517,0.24166272422583734,38417.858372714,1,0,17.206741333007812,10.291944444444445
1530,153.0,140.77003961195547,447.8271795117469,145.7227446287863,602.9055283454721,0.24166272422583734,38753.23704053327,1,0,16.97550392150879,10.20111111111111
1531,153.1,141.07246736819397,448.8179229803114,146.1229959001691,604.529399351731,0.24166272422583734,39077.10844679373,1,0,16.473909378051758,10.351111111111111
1532,153.199,141.38833635806662,449.77527060124754,146.50848471938951,606.0933771864704,0.24166272422583734,39391.67950625294,1,0,16.067201614379883,10.131111111111112
1533,153.3,141.69748473112966,450.7326182213928,146.89796450193109,607.6735468738975,0.24166272422583734,39716.41137878572,1,0,16.159757614135742,10.088888888888889
1534,153.401,142.00663310419276,451.7010977907474,147.2900689530965,609.2643651802899,0.24166272422583734,40045.3612690479,1,0,16.28437614440918,10.171111111111111
1535,153.5,142.29561962682695,452.68070931089335,147.67515011600506,610.8266891008193,0.24166272422583734,40368.171659711494,1,0,16.222322463989258,10.133055555555556
1536,153.599,142.5980473830804,453.62692498262015,148.05350918630435,612.3617406250567,0.24166272422583734,40682.451409601614,1,0,15.71692943572998,10.078888888888889
1537,153.699,142.89375452253915,454.6176684511846,148.43319710010647,613.9021834386923,0.24166272422583734,41007.669123698244,1,0,16.01398277282715,10.218888888888888
1538,153.8,143.1827410451883,455.57501607132986,148.8239562766334,615.4875437924507,0.24166272422583734,41344.08403720603,1,0,16.318838119506836,10.091944444444445
1539,153.899,143.46500695102782,456.5546275898939,149.21651240390244,617.080194607023,0.24166272422583734,41685.884418002264,1,0,16.81886100769043,10.126111111111111
1540,154.0,143.75399347367696,457.5231071608305,149.62879643567155,618.7528840733684,0.24166272422583734,42046.321675893865,1,0,17.29500389099121,10.19888888888889
1541,154.1,144.04297999629625,458.49158673018513,150.04216906228314,620.4299901093256,0.24166272422583734,42403.87293655299,1,0,17.250974655151367,10.075000000000001
1542,154.2,144.33196651896031,459.47119824874915,150.45474383958094,622.1038591677623,0.24166272422583734,42762.89684283718,1,0,17.22832679748535,10.173055555555557
1543,154.3,144.62095304159453,460.4508097681042,150.8642637016563,623.7653340413182,0.24166272422583734,43118.84755153054,1,0,16.99567222595215,10.218055555555555
1544,154.4,144.90321894743406,461.46381713429656,151.26418244072886,625.3878559211261,0.24166272422583734,43464.662205264205,1,0,16.42595100402832,10.396944444444445
1545,154.5,145.1989260868928,462.45456060207,151.66259184371754,627.0042542298661,0.24166272422583734,43821.92524858926,1,0,16.869535446166992,10.35888888888889
1546,154.6,145.48791260952703,463.45643601905283,152.0754212124993,628.6791561987737,0.24166272422583734,44197.54083241169,1,0,17.63104248046875,10.406111111111112
1547,154.7,145.76345789857186,464.4694433852452,152.49678931262213,630.3887009014998,0.24166272422583734,44573.62263535254,1,0,17.583126068115234,10.499999999999998
1548,154.799,146.05244442120605,465.49358270143784,152.9238528394623,632.1213526846423,0.24166272422583734,44967.77186831837,1,0,18.46752166748047,10.583055555555555
1549,154.899,146.34143094385522,466.5177220168395,153.368286220514,633.9244762055497,0.24166272422583734,45371.802489911155,1,0,18.674236297607422,10.608888888888888
1550,154.999,146.63041746650435,467.56412522986915,153.80074387377994,635.6790126549835,0.24166272422583734,45750.43158035943,1,0,17.466697692871094,10.785
1551,155.1,146.91268337234388,468.6216603928991,154.2244043740512,637.3978579206358,0.24166272422583734,46138.86163663867,1,0,17.588497161865234,10.92388888888889
1552,155.2,147.1949492781834,469.66806360592875,154.63585383644926,639.0671614314546,0.24166272422583734,46507.798561937445,1,0,16.79676055908203,10.86
1553,155.3,147.48393580081762,470.73673071737716,155.0366909078876,640.693409104057,0.24166272422583734,46876.77948510672,1,0,16.701608657836914,10.956111111111111
1554,155.4,147.77964294026145,471.79426587961615,155.43306994664476,642.3015699633662,0.24166272422583734,47241.49895524332,1,0,16.424198150634766,11.023888888888889
1555,155.5,148.0753500797202,472.8740649402739,155.79610740622437,643.7744597377334,0.24166272422583734,47554.931689525496,1,0,13.915218353271484,11.131944444444445
1556,155.6,148.37105721917897,473.9427320517224,156.1315813835691,645.1355209113367,0.24166272422583734,47871.11467014132,1,0,14.120689392089844,11.133055555555556
1557,155.7,148.66004374181318,475.05592696079947,156.45272390303424,646.4384375127873,0.24166272422583734,48160.802514632946,1,0,12.717523574829102,11.41
1558,155.8,148.9557508812719,476.1691218682945,156.7529311399682,647.6564169741441,0.24166272422583734,48441.54153262355,1,0,12.371106147766113,11.41111111111111
1559,155.9,149.2581786375254,477.28231677578964,157.05076525561947,648.8647683765267,0.24166272422583734,48725.18020031689,1,0,12.51919937133789,11.57
1560,156.0,149.5606063937788,478.4066436332851,157.35232355056093,650.0882292543911,0.24166272422583734,49013.521306479925,1,0,12.682339668273926,11.551111111111112
1561,156.1,149.8630341500024,479.51983854078026,157.65343469567242,651.3098759877511,0.24166272422583734,49299.449131262256,1,0,12.481830596923828,11.591111111111111
1562,156.2,150.17218252306546,480.65529734748515,157.94947085454004,652.5109328476794,0.24166272422583734,49581.417889558536,1,0,12.258217811584473,11.67
1563,156.3,150.48133089615834,481.7907561533991,158.2427410384081,653.70076779046,0.24166272422583734,49863.53530948464,1,0,12.250675201416016,11.735000000000001
1564,156.4,150.79047926922138,482.926214959313,158.53491334072135,654.8861484862394,0.24166272422583734,50144.973755641964,1,0,12.16646671295166,11.76388888888889
1565,156.5,151.09962764228447,484.06167376522694,158.83478839910276,656.1027802563858,0.24166272422583734,50441.63412229666,1,0,12.894402503967285,11.786111111111111
1566,156.6,151.41549663215713,485.21939646955974,159.1450831531595,657.3616860751384,0.24166272422583734,50744.58330268601,1,0,13.037251472473145,11.976111111111111
1567,156.7,151.72464500520525,486.3771191738925,159.4593554911901,658.636729464842,0.24166272422583734,51052.95858536219,1,0,13.226813316345215,12.008888888888889
1568,156.8,152.0270727614736,487.5459738266437,159.78048294742098,659.9395849528092,0.24166272422583734,51370.97255829912,1,0,13.610140800476074,12.08611111111111
1569,156.9,152.34966236814094,488.7148284801859,160.11181929392666,661.2838592246972,0.24166272422583734,51701.12842645226,1,0,14.079980850219727,12.076944444444443
1570,157.0,152.658810741204,489.88368313372814,160.45125767491518,662.6610044949531,0.24166272422583734,52038.15602318526,1,0,14.287236213684082,12.126111111111111
1571,157.1,152.96795911426705,491.0525377872703,160.79661659170355,664.0621701421928,0.24166272422583734,52383.212722517696,1,0,14.574766159057617,12.126111111111111
1572,157.2,153.27038687052053,492.2325243892309,161.1391585809609,665.4519071512959,0.24166272422583734,52719.02130176018,1,0,14.051822662353516,12.11
1573,157.3,153.57953524358356,493.3902470935637,161.4712062887098,666.7990675074525,0.24166272422583734,53047.488814276854,1,0,13.697748184204102,12.03111111111111
1574,157.399,153.87524238302737,494.5924975939432,161.79343394086996,668.1063866321364,0.24166272422583734,53368.94968049984,1,0,13.503159523010254,12.356944444444444
1575,157.5,154.17094952248613,495.77248419669473,162.12895051852502,669.4676206406904,0.24166272422583734,53713.931314523375,1,0,14.258689880371094,12.168055555555554
1576,157.601,154.4800978955492,496.9190749518182,162.48383319594083,670.907425412548,0.24166272422583734,54081.11079957238,1,0,15.10558032989502,11.935
1577,157.7,154.7556431845791,498.14358934982545,162.84719810809725,672.3816437042327,0.24166272422583734,54454.722107440386,1,0,15.567936897277832,12.40388888888889
1578,157.8,155.03790909041862,499.323575952577,163.22998400427835,673.9346554317553,0.24166272422583734,54854.16491050015,1,0,16.421876907348633,12.239999999999998
1579,157.9,155.32017499625815,500.5369584029569,163.62874422086628,675.5524770364925,0.24166272422583734,55267.84357508995,1,0,16.90292739868164,12.386944444444445
1580,158.0,155.60916151889234,501.7503408525458,164.03348584241476,677.1945659722455,0.24166272422583734,55684.30916074968,1,0,16.921749114990234,12.451944444444443
1581,158.1,155.88470680793722,502.9525913529252,164.44064246560205,678.8464528809764,0.24166272422583734,56107.13739974212,1,0,17.104751586914062,12.363055555555555
1582,158.2,156.1602520969671,504.17710575172356,164.84450320746305,680.4849679742789,0.24166272422583734,56521.09621459212,1,0,16.64630889892578,12.493055555555555
1583,158.3,156.43579738599703,505.379356252103,165.23816031976972,682.082085627082,0.24166272422583734,56927.2305214184,1,0,16.252023696899414,12.28888888888889
1584,158.4,156.69790144142266,506.6038706509013,165.61520747741355,683.6118145525513,0.24166272422583734,57311.5339166633,1,0,15.258197784423828,12.50111111111111
1585,158.5,156.96000549684828,507.8172531004902,165.97775267734087,685.0827071660498,0.24166272422583734,57690.79870895156,1,0,15.040080070495605,12.413888888888888
1586,158.6,157.22210955225896,509.0528994484979,166.33101465697993,686.5159365580954,0.24166272422583734,58058.452457079205,1,0,14.482389450073242,12.54888888888889
1587,158.7,157.47077237408027,510.2662818980868,166.67300186275082,687.9034227390741,0.24166272422583734,58417.552180091974,1,0,14.097835540771484,12.353055555555555
1588,158.8,157.7261558126963,511.5019282460945,167.00306803625298,689.2425437553428,0.24166272422583734,58763.35369543207,1,0,13.486136436462402,12.668055555555554
1589,158.9,157.97481863448775,512.7375745925202,167.31379581265168,690.5032064015597,0.24166272422583734,59086.648210671636,1,0,12.481705665588379,12.55111111111111
1590,159.0,158.21676083949947,513.9620889921096,167.62137052316206,691.7510766529914,0.24166272422583734,59423.36679241979,1,0,13.222631454467773,12.51611111111111
1591,159.1,158.46542366132078,515.2088672893267,167.94127265374607,693.048960836847,0.24166272422583734,59770.554072674895,1,0,13.511920928955078,12.556944444444444
1592,159.2,158.69392463271328,516.4222497397064,168.25912188230475,694.3385161325366,0.24166272422583734,60109.82962790611,1,0,13.051068305969238,12.418055555555554
1593,159.3,158.91570498729615,517.6467641377138,168.56699711575246,695.5876056442667,0.24166272422583734,60440.460434713554,1,0,12.678383827209473,12.443888888888889
1594,159.399,159.13076472508433,518.8824104857216,168.8659826642401,696.8006285581031,0.24166272422583734,60764.880344447956,1,0,12.560537338256836,12.466944444444444
1595,159.5,159.3458244628576,520.1180568329382,169.17292325503448,698.0459261040994,0.24166272422583734,61102.57283412241,1,0,12.836832046508789,12.59611111111111
1596,159.6,159.56088420064577,521.3425712317367,169.47487265772713,699.2709737565298,0.24166272422583734,61429.61558951765,1,0,12.397392272949219,12.438055555555556
1597,159.7,159.76922332162434,522.5670856305348,169.77022959025163,700.4692749076219,0.24166272422583734,61753.45827758476,1,0,12.285892486572266,12.44
1598,159.8,159.9708418257933,523.7804680793329,170.06355223297456,701.6593226827392,0.24166272422583734,62076.59115047003,1,0,12.227384567260742,12.32388888888889
1599,159.9,160.17918094677185,524.9938505297126,170.35333897542526,702.8350248546227,0.24166272422583734,62395.36414921626,1,0,11.99039363861084,12.32611111111111
1600,159.999,160.36063760052687,526.21836492772,170.63820669579016,703.9907699197701,0.24166272422583734,62712.28107435911,1,0,12.056768417358398,12.368888888888888
1601,160.1,160.55553548788623,527.4428793273092,170.93152604662572,705.180804339276,0.24166272422583734,63040.39322826963,1,0,12.213530540466309,12.445
1602,160.2,160.7369921416413,528.6451298276887,171.23471195827548,706.4108686679496,0.24166272422583734,63387.33136607335,1,0,13.124030113220215,12.23611111111111
1603,160.3,160.93189002900064,529.8362483796498,171.5578215649763,707.7217659959017,0.24166272422583734,63756.741810971274,1,0,13.87857437133789,12.118888888888888
1604,160.4,161.1133466827557,531.0496308292386,171.88151258970063,709.0350222117286,0.24166272422583734,64114.15049931423,1,0,13.172619819641113,12.213055555555554
1605,160.5,161.29480333651074,532.2518813288272,172.20451303359835,710.3454766521158,0.24166272422583734,64485.019334997494,1,0,13.82086181640625,12.18888888888889
1606,160.6,161.4762599902658,533.4875276776258,172.5360826205944,711.6906972107413,0.24166272422583734,64861.338233310315,1,0,13.888751983642578,12.319999999999999
1607,160.7,161.6442754104016,534.7009101272147,172.8685416345223,713.0395262890894,0.24166272422583734,65239.42466254885,1,0,13.89519214630127,12.296111111111113
1608,160.8,161.81901144734707,535.9031606275942,173.1956624321858,714.3666975358785,0.24166272422583734,65608.34278691586,1,0,13.442631721496582,12.171111111111111
1609,160.9,161.9803062506882,537.1054111279736,173.52064546019204,715.6851955755783,0.24166272422583734,65983.19198140765,1,0,13.716536521911621,12.163888888888888
1610,161.0,162.15504228764854,538.2965296799347,173.8485614939263,717.0155931976241,0.24166272422583734,66359.7892696845,1,0,13.687746047973633,12.04111111111111
1611,161.102,162.3230577077844,539.5099121295235,174.181295004033,718.3655359423561,0.24166272422583734,66742.47599703011,1,0,13.573904991149902,12.191944444444445
1612,161.2,162.48435251111056,540.7232945791123,174.50082337354957,719.6619037293779,0.24166272422583734,67113.31090806505,1,0,13.67437744140625,12.274999999999999
1613,161.3,162.63892669764212,541.9144131310734,174.82400162067063,720.9730795403638,0.24166272422583734,67485.4189487607,1,0,13.333963394165039,12.098055555555554
1614,161.4,162.79350088417365,543.1389275298717,175.14426351150217,722.272423317922,0.24166272422583734,67859.65683242481,1,0,13.430654525756836,12.266111111111112
1615,161.5,162.95479568751477,544.3411780294603,175.46590317475923,723.5773568958255,0.24166272422583734,68236.03746068277,1,0,13.449105262756348,12.14111111111111
1616,161.6,163.09592864042708,545.5434285306306,175.78960682064812,724.890664317344,0.24166272422583734,68617.45156056451,1,0,13.603143692016602,12.169999999999998
1617,161.7,163.25722344376825,546.767942929429,176.11667133659037,726.2176072219345,0.24166272422583734,69003.88076877859,1,0,13.729976654052734,12.308888888888887
1618,161.8,163.41179763029973,547.9813253790178,176.4433791163436,727.5431028018176,0.24166272422583734,69388.44595644073,1,0,13.573330879211426,12.261944444444444
1619,161.9,163.573092433626,549.1947078286067,176.76859872842178,728.8625606935963,0.24166272422583734,69774.45142612804,1,0,13.605608940124512,12.303888888888888
1620,162.0,163.72766662017239,550.4080902781956,177.09265195546345,730.1772864109178,0.24166272422583734,70158.81935205217,1,0,13.475854873657227,12.291111111111112
1621,162.1,163.8956820403082,551.6214727277844,177.41314367473456,731.4775626320835,0.24166272422583734,70539.91224703279,1,0,13.30797004699707,12.189999999999998
1622,162.2,164.0704180772537,552.8348551773734,177.7294995091324,732.7610590351422,0.24166272422583734,70917.28346996281,1,0,13.13021469116211,12.33611111111111
1623,162.3,164.2384334974044,554.0482376269622,178.04246313738489,734.030792820564,0.24166272422583734,71292.55203073696,1,0,13.024479866027832,12.171111111111111
1624,162.4,164.40644891755517,555.2727520257605,178.35335627842696,735.292126372457,0.24166272422583734,71666.93853806093,1,0,12.957181930541992,12.341944444444444
1625,162.5,164.58118495448568,556.4861344753494,178.66224097680816,736.5453114135572,0.24166272422583734,72039.8181005311,1,0,12.856632232666016,12.413888888888888
1626,162.6,164.75592099144603,557.7106488749387,178.95760733526566,737.7436508068747,0.24166272422583734,72389.23004975925,1,0,11.82744026184082,12.33611111111111
1627,162.699,164.93737764518616,558.9240313229457,179.23937113308799,738.8868028581257,0.24166272422583734,72733.59485773278,1,0,11.957703590393066,12.253055555555555
1628,162.799,165.1188342989412,560.1485457225349,179.51642204781743,740.0108341351091,0.24166272422583734,73065.67623859979,1,0,11.195728302001953,12.378055555555557
1629,162.899,165.30029095269623,561.339664273705,179.7827563385698,741.0913866870876,0.24166272422583734,73390.99947053782,1,0,11.062104225158691,12.195
1630,163.0,165.48846822326092,562.5641786725032,180.04301758215428,742.1473001038011,0.24166272422583734,73706.24879149263,1,0,10.472847938537598,12.346944444444443
1631,163.101,165.67664549382556,563.7886930705106,180.30041352445636,743.1915886238326,0.24166272422583734,74026.24038632175,1,0,10.825018882751465,12.38888888888889
1632,163.2,165.8648227643753,565.0132074700998,180.55209840063807,744.2127066123735,0.24166272422583734,74334.11354064773,1,0,10.42100715637207,12.443055555555556
1633,163.3,166.0597206517496,566.2377218688981,180.80231036329437,745.2278488008616,0.24166272422583734,74644.67821573652,1,0,10.489465713500977,12.281111111111112
1634,163.4,166.2411773054897,567.4511043184871,181.057873129145,746.2646998877062,0.24166272422583734,74965.1197797475,1,0,10.868179321289062,12.33611111111111
1635,163.5,166.436075192864,568.6978826157042,181.3267658303743,747.3556322408062,0.24166272422583734,75306.05931599921,1,0,11.603462219238281,12.511944444444444
1636,163.6,166.63097308022333,569.9223970137115,181.61262136535453,748.5153849971917,0.24166272422583734,75668.97262928984,1,0,12.285780906677246,12.536111111111111
1637,163.7,166.80570911716876,571.1469114125098,181.90792420717378,749.7134666953195,0.24166272422583734,76039.69909109607,1,0,12.392983436584473,12.273055555555555
1638,163.8,166.99388638773343,572.371425812099,182.21103161883178,750.9432125394067,0.24166272422583734,76425.45971883423,1,0,12.938016891479492,12.376111111111111
1639,163.9,167.17534304148847,573.6182041085251,182.52015704367437,752.1973742387939,0.24166272422583734,76814.45944901597,1,0,12.895915031433105,12.51611111111111
1640,164.0,167.34335846162432,574.831586558114,182.82944055259708,753.4521773056734,0.24166272422583734,77205.82918053352,1,0,12.951228141784668,12.353055555555555
1641,164.1,167.52481511537934,576.0561009569124,183.13952696614632,754.710237860129,0.24166272422583734,77599.03760590123,1,0,12.963014602661133,12.35
1642,164.2,167.69955115232477,577.2806153557107,183.45331974556998,755.9833356187421,0.24166272422583734,78000.99027059805,1,0,13.26097297668457,12.34388888888889
1643,164.3,167.86756657247554,578.505129754509,183.77507921859808,757.288755280332,0.24166272422583734,78415.14219079951,1,0,13.628799438476562,12.358888888888888
1644,164.4,168.04230260942097,579.7185122040978,184.10246554000187,758.6170037911654,0.24166272422583734,78835.18987502181,1,0,13.73121452331543,12.268055555555556
1645,164.5,168.2170386463664,580.9207627044773,184.43201415446484,759.9540250036912,0.24166272422583734,79259.16586812731,1,0,13.809504508972168,12.168055555555554
1646,164.6,168.3783334496926,582.1564090524851,184.76321140569496,761.2977349481148,0.24166272422583734,79686.48968406036,1,0,13.868992805480957,12.465
1647,164.7,168.5530694866679,583.3920553997018,185.0960962869285,762.6482918250225,0.24166272422583734,80117.65814819105,1,0,13.950541496276855,12.51888888888889
1648,164.8,168.72780552359842,584.6054378500817,185.43204310148252,764.0112713601394,0.24166272422583734,80555.2264645491,1,0,14.124881744384766,12.311944444444444
1649,164.9,168.9025415605588,585.829952248089,185.7725344253766,765.3926885555029,0.24166272422583734,81000.53705870207,1,0,14.330330848693848,12.351944444444444
1650,165.0,169.08399821431385,587.0544666468872,186.12360161188715,766.8170133888852,0.24166272422583734,81466.44375842118,1,0,15.00871753692627,12.325
1651,165.101,169.25873425124433,588.2678490964761,186.49469775316228,768.3225982737735,0.24166272422583734,81960.66945852546,1,0,15.697113037109375,12.36111111111111
1652,165.199,169.44019090499938,589.4923634952745,186.8604259770124,769.806404825665,0.24166272422583734,82439.22800480941,1,0,15.490934371948242,12.346944444444443
1653,165.3,169.62836817556405,590.7168778948637,187.23748973445464,771.3362010986565,0.24166272422583734,82939.52980845218,1,0,15.708678245544434,12.44611111111111
1654,165.4,169.80310421250948,591.9525242420804,187.61481737636936,772.8670679849714,0.24166272422583734,83440.85973148087,1,0,15.824983596801758,12.455
1655,165.5,169.99128148305923,593.1993025392976,187.99624003842834,774.4145488959197,0.24166272422583734,83950.84938159425,1,0,16.0509033203125,12.508055555555556
1656,165.6,170.1727381368292,594.4238169373049,188.38396497516302,775.987598947683,0.24166272422583734,84472.13476894474,1,0,16.35167121887207,12.42
1657,165.7,170.35419479058424,595.670595234522,188.76083707976503,777.5166176603946,0.24166272422583734,84962.76084473515,1,0,15.1439208984375,12.54611111111111
1658,165.8,170.52893082752965,596.9285054801576,189.13225636199445,779.023513569792,0.24166272422583734,85471.23640863509,1,0,15.895973205566406,12.656944444444443
1659,165.9,170.72382871490396,598.1641518281654,189.49398480368424,780.4910924898286,0.24166272422583734,85941.65406844822,1,0,14.334047317504883,12.583055555555555
1660,166.0,170.91200598543873,599.399798176173,189.8396123139176,781.8933478553002,0.24166272422583734,86412.35922406772,1,0,14.55040168762207,12.48611111111111
1661,166.102,171.0800214055895,600.6577084218086,190.18462874000022,783.2931239735947,0.24166272422583734,86872.5017919714,1,0,13.717617988586426,12.643055555555556
1662,166.199,171.27491929294885,601.9044867190257,190.49932496737406,784.5698871370093,0.24166272422583734,87298.4918229951,1,0,13.395257949829102,12.618055555555554
1663,166.299,171.46309656351352,603.1512650154519,190.81427122538113,785.8476647069356,0.24166272422583734,87724.80558672296,1,0,12.925127029418945,12.64611111111111
1664,166.4,171.65127383406326,604.3980433126691,191.1210545370655,787.0923241513071,0.24166272422583734,88141.47707276965,1,0,12.459228515625,12.613055555555555
1665,166.499,171.8394511046279,605.6448216098861,191.4140845571752,788.2811847187592,0.24166272422583734,88543.2744265252,1,0,12.276955604553223,12.541111111111112
1666,166.599,172.03434899198726,606.8915999063123,191.70342227830318,789.455065153251,0.24166272422583734,88939.41450679739,1,0,11.903297424316406,12.56
1667,166.7,172.2292468793615,608.1383782043205,191.99811141884882,790.6506569861967,0.24166272422583734,89352.95829805978,1,0,12.480342864990234,12.64611111111111
1668,166.8,172.42414476673582,609.3740245515371,192.30092508602507,791.8792110710534,0.24166272422583734,89776.86888615652,1,0,12.826108932495117,12.526111111111112
1669,166.9,172.62576327090477,610.609670898754,192.6084260323332,793.1267820516073,0.24166272422583734,90205.61708719765,1,0,12.872063636779785,12.528888888888888
1670,167.0,172.8206611582641,611.8341852975522,192.91346643354163,794.3643702834912,0.24166272422583734,90629.27955412383,1,0,12.620478630065918,12.445
1671,167.1,173.02227966243308,613.0809635947693,193.21211764977664,795.5760367682784,0.24166272422583734,91045.01519497848,1,0,12.338112831115723,12.54888888888889
1672,167.2,173.22389816660203,614.3166099427771,193.50282315823156,796.7554664922835,0.24166272422583734,91449.95046803694,1,0,11.95644760131836,12.536111111111111
1673,167.3,173.42551667077097,615.5522562899938,193.7911875890116,797.9253981623623,0.24166272422583734,91858.05621908822,1,0,12.14246654510498,12.41611111111111
1674,167.4,173.63385579174954,616.7879026372105,194.07568810617946,799.0796534368013,0.24166272422583734,92255.41440895449,1,0,11.633536338806152,12.584999999999999
1675,167.5,173.84219491272813,618.0235489860092,194.356712793428,800.2198068211723,0.24166272422583734,92655.63645473542,1,0,11.851987838745117,12.53
1676,167.599,174.05053403370673,619.2480633848076,194.6397988306658,801.3683233681879,0.24166272422583734,93059.63352178253,1,0,12.04477310180664,12.446944444444444
1677,167.7,174.26559377147998,620.4614458343964,194.93360888633114,802.5603486404474,0.24166272422583734,93480.29853322776,1,0,12.266128540039062,12.358888888888888
1678,167.8,174.48065350926817,621.7082241308226,195.2273105177485,803.7519340215553,0.24166272422583734,93899.9911647671,1,0,12.278820991516113,12.59388888888889
1679,167.9,174.6889926302318,622.9216065804114,195.52551215349527,804.9617765003442,0.24166272422583734,94330.7020910498,1,0,12.64219856262207,12.31611111111111
1680,168.0,174.90405236802,624.1461209792097,195.8268691944963,806.1844208650276,0.24166272422583734,94762.63597950894,1,0,12.542521476745605,12.391944444444443
1681,168.1,175.1258327226178,625.3595034287986,196.12775990286667,807.4051732581112,0.24166272422583734,95196.71582256154,1,0,12.603226661682129,12.426111111111112
1682,168.2,175.34089246039105,626.5728858783875,196.42948945080676,808.629328931468,0.24166272422583734,95632.73793061996,1,0,12.612624168395996,12.321944444444444
1683,168.3,175.56267281498884,627.7751363795579,196.72973558968465,809.8474662230262,0.24166272422583734,96066.45607857993,1,0,12.479256629943848,12.238888888888889
1684,168.4,175.7844531695717,628.9773868791464,197.0314274110696,811.0714688348852,0.24166272422583734,96507.3320639941,1,0,12.733441352844238,12.251111111111111
1685,168.5,176.0062335241546,630.1907693295263,197.33821429159934,812.3161427585226,0.24166272422583734,96956.07927342926,1,0,12.90505599975586,12.31
1686,168.6,176.2280138787374,631.3818878806962,197.64852747529508,813.5751233486966,0.24166272422583734,97410.7887003991,1,0,13.028138160705566,12.168055555555554
1687,168.7,176.44307361654054,632.5841383818668,197.96082914286615,814.8421714742975,0.24166272422583734,97868.91796207368,1,0,13.071235656738281,12.139999999999997
1688,168.8,176.65141273750422,633.7863888822462,198.27306828660312,816.1089659326433,0.24166272422583734,98327.35756152228,1,0,13.022912979125977,12.21111111111111
1689,168.9,176.8664724752924,634.9552435357884,198.5867826915619,817.3817457159487,0.24166272422583734,98791.58557307137,1,0,13.194524765014648,11.96888888888889
1690,169.0,177.08153221306566,636.1463620869584,198.90096309821666,818.6564161282092,0.24166272422583734,99254.7053064072,1,0,13.061857223510742,12.118055555555555
1691,169.1,177.2898713340442,637.348612588129,199.21570976836833,819.9333839444763,0.24166272422583734,99723.27840638375,1,0,13.24184799194336,12.11
1692,169.2,177.5116516886271,638.5174672408801,199.53387227796728,821.2242102617329,0.24166272422583734,100197.53006206398,1,0,13.347322463989258,11.971944444444443
1693,169.3,177.71999080960566,639.7085857920501,199.85435596351348,822.5244538890411,0.24166272422583734,100676.46899902541,1,0,13.435831069946289,12.068055555555555
1694,169.4,177.92832993058423,640.8885723955927,200.18402855295994,823.861978084057,0.24166272422583734,101177.05275284885,1,0,14.115248680114746,11.958055555555555
1695,169.5,178.1433896683724,642.0796909459718,200.5166369667851,825.2114132970481,0.24166272422583734,101671.30630014635,1,0,13.681180953979492,12.081944444444444
1696,169.6,178.35172878935097,643.2596775487234,200.83966075869608,826.5219624633352,0.24166272422583734,102153.54882152633,1,0,13.314251899719238,12.023888888888889
1697,169.7,178.56678852712423,644.439664150684,201.15950596851266,827.8196157122993,0.24166272422583734,102637.47810127847,1,0,13.415543556213379,11.931111111111111
1698,169.799,178.7818482649124,645.6196507534356,201.47432089383105,829.0968604485768,0.24166272422583734,103111.41771632826,1,0,13.15961742401123,12.016944444444444
1699,169.9,178.99690800268567,646.8107693046057,201.79143626511902,830.3834383907142,0.24166272422583734,103592.13794371857,1,0,13.079649925231934,12.058055555555555
1700,170.0,179.20524712366426,647.9907559065664,202.10499254035153,831.655576621335,0.24166272422583734,104070.14318804396,1,0,13.12457275390625,12.008888888888889
1701,170.1,179.42030686145245,649.1818744585273,202.42005092816234,832.9338091163302,0.24166272422583734,104552.19432723141,1,0,13.205183029174805,12.063055555555556
1702,170.2,179.6353665992257,650.3841249596978,202.73228615774062,834.2005876944295,0.24166272422583734,105027.15377634726,1,0,12.888638496398926,12.168055555555554
1703,170.3,179.83026448659996,651.5752435108678,203.03872716586855,835.4438583691447,0.24166272422583734,105496.18396964973,1,0,12.720953941345215,12.135000000000002
1704,170.4,180.03860360757852,652.7774940112473,203.34108724710552,836.6705721973718,0.24166272422583734,105960.22042736574,1,0,12.547591209411621,12.133888888888889
1705,170.5,180.25366334535178,653.9686125632084,203.64343119242324,837.8972205600945,0.24166272422583734,106429.02899462568,1,0,12.719605445861816,12.056944444444444
1706,170.6,180.4687230831698,655.1597311143785,203.94546636425946,839.1226161889973,0.24166272422583734,106894.88297989688,1,0,12.5217866897583,12.071944444444444
1707,170.7,180.66362097049935,656.3619816155489,204.24869678091986,840.3528610802364,0.24166272422583734,107368.93382383732,1,0,12.819493293762207,12.169999999999998
1708,170.8,180.8585188578736,657.5864960143471,204.55777336436626,841.6068246237828,0.24166272422583734,107852.31791752875,1,0,13.010356903076172,12.308888888888887
1709,170.9,181.05341674523294,658.7776145655172,204.8668762171804,842.8608947455407,0.24166272422583734,108333.12741298955,1,0,12.821688652038574,12.11
1710,171.0,181.24831463259227,659.9798650658965,205.1719583960411,844.0986524747458,0.24166272422583734,108809.45168630723,1,0,12.674345016479492,12.151944444444444
1711,171.1,181.44321251996652,661.1821155670671,205.47578798708318,845.3313282936937,0.24166272422583734,109287.09111131799,1,0,12.717008590698242,12.15611111111111
1712,171.2,181.63138979053122,662.395498015865,205.7765607457638,846.5516021496805,0.24166272422583734,109757.75078292777,1,0,12.418882369995117,12.216944444444444
1713,171.299,181.81284644428627,663.5977485162445,206.07253306744303,847.7524000139061,0.24166272422583734,110226.64539494674,1,0,12.56567668914795,12.181944444444444
1714,171.4,181.99430309804129,664.7888670689964,206.37638278832966,848.9851575022284,0.24166272422583734,110707.88266640651,1,0,12.575942993164062,12.106111111111112
1715,171.5,182.17575975178144,665.9799856193755,206.67732257773866,850.2061090234131,0.24166272422583734,111185.67650449039,1,0,12.573906898498535,12.114999999999998
1716,171.6,182.3572164055365,667.182236119755,206.97641559179084,851.4195679388987,0.24166272422583734,111660.29406516874,1,0,12.421606063842773,12.121944444444445
1717,171.7,182.5386730592915,668.373354671716,207.27351494112798,852.6249382996228,0.24166272422583734,112134.41876000787,1,0,12.407294273376465,12.02111111111111
1718,171.8,182.713409096237,669.564473222886,207.57190777724747,853.8355565029724,0.24166272422583734,112613.26368726646,1,0,12.529704093933105,12.026944444444442
1719,171.9,182.89486574999202,670.7444598256376,207.87046419780984,855.0468383894951,0.24166272422583734,113091.28354777773,1,0,12.420965194702148,12.031944444444443
1720,172.0,183.06960178693745,671.9355783775987,208.1671074164341,856.2503581691151,0.24166272422583734,113568.09721779091,1,0,12.369815826416016,11.993055555555555
1721,172.1,183.24433782388292,673.1266969287686,208.46558428714283,857.4613173116264,0.24166272422583734,114051.73712098537,1,0,12.57420539855957,11.996111111111112
1722,172.2,183.41235324403365,674.3066835307294,208.7680747224148,858.6885600029782,0.24166272422583734,114542.40399345254,1,0,12.705233573913574,11.961944444444445
1723,172.3,183.58036866416947,675.4755381842715,209.0701237706852,859.9140119303632,0.24166272422583734,115030.56484245593,1,0,12.537318229675293,11.92111111111111
1724,172.4,183.74166346751062,676.6555247870232,209.3714089303883,861.1363646633544,0.24166272422583734,115521.62086396164,1,0,12.64139461517334,11.92111111111111
1725,172.5,183.90967888764646,677.8355113897748,209.68299527691147,862.4005106392485,0.24166272422583734,116037.80047807397,1,0,13.398199081420898,11.896944444444442
1726,172.6,184.07769430779717,679.0154979917354,210.00731619588637,863.7163224172525,0.24166272422583734,116571.48121575481,1,0,13.705636024475098,11.853055555555557
1727,172.7,184.23898911112337,680.2177484921149,210.33561520094295,865.0482738033236,0.24166272422583734,117110.03586465186,1,0,13.73065185546875,12.096944444444444
1728,172.8,184.41372514806883,681.3866031456571,210.66592822890414,866.3883963399556,0.24166272422583734,117654.8082157768,1,0,13.873950004577637,11.851944444444445
1729,172.9,184.57501995140996,682.577721697618,210.9930024446564,867.7153785979258,0.24166272422583734,118189.4982880038,1,0,13.459980964660645,11.961944444444445
1730,173.0,184.74303537156072,683.7577082995788,211.31731567225253,869.0311591710147,0.24166272422583734,118727.92670996595,1,0,13.643211364746094,11.883055555555556
1731,173.1,184.8976095580773,684.9265629523298,211.64304407930618,870.3526813096,0.24166272422583734,119267.42888078277,1,0,13.578248977661133,11.896944444444442
1732,173.2,185.04546312781414,686.117681504291,211.97397201816426,871.6952986190119,0.24166272422583734,119823.58673106425,1,0,14.077741622924805,11.928055555555556
1733,173.3,185.2000373143457,687.308800055461,212.31697835444425,873.0869195438469,0.24166272422583734,120401.79944282238,1,0,14.587653160095215,11.981944444444444
1734,173.4,185.36133211767188,688.4887866582126,212.66148664354083,874.4846340848827,0.24166272422583734,120973.534963669,1,0,14.203261375427246,11.936944444444444
1735,173.5,185.52262692101303,689.6687732601732,213.0061607993886,875.8830215687108,0.24166272422583734,121556.67743945176,1,0,14.60151481628418,11.848055555555556
1736,173.6,185.68392172433926,690.8487598629248,213.3534833799502,877.2921540530236,0.24166272422583734,122139.07181368643,1,0,14.424592971801758,11.905
1737,173.7,185.8452165276804,692.0287464648854,213.70123614138004,878.7030318365755,0.24166272422583734,122728.6859963805,1,0,14.637465476989746,11.953888888888889
1738,173.8,186.00651133103642,693.208733067637,214.05170989351424,880.1249490301906,0.24166272422583734,123322.26030682675,1,0,14.651988983154297,11.863888888888889
1739,173.9,186.1678061343925,694.3887196703887,214.4024497970235,881.547946034245,0.24166272422583734,123918.0002170941,1,0,14.659708023071289,11.94888888888889
1740,173.999,186.33582155449847,695.5687062723492,214.748031148828,882.9500141290202,0.24166272422583734,124504.85213058259,1,0,14.512606620788574,11.910000000000002
1741,174.099,186.49711635782467,696.7598248235194,215.10093113155745,884.3817748529369,0.24166272422583734,125113.55277195001,1,0,14.979610443115234,11.954999999999998
1742,174.2,186.66513177797543,697.9398114270618,215.46078347616356,885.8417422052486,0.24166272422583734,125727.90997141946,1,0,14.795867919921875,11.931944444444444
1743,174.3,186.8331471981262,699.1197980290226,215.82116519623153,887.3038573020533,0.24166272422583734,126354.03447943708,1,0,15.321605682373047,11.969999999999999
1744,174.399,187.00116261826201,700.3109165801926,216.1839251199401,888.7756210776133,0.24166272422583734,126979.21496549313,1,0,15.300841331481934,12.021944444444445
1745,174.5,187.17589865520745,701.5131670805721,216.55331647829607,890.2742894384269,0.24166272422583734,127617.61872162622,1,0,15.26392936706543,12.08
1746,174.6,187.3439140753582,702.704285632533,216.91948327916987,891.7598753538425,0.24166272422583734,128253.84924786171,1,0,15.33700942993164,12.095
1747,174.7,187.53209134590793,703.8954041837031,217.28565369750223,893.2454759457539,0.24166272422583734,128890.17940805633,1,0,15.26423168182373,12.093055555555555
1748,174.8,187.7001067660587,705.0976546840826,217.65824578946587,894.7571300954354,0.24166272422583734,129548.67662655107,1,0,15.873675346374512,12.093888888888888
1749,174.9,187.88156341981374,706.299905185253,218.02988545137865,896.2649201136184,0.24166272422583734,130190.44569165554,1,0,15.184636116027832,12.118055555555555
1750,175.0,188.07646130717308,707.5244195832604,218.39256898200827,897.7363739526088,0.24166272422583734,130826.85106862358,1,0,15.125202178955078,12.293055555555556
1751,175.1,188.2579179609132,708.7266700844308,218.7453670596749,899.1677212345486,0.24166272422583734,131438.95783650296,1,0,14.358498573303223,12.218055555555555
1752,175.2,188.43265399788848,709.9400525340197,219.09113126876017,900.5705312048849,0.24166272422583734,132052.30253201447,1,0,14.537374496459961,12.233888888888888
1753,175.3,188.61411065162864,711.1645669328179,219.43394551456728,901.9613727939084,0.24166272422583734,132654.80820508214,1,0,14.111967086791992,12.338888888888889
1754,175.4,188.79556730538366,712.3779493831978,219.7639640220618,903.3003004230393,0.24166272422583734,133233.95725417917,1,0,13.468021392822266,12.301944444444445
1755,175.5,188.97702395913873,713.6024637812052,220.07200363876024,904.5500568588091,0.24166272422583734,133770.0585038703,1,0,12.275168418884277,12.35611111111111
1756,175.6,189.15175999608414,714.815846230794,220.3613246533919,905.7238695128917,0.24166272422583734,134283.441591361,1,0,11.903688430786133,12.358888888888888
1757,175.7,189.3332166498392,716.0403606295923,220.6481765414449,906.887664602138,0.24166272422583734,134799.1928611195,1,0,12.06882095336914,12.31611111111111
1758,175.801,189.51467330359424,717.2537430791812,220.9440593020395,908.0880991054973,0.24166272422583734,135334.30840626085,1,0,12.413583755493164,12.268055555555556
1759,175.9,189.70285057414398,718.4671255287701,221.23891079480995,909.2843496223486,0.24166272422583734,135865.89983298612,1,0,12.476360321044922,12.344999999999999
1760,176.0,189.88430722789903,719.6916399275684,221.53765345172454,910.4963870937607,0.24166272422583734,136405.30059323856,1,0,12.489872932434082,12.298055555555557
1761,176.101,190.07248449847862,720.8938904279479,221.83688216805874,911.7103965708985,0.24166272422583734,136944.44190714188,1,0,12.269388198852539,12.245
1762,176.2,190.25394115223364,722.1072728775367,222.12537598928313,912.8808531946904,0.24166272422583734,137465.8543611919,1,0,12.083871841430664,12.274999999999999
1763,176.299,190.4353978059738,723.3206553271256,222.41129216724738,914.0408519874799,0.24166272422583734,137985.45310372653,1,0,12.051795959472656,12.285000000000002
1764,176.4,190.61685445972884,724.5340377775055,222.69901841660143,915.2081944732425,0.24166272422583734,138506.90208646984,1,0,11.755709648132324,12.198055555555554
1765,176.5,190.7983111134839,725.7585521755128,222.9832298337848,916.3612768317753,0.24166272422583734,139028.67674227364,1,0,11.996132850646973,12.37111111111111
1766,176.6,190.97976776723894,726.9608026758923,223.26848427724443,917.5185908823722,0.24166272422583734,139549.53225883053,1,0,11.842876434326172,12.181944444444444
1767,176.7,191.16122442097904,728.1630531770627,223.55724103681047,918.6901142809128,0.24166272422583734,140084.27421838202,1,0,12.288825035095215,12.166944444444445
1768,176.8,191.34268107473412,729.3653036774422,223.85242557518228,919.8877160067034,0.24166272422583734,140628.40210143224,1,0,12.38005256652832,12.14111111111111
1769,176.9,191.52413772848917,730.5675541778216,224.14694542551436,921.0826210074288,0.24166272422583734,141170.08254747288,1,0,12.2332763671875,12.173055555555555
1770,177.0,191.69887376543457,731.7475407805732,224.439047877784,922.2677183125767,0.24166272422583734,141709.59711198442,1,0,12.178028106689453,12.021944444444445
1771,177.1,191.87360980239495,732.9497912809527,224.7323767740314,923.457791459049,0.24166272422583734,142254.94351607762,1,0,12.335771560668945,12.103888888888887
1772,177.2,192.05506645613508,734.1297778829133,225.02642800942454,924.6507952285557,0.24166272422583734,142800.21379066675,1,0,12.238394737243652,11.971944444444443
1773,177.3,192.22308187628585,735.3208964348744,225.32547533166587,925.8640687664744,0.24166272422583734,143362.73955646754,1,0,12.753299713134766,11.99
1774,177.4,192.39781791324617,736.5008830368349,225.6305608312851,927.1018399684248,0.24166272422583734,143932.15987747352,1,0,12.743011474609375,11.97111111111111
1775,177.5,192.56583333336707,737.6697376903772,225.94094223317407,928.361097328603,0.24166272422583734,144518.14208992926,1,0,13.195883750915527,11.821944444444444
1776,177.6,192.73384875351783,738.8608562415473,226.26020534027458,929.6563889118065,0.24166272422583734,145120.4814083798,1,0,13.485264778137207,11.92611111111111
1777,177.7,192.9018641736686,740.0297108950895,226.59004297484125,930.994582716152,0.24166272422583734,145748.04087139523,1,0,14.079607963562012,11.853055555555557
1778,177.799,193.0631589769948,741.209697497841,226.92066228708444,932.3359478876007,0.24166272422583734,146368.49157208425,1,0,13.829683303833008,11.865
1779,177.9,193.22445378033595,742.3896840998017,227.25911897905888,933.7091103189723,0.24166272422583734,147012.76002617695,1,0,14.17544174194336,11.935
1780,178.0,193.38574858366215,743.5696707017622,227.59645545686422,935.0777278970478,0.24166272422583734,147650.42299856336,1,0,14.016117095947266,11.89111111111111
1781,178.1,193.54704338698835,744.7496573045139,227.9274938366179,936.4207932794106,0.24166272422583734,148275.3789508721,1,0,13.649103164672852,11.938055555555554
1782,178.2,193.70833819034442,745.9185119580561,228.25627720454028,937.7547097880696,0.24166272422583734,148904.348880201,1,0,13.82766342163086,11.863888888888889
1783,178.299,193.88307422728982,747.0984985608077,228.57819943079465,939.0607897604797,0.24166272422583734,149513.95376884358,1,0,13.347461700439453,11.860000000000001
1784,178.399,194.05781026423531,748.2896171127687,228.89888831867444,940.3618659201087,0.24166272422583734,150129.80791565977,1,0,13.452840805053711,12.00111111111111
1785,178.499,194.23254630119564,749.4696037147294,229.22054576111267,941.6668716304423,0.24166272422583734,150747.5689960007,1,0,13.428404808044434,11.966944444444445
1786,178.6,194.40056172133148,750.6384583674806,229.54471957128547,942.9820865690716,0.24166272422583734,151371.6778416123,1,0,13.394903182983398,11.86888888888889
1787,178.7,194.58201837508653,751.8295769194416,229.86875925282774,944.2967573305559,0.24166272422583734,152001.01410099215,1,0,13.685428619384766,11.97111111111111
1788,178.8,194.77019564565117,753.0206954706116,230.19898607800678,945.636530131388,0.24166272422583734,152643.23129577376,1,0,13.911969184875488,12.08
1789,178.9,194.94493168258168,754.222945971782,230.53657136164466,947.0061571468009,0.24166272422583734,153303.4999581239,1,0,14.300382614135742,12.195
1790,179.0,195.13982956994107,755.4140645229521,230.88190945237037,948.4072383000197,0.24166272422583734,153979.07841315668,1,0,14.559879302978516,12.041944444444447
1791,179.1,195.3145656069014,756.6163150233315,231.23289122349513,949.8312165921706,0.24166272422583734,154666.9555055544,1,0,14.7720308303833,12.139999999999997
1792,179.2,195.5027428774661,757.8185655237111,231.59555697494358,951.302598298731,0.24166272422583734,155387.14392396488,1,0,15.536321640014648,12.15
1793,179.299,195.69092014798593,759.0430799225093,231.9712741309275,952.8269312360094,0.24166272422583734,156133.7521893195,1,0,16.179912567138672,12.318888888888889
1794,179.4,195.87909741858047,760.2453304236798,232.36768078698375,954.4352041422612,0.24166272422583734,156920.65326682728,1,0,16.620201110839844,12.263055555555555
1795,179.499,196.0739953059398,761.4809767716876,232.75812443120154,956.0192843407646,0.24166272422583734,157687.62027973047,1,0,16.33917236328125,12.458888888888888
1796,179.6,196.26217257653434,762.7166231189042,233.15704587027162,957.6377600458959,0.24166272422583734,158482.79116164573,1,0,16.669023513793945,12.523055555555555
1797,179.7,196.46379108067342,763.9634014161214,233.55562539651635,959.2548485666172,0.24166272422583734,159274.4619076682,1,0,16.64068031311035,12.541944444444445
1798,179.8,196.6586889680328,765.2101797125475,233.97314059516447,960.9487615513648,0.24166272422583734,160131.96257745277,1,0,18.251497268676758,12.578055555555556
1799,179.9,196.85358685540706,766.468089958974,234.4021977460945,962.689501724447,0.24166272422583734,160979.700836216,1,0,17.605253219604492,12.713888888888889
1800,180.0,197.06864659318032,767.7371321538191,234.81036244200735,964.3454785141809,0.24166272422583734,161781.95109051064,1,0,16.5054931640625,12.813055555555556
1801,180.1,197.26354448055457,769.0061743486641,235.19005202189436,965.8859280873377,0.24166272422583734,162528.0954559775,1,0,15.225558280944824,12.805
1802,180.2,197.47188360153316,770.275216543509,235.55337277298398,967.3599672118814,0.24166272422583734,163260.52179540525,1,0,15.137533187866211,12.85611111111111
1803,180.3,197.6735021057021,771.544258739145,235.9182228417662,968.8402109754555,0.24166272422583734,164002.28543251503,1,0,15.353364944458008,12.938888888888888
1804,180.4,197.8751206098711,772.8244328831994,236.2857414309862,970.3312812704571,0.24166272422583734,164748.69491491187,1,0,15.360544204711914,12.903888888888886
1805,180.501,198.07673911404004,774.1046070272538,236.65789397936845,971.8411521351652,0.24166272422583734,165507.58356425425,1,0,15.432697296142578,12.910000000000002
1806,180.6,198.28507823501863,775.3736492220987,237.02001757557014,973.3103342479977,0.24166272422583734,166243.052169174,1,0,15.13603401184082,12.96111111111111
1807,180.7,198.48669673918755,776.6315594677344,237.37540546827506,974.752188743413,0.24166272422583734,166963.2360010287,1,0,14.56410026550293,12.75388888888889
1808,180.8,198.69503586016614,777.9228655609982,237.72292773939606,976.1621313980683,0.24166272422583734,167675.8345990443,1,0,14.4786958694458,12.95111111111111
1809,180.9,198.8966543643351,779.1807758074248,238.06854642850809,977.5643509751135,0.24166272422583734,168386.58582705076,1,0,14.40501594543457,12.846111111111112
1810,181.0,199.09827286850407,780.4498180022697,238.41013192520603,978.9502073705971,0.24166272422583734,169088.46085536722,1,0,14.141637802124023,12.843055555555555
1811,181.1,199.2931707558634,781.7188601971147,238.7520356783762,980.3373549736165,0.24166272422583734,169800.02157036532,1,0,14.431612968444824,12.813055555555556
1812,181.2,199.49478926003235,782.9990343411691,239.0923286696844,981.7179675081111,0.24166272422583734,170500.84076032648,1,0,14.007024765014648,12.918055555555556
1813,181.3,199.682966530597,784.2569445875957,239.4270475909949,983.0759653220457,0.24166272422583734,171196.87716691446,1,0,13.965782165527344,12.785
1814,181.4,199.87786441795637,785.5148548332313,239.76015951625195,984.4274433458261,0.24166272422583734,171890.690652805,1,0,13.872726440429688,12.676111111111108
1815,181.5,200.066041688521,786.7727650796579,240.09558887447065,985.7883234938829,0.24166272422583734,172595.96280819052,1,0,14.159452438354492,12.79
1816,181.6,200.2542189590857,788.0306753245025,240.4365362720199,987.17159103886,0.24166272422583734,173313.19301993036,1,0,14.333874702453613,12.69
1817,181.699,200.43567561284075,789.2774536225105,240.7656303301063,988.506768057567,0.24166272422583734,173993.8219566632,1,0,13.446661949157715,12.684999999999999
1818,181.8,200.630573500215,790.5242319189366,241.07766574519596,989.772735962527,0.24166272422583734,174638.86810607847,1,0,12.372271537780762,12.563888888888888
1819,181.9,200.82547138755942,791.7376143685256,241.37969248390326,990.9980973771385,0.24166272422583734,175282.76743367352,1,0,12.868415832519531,12.393055555555556
1820,182.0,201.02036927493367,792.9843926657427,241.6868240956808,992.244169919889,0.24166272422583734,175932.3688790214,1,0,12.798891067504883,12.52111111111111
1821,182.1,201.20854654548342,794.208907064541,241.99448900301275,993.4924061114534,0.24166272422583734,176586.77874548137,1,0,12.912983894348145,12.376944444444444
1822,182.199,201.3967238160481,795.4334214633393,242.30633528116473,994.7576066634747,0.24166272422583734,177256.2638996371,1,0,13.411578178405762,12.421111111111111
1823,182.3,201.57818046980316,796.6690678105559,242.63131076990808,996.0760741154129,0.24166272422583734,177950.1028061339,1,0,13.478063583374023,12.46
1824,182.4,201.76635774035287,797.9047141577728,242.95039922337068,997.370657106292,0.24166272422583734,178628.66878607287,1,0,13.188488960266113,12.541944444444445
1825,182.499,201.961255627757,799.1069646589433,243.2633304498071,998.640259433369,0.24166272422583734,179299.71271174744,1,0,13.227659225463867,12.235000000000001
1826,182.599,202.1628741318961,800.3314790577414,243.58050344184647,999.927071150323,0.24166272422583734,179981.6022135869,1,0,13.278816223144531,12.37111111111111
1827,182.699,202.35105140246077,801.5448615073304,243.89759037945382,1001.2135337333525,0.24166272422583734,180663.58756447065,1,0,13.220467567443848,12.223888888888888
1828,182.799,202.55266990662972,802.7582439569192,244.21264136117438,1002.4917361808848,0.24166272422583734,181342.1598285791,1,0,13.10866928100586,12.31111111111111
1829,182.9,202.74756779398908,803.9604944580897,244.52655904276926,1003.7653406837082,0.24166272422583734,182018.34652816324,1,0,12.866009712219238,12.158888888888889
1830,183.0,202.9424656813484,805.1738769076785,244.8357625796113,1005.019819293547,0.24166272422583734,182690.11753204186,1,0,12.97445011138916,12.23611111111111
1831,183.1,203.13736356872272,806.3649954588486,245.14784476901067,1006.2859769679114,0.24166272422583734,183369.98822918462,1,0,13.106581687927246,12.146111111111113
1832,183.2,203.33226145609697,807.5449820616002,245.46080982370572,1007.5557165405946,0.24166272422583734,184051.05104144462,1,0,13.048232078552246,12.061944444444444
1833,183.299,203.5271593434563,808.7361006135613,245.77120936481006,1008.8150474939081,0.24166272422583734,184730.09200379346,1,0,13.154203414916992,12.033888888888889
1834,183.4,203.72877784761036,809.9272191647312,246.09049958139607,1010.110449063789,0.24166272422583734,185430.24148880204,1,0,13.265018463134766,12.046111111111113
1835,183.499,203.9236757349846,811.0960738182735,246.40385797479857,1011.3817844623155,0.24166272422583734,186116.6922401251,1,0,13.187189102172852,11.921944444444444
1836,183.599,204.1252942391685,812.2760604202342,246.72026839059794,1012.6655023091565,0.24166272422583734,186813.2674582148,1,0,13.2555570602417,11.991944444444446
1837,183.699,204.33363336011726,813.4449150737762,247.0368838489695,1013.9500520401459,0.24166272422583734,187510.44837598604,1,0,13.204324722290039,11.813888888888888
1838,183.799,204.54197248109583,814.6137697265276,247.35736518373812,1015.2502861300463,0.24166272422583734,188223.11690317103,1,0,13.578632354736328,11.806944444444445
1839,183.9,204.7435909852797,815.7714924308602,247.70264768074452,1016.651141732379,0.24166272422583734,189006.55263904113,1,0,14.991284370422363,11.801111111111112
1840,184.0,204.94520948944867,816.9403470844026,248.0870055851936,1018.2105313000997,0.24166272422583734,189891.9127358878,1,0,17.12990379333496,11.811944444444444
1841,184.1,205.1535486104272,818.0980697887352,248.51746555688203,1019.956962897843,0.24166272422583734,190879.04098356093,1,0,18.84408187866211,11.756111111111112
1842,184.2,205.36188773140577,819.2557924930682,248.9568199576504,1021.739480340986,0.24166272422583734,191843.41392478815,1,0,17.873220443725586,11.806111111111111
1843,184.3,205.56350623555983,820.4135151974008,249.36545928238453,1023.3973827610344,0.24166272422583734,192733.2617071463,1,0,16.277191162109375,11.753888888888886
1844,184.4,205.7718453565384,821.5489740033148,249.76641418939707,1025.024108507752,0.24166272422583734,193649.23743580232,1,0,17.23102569580078,11.578055555555554
1845,184.5,205.9734638607223,822.7066967076476,250.1700257944908,1026.6616128210726,0.24166272422583734,194547.18128946394,1,0,16.49921417236328,11.686944444444444
1846,184.6,206.17508236489124,823.8532874627708,250.5496187072124,1028.2016702030776,0.24166272422583734,195386.08107159828,1,0,15.223758697509766,11.67
1847,184.7,206.3699802522506,824.9998782178942,250.9070579385615,1029.65184724382,0.24166272422583734,196188.1193199194,1,0,14.647808074951172,11.621944444444443
1848,184.799,206.56487813962485,826.1242050753897,251.24359902247446,1031.017237806336,0.24166272422583734,196941.01031271572,1,0,13.761370658874512,11.478055555555557
1849,184.9,206.7664966437789,827.2596638805128,251.57659103183323,1032.3682293158581,0.24166272422583734,197700.01470760853,1,0,13.791586875915527,11.501111111111111
1850,185.0,206.95467391434354,828.3951226872176,251.9066714127041,1033.707407973253,0.24166272422583734,198453.8212229067,1,0,13.793572425842285,11.47611111111111
1851,185.1,207.14285118490824,829.5083175955036,252.2330272148808,1035.031475534733,0.24166272422583734,199196.83748758663,1,0,13.48031997680664,11.333888888888888
1852,185.199,207.32430783864834,830.6437764006267,252.5515950433656,1036.323946282961,0.24166272422583734,199926.9191165914,1,0,13.411643028259277,11.45611111111111
1853,185.3,207.5124851092279,831.7569713089126,252.87443244212983,1037.6337392282228,0.24166272422583734,200668.00051184013,1,0,13.301085472106934,11.32
1854,185.401,207.7006623797926,832.8812981656173,253.20161288118624,1038.9611524478316,0.24166272422583734,201428.26067818518,1,0,13.771001815795898,11.355
1855,185.5,207.88211903354764,833.9833611246939,253.52265562543857,1040.2636642483815,0.24166272422583734,202164.36157130983,1,0,13.32988166809082,11.27111111111111
1856,185.6,208.07701692090697,835.0965560329801,253.8412429296583,1041.5562140121767,0.24166272422583734,202901.7558261743,1,0,13.29478931427002,11.208888888888888
1857,185.7,208.25175295785243,836.1986189912658,254.15561183215044,1042.8316491763494,0.24166272422583734,203627.52367024546,1,0,12.97734546661377,11.21111111111111
1858,185.799,208.41976837795838,837.3118138995517,254.45692458256377,1044.0541138484089,0.24166272422583734,204322.24817200034,1,0,12.458026885986328,11.25
1859,185.9,208.6012250317433,838.4138768586283,254.76142778512838,1045.289522596142,0.24166272422583734,205035.62200325253,1,0,12.737664222717285,11.19
1860,186.0,208.76924045187914,839.515939816914,255.06813268514622,1046.533863914274,0.24166272422583734,205754.21411922312,1,0,12.89398193359375,11.19888888888889
1861,186.099,208.95069710563416,840.6180027759908,255.37443167869804,1047.776558417546,0.24166272422583734,206472.3427885973,1,0,12.962305068969727,11.09388888888889
1862,186.2,209.1321537593892,841.6978018366485,255.68857464077684,1049.0510769123348,0.24166272422583734,207210.4758687313,1,0,13.031014442443848,11.00611111111111
1863,186.3,209.32033102995388,842.7776008980974,256.00117174173783,1050.3193236492843,0.24166272422583734,207946.53139227338,1,0,13.093049049377441,10.98111111111111
1864,186.4,209.4950670668993,843.8685319071736,256.31749902445966,1051.6027042145126,0.24166272422583734,208695.4035044486,1,0,13.34274959564209,10.99
1865,186.5,209.66980310384474,844.9483309686225,256.63908112790295,1052.9074042648315,0.24166272422583734,209457.6364794104,1,0,13.53219985961914,10.915
1866,186.6,209.8512597575998,846.0392619776989,256.96271520903673,1054.2204294531707,0.24166272422583734,210223.78018512382,1,0,13.514235496520996,11.024999999999999
1867,186.7,210.03271641135484,847.1190610383566,257.2858215520367,1055.5313135398678,0.24166272422583734,210990.3269464838,1,0,13.488096237182617,10.956111111111111
1868,186.8,210.20073183149066,848.187728150596,257.605275608456,1056.8273798290738,0.24166272422583734,211746.69695886,1,0,13.209010124206543,10.834999999999999
1869,186.9,210.38890910205535,849.2452633128349,257.92314145221866,1058.1170025347878,0.24166272422583734,212506.4712119727,1,0,13.355367660522461,10.811111111111112
1870,187.0,210.56364513901568,850.3027984750739,258.24239576102093,1059.4122584221611,0.24166272422583734,213268.99707234395,1,0,13.325045585632324,10.73
1871,187.101,210.7451017927558,851.3714655865224,258.56904456764096,1060.7375147404402,0.24166272422583734,214056.2869879136,1,0,13.703052520751953,10.736944444444443
1872,187.2,210.91983782970127,852.4290007495523,258.89550580583955,1062.0620100694532,0.24166272422583734,214841.98567423123,1,0,13.855234146118164,10.745000000000001
1873,187.301,211.1080151002659,853.4865359110004,259.2351741785668,1063.4400884458425,0.24166272422583734,215664.623834421,1,0,14.250149726867676,10.77
1874,187.4,211.27603052040172,854.5440710740303,259.59358461594604,1064.8942057946517,0.24166272422583734,216554.7347722682,1,0,16.00513458251953,10.700000000000001
1875,187.5,211.4574871741568,855.590474287851,259.9797585872946,1066.4609633799012,0.24166272422583734,217492.5017619393,1,0,16.267824172973633,10.65
1876,187.6,211.63894382791182,856.64800945009,260.40384432312857,1068.1815338810504,0.24166272422583734,218570.63485790812,1,0,19.173460006713867,10.703055555555554
1877,187.7,211.82712109847648,857.6944126639105,260.8768172840023,1070.1004461564662,0.24166272422583734,219743.3573841681,1,0,20.35338020324707,10.638055555555555
1878,187.8,212.00857775223156,858.7519478261495,261.3709063432775,1072.1050291652718,0.24166272422583734,220960.49063776576,1,0,20.938154220581055,10.713055555555556
1879,187.9,212.19675502278128,859.7983510399699,261.82491140555567,1073.9469862308451,0.24166272422583734,221999.07672470264,1,0,17.00351905822754,10.698055555555557
1880,188.0,212.37821167655127,860.8558862022089,262.2392931091085,1075.6281862220376,0.24166272422583734,223027.16697567067,1,0,17.626789093017578,10.708888888888888
1881,188.1,212.5731095639106,861.9134213644479,262.66349843789413,1077.349241927209,0.24166272422583734,224075.26908873624,1,0,17.82448959350586,10.726111111111111
1882,188.2,212.75456621766565,862.9598245782686,263.09922793978063,1079.1170526882856,0.24166272422583734,225165.11403598855,1,0,18.589876174926758,10.711111111111112
1883,188.3,212.949464105025,864.0284916905078,263.54772072555664,1080.9366457374765,0.24166272422583734,226281.72719700405,1,0,18.891130447387695,10.758055555555556
1884,188.4,213.13764137558965,865.1082907503749,264.0107948591411,1082.8153971944757,0.24166272422583734,227449.8932335035,1,0,19.808454513549805,10.89388888888889
1885,188.5,213.33253926294898,866.1658259134048,264.51080682781657,1084.8440102102682,0.24166272422583734,228740.9319077365,1,0,21.978063583374023,10.863888888888889
1886,188.6,213.52071653351368,867.2456249740626,265.04395569826687,1087.0070639083935,0.24166272422583734,230087.8660928613,1,0,22.577739715576172,10.908055555555555
1887,188.7,213.7088938040634,868.3365559839299,265.60408813925187,1089.2795934307562,0.24166272422583734,231532.45237169025,1,0,24.233108520507812,11.005
1888,188.8,213.90379169143768,869.4163550445876,266.1843319152598,1091.633717231953,0.24166272422583734,232995.69771833907,1,0,24.258464813232422,11.0
1889,188.9,214.0919689619874,870.4961541052455,266.75877146189555,1093.9642925263363,0.24166272422583734,234437.3551235213,1,0,23.748043060302734,11.023055555555555
1890,189.0,214.28686684936167,871.6204809619501,267.32510908816386,1096.2619972853327,0.24166272422583734,235872.26194140792,1,0,23.581378936767578,11.31
1891,189.1,214.48848535351573,872.7225439210267,267.88151077681096,1098.5193906645115,0.24166272422583734,237275.99059533534,1,0,22.917686462402344,11.208888888888888
1892,189.2,214.6901038576996,873.8357388285218,268.4208725239233,1100.7076508041857,0.24166272422583734,238639.6981740903,1,0,22.157333374023438,11.245
1893,189.3,214.88500174505893,874.9489337368079,268.9398061516297,1102.8130314299456,0.24166272422583734,239952.53108293476,1,0,21.210487365722656,11.34611111111111
1894,189.4,215.0866202492279,876.0509966958846,269.4354885359318,1104.824078763788,0.24166272422583734,241209.91376515187,1,0,20.214202880859375,11.235
1895,189.5,215.27479751979257,877.1864555017985,269.8860844687489,1106.652204551651,0.24166272422583734,242323.6106293273,1,0,17.44256591796875,11.403055555555556
1896,189.6,215.48313664077114,878.3107823585029,270.2844917491909,1108.2685942489456,0.24166272422583734,243330.87494028392,1,0,15.852743148803711,11.489999999999998
1897,189.7,215.6847551449401,879.446241164417,270.65220170995667,1109.760440962979,0.24166272422583734,244272.42638494287,1,0,14.877159118652344,11.475
1898,189.8,215.89309426591865,880.5928319195402,271.00011360532847,1111.171964373448,0.24166272422583734,245169.79239403034,1,0,14.198198318481445,11.608055555555556
1899,189.9,216.087992153278,881.7282907262452,271.3353489559354,1112.5320574076134,0.24166272422583734,246040.65343367562,1,0,13.817767143249512,11.63111111111111
1900,190.0,216.29633127425657,882.886013430578,271.6584206763194,1113.842801025894,0.24166272422583734,246878.37766994265,1,0,13.181671142578125,11.749999999999998
1901,190.1,216.50467039523517,884.0326041857014,271.967988001683,1115.0987555726624,0.24166272422583734,247684.69431127538,1,0,12.689190864562988,11.685
1902,190.2,216.6995682825945,885.2014588384525,272.27405773531825,1116.340519938898,0.24166272422583734,248492.38771593722,1,0,12.889373779296875,11.741944444444444
1903,190.302,216.90118678676345,886.3703134919948,272.58957973570483,1117.6206333698797,0.24166272422583734,249325.02540064254,1,0,12.96209716796875,11.911944444444446
1904,190.4,217.1028052909324,887.5503000947464,272.8901406964093,1118.8400479341733,0.24166272422583734,250115.15094794714,1,0,12.668709754943848,11.89888888888889
1905,190.5,217.2977031783067,888.7302866967069,273.1847201834556,1120.0351948887364,0.24166272422583734,250885.97800439043,1,0,11.949603080749512,11.996111111111112
1906,190.6,217.50604229928527,889.9214052486681,273.47147366978896,1121.1985907495207,0.24166272422583734,251647.2216955164,1,0,12.01468276977539,12.048055555555557
1907,190.7,217.70766080345422,891.1125237998381,273.76307625090834,1122.3816600129712,0.24166272422583734,252426.1477269976,1,0,12.354846954345703,12.108888888888888
1908,190.8,217.90927930760827,892.3147743010085,274.0655832215036,1123.6089697902612,0.24166272422583734,253238.6510151434,1,0,12.925973892211914,12.15
1909,190.9,218.11089781179214,893.517024801388,274.3774639629663,1124.8743101643772,0.24166272422583734,254073.27375584794,1,0,13.138222694396973,12.223888888888888
1910,191.0,218.3192369327707,894.7192753017673,274.69189181748027,1126.149984504502,0.24166272422583734,254913.6354365359,1,0,13.138838768005371,12.211944444444445
1911,191.1,218.52085543693968,895.9215258021469,275.00368767989966,1127.414980513397,0.24166272422583734,255745.79006607665,1,0,12.918264389038086,12.21
1912,191.2,218.72247394109374,897.1460402009451,275.31033818110063,1128.6591011285163,0.24166272422583734,256566.0450555838,1,0,12.70883560180664,12.311944444444444
1913,191.3,218.917371828468,898.3705545997434,275.6093825591643,1129.8723627215268,0.24166272422583734,257364.85209843743,1,0,12.282612800598145,12.353055555555555
1914,191.4,219.12571094946148,899.5728051001229,275.90989595633675,1131.0915843144396,0.24166272422583734,258181.51455048093,1,0,12.831603050231934,12.31
1915,191.5,219.3273294536155,900.7750556005025,276.2219926840396,1132.3578009725754,0.24166272422583734,259029.5771099775,1,0,13.250643730163574,12.221111111111112
1916,191.599,219.51550672418017,901.9884380500913,276.5391559035774,1133.6445730412308,0.24166272422583734,259891.20014508892,1,0,13.522748947143555,12.248055555555556
1917,191.699,219.71712522834912,903.1795566020522,276.86485666046684,1134.9659829995355,0.24166272422583734,260776.45258931292,1,0,13.69640064239502,12.111944444444445
1918,191.799,219.91874373253302,904.3595432048039,277.1954466807672,1136.307229329796,0.24166272422583734,261677.74820010952,1,0,13.931349754333496,12.008888888888889
1919,191.9,220.13380347030628,905.5506617559739,277.53251562605857,1137.6747614939734,0.24166272422583734,262595.7232996155,1,0,13.958948135375977,12.14388888888889
1920,192.0,220.3488632080795,906.7529122571444,277.8668817823962,1139.0313280949365,0.24166272422583734,263508.294477395,1,0,13.98437786102295,12.186944444444446
1921,192.1,220.55720232905813,907.9440308075234,278.2020582722737,1140.3911823235346,0.24166272422583734,264425.30437506194,1,0,14.026668548583984,12.098055555555554
1922,192.2,220.7722620668463,909.1462813086939,278.5332745693661,1141.7349695394767,0.24166272422583734,265327.60816542356,1,0,13.653420448303223,12.113888888888889
1923,192.299,220.96715995420564,910.3262679106547,278.8566480290435,1143.0469373529695,0.24166272422583734,266215.4468650512,1,0,13.644210815429688,12.058888888888887
1924,192.4,221.18221969199382,911.5396503602434,279.18456025508885,1144.3773195267304,0.24166272422583734,267115.6347156171,1,0,13.48842716217041,12.18888888888889
1925,192.5,221.38383819616277,912.719636963786,279.50732549571114,1145.686819717108,0.24166272422583734,268005.6453289104,1,0,13.485398292541504,12.04
1926,192.6,221.59217731714133,913.9107555141651,279.83506143250236,1147.0164866626387,0.24166272422583734,268917.1312301717,1,0,13.903833389282227,12.108888888888888
1927,192.7,221.8072370549146,915.0684782177069,280.1605016296717,1148.3368394965692,0.24166272422583734,269809.84957401996,1,0,13.293540954589844,11.803888888888888
1928,192.8,222.0155761758932,916.2707287188772,280.4798906403063,1149.632641886641,0.24166272422583734,270697.584899881,1,0,13.3981294631958,12.071111111111112
1929,192.899,222.24407714728565,917.4507153216289,280.7873456542482,1150.8800265136638,0.24166272422583734,271541.3465896706,1,0,12.555743217468262,12.03611111111111
1930,193.001,222.4389750346599,918.6195699751711,281.08781896587175,1152.099085474337,0.24166272422583734,272372.3849328622,1,0,12.062752723693848,11.860000000000001
1931,193.1,222.6741966228471,919.7772926795038,281.3746711355616,1153.2628817062202,0.24166272422583734,273174.3193960831,1,0,12.15192699432373,11.815
1932,193.2,222.85565327660214,920.946147333046,281.6670540150444,1154.4491167407232,0.24166272422583734,273993.7372379893,1,0,12.28281307220459,11.798888888888891
1933,193.3,223.07071301439032,922.1038700365879,281.9627762652371,1155.6489000326899,0.24166272422583734,274824.27593693015,1,0,12.431001663208008,11.798888888888891
1934,193.4,223.28577275217853,923.2504607925023,282.261036795948,1156.8589814559405,0.24166272422583734,275662.4422190333,1,0,12.494939804077148,11.668055555555556
1935,193.5,223.50755310676138,924.408183496835,282.55994534243683,1158.0716919627412,0.24166272422583734,276503.0826577783,1,0,12.485157012939453,11.783055555555555
1936,193.6,223.72933346134425,925.5547742511674,282.8627993836457,1159.3004098502531,0.24166272422583734,277360.99334393564,1,0,12.824668884277344,11.648055555555555
1937,193.7,223.95111381592713,926.7236289047095,283.16851725381997,1160.540746661067,0.24166272422583734,278222.8870562223,1,0,12.72449016571045,11.863888888888889
1938,193.8,224.17961478733451,927.8590877106234,283.4712216669009,1161.7688574879744,0.24166272422583734,279077.2858732371,1,0,12.572831153869629,11.648055555555555
1939,193.9,224.408115758727,928.9945465165374,283.7724765860198,1162.9910875310172,0.24166272422583734,279931.6098062514,1,0,12.603354454040527,11.646944444444445
1940,194.0,224.62317549650027,930.1634011700796,284.073764804016,1164.2134526718974,0.24166272422583734,280786.90829753346,1,0,12.575613975524902,11.785
1941,194.1,224.84495585109806,931.2877280267841,284.37383092583156,1165.4308596110268,0.24166272422583734,281639.76805913594,1,0,12.501222610473633,11.545
1942,194.2,225.06001558887132,932.4343187826985,284.67427678950327,1166.6498072118209,0.24166272422583734,282497.6847882172,1,0,12.607349395751953,11.568888888888889
1943,194.299,225.2817959434542,933.5809095378219,284.96630268311253,1167.8345939086141,0.24166272422583734,283324.60639488354,1,0,12.044071197509766,11.616111111111111
1944,194.399,225.50357629803707,934.7275002929453,285.25325118127324,1168.9987809575218,0.24166272422583734,284144.4379144891,1,0,11.936511993408203,11.693055555555555
1945,194.499,225.71863603584018,935.8740910480685,285.53533213218583,1170.1432197397455,0.24166272422583734,284949.4937180826,1,0,11.637285232543945,11.67388888888889
1946,194.599,225.9135339231995,936.9984179055641,285.81201018621846,1171.2657382728146,0.24166272422583734,285742.3262151178,1,0,11.484986305236816,11.508888888888889
1947,194.699,226.1218730441781,938.1784045075245,286.08392012176137,1172.3689119344906,0.24166272422583734,286521.76496205287,1,0,11.238808631896973,11.771944444444443
1948,194.8,226.37725648279408,939.3249952626479,286.35618686960834,1173.4735332296825,0.24166272422583734,287307.1004588025,1,0,11.289522171020508,11.71888888888889
1949,194.9,226.6259193045856,940.460454069353,286.62536597769844,1174.5656275723388,0.24166272422583734,288083.2880733057,1,0,11.2060546875,11.633055555555554
1950,195.0,226.82753780878437,941.6181767728948,286.896607311043,1175.6660886287036,0.24166272422583734,288870.76188701997,1,0,11.461864471435547,11.738888888888889
1951,195.1,227.0224356961437,942.7536355788086,287.171280596931,1176.7804735589662,0.24166272422583734,289666.85362050164,1,0,11.492866516113281,11.598055555555556
1952,195.2,227.21733358348817,943.9002263339321,287.44745695396676,1177.900956642643,0.24166272422583734,290469.4504194348,1,0,11.587477684020996,11.638055555555555
1953,195.3,227.39206962044852,945.0468170890555,287.724483824579,1179.0248903695433,0.24166272422583734,291274.4834974533,1,0,11.563944816589355,11.581944444444444
1954,195.4,227.56680565739396,946.1934078441788,288.00040318229566,1180.1443307738514,0.24166272422583734,292077.14971273433,1,0,11.494921684265137,11.61111111111111
1955,195.5,227.74826231116396,947.339998600093,288.27397734277093,1181.254256410621,0.24166272422583734,292873.6871535201,1,0,11.36795425415039,11.616111111111111
1956,195.6,227.92299834809444,948.475457406007,288.5498061613198,1182.3733294858537,0.24166272422583734,293683.51743082976,1,0,11.683345794677734,11.508055555555556
1957,195.699,228.09101376824518,949.610916211921,288.82552546353617,1183.4919582392072,0.24166272422583734,294489.46646738495,1,0,11.591550827026367,11.501944444444444
1958,195.8,228.24558795476182,950.7463750178349,289.10715931996475,1184.6345831014723,0.24166272422583734,295316.7687568517,1,0,11.711848258972168,11.478888888888887
1959,195.9,228.4001621412933,951.8929657729583,289.3890417100606,1185.7782162968654,0.24166272422583734,296146.4199166596,1,0,11.845355033874512,11.525
1960,196.0,228.54129509422054,953.0395565280817,289.6693517837768,1186.9154704020114,0.24166272422583734,296967.9857027338,1,0,11.580448150634766,11.508055555555556
1961,196.1,228.69586928075205,954.1638833855772,289.9454710602835,1188.0357219026234,0.24166272422583734,297780.88872933644,1,0,11.495125770568848,11.381944444444445
1962,196.2,228.83028161686966,955.2882102414907,290.2262727546057,1189.174970575945,0.24166272422583734,298615.9532379278,1,0,11.971762657165527,11.365
1963,196.3,228.97813518659157,956.4459329466143,290.510641765173,1190.3286923111525,0.24166272422583734,299454.8670385014,1,0,11.79325008392334,11.594999999999999
1964,196.399,229.09238567229528,957.5591278549005,290.79846455319847,1191.4964264667503,0.24166272422583734,300316.8497974959,1,0,12.503364562988281,11.31888888888889
1965,196.5,229.2469598588119,958.6834547116049,291.10602544330544,1192.7442406470236,0.24166272422583734,301235.7705373147,1,0,12.945330619812012,11.248055555555556
1966,196.6,229.3880928117391,959.8300454667284,291.4146796285546,1193.9964904666306,0.24166272422583734,302152.40299481875,1,0,12.84921932220459,11.495
1967,196.7,229.50906391423752,960.932108425805,291.7208687269107,1195.2387391109264,0.24166272422583734,303063.2823132412,1,0,12.739320755004883,11.20111111111111
1968,196.8,229.6501968671498,962.045303334091,292.02086764616024,1196.4558734005823,0.24166272422583734,303953.5009159751,1,0,12.331899642944336,11.203888888888889
1969,196.899,229.78460920326742,963.1696301900047,292.3090159130224,1197.6249280657794,0.24166272422583734,304810.98690946645,1,0,11.99219036102295,11.25611111111111
1970,197.0,229.91902153938506,964.2716931490813,292.5960708274564,1198.7895468592264,0.24166272422583734,305668.2300896719,1,0,11.759766578674316,11.136944444444445
1971,197.1,230.06015449229736,965.3737561081579,292.8729072394461,1199.912707870942,0.24166272422583734,306494.54552367295,1,0,11.375739097595215,11.13
1972,197.2,230.19456682841493,966.486951015653,293.1502469688715,1201.0379109063795,0.24166272422583734,307333.7913785631,1,0,11.80182933807373,11.193888888888889
1973,197.3,230.3222585477379,967.5890139747298,293.43717966204775,1202.2020338324278,0.24166272422583734,308202.87937355565,1,0,12.177433013916016,11.113888888888889
1974,197.4,230.47011211744487,968.679944984597,293.73274003952855,1203.4011603859346,0.24166272422583734,309099.2641671392,1,0,12.52285385131836,10.998055555555556
1975,197.5,230.6045244535774,969.7597440452547,294.0336258181131,1204.6218927782418,0.24166272422583734,310010.1479685799,1,0,12.622482299804688,10.955
1976,197.6,230.73221617287052,970.850675055122,294.3420363783694,1205.873154179846,0.24166272422583734,310951.4502321426,1,0,13.151707649230957,10.926944444444445
1977,197.7,230.86662850898807,971.9416060649893,294.66233438672884,1207.1726444908709,0.24166272422583734,311929.93251322873,1,0,13.615928649902344,10.951944444444445
1978,197.8,230.99432022829612,973.0214051256471,294.97982209766275,1208.460733062952,0.24166272422583734,312885.2058787539,1,0,12.916848182678223,10.98388888888889
1979,197.9,231.14889441482762,974.1234680847238,295.2880253102157,1209.7111532281933,0.24166272422583734,313822.9781861082,1,0,12.84001350402832,10.963888888888889
1980,198.0,231.2967479845495,975.1921351961722,295.59415397304963,1210.9531566777848,0.24166272422583734,314755.938602218,1,0,12.743475914001465,10.86111111111111
1981,198.1,231.44460155428638,976.2830662060395,295.8995587904144,1212.1922233929936,0.24166272422583734,315690.26434709824,1,0,12.779520988464355,10.933055555555557
1982,198.2,231.59245512400832,977.3406013682785,296.20532945037814,1213.432774378789,0.24166272422583734,316626.89121024066,1,0,12.774049758911133,10.786944444444444
1983,198.3,231.7134262265067,978.4092684797268,296.51534886676916,1214.6905631171367,0.24166272422583734,317583.4083143419,1,0,13.134593963623047,10.741944444444444
1984,198.4,231.85455917938916,979.4668036427569,296.83200614843906,1215.975282530639,0.24166272422583734,318559.8718540483,1,0,13.32878303527832,10.68
1985,198.5,232.0091333659505,980.5243388042047,297.1524880994309,1217.2755191206365,0.24166272422583734,319549.0422743566,1,0,13.454225540161133,10.656944444444445
1986,198.6,232.15698693567242,981.5818739672349,297.4760852185828,1218.5883943494503,0.24166272422583734,320549.9155641332,1,0,13.589120864868164,10.598055555555556
1987,198.7,232.29139927179003,982.6282771810554,297.8053048383133,1219.9240807879341,0.24166272422583734,321573.15410489764,1,0,13.924103736877441,10.598888888888888
1988,198.8,232.43925284151194,983.6635484456665,298.14409756571297,1221.298606558346,0.24166272422583734,322630.23373227695,1,0,14.389155387878418,10.456111111111111
1989,198.9,232.5803857944392,984.7099516586961,298.48317340203795,1222.6742809381644,0.24166272422583734,323676.4735540288,1,0,13.947763442993164,10.528055555555556
1990,199.0,232.7349599809707,985.7452229233073,298.82685814303,1224.0686542383726,0.24166272422583734,324758.85012158414,1,0,14.77432632446289,10.488888888888889
1991,199.1,232.87609293389792,986.7582302894996,299.1811032497656,1225.5058723037885,0.24166272422583734,325864.4230828168,1,0,14.830304145812988,10.316944444444443
1992,199.2,233.03066712041453,987.7935015541107,299.5387188464838,1226.9567648815694,0.24166272422583734,326985.6644385496,1,0,15.056001663208008,10.455000000000002
1993,199.3,233.18524130691625,988.8287728179308,299.8944424667306,1228.3999814669023,0.24166272422583734,328093.5499175343,1,0,14.672189712524414,10.455000000000002
1994,199.4,233.3599773438915,989.8529121341235,300.23875876805823,1229.7969170888093,0.24166272422583734,329165.332529546,1,0,14.102680206298828,10.33
1995,199.501,233.52799276404227,990.8881833979437,300.57879075219995,1231.1764706835818,0.24166272422583734,330233.74997367215,1,0,14.032790184020996,10.415
1996,199.6,233.7094494177973,991.923454662555,300.90811543593605,1232.5125833802808,0.24166272422583734,331267.64928888617,1,0,13.76721477508545,10.493888888888888
1997,199.7,233.90434730515665,992.9475939779566,301.2503526457513,1233.9010838598967,0.24166272422583734,332365.03848681157,1,0,14.833903312683105,10.52111111111111
1998,199.8,234.0925245757213,993.9717332925673,301.60362392579657,1235.3343509848892,0.24166272422583734,333480.6065453993,1,0,14.689343452453613,10.333888888888888
1999,199.901,234.30086369669988,995.0070045579695,301.9588806568717,1236.7756733406638,0.24166272422583734,334607.4568732657,1,0,14.705877304077148,10.536111111111111
2000,200.0,234.50920281766352,996.0311438725802,302.31276605722223,1238.211432030904,0.24166272422583734,335739.5945584298,1,0,15.167425155639648,10.514999999999999
2001,200.101,234.71082132183247,997.0664151371914,302.6776282359319,1239.6917249260148,0.24166272422583734,336899.1795645327,1,0,15.022584915161133,10.495
2002,200.201,234.9326016764303,998.1016864010114,303.03377718714177,1241.1366671338965,0.24166272422583734,338031.29339573864,1,0,14.741151809692383,10.598055555555556
2003,200.3,235.15438203101317,999.1369576656225,303.3688970209996,1242.4962915017193,0.24166272422583734,339084.67030046356,1,0,13.548051834106445,10.558055555555555
2004,200.4,235.36944176878637,1000.1833608794431,303.6896534652032,1243.7976417460632,0.24166272422583734,340108.4293959073,1,0,13.257896423339844,10.62611111111111
2005,200.5,235.6113839737981,1001.2297640932636,304.00355365005254,1245.0711752623342,0.24166272422583734,341112.3469345062,1,0,12.975067138671875,10.785
2006,200.599,235.85332617880982,1002.2761673062932,304.3055163978579,1246.2962770576073,0.24166272422583734,342077.38786451233,1,0,12.515174865722656,10.716944444444445
2007,200.699,236.0952683838066,1003.3225705193229,304.60474291553055,1247.5102776144918,0.24166272422583734,343041.49830025324,1,0,12.491495132446289,10.728055555555557
2008,200.801,236.3372105888034,1004.3801056823527,304.9131659237242,1248.7615895189824,0.24166272422583734,344041.34988509334,1,0,12.778338432312012,10.843888888888888
2009,200.9,236.57915279381513,1005.4265088961735,305.21585239592235,1249.9896275574158,0.24166272422583734,345020.36984357657,1,0,12.77299690246582,10.746944444444445
2010,201.0,236.82109499882677,1006.4951760076218,305.5206827677152,1251.2263636728849,0.24166272422583734,346007.1939006295,1,0,12.701992988586426,10.928055555555556
2011,201.1,237.05631658702887,1007.5749750674886,305.8231877869368,1252.4536655332004,0.24166272422583734,346987.53912203526,1,0,12.578664779663086,10.935
2012,201.2,237.28481755842134,1008.6547741281464,306.1325849776328,1253.7089298216895,0.24166272422583734,348003.75734851224,1,0,13.277978897094727,11.051944444444445
2013,201.299,237.52003914662345,1009.7345731888043,306.4340888240032,1254.9321697946816,0.24166272422583734,348970.5775164726,1,0,12.173524856567383,11.036944444444444
2014,201.4,237.73509888439673,1010.8143722502531,306.7245371107281,1256.1105559369682,0.24166272422583734,349914.48629999877,1,0,11.859211921691895,11.048055555555557
2015,201.5,237.96359985580415,1011.9164352085388,307.00685640308996,1257.2559617011775,0.24166272422583734,350835.99727797875,1,0,11.734503746032715,11.15611111111111
2016,201.6,238.15849774316348,1013.0296301168248,307.2877816045224,1258.3957114587674,0.24166272422583734,351756.2254573419,1,0,11.742706298828125,11.253055555555557
2017,201.7,238.36683686412712,1014.1316930759016,307.5695791041634,1259.5390002426414,0.24166272422583734,352681.57975083304,1,0,11.807402610778809,11.236944444444445
2018,201.8,238.56845536831102,1015.2226240849777,307.8537422048814,1260.6918865750456,0.24166272422583734,353617.14910894167,1,0,11.940402030944824,11.180000000000001
2019,201.9,238.7566326388757,1016.3469509424733,308.144258795272,1261.8705498341092,0.24166272422583734,354578.7982719133,1,0,12.338370323181152,11.31888888888889
2020,202.0,238.92464805902642,1017.4824097483872,308.4441966627761,1263.0874364289634,0.24166272422583734,355573.18792921,1,0,12.727747917175293,11.438055555555556
2021,202.1,239.10610471276652,1018.5733407582545,308.7503898236409,1264.3297015553808,0.24166272422583734,356586.4454246128,1,0,12.86113166809082,11.203055555555556
2022,202.2,239.25395828247355,1019.7087995633774,309.0583791154427,1265.5792538165572,0.24166272422583734,357605.8058202856,1,0,12.877852439880371,11.403055555555556
2023,202.3,239.40181185219546,1020.8553903192918,309.3659954552554,1266.827292963435,0.24166272422583734,358624.8507569633,1,0,12.829963684082031,11.485
2024,202.399,239.53622418832796,1021.9908491252058,309.66847696955506,1268.054499461252,0.24166272422583734,359627.57302569086,1,0,12.704070091247559,11.506944444444443
2025,202.499,239.663915907636,1023.1485718303294,309.9699767347018,1269.2777228761936,0.24166272422583734,360627.6502781842,1,0,12.49257755279541,11.506944444444443
2026,202.599,239.7983282437387,1024.2951625846617,310.27551239679786,1270.517320445345,0.24166272422583734,361653.75479508843,1,0,13.041354179382324,11.555
2027,202.7,239.93274057985624,1025.4417533397852,310.5811507728068,1271.7573347380821,0.24166272422583734,362662.98269476416,1,0,12.248265266418457,11.561944444444446
2028,202.799,240.05371168235467,1026.6106079941183,310.8737489488162,1272.9444432583484,0.24166272422583734,363644.4507760106,1,0,12.451464653015137,11.651111111111112
2029,202.899,240.1814034016627,1027.7794626468694,311.1737285483265,1274.1614991653314,0.24166272422583734,364651.8590876531,1,0,12.618141174316406,11.721944444444444
2030,203.0,240.30909512097068,1028.9483173004116,311.4796283838554,1275.4025742330473,0.24166272422583734,365679.6251537092,1,0,12.69311237335205,11.798055555555555
2031,203.1,240.43006622348398,1030.1171719531628,311.7811105752287,1276.6257263489247,0.24166272422583734,366690.5955526328,1,0,12.502066612243652,11.713888888888889
2032,203.2,240.56447855958666,1031.2971585559146,312.0818841441287,1277.8460034920763,0.24166272422583734,367705.5306845728,1,0,12.633892059326172,11.82
2033,203.3,240.6988908957192,1032.4660132094568,312.3868540220127,1279.0833056017414,0.24166272422583734,368737.66799969244,1,0,12.85275650024414,11.793055555555554
2034,203.4,240.8265826150123,1033.634867862208,312.69778328058266,1280.344785687101,0.24166272422583734,369792.7113541615,1,0,13.13192367553711,11.698055555555555
2035,203.499,240.96771556795443,1034.8037225157502,313.00922122457723,1281.6083295748056,0.24166272422583734,370847.6660684665,1,0,13.15816879272461,11.721111111111112
2036,203.599,241.10212790404222,1035.9725771692924,313.3270585280754,1282.8978364889872,0.24166272422583734,371929.5366837736,1,0,13.403823852539062,11.745
2037,203.699,241.24998147377906,1037.1414318228344,313.6398151852053,1284.1667305658832,0.24166272422583734,372982.5690241951,1,0,12.733573913574219,11.773888888888889
2038,203.8,241.39783504350098,1038.3102864755858,313.9452114647973,1285.4057626422473,0.24166272422583734,374019.56906807265,1,0,12.53601360321045,11.751111111111111
2039,203.9,241.54568861322292,1039.4680091799185,314.25046843423445,1286.644229519354,0.24166272422583734,375067.0654574221,1,0,12.974627494812012,11.746944444444445
2040,204.0,241.70698341656401,1040.6368638326699,314.56507775507635,1287.920640091765,0.24166272422583734,376147.11810940574,1,0,13.317599296569824,11.741944444444444
2041,204.1,241.86155760309555,1041.7834545885842,314.8851854417518,1289.2193582431828,0.24166272422583734,377244.6018870141,1,0,13.434131622314453,11.61111111111111
2042,204.199,242.03629364002606,1042.9634411913357,315.2006166529437,1290.4991033306976,0.24166272422583734,378322.66242336895,1,0,13.193053245544434,11.92111111111111
2043,204.3,242.19086782657251,1044.0988999972496,315.51585431036085,1291.7780631455962,0.24166272422583734,379401.229252094,1,0,12.89084529876709,11.483055555555556
2044,204.4,242.35888324670833,1045.2343588031636,315.82324691549695,1293.0251945720483,0.24166272422583734,380457.8822655724,1,0,12.798273086547852,11.538888888888888
2045,204.499,242.52689866684415,1046.3920815074964,316.12606284489704,1294.2537578350389,0.24166272422583734,381501.4759011846,1,0,12.76399040222168,11.643055555555556
2046,204.6,242.71507593742373,1047.494144466573,316.4333948239383,1295.5006432936084,0.24166272422583734,382561.59115994174,1,0,12.665763854980469,11.321944444444444
2047,204.699,242.88981197435425,1048.629603272487,316.73289552374405,1296.715756242753,0.24166272422583734,383597.1807976685,1,0,12.616643905639648,11.466111111111111
2048,204.8,243.07798924491897,1049.7650620776099,317.04225302167634,1297.970859492583,0.24166272422583734,384674.7526463875,1,0,12.980709075927734,11.441944444444445
2049,204.9,243.27960774908783,1050.878256986687,317.35309956939574,1299.2320040093593,0.24166272422583734,385754.3101573434,1,0,12.997058868408203,11.388055555555555
2050,205.0,243.48122625325684,1051.9803199449725,317.66704532052904,1300.5057223939186,0.24166272422583734,386849.9609508348,1,0,13.239712715148926,11.15611111111111
2051,205.1,243.6694035238215,1053.104646802468,317.98305253234355,1301.7878043902142,0.24166272422583734,387950.06118301,1,0,13.169337272644043,11.323055555555557
2052,205.2,243.87774264480004,1054.1955778123354,318.2958159907519,1303.0567260607736,0.24166272422583734,389038.89839558786,1,0,12.968628883361816,11.173055555555555
2053,205.3,244.08608176577863,1055.297640770621,318.61038211891054,1304.3329613949004,0.24166272422583734,390144.27703032526,1,0,13.319988250732422,11.241944444444444
2054,205.4,244.30114150355192,1056.3997037296976,318.9377238554229,1305.6610290190815,0.24166272422583734,391302.3113743054,1,0,14.036299705505371,11.173055555555555
2055,205.5,244.5229218581497,1057.490634739565,319.27721581359737,1307.0383916588873,0.24166272422583734,392498.76249138743,1,0,14.335394859313965,11.133055555555556
2056,205.6,244.73798159592295,1058.581565750223,319.6226006117612,1308.4396623102036,0.24166272422583734,393716.5774394706,1,0,14.528770446777344,11.16611111111111
2057,205.7,244.95976195050585,1059.6724967592995,319.97445427027895,1309.8671779619071,0.24166272422583734,394962.23290270404,1,0,14.876004219055176,11.056111111111111
2058,205.8,245.18154230510362,1060.7745597175851,320.33350668273687,1311.3238998863706,0.24166272422583734,396234.30735647865,1,0,15.130377769470215,11.206944444444444
2059,205.9,245.4100432764961,1061.854358778243,320.69704031612736,1312.7988027018528,0.24166272422583734,397522.5344541205,1,0,15.250504493713379,11.058888888888887
2060,206.0,245.63182363107896,1062.9341578396918,321.0626556428616,1314.2821512155913,0.24166272422583734,398819.6442261054,1,0,15.304347038269043,11.061944444444444
2061,206.1,245.84016275205755,1064.0028249511402,321.4385204393113,1315.807083149272,0.24166272422583734,400169.43270442163,1,0,16.10706329345703,11.001944444444444
2062,206.199,246.07538434028947,1065.0937559610074,321.8178164503201,1317.3459359627534,0.24166272422583734,401516.1206006932,1,0,15.911280632019043,11.098055555555556
2063,206.3,246.29716469485743,1066.1512911232464,322.21223906832336,1318.9461593708527,0.24166272422583734,402938.6439269642,1,0,16.724666595458984,10.979999999999999
2064,206.399,246.55254813345852,1067.1865623878575,322.6141729401869,1320.5768569041736,0.24166272422583734,404385.21858272754,1,0,17.20465660095215,10.89111111111111
2065,206.499,246.76760787124667,1068.2774933977248,323.01988614035224,1322.222887659626,0.24166272422583734,405829.3393773297,1,0,16.701215744018555,11.0
2066,206.6,246.9759469922253,1069.3572924583827,323.43632593201943,1323.9124375796162,0.24166272422583734,407346.24561776215,1,0,17.756511688232422,10.901111111111112
2067,206.7,247.21116858041245,1070.4036956722032,323.85540980676546,1325.6127148855185,0.24166272422583734,408845.18902183813,1,0,17.266761779785156,10.858055555555556
2068,206.8,247.43294893501022,1071.5057586312798,324.2608291825684,1327.257553557654,0.24166272422583734,410295.489370139,1,0,16.61455535888672,11.068888888888889
2069,206.9,247.62784682238447,1072.5410298951,324.6533027811151,1328.8498695425608,0.24166272422583734,411706.9197501113,1,0,16.18486976623535,10.819999999999999
2070,207.0,247.84962717695245,1073.6208289557578,325.0331837667825,1330.3910956736436,0.24166272422583734,413072.520233867,1,0,15.562177658081055,10.916111111111112
2071,207.1,248.06468691474063,1074.711759965625,325.4176939582487,1331.9511030894248,0.24166272422583734,414488.1929294104,1,0,16.57173728942871,11.021944444444445
2072,207.2,248.2797466525288,1075.769295127864,325.8039309098931,1333.5181161938535,0.24166272422583734,415878.0600921475,1,0,15.7064847946167,10.868888888888888
2073,207.3,248.50152700712664,1076.8490941885218,326.16710627794805,1334.9915654806837,0.24166272422583734,417184.3048273277,1,0,14.64445686340332,10.969999999999999
2074,207.399,248.7098661281201,1077.9177613007614,326.4994110644403,1336.3397688384432,0.24166272422583734,418378.92453288235,1,0,13.407114028930664,10.77888888888889
2075,207.5,248.91148463225917,1079.0086923098377,326.8183370011238,1337.6336924777986,0.24166272422583734,419540.5193601638,1,0,12.981966018676758,11.0
2076,207.6,249.11982375322285,1080.077359421286,327.1268926248917,1338.8855424207702,0.24166272422583734,420670.00219553016,1,0,12.804347038269043,10.78611111111111
2077,207.7,249.32144225740674,1081.1460265327344,327.43330415700865,1340.1286935075088,0.24166272422583734,421796.1994372604,1,0,12.80278205871582,10.831944444444444
2078,207.8,249.50961952795646,1082.2258255933923,327.73885724452816,1341.3683617738498,0.24166272422583734,422920.1292091783,1,0,12.732605934143066,10.9
2079,207.9,249.70451741533074,1083.2944927056317,328.0351001462875,1342.570257416342,0.24166272422583734,424002.44305584935,1,0,12.024720191955566,10.815
2080,208.0,249.9061359194997,1084.3408959194521,328.3173957597014,1343.7155671120067,0.24166272422583734,425038.9891353185,1,0,11.5670166015625,10.78611111111111
2081,208.1,250.0943131900644,1085.4318269293194,328.58832534115226,1344.8147633507492,0.24166272422583734,426034.9332564676,1,0,11.074849128723145,10.893055555555556
2082,208.2,250.28921107742374,1086.4893620907676,328.85394665022267,1345.8924232441302,0.24166272422583734,427019.886576986,1,0,11.123398780822754,10.781944444444443
2083,208.3,250.48410896478308,1087.535765304588,329.12155599811837,1346.9781488673127,0.24166272422583734,428014.56879838445,1,0,11.240991592407227,10.741944444444444
2084,208.4,250.65884500174346,1088.6266963136643,329.3865660822196,1348.0533289421978,0.24166272422583734,428995.16744901246,1,0,10.90617561340332,10.886944444444445
2085,208.5,250.84030165548353,1089.6842314766943,329.6529578414934,1349.1341146513762,0.24166272422583734,429992.595075803,1,0,11.356459617614746,10.718055555555555
2086,208.6,251.0150376924439,1090.7528985889337,329.92900598986387,1350.25407757597,0.24166272422583734,431026.3951340309,1,0,11.713170051574707,10.83111111111111
2087,208.7,251.18977372938937,1091.821565700382,330.21350452142354,1351.408324794541,0.24166272422583734,432093.337092215,1,0,12.062666893005371,10.805000000000001
2088,208.8,251.36450976633478,1092.8568369642023,330.5018945254674,1352.5783602186477,0.24166272422583734,433171.2463815789,1,0,12.038384437561035,10.62111111111111
2089,208.9,251.5325251864706,1093.9255040764415,330.79231404928856,1353.7566296661262,0.24166272422583734,434261.5842428367,1,0,12.23227596282959,10.715
2090,209.0,251.7139818402406,1094.9719072894711,331.09050346327473,1354.9664225596566,0.24166272422583734,435386.7107511879,1,0,12.687722206115723,10.661111111111111
2091,209.099,251.8954384939807,1096.0628382993384,331.39631560556006,1356.2071418445785,0.24166272422583734,436542.2843206498,1,0,13.127467155456543,10.948888888888888
2092,209.2,252.07689514773577,1097.1203734615774,331.71628069544266,1357.5052814624248,0.24166272422583734,437749.7970340907,1,0,13.347596168518066,10.819999999999999
2093,209.3,252.27851365190472,1098.1111169301419,332.0380570233171,1358.810769506299,0.24166272422583734,438965.9041651719,1,0,13.543584823608398,10.488055555555555
2094,209.4,252.45997030565977,1099.1909159907998,332.36421381962697,1360.1340296753226,0.24166272422583734,440200.31628631096,1,0,13.713676452636719,10.785
2095,209.5,252.62798572579558,1100.2818470006669,332.69477300594303,1361.4751509081339,0.24166272422583734,441454.0721305954,1,0,13.911497116088867,10.898055555555555
2096,209.6,252.79600114596127,1101.3839099589527,333.0282448740323,1362.8280892663863,0.24166272422583734,442718.6407030049,1,0,13.95709228515625,11.026111111111112
2097,209.7,252.9774577997014,1102.452577071192,333.3680915143184,1364.206890897243,0.24166272422583734,444017.17252832226,1,0,14.444243431091309,10.901944444444444
2098,209.8,253.1454732198372,1103.5991678263154,333.7221723290956,1365.643442409004,0.24166272422583734,445376.3700154846,1,0,15.14665699005127,11.31
2099,209.9,253.30004740636875,1104.7346266322295,334.0942314450279,1367.1529342062177,0.24166272422583734,446809.12509374326,1,0,15.946708679199219,11.363888888888887
2100,209.999,253.47478344331418,1105.8255576420966,334.4802258466466,1368.718963253924,0.24166272422583734,448296.55274478154,1,0,16.637081146240234,11.193055555555556
2101,210.1,253.6293576298457,1106.97214839722,334.88484941990964,1370.3605732525648,0.24166272422583734,449849.1249517356,1,0,16.84292984008789,11.348055555555556
2102,210.2,253.79065243318684,1108.141003050762,335.2905444529014,1372.006530301452,0.24166272422583734,451409.50887865486,1,0,17.061424255371094,11.72
2103,210.3,253.95194723652796,1109.276461856676,335.6855900302476,1373.6092811359142,0.24166272422583734,452906.1298540036,1,0,15.952943801879883,11.553055555555556
2104,210.4,254.11996265666377,1110.4230526117994,336.06210536442586,1375.1368523850238,0.24166272422583734,454348.1879744736,1,0,15.512832641601562,11.533055555555555
2105,210.5,254.29469869360926,1111.625303112179,336.41786865118974,1376.58022990253,0.24166272422583734,455698.38304464985,1,0,14.218673706054688,11.966111111111111
2106,210.6,254.4694347305547,1112.7718938673024,336.75452059628526,1377.9460702431556,0.24166272422583734,456995.2221611571,1,0,13.915678024291992,11.713888888888889
2107,210.7,254.6240089170862,1113.951880470054,337.0861707944083,1379.2916178515152,0.24166272422583734,458278.24676208064,1,0,13.80067253112793,11.841944444444444
2108,210.801,254.78530372042732,1115.1541309696422,337.4196686187327,1380.6446615175598,0.24166272422583734,459572.55709452764,1,0,13.794137954711914,12.058055555555555
2109,210.9,254.96676037418243,1116.311853674766,337.7384833976476,1381.9381341755181,0.24166272422583734,460801.29566829925,1,0,13.118671417236328,11.873055555555556
2110,211.0,255.13477579431824,1117.4361805314707,338.0499645411725,1383.2018533292862,0.24166272422583734,462011.30189814157,1,0,12.912130355834961,11.50388888888889
2111,211.1,255.29607059765934,1118.6161671342222,338.3602805549305,1384.4608454013874,0.24166272422583734,463223.7236000169,1,0,13.021300315856934,11.736944444444445
2112,211.199,255.4640860178101,1119.7516259401361,338.6701467445639,1385.7180124790264,0.24166272422583734,464436.49689972633,1,0,13.136112213134766,11.61888888888889
2113,211.3,255.6052189707224,1120.9316125428877,338.98808873594334,1387.0079441254381,0.24166272422583734,465681.6768619211,1,0,13.171552658081055,11.748055555555554
2114,211.4,255.75979315723902,1122.100467195639,339.3034203160502,1388.2872849967969,0.24166272422583734,466918.319854956,1,0,13.181034088134766,11.645
2115,211.5,255.88748487656193,1123.2470579507624,339.6138967760773,1389.5469280200957,0.24166272422583734,468131.3505347404,1,0,12.7658052444458,11.693888888888889
2116,211.6,256.02189721267956,1124.4493084519327,339.91296332676546,1390.760279570302,0.24166272422583734,469299.9171771925,1,0,12.227496147155762,11.753888888888886
2117,211.7,256.16303016559186,1125.5402394618,340.20246927683365,1391.9348425312915,0.24166272422583734,470437.0178584767,1,0,11.966815948486328,11.205
2118,211.8,256.3108837353137,1126.6089065740393,340.48638071883386,1393.086707851835,0.24166272422583734,471554.6588477476,1,0,11.759957313537598,10.958888888888888
2119,211.9,256.4116929873982,1127.6664417354875,340.7668397816318,1394.2245664248926,0.24166272422583734,472662.1692067408,1,0,11.67829704284668,10.541944444444445
2120,212.0,256.579708407549,1128.7351088469359,341.04347670847,1395.346918099632,0.24166272422583734,473754.05026286835,1,0,11.440537452697754,10.87
2121,212.1,256.6939588932377,1129.7369842647097,341.3135599872031,1396.4426807791478,0.24166272422583734,474820.67198451224,1,0,11.13060188293457,10.231944444444444
2122,212.2,256.82837122935535,1130.7722555293208,341.5763717063635,1397.5089418040664,0.24166272422583734,475860.25798025465,1,0,10.832845687866211,10.52611111111111
2123,212.3,256.962783565473,1131.729603148675,341.8366379329116,1398.5648754373055,0.24166272422583734,476896.27659458196,1,0,10.917872428894043,9.878055555555555
2124,212.4,257.09719590159057,1132.6980827196116,342.1006618886809,1399.6360546624219,0.24166272422583734,477950.6263400079,1,0,11.146883010864258,9.818055555555555
2125,212.5,257.2383288545029,1133.6331664421289,342.3659733059388,1400.7124572847697,0.24166272422583734,479006.88182520174,1,0,11.025466918945312,9.601111111111111
2126,212.6,257.37274119062056,1134.5459862662276,342.6262435493493,1401.7684072149377,0.24166272422583734,480042.1870961557,1,0,10.725586891174316,9.386944444444444
2127,212.7,257.5004329099285,1135.4476741411167,330.10845295788204,1405.7335374860404,0.2255393023142891,119678.24338701113,0,1,10.342181205749512,9.231944444444444
2128,212.8,257.61468339561736,1136.2937022723315,328.3122444006327,1406.1705120155782,0.225086776830946,82827.89341809819,0,1,10.009110450744629,8.758888888888889
2129,212.9,257.7423751149253,1137.173126249593,326.6675111495929,1405.7322431780387,0.22472096514552353,53634.22854226273,0,1,9.804344177246094,8.718055555555555
2130,213.0,257.8633462174386,1138.019154379226,325.03119472027055,1403.7203983647491,0.22444725868853696,32582.869675518257,0,1,9.651228904724121,8.626111111111111
2131,213.101,257.984317319937,1138.8651825096497,323.0116536035083,1398.7351219992292,0.2242504213161016,18653.605025244728,0,1,9.661865234375,8.575
2132,213.2,258.1052884224503,1139.7112106392829,319.8427596090387,1387.9890577844644,0.2241013276270641,10171.796645799475,0,1,9.962955474853516,8.559999999999999
2133,213.3,258.21953890812415,1140.534974872079,314.22535884983677,1366.5618816978417,0.22395614087200996,5355.384760582384,0,1,9.93752670288086,8.37888888888889
2134,213.4,258.32706877701827,1141.3364752048742,308.34228092036307,1343.277653870951,0.22383311039817144,2755.202101509431,0,1,9.748700141906738,8.139999999999999
2135,213.5,258.441319262722,1142.1602394368795,302.50513899739207,1319.9646064597378,0.2236993298471402,1370.2170158809536,0,1,9.601710319519043,8.24388888888889
2136,213.599,258.54212851479156,1142.9394758720468,296.67640464927547,1296.6276026606774,0.2235345414971943,633.6921436977053,0,1,9.515588760375977,7.966111111111111
2137,213.699,258.64293776689095,1143.7187123080053,290.84488935581567,1273.2798649236743,0.22330639294749446,264.9903459990686,0,1,9.188797950744629,7.875
2138,213.8,258.74374701897545,1144.4645528963356,285.0034122360238,1249.9179209730548,0.22293425758554014,101.54952289109387,0,1,9.00976848602295,7.708888888888889
2139,213.9,258.83783565426523,1145.1992615354563,279.1413348958814,1226.5256118281984,0.2221918009546237,37.280281079276655,0,1,8.681797981262207,7.491944444444444
2140,214.0,258.9117624391262,1145.9228382253677,273.2474944075712,1203.1106370524021,0.22039064950004433,23.841363306357177,0,1,8.415918350219727,7.29611111111111
2141,214.1,258.99913045759143,1146.6130190684419,268.9629480178825,1186.1955876730904,0.21784496193365388,17.999865126525936,0,1,7.554096221923828,7.043888888888889
2142,214.2,259.079777859262,1147.303199911516,266.56526607055287,1176.843936481279,0.2154332820039014,15.072224836378757,0,1,7.176980495452881,6.955
2143,214.3,259.1537046441229,1147.9711168553804,264.9674051652797,1170.9572729857157,0.17404376265090038,12.341952730670156,0,1,6.651000499725342,6.763888888888889
2144,214.4,259.2276314289839,1148.6167699031987,263.8918563704361,1166.9442651363804,0.17273926003445736,11.347359211137496,0,1,6.582725524902344,6.581944444444444
2145,214.5,259.29483759705016,1149.284686847854,263.10527085203177,1164.1068065888069,0.17118640564140597,10.71566388549067,0,1,6.4882307052612305,6.711944444444445
2146,214.6,259.36204376510153,1149.9080759964625,262.51341686852123,1162.0594794690458,0.16953136889484618,10.40136242902172,0,1,6.753155708312988,6.373888888888889
2147,214.7,259.4292499331529,1150.5203331950704,262.05981635458727,1160.5737572714918,0.16785211153262117,10.135853000155308,0,1,6.7046074867248535,6.244999999999999
2148,214.8,259.50317671801383,1151.1325903944696,261.7095581556832,1159.503729421639,0.16620864346412764,10.040957413203568,0,1,6.922601222991943,6.158055555555555
2149,214.9,259.56366226925553,1151.7225836962411,261.43545881570253,1158.7446975415362,0.16461147682203758,9.890211673214324,0,1,6.762577533721924,6.021111111111111
2150,215.0,259.62414782051223,1152.3014450480118,261.2181669916597,1158.2098890689185,0.16309548537913873,9.756163706803576,0,1,6.534388542175293,5.9061111111111115
2151,215.1,259.6913539885785,1152.8691744513644,261.04705071568605,1157.849350603017,0.1616981158589704,9.649195023633697,0,1,6.313324928283691,5.741944444444444
2152,215.2,259.7518395398202,1153.436903853926,260.9111708522554,1157.622900984839,0.16040980070422498,9.510842756104067,0,1,5.926090240478516,5.744999999999999
2153,215.3,259.79888385747256,1153.9823693596504,260.8022767883571,1157.5045298501768,0.15920653554208922,9.448922069261842,0,1,5.767944812774658,5.5569444444444445
2154,215.4,259.85936940872926,1154.550098762212,260.72001913338346,1157.4918115867574,0.15810649002955815,9.42116467304774,0,1,5.704367160797119,5.6850000000000005
2155,215.5,259.9064137263666,1155.084432317936,260.65922160566333,1157.5715690359264,0.1570754574900822,9.445669151266461,0,1,5.803858757019043,5.4719444444444445
2156,215.6,259.9601786608137,1155.6298978228697,260.6157612728139,1157.7197172947326,0.156120428525905,9.3589991358438,0,1,5.493670463562012,5.425
2157,215.699,260.0005023616415,1156.1530994301754,260.58480366586565,1157.9226990993732,0.1552077245553505,9.414881721662999,0,1,5.733371734619141,5.29111111111111
2158,215.799,260.0677085296929,1156.6874329851087,260.5725740080573,1158.1978945375374,0.15439136208369214,9.450776502952527,0,1,5.814088821411133,5.365
2159,215.899,260.1281940809495,1157.177238744786,260.5731891547862,1158.5153621914878,0.15365787320315188,9.489785584625999,0,1,5.904672622680664,5.161944444444444
2160,216.0,260.15507654815815,1157.7115723005106,260.5788108148232,1158.8764605931553,0.1528839061112542,9.513977083360173,0,1,5.898111343383789,5.13611111111111
2161,216.1,260.22900333303403,1158.1791141625602,260.5948393939117,1159.2500258221278,0.1522367337206818,9.5212191195853,0,1,5.899726390838623,4.941111111111111
2162,216.2,260.26260641706716,1158.6911838198655,260.6138994927037,1159.6498009044763,0.15156507701316183,9.556267082691143,0,1,5.980371952056885,5.035
2163,216.3,260.32309196830886,1159.1587256811242,260.6368103389291,1160.0421164330673,0.15097306555557202,9.402614045789377,0,1,5.449465751647949,4.793055555555555
2164,216.4,260.3634156691367,1159.6707953384296,260.65897200524336,1160.4322081582711,0.15037585587951838,9.406969637969414,0,1,5.450727462768555,5.015
2165,216.5,260.4171806035987,1160.1160733020604,260.64111170361934,1160.8405433580397,0.13201273127790536,9.034685399398361,0,1,5.500323295593262,4.653055555555555
2166,216.6,260.47094553804567,1160.5724832141098,260.6746462438909,1161.2628103173663,0.13180728501605493,9.080479117636218,0,1,5.741685390472412,4.621944444444444
2167,216.7,260.51798985568314,1161.0400250753685,260.7124437154865,1161.7091414738973,0.13160526459784602,9.127054229830852,0,1,5.902360439300537,4.698888888888889
2168,216.8,260.5515929397014,1161.5186988858366,260.7506894967153,1162.170612826709,0.13137807951272334,9.159230569325755,0,1,5.978589057922363,4.733055555555556
2169,216.9,260.612078490958,1161.9751087978857,260.79443180233284,1162.6454713702713,0.13118407796481818,9.235769196663568,0,1,6.2451605796813965,4.598055555555556
2170,217.0,260.63896095819644,1162.4426506591444,260.8378924800704,1163.139587195045,0.13094977432406105,9.309362668987584,0,1,6.471199989318848,4.593055555555556
2171,217.1,260.6927258926286,1162.9101925204031,260.8857165276453,1163.650353314752,0.13073189524386447,9.402043069554374,0,1,6.751347064971924,4.651111111111111
2172,217.2,260.73977021026604,1163.333206586406,260.93578550142934,1164.1655471396648,0.13052624307887356,9.472679158629774,0,1,6.923987865447998,4.411111111111111
2173,217.3,260.78681452790346,1163.7896164976642,260.9870515054384,1164.6850151625042,0.13032055383402313,9.543398852174269,0,1,7.085991382598877,4.555
2174,217.4,260.83385884554093,1164.2460264105046,261.0371598897812,1165.1916081210031,0.1301150610588067,9.507360850994061,0,1,6.861900806427002,4.528888888888889
2175,217.5,260.8741825463836,1164.6690404749256,261.08535271815583,1165.6832320419564,0.12990460977672053,9.584387271180534,0,1,7.054341793060303,4.361944444444444
2176,217.6,260.90778563041675,1165.1143184385562,261.13259059008504,1166.1799610970136,0.12966547748997886,9.641527617208931,0,1,7.1671881675720215,4.391111111111111
2177,217.7,260.97499179846807,1165.5373325037683,261.18299665788396,1166.6634178906959,0.129491873201922,9.623338410861288,0,1,7.02534294128418,4.326944444444444
2178,217.8,261.0153154992959,1165.9937424158177,261.23000277973796,1167.1303787907777,0.12929658793672777,9.599870198264664,0,1,6.875561714172363,4.516111111111111
2179,217.9,261.04891858332905,1166.427888429448,261.2711488302997,1167.5653034452691,0.12907465638032567,9.476216016503429,0,1,6.381679058074951,4.303888888888889
2180,218.0,261.0959629009665,1166.8397705454506,261.3096403679275,1167.9689450769135,0.12887398517808474,9.44040711670647,0,1,6.211997985839844,4.196111111111111
2181,218.102,261.14300721861883,1167.2627846106625,261.3477378677923,1168.3625800810642,0.12868783403966555,9.37668264612507,0,1,5.837028980255127,4.296111111111111
2182,218.202,261.1766103026221,1167.6969306250842,261.37965368068285,1168.7219048123873,0.12847810927475375,9.275232059970879,0,1,5.460438251495361,4.235
2183,218.3,261.2102133866702,1168.119944689505,261.40592112567424,1169.046315566914,0.128255947317794,9.120165401327002,0,1,4.936150550842285,4.183055555555555
2184,218.399,261.25053708749806,1168.5318268055075,261.43201482991,1169.3660664126091,0.12804482893361743,9.10094682890164,0,1,4.89008903503418,4.223888888888888
2185,218.5,261.2908607883408,1168.9548408707196,261.4592363798976,1169.6940104230096,0.12783957771854776,9.044544052820191,0,1,4.541871547698975,4.138888888888889
2186,218.6,261.324463872359,1169.3667229859311,261.4850850350689,1170.0175068972137,0.1276280740607554,9.041803621670388,0,1,4.54619026184082,4.13
2187,218.7,261.36478757320174,1169.7897370519343,261.5123180205909,1170.3499585056475,0.12742397483113943,9.003086009941592,0,1,4.3653059005737305,4.128888888888889
2188,218.8,261.398390657205,1170.1793552695178,261.5398595323484,1170.6864961703138,0.12722069234410843,9.014644287848423,0,1,4.41915225982666,3.9680555555555554
2189,218.9,261.4454349748574,1170.580105436311,261.5692314033586,1171.0228459306174,0.127045049180426,8.950657967161844,0,1,4.107604026794434,4.02
2190,219.0,261.4723174420809,1170.9808556031044,261.59383260613833,1171.336282024553,0.1268506496571365,8.853965549851733,0,1,3.612537384033203,3.943888888888889
2191,219.1,261.52608237652794,1171.370473820688,261.61977585780585,1171.6348168525412,0.12670239412397633,8.82044289597674,0,1,3.448126792907715,3.946944444444444
2192,219.2,261.5462442269568,1171.7823559366905,261.6419885910558,1171.930851677457,0.1265186795607629,8.75845874720414,0,1,3.1049108505249023,3.978888888888889
2193,219.3,261.6000091613889,1172.1385783082278,261.6479811008577,1172.2229886624116,0.11577081491362673,8.613762119447097,0,1,3.056947708129883,3.7861111111111114
2194,219.4,261.6268916286125,1172.5838562710678,261.6728453627833,1172.5265722343954,0.11569667952066143,8.587264421689099,0,1,2.8294525146484375,4.111944444444444
2195,219.499,261.6739359462648,1172.9512105902327,261.6998794577091,1172.8279464726272,0.11564086633227086,8.571069323652473,0,1,2.8099422454833984,3.895
2196,219.599,261.7142596470926,1173.3074329609792,261.72881190458116,1173.135887148672,0.11559377950806918,8.567241075672394,0,1,2.715099334716797,3.6711111111111108
2197,219.699,261.7209802639022,1173.7081831277724,261.75428487612515,1173.4610797310813,0.1155116237220522,8.584663162986974,0,1,2.8594961166381836,3.795
2198,219.8,261.76802458152474,1174.0532735493093,261.7848867848038,1173.8032800045798,0.1154506587458593,8.61557514061067,0,1,2.9859209060668945,3.5888888888888886
2199,219.899,261.8083482823675,1174.4428917668931,261.8161098241341,1174.1447947326853,0.11539440078870418,8.57845798475307,0,1,2.774364471435547,3.888888888888889
2200,220.0,261.8621132168145,1174.754586340802,261.8503144153006,1174.4751302315333,0.11536649898712793,8.592215621330354,0,1,2.719658851623535,3.5238888888888886
2201,220.1,261.909157534452,1175.121940660758,261.88616917278085,1174.80754352469,0.11534784797852594,8.592266993230956,0,1,2.7337751388549805,3.5861111111111112
2202,220.2,261.909157534452,1175.5338227767602,261.9153961653157,1175.1470473755076,0.11528123724548686,8.576851898094967,0,1,2.5772485733032227,3.783888888888889
2203,220.3,261.93604000167545,1175.9011770959253,261.9437758113547,1175.487272395274,0.11520890654692038,8.585165486009856,0,1,2.641572952270508,3.7480555555555557
2204,220.4,261.9562018520894,1176.268531416672,261.9715439671152,1175.838540952298,0.11512398951322413,8.59840044418241,0,1,2.7363033294677734,3.693888888888889
2205,220.5,261.96964308572353,1176.658149633465,261.9975434006995,1176.2014716576518,0.11501754457162568,8.60602541545442,0,1,2.7712297439575195,3.7761111111111108
2206,220.6,261.98980493612254,1177.0366359026302,262.0228958144667,1176.5699378454847,0.11490088323611967,8.61456708895427,0,1,2.808267593383789,3.761944444444444
2207,220.7,261.9965255529321,1177.4039902225861,262.0454866053654,1176.941216156511,0.11476101871475371,8.623429739151327,0,1,2.8432064056396484,3.711111111111111
2208,220.8,262.01668740334605,1177.771344541751,262.06780491360126,1177.3132822120317,0.11461599574843825,8.628087832866496,0,1,2.8426218032836914,3.6730555555555555
2209,220.9,262.04356987056957,1178.1275669124973,262.09089571666505,1177.683223502071,0.11447556893380606,8.634459013656194,0,1,2.854419708251953,3.5980555555555553
2210,221.003,262.0704523377931,1178.517185130081,262.11567432320953,1178.0666731986657,0.11433319014942064,8.6868232710345,0,1,2.9085912704467773,3.721944444444444
2211,221.101,262.1040554218262,1178.8734075008276,262.1406185819331,1178.434034579297,0.11420318683154382,8.644125591369786,0,1,2.8712997436523438,3.673888888888889
2212,221.2,262.11077603862094,1179.2407618199925,262.1622911677313,1178.7991928828349,0.11404811882219794,8.629200699121888,0,1,2.7994651794433594,3.578888888888889
2213,221.3,262.13765850584446,1179.630380037576,262.1856314655591,1179.1758707950958,0.11389273557600872,8.667495730501996,0,1,2.994691848754883,3.753055555555555
2214,221.4,262.13765850584446,1179.9643385099039,262.2068748238221,1179.5613650632358,0.11370766683357186,8.705030283569156,0,1,3.178955078125,3.5019444444444443
2215,221.5,262.1645409730679,1180.3428247790694,262.2301274629421,1179.9557070507365,0.11352465586186297,8.723265856853903,0,1,3.23471736907959,3.6180555555555554
2216,221.6,262.1847028234968,1180.6990471498157,262.2544910820162,1180.3585884580987,0.11333550699588679,8.785882549912895,0,1,3.534113883972168,3.573888888888889
2217,221.7,262.21158529072034,1181.0664014689805,262.2822392429387,1180.7823679421538,0.11314568847961769,8.865252550543877,0,1,3.8771963119506836,3.6761111111111116
2218,221.8,262.23174714113424,1181.4114918905175,262.31172641905476,1181.2203027674616,0.11294559165390466,8.946238828476439,0,1,4.184256553649902,3.5
2219,221.9,262.2451883747386,1181.767714261264,262.3420165287774,1181.676265684139,0.112718599388055,9.071402240182978,0,1,4.632378101348877,3.593888888888889
2220,222.0,262.2653502251524,1182.1239366320106,262.37340159637654,1182.1414194844047,0.11247656888808946,9.134275480611997,0,1,4.797768592834473,3.5280555555555555
2221,222.1,262.27879145877165,1182.4912909519664,262.40509998603784,1182.621006598849,0.11220132214304951,9.31811831118853,0,1,5.36427116394043,3.63
2222,222.2,262.2855120755813,1182.8141174742937,262.43802822972384,1183.1242850780257,0.11188521434202883,9.545979795198022,0,1,5.984438419342041,3.401944444444444
2223,222.3,262.29895330918555,1183.1703398450402,262.47307795353146,1183.6533319113455,0.11153196739796353,9.787897592269111,0,1,6.562563896179199,3.4930555555555554
2224,222.399,262.3123945428048,1183.5488261142054,262.50925895001154,1184.2023687149024,0.11113291578023746,10.063364325465411,0,1,7.1905694007873535,3.6888888888888887
2225,222.499,262.33927701002835,1183.9161804333703,262.54998511824056,1184.779096489561,0.11072829045718603,10.382186663959743,0,1,7.806034564971924,3.6630555555555553
2226,222.6,262.3594388604273,1184.305798650954,262.54070440178907,1185.3895988803574,0.09083424653536731,9.810454754594335,0,1,8.441177368164062,3.83
2227,222.699,262.38632132766577,1184.7176807669566,262.58005694324345,1185.992353016161,0.09069783800852806,9.935066577652016,0,1,8.836810111999512,3.9880555555555555
2228,222.799,262.39976256128494,1185.1406948321685,262.61679709499356,1186.5876602836236,0.09052172936747609,9.97584845498693,0,1,8.79763412475586,4.211111111111111
2229,222.899,262.42664502849357,1185.5859727950085,262.65157252567514,1187.1567131394963,0.09033484602790365,10.022215773525504,0,1,8.796464920043945,4.378888888888889
2230,222.999,262.4400862621128,1186.053514657058,262.68264586732346,1187.7105831427903,0.09009883067085138,10.07669235481549,0,1,8.831989288330078,4.596111111111111
2231,223.101,262.47368934614593,1186.5433204167357,262.7153114302594,1188.2696756118012,0.08986557044225035,10.147651330468154,0,1,8.842512130737305,4.843055555555555
2232,223.2,262.4938511965449,1187.055390074041,262.74417933301777,1188.8050504231692,0.08959381438968092,10.20028267829474,0,1,8.960851669311523,4.991944444444444
2233,223.3,262.5341748973877,1187.5785916805557,262.77691525371864,1189.362274702157,0.08934132295172123,10.333563519587276,0,1,9.235655784606934,5.235
2234,223.399,262.5610573646112,1188.11292523628,262.8093903522739,1189.9267984350247,0.08906348835366658,10.414750895949103,0,1,9.399374008178711,5.338888888888889
2235,223.5,262.5879398318198,1188.669522690423,262.84311629564445,1190.5187032400559,0.08875599983803169,10.52998772162253,0,1,9.562172889709473,5.4319444444444445
2236,223.599,262.62154291585296,1189.2372520929844,262.87617263983805,1191.1024295657364,0.088441712452961,10.586448994771702,0,1,9.665886878967285,5.648888888888888
2237,223.699,262.64842538307647,1189.827245394756,262.90923255164586,1191.7034493749334,0.0880930428511879,10.66007700334488,0,1,9.76209831237793,5.824999999999999
2238,223.799,262.68202846712455,1190.417238695736,262.94186798157153,1192.3006972748626,0.087738065249161,10.634152545531213,0,1,9.619771957397461,5.891111111111111
2239,223.899,262.7156315511278,1191.0294958951351,262.97462524391176,1192.9041174408042,0.08737158621592517,10.753167890074458,0,1,9.851866722106934,6.1161111111111115
2240,223.999,262.74251401836625,1191.6640169929533,263.00579903168097,1193.5111155387397,0.08696664781725569,10.669593855099192,0,1,9.583416938781738,6.251111111111111
2241,224.099,262.7693964855749,1192.2874061407708,263.0346893491979,1194.1079703653984,0.08653482656300404,10.672322007628942,0,1,9.543706893920898,6.1930555555555555
2242,224.2,262.81644080322724,1192.9441911370077,263.0701831419352,1194.7593326217811,0.08613766962224881,11.093742077319607,0,1,10.46791934967041,6.606944444444444
2243,224.3,262.84332327045075,1193.6009761324535,263.1082806651768,1195.4648539902514,0.08569422819856136,11.36627463690734,0,1,11.018213272094727,6.5119444444444445
2244,224.4,262.88364697127855,1194.2800250263183,263.14983982325657,1196.207286791746,0.08525187919591035,11.601798005736196,0,1,11.454750061035156,6.723888888888888
2245,224.5,262.92397067212124,1194.9813378186016,263.1915888334962,1196.9533079530465,0.08480461755624248,11.536597706258434,0,1,11.263242721557617,6.918055555555556
2246,224.6,262.9575737561395,1195.6826506100942,263.2320773307086,1197.7001127536785,0.08432842298874206,11.742288961153113,0,1,11.646745681762695,6.943888888888889
2247,224.701,262.9978974569673,1196.395095351587,263.22679004968063,1198.477006872458,0.07363655774019406,10.750545213693485,0,1,11.797871589660645,7.155
2248,224.799,263.03150054100047,1197.1409359399174,263.2664628474563,1199.2410945015147,0.07344676762116248,10.867918385861273,0,1,12.226862907409668,7.263055555555555
2249,224.9,263.07854485865283,1197.875644579038,263.30946464219795,1200.0332192894732,0.07326512707423562,10.81868274324279,0,1,11.882396697998047,7.356111111111111
2250,225.0,263.10542732587635,1198.6326171165776,263.34758013161075,1200.795661103891,0.07302746051888223,10.862753739215806,0,1,11.892601013183594,7.491944444444444
2251,225.1,263.14575102670415,1199.400721603327,263.38616688959286,1201.564608991528,0.07277955408229082,10.946956353772404,0,1,12.015207290649414,7.66
2252,225.2,263.17935411073734,1200.1688260892847,263.42440586001425,1202.345536618628,0.07250271270925658,11.048585602759545,0,1,12.182099342346191,7.591944444444444
2253,225.3,263.21295719477047,1200.9257986268244,263.4624659225757,1203.1362366726235,0.07220383178479033,11.149622503253402,0,1,12.342557907104492,7.626111111111111
2254,225.4,263.23983966197903,1201.6827711643639,263.4974782419813,1203.9119282975223,0.07186609863664188,11.04127747377334,0,1,11.953508377075195,7.561111111111111
2255,225.5,263.26672212920255,1202.4508756511132,263.529583561081,1204.671953819556,0.0714942591070691,11.088688727486838,0,1,11.995705604553223,7.638055555555555
2256,225.6,263.28688397961645,1203.2078481878616,263.5596552423803,1205.4393931262493,0.07107479797904812,11.175879060310983,0,1,12.142047882080078,7.518888888888889
2257,225.7,263.3070458300453,1203.9759526746109,263.5876913360905,1206.2105292734036,0.07061303283075226,11.182927031661656,0,1,12.08054256439209,7.6211111111111105
2258,225.8,263.3272076804592,1204.7551891097783,263.61325937668954,1206.9759271887626,0.07011446887667089,11.168495894753594,0,1,11.97154712677002,7.6819444444444445
2259,225.9,263.3406489140635,1205.512161647318,263.6362366307639,1207.7423209034066,0.0695686938786395,11.259209421106299,0,1,12.136154174804688,7.646111111111111
2260,226.0,263.34736953087315,1206.2913980832764,263.65629406865804,1208.520629453305,0.06895516504236947,11.313603211142137,0,1,12.205205917358398,7.703888888888889
2261,226.1,263.3608107644923,1207.0595025692344,263.6730958727321,1209.2770736052428,0.06831431915570021,11.117905113443431,0,1,11.650827407836914,7.7188888888888885
2262,226.2,263.36753138128705,1207.8498709536113,263.6859009158166,1210.0178372748812,0.06762570767263928,11.151770849804887,0,1,11.694878578186035,7.785
2263,226.3,263.3608107644923,1208.6179754403604,263.64091539702963,1210.747640282955,0.0563781645860737,10.272748204468884,0,1,11.19078254699707,7.7461111111111105
2264,226.399,263.36753138128705,1209.4083438247374,263.6460197517483,1211.449596362014,0.05596560635174943,10.22523135323517,0,1,11.075356483459473,7.891111111111111
2265,226.499,263.37425199809667,1210.198712209905,263.65087383022416,1212.1679930172622,0.0555276300161388,10.246802262984886,0,1,11.01959228515625,7.853888888888889
2266,226.6,263.36753138128705,1211.0002125442825,263.65330517064353,1212.90372096805,0.055032422391111516,10.279392429276646,0,1,10.959202766418457,7.948888888888889
2267,226.699,263.3608107644923,1211.8017128770778,263.65503146058745,1213.676502967878,0.054486157652889534,10.63996872124119,0,1,12.084651947021484,7.961111111111111
2268,226.799,263.3540901476827,1212.5920812614547,263.6583071833778,1214.5208360245085,0.0538908384937001,10.791402664021312,0,1,12.374549865722656,7.97
2269,226.899,263.3540901476827,1213.4047135442504,263.66049733205875,1215.3644783025215,0.05326729354924684,10.785686822162926,0,1,12.19300365447998,8.02111111111111
2270,226.999,263.3406489140635,1214.2062138786275,263.65947045338874,1216.2076606737037,0.05258349897533802,10.952151504907063,0,1,12.528569221496582,8.056944444444444
2271,227.1,263.3339282972688,1215.0299781098417,263.6571297439936,1217.059560228251,0.05186256197275012,10.917533952605336,0,1,12.242827415466309,8.206111111111111
2272,227.2,263.3272076804592,1215.8648742910564,263.65158623384593,1217.8783177857856,0.05111280795116448,10.887242185832841,0,1,12.044880867004395,8.233888888888888
2273,227.3,263.3070458300453,1216.6886385230614,263.6433227523987,1218.7136166809105,0.05029874358130961,11.131817066412912,0,1,12.615666389465332,8.24388888888889
2274,227.399,263.29360459642606,1217.5124027550667,263.6323400070879,1219.5286508522004,0.04945392058784802,10.87569901956189,0,1,11.833654403686523,8.336944444444445
2275,227.5,263.27344274601217,1218.369562833909,263.6185155173603,1220.3482854457898,0.04855795581172908,11.019145144590029,0,1,12.09130859375,8.448888888888888
2276,227.599,263.2532808955982,1219.2267229127515,263.6019216872185,1221.1598507165024,0.047622366011709855,10.986862466828919,0,1,11.957572937011719,8.578888888888889
2277,227.7,263.23311904518437,1220.0838829923848,263.58471482504075,1222.0042154794505,0.04665020167097021,11.138544160459533,0,1,12.229090690612793,8.53
2278,227.8,263.21967781155024,1220.9521750204367,263.49082244187673,1222.8631112233145,0.030421394568154625,10.494728681667072,0,1,12.357089042663574,8.665000000000001
2279,227.9,263.19951596115123,1221.8204670484886,263.47148701199876,1223.7157836411327,0.0298965167201041,10.439684021318497,0,1,12.121750831604004,8.741944444444444
2280,228.0,263.17263349392766,1222.7221549241685,263.44953841315026,1224.5649424927474,0.029320767826537635,10.475144937980591,0,1,12.081059455871582,8.875
2281,228.1,263.15247164351376,1223.6127108506394,263.4272102670106,1225.4217857286462,0.028719440919957005,10.5405329066825,0,1,12.142545700073242,8.88
2282,228.2,263.1323097930849,1224.503266776319,263.4046979560649,1226.2903947049604,0.02809550299724102,10.615390672470808,0,1,12.229774475097656,8.91
2283,228.3,263.10542732587635,1225.40495465279,263.380673799169,1227.1659210498474,0.027433461603693466,10.64794163618955,0,1,12.177788734436035,8.976944444444444
2284,228.4,263.07854485865283,1226.306642527679,263.3551273594728,1228.0379570015098,0.026739748936385952,10.652210134720331,0,1,12.043231010437012,9.0
2285,228.5,263.0651036250336,1227.2194623517776,263.3304467746637,1228.8983034058494,0.026056432078519553,10.59880577678999,0,1,11.738133430480957,9.090000000000002
2286,228.6,263.0382211578101,1228.1211502266667,263.30432506084776,1229.7546475664872,0.025347478393077605,10.652970275375226,0,1,11.785186767578125,9.076944444444445
2287,228.7,263.0180593073962,1229.0339700515563,263.278921916609,1230.638754835586,0.024632239529029144,10.825074906441628,0,1,12.180800437927246,9.055
2288,228.8,262.99117684018756,1229.9467898764458,263.25272474410383,1231.5402295371814,0.02389148290385329,10.837924173508442,0,1,12.087772369384766,9.183055555555555
2289,228.9,262.9710149897587,1230.8484777529168,263.22664006443654,1232.4367162932813,0.023150651988331345,10.870155739953073,0,1,12.060297012329102,8.966111111111111
2290,229.0,262.9575737561395,1231.7612975762245,263.2018365283079,1233.3292623487612,0.022430123883049356,10.863933702101708,0,1,11.929327011108398,9.078888888888889
2291,229.1,262.93069128891597,1232.6741174011138,263.1757978667118,1234.222881742604,0.02168756115134371,10.927937802686865,0,1,12.006231307983398,9.176944444444445
2292,229.2,262.9105294384722,1233.575805276003,263.0918618781977,1235.125921309445,0.009159950347475743,10.346212505887939,0,1,12.086712837219238,8.998055555555556
2293,229.299,262.89036758810306,1234.4886251008925,263.0660853813132,1236.0229542628122,0.008772243311260834,10.348076488291596,0,1,12.0880708694458,9.125
2294,229.399,262.8702057376593,1235.3903129765724,263.0407640255981,1236.9371868694943,0.008378079466734951,10.448241320785955,0,1,12.241839408874512,9.068055555555556
2295,229.5,262.84332327045075,1236.3142647498805,263.0148165233688,1237.8789644890269,0.007959277439353428,10.587450478055874,0,1,12.473615646362305,9.128055555555555
2296,229.599,262.81644080322724,1237.2159526255607,262.9881682210159,1238.8080332978627,0.00752019008232795,10.659631641512808,0,1,12.580806732177734,9.056944444444444
2297,229.7,262.7962789528133,1238.1287724496592,262.9623199165648,1239.771476362737,0.007077481053240136,10.82582223884297,0,1,12.866528511047363,9.096111111111112
2298,229.8,262.7693964855749,1239.0638561729675,262.9357740151656,1240.7424710995926,0.006612551298568694,10.968404388308265,0,1,13.125143051147461,9.29111111111111
2299,229.9,262.749234635161,1239.9655440478566,262.9099352393014,1241.732838821624,0.006145875131050003,11.194388043498565,0,1,13.599878311157227,9.123888888888887
2300,229.999,262.7089109343331,1240.8894958211647,262.8809917269171,1242.7339018277028,0.005618888387677591,11.355173511460634,0,1,13.903056144714355,9.145
2301,230.1,262.69546970072884,1241.824579544473,262.85420232179615,1243.7557083752877,0.005116204584456618,11.405774030159991,0,1,13.816791534423828,9.306944444444445
2302,230.2,262.66186661669565,1242.7373993685715,262.8254461826845,1244.760208073854,0.0045759029755522975,11.606201798143172,0,1,14.191338539123535,9.228055555555555
2303,230.3,262.63498414947213,1243.6724830910887,262.79638736730175,1245.7886494240581,0.004021818455883863,11.853532044086196,0,1,14.65982437133789,9.283888888888887
2304,230.4,262.6081016822486,1244.6075668136061,262.76704727453864,1246.8490896139563,0.0034537930969540235,12.194131238645975,0,1,15.321026802062988,9.32
2305,230.5,262.5744985982155,1245.5426505369146,262.7361198807528,1247.9275473666703,0.0028505010890004755,12.371159344326468,0,1,15.580562591552734,9.309999999999999
2306,230.6,262.5543367478016,1246.4888662086414,262.66194464381084,1249.0405126577239,-0.005243623784283891,11.83414361488526,0,1,16.657176971435547,9.458055555555555
2307,230.7,262.52745428057807,1247.4239499319494,262.6304108337121,1250.217149896464,-0.005550706967275625,12.300326908979573,0,1,17.805023193359375,9.363055555555556
2308,230.8,262.50729243016417,1248.3812975528858,262.60006611514166,1251.365321913545,-0.005854842282665983,12.035498663680576,0,1,16.834970474243164,9.49
2309,230.9,262.48040996294066,1249.338645173031,262.5698282875877,1252.460802363179,-0.006175234555028415,12.297900821750657,0,1,17.291610717773438,9.59388888888889
2310,231.0,262.4468068789075,1250.2848608447578,262.5382829076071,1253.5354444399215,-0.006529689793795987,12.235925900404084,0,1,16.920703887939453,9.466944444444445
2311,231.1,262.4333656453032,1251.2644723633218,262.50963524252865,1254.5648490487276,-0.006848290205071678,12.173950018960133,0,1,16.581701278686523,9.653055555555556
2312,231.2,262.4064831780647,1252.2106880342576,262.48101941338604,1255.541394843427,-0.007177234378617179,12.001357738672139,0,1,15.982231140136719,9.486944444444443
2313,231.3,262.3728800940615,1253.1902995544037,262.45122164636956,1256.479755022261,-0.007533818770956355,11.924903808674104,0,1,15.656644821166992,9.656944444444445
2314,231.4,262.345997626823,1254.181043022177,262.421900619532,1257.369507141703,-0.007888327775535393,11.578135080645946,0,1,14.614968299865723,9.888055555555555
2315,231.5,262.3191151595995,1255.18291843916,262.3933801018596,1258.1822381332813,-0.008236319173091276,11.17039251131726,0,1,13.37617301940918,9.93388888888889
2316,231.6,262.2855120755813,1256.1959258053523,262.3641222156983,1258.9638512764382,-0.008596887478920472,11.085621335412196,0,1,13.087286949157715,10.063888888888888
2317,231.7,262.2586296083577,1257.2089331715447,262.33540230778976,1259.7379404392561,-0.008944356713157551,10.83852133505463,0,1,12.290923118591309,10.116111111111111
2318,231.8,262.23174714113424,1258.2219405385279,262.3071079739468,1260.5125441308212,-0.009279597085729051,10.806748885316921,0,1,12.16482162475586,10.120000000000001
2319,231.9,262.2048646739107,1259.2349479039292,262.2557164352556,1261.3153846152318,-0.013829505559463495,10.241947785198812,0,1,12.037291526794434,10.113055555555555
2320,232.0,262.1645409730679,1260.2479552701216,262.2256440072898,1262.1447361525231,-0.014040349030965881,10.227413748028335,0,1,11.97359561920166,10.16388888888889
2321,232.1,262.13765850584446,1261.2720945847323,262.1960271385139,1262.995863866977,-0.014245389172253074,10.219164370983046,0,1,11.796083450317383,10.173888888888888
2322,232.199,262.1040554218262,1262.273970002506,262.16596591254796,1263.842647431469,-0.014460892445897192,10.16727850775314,0,1,11.502864837646484,10.07611111111111
2323,232.3,262.0771729546027,1263.3092412671172,262.1364749891063,1264.7059954887036,-0.014668564517874289,10.095834604878293,0,1,11.009355545043945,10.27111111111111
2324,232.4,262.04356987056957,1264.311116684891,262.1064810853405,1265.565709025246,-0.014885460836777855,10.148005973076774,0,1,11.098097801208496,10.045
2325,232.501,262.0032461697418,1265.3241240502923,262.0741931863585,1266.468645194421,-0.01512646248538696,10.231789008003577,0,1,11.226777076721191,10.153055555555556
2326,232.6,261.96292246889897,1266.348263365694,262.04051294312444,1267.3780377169849,-0.01538728162537739,10.24889073619245,0,1,11.216317176818848,10.226944444444444
2327,232.7,261.9225987680712,1267.350138782677,262.0051406403741,1268.3204763354838,-0.01566688704427584,10.353433792611154,0,1,11.4313383102417,10.041111111111112
2328,232.8,261.87555445043375,1268.3520142004509,261.967492836983,1269.2687283142693,-0.01597914432373418,10.307881634152244,0,1,11.123222351074219,10.043055555555556
2329,232.9,261.8217895159867,1269.3650215666432,261.9266886672973,1270.227449249864,-0.016336097357583353,10.439444348792417,0,1,11.428711891174316,10.143055555555556
2330,233.0,261.76802458152474,1270.3668969836262,261.88288120554,1271.2136971369691,-0.016733405797131323,10.541667109659187,0,1,11.613020896911621,10.023888888888889
2331,233.1,261.707539030283,1271.3576404513994,261.808789431736,1272.1950890356788,-0.022993576355163192,10.000647635553895,0,1,11.304915428161621,9.930000000000001
2332,233.2,261.6403328622316,1272.348383919964,261.75771084577923,1273.1708291073023,-0.023315156249793488,10.051468464722007,0,1,11.434113502502441,9.873055555555554
2333,233.3,261.56640607735574,1273.327995438528,261.7020282109299,1274.1545717446031,-0.02369455312925217,10.114648351043474,0,1,11.481819152832031,9.84611111111111
2334,233.4,261.48575867570014,1274.3187389063016,261.64168130810964,1275.1346969846888,-0.024138820297812336,10.124348525883626,0,1,11.3206205368042,9.9
2335,233.5,261.40511127402954,1275.2872184764472,261.57774925564803,1276.0948195107874,-0.024639711934665416,10.101779296983972,0,1,11.04938793182373,9.821944444444444
2336,233.6,261.31102263875465,1276.2668299958023,261.5083561657134,1277.0448983345714,-0.02521888427572651,10.134560791299133,0,1,11.004631042480469,9.806111111111111
2337,233.7,261.2169340034649,1277.246441514366,261.4343789895382,1277.9875651585842,-0.02586504755291683,10.111476551752451,0,1,10.75705337524414,9.766944444444444
2338,233.801,261.1026835177761,1278.192657186884,261.3529178097722,1278.920121949666,-0.026616884653136826,10.106988099570106,0,1,10.541276931762695,9.561944444444444
2339,233.899,260.995153648882,1279.1611367562386,261.26795054024745,1279.8012984970458,-0.027434312416817697,9.965580975160279,0,1,10.001870155334473,9.765
2340,233.999,260.8674619295591,1280.1073524279652,261.17535858264796,1280.6744579398587,-0.028354509354154962,9.919738704337941,0,1,9.686850547790527,9.611944444444445
2341,234.101,260.73977021026604,1281.0647000489016,261.07637210398013,1281.539304192642,-0.029356902751116333,9.826833693806035,0,1,9.10583782196045,9.683888888888887
2342,234.2,260.58519602370467,1282.0109157206284,260.9690566198482,1282.3538698065129,-0.03047966091424527,9.726522375196803,0,1,8.716209411621094,9.591111111111111
2343,234.3,260.4306218372179,1282.9348674947273,260.8538289176293,1283.1559664449685,-0.031697125147529356,9.619163080146299,0,1,8.202041625976562,9.431111111111111
2344,234.4,260.26260641706716,1283.881083165663,260.64913572474165,1283.9482158274811,-0.05388824633238887,9.287052953516287,0,1,7.969203472137451,9.491111111111111
2345,234.5,260.0744291465025,1284.805034939762,260.5156982380968,1284.7479525577132,-0.05480116779699312,9.263097389802176,0,1,7.825794696807861,9.43611111111111
2346,234.6,259.87281064233355,1285.6955908662326,260.370430678248,1285.5539097523736,-0.055823397924733224,9.269876494746953,0,1,7.765847206115723,9.28
2347,234.7,259.6510302877357,1286.608410690331,260.21184650122257,1286.3728088833927,-0.05697287498816554,9.28029604742346,0,1,7.71858024597168,9.346111111111112
2348,234.8,259.41580869954856,1287.5100985660113,260.0399367591535,1287.198959531638,-0.058255872439029986,9.281336151609656,0,1,7.61683988571167,9.296944444444444
2349,234.9,259.1537046441229,1288.3895225432725,259.8523389825417,1288.0268700981956,-0.05970321264080536,9.28982347893105,0,1,7.553969383239746,9.28111111111111
2350,235.0,258.8714387382834,1289.2689465205337,259.64848006596105,1288.8517044213118,-0.06132661484069912,9.269376456683558,0,1,7.343488693237305,9.19111111111111
2351,235.1,258.5555697484257,1290.1372385485856,259.42527649976563,1289.673033152845,-0.06316186493278415,9.280835624683755,0,1,7.302227020263672,9.203888888888889
2352,235.2,258.21281829132954,1290.9721347290092,259.1813182744783,1290.4863867266517,-0.0652298884411562,9.260464279213755,0,1,7.102141857147217,9.091944444444445
2353,235.3,257.856625600629,1291.7958989610142,258.9172237305666,1291.2988368077831,-0.06752736507110355,9.308412286091382,0,1,7.242977142333984,8.993888888888888
2354,235.4,257.473550442705,1292.5973992946006,258.63196194602244,1292.1029616806052,-0.07007569765969014,9.267633085191083,0,1,6.949204444885254,8.94888888888889
2355,235.5,257.0703134343671,1293.398899628978,258.3261711564494,1292.892275098779,-0.072872566662312,9.275829580124316,0,1,6.902202129364014,8.88
2356,235.6,256.633473341996,1294.1670041141451,257.99663652469957,1293.6757850563392,-0.07595529645774002,9.293152579030922,0,1,6.897810459136963,8.896111111111113
2357,235.7,256.17647139921104,1294.9239766524756,257.6419067551609,1294.475213983164,-0.07935218045639776,9.425405631419652,0,1,7.3934431076049805,8.81
2358,235.8,255.70602822280688,1295.6586852923874,257.0249879838676,1295.26713036635,-0.1615985114840468,9.162948271022225,0,1,7.3570475578308105,8.776111111111112
2359,235.9,255.19526134557486,1296.3711300330895,256.6160867483105,1296.0688220336315,-0.16413804830018058,9.233226405148457,0,1,7.679932117462158,8.741111111111111
2360,236.0,254.68449446834285,1297.0613108753726,256.183892849499,1296.872287503267,-0.1669312584818491,9.301768037398276,0,1,7.880492687225342,8.686944444444444
2361,236.1,254.14012450709265,1297.740359769237,255.73087790041586,1297.6527923558542,-0.17001882698397658,9.282935765501986,0,1,7.630026340484619,8.693055555555556
2362,236.2,253.568872078604,1298.3637489178457,255.25583921773855,1298.40446069503,-0.17343485006042217,9.350356895231787,0,1,7.819149017333984,8.5
2363,236.3,252.9774577997014,1298.9871380656632,254.75635196976222,1299.1457211144802,-0.17720166008636293,9.39904244143311,0,1,7.9030890464782715,8.626111111111111
2364,236.399,252.3591610535753,1299.5771313674345,254.23281770012133,1299.8684809643196,-0.18135726463313756,9.47225702784362,0,1,8.147897720336914,8.563055555555556
2365,236.5,251.70054060662136,1300.1337288207867,253.6743725108324,1300.6036350594436,-0.18600528295290406,9.625945283998716,0,1,8.562742233276367,8.591111111111111
2366,236.6,251.04864077647707,1300.6569304280924,253.08812076434808,1301.340941644286,-0.19115184927868784,9.840994964231347,0,1,9.237403869628906,8.453055555555556
2367,236.7,250.34969662868036,1301.1690000861886,252.4663396040179,1302.0934693885863,-0.19693422491254603,10.06937088587826,0,1,9.864044189453125,8.586944444444445
2368,236.8,249.65075248086876,1301.6588058458663,251.80886811548535,1302.8754273158397,-0.20341936607668198,10.506713325295832,0,1,11.044570922851562,8.568055555555555
2369,236.9,248.92492586586351,1302.1152157579154,251.11794194757212,1303.6605856716174,-0.2107073726937273,10.661998905305854,0,1,11.294922828674316,8.563055555555556
2370,237.0,248.19237863404862,1302.5716256699648,250.40777344249366,1304.3957677337514,-0.21872638507657513,10.69102398167961,0,1,11.197211265563965,8.726111111111111
2371,237.099,247.4396695518049,1302.9835077859675,249.68017099439578,1305.0732843901023,-0.2274499301376208,10.830683789030653,0,1,11.4563627243042,8.655
2372,237.199,246.66007800235258,1303.3397301567138,248.9167522873059,1305.7544053776287,-0.23700596889235606,11.279335052783729,0,1,12.43002700805664,8.61
2373,237.299,245.86032460247148,1303.6736886290414,247.4981580305182,1306.309102898719,-0.3870996274853131,10.724124568208602,0,1,13.013968467712402,8.684999999999999
2374,237.4,245.04040935217637,1303.951987356113,246.65138112810922,1306.9317943107937,-0.3935183340340962,10.708754145073312,0,1,12.810808181762695,8.661944444444446
2375,237.5,244.20033225146744,1304.2080221847657,245.79642418503468,1307.479120429046,-0.4006811940516162,10.891495484585308,0,1,13.165949821472168,8.758055555555556
2376,237.6,243.36025515075846,1304.4640570134184,244.92354718814855,1307.9947573000627,-0.40855807281478923,11.029160973680023,0,1,13.36315631866455,8.815
2377,237.7,242.49329558282594,1304.6644320976059,244.0363048470928,1308.4593136204032,-0.4172006433983377,11.08779236105083,0,1,13.33324909210205,8.918055555555554
2378,237.8,241.61289478127424,1304.8648071802115,243.14180436912355,1308.8641686668375,-0.42653974308942855,11.067574408171449,0,1,13.095890998840332,9.02
2379,237.9,240.71905274611822,1305.0429183659803,242.23830561745075,1309.2165374265562,-0.4365291300371461,11.125670686496656,0,1,13.100833892822266,9.101944444444445
2380,238.0,239.82521071096218,1305.1987656525391,241.3279910483255,1309.5200391748651,-0.447084678266441,11.081525072601355,0,1,12.832032203674316,9.116111111111111
2381,238.1,238.92464805902642,1305.3657448890986,240.40848632639057,1309.7898456634148,-0.4581254799841414,11.182059745210777,0,1,12.981757164001465,9.193055555555555
2382,238.2,237.99720293982233,1305.4993282780295,239.4840027900284,1310.0112006332677,-0.4696515810806626,10.988635274048816,0,1,12.324151992797852,9.383888888888889
2383,238.3,237.05631658702887,1305.6329116669606,238.55776530542275,1310.1848021329447,-0.4815711510868233,11.004674742734812,0,1,12.275147438049316,9.483055555555556
2384,238.4,236.11543023423545,1305.7553631066821,237.62489536311378,1310.3284733346698,-0.4938061271150332,10.913836846578787,0,1,11.930561065673828,9.528055555555556
2385,238.5,235.15438203101317,1305.855550648776,236.68215880672193,1310.4456344157343,-0.506369052713231,10.945482880849568,0,1,11.943037033081055,9.663055555555555
2386,238.6,234.18661321099617,1305.9780020884978,235.7271518126247,1310.5504639494657,-0.5191866966730122,10.910008816496235,0,1,11.767064094543457,9.71
2387,238.7,233.20540315735997,1306.0781896298004,234.13739176564582,1310.322551529532,-0.671878863840119,10.236117698136036,0,1,11.545999526977539,9.866111111111111
2388,238.8,232.21747248694402,1306.1783771718942,233.18284717079916,1310.3822878182177,-0.6798230953135777,10.218928741438638,0,1,11.460869789123535,9.891944444444443
2389,238.899,231.20937996606938,1306.2563008155691,232.22519658400915,1310.420407897886,-0.6882034957766494,10.218941115885732,0,1,11.370412826538086,10.088055555555556
2390,238.999,230.2080080620342,1306.3676203060813,231.26154840012748,1310.4545760698966,-0.6968997490451996,10.150456665592271,0,1,10.95549488067627,10.13888888888889
2391,239.1,229.19319492436483,1306.4566758989658,230.30022220817045,1310.469320577824,-0.7058883804328716,10.083717016267286,0,1,10.516133308410645,10.180000000000001
2392,239.199,228.1582199362816,1306.5568634402687,229.34629163932212,1310.463933256771,-0.7151029753559711,10.082879238011543,0,1,10.465792655944824,10.316944444444443
2393,239.3,227.12324494821328,1306.6681829315717,228.3536154116099,1310.4919898769188,-0.724560705760685,10.222991940227784,0,1,10.790931701660156,10.46111111111111
2394,239.4,226.08154934333535,1306.7683704736653,227.34511040669986,1310.526768372903,-0.7342684912181465,10.239342434260921,0,1,10.728887557983398,10.483888888888888
2395,239.5,225.01969188804352,1306.8574260657588,226.3156276938548,1310.5692062245887,-0.7442745537176167,10.350690527500708,0,1,10.981877326965332,10.61
2396,239.6,223.95111381592713,1306.9576136078526,225.26866508423126,1310.6179605156829,-0.7545506329211751,10.356247168009634,0,1,10.869180679321289,10.748888888888889
2397,239.7,222.88253574382566,1307.0689330983648,224.2124172760315,1310.66795954799,-0.7650401200830524,10.414926512588778,0,1,10.935039520263672,10.741111111111111
2398,239.8,221.79379582131028,1307.1691206404587,223.1340269466114,1310.7277942935386,-0.7758024101807751,10.536143208261269,0,1,11.190418243408203,10.91
2399,239.9,220.6916146651757,1307.2693081817615,221.56542550423404,1310.3765240749544,-0.9264593863350044,10.006276100023243,0,1,11.054035186767578,11.036944444444444
2400,240.0,219.58943350904113,1307.3694957230643,220.47509883570297,1310.4203147603685,-0.9332761367948289,10.016610381931974,0,1,11.028230667114258,11.093055555555557
2401,240.1,218.460369885683,1307.4585513159486,219.37273905963158,1310.4630685424306,-0.9403707920734359,10.103033993441867,0,1,11.184852600097656,11.258055555555556
2402,240.2,217.34474749594412,1307.5921347048795,218.2613174822401,1310.5166057463507,-0.947629075207085,10.1367194662019,0,1,11.127992630004883,11.30111111111111
2403,240.299,216.22240448939564,1307.7145861438103,217.14361728080158,1310.5761486996387,-0.9550663796708659,10.257298273656511,0,1,11.439167976379395,11.331944444444444
2404,240.399,215.0798996324332,1307.8370375843228,216.0193026718477,1310.6378011240822,-0.9626900150293471,10.150928863628508,0,1,10.859314918518066,11.510000000000002
2405,240.5,213.9306741586612,1307.948357075626,214.91399278571365,1310.6810781630477,-0.9704569337721538,10.092234183296394,0,1,10.433943748474121,11.538888888888888
2406,240.6,212.76800745128486,1308.0596765669293,213.8164710714075,1310.715138874612,-0.9783339136723529,10.13576046025712,0,1,10.472711563110352,11.661944444444444
2407,240.7,211.58517889347974,1308.159864107441,212.70489331135363,1310.7513684854662,-0.9863554191679078,10.131935650057692,0,1,10.33311653137207,11.865
2408,240.8,210.40907095246922,1308.2934474963722,211.57043016965204,1310.8031598095063,-0.9944460840038131,10.2816441308534,0,1,10.726173400878906,11.866944444444444
2409,240.9,209.2128011610747,1308.3825030892565,210.3955412806866,1310.8707978691343,-1.0027664308209956,10.431418276224283,0,1,11.078317642211914,11.961111111111112
2410,241.0,208.00309013603112,1308.4938225805597,208.8814358396587,1310.535709281443,-1.1280836317708314,10.085731519904856,0,1,11.53415584564209,12.141944444444446
2411,241.1,206.78665849420773,1308.605142071072,207.62299721762807,1310.6261757658353,-1.1333735241808711,10.292986666380495,0,1,12.225091934204102,12.18888888888889
2412,241.2,205.56350623555983,1308.7164615623751,206.28257176384923,1310.7509068672437,-1.1388827278497815,10.843225091399407,0,1,13.848455429077148,12.261944444444444
2413,241.3,204.33363336011726,1308.8277810528873,204.88315012222574,1310.8996168456417,-1.144663940349348,11.041545543526999,0,1,14.17502498626709,12.393888888888888
2414,241.4,203.07687801746604,1308.9391005433995,203.47949784906768,1311.0443216420404,-1.1507344706786768,11.238460745417415,0,1,14.48189640045166,12.551944444444443
2415,241.5,201.83356390841914,1309.0504200347027,202.08318013207062,1311.1813500740961,-1.1570444940249989,11.362476079606214,0,1,14.577547073364258,12.52388888888889
2416,241.6,200.56336733214874,1309.1394756267962,200.65471250244636,1311.3217956314475,-1.1636858130240102,11.897339154018436,0,1,15.755511283874512,12.70611111111111
2417,241.7,199.2931707558634,1309.2619270657267,199.20144254601664,1311.4688841173252,-1.1705535279917583,12.00787622065923,0,1,15.79126262664795,12.728055555555557
2418,241.8,198.00281232916416,1309.373246557821,197.75508663739348,1311.6055260065466,-1.1776542093284104,12.246309910654222,0,1,16.15640640258789,12.918888888888889
2419,241.9,196.70573328567022,1309.4734340991238,196.33251436924533,1311.7235186884466,-1.1849529519223518,12.134938141039495,0,1,15.697881698608398,13.010000000000002
2420,242.0,195.40865424217625,1309.584753589636,194.7781973732096,1311.4453626897598,-1.2618866874851262,11.297785781910733,0,1,15.588743209838867,13.058055555555553
2421,242.1,194.098133965078,1309.718336978567,193.42498844768957,1311.5295905123307,-1.266217835389595,11.218619393556628,0,1,15.252313613891602,13.208888888888888
2422,242.2,192.78089307115525,1309.8407884190797,192.09419869281422,1311.6069987866254,-1.2705877461272885,11.267773618657195,0,1,15.174345970153809,13.22888888888889
2423,242.3,191.4434903268186,1309.9521079095919,190.77612272337637,1311.6794551344067,-1.2750283535762799,11.24050533707456,0,1,14.874343872070312,13.368888888888888
2424,242.4,190.0993669656872,1310.0745593493136,189.48930909693865,1311.7435608684414,-1.2794831463704563,11.103449571477464,0,1,14.257051467895508,13.51
2425,242.5,188.74852298773132,1310.1747468914073,188.20293642078792,1311.8044113390804,-1.284003008526199,11.261144268498981,0,1,14.570030212402344,13.551944444444445
2426,242.6,187.384237776186,1310.2860663819195,186.91011486290185,1311.8660038200196,-1.288551151460224,11.15200007728608,0,1,14.069650650024414,13.686944444444444
