row,t,ref_E,ref_N,ekf_E,ekf_N,ekf_psi_rad,cov_trace,in_outage,gnss_used,gru_speed,ref_speed
949,94.9,16.55287919241783,74.75103806720645,16.55287919241783,74.75103806720645,0.33299136798799817,33.121846967914685,0,1,8.959733963012695,8.218055555555555
950,95.0,16.808262631048756,75.53027450316489,16.8321626574105,75.57273257853187,0.3329708892900759,29.042509842054862,0,1,9.649341583251953,8.243055555555555
951,95.1,17.08380792006375,76.29837898912295,17.134125350005938,76.44529043512168,0.3329738408761291,26.324357474620477,0,1,9.99571418762207,8.143055555555556
952,95.2,17.352632592298978,77.0776154250814,17.437788750989114,77.32343830426827,0.33297261415319485,24.81566112549466,0,1,10.185420036315918,8.218055555555555
953,95.301,17.628177881328895,77.85685186024888,17.746173502759326,78.21118933191795,0.3330249445528525,24.091873062959234,0,1,10.400639533996582,8.276111111111112
954,95.399,17.903723170358813,78.62495634699792,18.04599617641982,79.06871206918974,0.33317529939464513,23.218840561564267,0,1,10.44202709197998,8.16
955,95.5,18.18598907619834,79.39306083374694,18.35881891658031,79.95494736884066,0.33350035403297856,23.324665422334856,0,1,10.81298828125,8.185
956,95.6,18.468254982052787,80.16116532049598,18.656911631699977,80.7912414148423,0.3339717392954202,20.351830443911567,0,1,9.798088073730469,8.171944444444444
957,95.699,18.743800271067784,80.91813785724463,18.93632370899796,81.56945537556554,0.3345109810177683,19.667826704683545,0,1,9.785520553588867,8.094999999999999
958,95.8,19.02606617690731,81.67511039478424,19.22533292803118,82.36743793070313,0.33518150180105244,19.400954358116937,0,1,9.953484535217285,8.125
959,95.9,19.30833208274684,82.45434682995172,19.514567994665082,83.16455139335754,0.3358393552634615,18.893414665558605,0,1,10.000078201293945,8.168055555555556
960,96.0,19.583877371791676,83.21131936749134,19.798011532072803,83.94333928365593,0.3364830495449786,17.717159266232713,0,1,9.63004207611084,8.07
961,96.1,19.859422660821597,83.96829190503095,20.07957959950768,84.7155071417887,0.3371018101556203,17.63794975240471,0,1,9.904681205749512,8.03888888888889
962,96.2,20.134967949851514,84.71413249336116,20.361506449868777,85.48536285854816,0.33773528904599315,16.80808151677806,0,1,9.670541763305664,7.993055555555555
963,96.3,20.403792622071816,85.44884113248193,20.63693361537505,86.23589263385657,0.3383331623056899,16.208239132349302,0,1,9.552732467651367,7.858888888888889
964,96.4,20.679337911116654,86.18354977160273,20.925300127988436,86.96043709566081,0.3434443329342196,11.238068080145469,0,1,9.235713005065918,7.858888888888889
965,96.5,20.94144196652735,86.92939035993292,21.1942761188772,87.6989153466646,0.34353149018823664,11.369509473483747,0,1,9.66415786743164,7.873888888888889
966,96.6,21.20354602196789,87.6640989990537,21.473904307417406,88.46974037387645,0.3435989169334398,11.55660564846785,0,1,10.069324493408203,7.756944444444445
967,96.7,21.458929460568974,88.36541179133722,21.754159245065807,89.24179068423186,0.3436717815015985,11.496731205126952,0,1,9.982484817504883,7.511111111111111
968,96.8,21.71431289918498,89.08898848124858,22.02241059495037,89.98396778942471,0.3437156645032541,11.242907132482395,0,1,9.509285926818848,7.6930555555555555
969,96.9,21.969696337800983,89.79030127432307,22.28523941538096,90.70994838289705,0.3437695348358635,11.336626511169458,0,1,9.740135192871094,7.453888888888889
970,97.0,22.218359159607378,90.4916140658156,22.545493087203976,91.43133086442757,0.3438030506103684,11.199834328910738,0,1,9.493478775024414,7.471111111111111
971,97.1,22.467021981428694,91.19292685730814,22.79754177772235,92.13195789074662,0.3438202113574493,11.087595955151174,0,1,9.295124053955078,7.4030555555555555
972,97.2,22.715684803250006,91.86084380196338,23.049487061348227,92.82795740682849,0.3438732816209478,11.173809531321357,0,1,9.5128755569458,7.233055555555556
973,97.3,22.950906391437183,92.53989269582807,23.30315885048106,93.53410993669905,0.3438836640984649,11.21374081187593,0,1,9.621737480163574,7.208055555555556
974,97.4,23.192848596433965,93.21894158969275,23.55073167373329,94.22422667010085,0.3438870979587014,11.011730966439266,0,1,9.217718124389648,7.12
975,97.5,23.42807018465098,93.87572658592956,23.789930791991967,94.89114954835775,0.3438899710051651,10.97546531851081,0,1,9.170939445495605,7.028888888888888
976,97.6,23.65657115602854,94.52137963216599,24.026722204577652,95.55290493547002,0.3438814088769333,10.96394575384805,0,1,9.174291610717773,6.906944444444444
977,97.7,23.885072127421022,95.16703267919337,24.26261039713602,96.2134331434384,0.3438636962653227,10.967555524627594,0,1,9.206178665161133,6.91
978,97.8,24.113573098813504,95.80155377622039,24.487775979265102,96.84306128674389,0.34385451131811634,10.645574909861898,0,1,8.49767017364502,6.715
979,97.9,24.348794687015598,96.41381097641052,24.704268830052907,97.44021466063612,0.343908877777025,10.611305620267416,0,1,8.455829620361328,6.635
980,98.0,24.577295658423,97.03720012422811,24.922730414604835,98.04144330494748,0.3439727346445468,10.61367772279022,0,1,8.492767333984375,6.635
981,98.1,24.78563477938665,97.67172122204609,25.13581755470696,98.64155583628794,0.34371071981132895,9.764167109023456,0,1,8.278076171875,6.659999999999999
982,98.199,25.007415133969523,98.28397842144523,25.333203274390833,99.1932441930813,0.34370941917538245,9.510745272714317,0,1,7.370091438293457,6.523888888888889
983,98.299,25.215754254948095,98.89623562084438,25.520103620875304,99.72084911325172,0.3436834471062466,9.491743413242327,0,1,7.259552955627441,6.493888888888889
984,98.399,25.430813992736276,99.4973608710341,25.713353700741866,100.26533512097872,0.34366208154366085,9.5565776241089,0,1,7.494722366333008,6.3999999999999995
985,98.499,25.639153113714848,100.10961807043326,25.91995384134244,100.85159739370373,0.34361974845999027,9.712435348095642,0,1,8.038951873779297,6.416944444444444
986,98.6,25.834051001074197,100.710743320623,26.133216179463762,101.46482697265934,0.343537566296766,9.726368728670574,0,1,7.961904048919678,6.345
987,98.699,26.042390122052765,101.31186857081273,26.351725775311078,102.09316287908267,0.3434526183043666,9.972053912781176,0,1,8.793517112731934,6.3469444444444445
988,98.8,26.237288009412115,101.91299382100246,26.585662326922062,102.7716364874766,0.3433311649149255,10.088577298873952,0,1,9.007328987121582,6.351944444444444
989,98.9,26.438906513581074,102.5141190711922,26.82240268916482,103.46056979597985,0.3431937994574701,10.301800089107292,0,1,9.556245803833008,6.271944444444444
990,99.0,26.63380440095535,103.09298042375406,27.066309579638585,104.17120839864073,0.3430443440369265,10.503106070515974,0,1,10.013778686523438,6.161944444444445
991,99.1,26.835422905124304,103.66070982710653,27.30902360253797,104.874668429956,0.34291320971108424,10.526905888072283,0,1,9.966697692871094,6.076944444444444
992,99.2,27.030320792453807,104.25070312729586,27.551603778324488,105.58180096574401,0.34275634281883605,10.798825385964363,0,1,10.57597541809082,6.1611111111111105
993,99.3,27.20505682942909,104.82956447985774,27.802518181821576,106.32385114657232,0.34252679210041365,11.176303266903304,0,1,11.381667137145996,6.048055555555556
994,99.4,27.393234100008677,105.38616193400078,28.057657426839093,107.07692875076955,0.3422974563439913,11.331540088524715,0,1,11.623948097229004,5.963888888888889
995,99.5,27.601573221002166,105.94275938735285,28.307261684715133,107.80361604616277,0.3421346440844288,11.334076205755437,0,1,11.528205871582031,5.986111111111112
996,99.599,27.79647110833167,106.49935684228686,28.546719591987486,108.49940242801992,0.3419862713518204,11.462682659145871,0,1,11.764270782470703,5.8788888888888895
997,99.699,27.991368995705937,107.06708624484834,28.78775199686097,109.19965054541356,0.3418366249913545,11.583703452642226,0,1,11.942259788513184,5.961111111111111
998,99.799,28.179546266255677,107.60141980136352,29.021877856271203,109.87787302023348,0.34170465203153433,11.595053105517806,0,1,11.896116256713867,5.721111111111111
999,99.9,28.367723536820336,108.14688530550617,29.246912991010124,110.53038319533707,0.34157415613951986,11.509448630701469,0,1,11.62279987335205,5.830000000000001
1000,100.0,28.555900807370072,108.7034827596492,29.45538888626911,111.13817192876157,0.3414317420476936,11.415740427468455,0,1,11.389830589294434,5.861111111111112
1001,100.1,28.737357461125125,109.24894826458284,29.6369459079811,111.72886600167168,0.3374328047745636,10.478217935251601,0,1,11.284709930419922,5.731944444444445
1002,100.2,28.92553473168978,109.78328182030702,29.82940916813261,112.29133635282297,0.3373954216720975,10.399345612363312,0,1,11.039091110229492,5.626111111111111
1003,100.3,29.113712002254438,110.31761537603124,30.01425226026294,112.82957952641858,0.33736575055044016,10.352996723340684,0,1,10.7860689163208,5.6738888888888885
1004,100.4,29.29516865600949,110.85194893175546,30.18719274262092,113.33507205829426,0.3373254316897287,10.213176990016644,0,1,10.223844528198242,5.683888888888888
1005,100.5,29.483345926559227,111.37515053906121,30.351758640319847,113.81228062494436,0.3373035089931583,10.167592597167094,0,1,9.995859146118164,5.5488888888888885
1006,100.6,29.671523197123882,111.89835214478504,30.510173850573725,114.26827759439207,0.33729671011056245,10.043866699480121,0,1,9.495725631713867,5.6
1007,100.7,29.84625923406932,112.4326857013002,30.660276314540443,114.70625586976175,0.3372587904912568,9.97955887113423,0,1,9.21281623840332,5.5761111111111115
1008,100.8,30.034436504633984,112.94475535860559,30.81281843752139,115.14521869629802,0.3372487417440837,9.994162831739184,0,1,9.214201927185059,5.48
1009,100.9,30.20917254157942,113.45682501591097,30.967986032165307,115.593448309088,0.33722809280290394,9.991078673838274,0,1,9.143908500671387,5.443888888888888
1010,101.0,30.390629195319544,113.9688946740073,31.122306311591025,116.03736879919828,0.3372155372952645,9.922585425313061,0,1,8.840423583984375,5.411944444444445
1011,101.1,30.572085849089515,114.46983238210326,31.267659323536048,116.45217971004361,0.33721936842036154,9.753899079451669,0,1,8.170365333557129,5.438055555555556
1012,101.2,30.753542502844564,114.97077009178118,31.399928658204452,116.82673853227652,0.337236345555888,9.580283971777098,0,1,7.463799476623535,5.34
1013,101.299,30.92827853979,115.48283974829556,31.531654981336466,117.20259724875653,0.33723837201866125,9.647768056495224,0,1,7.773367404937744,5.361111111111112
1014,101.4,31.10301457673544,115.9837774571825,31.67818994495082,117.62111681590237,0.33723772076106423,9.666463339976122,0,1,7.733680725097656,5.288888888888889
1015,101.5,31.277750613680876,116.47358321686002,31.83753388121426,118.07458403938533,0.3372442799278024,9.89661481724043,0,1,8.517624855041504,5.279999999999999
1016,101.6,31.45248665062631,116.97452092495598,32.02025393180231,118.59533062245055,0.3372475401699673,10.1464575057281,0,1,9.240971565246582,5.223888888888889
1017,101.7,31.63394330438136,117.46432668463348,32.21997475237673,119.15977637771601,0.3372750838638174,10.35416778251369,0,1,9.753680229187012,5.231944444444444
1018,101.8,31.808679341341715,117.95413244431099,32.431614534259495,119.75752942349271,0.33730670589772216,10.627161503966285,0,1,10.394511222839355,5.211111111111111
1019,101.9,31.983415378272227,118.43280625557006,32.65020721283301,120.37255432224225,0.33735306289633105,10.785077742335782,0,1,10.685673713684082,5.1561111111111115
1020,102.0,32.14471018161337,118.91148006524719,32.86817704764729,120.99043030942043,0.3373736773835781,10.969301508274045,0,1,11.031376838684082,5.103055555555555
1021,102.1,32.32616683536841,119.41241777334315,33.09126607352846,121.62052939127295,0.3374087552659559,11.203578903734511,0,1,11.480910301208496,5.216944444444444
1022,102.2,32.50090287232878,119.89109158381123,33.312586817856136,122.24301363690351,0.337460116322267,11.243356114896663,0,1,11.467158317565918,5.2011111111111115
1023,102.299,32.67563890925929,120.36976539427934,33.52423941759197,122.83577685576617,0.33752548346951544,11.299004717562276,0,1,11.538313865661621,5.098888888888889
1024,102.4,32.843654329410036,120.85957115316589,33.73612587571465,123.42281867753762,0.33829185414948615,10.416406078410986,0,1,11.339581489562988,5.143055555555556
1025,102.5,33.018390366355476,121.32711301521553,33.92888787939357,123.96102641389324,0.3383316395687694,10.321683822626948,0,1,11.001609802246094,5.02
1026,102.6,33.17968516969661,121.79465487726519,34.11178479387258,124.4743539834216,0.33835729097425316,10.360748724878306,0,1,11.00063705444336,5.008055555555555
1027,102.7,33.35442120664205,122.26219673852388,34.29184330748567,124.9755244720753,0.3384038550555321,10.363910945659306,0,1,10.883636474609375,5.026111111111112
1028,102.8,33.52915724357256,122.74087054899196,34.47261071356055,125.47724972166311,0.33845860153179314,10.47129229801607,0,1,11.108148574829102,5.0
1029,102.9,33.69717266372331,123.19728046104122,34.658349826233405,125.99130182418855,0.33852346279999745,10.601586219922757,0,1,11.384574890136719,4.938888888888889
1030,103.0,33.871908700683676,123.66482232229991,34.84903644396123,126.51646508137976,0.3386046829665258,10.712171187846863,0,1,11.583723068237305,4.948888888888889
1031,103.1,34.04664473762911,124.14349613276802,35.04508824755006,127.05635743650936,0.33868992968028877,10.886385399129157,0,1,11.951504707336426,5.133055555555555
1032,103.2,34.22138077455962,124.62216994244514,35.233783958508454,127.57494006767621,0.3387783956347299,10.701394174544864,0,1,11.298140525817871,5.078055555555555
1033,103.3,34.4028374283296,125.11197570212265,35.40407362845064,128.03953435409716,0.3388764939377032,10.532571612017692,0,1,10.703104972839355,5.226111111111111
1034,103.4,34.591014698879334,125.60178146180016,35.564785066719374,128.47211224605874,0.3390006974204687,10.451120826332447,0,1,10.383566856384277,5.228888888888889
1035,103.5,34.76575073583969,126.09158722147768,35.7318205632767,128.92540713215774,0.3391092517533845,10.679268171914428,0,1,10.991130828857422,5.263055555555555
1036,103.6,34.95392800640435,126.5925249303646,35.90768902815045,129.40122201105657,0.3392321858510268,10.627964686273584,0,1,10.75832748413086,5.336944444444445
1037,103.7,35.14210527693917,127.10459458766998,36.078192909153174,129.86172984048358,0.33935540625326344,10.548363137327314,0,1,10.453453063964844,5.441111111111112
1038,103.8,35.33700316431343,127.62779619418478,36.25804128149861,130.34720055199082,0.3394874319234579,10.813424471183728,0,1,11.132497787475586,5.561944444444444
1039,103.9,35.53862166848239,128.15099780069957,36.459432204679224,130.8889394642465,0.3396482025255703,11.072907600365495,0,1,11.726144790649414,5.661944444444444
1040,104.0,35.72007832223744,128.68533135642377,36.672889004842126,131.47309022579154,0.33976151437145463,11.319165369297389,0,1,12.238165855407715,5.575
1041,104.1,35.91497620961171,129.2419288105668,36.889832052131425,132.07119119640663,0.3398513025645746,11.342963823671736,0,1,12.19428539276123,5.843055555555556
1042,104.199,36.11659471378068,129.78739431550045,37.108480882015684,132.67209439629303,0.3399549631134273,11.607488389200174,0,1,12.759087562561035,5.888888888888888
1043,104.3,36.33165445155393,130.34399176964348,37.344834537692435,133.31634376011684,0.3401028176152433,11.774008060359755,0,1,12.99921703338623,5.995
1044,104.399,36.53999357253251,130.93398507062378,37.57459179249087,133.9459609523987,0.34022509153836944,11.844218946092166,0,1,13.109841346740723,6.223888888888888
1045,104.499,36.76849454392499,131.5239783716041,37.8129921105987,134.59282481733342,0.34039566738456173,11.99093371497246,0,1,13.348283767700195,6.333888888888889
1046,104.599,36.990274898507856,132.1139716733754,38.04974620278559,135.2325066301376,0.3405828377745005,11.9394416647149,0,1,13.169588088989258,6.2780555555555555
1047,104.7,37.212055253105646,132.7484927704024,38.28910151638142,135.83325508248262,0.34401782987541285,10.699658480114179,0,1,12.29861831665039,6.646111111111111
1048,104.8,37.44055622449813,133.37188191901097,38.49900601877564,136.40324188980958,0.3440652967817442,10.730125612430394,0,1,12.42195987701416,6.6480555555555565
1049,104.9,37.69593966311413,134.00640301682895,38.916993626897685,137.56977055538053,0.3440652967817442,12.574506093062963,1,0,12.36112117767334,6.878055555555555
1050,105.0,37.93788186811092,134.65205606306537,39.33441271122091,138.734712572698,0.3440652967817442,14.486048207399369,1,0,12.388251304626465,6.851111111111111
1051,105.101,38.166382839503406,135.30884105930218,39.75922011631874,139.92027407204444,0.3440652967817442,16.509184862258543,1,0,12.5498046875,6.921944444444445
1052,105.199,38.4150456613098,135.98788995316687,40.19172307395867,141.1273124823407,0.3440652967817442,18.875526902433574,1,0,13.617253303527832,7.201944444444444
1053,105.3,38.68387033354503,136.66693884624055,40.66315148658955,142.44298487648,0.3440652967817442,21.175129086593262,1,0,14.057660102844238,7.328055555555555
1054,105.4,38.93925377217595,137.3905155369429,41.14004520311796,143.7739099564374,0.3440652967817442,23.411679667359323,1,0,14.218048095703125,7.578888888888889
1055,105.5,39.19463721077704,138.12522417606368,41.61749729387483,145.10639335901237,0.3440652967817442,25.586727559401865,1,0,14.090766906738281,7.76888888888889
1056,105.6,39.470182499806945,138.84880086597505,42.08603391026166,146.4139952669743,0.3440652967817442,27.68673566055069,1,0,13.689436912536621,7.768055555555556
1057,105.7,39.73900717204218,139.59464145430525,42.550267048084855,147.7095869358559,0.3440652967817442,30.08810554935925,1,0,13.835607528686523,7.9561111111111105
1058,105.8,40.01455246107209,140.36274594105427,43.01417857586335,149.00428104861626,0.3440652967817442,32.408243320372165,1,0,13.670368194580078,8.091944444444444
1059,105.901,40.283377133307326,141.13085042780332,43.477764293123954,150.29806588248587,0.3440652967817442,34.82668407294869,1,0,13.544144630432129,8.18611111111111
1060,106.001,40.572363655941544,141.9212188121802,43.94039135912036,151.58917529211266,0.3440652967817442,37.52241977715446,1,0,13.885673522949219,8.32388888888889
1061,106.1,40.861350178605605,142.68932329892925,44.40426471140855,152.8837628639065,0.3440652967817442,40.111060976070625,1,0,13.895853996276855,8.281944444444445
1062,106.199,41.150336701224894,143.50195558172499,44.867733984440605,154.17722272275793,0.3440652967817442,42.747364690087004,1,0,13.861473083496094,8.555
1063,106.3,41.432602607079346,144.29232396610186,45.34046654277164,155.4965347543261,0.3440652967817442,45.54774040562083,1,0,13.889999389648438,8.39611111111111
1064,106.399,41.714868512918876,145.116088198107,45.80938934116557,156.80521442720894,0.3440652967817442,48.53556096936783,1,0,14.193941116333008,8.62
1065,106.5,42.003855035553094,145.89532463327447,46.30018259056105,158.1749306177457,0.3440652967817442,51.78289164178385,1,0,14.617773056030273,8.411944444444444
1066,106.602,42.292841558187305,146.69682496765176,46.8102497605613,159.59843687393638,0.3440652967817442,55.20276713038746,1,0,15.031844139099121,8.45888888888889
1067,106.701,42.56838684724707,147.50945724965652,47.334865639134314,161.062545974009,0.3440652967817442,59.38003722635546,1,0,16.3875732421875,8.615
1068,106.8,42.864093986705825,148.2998256348244,47.87166719201386,162.5606631119078,0.3440652967817442,62.35379358403792,1,0,15.761648178100586,8.47888888888889
1069,106.9,43.153080509325115,149.12358986603857,48.382221601794704,163.98552916719305,0.3440652967817442,64.94394062182702,1,0,14.50985050201416,8.678055555555556
1070,107.0,43.435346415164645,149.92509020041587,48.86075011710856,165.32101667820965,0.3440652967817442,67.93495726049669,1,0,13.862787246704102,8.485
1071,107.1,43.724332937813784,150.74885443163,49.34019897276469,166.65907269453712,0.3440652967817442,71.91104545762497,1,0,14.56441879272461,8.696111111111112
1072,107.2,44.013319460448,151.56148671442574,49.83817054034173,168.04882228742042,0.3440652967817442,75.87887593407443,1,0,14.96102523803711,8.633055555555556
1073,107.3,44.30902659990675,152.36298704880303,50.32264294650346,169.40089813484778,0.3440652967817442,78.77005824407979,1,0,13.764034271240234,8.57
1074,107.4,44.591292505746274,153.1533554331799,50.76690985077212,170.640767616439,0.3440652967817442,81.62706949416537,1,0,12.577183723449707,8.43
1075,107.5,44.88027902839542,153.94372381755682,51.180693478955924,171.79556372579972,0.3440652967817442,84.80890533373616,1,0,11.956637382507324,8.453888888888889
1076,107.6,45.16926555102964,154.74522415114313,51.5808670429359,172.91237657985448,0.3440652967817442,88.26874659288029,1,0,11.770223617553711,8.473888888888888
1077,107.7,45.458252073648936,155.5467244855204,51.98146913078735,174.03038536740164,0.3440652967817442,92.05118479771417,1,0,11.98204517364502,8.52
1078,107.8,45.74723859632792,156.33709287068828,52.384486390244234,175.15513446699455,0.3440652967817442,95.74555636967835,1,0,11.913422584533691,8.44111111111111
1079,107.9,46.04294573578666,157.1274612542742,52.78554389529017,176.27441424248929,0.3440652967817442,99.5189998539983,1,0,11.865848541259766,8.45111111111111
1080,108.0,46.331932258420885,157.9289615878605,53.18595448080641,177.39188858126522,0.3440652967817442,103.40347642693077,1,0,11.875065803527832,8.42388888888889
1081,108.1,46.62763939786471,158.71932997302838,53.57738337196994,178.48429661729855,0.3440652967817442,106.95003817948091,1,0,11.333311080932617,8.498888888888889
1082,108.2,46.91662592051385,159.50969835740526,53.95745596234323,179.54501124867292,0.3440652967817442,110.77180319693218,1,0,11.20173454284668,8.405000000000001
1083,108.3,47.20561244314807,160.30006674178216,54.34634105396795,180.63031999510096,0.3440652967817442,115.2514551824254,1,0,11.855816841125488,8.381944444444445
1084,108.4,47.49459896581212,161.09043512695004,54.750532821405336,181.75834693643029,0.3440652967817442,119.6521910048623,1,0,12.109289169311523,8.453888888888889
1085,108.5,47.79030610525596,161.88080351132692,55.16007738954149,182.90131258726888,0.3440652967817442,124.04260500331144,1,0,12.173192024230957,8.375
1086,108.6,48.086013244699785,162.66003994649438,55.57032050852728,184.04622776860697,0.3440652967817442,128.4641894209869,1,0,12.150707244873047,8.408055555555555
1087,108.7,48.36827915053931,163.45040833166226,55.97866446350163,185.18584272281652,0.3440652967817442,132.91198274744073,1,0,12.060587882995605,8.363888888888889
1088,108.8,48.657265673188455,164.24077671603916,56.38237630093087,186.31253026531897,0.3440652967817442,137.34462555860236,1,0,11.876062393188477,8.36
1089,108.9,48.94625219583759,165.0200131519976,56.77073994839275,187.39638375433836,0.3440652967817442,141.35046265058023,1,0,11.150571823120117,8.34
1090,109.0,49.241959335281415,165.79924958795604,57.13600802177275,188.4157816262753,0.3440652967817442,145.33818434205168,1,0,10.506692886352539,8.313055555555556
1091,109.1,49.52422524113587,166.57848602312353,57.486601171164246,189.39422440967604,0.3440652967817442,149.58173686777516,1,0,10.280474662780762,8.348055555555556
1092,109.2,49.813211763755156,167.357722458291,57.826017683891465,190.34147519886403,0.3440652967817442,153.66359909666738,1,0,9.844014167785645,8.301944444444445
1093,109.299,50.0887570528,168.1480908426679,58.14695809491216,191.23716249226922,0.3440652967817442,157.62705247439905,1,0,9.377212524414062,8.296944444444444
1094,109.4,50.37774357544915,168.91619532941692,58.453969958676566,192.09397770112335,0.3440652967817442,161.41618149704686,1,0,8.645729064941406,8.283055555555556
1095,109.5,50.666730098083356,169.6954317653754,58.73386474371421,192.87511399259657,0.3440652967817442,165.05082421641123,1,0,7.949631690979004,8.30111111111111
1096,109.6,50.93555477030366,170.4858001497523,58.99729567603271,193.6103026153604,0.3440652967817442,168.8359473067927,1,0,7.6695637702941895,8.266944444444444
1097,109.7,51.22454129296772,171.25390463571034,59.22801846469912,194.25420865838655,0.3440652967817442,171.70018808830864,1,0,6.010319232940674,8.219999999999999
1098,109.801,51.50680719880726,172.03314107166878,59.43130408860271,194.8215424811461,0.3440652967817442,175.14108093375654,1,0,5.923437595367432,8.266111111111112
1099,109.899,51.782352487837166,172.80124555841783,59.61758299779465,195.34141360445517,0.3440652967817442,178.19060867385102,1,0,5.346707344055176,8.21
1100,110.0,52.064618393661775,173.5804819935853,59.77770701667162,195.78829110617252,0.3440652967817442,180.85745952565944,1,0,4.053274154663086,8.236944444444443
1101,110.099,52.35360491631092,174.34858648033435,59.9090996543836,196.15498446108953,0.3440652967817442,183.6100544108988,1,0,3.8158740997314453,8.196944444444444
1102,110.2,52.62242958854614,175.1166909662924,60.026099968678885,196.48151141512878,0.3440652967817442,186.1443908423191,1,0,3.0525569915771484,8.168888888888889
1103,110.3,52.89797487757606,175.89592740225083,60.13056825628332,196.77306372377544,0.3440652967817442,188.7681618631684,1,0,3.14151668548584,8.191111111111113
1104,110.4,53.180240783430506,176.65289993979047,60.235580329453605,197.06613364069125,0.3440652967817442,191.37127449586862,1,0,3.084798812866211,8.105
1105,110.5,53.4423448388412,177.42100442574852,60.336848118599384,197.34875393048475,0.3440652967817442,193.91956025693904,1,0,2.9195127487182617,8.125
1106,110.6,53.72461074468073,178.1779769640791,60.43717573518558,197.62875036679546,0.3440652967817442,196.53184418496951,1,0,3.029054641723633,8.12111111111111
1107,110.7,54.00015603369573,178.93494950082777,60.5438565615702,197.92647747550944,0.3440652967817442,199.25753978054144,1,0,3.29620361328125,8.043055555555554
1108,110.8,54.26898070593096,179.7030539875768,60.654337260092035,198.23480934782748,0.3440652967817442,201.94911805856057,1,0,3.254354476928711,8.128055555555555
1109,110.9,54.53780537816619,180.47115847353484,60.76727734657409,198.55000493213032,0.3440652967817442,204.73865610215842,1,0,3.4420242309570312,8.083055555555555
1110,111.0,54.80663005038649,181.21699906186504,60.88361409836171,198.87468000187556,0.3440652967817442,207.5237256686197,1,0,3.455747604370117,7.993888888888888
1111,111.101,55.06873410581211,181.9851035486141,61.0090294323629,199.22469177105657,0.3440652967817442,210.56908986848367,1,0,3.906682014465332,8.055
1112,111.2,55.34427939484202,182.74207608694468,61.14445861101479,199.60265038988248,0.3440652967817442,213.65557100559693,1,0,4.204216003417969,8.081944444444444
1113,111.3,55.61310406706233,183.4990486236933,61.29728971478917,200.0291746697401,0.3440652967817442,217.1167677861649,1,0,4.857357978820801,7.965
1114,111.4,55.87520812250287,184.25602116044195,61.46580318863064,200.49946563997764,0.3440652967817442,220.62512342247416,1,0,5.1340460777282715,8.023055555555556
1115,111.5,56.144032794738095,185.00186174877217,61.65142669483278,201.01750765074786,0.3440652967817442,224.58347634063284,1,0,5.871836185455322,7.971111111111111
1116,111.6,56.39941623333918,185.7699662355212,61.858535143327586,201.595510293306,0.3440652967817442,228.74090343472452,1,0,6.407918930053711,8.048888888888888
1117,111.7,56.66824090557441,186.5269387730608,62.08322980649727,202.2225929160801,0.3440652967817442,233.14147484011818,1,0,6.914547920227051,8.03111111111111
1118,111.8,56.9437861945894,187.29504325980983,62.32106386854812,202.88634525141362,0.3440652967817442,237.6021315070711,1,0,7.186972618103027,8.10611111111111
1119,111.9,57.20589025002994,188.0520157965585,62.56503014708867,203.56721150634598,0.3440652967817442,242.06445373075692,1,0,7.278135776519775,8.023055555555556
1120,111.999,57.47471492225025,188.8089883340981,62.80816863716235,204.2457675517007,0.3440652967817442,246.49063972447544,1,0,7.28350830078125,8.073888888888888
1121,112.1,57.756980828104695,189.57709282084716,63.05926927882275,204.94654453826286,0.3440652967817442,251.21785497993554,1,0,7.457199573516846,8.078055555555554
1122,112.199,58.02580550031008,190.35632925601462,63.31137916119239,205.65013813516208,0.3440652967817442,255.9844915414011,1,0,7.641744136810303,8.219999999999999
1123,112.3,58.30807140614961,191.12443374276367,63.57291088904683,206.38002641790135,0.3440652967817442,260.8793631184714,1,0,7.7113142013549805,8.208055555555555
1124,112.4,58.57689607836991,191.90367017793113,63.8386221162002,207.12157893576432,0.3440652967817442,266.0710221507037,1,0,8.043083190917969,8.261944444444444
1125,112.5,58.859161984224365,192.7051705123084,64.11596390135166,207.89559026110803,0.3440652967817442,271.512494783301,1,0,8.400906562805176,8.421111111111111
1126,112.6,59.14142789006389,193.51780279510413,64.39823282637569,208.68335235271593,0.3440652967817442,276.73912994395346,1,0,8.335220336914062,8.53
1127,112.7,59.41697317907888,194.308171180272,64.68471211665772,209.48286482081957,0.3440652967817442,282.42025662693914,1,0,8.650545120239258,8.441944444444443
1128,112.8,59.69923908491842,195.13193541148615,64.95338133591098,210.23267256565578,0.3440652967817442,286.5396518400293,1,0,7.27923583984375,8.656944444444443
1129,112.9,59.98822560758248,195.93343574507247,65.20669893115111,210.9396366732013,0.3440652967817442,291.98537945939603,1,0,7.740325450897217,8.513055555555555
1130,112.999,60.27049151342201,196.74606802786823,65.47578113751085,211.69059699119725,0.3440652967817442,297.8724719736873,1,0,8.375096321105957,8.568888888888889
1131,113.1,60.55275741926153,197.55870031066394,65.77223979864547,212.51796009874022,0.3440652967817442,304.3250408686832,1,0,9.028326034545898,8.63111111111111
1132,113.2,60.84174394191067,198.38246454266908,66.0865332026984,213.39509678438225,0.3440652967817442,311.0775448536354,1,0,9.60657787322998,8.713888888888889
1133,113.3,61.13745108133958,199.20622877467423,66.41475104296424,214.3110940813884,0.3440652967817442,317.8209587405093,1,0,9.853925704956055,8.678888888888888
1134,113.4,61.43987883760793,200.00772910826052,66.75273731987407,215.25435333817904,0.3440652967817442,324.91951142039017,1,0,10.185762405395508,8.595
1135,113.5,61.74230659384645,200.80922944184687,67.11343278844546,216.2609898878138,0.3440652967817442,333.3123138416255,1,0,11.200386047363281,8.626111111111111
1136,113.6,62.05145496690951,201.62186172464257,67.50017717477135,217.340324308575,0.3440652967817442,341.7381263511836,1,0,11.730239868164062,8.656944444444443
1137,113.7,62.374044573591775,202.41223010981042,67.88976446843256,218.42759277531212,0.3440652967817442,349.22351322449424,1,0,11.368946075439453,8.626944444444444
1138,113.8,62.68319294665483,203.21373044260577,68.27617934721285,219.50600759943936,0.3440652967817442,357.4901173994892,1,0,11.542142868041992,8.598888888888888
1139,113.9,63.012503170131794,204.0152307761921,68.66972915971152,220.60433474763488,0.3440652967817442,366.1360452329856,1,0,11.791986465454102,8.681944444444444
1140,114.0,63.335092776814065,204.80559916135996,69.06504173946352,221.70758146399888,0.3440652967817442,374.44400552887174,1,0,11.646659851074219,8.53
1141,114.1,63.64424114987711,205.60709949494625,69.46019012840104,222.81036995316188,0.3440652967817442,383.283390614644,1,0,11.782251358032227,8.548055555555557
1142,114.2,63.95338952294017,206.38633593011375,69.8591324382022,223.92374659698868,0.3440652967817442,392.29189192739597,1,0,11.871606826782227,8.46888888888889
1143,114.3,64.25581727917869,207.16557236607218,70.2510973621913,225.0176506047795,0.3440652967817442,400.523959616096,1,0,11.368552207946777,8.365
1144,114.4,64.54480380182783,207.95594075044906,70.63448460288556,226.08761583244097,0.3440652967817442,409.4245475321962,1,0,11.36302375793457,8.383055555555554
1145,114.5,64.84051094128658,208.73517718640753,71.01715542282469,227.15558165789233,0.3440652967817442,418.42152658381724,1,0,11.326074600219727,8.366944444444444
1146,114.6,65.1227768471261,209.5255455715754,71.39782901141336,228.21797356780937,0.3440652967817442,427.4714372687965,1,0,11.24460506439209,8.313055555555556
1147,114.699,65.39160151936133,210.3047820067429,71.77253877898215,229.26372151976963,0.3440652967817442,436.58047705631554,1,0,11.19688606262207,8.301944444444445
1148,114.8,65.66714680837632,211.08401844191036,72.15318167122308,230.32602776166954,0.3440652967817442,445.9978860585833,1,0,11.148519515991211,8.288055555555555
1149,114.899,65.93597148061156,211.84099098024095,72.52511672195425,231.36403197513843,0.3440652967817442,455.38426025811503,1,0,11.126792907714844,8.098055555555556
1150,115.0,66.20479615283185,212.62022741540844,72.89165028413436,232.38696160000916,0.3440652967817442,463.8879095221578,1,0,10.39033317565918,8.233055555555556
1151,115.1,66.47362082506709,213.37719995215704,73.23963101741037,233.3581135972098,0.3440652967817442,472.89669231166823,1,0,10.24194049835205,7.993888888888888
1152,115.2,66.72900426366816,214.14530443890607,73.5802857006615,234.30881989890807,0.3440652967817442,481.7028134548441,1,0,9.955961227416992,8.128888888888888
1153,115.3,66.9843877022991,214.9022769764457,73.89312268329297,235.18189197281453,0.3440652967817442,488.76131714727626,1,0,8.592589378356934,7.991944444444444
1154,115.402,67.2330505241055,215.65924951319437,74.18256747328704,235.98968062029434,0.3440652967817442,496.63670949373466,1,0,8.232502937316895,7.971111111111111
1155,115.5,67.4951545795311,216.41622205152495,74.4468398235345,236.72721749002721,0.3440652967817442,503.83956247661763,1,0,7.756358623504639,7.995
1156,115.6,67.74381740135242,217.16206263985515,74.71443870622286,237.47403811691902,0.3440652967817442,512.0960636144054,1,0,8.109960556030273,7.92
1157,115.7,68.00592145676312,217.90790322739437,74.99581000225164,238.25929508652413,0.3440652967817442,520.9036484286378,1,0,8.572944641113281,7.886111111111111
1158,115.8,68.26130489537913,218.65374381572457,75.2843951105013,239.0646845159921,0.3440652967817442,529.4344150461678,1,0,8.537677764892578,7.8661111111111115
1159,115.9,68.51668833399513,219.3773205064269,75.57577184862576,239.8778648852137,0.3440652967817442,538.400775006143,1,0,8.73846435546875,7.731944444444444
1160,116.0,68.7720717725962,220.1120291455477,75.86300865562004,240.67949144699455,0.3440652967817442,546.6248690613912,1,0,8.292215347290039,7.771944444444444
1161,116.1,69.03417582803674,220.84673778466848,76.1414164103883,241.45647770291146,0.3440652967817442,555.1432977628534,1,0,8.214977264404297,7.763888888888888
1162,116.2,69.28283864984313,221.57031447457987,76.41767430776399,242.2274640913045,0.3440652967817442,563.7283459123676,1,0,8.16474723815918,7.656944444444445
1163,116.3,69.54494270526877,222.2938911644912,76.68872355393917,242.98391406565977,0.3440652967817442,572.0408330929945,1,0,7.906148910522461,7.723888888888889
1164,116.4,69.80032614388476,223.00633590677512,76.94942524824904,243.711485873211,0.3440652967817442,580.0751024559836,1,0,7.5512261390686035,7.630000000000001
1165,116.5,70.05570958250077,223.71878064747708,77.18939334052152,244.38119390526458,0.3440652967817442,587.1543735247823,1,0,6.67682409286499,7.506944444444444
1166,116.6,70.31109302110185,224.431225388179,77.41039576114203,244.9979721393674,0.3440652967817442,594.4257086043247,1,0,6.426724433898926,7.556111111111111
1167,116.7,70.55975584292317,225.12140623125313,77.62697085236896,245.60239448887177,0.3440652967817442,601.8540067850334,1,0,6.414321422576904,7.458888888888889
1168,116.8,70.81513928152425,225.82271902274564,77.84127117379481,246.20046836265826,0.3440652967817442,609.1791186644385,1,0,6.2918500900268555,7.448055555555555
1169,116.9,71.06380210334557,226.51289986581972,78.05747690002724,246.80385988051654,0.3440652967817442,616.9391410658128,1,0,6.5272955894470215,7.323888888888889
1170,117.0,71.31918554196157,227.19194875968438,78.27107670024934,247.39997872489755,0.3440652967817442,624.1161659707269,1,0,6.137341022491455,7.303055555555556
1171,117.1,71.56112774697327,227.89326155196792,78.47222236662358,247.96134030888118,0.3440652967817442,631.0531448319626,1,0,5.788872241973877,7.346111111111111
1172,117.201,71.80306995197006,228.55004654741376,78.67406307870813,248.52464164114727,0.3440652967817442,638.6123428298013,1,0,6.060061931610107,7.1
1173,117.3,72.05173277379137,229.21796349206903,78.87818471179801,249.0943086160423,0.3440652967817442,646.1124408550937,1,0,6.164849758148193,7.09111111111111
1174,117.4,72.29367497878816,229.8970123859337,79.08517241377596,249.671974276665,0.3440652967817442,653.6254606149018,1,0,6.107746124267578,7.123055555555555
1175,117.5,72.54233780059455,230.5426654329611,79.29047856730122,250.24494703626743,0.3440652967817442,661.1561985276825,1,0,6.06514835357666,7.0
1176,117.6,72.78428000560626,231.19945042840695,79.49150982446079,250.80598932459267,0.3440652967817442,668.46662696007,1,0,5.854281425476074,6.958888888888889
1177,117.7,73.02622221061796,231.83397152543392,79.6892591391777,251.35787229846997,0.3440652967817442,675.934161935794,1,0,5.8705573081970215,6.895
1178,117.8,73.26816441561475,232.49075652167073,79.89044341645027,251.91934163856604,0.3440652967817442,683.7113591031411,1,0,6.057945251464844,6.965
1179,117.9,73.50338600381684,233.12527761869777,80.09359551452233,252.48630281460822,0.3440652967817442,691.3685303692633,1,0,5.987232208251953,6.77
1180,118.0,73.738607592004,233.75979871651575,80.30269682741948,253.06986718532949,0.3440652967817442,699.7299043091307,1,0,6.410682678222656,6.771111111111111
1181,118.101,73.9671085633965,234.39431981433373,80.52034704486066,253.67729001983307,0.3440652967817442,707.9868559700485,1,0,6.366338729858398,6.721111111111111
1182,118.199,74.19560953480389,235.01770896215132,80.72889894727331,254.25932108414315,0.3440652967817442,715.9005332251216,1,0,6.251354694366455,6.693888888888889
1183,118.3,74.42411050619637,235.64109811075988,80.94262010047926,254.85577860300054,0.3440652967817442,724.250019526834,1,0,6.295013427734375,6.656111111111111
1184,118.4,74.65261147758886,236.26448725936848,81.1548985088536,255.44820967903888,0.3440652967817442,732.5469780448419,1,0,6.291275978088379,6.603055555555556
1185,118.5,74.88783306577604,236.8767444587676,81.3701723380137,256.04900043881935,0.3440652967817442,741.1907587556043,1,0,6.472616195678711,6.593055555555555
1186,118.6,75.10961342037383,237.47786970974832,81.59096384227935,256.6651900430939,0.3440652967817442,750.0468072670329,1,0,6.61842679977417,6.493055555555555
1187,118.7,75.3313937749567,238.10125885756588,81.8127506568507,257.2841573804404,0.3440652967817442,758.7607990146104,1,0,6.53162956237793,6.5038888888888895
1188,118.8,75.56661536315879,238.69125215854623,82.03582061427325,257.90670574002024,0.3440652967817442,767.8510703002801,1,0,6.6945061683654785,6.436111111111112
1189,118.899,75.7951163345662,239.30350935794536,82.26056919879693,258.5339388476506,0.3440652967817442,776.9546822615248,1,0,6.76576042175293,6.491944444444444
1190,119.0,76.01689668914906,239.88237071050722,82.48605062613277,259.16321718851543,0.3440652967817442,785.7967415085323,1,0,6.470987319946289,6.23
1191,119.1,76.23867704373193,240.48349596069698,82.69645554943713,259.7504197027587,0.3440652967817442,794.0187430404844,1,0,6.004220485687256,6.383055555555555
1192,119.2,76.46717801512442,241.06235731325884,82.88979230035287,260.28998800016547,0.3440652967817442,801.6835200756556,1,0,5.458991050720215,6.283055555555555
1193,119.3,76.68895836972222,241.65235061344816,83.06932866694207,260.79104189283873,0.3440652967817442,809.2003021914342,1,0,5.185976028442383,6.2411111111111115
1194,119.4,76.90401810748055,242.23121196601008,83.2432454710125,261.27641259146816,0.3440652967817442,816.7579766589006,1,0,5.125799179077148,6.148888888888888
1195,119.5,77.11907784526873,242.79894136857155,83.40468800341179,261.72696982863664,0.3440652967817442,823.4300624558786,1,0,4.446358680725098,6.138888888888889
1196,119.6,77.3274169662473,243.366670771924,83.55964970336207,262.1594402214068,0.3440652967817442,830.6865045485669,1,0,4.741541385650635,6.041944444444445
1197,119.7,77.54247670403548,243.92326822606702,83.718468174451,262.60267417271876,0.3440652967817442,837.8334545274274,1,0,4.675032138824463,5.94388888888889
1198,119.8,77.75081582501407,244.46873373100067,83.87032081645795,263.0264677407617,0.3440652967817442,844.5566275564968,1,0,4.328527450561523,5.896944444444444
1199,119.9,77.96587556278732,245.01419923593429,84.01841791527406,263.4397802593626,0.3440652967817442,851.5391334092504,1,0,4.4523606300354,5.798055555555556
1200,120.0,78.16077345016159,245.52626889323963,84.16869024481838,263.8591634579295,0.3440652967817442,858.5440133801849,1,0,4.457499980926514,5.531944444444444
1201,120.1,78.36239195433055,246.0272066021266,84.3203517142229,264.28242349742646,0.3440652967817442,865.6900327296648,1,0,4.534724712371826,5.423055555555555
1202,120.2,78.55056922488028,246.4724845657574,84.47091198086221,264.70261027693374,0.3440652967817442,872.6596831115305,1,0,4.392208099365234,4.978888888888888
1203,120.3,78.70514341141183,246.9066305801788,84.6184948172551,265.1144875810769,0.3440652967817442,879.6395109087536,1,0,4.358188629150391,4.641111111111111
1204,120.4,78.85299698114865,247.307380746181,84.7624597618081,265.5162679960823,0.3440652967817442,886.4092592344291,1,0,4.177698135375977,4.321111111111111
1205,120.5,78.98068870045665,247.65247116771806,84.90178626759835,265.90510335799263,0.3440652967817442,893.105161590833,1,0,4.083168983459473,3.766111111111111
1206,120.6,79.10165980295506,247.96416574162686,85.03875862646476,266.28736871683043,0.3440652967817442,899.7799007050771,1,0,4.038117408752441,3.416944444444444
1207,120.7,79.1890278214203,248.24246446869836,85.17530894352267,266.66845623245445,0.3440652967817442,906.5154290605572,1,0,4.058145523071289,2.955
1208,120.8,79.28311645669517,248.45397150209533,85.31095608242471,267.0470231393607,0.3440652967817442,913.1783126349438,1,0,3.9845666885375977,2.49
1209,120.9,79.36376385838066,248.66547853391035,85.4430994330956,267.415811599896,0.3440652967817442,919.6950490592437,1,0,3.850400924682617,2.263888888888889
1210,121.0,79.430970026432,248.83245777046966,85.5711843690007,267.7732737505861,0.3440652967817442,926.1059013301967,1,0,3.7439374923706055,1.9369444444444444
1211,121.1,79.47801434406944,248.98830505702855,85.69571602459625,268.1208193313651,0.3440652967817442,932.4095385557713,1,0,3.6397218704223633,1.6380555555555556
1212,121.2,79.52505866170686,249.133020395169,85.81409099109986,268.4511826938888,0.3440652967817442,938.4019690157317,1,0,3.3788986206054688,1.5130555555555556
1213,121.3,79.5721029793443,249.24433988568123,85.9246418503126,268.7597103721484,0.3440652967817442,944.1585376418326,1,0,3.1758193969726562,1.3219444444444446
1214,121.4,79.61242668018706,249.36679132540286,86.02757351906214,269.0469742523645,0.3440652967817442,949.6197889541033,1,0,2.9271459579467773,1.2219444444444445
1215,121.5,79.65947099783942,249.46697886749664,86.12404530545433,269.31620975614163,0.3440652967817442,954.9147992578758,1,0,2.7928037643432617,1.1149999999999998
1216,121.6,79.6930740818576,249.556034460381,86.21533845436666,269.57099260880784,0.3440652967817442,960.0055558288641,1,0,2.6200971603393555,0.9749999999999999
1217,121.7,79.71995654908115,249.64509005247442,86.30211363759625,269.81316662720104,0.3440652967817442,964.9735411948698,1,0,2.5249271392822266,0.9038888888888889
1218,121.8,79.75355963309936,249.72301369694034,86.3837588068601,270.04102369401596,0.3440652967817442,969.7011535383976,1,0,2.3159313201904297,0.8711111111111112
1219,121.9,79.77372148352818,249.80093733982426,86.460201517465,270.2543616290691,0.3440652967817442,974.2864536062324,1,0,2.216465950012207,0.83
1220,122.0,79.80732456754639,249.87886098349924,86.5346181089155,270.46204502789305,0.3440652967817442,978.8352146128041,1,0,2.1957998275756836,0.7980555555555556
1221,122.1,79.82748641796032,249.9567846271742,86.60712770319162,270.6644063386315,0.3440652967817442,983.287580688302,1,0,2.1033973693847656,0.7561111111111111
1222,122.2,79.85436888518383,250.0235763216397,86.6771860000228,270.85992651656653,0.3440652967817442,987.6676862629885,1,0,2.0504589080810547,0.7469444444444444
1223,122.299,79.87453073561267,250.09036801610523,86.74503736578204,271.04928754454505,0.3440652967817442,991.956095544121,1,0,2.013181686401367,0.6288888888888888
1224,122.4,79.9014132028362,250.14602776057035,86.81318769425532,271.239482923995,0.3440652967817442,996.3071041900599,1,0,1.9875411987304688,0.6561111111111111
1225,122.501,79.92157505325012,250.20168750661745,86.88038697011487,271.42702408567675,0.3440652967817442,1000.6220712220494,1,0,1.957350730895996,0.5611111111111111
1226,122.599,79.92829567005971,250.26847920108295,86.94521373261588,271.60794398685124,0.3440652967817442,1004.8094010517365,1,0,1.9647626876831055,0.5369444444444444
1227,122.699,79.94845752045872,250.31300699712966,87.01102577961747,271.79161364086843,0.3440652967817442,1009.0724584638388,1,0,1.9373273849487305,0.5161111111111111
1228,122.8,79.96189875407792,250.36866674396768,87.07676466182171,271.9750791050203,0.3440652967817442,1013.3588197436522,1,0,1.9218330383300781,0.4880555555555555
1229,122.9,79.97533998769714,250.3909306408046,87.14164736114795,272.1561551158708,0.3440652967817442,1017.6051034026937,1,0,1.925154685974121,0.2880555555555555
1230,123.0,79.98206060449183,250.43545843764227,87.20657130119207,272.3373462221898,0.3440652967817442,1021.860879253331,1,0,1.9242782592773438,0.43
1231,123.1,79.99550183811107,250.46885428447953,87.27142832961901,272.51835059015104,0.3440652967817442,1026.1205348698581,1,0,1.921187400817871,0.36194444444444446
1232,123.2,80.00222245492067,250.49111818289836,87.33581739492325,272.6980489567227,0.3440652967817442,1030.3600348483558,1,0,1.8965320587158203,0.24388888888888888
1233,123.3,80.01566368852498,250.52451403052663,87.3997517346675,272.8764782655749,0.3440652967817442,1034.5968796949012,1,0,1.89422607421875,0.2938888888888889
1234,123.4,80.01566368852498,250.55790987815487,87.462922365158,273.05277619847396,0.3440652967817442,1038.7937871273382,1,0,1.8512506484985352,0.2838888888888889
1235,123.5,80.02238430533457,250.58017377578273,87.52536369119018,273.22703877305133,0.3440652967817442,1042.9840751239963,1,0,1.8509845733642578,0.24805555555555556
1236,123.6,80.03582553893888,250.60243767341058,87.58696239729697,273.39894974610263,0.3440652967817442,1047.1276109316475,1,0,1.801290512084961,0.2361111111111111
1237,123.7,80.0425461557485,250.62470157182943,87.6476598393062,273.56834545223063,0.3440652967817442,1051.2578761111445,1,0,1.7975473403930664,0.23888888888888887
1238,123.799,80.05598738936771,250.64696547024826,87.70733460335411,273.73488704705403,0.3440652967817442,1055.327575223079,1,0,1.7763938903808594,0.24888888888888885
1239,123.9,80.06942862295709,250.68036131708553,87.76760480712787,273.9030904076698,0.3440652967817442,1059.4692643013243,1,0,1.7617311477661133,0.2569444444444445
1240,124.0,80.07614923978164,250.70262521550436,87.82726034196725,274.069578337211,0.3440652967817442,1063.5804165060981,1,0,1.7753305435180664,0.24611111111111109
1241,124.1,80.08959047340086,250.7360210615507,87.88650668653229,274.2349242898719,0.3440652967817442,1067.663684222919,1,0,1.7374696731567383,0.285
1242,124.2,80.10303170700516,250.7694169099699,87.94430925211127,274.3962409135737,0.3440652967817442,1071.6890797639692,1,0,1.6897268295288086,0.3661111111111111
1243,124.3,80.11647294060946,250.79168080759774,88.00091947197339,274.55422991360683,0.3440652967817442,1075.6793716473455,1,0,1.666773796081543,0.32805555555555554
1244,124.4,80.12991417422866,250.82507665522598,88.0571236058742,274.71108560034224,0.3440652967817442,1079.6663033830278,1,0,1.6656494140625,0.34388888888888886
1245,124.5,80.13663479102337,250.8696044512727,88.1128223318819,274.86653078403003,0.3440652967817442,1083.627774789723,1,0,1.6368074417114258,0.4111111111111111
1246,124.6,80.15007602467243,250.89186834969152,88.16775355268831,275.019833997954,0.3440652967817442,1087.5667599512954,1,0,1.620142936706543,0.31499999999999995
1247,124.699,80.1702378750565,250.9252641965288,88.2212717291376,275.1691936577718,0.3440652967817442,1091.4266138856322,1,0,1.585078239440918,0.3769444444444444
1248,124.799,80.19039972548534,250.96979199336647,88.27521254541797,275.31973282977754,0.3440652967817442,1095.3522215072064,1,0,1.613149642944336,0.4488888888888889
1249,124.9,80.20384095908963,250.99205589099432,88.33052479265916,275.474099420342,0.3440652967817442,1099.3560918229743,1,0,1.6339216232299805,0.31499999999999995
1250,124.999,80.21056157588433,251.03658368783198,88.3852864650572,275.6269294549785,0.3440652967817442,1103.3010439110858,1,0,1.645772933959961,0.3788888888888889
1251,125.099,80.22400280950355,251.06997953546025,88.44076928850782,275.78177209323934,0.3440652967817442,1107.3000091099095,1,0,1.6438827514648438,0.39888888888888885
1252,125.2,80.23744404310784,251.11450733150693,88.49738062913954,275.93976422113997,0.3440652967817442,1111.3838541459043,1,0,1.6794509887695312,0.4361111111111111
1253,125.3,80.25088527672706,251.14790317913517,88.5553106163126,276.101436455724,0.3440652967817442,1115.5274088931158,1,0,1.755300521850586,0.38611111111111107
1254,125.4,80.26432651033136,251.19243097439093,88.61582199255558,276.27031288557254,0.3440652967817442,1119.7941562501146,1,0,1.832505226135254,0.4911111111111111
1255,125.5,80.28448836076021,251.24809072043797,88.6777246800694,276.4430722163699,0.3440652967817442,1124.1000350415125,1,0,1.8377933502197266,0.5711111111111111
1256,125.6,80.3046502111592,251.2814865672753,88.74017649321081,276.61736405859375,0.3440652967817442,1128.4469134754165,1,0,1.8650636672973633,0.47805555555555557
1257,125.699,80.32481206158802,251.34827826174077,88.80223785036563,276.7905662079842,0.3440652967817442,1132.74934678688,1,0,1.851811408996582,0.6430555555555555
1258,125.8,80.35169452881155,251.40393800778787,88.86512778227919,276.9660807613524,0.3440652967817442,1137.1346869612128,1,0,1.8401031494140625,0.6769444444444443
1259,125.899,80.37185637924037,251.4707297014624,88.92680873868719,277.13822128028556,0.3440652967817442,1141.4454429560537,1,0,1.853989601135254,0.6480555555555556
1260,126.0,80.39873884644898,251.54865334592833,88.99069519400116,277.31651695225605,0.3440652967817442,1145.9141857997295,1,0,1.8964252471923828,0.8530555555555556
1261,126.1,80.42562131367251,251.62657698881233,89.05520270573544,277.49654588163213,0.3440652967817442,1150.3927078541544,1,0,1.9283170700073242,0.8211111111111112
1262,126.2,80.45922439769072,251.7267645309061,89.12333372280828,277.68668736641695,0.3440652967817442,1155.115454242881,1,0,2.1112680435180664,1.0538888888888889
1263,126.3,80.49954809853347,251.83808402141833,89.1965354341247,277.8909802520436,0.3440652967817442,1160.0485657963304,1,0,2.2289657592773438,1.1830555555555555
1264,126.4,80.5465924161709,251.96053546113995,89.27426648288188,278.10791370848636,0.3440652967817442,1165.218308602828,1,0,2.379818916320801,1.301111111111111
1265,126.5,80.6003573505881,252.11638274848983,89.35741682575747,278.3399714456815,0.3440652967817442,1170.6626634946008,1,0,2.550283432006836,1.545
1266,126.6,80.6608429018746,252.28336198425816,89.44622660468526,278.58782365682174,0.3440652967817442,1176.3817768519589,1,0,2.7153749465942383,1.7388888888888887
1267,126.7,80.72804906992593,252.46147317002686,89.53993352584956,278.84934291618845,0.3440652967817442,1182.3201393901095,1,0,2.840641975402832,1.9069444444444446
1268,126.8,80.79525523799221,252.67298020263286,89.63767497626242,279.1221218251933,0.3440652967817442,1188.4575355199875,1,0,2.954587936401367,2.1438888888888887
1269,126.9,80.88262325645746,252.88448723444787,89.73870611381598,279.4040816627133,0.3440652967817442,1194.7456195221555,1,0,3.0356922149658203,2.2888888888888888
1270,127.0,80.95655004131842,253.1182581654727,89.84299452819565,279.69513197735637,0.3440652967817442,1201.2308412137045,1,0,3.147716522216797,2.4219444444444442
1271,127.103,81.04391805979861,253.37429299412543,89.95397661074536,280.0048631228338,0.3440652967817442,1208.0921680809163,1,0,3.240910530090332,2.641944444444444
1272,127.2,81.13800669507347,253.6303278227781,90.05966447516472,280.2998190522741,0.3440652967817442,1214.5304368769553,1,0,3.2192792892456055,2.763888888888889
1273,127.3,81.23209533034834,253.90862655064055,90.16878106134472,280.6043439309902,0.3440652967817442,1221.2602445529633,1,0,3.250398635864258,2.9188888888888886
1274,127.4,81.33290458244774,254.19805722533957,90.28224077443852,280.9209897002416,0.3440652967817442,1228.376275455154,1,0,3.4767894744873047,3.0638888888888887
1275,127.5,81.43371383453221,254.50975180003934,90.40138379301719,281.2534965587561,0.3440652967817442,1235.698990657003,1,0,3.587369918823242,3.1819444444444445
1276,127.6,81.54124370341138,254.8214463747391,90.52551647201074,281.5999286671879,0.3440652967817442,1243.3624521899324,1,0,3.7726335525512695,3.303055555555555
1277,127.699,81.66221480593963,255.13314094943888,90.65263038556216,281.95468086813673,0.3440652967817442,1251.0800273067796,1,0,3.8402605056762695,3.3830555555555555
1278,127.8,81.77646529161349,255.4670994209755,90.78434419517636,282.32227055639765,0.3440652967817442,1259.0782830395017,1,0,3.8919172286987305,3.48
1279,127.9,81.88399516052249,255.80105789330318,90.91714102786241,282.69288276837517,0.3440652967817442,1267.1840323927827,1,0,3.9817962646484375,3.5588888888888888
1280,128.0,82.01168687981558,256.1461483148402,91.0511167756883,283.06678512168264,0.3440652967817442,1275.2798307736584,1,0,3.9618167877197266,3.63
1281,128.099,82.12593736551928,256.49123873716826,91.18035107029566,283.427454926971,0.3440652967817442,1283.0054878981095,1,0,3.7780675888061523,3.665
1282,128.2,82.24690846801766,256.8585930563331,91.29615379226341,283.7506396149895,0.3440652967817442,1289.6709729805793,1,0,3.020059585571289,3.758055555555556
1283,128.3,82.36115895370645,257.2036834778702,91.4024298355331,284.0472370464171,0.3440652967817442,1296.7310032183818,1,0,3.281198501586914,3.7180555555555554
1284,128.4,82.48885067301447,257.5487738994072,91.51452680346952,284.36007963763393,0.3440652967817442,1303.97073564247,1,0,3.3651905059814453,3.6830555555555557
1285,128.5,82.61654239232244,257.90499626936275,91.63009752983201,284.6826168674059,0.3440652967817442,1311.4483758717631,1,0,3.4871625900268555,3.743888888888889
1286,128.6,82.72407226123147,258.2612186401092,91.75250964736148,285.02424719647934,0.3440652967817442,1319.4579071321912,1,0,3.7708263397216797,3.69
1287,128.7,82.83832274692024,258.61744101085566,91.88021103172248,285.38063892340034,0.3440652967817442,1327.5345084003054,1,0,3.8007707595825195,3.7569444444444446
1288,128.8,82.95257323257918,258.96253143239267,92.01544759708122,285.75805999297006,0.3440652967817442,1336.4348083137145,1,0,4.217597961425781,3.721944444444444
1289,128.9,83.06010310150312,259.341017700767,92.16243570822279,286.16827752529144,0.3440652967817442,1345.8643894485472,1,0,4.497536659240723,3.8438888888888885
1290,129.0,83.16763297039721,259.7083720207229,92.31827996596996,286.60321097904495,0.3440652967817442,1355.7795538226305,1,0,4.742691516876221,3.833055555555555
1291,129.1,83.2751628392913,260.07572633988775,92.4822748548745,287.0608913867818,0.3440652967817442,1366.182444265231,1,0,4.980799198150635,3.8780555555555556
1292,129.2,83.36925147456616,260.4430806598437,92.653315601407,287.53823552314805,0.3440652967817442,1376.9533748237889,1,0,5.160450458526611,3.8119444444444444
1293,129.299,83.46334010984104,260.83269887821837,92.8257292820795,288.01941127317724,0.3440652967817442,1387.6146198832475,1,0,5.165461540222168,3.908055555555556
1294,129.4,83.55070812832122,261.2000531973833,93.0016886120811,288.5104822964158,0.3440652967817442,1398.562453419518,1,0,5.164122104644775,3.8349999999999995
1295,129.499,83.63807614678647,261.5674075173392,93.1746096370624,288.99307395368254,0.3440652967817442,1409.4202533099826,1,0,5.192174911499023,3.796111111111111
1296,129.6,83.71200293164743,261.934761837295,93.35208893248596,289.4883869285984,0.3440652967817442,1420.6430081817493,1,0,5.226637363433838,3.76
1297,129.7,83.78592971652331,262.29098420645954,93.5290088698711,289.98213883525904,0.3440652967817442,1431.89104113256,1,0,5.263197898864746,3.6761111111111116
1298,129.8,83.84641526777997,262.66947047562485,93.7017358052413,290.46418882313026,0.3440652967817442,1442.5414753513185,1,0,4.978028297424316,3.733888888888889
1299,129.9,83.90690081902171,263.0256928463713,93.86689767456936,290.9251260645381,0.3440652967817442,1453.0199864446422,1,0,4.814654350280762,3.6430555555555557
1300,130.0,83.95394513665914,263.3930471655362,94.02448888044118,291.36493493810093,0.3440652967817442,1462.9964871477819,1,0,4.529152870178223,3.675
1301,130.1,84.00098945429657,263.76040148549214,94.17530875932981,291.7858462489696,0.3440652967817442,1472.8721411849913,1,0,4.413172721862793,3.6430555555555557
1302,130.2,84.04131315513932,264.11662385623856,94.31888777182922,292.1865495966297,0.3440652967817442,1482.17154377079,1,0,4.099831581115723,3.59
1303,130.3,84.08835747277675,264.4839781754035,94.45608208103354,292.5694343791692,0.3440652967817442,1491.448583065162,1,0,4.034614562988281,3.6719444444444442
1304,130.4,84.10851932319066,264.8402005461499,94.58727708820696,292.9355761825953,0.3440652967817442,1500.1916702993965,1,0,3.744124412536621,3.5730555555555554
1305,130.5,84.13540179042911,265.2075548653149,94.71348663302611,293.28780445214056,0.3440652967817442,1508.994751933859,1,0,3.7390193939208984,3.721111111111111
1306,130.6,84.16228425763772,265.57490918447974,94.8416834367912,293.64557880602257,0.3440652967817442,1518.0850528232793,1,0,3.8619518280029297,3.693888888888889
1307,130.7,84.17572549125694,265.9756593520639,94.97506037389682,294.01780998569507,0.3440652967817442,1527.588205452225,1,0,4.046156883239746,3.9299999999999997
1308,130.801,84.20932857527515,266.39867341727586,95.12115638702815,294.4255378320037,0.3440652967817442,1538.269322744167,1,0,4.5303192138671875,4.103055555555556
1309,130.9,84.23621104251359,266.82168748248785,95.28267395654376,294.876304484345,0.3440652967817442,1550.119917648648,1,0,5.143021106719971,4.271944444444444
1310,131.0,84.26309350972218,267.27809739453716,95.46587009907171,295.3875721571858,0.3440652967817442,1563.3875426527422,1,0,5.718939304351807,4.4511111111111115
1311,131.1,84.28325536013611,267.7456392557958,95.66277604593284,295.9371014421971,0.3440652967817442,1577.0672905979864,1,0,5.955894947052002,4.636944444444444
1312,131.2,84.32357906097884,268.2131811170545,95.87161584056464,296.51993596220706,0.3440652967817442,1591.9939398364336,1,0,6.426514148712158,4.7461111111111105
1313,131.3,84.35046152818745,268.702986876732,96.09551708636594,297.1448042989927,0.3440652967817442,1607.9157945681943,1,0,6.848909854888916,4.881944444444444
1314,131.4,84.3907852290302,269.21505653403733,96.33550631370213,297.8145713152295,0.3440652967817442,1625.2299870588922,1,0,7.3803935050964355,5.026111111111112
1315,131.5,84.43782954666763,269.7271261921337,96.59364221288746,298.5349824474291,0.3440652967817442,1643.9271522202098,1,0,7.924851894378662,5.153055555555555
1316,131.599,84.47815324749546,270.25032779864847,96.86504967434595,299.2924321365805,0.3440652967817442,1663.3606454430235,1,0,8.329830169677734,5.268055555555556
1317,131.7,84.5319181819425,270.7957933035821,97.15530590248672,300.10248536281824,0.3440652967817442,1684.19902972306,1,0,8.709482192993164,5.446111111111112
1318,131.8,84.59240373319916,271.3523907577251,97.45180528786527,300.9299621244433,0.3440652967817442,1705.1102524888029,1,0,8.870388984680176,5.566944444444444
1319,131.9,84.66633051807504,271.9089882110772,97.75204836214087,301.76788685229633,0.3440652967817442,1726.239174232302,1,0,8.931450843811035,5.591944444444445
1320,132.0,84.74697791973068,272.4767176144297,98.06148628287278,302.6314727522951,0.3440652967817442,1749.3312572125717,1,0,9.41556453704834,5.623055555555555
1321,132.1,84.84778717181516,273.04444701778215,98.37555690019258,303.5079876800059,0.3440652967817442,1771.123632176661,1,0,9.206130027770996,5.798888888888889
1322,132.2,84.96203765751886,273.6344403187625,98.68102509622055,304.36049478826163,0.3440652967817442,1792.3613035321393,1,0,8.90551471710205,5.973888888888889
1323,132.3,85.08972937682687,274.2355655681612,98.97872679972045,305.19132700475285,0.3440652967817442,1813.6898067655866,1,0,8.745643615722656,6.108888888888889
1324,132.4,85.21742109613486,274.83669081993287,99.28028985040578,306.03293555071417,0.3440652967817442,1836.9453831828373,1,0,9.134459495544434,6.0811111111111105
1325,132.5,85.36527466584185,275.4600799677505,99.5881485443804,306.89211411124637,0.3440652967817442,1859.813116880206,1,0,9.118921279907227,6.343055555555556
1326,132.602,85.52656946918299,276.0612052179402,99.90148324264254,307.76657522047157,0.3440652967817442,1883.324280958416,1,0,9.094863891601562,6.308888888888888
1327,132.7,85.70802612293804,276.68459436654877,100.20124134730716,308.60314648486747,0.3440652967817442,1905.9697414801014,1,0,9.040937423706055,6.481111111111111
1328,132.8,85.92308586072622,277.30798351515733,100.51483631310218,309.4783339542333,0.3440652967817442,1931.4478960085428,1,0,9.552555084228516,6.538055555555555
1329,132.9,86.13142498170481,277.94250461218434,100.84188747855045,310.39107527045996,0.3440652967817442,1957.5762702308143,1,0,9.838774681091309,6.67611111111111
1330,133.0,86.35320533628766,278.5770257100023,101.17666905894097,311.3253907923609,0.3440652967817442,1984.240300765346,1,0,10.010902404785156,6.721111111111111
1331,133.1,86.60186815809405,279.18928290940147,101.52028080138962,312.28434971746873,0.3440652967817442,2012.4239157878858,1,0,10.362327575683594,6.631111111111111
1332,133.201,86.85725159671007,279.7904081595912,101.87767072283691,313.2817610762109,0.3440652967817442,2041.7136237316752,1,0,10.618026733398438,6.558055555555556
1333,133.299,87.10591441853137,280.39153340978095,102.23298687086911,314.2733849042043,0.3440652967817442,2071.1708515849155,1,0,10.879117012023926,6.5649999999999995
1334,133.4,87.37473909076661,280.98152671155225,102.60699690907522,315.3171800366459,0.3440652967817442,2102.281824141695,1,0,11.076910972595215,6.495
1335,133.5,87.6435637629869,281.582651960951,102.97664042317646,316.34878898117597,0.3440652967817442,2131.95252747871,1,0,10.8397798538208,6.51
1336,133.6,87.91238843520722,282.17264526272226,103.3450176188379,317.37686385739624,0.3440652967817442,2163.219921924764,1,0,11.001829147338867,6.526111111111111
1337,133.7,88.18121310744245,282.76263856370264,103.71487161501186,318.4090602197508,0.3440652967817442,2194.1809909689914,1,0,10.92734146118164,6.483888888888888
1338,133.8,88.44331716285313,283.3526318646829,104.08251062755821,319.4350749589061,0.3440652967817442,2225.3894454335655,1,0,10.870499610900879,6.483888888888888
1339,133.9,88.71886245189799,283.9426251664542,104.45358418446254,320.4706748971652,0.3440652967817442,2258.320333597657,1,0,11.130980491638184,6.535
1340,134.0,88.9876871241183,284.54375041664395,104.82933378574523,321.5193248390676,0.3440652967817442,2291.191104366823,1,0,11.147748947143555,6.563055555555555
1341,134.101,89.2497911795439,285.13374371762427,105.21138050526802,322.58554891186486,0.3440652967817442,2325.398837380411,1,0,11.280067443847656,6.486111111111112
1342,134.202,89.5051746181599,285.734868967814,105.59283883378563,323.65013089058857,0.3440652967817442,2358.9119799120695,1,0,11.113207817077637,6.476944444444444
1343,134.3,89.78071990718983,286.32486226879433,105.96109517998931,324.67786849758375,0.3440652967817442,2392.3938802387656,1,0,11.166836738586426,6.521111111111111
1344,134.4,90.03610334580583,286.9148555705656,106.3384380498182,325.73096496707444,0.3440652967817442,2427.036251479064,1,0,11.20635986328125,6.455000000000001
1345,134.5,90.29820740123147,287.5159808207553,106.71523076460998,326.78252605224077,0.3440652967817442,2461.6278309435825,1,0,11.134217262268066,6.46
1346,134.599,90.55359083983252,288.10597412173564,107.08815281268255,327.82328479878487,0.3440652967817442,2496.731772868222,1,0,11.200206756591797,6.451111111111111
1347,134.7,90.81569489527307,288.69596742271597,107.47609159743219,328.9059525719525,0.3440652967817442,2534.733188061112,1,0,11.57349967956543,6.481111111111111
1348,134.8,91.07107833388908,289.2970926729057,107.86469400355891,329.99047239370833,0.3440652967817442,2571.464411105991,1,0,11.467290878295898,6.451111111111111
1349,134.9,91.32646177250507,289.89821792388636,108.24617616113702,331.0551208750785,0.3440652967817442,2607.206684654831,1,0,11.15132999420166,6.526944444444444
1350,135.0,91.57512459431148,290.5104751232856,108.62446494570032,332.11085722343506,0.3440652967817442,2644.643460316183,1,0,11.27795124053955,6.588888888888889
1351,135.1,91.82378741611787,291.11160037347526,109.00314291139091,333.1676797067206,0.3440652967817442,2681.694483710529,1,0,11.174405097961426,6.548055555555555
1352,135.2,92.05900900431996,291.73498952129285,109.3866257102384,334.2379116200991,0.3440652967817442,2721.4002136927884,1,0,11.562836647033691,6.645
1353,135.3,92.30095120931675,292.36951061990186,109.7887849247121,335.36026606958814,0.3440652967817442,2764.68311875536,1,0,12.281756401062012,6.723888888888888
1354,135.4,92.54289341432846,293.0040317169288,110.20883471325386,336.53254991193086,0.3440652967817442,2808.8059734074363,1,0,12.623594284057617,6.801111111111111
1355,135.499,92.77811500256038,293.6608167131657,110.63770532099748,337.72945108323944,0.3440652967817442,2854.7422479048646,1,0,13.061607360839844,6.953055555555555
1356,135.6,93.02005720752733,294.28420586098326,111.0865544582704,338.9821087577051,0.3440652967817442,2902.4054340670923,1,0,13.287803649902344,6.7861111111111105
1357,135.7,93.25527879572942,294.9521228056385,111.53323425014217,340.2287121771,0.3440652967817442,2949.0420262717303,1,0,13.196477890014648,7.001111111111111
1358,135.8,93.47705915031229,295.653435597922,111.98312713465451,341.48428276345766,0.3440652967817442,2998.2065865576974,1,0,13.478312492370605,7.26
1359,135.899,93.71228073852932,296.3324844917867,112.42916668400396,342.72909938046735,0.3440652967817442,3045.240099173606,1,0,13.235142707824707,7.246944444444444
1360,136.0,93.96094356032077,297.0337972832792,112.88246580137881,343.99417615360784,0.3440652967817442,3095.3308559341262,1,0,13.37550163269043,7.326111111111111
1361,136.1,94.1894445317282,297.7351100755627,113.32182497979454,345.22034904999185,0.3440652967817442,3140.8745864752264,1,0,12.67473030090332,7.381944444444444
1362,136.2,94.43138673673988,298.4586867654741,113.74885413254468,346.41211104972086,0.3440652967817442,3188.516890867275,1,0,12.644436836242676,7.603888888888888
1363,136.3,94.67332894173667,299.18226345538545,114.17046008263735,347.5887378606639,0.3440652967817442,3235.012373814422,1,0,12.353180885314941,7.683888888888888
1364,136.4,94.90855052992384,299.9392359929251,114.58671985885469,348.75044445637684,0.3440652967817442,3282.5321414753635,1,0,12.327454566955566,7.878055555555555
1365,136.5,95.16393396853984,300.6962085304647,115.0024082323796,349.9105563693591,0.3440652967817442,3330.5666108258183,1,0,12.31930160522461,7.966111111111111
1366,136.6,95.41259679036116,301.47544496642314,115.41564384476791,351.06382306463627,0.3440652967817442,3378.3002250766112,1,0,12.182026863098145,8.08388888888889
1367,136.7,95.67470084577185,302.2435494523812,115.82700612488925,352.21186162456416,0.3440652967817442,3426.990477283075,1,0,12.208229064941406,8.155
1368,136.8,95.92336366759316,303.03391783754904,116.23677077755869,353.35544149197744,0.3440652967817442,3475.3933149993554,1,0,12.087301254272461,8.283888888888889
1369,136.901,96.18546772300387,303.8354181711354,116.64432311566613,354.49284718507624,0.3440652967817442,3523.5373984032844,1,0,11.837806701660156,8.428055555555556
1370,137.0,96.45429239523911,304.6369185047217,117.03443482204977,355.581579193941,0.3440652967817442,3569.846667293383,1,0,11.526111602783203,8.448055555555555
1371,137.1,96.70295521704548,305.4606827367268,117.42449586926203,356.6701698221178,0.3440652967817442,3618.1485632991407,1,0,11.601163864135742,8.526944444444444
1372,137.2,96.95833865566149,306.28444696873197,117.81206386360668,357.75180278557366,0.3440652967817442,3665.4363894400035,1,0,11.378294944763184,8.588888888888889
1373,137.301,97.22044271108713,307.0970792515277,118.19998182179377,358.8344124355297,0.3440652967817442,3714.1664435920907,1,0,11.39418888092041,8.573888888888888
1374,137.4,97.47582614970312,307.90971153353246,118.5769819556826,359.8865523903031,0.3440652967817442,3761.0967195655157,1,0,11.184473037719727,8.55
1375,137.5,97.73120958831912,308.71121186790975,118.95644132360265,360.945555627473,0.3440652967817442,3810.0912526329494,1,0,11.314213752746582,8.451944444444445
1376,137.6,98.00003426053944,309.5127122014961,119.33882743139372,362.0127268722343,0.3440652967817442,3859.5564629600003,1,0,11.358003616333008,8.399999999999999
1377,137.701,98.25541769915543,310.31421253508233,119.72658852430165,363.0948987392484,0.3440652967817442,3910.176790707621,1,0,11.405271530151367,8.44111111111111
1378,137.8,98.51080113777144,311.1268448178781,120.11137441322212,364.16876734398903,0.3440652967817442,3961.587813862656,1,0,11.639681816101074,8.468055555555555
1379,137.9,98.76618457638745,311.9283451514644,120.50139923808777,365.2572568820741,0.3440652967817442,4012.5913471085637,1,0,11.485445976257324,8.46111111111111
1380,138.0,99.01484739819384,312.7298454858417,120.89204524724568,366.3474800344325,0.3440652967817442,4065.528101947757,1,0,11.676512718200684,8.399999999999999
1381,138.102,99.27023083682475,313.531345818637,121.29292374859617,367.46626024262446,0.3440652967817442,4119.3353057642535,1,0,11.626092910766602,8.401111111111112
1382,138.2,99.51217304183648,314.3328461530143,121.67439664695752,368.5308828831765,0.3440652967817442,4170.500928123089,1,0,11.453572273254395,8.36611111111111
1383,138.3,99.76755648043755,315.1232145381822,122.05570505951438,369.5950464732632,0.3440652967817442,4221.642922304781,1,0,11.154747009277344,8.308055555555555
1384,138.4,100.00949868544926,315.91358292176807,122.42910607911831,370.63714194369686,0.3440652967817442,4272.687430882186,1,0,10.984731674194336,8.280000000000001
1385,138.499,100.24472027365135,316.69281935772653,122.79672544683193,371.66310185763706,0.3440652967817442,4324.206642204784,1,0,11.032113075256348,8.161944444444446
1386,138.6,100.48666247864813,317.4831877428944,123.1755788629859,372.72041399179017,0.3440652967817442,4378.231253978246,1,0,11.208242416381836,8.258055555555556
1387,138.699,100.72188406685024,318.2735561264803,123.54955940571483,373.7641268076296,0.3440652967817442,4431.224709402132,1,0,11.1895751953125,8.16
1388,138.8,100.95038503825764,319.06392451164817,123.93216017353359,374.8318971301405,0.3440652967817442,4486.293266370044,1,0,11.270766258239746,8.21888888888889
1389,138.9,101.17888600963519,319.84316094681566,124.3091769296513,375.88408347458216,0.3440652967817442,4539.941577589527,1,0,11.083094596862793,8.116944444444444
1390,139.0,101.41410759783729,320.6223973827741,124.68895488372559,376.9439758287358,0.3440652967817442,4596.593533023785,1,0,11.434481620788574,8.103055555555555
1391,139.099,101.63588795242016,321.4016338179416,125.07086191495337,378.0098100564821,0.3440652967817442,4652.586955686971,1,0,11.438055992126465,8.108055555555556
1392,139.201,101.87783015743186,322.1586063546902,125.46094837603427,379.0984716102215,0.3440652967817442,4709.439987830877,1,0,11.237220764160156,8.051111111111112
1393,139.299,102.09961051201473,322.9489747406491,125.82990328370336,380.12815877734295,0.3440652967817442,4763.832743622207,1,0,11.085087776184082,8.17
1394,139.4,102.33483210021683,323.72821117581657,126.21492732441949,381.2026920211566,0.3440652967817442,4823.452330117878,1,0,11.517510414123535,8.08388888888889
1395,139.5,102.57005368841894,324.49631566177464,126.60343245134881,382.28694035406886,0.3440652967817442,4882.270798463557,1,0,11.517512321472168,8.101111111111111
1396,139.6,102.7985546598114,325.27555209773305,126.9990746673226,383.39110702617904,0.3440652967817442,4944.442879453329,1,0,11.940678596496582,8.073055555555555
1397,139.7,103.03377624799859,326.0436565844821,127.40073638748859,384.5120730580221,0.3440652967817442,5005.930002408162,1,0,11.874417304992676,8.048055555555557
1398,139.8,103.26227721940599,326.834024968859,127.79476614607994,385.61173964993355,0.3440652967817442,5065.413716783457,1,0,11.488168716430664,8.17888888888889
1399,139.9,103.49749880759315,327.6132614040265,128.20127807384324,386.7462417438184,0.3440652967817442,5133.934079859589,1,0,12.614502906799316,8.223055555555556
1400,140.0,103.73944101260486,328.4036297891943,128.6334965763658,387.95248629075115,0.3440652967817442,5203.858980206832,1,0,13.012348175048828,8.195
1401,140.1,103.98810383441125,329.20513012278064,129.068903192264,389.1676282919853,0.3440652967817442,5272.018711270743,1,0,12.8035306930542,8.345
1402,140.2,104.23004603942296,329.9954985071575,129.50869982146162,390.39502203527223,0.3440652967817442,5344.737590047987,1,0,13.272638320922852,8.32611111111111
1403,140.3,104.47870886122935,330.79699884153484,129.94625280441102,391.6161541631115,0.3440652967817442,5412.575600087885,1,0,12.670501708984375,8.403055555555556
1404,140.4,104.73409229984534,331.5984991751211,130.3638166494445,392.7815001816837,0.3440652967817442,5478.0465701568755,1,0,12.087453842163086,8.411111111111111
1405,140.5,104.98947573846137,332.4222634063353,130.77183362214333,393.9202025868366,0.3440652967817442,5545.302129713532,1,0,12.104454040527344,8.503055555555555
1406,140.6,105.25157979388698,333.25715958754984,131.1805763928744,395.06093056450294,0.3440652967817442,5613.262713867946,1,0,12.130487442016602,8.7
1407,140.699,105.51368384929768,334.06979187034557,131.58650992954165,396.1938184722723,0.3440652967817442,5681.4063630288265,1,0,12.181005477905273,8.608055555555556
1408,140.799,105.77578790472329,334.91582000076954,131.99626941907897,397.33738393030717,0.3440652967817442,5750.209865182667,1,0,12.114218711853027,8.768055555555556
1409,140.9,106.03789196016383,335.7618481304026,132.39926611720713,398.4620756469086,0.3440652967817442,5816.21833856234,1,0,11.543453216552734,8.901944444444444
1410,141.0,106.31343724917882,336.61900820924495,132.7915818607353,399.5569587292959,0.3440652967817442,5884.253888442786,1,0,11.717506408691406,8.919999999999998
1411,141.1,106.58226192141404,337.4650363396689,133.19153681995826,400.6731614965669,0.3440652967817442,5954.583945399359,1,0,11.996393203735352,8.978055555555555
1412,141.2,106.86452782725357,338.3444603169302,133.6054256730939,401.8282512699508,0.3440652967817442,6029.123714505466,1,0,12.54366683959961,9.153888888888888
1413,141.3,107.13335249947389,339.212752345773,134.0270550583371,403.00494348420807,0.3440652967817442,6102.602867523194,1,0,12.455340385437012,9.07
1414,141.4,107.41561840531342,340.0921763222433,134.4442572428628,404.16928017297874,0.3440652967817442,6175.506166076109,1,0,12.281171798706055,9.213888888888889
1415,141.5,107.69788431115292,340.99386419792336,134.8540934234075,405.3130596619006,0.3440652967817442,6247.305216747207,1,0,12.018599510192871,9.385
1416,141.6,107.99359145059677,341.86215622597524,135.26391844129301,406.4568079978368,0.3440652967817442,6322.105416737982,1,0,12.280509948730469,9.246944444444445
1417,141.7,108.2758573564363,342.7638441016553,135.67305430169054,407.598633018466,0.3440652967817442,6394.719604978893,1,0,11.977738380432129,9.42111111111111
1418,141.801,108.57828511270465,343.654400027335,136.08435605462458,408.7465026578382,0.3440652967817442,6470.59704420765,1,0,12.167476654052734,9.401944444444444
1419,141.9,108.86055101854419,344.55608790301505,136.48845104341507,409.874259507271,0.3440652967817442,6544.2052768558,1,0,12.033905029296875,9.408055555555555
1420,142.0,109.14281692436879,345.4689077279046,136.899645047253,411.02182843818474,0.3440652967817442,6621.777820573404,1,0,12.346373558044434,9.531944444444443
1421,142.1,109.42508283020831,346.37059560279374,137.3176321243497,412.1883556217589,0.3440652967817442,6700.131160447955,1,0,12.436676025390625,9.48611111111111
1422,142.2,109.70734873604785,347.2834154276832,137.73419647710145,413.3509122361119,0.3440652967817442,6777.544814011171,1,0,12.262018203735352,9.546944444444444
1423,142.3,109.98289402509268,348.19623525178173,138.14954085092532,414.510064107446,0.3440652967817442,6856.655384941025,1,0,12.364341735839844,9.578888888888889
1424,142.4,110.2651599309322,349.10905507667127,138.55913473421012,415.6531673880454,0.3440652967817442,6932.682875410175,1,0,11.921063423156738,9.505
1425,142.5,110.55414645356645,349.9996110031419,138.9658226909971,416.7881607474561,0.3440652967817442,7012.122408257319,1,0,12.192045211791992,9.46888888888889
1426,142.6,110.82297112580166,350.9124308272404,139.3768519249777,417.93526983516387,0.3440652967817442,7091.614091313289,1,0,12.17846393585205,9.5
1427,142.7,111.11867826526041,351.8029867537111,139.7921727832283,419.09435607873826,0.3440652967817442,7173.878531128456,1,0,12.446501731872559,9.385
1428,142.8,111.40094417108502,352.6935426809727,140.20745241684563,420.2533272717334,0.3440652967817442,7254.118278525705,1,0,12.176019668579102,9.351111111111111
1429,142.9,111.66976884332024,353.6063625042803,140.6196871536832,421.40380070233493,0.3440652967817442,7336.113639356931,1,0,12.265965461730957,9.45111111111111
1430,143.0,111.95203474915978,354.48578648154154,141.03401292681144,422.56010984128386,0.3440652967817442,7418.842131797623,1,0,12.300000190734863,9.303055555555556
1431,143.1,112.22758003818969,355.3763424080122,141.44559077171488,423.7087500039692,0.3440652967817442,7500.504829462001,1,0,12.103036880493164,9.303888888888888
1432,143.2,112.49640471040999,356.27803028369226,141.8541412841382,424.8489414230802,0.3440652967817442,7583.197660261114,1,0,12.120505332946777,9.341944444444444
1433,143.3,112.77867061626445,357.15745426095356,142.26259501598454,425.98886274490815,0.3440652967817442,7666.260017138219,1,0,12.097298622131348,9.231944444444444
1434,143.4,113.04077467167514,358.04801018742427,142.67031053254655,427.1267238398924,0.3440652967817442,7749.772723646507,1,0,12.076735496520996,9.241111111111111
1435,143.5,113.28271687667191,358.9385661138949,143.08111640075123,428.273209553664,0.3440652967817442,7835.596796669671,1,0,12.280529975891113,9.223055555555556
1436,143.6,113.56498278251145,359.81799009115616,143.49110987184991,429.4174280123937,0.3440652967817442,7919.620940100749,1,0,12.02856731414795,9.241944444444444
1437,143.701,113.84052807155629,360.686282119208,143.89977079391033,430.5579275650573,0.3440652967817442,8004.891079552309,1,0,11.96161937713623,9.155
1438,143.8,114.0891908933627,361.6102338933069,144.3000926193972,431.6751541904641,0.3440652967817442,8089.5638117421295,1,0,12.013786315917969,9.33
1439,143.9,114.35129494878831,362.5007898189866,144.7030216230744,432.7996569839587,0.3440652967817442,8174.453487419665,1,0,11.876448631286621,9.286111111111111
1440,144.0,114.61339900419898,363.3913457454573,145.10279590484643,433.9153555127747,0.3440652967817442,8259.68238444554,1,0,11.826738357543945,9.19111111111111
1441,144.1,114.88894429324384,364.2596377743001,145.49689268764652,435.0152091572668,0.3440652967817442,8343.152351360493,1,0,11.53982162475586,9.17
1442,144.2,115.15104834865453,365.13906175077034,145.8840958689168,436.0958239926715,0.3440652967817442,8426.502369367128,1,0,11.418006896972656,9.226944444444444
1443,144.3,115.41987302087482,366.02961767724105,146.26635857624476,437.16265084880786,0.3440652967817442,8509.107009808517,1,0,11.246893882751465,9.27
1444,144.4,115.68869769311007,366.9090416545023,146.64469693330906,438.2185255451497,0.3440652967817442,8591.900183723612,1,0,11.18532657623291,9.20888888888889
1445,144.5,115.95080174853568,367.7773336825541,147.02375101949394,439.2763977134733,0.3440652967817442,8676.130214680172,1,0,11.28933048248291,9.14611111111111
1446,144.6,116.2196264207709,368.66788960902477,147.40589486219415,440.3428928396901,0.3440652967817442,8761.446006583159,1,0,11.368522644042969,9.295
1447,144.7,116.4817304761816,369.5584455354955,147.78923384931826,441.4127234002665,0.3440652967817442,8847.145927857002,1,0,11.36019229888916,9.255
1448,144.8,116.76399638199128,370.4044736651284,148.16607887098013,442.4644304645532,0.3440652967817442,8930.235898105379,1,0,10.98348617553711,9.10888888888889
1449,144.9,117.01265920384243,371.31729349001796,148.53834041469548,443.50334586155424,0.3440652967817442,9015.045713318299,1,0,11.088431358337402,9.311944444444444
1450,145.0,117.28820449287235,372.1744535688604,148.90989896823277,444.540299338684,0.3440652967817442,9099.050852391103,1,0,10.941804885864258,9.10611111111111
1451,145.1,117.55030854829798,373.0872733937499,149.26684182099658,445.5364630086798,0.3440652967817442,9177.75567692469,1,0,10.221845626831055,9.341111111111111
1452,145.2,117.81913322051827,373.9778293194296,149.61330126396845,446.50336935669384,0.3440652967817442,9258.149663868957,1,0,10.320228576660156,9.318055555555556
1453,145.3,118.08123727592896,374.87951719510966,149.9580502948106,447.46550225032667,0.3440652967817442,9337.316358789778,1,0,10.12043285369873,9.328888888888889
1454,145.4,118.35006194816421,375.79233701999914,150.29624826013233,448.40935229161875,0.3440652967817442,9415.479219517438,1,0,9.931806564331055,9.436944444444444
1455,145.5,118.61888662039944,376.69402489488823,150.63223365450486,449.3470274430655,0.3440652967817442,9494.589941076452,1,0,9.989246368408203,9.448055555555557
1456,145.6,118.88771129263466,377.59571277056835,150.9809905303712,450.3203455154382,0.3440652967817442,9579.895433589452,1,0,10.689045906066895,9.366944444444444
1457,145.699,119.15653596485495,378.5085325946669,151.3273637783126,451.2870113085364,0.3440652967817442,9659.244532208771,1,0,10.0553617477417,9.496944444444445
1458,145.8,119.41864002026567,379.4213524195564,151.6795382378897,452.26986724587965,0.3440652967817442,9745.687622928192,1,0,10.61882209777832,9.533888888888889
1459,145.9,119.70090592610521,380.32304029523647,152.0439620507229,453.2869089376096,0.3440652967817442,9834.691420418627,1,0,10.988385200500488,9.42
1460,146.0,119.96973059837025,381.24699206854444,152.42521021065514,454.35090437339596,0.3440652967817442,9929.514561645083,1,0,11.616361618041992,9.556111111111111
1461,146.1,120.24527588737034,382.1598118934339,152.8166561353289,455.4433599469103,0.3440652967817442,10024.179603955776,1,0,11.593025207519531,9.516944444444444
1462,146.2,120.52082117641517,383.08376366674185,153.2119235497393,456.5464806148828,0.3440652967817442,10121.70804419116,1,0,11.84294319152832,9.636944444444445
1463,146.3,120.78292523182587,384.01884738925924,153.62062149290387,457.6870834868276,0.3440652967817442,10224.660746383686,1,0,12.3893404006958,9.673055555555555
1464,146.4,121.0517499040611,384.94279916256716,154.04646885138447,458.87554731009055,0.3440652967817442,10332.134392146496,1,0,12.859756469726562,9.544999999999998
1465,146.5,121.34073642671021,385.86675093666605,154.48575059890473,460.10150411069225,0.3440652967817442,10442.865668373266,1,0,13.185884475708008,9.665000000000001
1466,146.6,121.61628171572522,386.8018346599744,154.93532552455912,461.3561873307379,0.3440652967817442,10556.676289265384,1,0,13.470053672790527,9.683055555555557
1467,146.7,121.88510638796046,387.72578643328234,155.38240776728995,462.6039139185102,0.3440652967817442,10666.521242561072,1,0,13.038089752197266,9.64111111111111
1468,146.8,122.16737229379999,388.66087015500875,155.8261957227065,463.8424467395056,0.3440652967817442,10780.131250030528,1,0,13.274730682373047,9.748055555555556
1469,146.9,122.45635881644913,389.59595387831706,156.26790428702716,465.0751763518097,0.3440652967817442,10890.568986891407,1,0,12.914799690246582,9.748055555555556
1470,147.0,122.73862472228865,390.5310376008344,156.69621825541898,466.27052404223116,0.3440652967817442,10998.00090990406,1,0,12.480545997619629,9.71
1471,147.1,123.00072877769932,391.4772532725612,157.11523544972994,467.4399260987344,0.3440652967817442,11105.530731347304,1,0,12.363580703735352,9.748888888888887
1472,147.2,123.28971530033355,392.4012050466601,157.52619032495903,468.5868276644643,0.3440652967817442,11210.373213266072,1,0,12.002519607543945,9.721944444444444
1473,147.301,123.58542243979231,393.347420717596,157.9312637335363,469.7173151085512,0.3440652967817442,11315.112138338993,1,0,11.777064323425293,9.851944444444444
1474,147.4,123.87440896245636,394.29363638932267,158.3234771902726,470.81191272679433,0.3440652967817442,11417.950326216649,1,0,11.712728500366211,9.856944444444444
1475,147.499,124.15667486828096,395.2398520618405,158.71041613563645,471.8917901270375,0.3440652967817442,11519.055096801674,1,0,11.461172103881836,9.871944444444445
1476,147.6,124.4591026245344,396.1749357835668,159.09888417824956,472.97593496425503,0.3440652967817442,11621.868206603162,1,0,11.34360408782959,9.821111111111112
1477,147.699,124.74136853037393,397.1100195068752,159.47467449476886,474.02469853510166,0.3440652967817442,11721.569671674943,1,0,11.162601470947266,9.778888888888888
1478,147.799,125.03707566983269,398.0451032293925,159.8491065805739,475.0696715269171,0.3440652967817442,11821.767535895906,1,0,11.038010597229004,9.848055555555556
1479,147.9,125.3327828092616,398.9913189011193,160.22191787303132,476.1101211743457,0.3440652967817442,11921.782158306905,1,0,10.84764575958252,9.813055555555556
1480,148.0,125.62848994872036,399.9375345728461,160.58998954317147,477.1373433834732,0.3440652967817442,12022.59755662447,1,0,10.975848197937012,9.931944444444445
1481,148.1,125.92419708816418,400.8726182961545,160.95686645491628,478.1612312355778,0.3440652967817442,12122.032812515314,1,0,10.776806831359863,9.821944444444444
1482,148.2,126.22662484443254,401.8077020178808,161.3194741159631,479.17320437245417,0.3440652967817442,12221.543620430752,1,0,10.722718238830566,9.865
1483,148.3,126.52905260070091,402.7539176903986,161.68096433691844,480.18205893386704,0.3440652967817442,12321.468673416115,1,0,10.710552215576172,9.885
1484,148.399,126.82475974014473,403.7001333613344,162.03294681194635,481.164379076666,0.3440652967817442,12417.72750635203,1,0,10.369793891906738,9.87
1485,148.499,127.12046687960347,404.6240851354333,162.3779591464358,482.127246803692,0.3440652967817442,12512.881384431908,1,0,10.086479187011719,9.796111111111111
1486,148.6,127.40945340222278,405.58143275557853,162.72527209823372,483.09653514220656,0.3440652967817442,12611.458226941544,1,0,10.302312850952148,9.916944444444445
1487,148.7,127.69843992487193,406.52764842730534,163.0734601127623,484.068265624315,0.3440652967817442,12709.93271254262,1,0,10.34225082397461,9.878055555555555
1488,148.8,127.99414706433066,407.4627321506137,163.41846850654363,485.0311223535293,0.3440652967817442,12806.755420777059,1,0,10.113788604736328,9.786944444444446
1489,148.899,128.2898542037745,408.4089478223404,163.75769046248465,485.97783016951956,0.3440652967817442,12903.876117277727,1,0,10.202325820922852,9.874999999999998
1490,149.0,128.57884072642364,409.3551634940672,164.08967902812296,486.9043508867217,0.3440652967817442,12994.978549463134,1,0,9.286857604980469,9.881944444444445
1491,149.1,128.88126848267706,410.29024721658453,164.39804647557153,487.7649492872194,0.3440652967817442,13082.648333005563,1,0,8.996687889099121,9.776111111111112
1492,149.2,129.1769756221358,411.23646288831134,164.69691228036518,488.5990303022453,0.3440652967817442,13168.096881392557,1,0,8.723491668701172,9.84888888888889
1493,149.299,129.47940337837434,412.1938105092475,164.99629994526757,489.4345677355105,0.3440652967817442,13257.129379805847,1,0,9.206933975219727,9.898888888888889
1494,149.4,129.7751105178331,413.1400261809743,165.3172327415532,490.3302337775518,0.3440652967817442,13352.6102904735,1,0,9.633227348327637,9.896944444444443
1495,149.501,130.06409704049716,414.0862418527011,165.65028147994607,491.2597132473214,0.3440652967817442,13451.441534523157,1,0,9.918192863464355,9.826944444444443
1496,149.6,130.35980417992607,415.02132557521844,165.98359376084153,492.18992821708633,0.3440652967817442,13550.061357875102,1,0,10.043989181518555,9.84888888888889
1497,149.699,130.6555113193848,415.9564092985268,166.30969852322932,493.10002829161647,0.3440652967817442,13643.939162340774,1,0,9.486532211303711,9.758888888888889
1498,149.8,130.95793907563825,416.9026249694626,166.61164446374147,493.9427054146123,0.3440652967817442,13728.60598005751,1,0,8.239017486572266,9.878055555555555
1499,149.9,131.2603668318917,417.8377086919799,166.88403797395668,494.70290698950856,0.3440652967817442,13808.830886327696,1,0,7.911581993103027,9.801944444444445
1500,150.0,131.56279458814512,418.7839243637067,167.1540149453819,495.4563644367915,0.3440652967817442,13890.55998588889,1,0,8.09573745727539,9.831944444444446
1501,150.1,131.85850172760385,419.7301400354335,167.43029700171164,496.227418248505,0.3440652967817442,13974.492439676244,1,0,8.285419464111328,9.87
1502,150.2,132.16092948385733,420.6763557071603,167.7253135387968,497.05075664572087,0.3440652967817442,14067.344447862351,1,0,9.206531524658203,9.878055555555555
1503,150.3,132.45663662330114,421.62257137888713,168.06380836008182,497.99543515891975,0.3440652967817442,14177.555113339686,1,0,10.863308906555176,9.883055555555556
1504,150.4,132.7590643795546,422.5799190006142,168.42744332355127,499.01027531314526,0.3440652967817442,14287.16395668867,1,0,10.697126388549805,9.921111111111111
1505,150.499,133.06149213582296,423.5150027231316,168.79645666597196,500.0401255612085,0.3440652967817442,14403.430619557355,1,0,11.403203964233398,9.921111111111111
1506,150.6,133.35719927525184,424.47235034327684,169.20230116096963,501.1727649696014,0.3440652967817442,14533.515328805166,1,0,12.421646118164062,9.953055555555556
1507,150.7,133.65962703153514,425.4408299126315,169.62525079605936,502.3531417650801,0.3440652967817442,14665.155540268857,1,0,12.655640602111816,10.066944444444443
1508,150.8,133.96877540458325,426.39817753356766,170.05870817682498,503.56284379964075,0.3440652967817442,14801.74498541437,1,0,13.044665336608887,10.078055555555554
1509,150.9,134.27120316085163,427.34439320608544,170.50916297416086,504.819982584202,0.3440652967817442,14945.917908377342,1,0,13.66344165802002,9.99
1510,151.0,134.5870721507094,428.3017408270216,170.97718577044887,506.1261505121546,0.3440652967817442,15095.268435450062,1,0,14.086297035217285,10.03111111111111
1511,151.1,134.8962205237575,429.2702203963762,171.4658775170326,507.49000178415537,0.3440652967817442,15254.748201160482,1,0,14.888933181762695,10.16
1512,151.2,135.19864828002588,430.2275680173125,171.9725443940238,508.904018430632,0.3440652967817442,15417.243060984578,1,0,15.152068138122559,10.033888888888889
1513,151.3,135.51451726989853,431.18491563824864,172.49297351089453,510.35644302751183,0.3440652967817442,15587.371254770202,1,0,15.704916000366211,10.133888888888889
1514,151.4,135.81694502615196,432.1533952083943,173.04116260103038,511.88634074546036,0.3440652967817442,15771.937466964162,1,0,16.797996520996094,10.139999999999999
1515,151.5,136.126093399215,433.1218747785399,173.62051175574052,513.5032006312834,0.3440652967817442,15965.515575140302,1,0,17.552440643310547,10.184999999999999
1516,151.6,136.43524177227806,434.11261824631333,174.22207283298803,515.1820500207515,0.3440652967817442,16166.326739474922,1,0,18.114973068237305,10.308055555555557
1517,151.7,136.7511107621358,435.0810978164589,174.82678641247648,516.8696974802123,0.3440652967817442,16361.635306326061,1,0,17.739356994628906,10.258055555555556
1518,151.8,137.05353851838925,436.060709335814,175.4284795114919,518.5489153188252,0.3440652967817442,16562.431432339556,1,0,17.935884475708008,10.261944444444445
1519,151.9,137.3694075082619,437.05145280358744,176.04103818857416,520.258457042732,0.3440652967817442,16770.615417438043,1,0,18.38359260559082,10.318888888888889
1520,152.0,137.67855588132497,438.0310643213605,176.67058636864132,522.0154134312378,0.3440652967817442,16987.216983385762,1,0,18.94321632385254,10.291111111111112
1521,152.1,137.987704254388,439.02180778992494,177.30748900400167,523.7928947892702,0.3440652967817442,17201.799089825778,1,0,18.81964874267578,10.341111111111111
1522,152.2,138.30357324426066,440.00141930928,177.93382732441756,525.5408930335085,0.3440652967817442,17411.107567228108,1,0,18.316843032836914,10.301111111111112
1523,152.301,138.6060010004992,440.9921627770534,178.51646751785094,527.1669376198719,0.3440652967817442,17591.40431592737,1,0,15.886689186096191,10.306944444444444
1524,152.4,138.91514937357715,441.96064234719904,179.05052849425886,528.6574062989355,0.3440652967817442,17778.260420612703,1,0,16.098398208618164,10.194999999999999
1525,152.499,139.2175771298306,442.9513858157635,179.59436385424138,530.1751535346034,0.3440652967817442,17971.064807080886,1,0,16.47208023071289,10.346111111111112
1526,152.6,139.53344611968834,443.93099733432757,180.16943229256194,531.7800667065034,0.3440652967817442,18179.869921625777,1,0,17.286956787109375,10.296111111111111
1527,152.7,139.8358738759567,444.89947690447315,180.75920228826814,533.426009295988,0.3440652967817442,18391.911830373592,1,0,17.681346893310547,10.193055555555555
1528,152.8,140.14502224900482,445.8790884230372,181.349081401381,535.0722564126412,0.3440652967817442,18598.76890307182,1,0,17.293426513671875,10.223888888888888
1529,152.899,140.45417062206786,446.8586999423922,181.92513714570495,536.6799249790367,0.3440652967817442,18804.77554682255,1,0,17.206741333007812,10.291944444444445
1530,153.0,140.77003961195547,447.8271795117469,182.5074147262659,538.3049575777192,0.3440652967817442,19013.278199167977,1,0,16.97550392150879,10.20111111111111
1531,153.1,141.07246736819397,448.8179229803114,183.0715673519794,539.8794066687069,0.3440652967817442,19214.46440228825,1,0,16.473909378051758,10.351111111111111
1532,153.199,141.38833635806662,449.77527060124754,183.6149123582178,541.3957854147649,0.3440652967817442,19410.298045762487,1,0,16.067201614379883,10.131111111111112
1533,153.3,141.69748473112966,450.7326182213928,184.1638826118888,542.9278632204446,0.3440652967817442,19613.54346322974,1,0,16.159757614135742,10.088888888888889
1534,153.401,142.00663310419276,451.7010977907474,184.71655232587796,544.470265558298,0.3440652967817442,19819.739049746113,1,0,16.28437614440918,10.171111111111111
1535,153.5,142.29561962682695,452.68070931089335,185.2593227421146,545.9850407264149,0.3440652967817442,20022.047463046685,1,0,16.222322463989258,10.133055555555556
1536,153.599,142.5980473830804,453.62692498262015,185.7926183947041,547.4733735235642,0.3440652967817442,20218.569445284505,1,0,15.71692943572998,10.078888888888889
1537,153.699,142.89375452253915,454.6176684511846,186.3277870470937,548.9669335282069,0.3440652967817442,20423.461787354434,1,0,16.01398277282715,10.218888888888888
1538,153.8,143.1827410451883,455.57501607132986,186.87856060166033,550.5040440242022,0.3440652967817442,20635.66237538048,1,0,16.318838119506836,10.091944444444445
1539,153.899,143.46500695102782,456.5546275898939,187.43186695137823,552.0482230985251,0.3440652967817442,20851.831315031002,1,0,16.81886100769043,10.126111111111111
1540,154.0,143.75399347367696,457.5231071608305,188.0129797065201,553.6700048777685,0.3440652967817442,21079.99781976915,1,0,17.29500389099121,10.19888888888889
1541,154.1,144.04297999629625,458.49158673018513,188.5956268319005,555.2960688099563,0.3440652967817442,21305.76172161416,1,0,17.250974655151367,10.075000000000001
1542,154.2,144.33196651896031,459.47119824874915,189.17714939174547,556.9189942808407,0.3440652967817442,21532.782673176822,1,0,17.22832679748535,10.173055555555557
1543,154.3,144.62095304159453,460.4508097681042,189.75436606034842,558.5299027792909,0.3440652967817442,21757.799840510874,1,0,16.99567222595215,10.218055555555555
1544,154.4,144.90321894743406,461.46381713429656,190.31804998305117,560.1030438039937,0.3440652967817442,21976.145158681382,1,0,16.42595100402832,10.396944444444445
1545,154.5,145.1989260868928,462.45456060207,190.8796065023559,561.6702476262561,0.3440652967817442,22203.658565179787,1,0,16.869535446166992,10.35888888888889
1546,154.6,145.48791260952703,463.45643601905283,191.4614879079171,563.2941745713622,0.3440652967817442,22443.64656789716,1,0,17.63104248046875,10.406111111111112
1547,154.7,145.76345789857186,464.4694433852452,192.05540462242232,564.9516899114575,0.3440652967817442,22682.867382883887,1,0,17.583126068115234,10.499999999999998
1548,154.799,146.05244442120605,465.49358270143784,192.65734901895354,566.6316090764975,0.3440652967817442,22935.500247564385,1,0,18.46752166748047,10.583055555555555
1549,154.899,146.34143094385522,466.5177220168395,193.28377615810746,568.3798551979501,0.3440652967817442,23193.5756110309,1,0,18.674236297607422,10.608888888888888
1550,154.999,146.63041746650435,467.56412522986915,193.89332355506392,570.0809929775328,0.3440652967817442,23433.309140344845,1,0,17.466697692871094,10.785
1551,155.1,146.91268337234388,468.6216603928991,194.49047139875074,571.7475258213512,0.3440652967817442,23681.919265356362,1,0,17.588497161865234,10.92388888888889
1552,155.2,147.1949492781834,469.66806360592875,195.0704078315779,573.3660246953759,0.3440652967817442,23916.849303430183,1,0,16.79676055908203,10.86
1553,155.3,147.48393580081762,470.73673071737716,195.63538614021388,574.9427781197435,0.3440652967817442,24153.24029288298,1,0,16.701608657836914,10.956111111111111
1554,155.4,147.77964294026145,471.79426587961615,196.19408086895294,576.5019951963109,0.3440652967817442,24386.881014896022,1,0,16.424198150634766,11.023888888888889
1555,155.5,148.0753500797202,472.8740649402739,196.705780770234,577.9300581135251,0.3440652967817442,24584.68061791685,1,0,13.915218353271484,11.131944444444445
1556,155.6,148.37105721917897,473.9427320517224,197.1786300494474,579.2496958922027,0.3440652967817442,24788.373973116013,1,0,14.120689392089844,11.133055555555556
1557,155.7,148.66004374181318,475.05592696079947,197.63127919396754,580.5129587073402,0.3440652967817442,24973.153134361834,1,0,12.717523574829102,11.41
1558,155.8,148.9557508812719,476.1691218682945,198.05442013837828,581.693869412922,0.3440652967817442,25153.73032120287,1,0,12.371106147766113,11.41111111111111
1559,155.9,149.2581786375254,477.28231677578964,198.47421617747946,582.8654450859541,0.3440652967817442,25336.91534055811,1,0,12.51919937133789,11.57
1560,156.0,149.5606063937788,478.4066436332851,198.89926143294903,584.0516703831532,0.3440652967817442,25523.298257057264,1,0,12.682339668273926,11.551111111111112
1561,156.1,149.8630341500024,479.51983854078026,199.32367643245516,585.2361367486671,0.3440652967817442,25707.83951077733,1,0,12.481830596923828,11.591111111111111
1562,156.2,150.17218252306546,480.65529734748515,199.74093825839347,586.4006398859548,0.3440652967817442,25889.953736769843,1,0,12.258217811584473,11.67
1563,156.3,150.48133089615834,481.7907561533991,200.15430145322122,587.5542626410048,0.3440652967817442,26072.565359532284,1,0,12.250675201416016,11.735000000000001
1564,156.4,150.79047926922138,482.926214959313,200.5661171882252,588.7035667124188,0.3440652967817442,26254.792182649315,1,0,12.16646671295166,11.76388888888889
1565,156.5,151.09962764228447,484.06167376522694,200.98878992824524,589.8831707432752,0.3440652967817442,26447.97709560097,1,0,12.894402503967285,11.786111111111111
1566,156.6,151.41549663215713,485.21939646955974,201.42614918919514,591.1037622276572,0.3440652967817442,26644.689341424397,1,0,13.037251472473145,11.976111111111111
1567,156.7,151.72464500520525,486.3771191738925,201.8691148394392,592.3400001419689,0.3440652967817442,26845.13878702518,1,0,13.226813316345215,12.008888888888889
1568,156.8,152.0270727614736,487.5459738266437,202.32174275238862,593.6032037035894,0.3440652967817442,27052.25693818492,1,0,13.610140800476074,12.08611111111111
1569,156.9,152.34966236814094,488.7148284801859,202.7887600568677,594.9065654837152,0.3440652967817442,27267.557887665385,1,0,14.079980850219727,12.076944444444443
1570,157.0,152.658810741204,489.88368313372814,203.26719714775075,596.2417978454948,0.3440652967817442,27487.166164714665,1,0,14.287236213684082,12.126111111111111
1571,157.1,152.96795911426705,491.0525377872703,203.7539792110447,597.6003195329424,0.3440652967817442,27712.30246450291,1,0,14.574766159057617,12.126111111111111
1572,157.2,153.27038687052053,492.2325243892309,204.23679082583118,598.9477604086406,0.3440652967817442,27930.510173945873,1,0,14.051822662353516,12.11
1573,157.3,153.57953524358356,493.3902470935637,204.70481079124323,600.2539204361246,0.3440652967817442,28144.375502788545,1,0,13.697748184204102,12.03111111111111
1574,157.399,153.87524238302737,494.5924975939432,205.15898942611832,601.5214517853243,0.3440652967817442,28354.066644546154,1,0,13.503159523010254,12.356944444444444
1575,157.5,154.17094952248613,495.77248419669473,205.63189875030506,602.8412571387847,0.3440652967817442,28580.53686996575,1,0,14.258689880371094,12.168055555555554
1576,157.601,154.4800978955492,496.9190749518182,206.13210451752897,604.2372419833407,0.3440652967817442,28821.875251481597,1,0,15.10558032989502,11.935
1577,157.7,154.7556431845791,498.14358934982545,206.64426596195608,605.6665929849378,0.3440652967817442,29067.110195916375,1,0,15.567936897277832,12.40388888888889
1578,157.8,155.03790909041862,499.323575952577,207.18380120857904,607.1723393732082,0.3440652967817442,29330.09489303158,1,0,16.421876907348633,12.239999999999998
1579,157.9,155.32017499625815,500.5369584029569,207.74585219830098,608.7409231739789,0.3440652967817442,29602.111712492184,1,0,16.90292739868164,12.386944444444445
1580,158.0,155.60916151889234,501.7503408525458,208.31633395528144,610.3330357384946,0.3440652967817442,29875.490251375046,1,0,16.921749114990234,12.451944444444443
1581,158.1,155.88470680793722,502.9525913529252,208.89021964777203,611.9346480782934,0.3440652967817442,30153.579426966404,1,0,17.104751586914062,12.363055555555555
1582,158.2,156.1602520969671,504.17710575172356,209.4594598082251,613.5232955689357,0.3440652967817442,30425.09039940171,1,0,16.64630889892578,12.493055555555555
1583,158.3,156.43579738599703,505.379356252103,210.0143179921138,615.0718055349149,0.3440652967817442,30691.842262549497,1,0,16.252023696899414,12.28888888888889
1584,158.4,156.69790144142266,506.6038706509013,210.54576450886742,616.554977724627,0.3440652967817442,30943.61541096545,1,0,15.258197784423828,12.50111111111111
1585,158.5,156.96000549684828,507.8172531004902,211.0567705720642,617.981104263827,0.3440652967817442,31193.46656694709,1,0,15.040080070495605,12.413888888888888
1586,158.6,157.22210955225896,509.0528994484979,211.55469197201282,619.3707138478308,0.3440652967817442,31435.41465967761,1,0,14.482389450073242,12.54888888888889
1587,158.7,157.47077237408027,510.2662818980868,212.0367216216115,620.7159723985286,0.3440652967817442,31672.181253624847,1,0,14.097835540771484,12.353055555555555
1588,158.8,157.7261558126963,511.5019282460945,212.5019486221333,622.0143377604697,0.3440652967817442,31900.082083955032,1,0,13.486136436462402,12.668055555555554
1589,158.9,157.97481863448775,512.7375745925202,212.93991822640672,623.2366326039199,0.3440652967817442,32112.856052053685,1,0,12.481705665588379,12.55111111111111
1590,159.0,158.21676083949947,513.9620889921096,213.37344359645246,624.4465243844029,0.3440652967817442,32336.78929200845,1,0,13.222631454467773,12.51611111111111
1591,159.1,158.46542366132078,515.2088672893267,213.82434441762118,625.7049079417193,0.3440652967817442,32567.273108364618,1,0,13.511920928955078,12.556944444444444
1592,159.2,158.69392463271328,516.4222497397064,214.27235168129056,626.9552160975097,0.3440652967817442,32791.74575064046,1,0,13.051068305969238,12.418055555555554
1593,159.3,158.91570498729615,517.6467641377138,214.70630063725918,628.1662900305536,0.3440652967817442,33010.78029856444,1,0,12.678383827209473,12.443888888888889
1594,159.399,159.13076472508433,518.8824104857216,215.12771961650932,629.3423950393111,0.3440652967817442,33226.15815877602,1,0,12.560537338256836,12.466944444444444
1595,159.5,159.3458244628576,520.1180568329382,215.56035119725723,630.5497924137001,0.3440652967817442,33450.97137495198,1,0,12.836832046508789,12.59611111111111
1596,159.6,159.56088420064577,521.3425712317367,215.985947717596,631.7375561925666,0.3440652967817442,33668.00924328452,1,0,12.397392272949219,12.438055555555556
1597,159.7,159.76922332162434,522.5670856305348,216.40225217661924,632.8993874900002,0.3440652967817442,33883.46342369786,1,0,12.285892486572266,12.44
1598,159.8,159.9708418257933,523.7804680793329,216.8156893120009,634.0532165999134,0.3440652967817442,34098.65114490379,1,0,12.227384567260742,12.32388888888889
1599,159.9,160.17918094677185,524.9938505297126,217.224142609565,635.1931367097372,0.3440652967817442,34310.876659424415,1,0,11.99039363861084,12.32611111111111
1600,159.999,160.36063760052687,526.21836492772,217.6256625644415,636.3137071000092,0.3440652967817442,34522.34514639994,1,0,12.056768417358398,12.368888888888888
1601,160.1,160.55553548788623,527.4428793273092,218.0390950599206,637.4675232607841,0.3440652967817442,34741.52036244736,1,0,12.213530540466309,12.445
1602,160.2,160.7369921416413,528.6451298276887,218.46643443487284,638.6601510352021,0.3440652967817442,34974.29032806696,1,0,13.124030113220215,12.23611111111111
1603,160.3,160.93189002900064,529.8362483796498,218.92185618127672,639.9311516863731,0.3440652967817442,35222.07774399939,1,0,13.87857437133789,12.118888888888888
1604,160.4,161.1133466827557,531.0496308292386,219.37809743414581,641.2044394335361,0.3440652967817442,35460.16422682849,1,0,13.172619819641113,12.213055555555554
1605,160.5,161.29480333651074,532.2518813288272,219.8333653159991,642.4750106762618,0.3440652967817442,35709.140111743975,1,0,13.82086181640625,12.18888888888889
1606,160.6,161.4762599902658,533.4875276776258,220.30071137205115,643.7792899432372,0.3440652967817442,35961.19611367258,1,0,13.888751983642578,12.319999999999999
1607,160.7,161.6442754104016,534.7009101272147,220.7693110719386,645.0870679059682,0.3440652967817442,36214.535408628195,1,0,13.89519214630127,12.296111111111113
1608,160.8,161.81901144734707,535.9031606275942,221.23038657655798,646.3738471852572,0.3440652967817442,36461.32653694682,1,0,13.442631721496582,12.171111111111111
1609,160.9,161.9803062506882,537.1054111279736,221.68844890307764,647.6522172233165,0.3440652967817442,36713.20019060286,1,0,13.716536521911621,12.163888888888888
1610,161.0,162.15504228764854,538.2965296799347,222.15064528987642,648.942124684321,0.3440652967817442,36966.03232826454,1,0,13.687746047973633,12.04111111111111
1611,161.102,162.3230577077844,539.5099121295235,222.61963189107087,650.2509824194102,0.3440652967817442,37223.02775574312,1,0,13.573904991149902,12.191944444444445
1612,161.2,162.48435251111056,540.7232945791123,223.0700058974543,651.507895730871,0.3440652967817442,37472.50205739909,1,0,13.67437744140625,12.274999999999999
1613,161.3,162.63892669764212,541.9144131310734,223.52552439226622,652.7791663895473,0.3440652967817442,37722.44908869517,1,0,13.333963394165039,12.098055555555554
1614,161.4,162.79350088417365,543.1389275298717,223.97693229411846,654.0389651183701,0.3440652967817442,37974.553291318516,1,0,13.430654525756836,12.266111111111112
1615,161.5,162.95479568751477,544.3411780294603,224.43028216089886,655.304183524026,0.3440652967817442,38228.16927372307,1,0,13.449105262756348,12.14111111111111
1616,161.6,163.09592864042708,545.5434285306306,224.88654120325077,656.5775209184543,0.3440652967817442,38485.51682229924,1,0,13.603143692016602,12.169999999999998
1617,161.7,163.25722344376825,546.767942929429,225.34753737900078,657.8640788050553,0.3440652967817442,38746.38243488677,1,0,13.729976654052734,12.308888888888887
1618,161.8,163.41179763029973,547.9813253790178,225.8080307364661,659.1492334157427,0.3440652967817442,39005.802835548035,1,0,13.573330879211426,12.261944444444444
1619,161.9,163.573092433626,549.1947078286067,226.26642652732409,660.4285340931369,0.3440652967817442,39266.61252874944,1,0,13.605608940124512,12.303888888888888
1620,162.0,163.72766662017239,550.4080902781956,226.7231783029647,661.7032466180585,0.3440652967817442,39526.283896835055,1,0,13.475854873657227,12.291111111111112
1621,162.1,163.8956820403082,551.6214727277844,227.17491014711746,662.9639494119116,0.3440652967817442,39783.869005820554,1,0,13.30797004699707,12.189999999999998
1622,162.2,164.0704180772537,552.8348551773734,227.62081247746798,664.2083830752341,0.3440652967817442,40039.097405701425,1,0,13.13021469116211,12.33611111111111
1623,162.3,164.2384334974044,554.0482376269622,228.06193350631938,665.4394729811124,0.3440652967817442,40293.15878941453,1,0,13.024479866027832,12.171111111111111
1624,162.4,164.40644891755517,555.2727520257605,228.50013619142084,666.6624183114719,0.3440652967817442,40546.83181462541,1,0,12.957181930541992,12.341944444444444
1625,162.5,164.58118495448568,556.4861344753494,228.93550798432597,667.8774631279598,0.3440652967817442,40799.603143296576,1,0,12.856632232666016,12.413888888888888
1626,162.6,164.75592099144603,557.7106488749387,229.3518257291655,669.0393315037308,0.3440652967817442,41035.555365253625,1,0,11.82744026184082,12.33611111111111
1627,162.699,164.93737764518616,558.9240313229457,229.74897071717095,670.1476921438406,0.3440652967817442,41269.565158980346,1,0,11.957703590393066,12.253055555555555
1628,162.799,165.1188342989412,560.1485457225349,230.13947291460548,671.2375139433968,0.3440652967817442,41494.40136984185,1,0,11.195728302001953,12.378055555555557
1629,162.899,165.30029095269623,561.339664273705,230.51487007181225,672.2851802769109,0.3440652967817442,41715.467304346595,1,0,11.062104225158691,12.195
1630,163.0,165.48846822326092,562.5641786725032,230.88170729242216,673.3089573581559,0.3440652967817442,41929.35601677546,1,0,10.472847938537598,12.346944444444443
1631,163.101,165.67664549382556,563.7886930705106,231.24450588190834,674.3214633421628,0.3440652967817442,42147.530300963466,1,0,10.825018882751465,12.38888888888889
1632,163.2,165.8648227643753,565.0132074700998,231.59925474569022,675.311503981261,0.3440652967817442,42356.80670430275,1,0,10.42100715637207,12.443055555555556
1633,163.3,166.0597206517496,566.2377218688981,231.95192754352996,676.2957506915774,0.3440652967817442,42568.49721926952,1,0,10.489465713500977,12.281111111111112
1634,163.4,166.2411773054897,567.4511043184871,232.3121422778671,677.301045597934,0.3440652967817442,42787.32589314072,1,0,10.868179321289062,12.33611111111111
1635,163.5,166.436075192864,568.6978826157042,232.69114550478912,678.3587758271501,0.3440652967817442,43020.616330112935,1,0,11.603462219238281,12.511944444444444
1636,163.6,166.63097308022333,569.9223970137115,233.09405778056203,679.4832319360553,0.3440652967817442,43268.98393890552,1,0,12.285780906677246,12.536111111111111
1637,163.7,166.80570911716876,571.1469114125098,233.51028599894454,680.6448504594947,0.3440652967817442,43522.16593410196,1,0,12.392983436584473,12.273055555555555
1638,163.8,166.99388638773343,572.371425812099,233.93751472846068,681.8371694422874,0.3440652967817442,43786.27349743144,1,0,12.938016891479492,12.376111111111111
1639,163.9,167.17534304148847,573.6182041085251,234.37322582438617,683.0531611928275,0.3440652967817442,44052.03856855,1,0,12.895915031433105,12.51611111111111
1640,164.0,167.34335846162432,574.831586558114,234.80915973921378,684.2697747910767,0.3440652967817442,44319.69896852814,1,0,12.951228141784668,12.353055555555555
1641,164.1,167.52481511537934,576.0561009569124,235.24622534502066,685.4895467364688,0.3440652967817442,44588.720510740226,1,0,12.963014602661133,12.35
1642,164.2,167.69955115232477,577.2806153557107,235.68851505925494,686.7238982342549,0.3440652967817442,44864.23428955781,1,0,13.26097297668457,12.34388888888889
1643,164.3,167.86756657247554,578.505129754509,236.14203379744626,687.9895879298193,0.3440652967817442,45148.354276245125,1,0,13.628799438476562,12.358888888888888
1644,164.4,168.04230260942097,579.7185122040978,236.6034835567551,689.2774116870188,0.3440652967817442,45436.3456187446,1,0,13.73121452331543,12.268055555555556
1645,164.5,168.2170386463664,580.9207627044773,237.0679810598042,690.5737411519696,0.3440652967817442,45727.17411626346,1,0,13.809504508972168,12.168055555555554
1646,164.6,168.3783334496926,582.1564090524851,237.534802310028,691.8765557797293,0.3440652967817442,46020.45237925995,1,0,13.868992805480957,12.465
1647,164.7,168.5530694866679,583.3920553997018,238.00400226824283,693.1860089561078,0.3440652967817442,46316.57786175068,1,0,13.950541496276855,12.51888888888889
1648,164.8,168.72780552359842,584.6054378500817,238.47751800968186,694.5075067116738,0.3440652967817442,46617.402244175915,1,0,14.124881744384766,12.311944444444444
1649,164.9,168.9025415605588,585.829952248089,238.95743921953556,695.8468809840957,0.3440652967817442,46923.774270172,1,0,14.330330848693848,12.351944444444444
1650,165.0,169.08399821431385,587.0544666468872,239.45226706702135,697.2278570163957,0.3440652967817442,47245.15381751882,1,0,15.00871753692627,12.325
1651,165.101,169.25873425124433,588.2678490964761,239.97532564911967,698.6876199804987,0.3440652967817442,47586.27104739186,1,0,15.697113037109375,12.36111111111111
1652,165.199,169.44019090499938,589.4923634952745,240.49081817227832,700.1262674271388,0.3440652967817442,47915.521127788095,1,0,15.490934371948242,12.346944444444443
1653,165.3,169.62836817556405,590.7168778948637,241.02228808638387,701.609504914676,0.3440652967817442,48260.59969482466,1,0,15.708678245544434,12.44611111111111
1654,165.4,169.80310421250948,591.9525242420804,241.5541299446372,703.0937804318149,0.3440652967817442,48606.46848098442,1,0,15.824983596801758,12.455
1655,165.5,169.99128148305923,593.1993025392976,242.0917437180146,704.5941643318739,0.3440652967817442,48958.70914109654,1,0,16.0509033203125,12.508055555555556
1656,165.6,170.1727381368292,594.4238169373049,242.63824052327845,706.1193391853759,0.3440652967817442,49319.102656802475,1,0,16.35167121887207,12.42
1657,165.7,170.35419479058424,595.670595234522,243.16944030344368,707.6018227773937,0.3440652967817442,49656.32585883679,1,0,15.1439208984375,12.54611111111111
1658,165.8,170.52893082752965,596.9285054801576,243.6929543514727,709.0628568654583,0.3440652967817442,50009.001840751545,1,0,15.895973205566406,12.656944444444443
1659,165.9,170.72382871490396,598.1641518281654,244.2028091970789,710.4857705622351,0.3440652967817442,50332.27562324463,1,0,14.334047317504883,12.583055555555555
1660,166.0,170.91200598543873,599.399798176173,244.68996984179924,711.845348802742,0.3440652967817442,50658.47660128198,1,0,14.55040168762207,12.48611111111111
1661,166.102,171.0800214055895,600.6577084218086,245.1762691657623,713.2025232510454,0.3440652967817442,50976.17094023905,1,0,13.717617988586426,12.643055555555556
1662,166.199,171.27491929294885,601.9044867190257,245.61983228640335,714.4404285983895,0.3440652967817442,51271.08159897356,1,0,13.395257949829102,12.618055555555554
1663,166.299,171.46309656351352,603.1512650154519,246.0637478242591,715.6793174791571,0.3440652967817442,51566.223409385944,1,0,12.925127029418945,12.64611111111111
1664,166.4,171.65127383406326,604.3980433126691,246.49615772070715,716.886096172309,0.3440652967817442,51854.87274004269,1,0,12.459228515625,12.613055555555555
1665,166.499,171.8394511046279,605.6448216098861,246.90918240564227,718.0387742067844,0.3440652967817442,52133.69455309965,1,0,12.276955604553223,12.541111111111112
1666,166.599,172.03434899198726,606.8915999063123,247.3170028093811,719.1769280231223,0.3440652967817442,52408.52397281225,1,0,11.903297424316406,12.56
1667,166.7,172.2292468793615,608.1383782043205,247.73236601818172,720.3361324595082,0.3440652967817442,52696.66664890745,1,0,12.480342864990234,12.64611111111111
1668,166.8,172.42414476673582,609.3740245515371,248.159180715982,721.5272959538231,0.3440652967817442,52991.89798638321,1,0,12.826108932495117,12.526111111111112
1669,166.9,172.62576327090477,610.609670898754,248.59260211566874,722.7368975716271,0.3440652967817442,53290.28627845224,1,0,12.872063636779785,12.528888888888888
1670,167.0,172.8206611582641,611.8341852975522,249.0225553865126,723.9368202620358,0.3440652967817442,53584.93572921869,1,0,12.620478630065918,12.445
1671,167.1,173.02227966243308,613.0809635947693,249.44350312574014,725.111610124162,0.3440652967817442,53874.193335661985,1,0,12.338112831115723,12.54888888888889
1672,167.2,173.22389816660203,614.3166099427771,249.8532514204492,726.2551443394332,0.3440652967817442,54155.974868499856,1,0,11.95644760131836,12.536111111111111
1673,167.3,173.42551667077097,615.5522562899938,250.25969997519059,727.3894695705468,0.3440652967817442,54440.752293139296,1,0,12.14246654510498,12.41611111111111
1674,167.4,173.63385579174954,616.7879026372105,250.6607023585749,728.5085955113414,0.3440652967817442,54717.39591431139,1,0,11.633536338806152,12.584999999999999
1675,167.5,173.84219491272813,618.0235489860092,251.05680557307278,729.614048747892,0.3440652967817442,54996.98261628242,1,0,11.851987838745117,12.53
1676,167.599,174.05053403370673,619.2480633848076,251.45581425244262,730.727610617316,0.3440652967817442,55279.30294508777,1,0,12.04477310180664,12.446944444444444
1677,167.7,174.26559377147998,620.4614458343964,251.86993839448968,731.8833570399751,0.3440652967817442,55573.43164684896,1,0,12.266128540039062,12.358888888888888
1678,167.8,174.48065350926817,621.7082241308226,252.2839097129767,733.0386769594074,0.3440652967817442,55866.77908676508,1,0,12.278820991516113,12.59388888888889
1679,167.9,174.6889926302318,622.9216065804114,252.70422377023732,734.2116983284853,0.3440652967817442,56168.37821627963,1,0,12.64219856262207,12.31611111111111
1680,168.0,174.90405236802,624.1461209792097,253.12898535905288,735.3971319627813,0.3440652967817442,56470.43198921532,1,0,12.542521476745605,12.391944444444443
1681,168.1,175.1258327226178,625.3595034287986,253.55308965382122,736.5807312069353,0.3440652967817442,56774.32690873837,1,0,12.603226661682129,12.426111111111112
1682,168.2,175.34089246039105,626.5728858783875,253.9783762897329,737.7676301537823,0.3440652967817442,57079.66896185429,1,0,12.612624168395996,12.321944444444444
1683,168.3,175.56267281498884,627.7751363795579,254.40157206628376,738.9486938860616,0.3440652967817442,57383.3794948255,1,0,12.479256629943848,12.238888888888889
1684,168.4,175.7844531695717,628.9773868791464,254.8268055267612,740.135444429781,0.3440652967817442,57692.71233217055,1,0,12.733441352844238,12.251111111111111
1685,168.5,176.0062335241546,630.1907693295263,255.25922045348307,741.3422371615276,0.3440652967817442,58007.614568478224,1,0,12.90505599975586,12.31
1686,168.6,176.2280138787374,631.3818878806962,255.69660569093818,742.5629011416903,0.3440652967817442,58326.79403984421,1,0,13.028138160705566,12.168055555555554
1687,168.7,176.44307361654054,632.5841383818668,256.13679368875825,743.7913871248142,0.3440652967817442,58648.432982401566,1,0,13.071235656738281,12.139999999999997
1688,168.8,176.65141273750422,633.7863888822462,256.57689355947497,745.0196271609522,0.3440652967817442,58970.33795128602,1,0,13.022912979125977,12.21111111111111
1689,168.9,176.8664724752924,634.9552435357884,257.01907280520277,746.2536703608918,0.3440652967817442,59296.740037806325,1,0,13.194524765014648,11.96888888888889
1690,169.0,177.08153221306566,636.1463620869584,257.46190887852663,747.4895466491914,0.3440652967817442,59622.14852022168,1,0,13.061857223510742,12.118055555555555
1691,169.1,177.2898713340442,637.348612588129,257.9055430980688,748.7276504208539,0.3440652967817442,59951.94128388954,1,0,13.24184799194336,12.11
1692,169.2,177.5116516886271,638.5174672408801,258.35399193015803,749.9791909151386,0.3440652967817442,60285.79861626536,1,0,13.347322463989258,11.971944444444443
1693,169.3,177.71999080960566,639.7085857920501,258.8057124508065,751.239862107116,0.3440652967817442,60623.099753717215,1,0,13.435831069946289,12.068055555555555
1694,169.4,177.92832993058423,640.8885723955927,259.2703846961174,752.5366792464703,0.3440652967817442,60976.577510378746,1,0,14.115248680114746,11.958055555555555
1695,169.5,178.1433896683724,642.0796909459718,259.73919497458473,753.8450448963599,0.3440652967817442,61324.31992653901,1,0,13.681180953979492,12.081944444444444
1696,169.6,178.35172878935097,643.2596775487234,260.19449576537284,755.1157079820376,0.3440652967817442,61663.88600622554,1,0,13.314251899719238,12.023888888888889
1697,169.7,178.56678852712423,644.439664150684,260.645316356939,756.3738676328808,0.3440652967817442,62005.41091314124,1,0,13.415543556213379,11.931111111111111
1698,169.799,178.7818482649124,645.6196507534356,261.08904678187577,757.6122398965953,0.3440652967817442,62339.60588338933,1,0,13.15961742401123,12.016944444444444
1699,169.9,178.99690800268567,646.8107693046057,261.53601967654805,758.8596613134908,0.3440652967817442,62678.98039648541,1,0,13.079649925231934,12.058055555555555
1700,170.0,179.20524712366426,647.9907559065664,261.97797603903564,760.0930824861651,0.3440652967817442,63016.755101657836,1,0,13.12457275390625,12.008888888888889
1701,170.1,179.42030686145245,649.1818744585273,262.42204962341793,761.3324124465249,0.3440652967817442,63357.59485639845,1,0,13.205183029174805,12.063055555555556
1702,170.2,179.6353665992257,650.3841249596978,262.862143977143,762.560637085726,0.3440652967817442,63693.09625708803,1,0,12.888638496398926,12.168055555555554
1703,170.3,179.83026448659996,651.5752435108678,263.29407139804636,763.7660692759138,0.3440652967817442,64024.75579765855,1,0,12.720953941345215,12.135000000000002
1704,170.4,180.03860360757852,652.7774940112473,263.7202467682119,764.9554485211311,0.3440652967817442,64353.03519606484,1,0,12.547591209411621,12.133888888888889
1705,170.5,180.25366334535178,653.9686125632084,264.1463993948614,766.1447642932624,0.3440652967817442,64685.25630159879,1,0,12.719605445861816,12.056944444444444
1706,170.6,180.4687230831698,655.1597311143785,264.57211680647777,767.3328654580656,0.3440652967817442,65015.094378368514,1,0,12.5217866897583,12.071944444444444
1707,170.7,180.66362097049935,656.3619816155489,264.9995189110711,768.5256682996941,0.3440652967817442,65351.483338540995,1,0,12.819493293762207,12.169999999999998
1708,170.8,180.8585188578736,657.5864960143471,265.4351611652367,769.7414679251933,0.3440652967817442,65694.51320484414,1,0,13.010356903076172,12.308888888888887
1709,170.9,181.05341674523294,658.7776145655172,265.870840445975,770.9573708852354,0.3440652967817442,66035.41108855442,1,0,12.821688652038574,12.11
1710,171.0,181.24831463259227,659.9798650658965,266.3008526022589,772.1574579143768,0.3440652967817442,66373.33968482667,1,0,12.674345016479492,12.151944444444444
1711,171.1,181.44321251996652,661.1821155670671,266.7290992408359,773.3526176993257,0.3440652967817442,66712.58556984155,1,0,12.717008590698242,12.15611111111111
1712,171.2,181.63138979053122,662.395498015865,267.1530372859708,774.5357529704831,0.3440652967817442,67046.62294776463,1,0,12.418882369995117,12.216944444444444
1713,171.299,181.81284644428627,663.5977485162445,267.57020913363795,775.7000049945067,0.3440652967817442,67380.08308468085,1,0,12.56567668914795,12.181944444444444
1714,171.4,181.99430309804129,664.7888670689964,267.9984841451533,776.8952439632527,0.3440652967817442,67722.3040789497,1,0,12.575942993164062,12.106111111111112
1715,171.5,182.17575975178144,665.9799856193755,268.42265761945663,778.0790362751175,0.3440652967817442,68062.21121048646,1,0,12.573906898498535,12.114999999999998
1716,171.6,182.3572164055365,667.182236119755,268.8442280710061,779.2555640159746,0.3440652967817442,68399.83197605344,1,0,12.421606063842773,12.121944444444445
1717,171.7,182.5386730592915,668.373354671716,269.26298845981705,780.4242493742519,0.3440652967817442,68737.41492114548,1,0,12.407294273376465,12.02111111111111
1718,171.8,182.713409096237,669.564473222886,269.6835720132667,781.5980228589995,0.3440652967817442,69078.66598303267,1,0,12.529704093933105,12.026944444444442
1719,171.9,182.89486574999202,670.7444598256376,270.1043861383587,782.7724398279674,0.3440652967817442,69419.20317075489,1,0,12.420965194702148,12.031944444444443
1720,172.0,183.06960178693745,671.9355783775987,270.5225036126863,783.9393309268942,0.3440652967817442,69759.09818844385,1,0,12.369815826416016,11.993055555555555
1721,172.1,183.24433782388292,673.1266969287686,270.9432056125659,785.1134349744458,0.3440652967817442,70104.3071643412,1,0,12.57420539855957,11.996111111111112
1722,172.2,183.41235324403365,674.3066835307294,271.3695647162418,786.3033269870335,0.3440652967817442,70454.58891998287,1,0,12.705233573913574,11.961944444444445
1723,172.3,183.58036866416947,675.4755381842715,271.7953016866387,787.4914827368956,0.3440652967817442,70802.87576165455,1,0,12.537318229675293,11.92111111111111
1724,172.4,183.74166346751062,676.6555247870232,272.2199619590416,788.6766336152021,0.3440652967817442,71153.70716974304,1,0,12.64139461517334,11.92111111111111
1725,172.5,183.90967888764646,677.8355113897748,272.65914171459923,789.9023057744754,0.3440652967817442,71523.43893883652,1,0,13.398199081420898,11.896944444444442
1726,172.6,184.07769430779717,679.0154979917354,273.1162708009889,791.178071306223,0.3440652967817442,71905.28938261989,1,0,13.705636024475098,11.853055555555557
1727,172.7,184.23898911112337,680.2177484921149,273.57900698439175,792.4694852430177,0.3440652967817442,72290.43305475429,1,0,13.73065185546875,12.096944444444444
1728,172.8,184.41372514806883,681.3866031456571,274.044581925323,793.7688216444192,0.3440652967817442,72680.35687609935,1,0,13.873950004577637,11.851944444444445
1729,172.9,184.57501995140996,682.577721697618,274.50559177291785,795.0554176866943,0.3440652967817442,73062.52341613924,1,0,13.459980964660645,11.961944444444445
1730,173.0,184.74303537156072,683.7577082995788,274.9627100183387,796.331152963237,0.3440652967817442,73448.31907246515,1,0,13.643211364746094,11.883055555555556
1731,173.1,184.8976095580773,684.9265629523298,275.4218229537554,797.6124550628474,0.3440652967817442,73834.73744125733,1,0,13.578248977661133,11.896944444444442
1732,173.2,185.04546312781414,686.117681504291,275.88826460922786,798.914210309539,0.3440652967817442,74234.00410424633,1,0,14.077741622924805,11.928055555555556
1733,173.3,185.2000373143457,687.308800055461,276.3717307193546,800.2634777646887,0.3440652967817442,74649.2946771374,1,0,14.587653160095215,11.981944444444444
1734,173.4,185.36133211767188,688.4887866582126,276.85731382619264,801.6186533790769,0.3440652967817442,75058.91353715249,1,0,14.203261375427246,11.936944444444444
1735,173.5,185.52262692101303,689.6687732601732,277.3431307215777,802.9744814554917,0.3440652967817442,75477.98545784636,1,0,14.60151481628418,11.848055555555556
1736,173.6,185.68392172433926,690.8487598629248,277.8326805613983,804.3407275122638,0.3440652967817442,75895.92696675862,1,0,14.424592971801758,11.905
1737,173.7,185.8452165276804,692.0287464648854,278.3228367394961,805.7086657507361,0.3440652967817442,76319.79186261083,1,0,14.637465476989746,11.953888888888889
1738,173.8,186.00651133103642,693.208733067637,278.8168281435136,807.0873074188972,0.3440652967817442,76746.42798716374,1,0,14.651988983154297,11.863888888888889
1739,173.9,186.1678061343925,694.3887196703887,279.3111946868693,808.4669960338651,0.3440652967817442,77174.81516119005,1,0,14.659708023071289,11.94888888888889
1740,173.999,186.33582155449847,695.5687062723492,279.79829027146195,809.8263927031903,0.3440652967817442,77596.79767265295,1,0,14.512606620788574,11.910000000000002
1741,174.099,186.49711635782467,696.7598248235194,280.29570143816045,811.214578317438,0.3440652967817442,78035.55896328077,1,0,14.979610443115234,11.954999999999998
1742,174.2,186.66513177797543,697.9398114270618,280.80291193215174,812.6301121017468,0.3440652967817442,78477.68567615669,1,0,14.795867919921875,11.931944444444444
1743,174.3,186.8331471981262,699.1197980290226,281.310868578818,814.047728264737,0.3440652967817442,78929.5099839431,1,0,15.321605682373047,11.969999999999999
1744,174.399,187.00116261826201,700.3109165801926,281.8221772943576,815.4746994525026,0.3440652967817442,79380.0829583372,1,0,15.300841331481934,12.021944444444445
1745,174.5,187.17589865520745,701.5131670805721,282.3428329914961,816.9277563943906,0.3440652967817442,79840.38920840868,1,0,15.26392936706543,12.08
1746,174.6,187.3439140753582,702.704285632533,282.85894368728077,818.3681290502823,0.3440652967817442,80299.51064789295,1,0,15.33700942993164,12.095
1747,174.7,187.53209134590793,703.8954041837031,283.37505948185935,819.8085159359958,0.3440652967817442,80758.71459982378,1,0,15.26423168182373,12.093055555555555
1748,174.8,187.7001067660587,705.0976546840826,283.9002266006924,821.274163449056,0.3440652967817442,81235.14858960723,1,0,15.873675346374512,12.093888888888888
1749,174.9,187.88156341981374,706.299905185253,284.42405127303647,822.7360644340349,0.3440652967817442,81697.81467072475,1,0,15.184636116027832,12.118055555555555
1750,175.0,188.07646130717308,707.5244195832604,284.93525231282547,824.1627351180362,0.3440652967817442,82157.76531097552,1,0,15.125202178955078,12.293055555555556
1751,175.1,188.2579179609132,708.7266700844308,285.43251984473034,825.5505198732611,0.3440652967817442,82599.38263913791,1,0,14.358498573303223,12.218055555555555
1752,175.2,188.43265399788848,709.9400525340197,285.919873165956,826.9106358394382,0.3440652967817442,83043.42037267004,1,0,14.537374496459961,12.233888888888888
1753,175.3,188.61411065162864,711.1645669328179,286.40306852530097,828.2591476775742,0.3440652967817442,83478.99059018178,1,0,14.111967086791992,12.338888888888889
1754,175.4,188.79556730538366,712.3779493831978,286.86822834076855,829.5573255380436,0.3440652967817442,83897.58626352916,1,0,13.468021392822266,12.301944444444445
1755,175.5,188.97702395913873,713.6024637812052,287.3024089942961,830.76904609754,0.3440652967817442,84284.57872661068,1,0,12.275168418884277,12.35611111111111
1756,175.6,189.15175999608414,714.815846230794,287.71020585029277,831.9071341963405,0.3440652967817442,84656.30610163351,1,0,11.903688430786133,12.358888888888888
1757,175.7,189.3332166498392,716.0403606295923,288.11452248188493,833.0355096111964,0.3440652967817442,85030.50370997956,1,0,12.06882095336914,12.31611111111111
1758,175.801,189.51467330359424,717.2537430791812,288.5315680935481,834.1994093331077,0.3440652967817442,85419.09129774028,1,0,12.413583755493164,12.268055555555556
1759,175.9,189.70285057414398,718.4671255287701,288.94716013718437,835.3592524065974,0.3440652967817442,85804.93305937131,1,0,12.476360321044922,12.344999999999999
1760,176.0,189.88430722789903,719.6916399275684,289.3682367616976,836.5344019645074,0.3440652967817442,86196.53064112675,1,0,12.489872932434082,12.298055555555557
1761,176.101,190.07248449847862,720.8938904279479,289.789998485091,837.711463510876,0.3440652967817442,86587.8161370162,1,0,12.269388198852539,12.245
1762,176.2,190.25394115223364,722.1072728775367,290.1966294151655,838.8462977189301,0.3440652967817442,86966.41669863506,1,0,12.083871841430664,12.274999999999999
1763,176.299,190.4353978059738,723.3206553271256,290.59962716699084,839.970992376212,0.3440652967817442,87344.01775163756,1,0,12.051795959472656,12.285000000000002
1764,176.4,190.61685445972884,724.5340377775055,291.00517620746984,841.1028072238795,0.3440652967817442,87722.80820347258,1,0,11.755709648132324,12.198055555555554
1765,176.5,190.7983111134839,725.7585521755128,291.4057711055393,842.2207959460309,0.3440652967817442,88102.57689176031,1,0,11.996132850646973,12.37111111111111
1766,176.6,190.97976776723894,726.9608026758923,291.8078361451286,843.3428875702588,0.3440652967817442,88481.36552275228,1,0,11.842876434326172,12.181944444444444
1767,176.7,191.16122442097904,728.1630531770627,292.21483768578304,844.4787560861654,0.3440652967817442,88871.07671210375,1,0,12.288825035095215,12.166944444444445
1768,176.8,191.34268107473412,729.3653036774422,292.63089915591195,845.6399092450487,0.3440652967817442,89267.34887799343,1,0,12.38005256652832,12.14111111111111
1769,176.9,191.52413772848917,730.5675541778216,293.04602375080844,846.7984477526996,0.3440652967817442,89661.70512101459,1,0,12.2332763671875,12.173055555555555
1770,177.0,191.69887376543457,731.7475407805732,293.4577410324449,847.9474770583714,0.3440652967817442,90054.73741868032,1,0,12.178028106689453,12.021944444444445
1771,177.1,191.87360980239495,732.9497912809527,293.8711869821452,849.1013307674718,0.3440652967817442,90452.40886291912,1,0,12.335771560668945,12.103888888888887
1772,177.2,192.05506645613508,734.1297778829133,294.2856510660899,850.2580259071752,0.3440652967817442,90849.86918016367,1,0,12.238394737243652,11.971944444444443
1773,177.3,192.22308187628585,735.3208964348744,294.70715711520796,851.4343739123634,0.3440652967817442,91260.78057678639,1,0,12.753299713134766,11.99
1774,177.4,192.39781791324617,736.5008830368349,295.1371739520882,852.634474004212,0.3440652967817442,91676.24012401796,1,0,12.743011474609375,11.97111111111111
1775,177.5,192.56583333336707,737.6697376903772,295.574655342824,853.8554063309859,0.3440652967817442,92104.51026858824,1,0,13.195883750915527,11.821944444444444
1776,177.6,192.73384875351783,738.8608562415473,296.02465546285345,855.111276192495,0.3440652967817442,92544.68440977241,1,0,13.485264778137207,11.92611111111111
1777,177.7,192.9018641736686,740.0297108950895,296.4895603386258,856.4087425618658,0.3440652967817442,93003.85401840645,1,0,14.079607963562012,11.853055555555557
1778,177.799,193.0631589769948,741.209697497841,296.955566986073,857.7092837789514,0.3440652967817442,93456.8921654709,1,0,13.829683303833008,11.865
1779,177.9,193.22445378033595,742.3896840998017,297.432620390071,859.0406545180796,0.3440652967817442,93928.31931129417,1,0,14.17544174194336,11.935
1780,178.0,193.38574858366215,743.5696707017622,297.9080948565114,860.3676187248458,0.3440652967817442,94394.42722259281,1,0,14.016117095947266,11.89111111111111
1781,178.1,193.54704338698835,744.7496573045139,298.37469217800094,861.6698084075534,0.3440652967817442,94851.16336266931,1,0,13.649103164672852,11.938055555555554
1782,178.2,193.70833819034442,745.9185119580561,298.8381110689979,862.9631276591547,0.3440652967817442,95311.73966044794,1,0,13.82766342163086,11.863888888888889
1783,178.299,193.88307422728982,747.0984985608077,299.2918592072349,864.2294575692231,0.3440652967817442,95757.46266983359,1,0,13.347461700439453,11.860000000000001
1784,178.399,194.05781026423531,748.2896171127687,299.74386895978233,865.4909359557073,0.3440652967817442,96208.69785037768,1,0,13.452840805053711,12.00111111111111
1785,178.499,194.23254630119564,749.4696037147294,300.19724388625013,866.7562242984693,0.3440652967817442,96661.33448596165,1,0,13.428404808044434,11.966944444444445
1786,178.6,194.40056172133148,750.6384583674806,300.6541656233497,868.0314111554286,0.3440652967817442,97118.78682141918,1,0,13.394903182983398,11.86888888888889
1787,178.7,194.58201837508653,751.8295769194416,301.11089830666106,869.3060703970735,0.3440652967817442,97580.66173339571,1,0,13.685428619384766,11.97111111111111
1788,178.8,194.77019564565117,753.0206954706116,301.5763517451028,870.6050677067552,0.3440652967817442,98052.07908950676,1,0,13.911969184875488,12.08
1789,178.9,194.94493168258168,754.222945971782,302.0521769024061,871.9330106290057,0.3440652967817442,98537.14438519048,1,0,14.300382614135742,12.195
1790,179.0,195.13982956994107,755.4140645229521,302.53892961144487,873.2914503939767,0.3440652967817442,99033.46792608584,1,0,14.559879302978516,12.041944444444447
1791,179.1,195.3145656069014,756.6163150233315,303.0336370662733,874.6720904318996,0.3440652967817442,99538.95833807593,1,0,14.7720308303833,12.139999999999997
1792,179.2,195.5027428774661,757.8185655237111,303.5448130463749,876.0986911787948,0.3440652967817442,100069.19486733776,1,0,15.536321640014648,12.15
1793,179.299,195.69092014798593,759.0430799225093,304.07438493091047,877.5766316052267,0.3440652967817442,100618.9269443075,1,0,16.179912567138672,12.318888888888889
1794,179.4,195.87909741858047,760.2453304236798,304.6331185861262,879.1359573186294,0.3440652967817442,101198.23354620837,1,0,16.620201110839844,12.263055555555555
1795,179.499,196.0739953059398,761.4809767716876,305.18344739911817,880.6718266204228,0.3440652967817442,101762.00249164057,1,0,16.33917236328125,12.458888888888888
1796,179.6,196.26217257653434,762.7166231189042,305.7457256313079,882.2410446142834,0.3440652967817442,102347.74654461147,1,0,16.669023513793945,12.523055555555555
1797,179.7,196.46379108067342,763.9634014161214,306.30752193868693,883.8089176421798,0.3440652967817442,102930.61078276398,1,0,16.64068031311035,12.541944444444445
1798,179.8,196.6586889680328,765.2101797125475,306.8960080034004,885.4512770098692,0.3440652967817442,103564.94737467902,1,0,18.251497268676758,12.578055555555556
1799,179.9,196.85358685540706,766.468089958974,307.50076240540915,887.1390383976837,0.3440652967817442,104188.59431960464,1,0,17.605253219604492,12.713888888888889
1800,180.0,197.06864659318032,767.7371321538191,308.0760689725245,888.7446161444655,0.3440652967817442,104778.33300337377,1,0,16.5054931640625,12.813055555555556
1801,180.1,197.26354448055457,769.0061743486641,308.6112399732544,890.238182702906,0.3440652967817442,105326.82613290803,1,0,15.225558280944824,12.805
1802,180.2,197.47188360153316,770.275216543509,309.1233391728279,891.667359990248,0.3440652967817442,105867.24755418045,1,0,15.137533187866211,12.85611111111111
1803,180.3,197.6735021057021,771.544258739145,309.6375939398,893.1025530807194,0.3440652967817442,106415.22094539306,1,0,15.353364944458008,12.938888888888888
1804,180.4,197.8751206098711,772.8244328831994,310.15560997605314,894.5482432011266,0.3440652967817442,106966.5428980044,1,0,15.360544204711914,12.903888888888886
1805,180.501,198.07673911404004,774.1046070272538,310.68015755990086,896.0121617028341,0.3440652967817442,107527.40596746135,1,0,15.432697296142578,12.910000000000002
1806,180.6,198.28507823501863,775.3736492220987,311.1905693742699,897.4366297998253,0.3440652967817442,108070.64847314982,1,0,15.13603401184082,12.96111111111111
1807,180.7,198.48669673918755,776.6315594677344,311.6914872404983,898.8346019853582,0.3440652967817442,108602.43713231073,1,0,14.56410026550293,12.75388888888889
1808,180.8,198.69503586016614,777.9228655609982,312.18131854339333,900.2016335552371,0.3440652967817442,109129.5174155602,1,0,14.4786958694458,12.95111111111111
1809,180.9,198.8966543643351,779.1807758074248,312.6684667547771,901.5611770965252,0.3440652967817442,109655.44875751209,1,0,14.40501594543457,12.846111111111112
1810,181.0,199.09827286850407,780.4498180022697,313.14993019698437,902.9048554636485,0.3440652967817442,110174.75318429193,1,0,14.141637802124023,12.843055555555555
1811,181.1,199.2931707558634,781.7188601971147,313.6318422204637,904.2497857408823,0.3440652967817442,110702.17525896254,1,0,14.431612968444824,12.813055555555556
1812,181.2,199.49478926003235,782.9990343411691,314.11148388130135,905.5883798419922,0.3440652967817442,111220.86659702937,1,0,14.007024765014648,12.918055555555556
1813,181.3,199.682966530597,784.2569445875957,314.58326891194207,906.9050474932229,0.3440652967817442,111736.72758164995,1,0,13.965782165527344,12.785
1814,181.4,199.87786441795637,785.5148548332313,315.05278888783374,908.2153937817087,0.3440652967817442,112251.0590629268,1,0,13.872726440429688,12.676111111111108
1815,181.5,200.066041688521,786.7727650796579,315.5255752765608,909.5348560442857,0.3440652967817442,112774.57720599089,1,0,14.159452438354492,12.79
1816,181.6,200.2542189590857,788.0306753245025,316.0061393204752,910.876024351613,0.3440652967817442,113307.00533746973,1,0,14.333874702453613,12.69
1817,181.699,200.43567561284075,789.2774536225105,316.46999612806195,912.1705657501037,0.3440652967817442,113811.0557293401,1,0,13.446661949157715,12.684999999999999
1818,181.8,200.630573500215,790.5242319189366,316.9098088440348,913.3980043887035,0.3440652967817442,114288.73794113829,1,0,12.372271537780762,12.563888888888888
1819,181.9,200.82547138755942,791.7376143685256,317.3355143691884,914.5860723805148,0.3440652967817442,114767.64695406855,1,0,12.868415832519531,12.393055555555556
1820,182.0,201.02036927493367,792.9843926657427,317.7684151932765,915.7942211649175,0.3440652967817442,115250.2602209322,1,0,12.798891067504883,12.52111111111111
1821,182.1,201.20854654548342,794.208907064541,318.20206769539493,917.0044677482803,0.3440652967817442,115736.8280539457,1,0,12.912983894348145,12.376944444444444
1822,182.199,201.3967238160481,795.4334214633393,318.6416138235824,918.231162388045,0.3440652967817442,116235.23956711855,1,0,13.411578178405762,12.421111111111111
1823,182.3,201.57818046980316,796.6690678105559,319.09966552354007,919.5095027692701,0.3440652967817442,116751.38404060547,1,0,13.478063583374023,12.46
1824,182.4,201.76635774035287,797.9047141577728,319.5494194699395,920.7646856042007,0.3440652967817442,117255.88845111446,1,0,13.188488960266113,12.541944444444445
1825,182.499,201.961255627757,799.1069646589433,319.990494828556,921.9956480526206,0.3440652967817442,117755.38192471238,1,0,13.227659225463867,12.235000000000001
1826,182.599,202.1628741318961,800.3314790577414,320.43754893945544,923.2432961294824,0.3440652967817442,118263.12878968117,1,0,13.278816223144531,12.37111111111111
1827,182.699,202.35105140246077,801.5448615073304,320.88448175696436,924.490605698182,0.3440652967817442,118770.97590160876,1,0,13.220467567443848,12.223888888888888
1828,182.799,202.55266990662972,802.7582439569192,321.328544902491,925.7299065255623,0.3440652967817442,119276.38255666009,1,0,13.10866928100586,12.31111111111111
1829,182.9,202.74756779398908,803.9604944580897,321.77101066585465,926.9647493449855,0.3440652967817442,119780.02111849043,1,0,12.866009712219238,12.158888888888889
1830,183.0,202.9424656813484,805.1738769076785,322.20683186034256,928.1810483609244,0.3440652967817442,120280.96549387448,1,0,12.97445011138916,12.23611111111111
1831,183.1,203.13736356872272,806.3649954588486,322.64671050452483,929.4086709933666,0.3440652967817442,120788.13783770341,1,0,13.106581687927246,12.146111111111113
1832,183.2,203.33226145609697,807.5449820616002,323.08783354394154,930.6397665103732,0.3440652967817442,121296.12382957972,1,0,13.048232078552246,12.061944444444444
1833,183.299,203.5271593434563,808.7361006135613,323.5253405018315,931.8607701905023,0.3440652967817442,121802.96781004005,1,0,13.154203414916992,12.033888888888889
1834,183.4,203.72877784761036,809.9272191647312,323.9753788325764,933.1167466912848,0.3440652967817442,122325.73640107614,1,0,13.265018463134766,12.046111111111113
1835,183.499,203.9236757349846,811.0960738182735,324.4170562813866,934.3493894657636,0.3440652967817442,122838.2050189632,1,0,13.187189102172852,11.921944444444444
1836,183.599,204.1252942391685,812.2760604202342,324.86303554401235,935.5940378333086,0.3440652967817442,123358.58590283668,1,0,13.2555570602417,11.991944444444446
1837,183.699,204.33363336011726,813.4449150737762,325.309303813354,936.8394927669145,0.3440652967817442,123879.43477251033,1,0,13.204324722290039,11.813888888888888
1838,183.799,204.54197248109583,814.6137697265276,325.76102102059053,938.1001547117518,0.3440652967817442,124412.56671215466,1,0,13.578632354736328,11.806944444444445
1839,183.9,204.7435909852797,815.7714924308602,326.24769537049605,939.4583757903946,0.3440652967817442,125000.21261462619,1,0,14.991284370422363,11.801111111111112
1840,184.0,204.94520948944867,816.9403470844026,326.78944635671917,940.9703059116484,0.3440652967817442,125665.61093909846,1,0,17.12990379333496,11.811944444444444
1841,184.1,205.1535486104272,818.0980697887352,327.39617802918485,942.6635855077132,0.3440652967817442,126407.03662931429,1,0,18.84408187866211,11.756111111111112
1842,184.2,205.36188773140577,819.2557924930682,328.01544636518776,944.3918526897796,0.3440652967817442,127127.08980353682,1,0,17.873220443725586,11.806111111111111
1843,184.3,205.56350623555983,820.4135151974008,328.591421919799,945.9992974610273,0.3440652967817442,127790.77332425983,1,0,16.277191162109375,11.753888888888886
1844,184.4,205.7718453565384,821.5489740033148,329.15656631722305,947.5765144095006,0.3440652967817442,128478.43475724092,1,0,17.23102569580078,11.578055555555554
1845,184.5,205.9734638607223,822.7066967076476,329.7254553203621,949.1641818828768,0.3440652967817442,129150.14889573427,1,0,16.49921417236328,11.686944444444444
1846,184.6,206.17508236489124,823.8532874627708,330.2604900690945,950.6573681863586,0.3440652967817442,129777.1289758733,1,0,15.223758697509766,11.67
1847,184.7,206.3699802522506,824.9998782178942,330.7642992892425,952.0634096236205,0.3440652967817442,130377.82375091112,1,0,14.647808074951172,11.621944444444443
1848,184.799,206.56487813962485,826.1242050753897,331.2386526510545,953.3872450278559,0.3440652967817442,130941.48789196556,1,0,13.761370658874512,11.478055555555557
1849,184.9,206.7664966437789,827.2596638805128,331.70800360594933,954.6971196089655,0.3440652967817442,131511.17772476815,1,0,13.791586875915527,11.501111111111111
1850,185.0,206.95467391434354,828.3951226872176,332.1732506317026,955.9955408577465,0.3440652967817442,132077.11059457937,1,0,13.793572425842285,11.47611111111111
1851,185.1,207.14285118490824,829.5083175955036,332.6332478781292,957.2793109112444,0.3440652967817442,132634.71451103612,1,0,13.48031997680664,11.333888888888888
1852,185.199,207.32430783864834,830.6437764006267,333.08226800562727,958.5324457888502,0.3440652967817442,133183.09995176274,1,0,13.411643028259277,11.45611111111111
1853,185.3,207.5124851092279,831.7569713089126,333.5373060759928,959.8023756688107,0.3440652967817442,133739.8719227074,1,0,13.301085472106934,11.32
1854,185.401,207.7006623797926,832.8812981656173,333.9984656449258,961.0893895565658,0.3440652967817442,134311.97783082258,1,0,13.771001815795898,11.355
1855,185.5,207.88211903354764,833.9833611246939,334.4509741566677,962.3522598907688,0.3440652967817442,134864.91620194176,1,0,13.32988166809082,11.27111111111111
1856,185.6,208.07701692090697,835.0965560329801,334.90002173513915,963.6054713791323,0.3440652967817442,135419.53069439743,1,0,13.29478931427002,11.208888888888888
1857,185.7,208.25175295785243,836.1986189912658,335.3431234926199,964.8420891444016,0.3440652967817442,135965.21611311813,1,0,12.97734546661377,11.21111111111111
1858,185.799,208.41976837795838,837.3118138995517,335.7678226540226,966.0273485549523,0.3440652967817442,136487.47614671773,1,0,12.458026885986328,11.25
1859,185.9,208.6012250317433,838.4138768586283,336.19701874544666,967.2251580930067,0.3440652967817442,137024.89970151355,1,0,12.737664222717285,11.19
1860,186.0,208.76924045187914,839.515939816914,336.6293181209527,968.4316283419738,0.3440652967817442,137566.2564652083,1,0,12.89398193359375,11.19888888888889
1861,186.099,208.95069710563416,840.6180027759908,337.0610453728579,969.6365018962839,0.3440652967817442,138107.31100091134,1,0,12.962305068969727,11.09388888888889
1862,186.2,209.1321537593892,841.6978018366485,337.5038286681961,970.8722308906639,0.3440652967817442,138663.59792813406,1,0,13.031014442443848,11.00611111111111
1863,186.3,209.32033102995388,842.7776008980974,337.9444330782416,972.101879005842,0.3440652967817442,139218.47274119352,1,0,13.093049049377441,10.98111111111111
1864,186.4,209.4950670668993,843.8685319071736,338.3902951651147,973.3462003568156,0.3440652967817442,139783.4093534648,1,0,13.34274959564209,10.99
1865,186.5,209.66980310384474,844.9483309686225,338.84356390155926,974.6111923422127,0.3440652967817442,140358.51336888017,1,0,13.53219985961914,10.915
1866,186.6,209.8512597575998,846.0392619776989,339.2997248926568,975.8842560931243,0.3440652967817442,140936.47208539938,1,0,13.514235496520996,11.024999999999999
1867,186.7,210.03271641135484,847.1190610383566,339.7551420388869,977.1552439060329,0.3440652967817442,141514.89981820542,1,0,13.488096237182617,10.956111111111111
1868,186.8,210.20073183149066,848.187728150596,340.20541130124593,978.4118648956529,0.3440652967817442,142085.49994284936,1,0,13.209010124206543,10.834999999999999
1869,186.9,210.38890910205535,849.2452633128349,340.65344198398134,979.6622384098686,0.3440652967817442,142659.38504066382,1,0,13.355367660522461,10.811111111111112
1870,187.0,210.56364513901568,850.3027984750739,341.1034297028433,980.9180736619368,0.3440652967817442,143235.2914581394,1,0,13.325045585632324,10.73
1871,187.101,210.7451017927558,851.3714655865224,341.56383993790445,982.202996292859,0.3440652967817442,143830.6044018318,1,0,13.703052520751953,10.736944444444443
1872,187.2,210.91983782970127,852.4290007495523,342.0239857959979,983.4871810949428,0.3440652967817442,144424.59759207955,1,0,13.855234146118164,10.745000000000001
1873,187.301,211.1080151002659,853.4865359110004,342.502747059351,984.8233181641147,0.3440652967817442,145047.02370346812,1,0,14.250149726867676,10.77
1874,187.4,211.27603052040172,854.5440710740303,343.00792519065857,986.2331799876205,0.3440652967817442,145722.6598265676,1,0,16.00513458251953,10.700000000000001
1875,187.5,211.4574871741568,855.590474287851,343.5522359161832,987.7522538835067,0.3440652967817442,146432.41019237912,1,0,16.267824172973633,10.65
1876,187.6,211.63894382791182,856.64800945009,344.1499831277581,989.420459455916,0.3440652967817442,147253.13703580544,1,0,19.173460006713867,10.703055555555554
1877,187.7,211.82712109847648,857.6944126639105,344.81663669477007,991.2809703438307,0.3440652967817442,148143.05357148516,1,0,20.35338020324707,10.638055555555555
1878,187.8,212.00857775223156,858.7519478261495,345.5130533211644,993.2245446079557,0.3440652967817442,149065.89557151834,1,0,20.938154220581055,10.713055555555556
1879,187.9,212.19675502278128,859.7983510399699,346.1529717081481,995.0104423894621,0.3440652967817442,149845.58815798583,1,0,17.00351905822754,10.698055555555557
1880,188.0,212.37821167655127,860.8558862022089,346.7370411235913,996.6404756788672,0.3440652967817442,150625.84542378187,1,0,17.626789093017578,10.708888888888888
1881,188.1,212.5731095639106,861.9134213644479,347.3349569009711,998.3091516882932,0.3440652967817442,151420.86302549194,1,0,17.82448959350586,10.726111111111111
1882,188.2,212.75456621766565,862.9598245782686,347.9491159559589,1000.0231597807389,0.3440652967817442,152248.83545929185,1,0,18.589876174926758,10.711111111111112
1883,188.3,212.949464105025,864.0284916905078,348.5812648104397,1001.7873741864547,0.3440652967817442,153096.6413552758,1,0,18.891130447387695,10.758055555555556
1884,188.4,213.13764137558965,865.1082907503749,349.2339660185061,1003.6089465356521,0.3440652967817442,153985.0671556763,1,0,19.808454513549805,10.89388888888889
1885,188.5,213.33253926294898,866.1658259134048,349.938730962892,1005.5758194623623,0.3440652967817442,154969.7831822442,1,0,21.978063583374023,10.863888888888889
1886,188.6,213.52071653351368,867.2456249740626,350.69020224272487,1007.6730414188139,0.3440652967817442,155994.33408803624,1,0,22.577739715576172,10.908055555555555
1887,188.7,213.7088938040634,868.3365559839299,351.4797067613172,1009.8764073431614,0.3440652967817442,157095.9962566438,1,0,24.233108520507812,11.005
1888,188.8,213.90379169143768,869.4163550445876,352.29755812917887,1012.1588842545547,0.3440652967817442,158208.74793366468,1,0,24.258464813232422,11.0
1889,188.9,214.0919689619874,870.4961541052455,353.1072284580916,1014.4185293492559,0.3440652967817442,159304.4113922142,1,0,23.748043060302734,11.023055555555555
1890,189.0,214.28686684936167,871.6204809619501,353.9054791614455,1016.6463043111935,0.3440652967817442,160396.26797752915,1,0,23.581378936767578,11.31
1891,189.1,214.48848535351573,872.7225439210267,354.689725198984,1018.8349947552937,0.3440652967817442,161463.8226200685,1,0,22.917686462402344,11.208888888888888
1892,189.2,214.6901038576996,873.8357388285218,355.4499535045472,1020.9566560045405,0.3440652967817442,162501.23258018435,1,0,22.157333374023438,11.245
1893,189.3,214.88500174505893,874.9489337368079,356.1813884544729,1022.9979601473169,0.3440652967817442,163500.0207694459,1,0,21.210487365722656,11.34611111111111
1894,189.4,215.0866202492279,876.0509966958846,356.88005086635695,1024.9478019971302,0.3440652967817442,164456.95655525796,1,0,20.214202880859375,11.235
1895,189.5,215.27479751979257,877.1864555017985,357.51516409849324,1026.7202894507632,0.3440652967817442,165301.70987043425,1,0,17.44256591796875,11.403055555555556
1896,189.6,215.48313664077114,878.3107823585029,358.07671762607663,1028.2874849236664,0.3440652967817442,166067.9996063801,1,0,15.852743148803711,11.489999999999998
1897,189.7,215.6847551449401,879.446241164417,358.59500339978655,1029.7339278330783,0.3440652967817442,166785.47136565187,1,0,14.877159118652344,11.475
1898,189.8,215.89309426591865,880.5928319195402,359.0853838765628,1031.1024920490509,0.3440652967817442,167469.91085716782,1,0,14.198198318481445,11.608055555555556
1899,189.9,216.087992153278,881.7282907262452,359.5578968123081,1032.4211911532575,0.3440652967817442,168134.7347832522,1,0,13.817767143249512,11.63111111111111
1900,190.0,216.29633127425657,882.886013430578,360.0132651580943,1033.6920427728542,0.3440652967817442,168774.12186903498,1,0,13.181671142578125,11.749999999999998
1901,190.1,216.50467039523517,884.0326041857014,360.4495991111025,1034.9097728061265,0.3440652967817442,169389.89041562847,1,0,12.689190864562988,11.685
1902,190.2,216.6995682825945,885.2014588384525,360.88100322203815,1036.113744531778,0.3440652967817442,170007.7122328972,1,0,12.889373779296875,11.741944444444444
1903,190.302,216.90118678676345,886.3703134919948,361.3257302665607,1037.3548981825309,0.3440652967817442,170644.6127584691,1,0,12.96209716796875,11.911944444444446
1904,190.4,217.1028052909324,887.5503000947464,361.7493697832637,1038.5372003142209,0.3440652967817442,171248.7094913846,1,0,12.668709754943848,11.89888888888889
1905,190.5,217.2977031783067,888.7302866967069,362.1645784358793,1039.6959734119337,0.3440652967817442,171837.7209662939,1,0,11.949603080749512,11.996111111111112
1906,190.6,217.50604229928527,889.9214052486681,362.56875637062655,1040.8239617486986,0.3440652967817442,172420.45405049948,1,0,12.01468276977539,12.048055555555557
1907,190.7,217.70766080345422,891.1125237998381,362.97976908580165,1041.9710247353742,0.3440652967817442,173017.1727291139,1,0,12.354846954345703,12.108888888888888
1908,190.8,217.90927930760827,892.3147743010085,363.40615149595203,1043.1609817921642,0.3440652967817442,173640.0241896694,1,0,12.925973892211914,12.15
1909,190.9,218.11089781179214,893.517024801388,363.8457462000434,1044.3878119985898,0.3440652967817442,174279.54061779092,1,0,13.138222694396973,12.223888888888888
1910,191.0,218.3192369327707,894.7192753017673,364.2889310501718,1045.6246616605792,0.3440652967817442,174923.3517401737,1,0,13.138838768005371,12.211944444444445
1911,191.1,218.52085543693968,895.9215258021469,364.72840611757834,1046.8511579824121,0.3440652967817442,175560.7665472778,1,0,12.918264389038086,12.21
1912,191.2,218.72247394109374,897.1460402009451,365.1606288181615,1048.0574142453813,0.3440652967817442,176189.24259047577,1,0,12.70883560180664,12.311944444444444
1913,191.3,218.917371828468,898.3705545997434,365.5821307174726,1049.2337506692002,0.3440652967817442,176801.18605731492,1,0,12.282612800598145,12.353055555555555
1914,191.4,219.12571094946148,899.5728051001229,366.00570319356046,1050.415865702522,0.3440652967817442,177428.12465479746,1,0,12.831603050231934,12.31
1915,191.5,219.3273294536155,900.7750556005025,366.44560232942547,1051.6435455235865,0.3440652967817442,178079.15401729147,1,0,13.250643730163574,12.221111111111112
1916,191.599,219.51550672418017,901.9884380500913,366.89264266602163,1052.891155158831,0.3440652967817442,178740.5689623421,1,0,13.522748947143555,12.248055555555556
1917,191.699,219.71712522834912,903.1795566020522,367.3517166286383,1054.1723484923261,0.3440652967817442,179420.16069129627,1,0,13.69640064239502,12.111944444444445
1918,191.799,219.91874373253302,904.3595432048039,367.81768198920497,1055.4727744851114,0.3440652967817442,180112.32305700012,1,0,13.931349754333496,12.008888888888889
1919,191.9,220.13380347030628,905.5506617559739,368.29277936959716,1056.7986863121512,0.3440652967817442,180817.20118393362,1,0,13.958948135375977,12.14388888888889
1920,192.0,220.3488632080795,906.7529122571444,368.76406717936703,1058.1139663088495,0.3440652967817442,181518.11234343264,1,0,13.98437786102295,12.186944444444446
1921,192.1,220.55720232905813,907.9440308075234,369.2364971511409,1059.4324338754482,0.3440652967817442,182222.64069812305,1,0,14.026668548583984,12.098055555555554
1922,192.2,220.7722620668463,909.1462813086939,369.7033452464342,1060.735323422996,0.3440652967817442,182915.51098007036,1,0,13.653420448303223,12.113888888888889
1923,192.299,220.96715995420564,910.3262679106547,370.1591388925926,1062.007361979875,0.3440652967817442,183597.92435519965,1,0,13.644210815429688,12.058888888888887
1924,192.4,221.18221969199382,911.5396503602434,370.62132991246847,1063.2972544627576,0.3440652967817442,184289.82067430194,1,0,13.48842716217041,12.18888888888889
1925,192.5,221.38383819616277,912.719636963786,371.07626627621073,1064.5669004977208,0.3440652967817442,184974.26478930493,1,0,13.485398292541504,12.04
1926,192.6,221.59217731714133,913.9107555141651,371.5382088170618,1065.8560995200805,0.3440652967817442,185675.94552518224,1,0,13.903833389282227,12.108888888888888
1927,192.7,221.8072370549146,915.0684782177069,371.99691552175636,1067.1362679023919,0.3440652967817442,186362.03381874473,1,0,13.293540954589844,11.803888888888888
1928,192.8,222.0155761758932,916.2707287188772,372.44709310233225,1068.3926330245506,0.3440652967817442,187045.38741064197,1,0,13.3981294631958,12.071111111111112
1929,192.899,222.24407714728565,917.4507153216289,372.88044976052566,1069.6020539604244,0.3440652967817442,187693.89299161383,1,0,12.555743217468262,12.03611111111111
1930,193.001,222.4389750346599,918.6195699751711,373.3039657361867,1070.784011311159,0.3440652967817442,188333.23628959924,1,0,12.062752723693848,11.860000000000001
1931,193.1,222.6741966228471,919.7772926795038,373.70828276474487,1071.9123878338762,0.3440652967817442,188950.99291039928,1,0,12.15192699432373,11.815
1932,193.2,222.85565327660214,920.946147333046,374.12039530745847,1073.0625202425297,0.3440652967817442,189582.40393307828,1,0,12.28281307220459,11.798888888888891
1933,193.3,223.07071301439032,922.1038700365879,374.53721468032825,1074.2257885724268,0.3440652967817442,190222.54508313796,1,0,12.431001663208008,11.798888888888891
1934,193.4,223.28577275217853,923.2504607925023,374.9576117498139,1075.39904161378,0.3440652967817442,190868.60976629186,1,0,12.494939804077148,11.668055555555556
1935,193.5,223.50755310676138,924.408183496835,375.37892219504323,1076.5748437234945,0.3440652967817442,191516.64162508879,1,0,12.485157012939453,11.783055555555555
1936,193.6,223.72933346134425,925.5547742511674,375.80579379988706,1077.7661660351912,0.3440652967817442,192178.55642528346,1,0,12.824668884277344,11.648055555555555
1937,193.7,223.95111381592713,926.7236289047095,376.2367019606294,1078.9687536525437,0.3440652967817442,192843.16207771024,1,0,12.72449016571045,11.863888888888889
1938,193.8,224.17961478733451,927.8590877106234,376.66336266520295,1080.1594873793015,0.3440652967817442,193502.08303060092,1,0,12.572831153869629,11.648055555555555
1939,193.9,224.408115758727,928.9945465165374,377.0879803136189,1081.344519301683,0.3440652967817442,194161.31953450813,1,0,12.603354454040527,11.646944444444445
1940,194.0,224.62317549650027,930.1634011700796,377.5126448966741,1082.5296822102491,0.3440652967817442,194821.38936913517,1,0,12.575613975524902,11.785
1941,194.1,224.84495585109806,931.2877280267841,377.9355869398688,1083.7100378181065,0.3440652967817442,195479.6731608012,1,0,12.501222610473633,11.545
1942,194.2,225.06001558887132,932.4343187826985,378.35906422774747,1084.8918871981589,0.3440652967817442,196142.22774477582,1,0,12.607349395751953,11.568888888888889
1943,194.299,225.2817959434542,933.5809095378219,378.77067360024694,1086.0406153487268,0.3440652967817442,196780.20779125695,1,0,12.044071197509766,11.616111111111111
1944,194.399,225.50357629803707,934.7275002929453,379.1751264034139,1087.1693707940963,0.3440652967817442,197413.40135436866,1,0,11.936511993408203,11.693055555555555
1945,194.499,225.71863603584018,935.8740910480685,379.57271841747877,1088.2789790039963,0.3440652967817442,198035.10574681684,1,0,11.637285232543945,11.67388888888889
1946,194.599,225.9135339231995,936.9984179055641,379.96269506919697,1089.3673340994415,0.3440652967817442,198647.67023169517,1,0,11.484986305236816,11.508888888888889
1947,194.699,226.1218730441781,938.1784045075245,380.3459510762652,1090.4369330775212,0.3440652967817442,199249.91449095064,1,0,11.238808631896973,11.771944444444443
1948,194.8,226.37725648279408,939.3249952626479,380.7297100089019,1091.5079356309243,0.3440652967817442,199857.16721744533,1,0,11.289522171020508,11.71888888888889
1949,194.9,226.6259193045856,940.460454069353,381.1091169251913,1092.566792484973,0.3440652967817442,200457.32410656722,1,0,11.2060546875,11.633055555555554
1950,195.0,226.82753780878437,941.6181767728948,334.3361595444185,1110.2564558128074,0.26499071506668015,51786.11072302372,0,1,11.461864471435547,11.738888888888889
1951,195.1,227.0224356961437,942.7536355788086,320.6454358925545,1114.9794497999164,0.25896463554442173,35280.83232043172,0,1,11.492866516113281,11.598055555555556
1952,195.2,227.21733358348817,943.9002263339321,309.62243727830383,1117.6514634346333,0.25426228820240826,22483.950819177426,0,1,11.587477684020996,11.638055555555555
1953,195.3,227.39206962044852,945.0468170890555,301.01000967247006,1117.3650208172082,0.250891088101011,13472.087299808345,0,1,11.563944816589355,11.581944444444444
1954,195.4,227.56680565739396,946.1934078441788,293.7263097400998,1112.5743275037375,0.2485972687430372,7657.830479443906,0,1,11.494921684265137,11.61111111111111
1955,195.5,227.74826231116396,947.339998600093,286.0314901218048,1100.5624315784514,0.24697738342620162,4185.8703167607255,0,1,11.36795425415039,11.616111111111111
1956,195.6,227.92299834809444,948.475457406007,276.3264326200152,1078.7614018450681,0.24560478738229022,2229.423108731933,0,1,11.683345794677734,11.508055555555556
1957,195.699,228.09101376824518,949.610916211921,267.57073685717245,1056.5689825697843,0.24449205703756413,1152.5033178771719,0,1,11.591550827026367,11.501944444444444
1958,195.8,228.24558795476182,950.7463750178349,259.05921742543705,1034.3094472484306,0.24322677284286814,560.781707161028,0,1,11.711848258972168,11.478888888888887
1959,195.9,228.4001621412933,951.8929657729583,250.61355660471335,1012.0261841641061,0.24153441706468987,250.52270376064988,0,1,11.845355033874512,11.525
1960,196.0,228.54129509422054,953.0395565280817,242.1598823183595,989.7387005026676,0.23887156321884118,103.56054505879915,0,1,11.580448150634766,11.508055555555556
1961,196.1,228.69586928075205,954.1638833855772,233.79286769378584,967.9118608983654,0.1956756929820167,39.57357450040679,0,1,11.495125770568848,11.381944444444445
1962,196.2,228.83028161686966,955.2882102414907,231.77847954994022,963.1210837792097,0.19389785843600474,24.743913188807163,0,1,11.971762657165527,11.365
1963,196.3,228.97813518659157,956.4459329466143,231.0450248498254,961.8046455342642,0.19223734001539305,18.933541384207718,0,1,11.79325008392334,11.594999999999999
1964,196.399,229.09238567229528,957.5591278549005,230.7072055184033,961.5840844547364,0.19052487820472738,16.426419671023062,0,1,12.503364562988281,11.31888888888889
1965,196.5,229.2469598588119,958.6834547116049,230.56230551207537,961.9094304718607,0.18876309312875858,15.093862209116114,0,1,12.945330619812012,11.248055555555556
1966,196.6,229.3880928117391,959.8300454667284,230.50898857426873,962.4927208512092,0.1869283026370543,14.106908773635233,0,1,12.84921932220459,11.495
1967,196.7,229.50906391423752,960.932108425805,230.5033612237948,963.2120083989415,0.18501001374452808,13.476453033668312,0,1,12.739320755004883,11.20111111111111
1968,196.8,229.6501968671498,962.045303334091,230.52885822624742,964.0076161576987,0.183090329580047,12.901663074008972,0,1,12.331899642944336,11.203888888888889
1969,196.899,229.78460920326742,963.1696301900047,230.5703058540924,964.8362526982261,0.18116960012062458,12.481615366884663,0,1,11.99219036102295,11.25611111111111
1970,197.0,229.91902153938506,964.2716931490813,230.62849177211928,965.7163421622091,0.17927287139409043,12.234087755625556,0,1,11.759766578674316,11.136944444444445
1971,197.1,230.06015449229736,965.3737561081579,230.69498989855543,966.6044607112724,0.17744651636539882,11.941532823731968,0,1,11.375739097595215,11.13
1972,197.2,230.19456682841493,966.486951015653,230.694057044651,967.5499645086661,0.1573369029954539,10.954132104008112,0,1,11.80182933807373,11.193888888888889
1973,197.3,230.3222585477379,967.5890139747298,230.78432258751184,968.5441353231331,0.15641099394590283,11.031765883957434,0,1,12.177433013916016,11.113888888888889
1974,197.4,230.47011211744487,968.679944984597,230.88839446710548,969.5851397211371,0.15554542493458431,11.171387513718058,0,1,12.52285385131836,10.998055555555556
1975,197.5,230.6045244535774,969.7597440452547,230.99980582311326,970.6517218779937,0.15470271423744256,11.236465559536216,0,1,12.622482299804688,10.955
1976,197.6,230.73221617287052,970.850675055122,231.117147705862,971.7488898418055,0.1538552515737904,11.479530002742006,0,1,13.151707649230957,10.926944444444445
1977,197.7,230.86662850898807,971.9416060649893,231.24285729480454,972.886522193587,0.15302355370811876,11.715524188257334,0,1,13.615928649902344,10.951944444444445
1978,197.8,230.99432022829612,973.0214051256471,231.3664974377871,974.0053529791691,0.15219582093077477,11.47097143341971,0,1,12.916848182678223,10.98388888888889
1979,197.9,231.14889441482762,974.1234680847238,231.48988610968715,975.0896151684292,0.1514553796873353,11.472938561293148,0,1,12.84001350402832,10.963888888888889
1980,198.0,231.2967479845495,975.1921351961722,231.61582380381918,976.1643327917634,0.150788310241523,11.463828366935429,0,1,12.743475914001465,10.86111111111111
1981,198.1,231.44460155428638,976.2830662060395,231.7445666745381,977.239350838365,0.15017368185211133,11.506106918799926,0,1,12.779520988464355,10.933055555555557
1982,198.2,231.59245512400832,977.3406013682785,231.87634825412735,978.3128686146217,0.1496232791323677,11.530147225607488,0,1,12.774049758911133,10.786944444444444
1983,198.3,231.7134262265067,978.4092684797268,231.97566188549587,979.4054461094297,0.14288785299491602,10.830490419665097,0,1,13.134593963623047,10.741944444444444
1984,198.4,231.85455917938916,979.4668036427569,232.11170939893876,980.5110787399104,0.14258593954022905,10.901631847888751,0,1,13.32878303527832,10.68
1985,198.5,232.0091333659505,980.5243388042047,232.25259996373822,981.6220870776516,0.1423397673304504,10.99931192894941,0,1,13.454225540161133,10.656944444444445
1986,198.6,232.15698693567242,981.5818739672349,232.39607931481274,982.7351476827587,0.14212291436390156,11.102027117285468,0,1,13.589120864868164,10.598055555555556
1987,198.7,232.29139927179003,982.6282771810554,232.5405628886363,983.8568045455959,0.1418981051287278,11.277200160303401,0,1,13.924103736877441,10.598888888888888
1988,198.8,232.43925284151194,983.6635484456665,232.69027995148605,984.9974587784607,0.1417088467996854,11.508780108109343,0,1,14.389155387878418,10.456111111111111
1989,198.9,232.5803857944392,984.7099516586961,232.8385398676725,986.1237030782193,0.14152588503095268,11.406160156576426,0,1,13.947763442993164,10.528055555555556
1990,199.0,232.7349599809707,985.7452229233073,232.99019778740393,987.2509976020323,0.1413938411777169,11.778028832610808,0,1,14.77432632446289,10.488888888888889
1991,199.1,232.87609293389792,986.7582302894996,233.14524156293393,988.3961462075697,0.14127368143914398,11.8617956259844,0,1,14.830304145812988,10.316944444444443
1992,199.2,233.03066712041453,987.7935015541107,233.30198565864566,989.5349628953896,0.14119655563454803,12.011223005835435,0,1,15.056001663208008,10.455000000000002
1993,199.3,233.18524130691625,988.8287728179308,233.4575836819527,990.6502722302758,0.1411565114755026,11.90564870758852,0,1,14.672189712524414,10.455000000000002
1994,199.4,233.3599773438915,989.8529121341235,233.6113282213509,991.7111054056644,0.14122011362356643,11.716915758452044,0,1,14.102680206298828,10.33
1995,199.501,233.52799276404227,990.8881833979437,233.77007145819505,992.7517410499803,0.14210339894490343,10.942035018529056,0,1,14.032790184020996,10.415
1996,199.6,233.7094494177973,991.923454662555,233.92414666547248,993.7555581934622,0.14225129473365,10.85211821105262,0,1,13.76721477508545,10.493888888888888
1997,199.7,233.90434730515665,992.9475939779566,234.09213008368747,994.8072097970484,0.1424995488383748,11.247816974660372,0,1,14.833903312683105,10.52111111111111
1998,199.8,234.0925245757213,993.9717332925673,234.26964318704435,995.8923947182409,0.14281763737747644,11.270567998091717,0,1,14.689343452453613,10.333888888888888
1999,199.901,234.30086369669988,995.0070045579695,234.45426694914218,996.9755712668953,0.14324676983211823,11.357117098067059,0,1,14.705877304077148,10.536111111111111
2000,200.0,234.50920281766352,996.0311438725802,234.64332157284966,998.044847846449,0.14377539427087396,11.566742803731744,0,1,15.167425155639648,10.514999999999999
2001,200.101,234.71082132183247,997.0664151371914,234.84098563075696,999.1457557184534,0.14436844974636967,11.59907383869251,0,1,15.022584915161133,10.495
2002,200.201,234.9326016764303,998.1016864010114,235.03971494697797,1000.2056933701381,0.14507211449108387,11.5538835097185,0,1,14.741151809692383,10.598055555555556
2003,200.3,235.15438203101317,999.1369576656225,235.2330056688647,1001.1893131965414,0.14586050877288462,11.166173095333011,0,1,13.548051834106445,10.558055555555555
2004,200.4,235.36944176878637,1000.1833608794431,235.42365383394574,1002.1332610631998,0.14668839337639386,11.104579314777709,0,1,13.257896423339844,10.62611111111111
2005,200.5,235.6113839737981,1001.2297640932636,235.62072490492082,1003.0699617985206,0.14762565370540365,11.041357044190711,0,1,12.975067138671875,10.785
2006,200.599,235.85332617880982,1002.2761673062932,235.8204212415286,1003.9835356299303,0.14864654213217,10.902119961476624,0,1,12.515174865722656,10.716944444444445
2007,200.699,236.0952683838066,1003.3225705193229,236.09618679753316,1004.8988531856668,0.16260080314234004,10.347308954388323,0,1,12.491495132446289,10.728055555555557
2008,200.801,236.3372105888034,1004.3801056823527,236.31418223899246,1005.876537242089,0.16328176837013234,10.463584949833457,0,1,12.778338432312012,10.843888888888888
2009,200.9,236.57915279381513,1005.4265088961735,236.53399487295414,1006.8460029402856,0.1640124227038049,10.491404046617971,0,1,12.77299690246582,10.746944444444445
2010,201.0,236.82109499882677,1006.4951760076218,236.75955923504597,1007.8389304855516,0.16477934892318427,10.524939841293463,0,1,12.701992988586426,10.928055555555556
2011,201.1,237.05631658702887,1007.5749750674886,236.9861735944941,1008.8379101787173,0.16555684033765722,10.541387963732708,0,1,12.578664779663086,10.935
2012,201.2,237.28481755842134,1008.6547741281464,237.2178184016405,1009.8737349607763,0.16633058600631187,10.804410818255944,0,1,13.277978897094727,11.051944444444445
2013,201.299,237.52003914662345,1009.7345731888043,237.44630463499195,1010.8897089353102,0.16711471766369237,10.513516826781009,0,1,12.173524856567383,11.036944444444444
2014,201.4,237.73509888439673,1010.8143722502531,237.66667783437651,1011.8775403435911,0.16785234016097533,10.482380972312841,0,1,11.859211921691895,11.048055555555557
2015,201.5,237.96359985580415,1011.9164352085388,237.88420928612612,1012.8559800619289,0.16857278216018615,10.481641125431768,0,1,11.734503746032715,11.15611111111111
2016,201.6,238.15849774316348,1013.0296301168248,238.0972687058762,1013.851668158496,0.16918750390619097,10.521434474211318,0,1,11.742706298828125,11.253055555555557
2017,201.7,238.36683686412712,1014.1316930759016,238.31035572994787,1014.8677236870368,0.16975343232788287,10.580130490127143,0,1,11.807402610778809,11.236944444444445
2018,201.8,238.56845536831102,1015.2226240849777,238.56303633662728,1015.8975030876808,0.1785327041750877,10.14622646279686,0,1,11.940402030944824,11.180000000000001
2019,201.9,238.7566326388757,1016.3469509424733,238.77609170473013,1016.9700468069492,0.17874730129368616,10.267780790834182,0,1,12.338370323181152,11.31888888888889
2020,202.0,238.92464805902642,1017.4824097483872,238.98735658506138,1018.0853108876306,0.17885179137733087,10.432662478982518,0,1,12.727747917175293,11.438055555555556
2021,202.1,239.10610471276652,1018.5733407582545,239.197455719468,1019.2181359955741,0.17890590020668118,10.53571399277589,0,1,12.86113166809082,11.203055555555556
2022,202.2,239.25395828247355,1019.7087995633774,239.39775897343046,1020.357696097764,0.17882099140793228,10.606294904720873,0,1,12.877852439880371,11.403055555555556
2023,202.3,239.40181185219546,1020.8553903192918,239.58843846697013,1021.4972680568562,0.17860894431608695,10.655774831971819,0,1,12.829963684082031,11.485
2024,202.399,239.53622418832796,1021.9908491252058,239.76577921265584,1022.6188554974129,0.17825856257676032,10.663843284070584,0,1,12.704070091247559,11.506944444444443
2025,202.499,239.663915907636,1023.1485718303294,239.9331843886024,1023.7431365970011,0.17776153170992676,10.65990887591466,0,1,12.49257755279541,11.506944444444443
2026,202.599,239.7983282437387,1024.2951625846617,240.09654981334015,1024.8851193739208,0.17715815864767095,10.89289036301076,0,1,13.041354179382324,11.555
2027,202.7,239.93274057985624,1025.4417533397852,240.2539829004391,1026.0282380804529,0.17646330466409735,10.708074143488096,0,1,12.248265266418457,11.561944444444446
2028,202.799,240.05371168235467,1026.6106079941183,240.39617352142787,1027.1311279296374,0.17564961366719964,10.80111903128156,0,1,12.451464653015137,11.651111111111112
2029,202.899,240.1814034016627,1027.7794626468694,240.48345798343408,1028.2803513671058,0.16350830891733592,10.332201160204113,0,1,12.618141174316406,11.721944444444444
2030,203.0,240.30909512097068,1028.9483173004116,240.62563386620502,1029.4449773464191,0.1629137554194218,10.391675730149265,0,1,12.69311237335205,11.798055555555555
2031,203.1,240.43006622348398,1030.1171719531628,240.76066638464712,1030.5952467878385,0.16225446027071289,10.396364331032407,0,1,12.502066612243652,11.713888888888889
2032,203.2,240.56447855958666,1031.2971585559146,240.89437441592253,1031.7480881823196,0.1615640669175617,10.488864708226295,0,1,12.633892059326172,11.82
2033,203.3,240.6988908957192,1032.4660132094568,241.02971912345077,1032.9181694977065,0.16084865357179853,10.610758761947002,0,1,12.85275650024414,11.793055555555554
2034,203.4,240.8265826150123,1033.634867862208,241.1661610782838,1034.1087728875561,0.16009244011472956,10.757103107984332,0,1,13.13192367553711,11.698055555555555
2035,203.499,240.96771556795443,1034.8037225157502,241.30291153998496,1035.2978404691155,0.15933343434360786,10.81488848925147,0,1,13.15816879272461,11.721111111111112
2036,203.599,241.10212790404222,1035.9725771692924,241.4418342704856,1036.5058051942822,0.15855238858086385,10.962573193598434,0,1,13.403823852539062,11.745
2037,203.699,241.24998147377906,1037.1414318228344,241.57863848835157,1037.6899282794834,0.1577908114639557,10.806423795081727,0,1,12.733573913574219,11.773888888888889
2038,203.8,241.39783504350098,1038.3102864755858,241.71241490924507,1038.8460914887225,0.15705007900123166,10.807758787779361,0,1,12.53601360321045,11.751111111111111
2039,203.9,241.54568861322292,1039.4680091799185,241.84779681480666,1040.0021559792988,0.15633274615697915,10.997532946498318,0,1,12.974627494812012,11.746944444444445
2040,204.0,241.70698341656401,1040.6368638326699,241.94630165338236,1041.2000932488168,0.14670469129693808,10.53684963967106,0,1,13.317599296569824,11.741944444444444
2041,204.1,241.86155760309555,1041.7834545885842,242.09398334967545,1042.4025573381632,0.1463472634063378,10.596507467047,0,1,13.434131622314453,11.61111111111111
2042,204.199,242.03629364002606,1042.9634411913357,242.24354570565288,1043.5853530214117,0.14604613289981827,10.581066036390139,0,1,13.193053245544434,11.92111111111111
2043,204.3,242.19086782657251,1044.0988999972496,242.39354680059031,1044.759548423551,0.1457628260201874,10.575479425938388,0,1,12.89084529876709,11.483055555555556
2044,204.4,242.35888324670833,1045.2343588031636,242.54250869568915,1045.900297691112,0.14552739587681213,10.603285910357599,0,1,12.798273086547852,11.538888888888888
2045,204.499,242.52689866684415,1046.3920815074964,242.6922724014034,1047.0281896286301,0.14532489668825463,10.633421405773213,0,1,12.76399040222168,11.643055555555556
2046,204.6,242.71507593742373,1047.494144466573,242.85092861448382,1048.1671973828643,0.14522154110606925,10.676291212081304,0,1,12.665763854980469,11.321944444444444
2047,204.699,242.88981197435425,1048.629603272487,243.00840935996644,1049.2787246302858,0.14515642857323396,10.696087967985498,0,1,12.616643905639648,11.466111111111111
2048,204.8,243.07798924491897,1049.7650620776099,243.17618685116543,1050.4279921180255,0.14515917571734765,10.88241860322279,0,1,12.980709075927734,11.441944444444445
2049,204.9,243.27960774908783,1050.878256986687,243.3508658764762,1051.5764405549307,0.1452653554145871,10.940184615006338,0,1,12.997058868408203,11.388055555555555
2050,205.0,243.48122625325684,1051.9803199449725,243.53218900836023,1052.7279353010103,0.14546551817360645,11.076129232619325,0,1,13.239712715148926,11.15611111111111
2051,205.1,243.6694035238215,1053.104646802468,243.7288250461608,1053.880183726879,0.1481759976946182,10.49030619311976,0,1,13.169337272644043,11.323055555555557
2052,205.2,243.87774264480004,1054.1955778123354,243.9158536937559,1055.0126553867574,0.14839706094385338,10.461009670239607,0,1,12.968628883361816,11.173055555555555
2053,205.3,244.08608176577863,1055.297640770621,244.1079633878649,1056.1462890670725,0.14868228563545052,10.621082284202007,0,1,13.319988250732422,11.241944444444444
2054,205.4,244.30114150355192,1056.3997037296976,244.31120232054616,1057.3188044143585,0.14904203178942815,10.904319024712674,0,1,14.036299705505371,11.173055555555555
2055,205.5,244.5229218581497,1057.490634739565,244.52474484034795,1058.519821784036,0.14949083989509895,11.077306910617036,0,1,14.335394859313965,11.133055555555556
2056,205.6,244.73798159592295,1058.581565750223,244.74254584364027,1059.7230518981826,0.15000287873543278,11.220493125872931,0,1,14.528770446777344,11.16611111111111
2057,205.7,244.95976195050585,1059.6724967592995,244.96549270168674,1060.9300944066902,0.15058978258228917,11.419574868512447,0,1,14.876004219055176,11.056111111111111
2058,205.8,245.18154230510362,1060.7745597175851,245.19318603928303,1062.1446584885753,0.1512393865581853,11.590835344657103,0,1,15.130377769470215,11.206944444444444
2059,205.9,245.4100432764961,1061.854358778243,245.42477353251053,1063.3524415797121,0.1519725898097557,11.712973544243999,0,1,15.250504493713379,11.058888888888887
2060,206.0,245.63182363107896,1062.9341578396918,245.6571805954206,1064.546272321839,0.15275774738512063,11.806470780739234,0,1,15.304347038269043,11.061944444444444
2061,206.1,245.84016275205755,1064.0028249511402,245.8922503952733,1065.754848260749,0.15355413663722534,12.198041224836471,0,1,16.10706329345703,11.001944444444444
2062,206.199,246.07538434028947,1065.0937559610074,246.19076866868033,1066.9471553224223,0.16460414851024785,11.330154374061982,0,1,15.911280632019043,11.098055555555556
2063,206.3,246.29716469485743,1066.1512911232464,246.43747218483625,1068.1760983616703,0.1651291220261052,11.653311779905792,0,1,16.724666595458984,10.979999999999999
2064,206.399,246.55254813345852,1067.1865623878575,246.69189246431017,1069.3995161508697,0.1657897196684414,11.906561487671718,0,1,17.20465660095215,10.89111111111111
2065,206.499,246.76760787124667,1068.2774933977248,246.94292218577127,1070.61400495396,0.166438173352825,11.829334994615474,0,1,16.701215744018555,11.0
2066,206.6,246.9759469922253,1069.3572924583827,247.19391741763678,1071.8425271734163,0.1670638645886157,12.330712957169665,0,1,17.756511688232422,10.901111111111112
2067,206.7,247.21116858041245,1070.4036956722032,247.4453679126915,1073.0502120287094,0.16776253331717528,12.234475667388278,0,1,17.266761779785156,10.858055555555556
2068,206.8,247.43294893501022,1071.5057586312798,247.68495998654151,1074.1934478384233,0.16845141816787637,12.06307646260974,0,1,16.61455535888672,11.068888888888889
2069,206.9,247.62784682238447,1072.5410298951,247.91016172012615,1075.2743834699297,0.16907877907592833,11.964281450274674,0,1,16.18486976623535,10.819999999999999
2070,207.0,247.84962717695245,1073.6208289557578,248.12825615430532,1076.3116489775039,0.1697104723822301,11.786294992192694,0,1,15.562177658081055,10.916111111111112
2071,207.1,248.06468691474063,1074.711759965625,248.3492394375299,1077.3735573288338,0.17031995500585248,12.219438857795417,0,1,16.57173728942871,11.021944444444445
2072,207.2,248.2797466525288,1075.769295127864,248.57106689345838,1078.4405797837912,0.17092775467298152,11.939906000269444,0,1,15.7064847946167,10.868888888888888
2073,207.3,248.50152700712664,1076.8490941885218,248.82449863830658,1079.4226318562858,0.17869609513228246,10.90902799538255,0,1,14.64445686340332,10.969999999999999
2074,207.399,248.7098661281201,1077.9177613007614,249.0143085470334,1080.319551071853,0.179005576090133,10.563127987478069,0,1,13.407114028930664,10.77888888888889
2075,207.5,248.91148463225917,1079.0086923098377,249.1977675207735,1081.2013430267136,0.1792735711636196,10.505711687257735,0,1,12.981966018676758,11.0
2076,207.6,249.11982375322285,1080.077359421286,249.37900936928165,1082.0780851261939,0.17953203984723212,10.49133087498171,0,1,12.804347038269043,10.78611111111111
2077,207.7,249.32144225740674,1081.1460265327344,249.56231663013773,1082.978886029698,0.17976626678358543,10.528070662363817,0,1,12.80278205871582,10.831944444444444
2078,207.8,249.50961952795646,1082.2258255933923,249.74573071856776,1083.9060755712019,0.17994309311421464,10.549840527003411,0,1,12.732605934143066,10.9
2079,207.9,249.70451741533074,1083.2944927056317,249.9251921705119,1084.824419734786,0.18009254473197517,10.39468341514864,0,1,12.024720191955566,10.815
2080,208.0,249.9061359194997,1084.3408959194521,250.09969219062202,1085.7157470793995,0.18024430375516962,10.30378184556119,0,1,11.5670166015625,10.78611111111111
2081,208.1,250.0943131900644,1085.4318269293194,250.26913554144375,1086.6006931912573,0.18034520696286432,10.201536529453692,0,1,11.074849128723145,10.893055555555556
2082,208.2,250.28921107742374,1086.4893620907676,250.439431566595,1087.4956295517156,0.18043469505381482,10.241722066889213,0,1,11.123398780822754,10.781944444444443
2083,208.3,250.48410896478308,1087.535765304588,250.6150461386718,1088.4221784575172,0.18051952490251724,10.30590819733408,0,1,11.240991592407227,10.741944444444444
2084,208.4,250.65884500174346,1088.6266963136643,250.78855662862782,1089.366748447919,0.18053097649139785,10.24572984363967,0,1,10.90617561340332,10.886944444444445
2085,208.5,250.84030165548353,1089.6842314766943,250.96378695133836,1090.3346342383577,0.18044823947198152,9.959049530863988,0,1,11.356459617614746,10.718055555555555
2086,208.6,251.0150376924439,1090.7528985889337,251.1450376859004,1091.352202484612,0.18039762579305957,10.063278009648819,0,1,11.713170051574707,10.83111111111111
2087,208.7,251.18977372938937,1091.821565700382,251.3302967462381,1092.407226374446,0.18031410459114272,10.206368795580687,0,1,12.062666893005371,10.805000000000001
2088,208.8,251.36450976633478,1092.8568369642023,251.5161030492678,1093.4724290988067,0.1802137503595968,10.259726681623535,0,1,12.038384437561035,10.62111111111111
2089,208.9,251.5325251864706,1093.9255040764415,251.69994143546955,1094.545236596303,0.18007069102755258,10.372030839747092,0,1,12.23227596282959,10.715
2090,209.0,251.7139818402406,1094.9719072894711,251.88810962581542,1095.640465629703,0.1799279451963915,10.565879024647343,0,1,12.687722206115723,10.661111111111111
2091,209.099,251.8954384939807,1096.0628382993384,252.0797382566221,1096.7614357860255,0.17976586559100355,10.75479268807837,0,1,13.127467155456543,10.948888888888888
2092,209.2,252.07689514773577,1097.1203734615774,252.27827476794243,1097.9204779843121,0.17959997005364955,10.916550776616406,0,1,13.347596168518066,10.819999999999999
2093,209.3,252.27851365190472,1098.1111169301419,252.47870025738422,1099.058176542099,0.17951318583502318,11.051372521314846,0,1,13.543584823608398,10.488055555555555
2094,209.4,252.45997030565977,1099.1909159907998,252.67850750468193,1100.201523516796,0.17940067605954196,11.179828721786178,0,1,13.713676452636719,10.785
2095,209.5,252.62798572579558,1100.2818470006669,252.87534455314827,1101.3515367274406,0.17922287083235106,11.318724153151852,0,1,13.911497116088867,10.898055555555555
2096,209.6,252.79600114596127,1101.3839099589527,253.0686926450286,1102.5038352700776,0.17898202546728867,11.401180058347364,0,1,13.95709228515625,11.026111111111112
2097,209.7,252.9774577997014,1102.452577071192,253.2473456553579,1103.6674113440263,0.17563767236091055,10.900185628118852,0,1,14.444243431091309,10.901944444444444
2098,209.8,253.1454732198372,1103.5991678263154,253.44573273691788,1104.8748680810877,0.17544064265211642,11.153433342818444,0,1,15.14665699005127,11.31
2099,209.9,253.30004740636875,1104.7346266322295,253.6470405701074,1106.1325672666833,0.17515691956033794,11.513237914635653,0,1,15.946708679199219,11.363888888888887
2100,209.999,253.47478344331418,1105.8255576420966,253.85213997003112,1107.4114410672264,0.17486572416061036,11.847708337609252,0,1,16.637081146240234,11.193055555555556
2101,210.1,253.6293576298457,1106.97214839722,254.05912241049276,1108.7324035205256,0.17448434125563048,12.048856153382488,0,1,16.84292984008789,11.348055555555556
2102,210.2,253.79065243318684,1108.141003050762,254.2582070130985,1110.032392280348,0.17403121360875493,12.231228477675476,0,1,17.061424255371094,11.72
2103,210.3,253.95194723652796,1109.276461856676,254.443706012057,1111.2690023355092,0.17353666611114993,11.890464022186736,0,1,15.952943801879883,11.553055555555556
2104,210.4,254.11996265666377,1110.4230526117994,254.61437507404722,1112.4272576026872,0.1730265141848516,11.78978130396199,0,1,15.512832641601562,11.533055555555555
2105,210.5,254.29469869360926,1111.625303112179,254.77247465346633,1113.5214190743095,0.1724997893163568,11.373751146664446,0,1,14.218673706054688,11.966111111111111
2106,210.6,254.4694347305547,1112.7718938673024,254.92138778422984,1114.558448214358,0.17199432876162046,11.301368279184741,0,1,13.915678024291992,11.713888888888889
2107,210.7,254.6240089170862,1113.951880470054,255.067299275014,1115.6018172813601,0.17142892391361436,11.29252209480145,0,1,13.80067253112793,11.841944444444444
2108,210.801,254.78530372042732,1115.1541309696422,255.1767527946673,1116.6841546573255,0.16402866371940883,10.694742697678665,0,1,13.794137954711914,12.058055555555555
2109,210.9,254.96676037418243,1116.311853674766,255.3224140673527,1117.7229538276108,0.16371624535458648,10.504493111291742,0,1,13.118671417236328,11.873055555555556
2110,211.0,255.13477579431824,1117.4361805314707,255.46718623829003,1118.7504635683215,0.16341460706768315,10.496417598061456,0,1,12.912130355834961,11.50388888888889
2111,211.1,255.29607059765934,1118.6161671342222,255.6135248711418,1119.7989540734266,0.16308312272869147,10.573178355833255,0,1,13.021300315856934,11.736944444444445
2112,211.199,255.4640860178101,1119.7516259401361,255.7629744964124,1120.8604443069923,0.16276071966894584,10.642632180356982,0,1,13.136112213134766,11.61888888888889
2113,211.3,255.6052189707224,1120.9316125428877,255.91472453336934,1121.9689160633732,0.16236025398970538,10.72600173236424,0,1,13.171552658081055,11.748055555555554
2114,211.4,255.75979315723902,1122.100467195639,256.0648829708142,1123.078380836654,0.16193186109360952,10.781287346549519,0,1,13.181034088134766,11.645
2115,211.5,255.88748487656193,1123.2470579507624,256.20769871086634,1124.1773409749278,0.16142180189553887,10.706558037224251,0,1,12.7658052444458,11.693888888888889
2116,211.6,256.02189721267956,1124.4493084519327,256.3417951127713,1125.25400752007,0.16083913585155493,10.589166214150426,0,1,12.227496147155762,11.753888888888886
2117,211.7,256.16303016559186,1125.5402394618,256.47119220352556,1126.3001110184885,0.16026372066662617,10.549509639456756,0,1,11.966815948486328,11.205
2118,211.8,256.3108837353137,1126.6089065740393,256.60016980067365,1127.330657605901,0.15972260280855935,10.523344013965637,0,1,11.759957313537598,10.958888888888888
2119,211.9,256.4116929873982,1127.6664417354875,256.6873455700704,1128.3595018435758,0.15213164674724533,10.058342414119771,0,1,11.67829704284668,10.541944444444445
2120,212.0,256.579708407549,1128.7351088469359,256.8145119978463,1129.3768913084168,0.15180935440639273,10.017116998177503,0,1,11.440537452697754,10.87
2121,212.1,256.6939588932377,1129.7369842647097,256.9355631489709,1130.3691696880392,0.15145979892928854,9.986133275703715,0,1,11.13060188293457,10.231944444444444
2122,212.2,256.82837122935535,1130.7722555293208,257.05473282637604,1131.3433935324658,0.1511181285577364,9.954794079076978,0,1,10.832845687866211,10.52611111111111
2123,212.3,256.962783565473,1131.729603148675,257.1749618295254,1132.306072463963,0.15080859950418582,10.013721256384049,0,1,10.917872428894043,9.878055555555555
2124,212.4,257.09719590159057,1132.6980827196116,257.29934822088325,1133.2827024154406,0.15052084799207513,10.113788894553254,0,1,11.146883010864258,9.818055555555555
2125,212.5,257.2383288545029,1133.6331664421289,257.42713448747,1134.2569827529767,0.1502770204364309,10.126880103780081,0,1,11.025466918945312,9.601111111111111
2126,212.6,257.37274119062056,1134.5459862662276,257.5533163053426,1135.2037932038158,0.1500636735402948,10.090056762017078,0,1,10.725586891174316,9.386944444444444
2127,212.7,257.5004329099285,1135.4476741411167,257.6753738329856,1136.1149814694356,0.14986543557043036,10.026951563510359,0,1,10.342181205749512,9.231944444444444
2128,212.8,257.61468339561736,1136.2937022723315,257.7915352433875,1136.9859029351776,0.14966932410348746,9.972908940697277,0,1,10.009110450744629,8.758888888888889
2129,212.9,257.7423751149253,1137.173126249593,257.9061863618348,1137.8359810232791,0.14949454260589992,9.949101693216658,0,1,9.804344177246094,8.718055555555555
2130,213.0,257.8633462174386,1138.019154379226,258.0195827525814,1138.6706056019311,0.14933399075469167,9.937019191123435,0,1,9.651228904724121,8.626111111111111
2131,213.101,257.984317319937,1138.8651825096497,258.13443009912,1139.509027357178,0.14918502287446464,9.981605734432115,0,1,9.661865234375,8.575
2132,213.2,258.1052884224503,1139.7112106392829,258.2402030804641,1140.347171735142,0.14671322050292135,9.672599159767135,0,1,9.962955474853516,8.559999999999999
2133,213.3,258.21953890812415,1140.534974872079,258.3581209953771,1141.2012701699007,0.14662957073660246,9.685676527694572,0,1,9.93752670288086,8.37888888888889
2134,213.4,258.32706877701827,1141.3364752048742,258.4728991818177,1142.0379063438259,0.1465386077796492,9.68359673435047,0,1,9.748700141906738,8.139999999999999
2135,213.5,258.441319262722,1142.1602394368795,258.5854710859062,1142.858544751696,0.14644760985746677,9.688077284160038,0,1,9.601710319519043,8.24388888888889
2136,213.599,258.54212851479156,1142.9394758720468,258.6934416512471,1143.6550605331468,0.14634332024021166,9.690603138646168,0,1,9.515588760375977,7.966111111111111
2137,213.699,258.64293776689095,1143.7187123080053,258.79874887429753,1144.4395333264963,0.1462274208950284,9.654782091502023,0,1,9.188797950744629,7.875
2138,213.8,258.74374701897545,1144.4645528963356,258.9012137279654,1145.20406006626,0.1461116229729563,9.660516728017942,0,1,9.00976848602295,7.708888888888889
2139,213.9,258.83783565426523,1145.1992615354563,258.9979965074179,1145.9352487299566,0.14598590705445577,9.609734326784654,0,1,8.681797981262207,7.491944444444444
2140,214.0,258.9117624391262,1145.9228382253677,259.0871506531173,1146.6406839843087,0.14581387387157602,9.572358145101614,0,1,8.415918350219727,7.29611111111111
2141,214.1,258.99913045759143,1146.6130190684419,259.16906431404635,1147.2969938691247,0.1456425435395891,9.401946719900728,0,1,7.554096221923828,7.043888888888889
2142,214.2,259.079777859262,1147.303199911516,259.24311779070536,1147.907614614682,0.14545961244848593,9.334593156044862,0,1,7.176980495452881,6.955
2143,214.3,259.1537046441229,1147.9711168553804,259.3115351202044,1148.4902709116755,0.14526154748529813,9.237463197239947,0,1,6.651000499725342,6.763888888888889
2144,214.4,259.2276314289839,1148.6167699031987,259.37715513390987,1149.0586649226307,0.14505852258381827,9.230111068274928,0,1,6.582725524902344,6.581944444444444
2145,214.5,259.29483759705016,1149.284686847854,259.4418797472741,1149.6366357278548,0.14483147671729601,9.219240948007675,0,1,6.4882307052612305,6.711944444444445
2146,214.6,259.36204376510153,1149.9080759964625,259.50791145219813,1150.229110433895,0.144596466422765,9.284354918696236,0,1,6.753155708312988,6.373888888888889
2147,214.7,259.4292499331529,1150.5203331950704,259.57531157743136,1150.8337954003366,0.14435671054003885,9.288286127104751,0,1,6.7046074867248535,6.244999999999999
2148,214.8,259.50317671801383,1151.1325903944696,259.6447062033554,1151.4467454391952,0.1441252381980785,9.352639360796697,0,1,6.922601222991943,6.158055555555555
2149,214.9,259.56366226925553,1151.7225836962411,259.6935567251239,1152.0611820020035,0.13740012964348258,9.077776109224796,0,1,6.762577533721924,6.021111111111111
2150,215.0,259.62414782051223,1152.3014450480118,259.75791264624803,1152.6513892273451,0.13725215421795475,9.046228907741526,0,1,6.534388542175293,5.9061111111111115
2151,215.1,259.6913539885785,1152.8691744513644,259.8200667556002,1153.219314778351,0.13711114011424866,9.026294250926705,0,1,6.313324928283691,5.741944444444444
2152,215.2,259.7518395398202,1153.436903853926,259.878396468889,1153.762018578817,0.13696615797245879,8.978263956830213,0,1,5.926090240478516,5.744999999999999
2153,215.3,259.79888385747256,1153.9823693596504,259.93164859720923,1154.2825967005972,0.1368026661189417,8.964794149684467,0,1,5.767944812774658,5.5569444444444445
2154,215.4,259.85936940872926,1154.550098762212,259.98475467697654,1154.801712863408,0.13663904300134985,8.965917661795864,0,1,5.704367160797119,5.6850000000000005
2155,215.5,259.9064137263666,1155.084432317936,260.03696541650476,1155.3248214835444,0.136461210987864,8.99453423287723,0,1,5.803858757019043,5.4719444444444445
2156,215.6,259.9601786608137,1155.6298978228697,260.08814633701667,1155.8428704687608,0.13627912351903168,8.955654117862949,0,1,5.493670463562012,5.425
2157,215.699,260.0005023616415,1156.1530994301754,260.1364179340914,1156.3542623787882,0.13607702861785348,8.994934908851732,0,1,5.733371734619141,5.29111111111111
2158,215.799,260.0677085296929,1156.6874329851087,260.19020104752985,1156.8873223290514,0.13589597638509024,9.029507526014935,0,1,5.814088821411133,5.365
2159,215.899,260.1281940809495,1157.177238744786,260.24600598916084,1157.4204017341956,0.1357313076869708,9.064932455727563,0,1,5.904672622680664,5.161944444444444
2160,216.0,260.15507654815815,1157.7115723005106,260.29795452913066,1157.96201323386,0.13551347915191245,9.095789755096481,0,1,5.898111343383789,5.13611111111111
2161,216.1,260.22900333303403,1158.1791141625602,260.3528465329658,1158.4864111454901,0.13534552184244467,9.108861455505455,0,1,5.899726390838623,4.941111111111111
2162,216.2,260.26260641706716,1158.6911838198655,260.4045331450561,1159.0122364401252,0.1351387511621538,9.140864851168592,0,1,5.980371952056885,5.035
2163,216.3,260.32309196830886,1159.1587256811242,260.45510118238565,1159.5098772482456,0.134958363351353,9.048887938981542,0,1,5.449465751647949,4.793055555555555
2164,216.4,260.3634156691367,1159.6707953384296,260.5008705779326,1159.9879585847668,0.13475398795592008,9.059942267480045,0,1,5.450727462768555,5.015
2165,216.5,260.4171806035987,1160.1160733020604,260.54820337660215,1160.462787404002,0.13456986111707425,9.081582687429535,0,1,5.500323295593262,4.653055555555555
2166,216.6,260.47094553804567,1160.5724832141098,260.5981759001345,1160.946668613614,0.13439891888826572,9.145848206938956,0,1,5.741685390472412,4.621944444444444
2167,216.7,260.51798985568314,1161.0400250753685,260.6498262339975,1161.4445523068473,0.13422220453409248,9.197777313307574,0,1,5.902360439300537,4.698888888888889
2168,216.8,260.5515929397014,1161.5186988858366,260.6996654901067,1161.9491371437196,0.1340100492650387,9.23304919088436,0,1,5.978589057922363,4.733055555555556
2169,216.9,260.612078490958,1161.9751087978857,260.75312905025527,1162.4600516820603,0.13382608900801737,9.316644724075116,0,1,6.2451605796813965,4.598055555555556
2170,217.0,260.63896095819644,1162.4426506591444,260.8047504503357,1162.984319029074,0.13359167935724095,9.39624795288429,0,1,6.471199989318848,4.593055555555556
2171,217.1,260.6927258926286,1162.9101925204031,260.8594392894106,1163.5202985772723,0.1333693338195952,9.49610213535456,0,1,6.751347064971924,4.651111111111111
2172,217.2,260.73977021026604,1163.333206586406,260.9152817279149,1164.0565767699688,0.1331550150052713,9.571166110354211,0,1,6.923987865447998,4.411111111111111
2173,217.3,260.78681452790346,1163.7896164976642,260.94237360542394,1164.5975938422948,0.12239047114551482,9.240409623848837,0,1,7.085991382598877,4.555
2174,217.4,260.83385884554093,1164.2460264105046,260.99562126831245,1165.1190351030505,0.1223007095548091,9.205841304739703,0,1,6.861900806427002,4.528888888888889
2175,217.5,260.8741825463836,1164.6690404749256,261.0464473748024,1165.623058990102,0.12220439289541238,9.269823779837402,0,1,7.054341793060303,4.361944444444444
2176,217.6,260.90778563041675,1165.1143184385562,261.0958785827085,1166.1301588662177,0.12208429540914201,9.320276045046196,0,1,7.1671881675720215,4.391111111111111
2177,217.7,260.97499179846807,1165.5373325037683,261.14814172223095,1166.6222867484325,0.12200959691581145,9.314895703859968,0,1,7.02534294128418,4.326944444444444
2178,217.8,261.0153154992959,1165.9937424158177,261.1968623921576,1167.0964785226877,0.12191613020272273,9.305226464983042,0,1,6.875561714172363,4.516111111111111
2179,217.9,261.04891858332905,1166.427888429448,261.23970943598414,1167.537416036122,0.12179936609031138,9.21821413324584,0,1,6.381679058074951,4.303888888888889
2180,218.0,261.0959629009665,1166.8397705454506,261.2798503394695,1167.9460577949787,0.12169483369314227,9.197519796462949,0,1,6.211997985839844,4.196111111111111
2181,218.102,261.14300721861883,1167.2627846106625,261.3194585077841,1168.3438699134501,0.1215980540003316,9.160157034835056,0,1,5.837028980255127,4.296111111111111
2182,218.202,261.1766103026221,1167.6969306250842,261.35297130545763,1168.706640493402,0.12147993554247391,9.084012874036494,0,1,5.460438251495361,4.235
2183,218.3,261.2102133866702,1168.119944689505,261.38091100595864,1169.0338791041186,0.12134855535012022,8.959768150872955,0,1,4.936150550842285,4.183055555555555
2184,218.399,261.25053708749806,1168.5318268055075,261.4085432794383,1169.3559756365164,0.12122226055782444,8.947719504950872,0,1,4.89008903503418,4.223888888888888
2185,218.5,261.2908607883408,1168.9548408707196,261.4371330737679,1169.6858764903823,0.12109768711954062,8.91057601819796,0,1,4.541871547698975,4.138888888888889
2186,218.6,261.324463872359,1169.3667229859311,261.4642694142271,1170.010991526492,0.12096539063173858,8.911886265653555,0,1,4.54619026184082,4.13
2187,218.7,261.36478757320174,1169.7897370519343,261.49264110446995,1170.3447891144333,0.12083659348933687,8.883946821359974,0,1,4.3653059005737305,4.128888888888889
2188,218.8,261.398390657205,1170.1793552695178,261.52118518376534,1170.6824460740263,0.12070596745087052,8.896773576234136,0,1,4.41915225982666,3.9680555555555554
2189,218.9,261.4454349748574,1170.580105436311,261.5514673744093,1171.0197232296448,0.1205954355447678,8.847125142440598,0,1,4.107604026794434,4.02
2190,219.0,261.4723174420809,1170.9808556031044,261.5770666729659,1171.333905061831,0.12046765893391945,8.769642025478575,0,1,3.612537384033203,3.943888888888889
2191,219.1,261.52608237652794,1171.370473820688,261.6040083642763,1171.6330437343697,0.12037508135418822,8.743994676530507,0,1,3.448126792907715,3.946944444444444
2192,219.2,261.5462442269568,1171.7823559366905,261.6272104867636,1171.929563871103,0.12025177923067035,8.69409412149251,0,1,3.1049108505249023,3.978888888888889
2193,219.3,261.6000091613889,1172.1385783082278,261.65350976237454,1172.2196044633051,0.12016913622268681,8.685242380780162,0,1,3.056947708129883,3.7861111111111114
2194,219.4,261.6268916286125,1172.5838562710678,261.67846275379486,1172.5236161224675,0.12006101801945013,8.653708282932245,0,1,2.8294525146484375,4.111944444444444
2195,219.499,261.6739359462648,1172.9512105902327,261.7055464995399,1172.8253584605272,0.11997759082113887,8.636148858951676,0,1,2.8099422454833984,3.895
2196,219.599,261.7142596470926,1173.3074329609792,261.73450891966417,1173.1336088314986,0.11990589382101657,8.628626840370782,0,1,2.715099334716797,3.6711111111111108
2197,219.699,261.7209802639022,1173.7081831277724,261.759993982298,1173.4590621613204,0.11978796192306364,8.650055797163134,0,1,2.8594961166381836,3.795
2198,219.8,261.76802458152474,1174.0532735493093,261.7906644596666,1173.8014742412686,0.11969768486459471,8.684837565650962,0,1,2.9859209060668945,3.5888888888888886
2199,219.899,261.8083482823675,1174.4428917668931,261.82190665857166,1174.1431704551526,0.1196134936905533,8.640377086626279,0,1,2.774364471435547,3.888888888888889
2200,220.0,261.8621132168145,1174.754586340802,261.8561056702201,1174.4736606396475,0.11956653207750546,8.651922616842457,0,1,2.719658851623535,3.5238888888888886
2201,220.1,261.909157534452,1175.121940660758,261.89193953461205,1174.8062052024075,0.11953157050946278,8.651870532994046,0,1,2.7337751388549805,3.5861111111111112
2202,220.2,261.909157534452,1175.5338227767602,261.9210999662778,1175.1458248005197,0.11943389098308885,8.63124895718059,0,1,2.5772485733032227,3.783888888888889
2203,220.3,261.93604000167545,1175.9011770959253,261.93727327433425,1175.4876116579624,0.11001632978979847,8.546593842339309,0,1,2.641572952270508,3.7480555555555557
2204,220.4,261.9562018520894,1176.268531416672,261.96499239751347,1175.8389553880888,0.10995400731471057,8.554771569655664,0,1,2.7363033294677734,3.693888888888889
2205,220.5,261.96964308572353,1176.658149633465,261.9909153253691,1176.2019479818105,0.10987527998139517,8.561245290993616,0,1,2.7712297439575195,3.7761111111111108
2206,220.6,261.98980493612254,1177.0366359026302,262.01619887416587,1176.57046625343,0.10978916519030936,8.568618469756302,0,1,2.808267593383789,3.761944444444444
2207,220.7,261.9965255529321,1177.4039902225861,262.0387311945612,1176.9417879549108,0.10968508669005779,8.576393150149233,0,1,2.8432064056396484,3.711111111111111
2208,220.8,262.01668740334605,1177.771344541751,262.06100442901027,1177.31388961659,0.10957733703695612,8.580894229628388,0,1,2.8426218032836914,3.6730555555555555
2209,220.9,262.04356987056957,1178.1275669124973,262.0840638276482,1177.6838597693434,0.1094735673504146,8.586853180952163,0,1,2.854419708251953,3.5980555555555553
2210,221.003,262.0704523377931,1178.517185130081,262.10878257888106,1178.0673372551205,0.10936856772289781,8.637691758575194,0,1,2.9085912704467773,3.721944444444444
2211,221.101,262.1040554218262,1178.8734075008276,262.1337337451033,1178.4347152554328,0.10927358772594328,8.59594218084235,0,1,2.8712997436523438,3.673888888888889
2212,221.2,262.11077603862094,1179.2407618199925,262.1554353840295,1178.7998845414336,0.10915825127849761,8.582836890483929,0,1,2.7994651794433594,3.578888888888889
2213,221.3,262.13765850584446,1179.630380037576,262.17877374292823,1179.1765743979045,0.10904268318404646,8.616271172686341,0,1,2.994691848754883,3.753055555555555
2214,221.4,262.13765850584446,1179.9643385099039,262.1999573673988,1179.5620848071608,0.10890266994418185,8.648806430452176,0,1,3.178955078125,3.5019444444444443
2215,221.5,262.1645409730679,1180.3428247790694,262.22312472984635,1179.9564440139598,0.10876431941381728,8.665348142520894,0,1,3.23471736907959,3.6180555555555554
2216,221.6,262.1847028234968,1180.6990471498157,262.24736209214984,1180.3593456717845,0.10862081332121779,8.719113450630056,0,1,3.534113883972168,3.573888888888889
2217,221.7,262.21158529072034,1181.0664014689805,262.27489474790434,1180.7831540621203,0.1084768448230619,8.787306601030076,0,1,3.8771963119506836,3.6761111111111116
2218,221.8,262.23174714113424,1181.4114918905175,262.30409615895366,1181.2211244322402,0.1083243979070498,8.85731169945806,0,1,4.184256553649902,3.5
2219,221.9,262.2451883747386,1181.767714261264,262.33403079733256,1181.6771294699392,0.10814971371490079,8.965255559889888,0,1,4.632378101348877,3.593888888888889
2220,222.0,262.2653502251524,1182.1239366320106,262.36503150318305,1182.1423276056844,0.1079626102728231,9.020911220724606,0,1,4.797768592834473,3.5280555555555555
2221,222.1,262.27879145877165,1182.4912909519664,262.39630986692424,1182.6219619472836,0.1077478092429672,9.180334228139666,0,1,5.36427116394043,3.63
2222,222.2,262.2855120755813,1182.8141174742937,262.428714681358,1183.1252979582787,0.10749838406164318,9.37866988021887,0,1,5.984438419342041,3.401944444444444
2223,222.3,262.29895330918555,1183.1703398450402,262.46316425025856,1183.654409653057,0.10721763744235535,9.590588485794118,0,1,6.562563896179199,3.4930555555555554
2224,222.399,262.3123945428048,1183.5488261142054,262.4987175697501,1184.2035130867514,0.10689813222262586,9.831368770885074,0,1,7.1905694007873535,3.6888888888888887
2225,222.499,262.33927701002835,1183.9161804333703,262.53874080236534,1184.7803148515811,0.10657398780381629,10.114249176373363,0,1,7.806034564971924,3.6630555555555553
2226,222.6,262.3594388604273,1184.305798650954,262.58136447696603,1185.3849768372472,0.10621800412606597,10.443459600647802,0,1,8.441177368164062,3.83
2227,222.699,262.38632132766577,1184.7176807669566,262.6241960281833,1185.987422940283,0.10584592279949591,10.653322470276654,0,1,8.836810111999512,3.9880555555555555
2228,222.799,262.39976256128494,1185.1406948321685,262.66400696027625,1186.58253046394,0.10541283554215256,10.686420441235704,0,1,8.79763412475586,4.211111111111111
2229,222.899,262.42664502849357,1185.5859727950085,262.7010758137966,1187.1514489775948,0.10496562386801128,10.727106664696443,0,1,8.796464920043945,4.378888888888889
2230,222.999,262.4400862621128,1186.053514657058,262.73379386123617,1187.7052402789873,0.10445180077935341,10.777830117700123,0,1,8.831989288330078,4.596111111111111
2231,223.101,262.47368934614593,1186.5433204167357,262.7678204708436,1188.2642739363187,0.1039462628489343,10.83943667657233,0,1,8.842512130737305,4.843055555555555
2232,223.2,262.4938511965449,1187.055390074041,262.79734220322337,1188.7996533693404,0.10339228700132372,10.893280316744908,0,1,8.960851669311523,4.991944444444444
2233,223.3,262.5341748973877,1187.5785916805557,262.83076580703994,1189.3568719912446,0.1028701397291321,11.046267770936625,0,1,9.235655784606934,5.235
2234,223.399,262.5610573646112,1188.11292523628,262.79069197134123,1189.9290903392784,0.08290159793937812,10.108096303223407,0,1,9.399374008178711,5.338888888888889
2235,223.5,262.5879398318198,1188.669522690423,262.8233645955036,1190.5210529182755,0.0827601384767739,10.18247483940552,0,1,9.562172889709473,5.4319444444444445
2236,223.599,262.62154291585296,1189.2372520929844,262.85552608718757,1191.1047501700634,0.08260137955259853,10.235305546188874,0,1,9.665886878967285,5.648888888888888
2237,223.699,262.64842538307647,1189.827245394756,262.88786396679484,1191.7057417960893,0.08240376250825314,10.307201561406618,0,1,9.76209831237793,5.824999999999999
2238,223.799,262.68202846712455,1190.417238695736,262.9200109237332,1192.3029539449194,0.08219209167503269,10.295601290161873,0,1,9.619771957397461,5.891111111111111
2239,223.899,262.7156315511278,1191.0294958951351,262.952441198195,1192.9063350156816,0.08196300462121578,10.407677598695786,0,1,9.851866722106934,6.1161111111111115
2240,223.999,262.74251401836625,1191.6640169929533,262.98346520595226,1193.5132875779686,0.08169434011890046,10.347216725296127,0,1,9.583416938781738,6.251111111111111
2241,224.099,262.7693964855749,1192.2874061407708,263.01240316683453,1194.110087239377,0.08139625040822934,10.360541702530304,0,1,9.543706893920898,6.1930555555555555
2242,224.2,262.81644080322724,1192.9441911370077,263.04778616765253,1194.7614140383603,0.08112346247887603,10.740003139529612,0,1,10.46791934967041,6.606944444444444
2243,224.3,262.84332327045075,1193.6009761324535,263.0856570082428,1195.4669143247263,0.08080748452430828,10.99132439352015,0,1,11.018213272094727,6.5119444444444445
2244,224.4,262.88364697127855,1194.2800250263183,263.1269431270158,1196.20933416529,0.08048982529083278,11.213354872536122,0,1,11.454750061035156,6.723888888888888
2245,224.5,262.92397067212124,1194.9813378186016,263.1685372618016,1196.9553361184007,0.08016531048987721,11.17147581258208,0,1,11.263242721557617,6.918055555555556
2246,224.6,262.9575737561395,1195.6826506100942,263.2089921700602,1197.7021143303716,0.0798125333200337,11.37037519913005,0,1,11.646745681762695,6.943888888888889
2247,224.701,262.9978974569673,1196.395095351587,263.2515263539237,1198.4748415391755,0.07945549642847216,11.48544392158692,0,1,11.797871589660645,7.155
2248,224.799,263.03150054100047,1197.1409359399174,263.2917413726415,1199.238906966314,0.07906218936300784,11.678359801071055,0,1,12.226862907409668,7.263055555555555
2249,224.9,263.07854485865283,1197.875644579038,263.335327380971,1200.0310327856635,0.07869087605259666,11.571224484860622,0,1,11.882396697998047,7.356111111111111
