row,t,ref_E,ref_N,ekf_E,ekf_N,ekf_psi_rad,cov_trace,in_outage,gnss_used,gru_speed,ref_speed
2913,291.3,-1059.3932563885385,585.9746675870203,-1059.3932563885385,585.9746675870203,5.517177751771795,58.121846967914685,0,0,21.82815933227539,13.893055555555556
2914,291.4,-1060.2624171070242,587.0322027500504,-1060.5897509109175,587.2184872159733,5.517177751771795,103.90289744992381,0,0,20.62468719482422,13.556944444444444
2915,291.5,-1061.2051221940726,588.0118142686144,-1062.021088932143,588.7064391398375,5.517177751771795,106.96913332371489,0,0,20.66806983947754,13.59388888888889
2916,291.6,-1062.1143980226373,589.058217481644,-1063.4415715713342,590.1831063173018,5.517177751771795,109.04574267719335,0,0,20.311519622802734,13.726111111111111
2917,291.7,-1063.0838465163652,590.0155651025801,-1064.8491409405485,591.6463494645088,5.517177751771795,113.82828079114122,0,0,20.295534133911133,13.69
2918,291.8,-1064.0666667134622,590.9729127235163,-1066.2519579809946,593.1046523134572,5.517177751771795,119.08491711575157,0,0,20.174419403076172,13.70111111111111
2919,291.9,-1065.002685948781,591.9191283952431,-1067.628266772223,594.5353984288901,5.517177751771795,122.67830062730677,0,0,19.53079605102539,13.423055555555555
2920,292.0,-1065.9721344424938,592.8876079653887,-1068.9492771802782,595.9086589368641,5.517177751771795,125.63172431831818,0,0,18.579113006591797,13.565000000000001
2921,292.1,-1066.8613527160487,593.8338236371155,-1070.249331788681,597.2601347776621,5.517177751771795,135.51781671605644,0,0,18.926240921020508,13.163055555555555
2922,292.2,-1067.87760217154,594.7021156651673,-1071.5291084720395,598.5905306379562,5.517177751771795,140.2112929439465,0,0,17.99411392211914,13.258055555555554
2923,292.301,-1068.8604223686375,595.6149354892659,-1072.8004226092462,599.912129231888,5.517177751771795,151.52324823619736,0,0,18.318973541259766,13.403055555555557
2924,292.4,-1069.8231850106654,596.4943594665272,-1074.0567298383019,601.2181273474397,5.517177751771795,161.92195059860884,0,0,18.290403366088867,13.076944444444443
2925,292.5,-1070.7926335043933,597.3849153929979,-1075.3038940952285,602.5146208576729,5.517177751771795,170.4786874577133,0,0,17.68911361694336,13.14611111111111
2926,292.6,-1071.721966888042,598.3199991155152,-1076.5256416575849,603.7846923634435,5.517177751771795,181.78647982756476,0,0,17.55715560913086,13.18611111111111
2927,292.7,-1072.7047870851393,599.2216869919863,-1077.7497142115026,605.0571808214753,5.517177751771795,195.40161370903476,0,0,17.756187438964844,13.268888888888888
2928,292.8,-1073.6809214305517,600.112242917666,-1078.9579029593904,606.3131572191901,5.517177751771795,205.81300716018256,0,0,17.098922729492188,13.211111111111112
2929,292.9,-1074.657055775979,600.9805349457177,-1080.119565694588,607.5207673546623,5.517177751771795,216.4862152961028,0,0,16.413955688476562,13.225
2930,293.0,-1075.6198184179775,601.8933547706073,-1081.2650018187378,608.7115090657875,5.517177751771795,231.58606777822283,0,0,16.630800247192383,13.02611111111111
2931,293.1,-1076.58258106005,602.7727787478685,-1082.4115690341591,609.9034266063871,5.517177751771795,245.68865953905058,0,0,16.44658660888672,12.98111111111111
2932,293.2,-1077.5654012571174,603.6522027251298,-1083.5315133243162,611.0676682016276,5.517177751771795,258.4990103900384,0,0,15.862753868103027,13.219999999999999
2933,293.3,-1078.5014204924662,604.531626702391,-1084.6196884817732,612.1988840954479,5.517177751771795,272.66372175486396,0,0,15.53007698059082,12.836944444444445
2934,293.4,-1079.510984096243,605.3887867812335,-1085.7046132724638,613.3267210603138,5.517177751771795,289.7784843581156,0,0,15.768983840942383,13.23
2935,293.5,-1080.4202599248522,606.2682107584948,-1086.7853288340614,614.45018230789,5.517177751771795,305.01391076566085,0,0,15.408644676208496,12.718055555555555
2936,293.6,-1081.3495933084712,607.1142388881277,-1087.8511670876392,615.5581778033087,5.517177751771795,321.8693465314073,0,0,15.339787483215332,12.511944444444444
2937,293.701,-1082.3524710605932,607.8712114248764,-1088.9347148252853,616.6845832483683,5.517177751771795,341.03402271195216,0,0,15.610048294067383,12.406944444444443
2938,293.801,-1083.2483751858479,608.6615798108353,-1090.0199521404347,617.8127450990144,5.517177751771795,360.1159119163816,0,0,15.698028564453125,12.141944444444446
2939,293.9,-1084.191080272866,609.4408162460027,-1091.0949455391908,618.930257854283,5.517177751771795,379.0039675527399,0,0,15.627779006958008,12.024999999999999
2940,294.001,-1085.107041953175,610.1866568335419,-1092.2160620354036,620.0957180200011,5.517177751771795,402.964997602908,0,0,16.39514923095703,11.866111111111111
2941,294.101,-1086.0029460783553,610.8879696266164,-1093.338809128476,621.2628732777924,5.517177751771795,422.5959014492716,0,0,15.995049476623535,11.468055555555555
2942,294.201,-1086.9122219069795,611.6226782657371,-1094.4225914561578,622.3895225916585,5.517177751771795,440.89342009540024,0,0,15.271052360534668,11.568888888888889
2943,294.301,-1087.7880684771649,612.3796508032768,-1095.4575814233767,623.4654496543557,5.517177751771795,459.20546101279996,0,0,14.587435722351074,11.434999999999999
2944,294.4,-1088.704030157444,613.0364357995136,-1096.4734176203938,624.5214653552371,5.517177751771795,482.2214779234464,0,0,15.014503479003906,11.321944444444444
2945,294.5,-1089.599934282669,613.7488805394246,-1097.5141236712027,625.6033345905365,5.517177751771795,504.6018754611789,0,0,15.008888244628906,11.338055555555556
2946,294.6,-1090.482466704554,614.394533586452,-1098.5411410251022,626.6709736980818,5.517177751771795,525.7520647206751,0,0,14.619597434997559,10.968055555555555
2947,294.7,-1091.3449415713849,615.0847144295261,-1099.5389261356604,627.7082243354869,5.517177751771795,546.65855364827,0,0,14.165565490722656,11.028888888888888
2948,294.8,-1092.2341598449545,615.719235527344,-1100.4910487583772,628.6980063906113,5.517177751771795,565.6506325714793,0,0,13.302277565002441,10.905000000000001
2949,294.9,-1093.11669226681,616.3648885735804,-1101.4190063711121,629.6626676339082,5.517177751771795,588.5114937157691,0,0,13.468427658081055,10.898888888888887
2950,295.0,-1093.9591095786163,617.0439374674452,-1102.3518387240904,630.6323964286959,5.517177751771795,611.270614743706,0,0,13.442909240722656,10.809999999999999
2951,295.1,-1094.8616995555258,617.6116668700067,-1103.3041519887106,631.6223766662081,5.517177751771795,637.3456744100052,0,0,14.030433654785156,10.616944444444444
2952,295.2,-1095.6907451639624,618.257319917034,-1104.2590829679814,632.6150781571857,5.517177751771795,659.7817490092871,0,0,13.518427848815918,10.48611111111111
2953,295.3,-1096.559905882463,618.891841014061,-1105.2020741179088,633.5953675611659,5.517177751771795,685.0715351233304,0,0,13.685980796813965,10.83388888888889
2954,295.4,-1097.415694897624,619.5152301634606,-1106.149304942775,634.5800643325103,5.517177751771795,710.174715969185,0,0,13.640738487243652,10.493888888888888
2955,295.5,-1098.2581122093857,620.1386193104871,-1107.0977434528597,635.5660165568069,5.517177751771795,736.3216345630935,0,0,13.720821380615234,10.45
2956,295.6,-1099.1473304829851,620.7397445622589,-1108.0670798460692,636.5736932409718,5.517177751771795,765.3201000389267,0,0,14.243622779846191,10.67388888888889
2957,295.7,-1099.976376091392,621.3297378624483,-1109.0642013628064,637.6102540373415,5.517177751771795,794.6939089792218,0,0,14.522396087646484,10.236944444444445
2958,295.8,-1100.832165106538,621.852939469754,-1110.0718273905604,638.6577348310457,5.517177751771795,823.9072454902571,0,0,14.54666805267334,10.04611111111111
2959,295.9,-1101.6612107149597,622.3650091270594,-1111.0708218392056,639.6962426396475,5.517177751771795,852.2502703528515,0,0,14.273383140563965,9.751111111111111
2960,296.001,-1102.4902563234111,622.8770787851556,-1112.0811814153267,640.74656510212,5.517177751771795,883.9645234042719,0,0,14.58594799041748,9.751111111111111
2961,296.101,-1103.352731190242,623.3668845440423,-1113.093543210103,641.7989689772678,5.517177751771795,915.1772557030802,0,0,14.619738578796387,9.858055555555557
2962,296.201,-1104.168405095294,623.8789542021385,-1114.104726872958,642.8501481216862,5.517177751771795,946.5435056767485,0,0,14.551959991455078,9.591944444444444
2963,296.301,-1105.0041365554005,624.3576280126067,-1115.1145060269614,643.899867204528,5.517177751771795,978.8868339873916,0,0,14.579219818115234,9.556944444444445
2964,296.401,-1105.7930670537432,624.8251698738653,-1116.129208350268,644.9547041834417,5.517177751771795,1012.3777909980041,0,0,14.693988800048828,9.22888888888889
2965,296.5,-1106.5886834037708,625.3149756335429,-1117.1445071076942,646.0101611873125,5.517177751771795,1046.8673058485006,0,0,14.892289161682129,9.293888888888889
2966,296.601,-1107.3909856054684,625.7491216479642,-1118.2074685683401,647.1151661036268,5.517177751771795,1085.2893772372117,0,0,15.469532012939453,9.206944444444446
2967,296.7,-1108.2133453622203,626.1610037631758,-1119.2820566128898,648.2322574716605,5.517177751771795,1123.9130497064064,0,0,15.844463348388672,9.033888888888889
2968,296.8,-1109.0089617122774,626.5728858791784,-1120.3934992394377,649.3876611358634,5.517177751771795,1164.563955426849,0,0,16.21961212158203,8.965
2969,296.9,-1109.8112639139454,626.9736360459716,-1121.525022306248,650.5639394846462,5.517177751771795,1205.8818833502723,0,0,16.423765182495117,8.975
2970,297.0,-1110.6202519673275,627.3743862127648,-1122.6616691345357,651.745544255724,5.517177751771795,1246.9090686219683,0,0,16.367427825927734,8.98611111111111
2971,297.1,-1111.4225541690398,627.7528724819301,-1123.8124938097662,652.9418876520056,5.517177751771795,1291.8330867771747,0,0,16.832782745361328,8.878888888888888
2972,297.2,-1112.231542222422,628.1313587510954,-1124.9681255567846,654.143228254823,5.517177751771795,1333.8185726139084,0,0,16.506107330322266,8.901944444444444
2973,297.3,-1113.0338444241197,628.5098450186787,-1126.0873752122425,655.3067477403861,5.517177751771795,1373.3949421050454,0,0,15.783193588256836,8.803055555555556
2974,297.4,-1113.8294607741768,628.8549354402159,-1127.1864160986925,656.4492591368196,5.517177751771795,1417.1627972809208,0,0,15.923103332519531,8.715
2975,297.501,-1114.61839127249,629.2222897601716,-1128.2801119709607,657.5862141070163,5.517177751771795,1457.9613250469176,0,0,15.316597938537598,8.706944444444444
2976,297.601,-1115.434065177572,629.522852384871,-1129.3230615930079,658.6704156538251,5.517177751771795,1497.86705708123,0,0,14.77151870727539,8.678055555555556
2977,297.701,-1116.256424934294,629.8345469595708,-1130.3302259083528,659.717416472948,5.517177751771795,1537.3569580145077,0,0,14.284225463867188,8.766944444444444
2978,297.801,-1117.0720988393762,630.1017137374329,-1131.3045958163946,660.7303257632251,5.517177751771795,1576.3384775433105,0,0,13.825430870056152,8.545
2979,297.901,-1117.9145161511672,630.3800124645044,-1132.2535979878444,661.7168639434594,5.517177751771795,1615.6989854554442,0,0,13.552390098571777,8.805
2980,298.001,-1118.783676869668,630.5915194971104,-1133.1673360352245,662.6667431930466,5.517177751771795,1652.2830794842605,0,0,12.808094024658203,8.846944444444444
2981,298.101,-1119.6127224781044,630.8252904281352,-1134.0746798599482,663.6099753084404,5.517177751771795,1694.4078150927337,0,0,13.36792278289795,8.68611111111111
2982,298.201,-1120.4618256415508,631.0256655107409,-1134.997146443729,664.5689283353864,5.517177751771795,1734.9449056867081,0,0,13.24437141418457,8.7
2983,298.3,-1121.297557101672,631.1926447473002,-1135.922828180233,665.5312236844178,5.517177751771795,1778.699451957984,0,0,13.730424880981445,8.47
2984,298.401,-1122.146660265148,631.3373600854405,-1136.9130402638261,666.5606017579178,5.517177751771795,1827.4949492640385,0,0,14.553424835205078,8.588055555555556
2985,298.501,-1122.9823917252545,631.5266032196278,-1137.902090788484,667.5887723291877,5.517177751771795,1870.6745786083338,0,0,13.979753494262695,8.635
2986,298.601,-1123.8782958504946,631.6379227101401,-1138.8610625033893,668.5856743795526,5.517177751771795,1914.4001798012994,0,0,13.68567943572998,8.856111111111112
2987,298.701,-1124.7340848656404,631.7381102522337,-1139.7948863463284,669.5564338808351,5.517177751771795,1957.0104509937007,0,0,13.254261016845703,8.719999999999999
2988,298.801,-1125.5965597324712,631.8382977935365,-1140.7283316492228,670.5267998696283,5.517177751771795,2003.78659958819,0,0,13.674758911132812,8.716111111111111
2989,298.901,-1126.4790921543413,631.9162214372114,-1141.6600662988822,671.4953875434923,5.517177751771795,2047.271154649752,0,0,13.204910278320312,8.815
2990,299.0,-1127.2947660594234,631.8828255903742,-1142.5600238176078,672.4309412013469,5.517177751771795,2091.012431041082,0,0,13.020270347595215,8.561944444444444
2991,299.1,-1128.1706126296235,631.9162214372114,-1143.454167467365,673.3604510335027,5.517177751771795,2134.784885757344,0,0,12.774933815002441,8.803055555555556
2992,299.201,-1129.0732026065334,631.9162214372114,-1144.3297063909736,674.2706202643081,5.517177751771795,2177.03200427174,0,0,12.233457565307617,8.936111111111112
2993,299.301,-1129.9289916216792,631.8939575387926,-1145.2106303288533,675.1863875035688,5.517177751771795,2226.0543145494644,0,0,13.180370330810547,8.67
2994,299.4,-1130.8048381918795,631.8716936411648,-1146.1380500550615,676.1504895852419,5.517177751771795,2276.9571231150708,0,0,13.845071792602539,8.763055555555555
2995,299.5,-1131.7074281688042,631.8382977935365,-1147.1185136611305,677.1697335983928,5.517177751771795,2330.9917085608918,0,0,14.44038200378418,8.98
2996,299.6,-1132.596646442344,631.7603741498616,-1148.1204985463728,678.2113501247271,5.517177751771795,2384.192490625103,0,0,14.465940475463867,8.903055555555556
2997,299.7,-1133.4992364192688,631.6267907609306,-1149.1108611845082,679.2408847076729,5.517177751771795,2435.669153152437,0,0,14.105091094970703,9.091944444444445
2998,299.8,-1134.381768841139,631.5599990672561,-1150.079985944379,680.2483413877375,5.517177751771795,2487.20587448446,0,0,13.85324764251709,8.856944444444444
2999,299.9,-1135.2643012630092,631.3707559314869,-1151.051225318653,681.2579963218295,5.517177751771795,2542.0661700928745,0,0,14.166095733642578,9.026944444444444
3000,300.001,-1136.1735770916036,631.2149086449281,-1142.9246615554177,638.5796279959653,5.336381764904277,48.994347406363985,0,1,13.92470932006836,9.12
3001,300.101,-1137.0561095134888,631.0590613583691,-1140.9288211707687,635.5990592575354,5.332602609965506,28.32127489311559,0,1,13.727889060974121,8.92611111111111
3002,300.2,-1137.938641935359,630.8252904281352,-1140.7316512321079,634.5581604853531,5.32819577865042,21.507739583506698,0,1,14.013551712036133,9.023888888888887
3003,300.3,-1138.8479177639533,630.6360472939481,-1141.0913781411473,634.0926972095292,5.3229013121878115,18.040114007796692,0,1,13.76349925994873,9.136111111111111
3004,300.401,-1139.7371360375232,630.3688805152949,-1141.6822993007477,633.8312539327201,5.316360823722003,16.20316457070219,0,1,13.730184555053711,9.066111111111113
3005,300.5,-1140.633040162748,630.1128456866423,-1142.395151835261,633.6582359212008,5.308498218099577,15.415367668102634,0,1,14.249320983886719,9.083888888888888
3006,300.6,-1141.495515029564,629.8011511127336,-1143.2055212134705,633.5271247129847,5.299123868439635,14.799162055441101,0,1,14.330843925476074,9.06388888888889
3007,300.7,-1142.378047451449,629.5117204364526,-1144.0743439791086,633.403206948004,5.288279562174422,14.609318212629658,0,1,14.704545974731445,9.031944444444445
3008,300.8,-1143.2137789115704,629.2222897601716,-1144.9459107732378,633.2519001041827,5.276251043990212,13.823346994976026,0,1,13.893594741821289,8.808055555555555
3009,300.9,-1144.082939630071,628.9328590838907,-1145.7950122805187,633.0527226080152,5.263212259192795,13.396089106897136,0,1,13.509235382080078,9.053055555555556
3010,301.002,-1144.9253569418624,628.6100325599815,-1146.641091460038,632.8157728623755,5.249323325647028,12.918558416671926,0,1,12.871824264526367,8.91611111111111
3011,301.1,-1145.754402550314,628.3206018852826,-1147.4447129197265,632.5349038044609,5.23504713122173,12.870007799144545,0,1,13.052229881286621,8.91888888888889
3012,301.2,-1146.5633906036664,627.9977753613733,-1148.2670018821523,632.2413983084384,5.220370523525369,12.51215603575581,0,1,12.53436279296875,8.658055555555556
3013,301.3,-1147.3523211020092,627.697212735883,-1149.3683351777734,632.8545242006472,5.220370523525369,14.583203940548675,1,0,12.674272537231445,8.511111111111111
3014,301.4,-1148.1546233037216,627.3855181619742,-1150.4415073974965,633.4519717364274,5.220370523525369,16.212745639009885,1,0,11.89108657836914,8.53111111111111
3015,301.5,-1148.9301820987246,627.062691638856,-1151.4735459218234,634.0265196625268,5.220370523525369,18.221749937161633,1,0,11.732705116271973,8.383888888888889
3016,301.6,-1149.7124267453528,626.7509970641562,-1152.4938540905448,634.5945371623613,5.220370523525369,20.311157701514276,1,0,11.622573852539062,8.436111111111112
3017,301.7,-1150.5013572436956,626.4393024902474,-1153.5014441250262,635.1554743280037,5.220370523525369,22.41604916742836,1,0,11.441581726074219,8.373055555555556
3018,301.8,-1151.2501726319595,626.1164759671292,-1154.520118494805,635.722582272844,5.220370523525369,24.930350427138393,1,0,11.876298904418945,8.176111111111112
3019,301.9,-1152.0056738718931,625.8381772400577,-1155.5387061647084,636.2896419508487,5.220370523525369,27.021615054235202,1,0,11.439597129821777,8.05888888888889
3020,302.0,-1152.721060001763,625.5264826653579,-1156.5399185297188,636.8470285932485,5.220370523525369,29.433396540594224,1,0,11.478570938110352,7.853055555555556
3021,302.1,-1153.4498178349575,625.2147880906581,-1157.542635331292,637.4052527730918,5.220370523525369,31.88753213263997,1,0,11.474034309387207,7.84611111111111
3022,302.2,-1154.1384605581031,624.9364893643776,-1158.5676512907285,637.9758911551203,5.220370523525369,34.745218290418855,1,0,11.989007949829102,7.481111111111111
3023,302.3,-1154.8271032812338,624.6581906373061,-1159.6053037257047,638.5535644109867,5.220370523525369,37.23664510163706,1,0,11.763288497924805,7.391944444444444
3024,302.4,-1155.5023743010097,624.3687599618161,-1160.6434764432558,639.1315273142524,5.220370523525369,40.09478656382095,1,0,12.000917434692383,7.286944444444444
3025,302.5,-1156.170959469086,624.101593183954,-1161.7018983936584,639.7207632024557,5.220370523525369,43.05224844168917,1,0,12.226801872253418,7.221944444444444
3026,302.6,-1156.8194870821078,623.8232944568824,-1162.7637041389435,640.3118828888762,5.220370523525369,45.845993751091044,1,0,12.078373908996582,7.038055555555555
3027,302.7,-1157.4747005468591,623.5338637806016,-1163.8268188398617,640.9037312862184,5.220370523525369,48.94626392997391,1,0,12.25676441192627,7.136111111111111
3028,302.8,-1158.1098564565414,623.2555650535301,-1164.911132597635,641.5073814466385,5.220370523525369,52.25814834725418,1,0,12.563629150390625,6.944999999999999
3029,302.9,-1158.758384069593,623.0106621740867,-1166.018132142219,642.1236610501044,5.220370523525369,55.63331857068799,1,0,12.77605152130127,6.905
3030,303.001,-1159.400225830945,622.8436829375274,-1167.1765165283648,642.7685471963072,5.220370523525369,59.59352227955729,1,0,13.477315902709961,6.646944444444443
3031,303.1,-1160.0220100372576,622.6099120072936,-1168.350692003958,643.4222244268338,5.220370523525369,63.266154406714556,1,0,13.671538352966309,6.661944444444444
3032,303.201,-1160.6371083919003,622.4318008215248,-1169.5905165282693,644.1124492511782,5.220370523525369,67.69699486697846,1,0,14.427570343017578,6.433055555555555
3033,303.3,-1161.2588925982277,622.1980298912911,-1170.844402121222,644.8105020370145,5.220370523525369,71.71870658577508,1,0,14.564311981201172,6.6161111111111115
3034,303.4,-1161.8806768045404,622.0755784507784,-1172.1487865759204,645.5366681302542,5.220370523525369,76.55732548749084,1,0,15.293591499328613,6.303055555555555
3035,303.5,-1162.4824034558283,621.9085992150101,-1173.4750913087796,646.2750374989141,5.220370523525369,80.67579421702027,1,0,15.066076278686523,6.235
3036,303.6,-1163.097501810471,621.7972797244979,-1174.7693146297827,646.9955467700934,5.220370523525369,84.6015686633741,1,0,14.559234619140625,6.226111111111111
3037,303.7,-1163.6925426100593,621.6859602324037,-1176.0522110141558,647.7097502030734,5.220370523525369,89.37299551588558,1,0,14.806797981262207,6.046944444444444
3038,303.8,-1164.2808975579628,621.5857726918919,-1177.4059694853393,648.4634033891938,5.220370523525369,95.65644556216397,1,0,16.181297302246094,5.984999999999999
3039,303.9,-1164.8959959126057,621.5523768442636,-1178.7523872143397,649.2129698982203,5.220370523525369,99.0366944543924,1,0,14.638765335083008,6.068055555555555
3040,304.0,-1165.4642933054845,621.5078490482169,-1180.0133112839637,649.9149410864022,5.220370523525369,103.54629571535064,1,0,14.224311828613281,5.763055555555556
3041,304.1,-1166.045962401733,621.4744532005886,-1181.270162250953,650.6146447306733,5.220370523525369,108.92514308828088,1,0,14.545530319213867,5.8261111111111115
3042,304.2,-1166.620945646267,621.4855851497981,-1182.552663465545,651.3286281680108,5.220370523525369,114.48054024570538,1,0,14.811456680297852,5.705
3043,304.3,-1167.182557187476,621.4855851497981,-1183.8695808225546,652.0617714746597,5.220370523525369,120.58665779583126,1,0,15.333330154418945,5.6369444444444445
3044,304.4,-1167.7307970253155,621.5301129466358,-1185.2017863547405,652.8034258873714,5.220370523525369,126.15015725138159,1,0,15.161409378051758,5.498888888888889
3045,304.5,-1168.2790368631402,621.5523768442636,-1186.514966284701,653.5344885246369,5.220370523525369,131.71816505741117,1,0,14.897826194763184,5.503888888888889
3046,304.6,-1168.8072191459255,621.6191685387291,-1187.8037813833214,654.2519869751146,5.220370523525369,137.3363897576144,1,0,14.60368824005127,5.346944444444444
3047,304.7,-1169.3153438736858,621.6636963355668,-1189.0558722730289,654.9490406286479,5.220370523525369,142.71584748437888,1,0,14.057193756103516,5.101944444444444
3048,304.8,-1169.8301544530868,621.7416199784508,-1190.2720748722738,655.6261148508224,5.220370523525369,148.41713726847382,1,0,13.782190322875977,5.193888888888889
3049,304.9,-1170.3315933291626,621.8084116729163,-1191.4499147974516,656.2818321233237,5.220370523525369,153.7812690206899,1,0,13.179056167602539,5.093888888888889
3050,305.001,-1170.8330322052234,621.9085992150101,-1192.578975221479,656.9103932765896,5.220370523525369,158.9669726890561,1,0,12.409719467163086,5.031111111111111
3051,305.1,-1171.3010418228755,622.0087867563128,-1193.6223508389444,657.4912526951355,5.220370523525369,164.00753452672876,1,0,11.714828491210938,4.793888888888889
3052,305.2,-1171.7824231438967,622.1201062476161,-1194.6054300979908,658.0385444252041,5.220370523525369,168.75674330218354,1,0,10.788265228271484,4.8869444444444445
3053,305.3,-1172.2036317997997,622.1980298912911,-1195.5079153029965,658.5409685020664,5.220370523525369,173.33014643710237,1,0,9.869997024536133,4.353888888888888
3054,305.401,-1172.6315263074027,622.3204813310127,-1196.3543995292832,659.0122161786065,5.220370523525369,178.09909622394585,1,0,9.314534187316895,4.396944444444444
3055,305.5,-1173.012619853197,622.4318008215248,-1197.127649474771,659.4426934738473,5.220370523525369,182.46544109556544,1,0,8.5642671585083,4.066111111111111
3056,305.6,-1173.3937133990064,622.5876481088748,-1197.8835966424567,659.8635381101633,5.220370523525369,187.5296416333681,1,0,8.739678382873535,4.056111111111111
3057,305.7,-1173.7748069448155,622.7212314985968,-1198.634632289302,660.2816484453401,5.220370523525369,192.29321714019594,1,0,8.4518404006958,3.9819444444444447
3058,305.8,-1174.1358429355705,622.8214190391086,-1199.3983567399155,660.7068227860921,5.220370523525369,197.82902483236603,1,0,9.030130386352539,3.8188888888888886
3059,305.9,-1174.4901930746557,622.9772663272495,-1200.1989481771782,661.1525214098253,5.220370523525369,203.38240269906842,1,0,9.295741081237793,3.7849999999999997
3060,306.0,-1174.8111139553316,623.1108497153896,-1201.0168491757486,661.6078564689402,5.220370523525369,208.9890253448999,1,0,9.426353454589844,3.4738888888888884
3061,306.1,-1175.1320348360225,623.2555650535301,-1201.8254362912996,662.0580063803628,5.220370523525369,214.23449479786746,1,0,9.082542419433594,3.485
3062,306.2,-1175.426212309989,623.3891484424611,-1202.6209823874442,662.5008962036419,5.220370523525369,219.81316945005133,1,0,9.127839088439941,3.256944444444444
3063,306.3,-1175.7203897839559,623.5338637806016,-1203.3875763081166,662.9276680119617,5.220370523525369,224.71306928095578,1,0,8.419815063476562,3.258055555555555
3064,306.4,-1175.9878238511833,623.6674471687417,-1204.141434304618,663.3473495822266,5.220370523525369,230.51720949813162,1,0,8.836308479309082,3.0388888888888888
3065,306.5,-1176.2285145117016,623.8010305584636,-1204.9048362033657,663.7723443545794,5.220370523525369,235.94760569320016,1,0,8.63827896118164,2.8230555555555554
3066,306.6,-1176.4892627272443,623.9234819981853,-1205.6713271757483,664.1990588503813,5.220370523525369,241.85046561838357,1,0,8.907018661499023,2.841111111111111
3067,306.7,-1176.7433250911024,624.0904612347446,-1206.4556832385745,664.635719051137,5.220370523525369,247.82239391560665,1,0,9.047218322753906,2.9630555555555556
3068,306.801,-1176.9773298999503,624.2129126744662,-1207.2624227502079,665.0848403798333,5.220370523525369,254.06126290768256,1,0,9.236547470092773,2.743888888888889
3069,306.901,-1177.2313922638234,624.3687599618161,-1208.0717993720693,665.5354298186597,5.220370523525369,260.260838706524,1,0,9.290420532226562,2.8769444444444443
3070,307.001,-1177.4720829243267,624.5468711467939,-1208.8974974016403,665.9951055761937,5.220370523525369,266.8895044082843,1,0,9.610151290893555,2.8730555555555557
3071,307.101,-1177.6927160297907,624.680454535725,-1209.7415212683727,666.4649835417723,5.220370523525369,273.514010334669,1,0,9.709906578063965,2.6738888888888885
3072,307.2,-1177.9334066903086,624.8585657214936,-1210.5928689022767,666.9389387342571,5.220370523525369,280.4243960894742,1,0,9.974640846252441,2.866111111111111
3073,307.3,-1178.1540397957724,625.0032810596341,-1211.4635506683076,667.4236574643954,5.220370523525369,287.2880588573676,1,0,9.95562744140625,2.6399999999999997
3074,307.4,-1178.3746729012512,625.159128346193,-1212.3350551457422,667.9088342076018,5.220370523525369,294.3140969172684,1,0,9.993473052978516,2.75
3075,307.501,-1178.5819343033604,625.292711735124,-1213.2291658627491,668.4065961089751,5.220370523525369,301.85518467479653,1,0,10.270454406738281,2.5219444444444448
3076,307.601,-1178.7891957054546,625.4374270732645,-1214.1187789902003,668.9018541496004,5.220370523525369,308.9794840558155,1,0,10.093160629272461,2.546111111111111
3077,307.701,-1178.996457107534,625.5932743598235,-1215.0093204020898,669.3976289770375,5.220370523525369,316.62053069814743,1,0,10.291703224182129,2.5438888888888886
3078,307.8,-1179.197032657988,625.7379896987549,-1215.8459914390687,669.8634135362303,5.220370523525369,322.5061219801545,1,0,9.053497314453125,2.488888888888889
3079,307.9,-1179.3909223567425,625.8604411384765,-1216.6096648113314,670.2885594410665,5.220370523525369,328.6904011121816,1,0,8.4273042678833,2.381111111111111
3080,308.001,-1179.591497907167,626.0051564758261,-1217.3479353172734,670.6995632728914,5.220370523525369,335.27039648854065,1,0,8.304695129394531,2.436111111111111
3081,308.101,-1179.7853876059214,626.138739864757,-1218.0480371414737,671.0893181528413,5.220370523525369,341.2399915386238,1,0,7.7209272384643555,2.3630555555555555
3082,308.201,-1179.9592197496067,626.2611913052697,-1218.6900328219153,671.4467246624511,5.220370523525369,346.77242374320394,1,0,6.974621295928955,2.2380555555555555
3083,308.301,-1180.1464235966762,626.3836427449913,-1219.302424682124,671.787650378836,5.220370523525369,352.8065416403566,1,0,7.043283462524414,2.246111111111111
3084,308.401,-1180.3135698886917,626.5283580831318,-1219.9161843672234,672.1293375793475,5.220370523525369,358.8226624933454,1,0,7.005931377410889,2.2330555555555556
3085,308.501,-1180.4940878840766,626.6396775736439,-1220.516207954894,672.4633777336447,5.220370523525369,364.6069658882384,1,0,6.728858470916748,2.1838888888888888
3086,308.6,-1180.687977582831,626.7955248609939,-1221.0983807190626,672.7874801255614,5.220370523525369,370.5104461247541,1,0,6.731926441192627,2.411111111111111
3087,308.701,-1180.8618097265312,626.929108249925,-1221.6666791259572,673.1038585003898,5.220370523525369,375.9622067584499,1,0,6.147862911224365,2.246111111111111
3088,308.801,-1181.0356418702313,627.0515596896465,-1222.2090440470472,673.4057994001296,5.220370523525369,381.76043271540163,1,0,6.267096042633057,2.141111111111111
3089,308.901,-1181.24290327237,627.1851430785775,-1222.7457000459242,673.7045620760525,5.220370523525369,387.2960912969101,1,0,6.017183303833008,2.46
3090,309.001,-1181.4234212677254,627.3075945182993,-1223.2613719669735,673.9916426702384,5.220370523525369,392.73099538987685,1,0,5.78676176071167,2.266111111111111
3091,309.101,-1181.61062511478,627.4411779072303,-1223.7643336905091,674.2716473487008,5.220370523525369,398.2255094160792,1,0,5.726241588592529,2.278888888888889
3092,309.201,-1181.817886516904,627.5747612961613,-1224.258349870091,674.5466719381399,5.220370523525369,403.631945741673,1,0,5.581994533538818,2.458888888888889
3093,309.3,-1182.0318337706685,627.7306085843022,-1224.734282197654,674.8116290354957,5.220370523525369,408.9051946760164,1,0,5.422338008880615,2.591944444444444
3094,309.4,-1182.2524668761173,627.8641919724423,-1225.1840473192972,675.062018543039,5.220370523525369,413.7836108780277,1,0,4.8729729652404785,2.6149999999999998
3095,309.5,-1182.473099981596,628.0534351066294,-1225.595757799323,675.2912225861793,5.220370523525369,418.5393974686372,1,0,4.551251411437988,2.7730555555555556
3096,309.6,-1182.7137906421292,628.2204143431887,-1225.9894235814272,675.5103809347804,5.220370523525369,423.3089106338835,1,0,4.4599223136901855,2.908888888888889
3097,309.7,-1182.9611671543173,628.3985255281665,-1226.3762761115543,675.7257462662594,5.220370523525369,428.0622905571773,1,0,4.395293235778809,3.0130555555555554
3098,309.8,-1183.1951719631656,628.5543728155163,-1226.754998955634,675.936585706361,5.220370523525369,432.74177321901055,1,0,4.273830413818359,2.895
3099,309.901,-1183.4826635854326,628.7770117965408,-1227.1265582877406,676.1434371355012,5.220370523525369,437.40105186785314,1,0,4.14710807800293,3.406111111111111
3100,310.001,-1183.7300400976058,628.9328590838907,-1227.4801648321256,676.3402940375863,5.220370523525369,441.8756275674958,1,0,3.9470930099487305,3.0661111111111112
3101,310.101,-1184.004160016533,629.1332341672872,-1227.8078756528555,676.5227344872135,5.220370523525369,446.06610332986764,1,0,3.5543441772460938,3.3161111111111112
3102,310.201,-1184.2849657871004,629.3336092506839,-1228.098941548605,676.6847742781895,5.220370523525369,449.95728441556525,1,0,3.1082754135131836,3.411944444444444
3103,310.301,-1184.5657715576972,629.5117204364526,-1228.3616065900956,676.8310029811787,5.220370523525369,453.7304841837689,1,0,2.9042367935180664,3.365
3104,310.401,-1184.8733207350335,629.734359418268,-1228.6133579046452,676.971155884639,5.220370523525369,457.4837044593392,1,0,2.8584556579589844,3.6838888888888888
3105,310.5,-1185.1407548022908,629.9236025524551,-1228.859120362208,677.1079747213174,5.220370523525369,461.18221019716265,1,0,2.8239736557006836,3.401944444444444
3106,310.6,-1185.461675682952,630.1351095842701,-1229.111300134958,677.2483661524727,5.220370523525369,465.02813012952515,1,0,2.948526382446289,3.7380555555555555
3107,310.7,-1185.775910711973,630.3688805152949,-1229.3734856815606,677.3943279150456,5.220370523525369,468.96535368333997,1,0,3.0530099868774414,3.868055555555556
3108,310.801,-1186.1102032960036,630.580387547901,-1229.654751784612,677.5509120467237,5.220370523525369,473.174985961879,1,0,3.321542739868164,3.9480555555555554
3109,310.901,-1186.4311241766945,630.8141584781348,-1229.9498575779023,677.7152008959462,5.220370523525369,477.4376778215453,1,0,3.433551788330078,3.9369444444444444
3110,311.0,-1186.7787884640948,631.0590613583691,-1230.2520839619358,677.883453861379,5.220370523525369,481.77015844034077,1,0,3.554415702819824,4.211944444444445
3111,311.1,-1187.1264527514802,631.3039642378124,-1230.5764326523363,678.0640225736994,5.220370523525369,486.4422862764918,1,0,3.870060920715332,4.208055555555555
3112,311.201,-1187.5008604456345,631.5043393212089,-1230.9444767488421,678.2689170300362,5.220370523525369,491.7332356533854,1,0,4.4712090492248535,4.295
3113,311.301,-1187.8552105847045,631.7158463546059,-1231.3365768086953,678.487203722734,5.220370523525369,496.9211765920634,1,0,4.504124641418457,4.1930555555555555
3114,311.4,-1188.263047537253,631.9162214372114,-1231.7451774519034,678.7146764833184,5.220370523525369,502.54617856884806,1,0,4.943389415740967,4.505
3115,311.5,-1188.6374552313775,632.138860419027,-1232.1794938515325,678.9564655064952,5.220370523525369,508.20733245189996,1,0,4.998293876647949,4.385
3116,311.601,-1189.0252346288567,632.3614994000513,-1232.6322848613083,679.2085395613788,5.220370523525369,514.2494701678268,1,0,5.2636613845825195,4.533055555555556
3117,311.701,-1189.4665008397992,632.5730064326574,-1233.0835645851896,679.4597722657159,5.220370523525369,519.9544877448686,1,0,5.066319465637207,4.803055555555556
3118,311.801,-1189.8542802372635,632.8179093128915,-1233.537085257114,679.712252532058,5.220370523525369,526.0554880415569,1,0,5.314957618713379,4.57888888888889
3119,311.901,-1190.2955464482357,633.0182843962882,-1234.0008389307236,679.9704296302115,5.220370523525369,532.0962713048962,1,0,5.3005571365356445,4.803888888888889
3120,312.001,-1190.6833258457298,633.1963955812658,-1234.463020424379,680.2277314773827,5.220370523525369,538.1573629026019,1,0,5.278969764709473,4.426944444444445
3121,312.101,-1191.0911627982634,633.3856387162441,-1234.9472753687512,680.4973218729291,5.220370523525369,544.926183030971,1,0,5.805827617645264,4.491944444444444
3122,312.201,-1191.498999750782,633.5860137988496,-1235.4836609356776,680.7959339962199,5.220370523525369,552.4371719374625,1,0,6.472261428833008,4.518888888888889
3123,312.301,-1191.9068367033155,633.7195971877807,-1236.0677705967184,681.121114681296,5.220370523525369,560.3031459988115,1,0,6.898252010345459,4.371944444444445
3124,312.401,-1192.348102914258,633.8977083735494,-1236.6898119738696,681.4674123967067,5.220370523525369,568.6718611150357,1,0,7.340534210205078,4.7
3125,312.5,-1192.7626257184766,634.0312917624805,-1237.3420018241593,681.8304941199896,5.220370523525369,577.3930791274084,1,0,7.739160060882568,4.443888888888889
3126,312.6,-1193.1972060777193,634.2205348974586,-1238.05290944833,682.2262647152605,5.220370523525369,587.3662091155201,1,0,8.533811569213867,4.643888888888889
3127,312.7,-1193.6317864369921,634.3429863363892,-1238.8215978729988,682.6542025584705,5.220370523525369,597.7809121622739,1,0,9.061786651611328,4.576944444444444
3128,312.8,-1194.0663667962497,634.4654377761109,-1239.6363322221691,683.1077747067999,5.220370523525369,608.8583703667681,1,0,9.587821960449219,4.546111111111111
3129,312.901,-1194.487575452138,634.5990211650419,-1240.5093433621998,683.5937902267084,5.220370523525369,620.9104078769511,1,0,10.197909355163574,4.476111111111111
3130,313.001,-1194.9154699597107,634.6992087071357,-1241.41318910114,684.0969717287367,5.220370523525369,632.9812560213504,1,0,10.491496086120605,4.393055555555556
3131,313.101,-1195.3500503189684,634.8327920952759,-1242.3461232522625,684.6163470902952,5.220370523525369,645.7043849248654,1,0,10.863755226135254,4.53
3132,313.201,-1195.7779448265564,634.9329796373696,-1243.2982680292273,685.1464172321131,5.220370523525369,658.3205266365323,1,0,10.931235313415527,4.42
3133,313.301,-1196.2058393341147,635.0220352310449,-1244.2830516636643,685.6946578079107,5.220370523525369,672.617776946989,1,0,11.610872268676758,4.359999999999999
3134,313.401,-1196.6404196933725,635.1110908231383,-1245.3173423432747,686.270459535217,5.220370523525369,687.3535896791234,1,0,12.064472198486328,4.493888888888889
3135,313.501,-1197.0549424975907,635.2001464160227,-1246.366673180591,686.8546342943573,5.220370523525369,701.4247253723861,1,0,11.955147743225098,4.279999999999999
3136,313.601,-1197.476151153479,635.2558061612788,-1247.4091705179064,687.4350047640637,5.220370523525369,715.765210477318,1,0,11.908050537109375,4.298888888888889
3137,313.7,-1197.9040456610667,635.3448617533721,-1248.4410085634581,688.0094410812824,5.220370523525369,730.3585121964617,1,0,11.949729919433594,4.376111111111111
3138,313.801,-1198.3118826136001,635.4116534478377,-1249.4896818820046,688.5932497920276,5.220370523525369,745.0923475554957,1,0,11.817170143127441,4.116944444444444
3139,313.9,-1198.7330912694886,635.4673131938847,-1250.4985796168257,689.1549149697553,5.220370523525369,759.1713143637329,1,0,11.51019287109375,4.25
3140,314.0,-1199.1476140737068,635.500709041513,-1251.5026351211309,689.7138844210782,5.220370523525369,773.9478933650217,1,0,11.473055839538574,4.17
3141,314.1,-1199.5621368779102,635.5563687859781,-1252.4865055946548,690.2616166295074,5.220370523525369,787.9392517449472,1,0,11.048149108886719,4.198055555555555
3142,314.2,-1199.9699738304287,635.5786326851879,-1253.427073084414,690.7852415600303,5.220370523525369,801.3209112157366,1,0,10.481832504272461,4.0938888888888885
3143,314.3,-1200.3778107829771,635.6342924296531,-1254.3142357842582,691.2791354189254,5.220370523525369,814.0499241691552,1,0,9.825691223144531,4.173055555555555
3144,314.4,-1200.7722760321858,635.6342924296531,-1255.1631265095207,691.7517228216124,5.220370523525369,827.1767085107913,1,0,9.6057710647583,3.998888888888889
3145,314.5,-1201.1801129846897,635.6788202256997,-1255.9858561203528,692.2097460256904,5.220370523525369,839.8422522604639,1,0,9.226852416992188,4.096111111111111
3146,314.6,-1201.5678923821688,635.6788202256997,-1256.7949631851784,692.66018539896,5.220370523525369,853.1808974322704,1,0,9.2939453125,3.9061111111111106
3147,314.7,-1201.9623576313477,635.712216073328,-1257.5976839563734,693.1070694478165,5.220370523525369,866.1271868615261,1,0,9.080667495727539,3.9819444444444447
3148,314.8,-1202.3568228805116,635.7233480225375,-1258.369787089576,693.536908299235,5.220370523525369,878.3533470312352,1,0,8.593094825744629,3.936111111111111
3149,314.9,-1202.7646598330452,635.7344799717469,-1259.1072296042119,693.9474511786086,5.220370523525369,890.4931598908441,1,0,8.287271499633789,4.109999999999999
3150,315.0,-1203.1524392305391,635.7567438701657,-1259.8484277941172,694.3600848863634,5.220370523525369,903.8534848315011,1,0,8.67906379699707,3.92
3151,315.101,-1203.5535903313878,635.7456119201653,-1260.6286396766598,694.7944379734494,5.220370523525369,917.8810865022375,1,0,9.003485679626465,4.0088888888888885
3152,315.201,-1203.974798987291,635.7567438701657,-1261.432864176154,695.2421591654504,5.220370523525369,932.5568589297837,1,0,9.405548095703125,4.191944444444444
3153,315.3,-1204.3826359398095,635.7790077677936,-1262.21815431702,695.6793393783838,5.220370523525369,945.3466367003687,1,0,8.751642227172852,4.141944444444444
3154,315.401,-1204.7971587440277,635.8012716662124,-1262.9871122783102,696.1074272757858,5.220370523525369,959.0018546402003,1,0,8.675850868225098,4.1450000000000005
3155,315.501,-1205.2384249549407,635.8235355638403,-1263.7723537547568,696.5445803966675,5.220370523525369,974.1719948031273,1,0,9.298653602600098,4.465000000000001
3156,315.601,-1205.6730053142428,635.8457994622592,-1264.6152383576339,697.0138241207231,5.220370523525369,990.6419703232939,1,0,9.995326042175293,4.375
3157,315.701,-1206.1142715251708,635.8457994622592,-1265.5109293921344,697.5124658033423,5.220370523525369,1007.8932577436176,1,0,10.507414817810059,4.416111111111111
3158,315.801,-1206.5689094394531,635.8346675138407,-1266.4148200850223,698.0156723317593,5.220370523525369,1023.8962786799073,1,0,10.183019638061523,4.548055555555556
3159,315.901,-1207.003489798711,635.8124036146309,-1267.3102617271863,698.5141751747457,5.220370523525369,1040.8192181148145,1,0,10.31401252746582,4.3999999999999995
3160,316.001,-1207.4714994163776,635.8124036146309,-1268.224635605685,699.0232178152938,5.220370523525369,1058.6032443799784,1,0,10.616386413574219,4.633055555555556
3161,316.101,-1207.9127656273201,635.8124036146309,-1269.167986573893,699.5483923408486,5.220370523525369,1077.2373219947467,1,0,10.977310180664062,4.444999999999999
3162,316.2,-1208.3941469483416,635.8124036146309,-1270.125674665894,700.0815485110295,5.220370523525369,1095.9908192110868,1,0,11.16600227355957,4.781944444444444
3163,316.3,-1208.882214121033,635.8235355638403,-1271.1000853123032,700.6240143229804,5.220370523525369,1114.838615087852,1,0,11.138663291931152,4.898888888888888
3164,316.4,-1209.3635954420545,635.8346675138407,-1272.0854902611256,701.1726007917688,5.220370523525369,1134.7756591191237,1,0,11.4176664352417,4.853055555555556
3165,316.5,-1209.871720169815,635.7790077677936,-1273.0926749601515,701.7333123024188,5.220370523525369,1155.2419383111508,1,0,11.637210845947266,5.1049999999999995
3166,316.6,-1210.3731590458908,635.7790077677936,-1274.1139035807419,702.3018422285822,5.220370523525369,1175.970576049093,1,0,11.739137649536133,5.033055555555555
3167,316.7,-1210.8879696252916,635.7567438701657,-1275.1307424629208,702.8679283359919,5.220370523525369,1196.1959950129017,1,0,11.536727905273438,5.171111111111111
3168,316.801,-1211.409466056407,635.7678758193751,-1276.1543403486191,703.4377772597725,5.220370523525369,1217.5652978817861,1,0,11.66186809539795,5.188888888888889
3169,316.901,-1211.9309624875223,635.7790077677936,-1277.1667592870012,704.0014027327368,5.220370523525369,1238.3478202849528,1,0,11.512823104858398,5.206111111111111
3170,317.001,-1212.4457730669674,635.7567438701657,-1278.165519266262,704.5574241032855,5.220370523525369,1259.0946227368531,1,0,11.34920883178711,5.2219444444444445
3171,317.101,-1212.9873270530925,635.7344799717469,-1279.1388497680484,705.0992885860823,5.220370523525369,1279.0387766115186,1,0,10.930731773376465,5.418888888888889
3172,317.201,-1213.5823678527104,635.7678758193751,-1280.1031387769083,705.6361195639396,5.220370523525369,1300.4233856254427,1,0,11.142245292663574,5.79
3173,317.301,-1214.1640369489294,635.7678758193751,-1281.0621008054593,706.1699849495087,5.220370523525369,1320.7517232266894,1,0,10.808794975280762,5.788055555555555
3174,317.4,-1214.7323343417934,635.8012716662124,-1281.9904773208002,706.6868230218824,5.220370523525369,1341.0707849672165,1,0,10.65678596496582,5.765000000000001
3175,317.5,-1215.3273751413967,635.7567438701657,-1282.936689718185,707.213590538552,5.220370523525369,1363.0846009901281,1,0,11.002409934997559,5.931111111111111
3176,317.6,-1215.8956725342905,635.712216073328,-1283.9090216923864,707.7548991293546,5.220370523525369,1385.7020609066362,1,0,11.254673957824707,5.846111111111111
3177,317.7,-1216.4840274822236,635.7344799717469,-1284.8879522728378,708.2998812414908,5.220370523525369,1407.9158786438884,1,0,11.153454780578613,5.858055555555555
3178,317.8,-1216.9988380616244,635.6788202256997,-1285.8673912620236,708.8451463907201,5.220370523525369,1430.8828668321503,1,0,11.266311645507812,5.498888888888889
3179,317.9,-1217.6339939713066,635.6788202256997,-1286.8472239211362,709.3906307006055,5.220370523525369,1453.6192313742895,1,0,11.162466049194336,6.056111111111111
3180,318.0,-1218.229034770895,635.5563687859781,-1287.8280368179524,709.9366607202937,5.220370523525369,1477.164715944699,1,0,11.288749694824219,6.018888888888889
3181,318.1,-1218.7639029053796,635.4784451423033,-1288.808396050694,710.4824381798817,5.220370523525369,1500.3516263664246,1,0,11.152081489562988,5.698055555555556
3182,318.201,-1219.3856871116775,635.4561812446753,-1289.7890976558674,711.0284062422097,5.220370523525369,1523.9610399246465,1,0,11.074322700500488,6.106111111111111
3183,318.3,-1220.074329834823,635.4227853962561,-1290.7477192267997,711.5620820910376,5.220370523525369,1547.5048761965295,1,0,11.09057331085205,6.681111111111111
3184,318.4,-1220.7094857445052,635.3893895502099,-1291.7255226255504,712.1064366879278,5.220370523525369,1572.2011860917667,1,0,11.291753768920898,6.523888888888889
3185,318.5,-1221.3446416541872,635.3003339573255,-1292.7160902790417,712.6578972948328,5.220370523525369,1597.2058481104052,1,0,11.382752418518066,6.493888888888889
3186,318.6,-1221.9864834155392,635.2446742120693,-1293.7023722673023,713.2069720217416,5.220370523525369,1621.7110363883123,1,0,11.193653106689453,6.543055555555555
3187,318.7,-1222.6951836937242,635.2001464160227,-1294.6804569719427,713.7514832249132,5.220370523525369,1646.742740072124,1,0,11.195113182067871,6.88111111111111
3188,318.801,-1223.3437113067462,635.1444866699755,-1295.654815848819,714.2939202161591,5.220370523525369,1671.2391496237467,1,0,10.887540817260742,6.678888888888888
3189,318.9,-1224.018982326522,635.0220352310449,-1296.580241709521,714.809115624559,5.220370523525369,1694.6167416707215,1,0,10.50981616973877,6.925
3190,319.0,-1224.7410543080616,634.9886393834166,-1297.4928292622913,715.3171637966659,5.220370523525369,1718.5082780185483,1,0,10.379693031311035,7.041111111111111
3191,319.1,-1225.4698121412712,634.9552435357884,-1298.3857930211936,715.8142871730378,5.220370523525369,1741.7269296168326,1,0,10.060619354248047,7.281944444444444
3192,319.2,-1226.2319992328898,634.8773198929044,-1299.2760237550583,716.3098890423822,5.220370523525369,1766.3751024175563,1,0,10.317132949829102,7.591944444444444
3193,319.3,-1226.8738409942716,634.7103406563451,-1300.2115413208137,716.8307026211048,5.220370523525369,1793.667773662416,1,0,11.097253799438477,6.961944444444444
3194,319.4,-1227.6293422342053,634.6101531142514,-1301.2142129184633,717.3889016353945,5.220370523525369,1823.0380312801628,1,0,11.854316711425781,7.413888888888889
3195,319.5,-1228.324670809006,634.4654377761109,-1302.2620531512011,717.972246557519,5.220370523525369,1852.712554441919,1,0,12.131182670593262,7.283888888888889
3196,319.6,-1229.0534286422153,634.309590489552,-1303.3543000933591,718.5803132145409,5.220370523525369,1885.2000543676284,1,0,12.870804786682129,7.405
3197,319.7,-1229.8089298821492,634.1982709982487,-1304.4840007982548,719.2092308196603,5.220370523525369,1917.337312979836,1,0,12.98851490020752,7.603055555555555
3198,319.8,-1230.5577452704129,634.0646876101086,-1305.6080195574723,719.834985219116,5.220370523525369,1948.6426374330338,1,0,12.740742683410645,7.6499999999999995
3199,319.9,-1231.2597596968985,633.8420486282934,-1306.7441845067267,720.4675015447315,5.220370523525369,1982.8960461615334,1,0,13.266546249389648,7.528888888888888
3200,320.0,-1232.015260936847,633.6416735448967,-1307.8925089780519,721.1067872186062,5.220370523525369,2015.6057402970819,1,0,13.019079208374023,7.858055555555556
3201,320.1,-1232.7640763251109,633.4858262575468,-1309.0323455691075,721.7413475901875,5.220370523525369,2049.353106586265,1,0,13.07225513458252,7.6930555555555555
3202,320.2,-1233.4861483066059,633.2297914288941,-1310.1873613459722,722.3843583921753,5.220370523525369,2084.64681055456,1,0,13.366537094116211,7.7749999999999995
3203,320.3,-1234.2282778432298,632.9848885486599,-1311.355886596542,723.0348900762976,5.220370523525369,2119.8924595724425,1,0,13.381492614746094,7.933055555555556
3204,320.4,-1235.0573234516364,632.7845134652633,-1312.5354072744149,723.691543043497,5.220370523525369,2156.5553078759212,1,0,13.618227005004883,8.181111111111111
3205,320.5,-1235.7727095814914,632.4839508405639,-1313.7222453634138,724.3522696991174,5.220370523525369,2192.905942417987,1,0,13.548991203308105,8.045
3206,320.6,-1236.5215249697403,632.1611243166548,-1314.9160634381233,725.016882194481,5.220370523525369,2230.8300076729665,1,0,13.77800178527832,8.281944444444445
3207,320.7,-1237.216853544556,631.8382977935365,-1316.1009196788007,725.6765055319443,5.220370523525369,2266.8260988960456,1,0,13.343851089477539,7.893888888888889
3208,320.801,-1237.952297229465,631.4486795759528,-1317.2787854010455,726.3322371659748,5.220370523525369,2304.4374307068138,1,0,13.35103702545166,8.42388888888889
3209,320.9,-1238.6944267660292,631.1035891544158,-1318.4237739040718,726.9696656672513,5.220370523525369,2340.686871002745,1,0,13.122966766357422,8.13
3210,321.0,-1239.476671412702,630.8030265297164,-1319.5725896191386,727.6092248222668,5.220370523525369,2378.340661167352,1,0,13.173903465270996,8.399999999999999
3211,321.1,-1240.3190887244784,630.5247278026449,-1320.717318482912,728.2465087793323,5.220370523525369,2415.6663847613404,1,0,13.029417037963867,8.741111111111111
3212,321.2,-1241.1748777396247,630.2798249224106,-1321.8576606913066,728.8813506340042,5.220370523525369,2453.838626426682,1,0,13.073491096496582,8.676944444444445
3213,321.3,-1241.9771799413368,629.9458664500829,-1322.984996501918,729.5089516747955,5.220370523525369,2490.8072562617995,1,0,12.731695175170898,8.908888888888889
3214,321.401,-1242.8195972531132,629.6230399269648,-1324.0986520150734,730.1289367338707,5.220370523525369,2528.11297260208,1,0,12.507946968078613,8.91888888888889
3215,321.5,-1243.64195700988,629.2556856070089,-1325.1709919180794,730.7259209091926,5.220370523525369,2564.415169341162,1,0,12.28630256652832,9.068055555555556
3216,321.601,-1244.4041441014838,628.8549354402159,-1326.2676086680924,731.3364202893943,5.220370523525369,2603.4276607734882,1,0,12.567176818847656,8.831111111111111
3217,321.701,-1245.1730170448018,628.4541852734226,-1327.3641594820383,731.9468829622156,5.220370523525369,2641.8563454346317,1,0,12.53332805633545,8.748888888888889
3218,321.801,-1245.8950890263266,627.9977753613733,-1328.469488856228,732.5622327622742,5.220370523525369,2681.791427363747,1,0,12.768121719360352,8.776111111111112
3219,321.901,-1246.6439044145907,627.5524973985334,-1329.5734828606949,733.1768391463783,5.220370523525369,2720.5323004613533,1,0,12.502760887145996,8.764999999999999
3220,322.001,-1247.4863217263817,627.1740111301591,-1330.664597871615,733.7842756440311,5.220370523525369,2759.938832066398,1,0,12.473316192626953,9.299999999999999
3221,322.101,-1248.3889117032766,626.8623165554594,-1331.7554400341542,734.3915602437969,5.220370523525369,2799.8787656986665,1,0,12.496515274047852,9.341111111111111
3222,322.2,-1249.2380148667676,626.4615663886663,-1332.8352475211348,734.9927017105226,5.220370523525369,2839.640454352404,1,0,12.470396995544434,9.516111111111112
3223,322.3,-1250.1272331403222,626.1164759671292,-1333.922890662432,735.5982053777196,5.220370523525369,2880.0235604366503,1,0,12.426207542419434,9.518055555555556
3224,322.402,-1250.962964600429,625.6934619019172,-1335.029654260868,736.2143536272032,5.220370523525369,2921.608425976115,1,0,12.411321640014648,9.505
3225,322.5,-1251.8120677638901,625.292711735124,-1336.094056717822,736.8069189334033,5.220370523525369,2962.1351634415546,1,0,12.450531005859375,9.48611111111111
3226,322.601,-1252.7347152958243,624.9142254667497,-1337.2019279361173,737.4236838078268,5.220370523525369,3005.229990464287,1,0,12.6580171585083,9.84888888888889
3227,322.7,-1253.5905043110001,624.4912114015377,-1338.3011773326268,738.0356488131472,5.220370523525369,3048.0370769844985,1,0,12.758423805236816,9.674999999999999
3228,322.802,-1254.4997801396094,624.101593183954,-1339.4510754129333,738.6758105335603,5.220370523525369,3093.829718409071,1,0,13.047111511230469,9.871944444444445
3229,322.9,-1255.4291135232581,623.7231069147888,-1340.5563647076997,739.2911380209348,5.220370523525369,3136.439719654467,1,0,12.769758224487305,10.06888888888889
3230,323.0,-1256.3584469068921,623.2889609011582,-1341.6992310448447,739.9273850876261,5.220370523525369,3183.915702514493,1,0,13.390928268432617,10.251111111111111
3231,323.101,-1257.254351032117,622.8993426819926,-1342.8602137812497,740.5737177658308,5.220370523525369,3228.9052720933705,1,0,12.921327590942383,9.84611111111111
3232,323.2,-1258.176998564081,622.4651966691531,-1343.9819174459071,741.1981833250475,5.220370523525369,3274.651689248634,1,0,13.01429271697998,10.313055555555556
3233,323.3,-1259.0929602443603,622.0087867563128,-1345.1284896715117,741.8364935032203,5.220370523525369,3322.2513440545395,1,0,13.231223106384277,10.348055555555556
3234,323.4,-1259.982178517915,621.5412448958451,-1346.280900952467,742.4780543518506,5.220370523525369,3369.512298904269,1,0,13.147951126098633,10.18388888888889
3235,323.5,-1260.911511901564,621.0737030337955,-1347.4167831376412,743.1104132593931,5.220370523525369,3415.842883361033,1,0,12.852865219116211,10.42
3236,323.6,-1261.8809603952766,620.6729528670023,-1348.519898061203,743.7245302488681,5.220370523525369,3460.7721333897407,1,0,12.397894859313965,10.446944444444444
3237,323.701,-1262.8838381474136,620.3278624454654,-1349.6120728858132,744.3325567572068,5.220370523525369,3507.0368160321536,1,0,12.354913711547852,10.293055555555556
3238,323.8,-1263.7931139759785,619.8491886357882,-1350.6897591334885,744.932517305183,5.220370523525369,3553.8907260153405,1,0,12.562952041625977,10.466944444444444
3239,323.9,-1264.7959917281298,619.4261745705762,-1351.7975142293622,745.5492175328952,5.220370523525369,3602.5174988132285,1,0,12.794023513793945,10.753888888888888
3240,324.0,-1265.7253251117788,618.969764657736,-1352.92402045424,746.1763567335987,5.220370523525369,3652.265608196582,1,0,12.992173194885254,10.616111111111111
3241,324.1,-1266.6479726437424,618.4354311020118,-1354.0464465355033,746.8012244705956,5.220370523525369,3700.6120046290066,1,0,12.700627326965332,10.736944444444443
3242,324.2,-1267.6040494341007,617.9790211899625,-1355.1578072796158,747.419932004885,5.220370523525369,3750.0402987423745,1,0,12.738883018493652,10.626944444444444
3243,324.3,-1268.5266969660647,617.4446876342383,-1356.2793101592786,748.0442857847451,5.220370523525369,3800.8764517944123,1,0,12.932785034179688,10.761944444444445
3244,324.4,-1269.4159152396048,616.910354078514,-1357.4106961580928,748.6741416127148,5.220370523525369,3852.0355751134216,1,0,12.96511173248291,10.545
3245,324.5,-1270.4054212883868,616.431680268046,-1358.5462102541774,749.3062956007527,5.220370523525369,3903.9329383969966,1,0,13.027278900146484,10.84611111111111
3246,324.6,-1271.36818393043,615.9752703559967,-1359.6784273385797,749.9366141037968,5.220370523525369,3955.4391276714273,1,0,12.889641761779785,10.668055555555556
3247,324.7,-1272.3376324241724,615.4743326471098,-1360.799135504106,750.5605254569954,5.220370523525369,4006.923588940199,1,0,12.763834953308105,11.00611111111111
3248,324.8,-1273.3739394346885,615.0290546842699,-1361.9243989335623,751.1869727789413,5.220370523525369,4060.3042706147694,1,0,12.993913650512695,11.171944444444444
3249,324.9,-1274.309958670022,614.5058530777552,-1363.0724872195951,751.8261269656994,5.220370523525369,4115.428634919874,1,0,13.28630542755127,10.901944444444444
3250,325.0,-1275.3930666423166,614.0717070633337,-1364.2451688980038,752.4789725818491,5.220370523525369,4172.112053034458,1,0,13.556866645812988,11.44111111111111
3251,325.1,-1276.362515136044,613.604165202075,-1365.4502564982768,753.1498589539992,5.220370523525369,4231.598675635641,1,0,14.028090476989746,10.933055555555557
3252,325.201,-1277.2784768163085,613.0364357995136,-1366.7179044815098,753.855573423588,5.220370523525369,4295.465491697622,1,0,14.701602935791016,10.983055555555556
3253,325.301,-1278.3014121235146,612.5354980898356,-1368.014762003857,754.5775491854879,5.220370523525369,4359.784791816266,1,0,14.98400592803955,11.336111111111112
3254,325.4,-1279.3310332823607,612.0456923309491,-1369.3436603749344,755.3173624629015,5.220370523525369,4428.321100483466,1,0,15.742294311523438,11.456944444444444
3255,325.501,-1280.3339110344973,611.567018520481,-1370.7141890833739,756.0803518363913,5.220370523525369,4494.497591004044,1,0,15.31906509399414,11.181944444444445
3256,325.601,-1281.3635321933434,611.0660808115941,-1372.058288871843,756.8286279207933,5.220370523525369,4562.4267057755815,1,0,15.447938919067383,11.493055555555555
3257,325.701,-1282.3998392038595,610.5762750519167,-1373.436390009862,757.5958329544624,5.220370523525369,4635.031299908351,1,0,16.097370147705078,11.548055555555555
3258,325.801,-1283.416088659351,610.0642053946112,-1374.8113296646427,758.3612779534088,5.220370523525369,4702.104497869308,1,0,15.375571250915527,11.516944444444446
3259,325.901,-1284.51256833503,609.6411913301903,-1376.1213280716538,759.09056939961,5.220370523525369,4766.537122124939,1,0,14.610837936401367,11.568888888888889
3260,326.001,-1285.5622470489157,609.1736494689316,-1377.442736907148,759.8262131649022,5.220370523525369,4839.8283611552715,1,0,15.636760711669922,11.55611111111111
3261,326.101,-1286.6587267245945,608.7395034537192,-1378.7850805752746,760.573511596555,5.220370523525369,4908.064737407441,1,0,15.090044975280762,11.726944444444444
3262,326.201,-1287.741834696889,608.2830935424608,-1380.0957707481316,761.3031881568994,5.220370523525369,4976.947482064562,1,0,14.912199020385742,11.775
3263,326.301,-1288.8182568174989,607.8155516804112,-1381.3469939724869,761.9997587709756,5.220370523525369,5039.246636911373,1,0,13.728821754455566,11.813055555555556
3264,326.401,-1289.908050641493,607.3480098191525,-1382.5305225926854,762.658643006579,5.220370523525369,5101.963553528673,1,0,13.362641334533691,11.89611111111111
3265,326.5,-1291.004530317157,606.8804679578939,-1383.672741634646,763.2945297164648,5.220370523525369,5163.20388144859,1,0,13.047327995300293,11.996944444444443
3266,326.601,-1292.1076958444912,606.3906621982163,-1384.8279817767057,763.9376654251828,5.220370523525369,5227.206684287446,1,0,13.13477897644043,12.011111111111111
3267,326.7,-1293.2108613718253,605.9565161845859,-1385.9525755469092,764.5637399399845,5.220370523525369,5288.673375925701,1,0,12.86766529083252,11.933055555555557
3268,326.8,-1294.300655195805,605.4778423741178,-1387.052322465715,765.1759819217905,5.220370523525369,5348.226627429372,1,0,12.305999755859375,11.995000000000001
3269,326.9,-1295.3637056130747,604.9546407668121,-1388.1381486176076,765.7804740497187,5.220370523525369,5410.413301403049,1,0,12.549013137817383,11.954999999999998
3270,327.0,-1296.4401277336547,604.4870989063444,-1389.2205138988045,766.3830394704224,5.220370523525369,5470.806328265249,1,0,12.226778984069824,11.738055555555555
3271,327.101,-1297.563350816073,604.0306889935041,-1390.325678749462,766.998297678305,5.220370523525369,5536.303335231779,1,0,12.820432662963867,12.06611111111111
3272,327.202,-1298.6665163434218,603.552015183036,-1391.4721690209783,767.6365622316775,5.220370523525369,5603.735053652474,1,0,13.163369178771973,12.043055555555554
3273,327.3,-1299.722880909007,603.1067372201961,-1392.5937884226066,768.2609808806797,5.220370523525369,5668.395964722226,1,0,13.034932136535645,11.593055555555555
3274,327.4,-1300.7993030296166,602.628063409728,-1393.7222889529226,768.8892303345631,5.220370523525369,5733.561936904686,1,0,12.796915054321289,11.80888888888889
3275,327.5,-1301.8623534468868,602.1271257016322,-1394.8353295748161,769.5088730764757,5.220370523525369,5798.800900547279,1,0,12.681048393249512,11.781944444444443
3276,327.601,-1302.8986604574175,601.6595838403734,-1395.9575217851452,770.133610614786,5.220370523525369,5865.784427138323,1,0,12.752067565917969,11.466944444444445
3277,327.701,-1304.0419410948455,601.2031739275333,-1397.0658253691765,770.7506161922754,5.220370523525369,5931.6462914221565,1,0,12.617463111877441,12.04111111111111
3278,327.8,-1305.1451066221796,600.7356320662745,-1398.1642638285498,771.3621297394003,5.220370523525369,5998.527304660023,1,0,12.780227661132812,12.014999999999999
3279,327.9,-1306.2081570394494,600.2680902050158,-1399.2836849113087,771.9853245585573,5.220370523525369,6066.776902736866,1,0,12.84378719329834,11.760000000000002
3280,328.0,-1307.3180084184532,599.8116802921757,-1400.3993900649216,772.6064506764652,5.220370523525369,6134.477777343633,1,0,12.695168495178223,11.851944444444445
3281,328.101,-1308.387744687423,599.3441384317078,-1401.5238600238706,773.2324562640924,5.220370523525369,6204.16072286705,1,0,12.789569854736328,11.715
3282,328.2,-1309.4975960664271,598.8877285196586,-1402.6326591012287,773.8497376885165,5.220370523525369,6273.220281129803,1,0,12.847675323486328,11.968055555555555
3283,328.3,-1310.600761593776,598.420186657609,-1403.756486670765,774.4753856504389,5.220370523525369,6343.602184187663,1,0,12.877205848693848,12.00111111111111
3284,328.4,-1311.6638120110163,597.9081170003036,-1404.8757667672783,775.0985019809027,5.220370523525369,6413.567065826774,1,0,12.743581771850586,11.87888888888889
3285,328.5,-1312.6733756148674,597.3960473422073,-1405.9965814224165,775.7224726181145,5.220370523525369,6485.323606794443,1,0,12.912332534790039,11.466111111111111
3286,328.6,-1313.8902006207534,597.0286930230424,-1407.1137812635434,776.3444308460562,5.220370523525369,6555.701231709751,1,0,12.660837173461914,12.226944444444445
3287,328.7,-1314.9398793346538,596.5054914157366,-1408.2497406911814,776.9768327553824,5.220370523525369,6631.505887827328,1,0,13.341747283935547,11.811944444444444
3288,328.8,-1316.0363590103182,596.0156856560591,-1409.4132600551172,777.6245776038238,5.220370523525369,6706.640396770526,1,0,13.291695594787598,12.04888888888889
3289,328.901,-1317.1863254994307,595.5815396424287,-1410.5971292208426,778.2836514251078,5.220370523525369,6784.891399327798,1,0,13.539253234863281,12.141944444444446
3290,329.001,-1318.2694334717253,595.1028658327515,-1411.7691663787957,778.936138229176,5.220370523525369,6860.848842688737,1,0,13.289165496826172,12.0
3291,329.101,-1319.4127141091533,594.6464559199113,-1412.9236312510732,779.5788423361319,5.220370523525369,6936.6449485663625,1,0,13.137016296386719,12.229999999999999
3292,329.201,-1320.5426230432113,594.2123099062808,-1414.0623033307365,780.2127544105911,5.220370523525369,7011.725722100411,1,0,12.927661895751953,12.06611111111111
3293,329.301,-1321.652474422245,593.7113721973939,-1415.1878429832443,780.8393555091428,5.220370523525369,7086.961737845207,1,0,12.836409568786621,12.251111111111111
3294,329.401,-1322.7556399495938,593.210434487716,-1416.3226533563163,781.4711177263428,5.220370523525369,7164.958116152146,1,0,13.139872550964355,12.14388888888889
3295,329.501,-1323.8721771802825,592.787420423295,-1417.4639542628483,782.1064932994891,5.220370523525369,7242.033775898545,1,0,12.984980583190918,11.926944444444443
3296,329.601,-1325.0154578177105,592.3087466128269,-1418.595458625116,782.7364150217787,5.220370523525369,7319.347579182359,1,0,12.91562557220459,12.413888888888888
3297,329.7,-1326.138680900099,591.8300728031497,-1419.709017818085,783.3563464582786,5.220370523525369,7395.901624457888,1,0,12.831681251525879,12.24388888888889
3298,329.801,-1327.2886473892113,591.3625309411001,-1420.8050947336799,783.9665453063412,5.220370523525369,7468.886379431984,1,0,12.009563446044922,12.37388888888889
3299,329.901,-1328.338326103097,590.8949890798415,-1421.8714151218571,784.5601783473019,5.220370523525369,7545.109167027386,1,0,12.398954391479492,11.798888888888891
3300,330.001,-1329.3946906686526,590.4163152701643,-1422.9521852253429,785.161855713903,5.220370523525369,7621.052416568543,1,0,12.340323448181152,11.690000000000001
3301,330.101,-1330.4911703443463,589.9265095096958,-1424.0305756859834,785.7622083054795,5.220370523525369,7697.574298384429,1,0,12.344483375549316,11.953888888888889
3302,330.201,-1331.6210792784195,589.4478357000187,-1425.0876267701256,786.3506810163902,5.220370523525369,7771.141332990344,1,0,11.851856231689453,12.233055555555556
3303,330.301,-1332.7309306574532,588.924634092713,-1426.1235074196204,786.9273678985412,5.220370523525369,7845.652725407473,1,0,11.859883308410645,12.308888888888887
3304,330.401,-1333.9343839599994,588.5127519767104,-1427.1557789212186,787.5020455258143,5.220370523525369,7919.985157084934,1,0,11.769241333007812,12.463055555555554
3305,330.501,-1335.0308636356488,588.0229462178239,-1428.1783349539749,788.0713144378674,5.220370523525369,7993.923724577877,1,0,11.637492179870605,12.236944444444443
3306,330.601,-1336.1607725697368,587.5442724073557,-1429.1856317670631,788.6320883637281,5.220370523525369,8066.894656830973,1,0,11.419951438903809,12.303888888888888
3307,330.7,-1337.2839956521104,587.0878624945155,-1430.1671922463627,789.178534571335,5.220370523525369,8138.706086716497,1,0,11.27532958984375,12.263888888888888
3308,330.8,-1338.4139045861687,586.5535289387913,-1431.1538107851231,789.7277966598465,5.220370523525369,8211.985230241682,1,0,11.3087797164917,12.466111111111111
3309,330.9,-1339.6374154437838,586.1639107212076,-1432.1611400950405,790.2885886770723,5.220370523525369,8288.75941381358,1,0,11.749407768249512,12.581944444444444
3310,331.0,-1340.8141253396207,585.6963688591579,-1433.1606361274937,790.8450198170484,5.220370523525369,8361.358807430124,1,0,11.129472732543945,12.66
3311,331.1,-1341.944034273679,585.1954311510619,-1434.1468602047373,791.3940623042163,5.220370523525369,8436.95487917231,1,0,11.44560718536377,12.556944444444444
3312,331.2,-1343.1006866144614,584.6833614937566,-1435.1705302954745,791.963951425387,5.220370523525369,8516.696659791416,1,0,11.986627578735352,12.76888888888889
3313,331.301,-1344.3175116203922,584.2714793777541,-1436.2343316014924,792.5561820638246,5.220370523525369,8598.35815086839,1,0,12.123129844665527,12.70888888888889
3314,331.4,-1345.4808498128446,583.7928055672859,-1437.2863686264643,793.1418633893077,5.220370523525369,8679.364285466918,1,0,12.20168399810791,12.634999999999998
3315,331.5,-1346.6174445986028,583.2696039607712,-1438.3528223349683,793.7355706512546,5.220370523525369,8761.685213061479,1,0,12.209885597229004,12.628055555555557
3316,331.6,-1347.8409554562033,582.8465898955592,-1439.4234879242347,794.3316227165205,5.220370523525369,8845.161395432888,1,0,12.298095703125,12.796944444444446
3317,331.7,-1349.0444087587496,582.4235758311381,-1440.5017669374138,794.9319132639907,5.220370523525369,8929.72619393058,1,0,12.384160041809082,12.61
3318,331.8,-1350.2278045062712,581.94490202067,-1441.578882230791,795.5315559550263,5.220370523525369,9013.885532471657,1,0,12.27145767211914,12.803055555555556
3319,331.9,-1351.3844568470538,581.4550962609925,-1442.651288025285,796.1285768129109,5.220370523525369,9098.688490832035,1,0,12.276357650756836,12.721111111111112
3320,332.0,-1352.5611667428905,580.9875543989428,-1443.7308495383463,796.7295813430766,5.220370523525369,9185.217425017892,1,0,12.43525505065918,12.60888888888889
3321,332.1,-1353.7111332320326,580.464352792428,-1444.8159388871209,797.333663284085,5.220370523525369,9271.89579471967,1,0,12.402892112731934,12.778888888888888
3322,332.2,-1354.968073347998,580.0524706764255,-1445.903367632667,797.939047594658,5.220370523525369,9359.794985674791,1,0,12.488804817199707,12.858888888888888
3323,332.301,-1356.191584205613,579.5960607643763,-1447.0400828153251,798.5718702416495,5.220370523525369,9455.297283590864,1,0,13.273456573486328,12.998055555555554
3324,332.4,-1357.38166580479,579.139650852327,-1448.1932404551337,799.2138465969894,5.220370523525369,9549.720801473151,1,0,13.38943099975586,12.851111111111111
3325,332.5,-1358.6185483657453,578.6387131434401,-1449.3770886691534,799.8729087542135,5.220370523525369,9648.21812296752,1,0,13.70934772491455,13.23111111111111
3326,332.6,-1359.8487450750306,578.2268310282284,-1450.5783008141761,800.5416376150652,5.220370523525369,9747.633948932506,1,0,13.786898612976074,12.965
3327,332.7,-1361.1324285977496,577.8149489114348,-1451.8031486950006,801.2235247666847,5.220370523525369,9851.542232392912,1,0,14.25037956237793,13.346944444444444
3328,332.8,-1362.3559394553502,577.3585389993856,-1453.0200975964374,801.9010144640247,5.220370523525369,9950.07971304979,1,0,13.606087684631348,13.225
3329,332.9,-1363.5995078680048,576.9355249349645,-1454.2175695230158,802.5676611014906,5.220370523525369,10051.76980716904,1,0,13.804543495178223,13.18388888888889
3330,333.0,-1364.729416802063,576.3677955316122,-1455.4314207683215,803.2434262974056,5.220370523525369,10155.39881142805,1,0,13.981017112731934,12.96
3331,333.1,-1365.8459540327815,575.8111980774692,-1456.6758277409933,803.936202224388,5.220370523525369,10264.047108044715,1,0,14.503976821899414,12.718888888888888
3332,333.2,-1367.0226639286184,575.2991284201638,-1457.935078973816,804.6372421247427,5.220370523525369,10371.110990301042,1,0,14.320808410644531,12.811944444444446
3333,333.3,-1368.286289896268,574.8204546096956,-1459.1779913006364,805.3291859648854,5.220370523525369,10477.485313416135,1,0,14.129972457885742,13.226944444444444
3334,333.4,-1369.4763714954895,574.3083849515994,-1460.4058332227005,806.0127399343071,5.220370523525369,10583.474470032425,1,0,13.97584056854248,13.043888888888889
3335,333.5,-1370.706568204745,573.8074472435034,-1461.6176731642258,806.687385413866,5.220370523525369,10688.502397174943,1,0,13.763680458068848,13.206944444444444
3336,333.6,-1371.9367649140454,573.3287734330353,-1462.8260321536807,807.360093006664,5.220370523525369,10795.618257939854,1,0,13.896160125732422,13.07
3337,333.7,-1373.1268465132368,572.8500996225671,-1464.0513505719337,808.0422421119774,5.220370523525369,10905.537179459352,1,0,14.151888847351074,12.97388888888889
3338,333.8,-1374.4038441843006,572.3380299644708,-1465.2960922202885,808.7352043568299,5.220370523525369,11017.558792532387,1,0,14.340765953063965,13.54888888888889
3339,333.901,-1375.607297486847,571.8593561547937,-1466.5785064779477,809.4491393842251,5.220370523525369,11134.714315688236,1,0,14.723587036132812,13.063055555555556
3340,334.001,-1376.7706356793144,571.2804948022317,-1467.846161265933,810.1548576420992,5.220370523525369,11247.048726819785,1,0,14.293559074401855,13.133888888888887
3341,334.101,-1377.7935709864907,570.6125778575765,-1469.0754481720273,810.8392160510435,5.220370523525369,11356.658414945472,1,0,13.845330238342285,12.513888888888888
3342,334.2,-1378.7362760734939,569.8110775239902,-1470.267535455173,811.5028649944853,5.220370523525369,11465.243857142517,1,0,13.717674255371094,12.548055555555555
3343,334.3,-1379.8060123424189,569.1765564261723,-1471.4557127885173,812.1643372231083,5.220370523525369,11573.62989764588,1,0,13.480199813842773,12.418888888888889
3344,334.4,-1381.0228373483496,568.6756187172854,-1472.6363612313673,812.8216180302704,5.220370523525369,11683.496825812892,1,0,13.545334815979004,12.79888888888889
3345,334.501,-1382.186175540817,568.163549059189,-1473.8345899336996,813.4886859736563,5.220370523525369,11795.676972013021,1,0,13.611055374145508,12.571111111111112
3346,334.601,-1383.2358542547174,567.4733682169058,-1474.9941702652545,814.1342379166664,5.220370523525369,11901.302145189951,1,0,12.932221412658691,12.76111111111111
3347,334.701,-1384.499480222382,567.0837499985311,-1476.1161669717403,814.7588666156989,5.220370523525369,12006.514415056216,1,0,12.750750541687012,12.713888888888889
3348,334.801,-1385.6895618215883,566.5160205967607,-1477.2286991015742,815.3782262741302,5.220370523525369,12112.138041372997,1,0,12.71557331085205,13.196111111111112
3349,334.901,-1386.8194707556613,565.9928189886639,-1478.3440543309916,815.9991575851428,5.220370523525369,12219.265094950733,1,0,12.815372467041016,12.626944444444444
3350,335.001,-1388.103154278395,565.5252771281962,-1479.4644406945793,816.6228897874355,5.220370523525369,12327.076069296358,1,0,12.830738067626953,13.321944444444444
3351,335.101,-1389.2731783225327,565.0243394193093,-1480.5785986657993,817.2431545707963,5.220370523525369,12434.079959428918,1,0,12.672801971435547,12.810000000000002
3352,335.201,-1390.4900033284484,564.5122697612129,-1481.6801504918544,817.8564013655937,5.220370523525369,12540.612674739186,1,0,12.5421781539917,13.111944444444445
3353,335.301,-1391.7001424826942,564.011332053908,-1482.794953066854,818.4770250074233,5.220370523525369,12651.706665361571,1,0,12.976117134094238,13.07388888888889
3354,335.401,-1392.809993861713,563.4213387521366,-1483.9293322319938,819.1085471661204,5.220370523525369,12763.312050679478,1,0,12.990294456481934,12.739999999999998
3355,335.5,-1394.020133015974,562.875873247203,-1485.0817527649633,819.7501131654553,5.220370523525369,12880.56351962252,1,0,13.655550003051758,13.191944444444445
3356,335.6,-1395.310502390348,562.4083313859443,-1486.268711717171,820.4109071070388,5.220370523525369,12997.830362169665,1,0,13.514434814453125,13.328055555555556
3357,335.7,-1396.5072698412391,561.9185256262667,-1487.4618859796892,821.0751611846199,5.220370523525369,13118.594043150637,1,0,13.797821044921875,12.956111111111111
3358,335.8,-1397.7708958089186,561.4287198665893,-1488.6595985077954,821.7419417677726,5.220370523525369,13238.12013950906,1,0,13.618317604064941,13.368888888888888
3359,335.9,-1399.0813227383615,561.0168377513777,-1489.8538454573306,822.4067930227715,5.220370523525369,13359.464911607683,1,0,13.71849250793457,13.489999999999998
3360,336.0,-1400.2246033757895,560.415712500397,-1491.05137871126,823.0734738018914,5.220370523525369,13481.20120364195,1,0,13.69354248046875,13.23611111111111
3361,336.1,-1401.3277689031383,559.7700594541606,-1492.2401571942905,823.7352806975808,5.220370523525369,13601.98488048387,1,0,13.518092155456543,13.07388888888889
3362,336.2,-1402.544593909069,559.2468578476457,-1493.3997831463942,824.3808580380843,5.220370523525369,13718.915520733462,1,0,13.026228904724121,13.166111111111112
3363,336.3,-1403.7012462498365,558.6123367498277,-1494.5276225328776,825.0087394254577,5.220370523525369,13834.593269153656,1,0,12.790484428405762,13.363055555555555
3364,336.4,-1404.898013700728,558.0780031941035,-1495.6261276978262,825.6202901083572,5.220370523525369,13946.947068893307,1,0,12.354756355285645,13.08611111111111
3365,336.5,-1406.1215245583282,557.5436696383795,-1496.7253068386901,826.2322160015373,5.220370523525369,14064.277922133148,1,0,12.805912017822266,13.263055555555555
3366,336.6,-1407.385150526008,557.0538638787019,-1497.811038583127,826.8366555717299,5.220370523525369,14174.981235178271,1,0,12.046939849853516,13.411944444444444
3367,336.701,-1408.6287189386478,556.5417942213966,-1498.873456282044,827.4281159399,5.220370523525369,14287.433017968626,1,0,12.03145980834961,13.443055555555556
3368,336.801,-1409.8923449063423,556.0519884625099,-1499.9166778403717,828.0088895919206,5.220370523525369,14397.642507245344,1,0,11.848316192626953,13.448055555555554
3369,336.9,-1411.115855763928,555.5065229567854,-1500.9356696204343,828.5761742427809,5.220370523525369,14506.054705608682,1,0,11.712437629699707,13.445
3370,337.0,-1412.2858798080802,554.916529655805,-1501.9635164286983,829.1483885914856,5.220370523525369,14617.05401821754,1,0,11.815403938293457,13.273888888888889
3371,337.1,-1413.4826472589561,554.359932201662,-1502.9805924127465,829.7146066962812,5.220370523525369,14725.375989511414,1,0,11.465888977050781,13.181944444444444
3372,337.2,-1414.7195298199117,553.8589944927751,-1504.0105961772474,830.2880218477693,5.220370523525369,14840.198288362755,1,0,12.111326217651367,13.186944444444444
3373,337.3,-1415.9764699359066,553.35805678547,-1505.0430644513153,830.8628090205796,5.220370523525369,14950.105489517444,1,0,11.522302627563477,13.341111111111111
3374,337.4,-1417.2066666452065,552.8571190757922,-1506.0570774425169,831.4273219214062,5.220370523525369,15062.064744598803,1,0,11.68887710571289,13.213888888888889
3375,337.5,-1418.3633189860038,552.3005216216492,-1507.0630415106255,831.9873538925376,5.220370523525369,15171.318784059642,1,0,11.338059425354004,12.96
3376,337.6,-1419.5667722885798,551.7773200151344,-1508.089206441304,832.5586319203048,5.220370523525369,15288.694209807525,1,0,12.151283264160156,13.14
3377,337.7,-1420.7902831461508,551.2875142554568,-1509.1710299836845,833.1608957486688,5.220370523525369,15411.221327398154,1,0,12.61210823059082,13.12
3378,337.8,-1421.9803647453423,550.7531806997326,-1510.2693656235058,833.7723520549456,5.220370523525369,15533.50167733068,1,0,12.529252052307129,13.151111111111112
3379,337.9,-1423.1905038995437,550.2411110424273,-1511.3672387251174,834.3835508607873,5.220370523525369,15657.138885125967,1,0,12.601520538330078,13.068888888888889
3380,338.0,-1424.3538420920404,549.7401733335403,-1512.4492766632493,834.9859340457754,5.220370523525369,15777.119242550949,1,0,12.166778564453125,12.703055555555556
3381,338.1,-1425.5506095429168,549.2169717270255,-1513.526029367,835.5853748789219,5.220370523525369,15900.828977790148,1,0,12.480539321899414,12.953055555555554
3382,338.2,-1426.7406911421233,548.7494298657668,-1514.6430453094006,836.2072307282903,5.220370523525369,16031.26970775428,1,0,13.088420867919922,12.83
3383,338.3,-1427.8839717795513,548.226228259252,-1515.7942573323542,836.8481239359542,5.220370523525369,16164.052753825908,1,0,13.263301849365234,12.60388888888889
3384,338.401,-1429.0606816753732,547.7586863972024,-1516.9927505026353,837.5153391117426,5.220370523525369,16305.512076749967,1,0,13.89908218383789,12.698888888888888
3385,338.5,-1430.2240198678553,547.2688806383159,-1518.1777569240783,838.1750460565958,5.220370523525369,16440.4451482026,1,0,13.500201225280762,12.671111111111113
3386,338.6,-1431.3539288019138,546.7011512349635,-1519.3566536628225,838.831351669579,5.220370523525369,16577.570737540816,1,0,13.485236167907715,12.686111111111112
3387,338.7,-1432.4838377359868,546.267005220542,-1520.5196963232643,839.4788311316056,5.220370523525369,16711.791844315194,1,0,13.13729476928711,12.306111111111111
3388,338.8,-1433.6806051868632,545.8217272577022,-1521.6600195335127,840.1136624097873,5.220370523525369,16845.054455352027,1,0,12.965178489685059,12.571111111111112
3389,338.9,-1434.8573150826849,545.3096576003968,-1522.7794954859185,840.736887775519,5.220370523525369,16975.88645307214,1,0,12.6600923538208,12.79888888888889
3390,339.0,-1436.034024978507,544.8866435359757,-1523.880946321826,841.3500783479193,5.220370523525369,17106.31068131312,1,0,12.552576065063477,12.541111111111112
3391,339.101,-1437.1906773193193,544.4191016739262,-1524.9857800931163,841.965152240043,5.220370523525369,17238.02373181214,1,0,12.48713207244873,12.53111111111111
3392,339.201,-1438.3740730668114,543.9738237110863,-1526.0845433995482,842.5768466333277,5.220370523525369,17370.908494376552,1,0,12.664017677307129,12.538888888888888
3393,339.301,-1439.4170659290419,543.3726984601055,-1527.1903352702843,843.192453910627,5.220370523525369,17504.28731226592,1,0,12.648018836975098,12.26
3394,339.401,-1440.5269173080608,542.8383649043814,-1528.303037841824,843.811908455951,5.220370523525369,17640.161680486388,1,0,12.822206497192383,12.273055555555555
3395,339.501,-1441.6969413522127,542.3374271962854,-1529.4266663891096,844.4374456198567,5.220370523525369,17777.51523234602,1,0,12.89811897277832,12.52111111111111
3396,339.6,-1442.7934210278916,541.8030936397702,-1530.5532495352334,845.0646276435182,5.220370523525369,17916.859933345168,1,0,13.150322914123535,12.351944444444444
3397,339.701,-1443.9567592203439,541.3244198293021,-1531.7099493636385,845.7085759767097,5.220370523525369,18058.77367724483,1,0,13.064866065979004,12.443055555555556
3398,339.801,-1445.1067257094714,540.7900862735779,-1532.8486379833544,846.3424972592096,5.220370523525369,18199.30513405331,1,0,13.000190734863281,12.65388888888889
3399,339.901,-1446.1497185716723,540.2557527186447,-1533.9792425584037,846.9719180594232,5.220370523525369,18339.251288787782,1,0,12.8798189163208,11.975
3400,340.001,-1447.2662558023758,539.7214191621296,-1535.1016997616302,847.5968031223812,5.220370523525369,18479.18585269239,1,0,12.81369400024414,12.23611111111111
3401,340.101,-1448.3894788847792,539.1870856064053,-1536.2110202047918,848.2143747972503,5.220370523525369,18617.281154516528,1,0,12.579113006591797,12.368888888888888
3402,340.2,-1449.4859585604431,538.6861478975184,-1537.3025048400689,848.822017069109,5.220370523525369,18755.479542711026,1,0,12.657793998718262,12.08
3403,340.3,-1450.6225533461864,538.2297379854691,-1538.4172344638528,849.4426000981431,5.220370523525369,18897.94387703468,1,0,12.858831405639648,12.163888888888888
3404,340.401,-1451.7658339835994,537.7955919718387,-1539.559136710886,850.0783104445849,5.220370523525369,19044.351823796387,1,0,13.020988464355469,12.171111111111111
3405,340.501,-1452.889057065958,537.3614459574173,-1540.6894513558864,850.7075698373467,5.220370523525369,19188.17896398616,1,0,12.852384567260742,11.910000000000002
3406,340.601,-1454.0256518517308,536.8382443509025,-1541.8397063055438,851.3479302311044,5.220370523525369,19339.69532391371,1,0,13.47743034362793,12.31111111111111
3407,340.701,-1455.1355032307943,536.348438591225,-1543.0174691549084,852.0036045945984,5.220370523525369,19492.003461339275,1,0,13.482051849365234,12.051111111111108
3408,340.8,-1456.252040461483,535.9142925768036,-1544.1796175100974,852.6505861864233,5.220370523525369,19642.494477453376,1,0,13.388715744018555,11.861944444444445
3409,340.901,-1457.3418342854623,535.4801465631732,-1545.3444035354596,853.2990362001066,5.220370523525369,19792.51065738852,1,0,13.009737014770508,11.683055555555555
3410,341.002,-1458.4316281093973,535.0571324987521,-1546.4926716122861,853.9382904785039,5.220370523525369,19943.30548316427,1,0,13.01435661315918,11.54
3411,341.1,-1459.5414794884605,534.5561947890743,-1547.5777285758866,854.5423543903069,5.220370523525369,20082.75755693131,1,0,12.329935073852539,11.803055555555558
3412,341.2,-1460.664702570834,534.0886529278156,-1548.6457820449866,855.1369522577022,5.220370523525369,20223.29357649283,1,0,12.118253707885742,11.915
3413,341.3,-1461.7745539498526,533.6211110665569,-1549.7014178088718,855.7246370432601,5.220370523525369,20363.57008643883,1,0,12.04568862915039,11.838888888888889
3414,341.401,-1462.871033625532,533.1313053076703,-1550.770547312996,856.319833951948,5.220370523525369,20507.396135977117,1,0,12.184825897216797,11.85388888888889
3415,341.5,-1464.0210001146295,532.6637634456207,-1551.8209504611164,856.9046056790639,5.220370523525369,20648.17453103389,1,0,12.10221004486084,12.113888888888889
3416,341.6,-1465.1174797902936,532.1628257375247,-1552.8874292088442,857.49832688064,5.220370523525369,20793.293684237102,1,0,12.309932708740234,11.963888888888889
3417,341.7,-1466.2340170209975,531.6618880286378,-1553.9749652772534,858.103770939107,5.220370523525369,20942.279914521343,1,0,12.584220886230469,12.09
3418,341.8,-1467.3238108449766,531.1498183713325,-1555.0880783504122,858.7234540154868,5.220370523525369,21095.644363813743,1,0,12.895401000976562,12.03611111111111
3419,341.901,-1468.413604668971,530.6266167648176,-1556.2379096284853,859.3635785463148,5.220370523525369,21254.524124528994,1,0,13.1641206741333,12.056111111111111
3420,342.0,-1469.5368277513446,530.1034151583028,-1557.3856193347856,860.0025219733045,5.220370523525369,21413.522254092248,1,0,13.372801780700684,12.265
3421,342.1,-1470.619935723654,529.580213550997,-1558.56601438569,860.6596617142047,5.220370523525369,21578.195869651016,1,0,13.646932601928711,12.13111111111111
3422,342.2,-1471.743158806057,529.0458799952728,-1559.7616317848597,861.3252759145556,5.220370523525369,21744.589616130692,1,0,13.721247673034668,12.328055555555554
3423,342.3,-1472.8596960367754,528.5449422863859,-1560.97245703371,861.9993565028258,5.220370523525369,21915.147838091467,1,0,13.995046615600586,12.258055555555554
3424,342.402,-1473.9695474157795,528.0106087306617,-1562.2299887409536,862.6994391231641,5.220370523525369,22092.860919089122,1,0,14.225957870483398,12.306944444444444
3425,342.5,-1475.126199756562,527.4762751757286,-1563.4557645904142,863.3818428857849,5.220370523525369,22266.675699369964,1,0,14.405184745788574,12.628888888888888
3426,342.6,-1476.2828520973446,526.9642055176322,-1564.729454831258,864.0909211509078,5.220370523525369,22449.24536486116,1,0,14.750115394592285,12.608055555555556
3427,342.7,-1477.4194468830876,526.4410039103263,-1566.0179520025608,864.8082426075266,5.220370523525369,22632.577455267907,1,0,14.744121551513672,12.60611111111111
3428,342.8,-1478.5760992238702,525.9400662022305,-1567.3228325338637,865.5346848724182,5.220370523525369,22821.796698662423,1,0,15.125137329101562,12.549999999999999
3429,342.9,-1479.7193798612977,525.4168645957157,-1568.6543640068098,866.2759640284614,5.220370523525369,23014.847101659143,1,0,15.354172706604004,12.583888888888888
3430,343.0,-1480.8693463504255,524.871399090782,-1570.0675890098682,867.062722928909,5.220370523525369,23231.053007214294,1,0,16.995136260986328,12.671111111111113
3431,343.1,-1482.052742097947,524.3704613811041,-1571.5204095250526,867.8715251144071,5.220370523525369,23436.74655071286,1,0,16.260530471801758,12.665
3432,343.201,-1483.222766142099,523.8249958769615,-1572.9230025211853,868.6523650521557,5.220370523525369,23636.62988725861,1,0,15.52752685546875,12.79111111111111
3433,343.301,-1484.399476037921,523.3017942712377,-1574.2944362679968,869.4158582711003,5.220370523525369,23840.74996853577,1,0,15.86516284942627,12.764999999999997
3434,343.4,-1485.5828717854279,522.7674607147225,-1575.6656420803788,870.1792245962802,5.220370523525369,24043.35539664836,1,0,15.839354515075684,12.793055555555554
3435,343.5,-1486.7462099779102,522.2553910566261,-1577.089049423398,870.9716521245641,5.220370523525369,24261.69361888036,1,0,16.743032455444336,12.628888888888888
3436,343.6,-1487.9296057254314,521.7321894501113,-1578.56637771431,871.7940980756637,5.220370523525369,24485.12791422813,1,0,17.073627471923828,12.776944444444444
3437,343.7,-1489.092943917899,521.1978558943871,-1580.027809972679,872.6076945193897,5.220370523525369,24699.642116294668,1,0,16.379165649414062,12.705
3438,343.8,-1490.2696538137359,520.6412584402441,-1581.4032931161055,873.3734420848265,5.220370523525369,24898.621423650515,1,0,15.106216430664062,12.80888888888889
3439,343.9,-1491.4396778578878,520.0957929353104,-1582.7279178045328,874.110876153087,5.220370523525369,25100.94416272978,1,0,15.214994430541992,12.756944444444443
3440,344.0,-1492.60970190204,519.5391954811674,-1584.054279490169,874.8492772280246,5.220370523525369,25303.348982135736,1,0,15.145977020263672,12.811944444444446
3441,344.1,-1493.7797259461775,519.0159938746526,-1585.344951199328,875.5678092753201,5.220370523525369,25496.750593899083,1,0,14.398036003112793,12.681944444444444
3442,344.201,-1494.9430641386446,518.470528369719,-1586.6271867885844,876.2816448359243,5.220370523525369,25696.726106708422,1,0,14.662267684936523,12.711944444444445
3443,344.3,-1496.1264598861515,517.9361948139948,-1587.8791567121766,876.9786311462055,5.220370523525369,25888.695479031467,1,0,14.285321235656738,12.801111111111112
3444,344.4,-1497.2964839303183,517.4018612582705,-1589.126214092945,877.6728825863973,5.220370523525369,26083.22400894759,1,0,14.26034164428711,12.696111111111112
3445,344.5,-1498.4731938261402,516.8675277025463,-1590.3720575088132,878.3664581981202,5.220370523525369,26278.65237699756,1,0,14.257533073425293,12.835
3446,344.6,-1499.6365320186223,516.3665899936594,-1591.6071202264288,879.054032068942,5.220370523525369,26471.74998900039,1,0,14.013566970825195,12.57
3447,344.7,-1500.8065560627745,515.8433883871446,-1592.8458259636366,879.7436340514109,5.220370523525369,26670.115664344234,1,0,14.340923309326172,12.676944444444445
3448,344.8,-1501.9899518102961,515.375846525886,-1594.1077646426102,880.4461700844934,5.220370523525369,26872.31347756708,1,0,14.545378684997559,12.643888888888888
3449,344.9,-1503.166661706148,514.9083046646273,-1595.37671238779,881.1526081467712,5.220370523525369,27074.92391043764,1,0,14.501363754272461,12.478055555555557
3450,345.0,-1504.3366857502701,514.4296308549501,-1596.6615721639519,881.8679046229407,5.220370523525369,27284.178875618552,1,0,14.909611701965332,12.555
3451,345.1,-1505.5334532011464,513.97322094211,-1597.9570081166526,882.5890889803794,5.220370523525369,27492.177268872747,1,0,14.743456840515137,12.696944444444444
3452,345.2,-1506.7235348003383,513.5390749276885,-1599.233597866291,883.2997814359859,5.220370523525369,27697.49874629299,1,0,14.478214263916016,12.52388888888889
3453,345.3,-1507.9136163995297,513.1383247608953,-1600.4612736378983,883.9832429075036,5.220370523525369,27892.051513464063,1,0,13.623795509338379,12.430000000000001
3454,345.4,-1509.110383850391,512.7264426448928,-1601.6314105645683,884.634671830575,5.220370523525369,28080.892372561546,1,0,13.161126136779785,12.528055555555557
3455,345.5,-1510.3071513012674,512.3590883249369,-1602.7936405542935,885.2816988693017,5.220370523525369,28273.99005582221,1,0,13.442802429199219,12.428888888888888
3456,345.6,-1511.5172904555134,511.991734005772,-1603.9488234815187,885.9248027258516,5.220370523525369,28462.214463879245,1,0,12.999815940856934,12.49611111111111
3457,345.7,-1512.7274296097441,511.66890748265376,-1605.0902673741014,886.5602579010058,5.220370523525369,28652.57823080303,1,0,13.128310203552246,12.418888888888889
3458,345.8,-1513.9308829123054,511.3349490103261,-1606.2127492832515,887.1851567180407,5.220370523525369,28836.368684487807,1,0,12.565768241882324,12.411944444444444
3459,345.901,-1515.1343362148664,510.9787266395797,-1607.2879183348339,887.7837159134891,5.220370523525369,29012.084509209606,1,0,11.80162525177002,12.406944444444443
3460,346.001,-1516.3444753691124,510.66703206487995,-1608.3260229340306,888.3616408944695,5.220370523525369,29187.66289359343,1,0,11.961021423339844,12.398888888888889
3461,346.101,-1517.5546145233434,510.3887333385994,-1609.3535087775097,888.9336542898535,5.220370523525369,29358.96221039702,1,0,11.558557510375977,12.33388888888889
3462,346.201,-1518.7513819742196,510.09930266231845,-1610.3651442923212,889.4968436217464,5.220370523525369,29530.74553604886,1,0,11.598200798034668,12.155000000000001
3463,346.301,-1519.9815786834902,509.8543997820842,-1611.377749379209,890.0605727257625,5.220370523525369,29703.01955485898,1,0,11.580751419067383,12.401944444444444
3464,346.401,-1521.1783461343664,509.5983649526405,-1612.384641731756,890.6211214837058,5.220370523525369,29874.438987908958,1,0,11.46743392944336,12.08111111111111
3465,346.5,-1522.4219145470065,509.3534620739883,-1613.3763380797166,891.1732104480327,5.220370523525369,30044.495975831258,1,0,11.462204933166504,12.511111111111111
3466,346.6,-1523.645425404607,509.1530869905917,-1614.3842216272305,891.7343110158158,5.220370523525369,30218.80828712248,1,0,11.60866928100586,12.266944444444444
3467,346.7,-1524.8956796689467,508.95271190719507,-1615.4107740201084,892.3058047483245,5.220370523525369,30397.75062495046,1,0,11.889542579650879,12.571111111111112
3468,346.8,-1526.1325622299019,508.7412048745891,-1616.4383980167763,892.8778950552057,5.220370523525369,30574.48078070927,1,0,11.633198738098145,12.38888888888889
3469,346.9,-1527.376130642557,508.54082979119255,-1617.455168530625,893.4439431011658,5.220370523525369,30751.518460043568,1,0,11.641101837158203,12.45111111111111
3470,347.0,-1528.6263849068519,508.3627186054238,-1618.4777641845164,894.0132340707687,5.220370523525369,30930.899357948187,1,0,11.766538619995117,12.55888888888889
3471,347.1,-1529.8833250228763,508.1623435220272,-1619.481713365861,894.5721443308549,5.220370523525369,31103.880921737305,1,0,11.214276313781738,12.57
3472,347.201,-1531.1536368422258,508.0064962354683,-1620.4805794797676,895.1282247878033,5.220370523525369,31280.90342168515,1,0,11.42380428314209,12.69111111111111
3473,347.3,-1532.450692068314,507.9508364902122,-1621.47047370854,895.679310491285,5.220370523525369,31456.022469696927,1,0,11.464166641235352,12.843888888888888
3474,347.401,-1533.7343755910479,507.8506489481185,-1622.4977844970138,896.2512264314986,5.220370523525369,31640.201577001364,1,0,11.818577766418457,12.746944444444445
3475,347.501,-1535.0314308171364,507.7170655591874,-1623.524188029414,896.8226372916371,5.220370523525369,31822.027142062336,1,0,11.676226615905762,12.93
3476,347.6,-1536.3284860432248,507.62800996709404,-1624.550868059424,897.3942020812311,5.220370523525369,32007.655883027375,1,0,12.062292098999023,12.896944444444445
3477,347.7,-1537.645598824353,507.5612182726285,-1625.5990117625552,897.9777159488757,5.220370523525369,32194.760185175655,1,0,11.930153846740723,12.969999999999999
3478,347.8,-1538.9627116054958,507.53895437420965,-1626.6510511689619,898.5633986001313,5.220370523525369,32385.379190733755,1,0,12.151466369628906,13.033055555555555
3479,347.9,-1540.3065677933182,507.4832946281626,-1627.7263669712272,899.1620394934025,5.220370523525369,32581.479882904154,1,0,12.462960243225098,13.263055555555555
3480,348.0,-1541.6571098328704,507.4832946281626,-1628.821963628259,899.7719709759018,5.220370523525369,32781.03786426363,1,0,12.615703582763672,13.261944444444445
3481,348.1,-1543.0143377240918,507.4610307305347,-1629.9462967318098,900.3979003745269,5.220370523525369,32988.86861539387,1,0,13.120749473571777,13.38611111111111
3482,348.2,-1544.3581939119442,507.4387668329069,-1631.088324859062,901.0336807999599,5.220370523525369,33196.84614528609,1,0,13.020750045776367,13.348888888888888
3483,348.3,-1545.7087359514812,507.4832946281626,-1632.242538255873,901.6762449075802,5.220370523525369,33411.06258124415,1,0,13.399675369262695,13.309999999999999
3484,348.4,-1547.0525921393187,507.49442657737194,-1633.3839002814423,902.3116545064099,5.220370523525369,33616.87954647247,1,0,12.726576805114746,13.331944444444444
3485,348.5,-1548.4231917339098,507.5278224250002,-1634.4929774150073,902.9290907279789,5.220370523525369,33821.60567138046,1,0,12.660660743713379,13.523055555555555
3486,348.6,-1549.7737337734766,507.5612182726285,-1635.605960125884,903.5487012301504,5.220370523525369,34029.28146553287,1,0,12.815977096557617,13.368055555555555
3487,348.7,-1551.1510192197081,507.6614058139313,-1636.723267331536,904.1707192291799,5.220370523525369,34237.21714603337,1,0,12.759650230407715,13.571944444444444
3488,348.8,-1552.5082471108853,507.73932945760623,-1637.8557801787508,904.8012023868436,5.220370523525369,34451.824458725874,1,0,13.164040565490723,13.46111111111111
3489,348.9,-1553.858789150467,507.80612115207174,-1639.0234470130656,905.4512561805894,5.220370523525369,34673.9143237391,1,0,13.564339637756348,13.43111111111111
3490,349.0,-1555.2360745966982,507.9508364902122,-1640.2397408950717,906.1283812209456,5.220370523525369,34908.36729341885,1,0,14.27713394165039,13.575
3491,349.1,-1556.606674191275,508.09555182756174,-1641.5013957683998,906.8307592561032,5.220370523525369,35149.71421135528,1,0,14.60267162322998,13.575
3492,349.2,-1557.9572162308264,508.1957393696555,-1642.8359991083262,907.5737485564493,5.220370523525369,35414.02017027238,1,0,15.946954727172852,13.43611111111111
3493,349.3,-1559.3211299737332,508.3404547077959,-1644.2558935857214,908.3642204313238,5.220370523525369,35690.34167079049,1,0,16.555021286010742,13.585
3494,349.401,-1560.6783578649402,508.4963019951458,-1645.7327204838816,909.1863872512098,5.220370523525369,35976.96900894499,1,0,16.915456771850586,13.511111111111111
3495,349.5,-1562.0422716078317,508.685545129333,-1647.205914148994,910.0065314077325,5.220370523525369,36263.265997527444,1,0,17.147186279296875,13.556944444444444
3496,349.6,-1563.412871202408,508.8636563151017,-1648.6834513361932,910.8290936538401,5.220370523525369,36545.74845435835,1,0,16.67425537109375,13.63888888888889
3497,349.7,-1564.77009909363,508.96384385640454,-1650.1278374242258,911.6332002950211,5.220370523525369,36824.92904391778,1,0,16.388343811035156,13.588888888888889
3498,349.8,-1566.1340128365216,509.1530869905917,-1651.5529008973422,912.4265498103146,5.220370523525369,37102.858089812995,1,0,16.231952667236328,13.616944444444444
3499,349.901,-1567.4912407277582,509.3423301239879,-1652.9537578728382,913.2064232850553,5.220370523525369,37372.873763641706,1,0,15.516759872436523,13.594999999999999
3500,350.001,-1568.85515447065,509.54270520817545,-1654.3224672604338,913.9683998213369,5.220370523525369,37646.12879980943,1,0,15.813568115234375,13.533888888888889
3501,350.101,-1570.2324399168963,509.74308029157197,-1655.7087598909707,914.7401651547689,5.220370523525369,37922.6041182139,1,0,15.9192476272583,13.731111111111112
3502,350.201,-1571.6164112148274,509.95458732417796,-1657.1122330120736,915.5214950683899,5.220370523525369,38205.33747990146,1,0,16.206836700439453,13.823055555555557
3503,350.3,-1572.9736391060492,510.1549624075746,-1658.5160845195946,916.3030356341586,5.220370523525369,38487.458827494585,1,0,16.25250244140625,13.631944444444445
3504,350.4,-1574.357610403995,510.37760138938995,-1659.9498941394504,917.1012542317121,5.220370523525369,38779.27882297063,1,0,16.567996978759766,13.818888888888889
3505,350.5,-1575.7348958502564,510.6225042688332,-1661.4237135226858,917.9217467328377,5.220370523525369,39083.17965373649,1,0,17.16834259033203,13.886944444444445
3506,350.6,-1577.105495444818,510.80061545381096,-1662.9417076796353,918.7668318475384,5.220370523525369,39395.987929982046,1,0,17.57917594909668,13.748888888888889
3507,350.7,-1578.4827808910939,511.11231002851076,-1664.4452784937018,919.6038873184365,5.220370523525369,39697.01210570083,1,0,16.838186264038086,13.866944444444446
3508,350.801,-1579.8533804856706,511.3126851119073,-1665.9084181971625,920.41843431683,5.220370523525369,39993.49887686727,1,0,16.32208824157715,13.85111111111111
3509,350.901,-1581.2106083768776,511.59098383897884,-1667.3286853048712,921.2091136393615,5.220370523525369,40285.95472151288,1,0,16.188417434692383,13.565000000000001
3510,351.0,-1582.5878938231535,511.8358867184221,-1668.706106968345,921.9759404015982,5.220370523525369,40567.61840020373,1,0,15.659820556640625,13.898888888888889
3511,351.1,-1583.9518075660453,512.1141854462845,-1670.057477172524,922.7282640115234,5.220370523525369,40846.47211392365,1,0,15.273606300354004,13.776944444444444
3512,351.2,-1585.3090354572523,512.3813522233557,-1671.3372229892614,923.4407134866245,5.220370523525369,41105.065073023674,1,0,14.020308494567871,13.831111111111111
3513,351.3,-1586.6729492001587,512.6819148488461,-1672.555308488147,924.1188359410677,5.220370523525369,41360.40244171184,1,0,13.862175941467285,13.785
3514,351.4,-1588.010119536326,512.9490816267082,-1673.793692215103,924.8082586566604,5.220370523525369,41626.90258587561,1,0,14.484943389892578,13.556111111111111
3515,351.5,-1589.3606615758927,513.2496442514076,-1675.0520707413993,925.5088127110772,5.220370523525369,41892.74693596219,1,0,14.319865226745605,13.724999999999998
3516,351.6,-1590.7045177637153,513.5502068768978,-1676.3239877802337,926.2169038138869,5.220370523525369,42167.52187977089,1,0,14.794845581054688,13.724999999999998
3517,351.7,-1592.0283163965428,513.8285056039695,-1677.5807824193841,926.9165760997909,5.220370523525369,42430.20938714871,1,0,13.97370719909668,13.415
3518,351.8,-1593.3855442877498,514.1735960255065,-1678.8351555447744,927.6149003006416,5.220370523525369,42705.67218036657,1,0,14.739416122436523,13.773055555555555
3519,351.901,-1594.716028772203,514.4852905994153,-1680.1144181524032,928.3270807675763,5.220370523525369,42977.95100312938,1,0,14.253508567810059,13.63
3520,352.001,-1596.046513256745,514.7858532249057,-1681.327045850409,929.0021648003882,5.220370523525369,43235.16458897627,1,0,13.504044532775879,13.61111111111111
3521,352.101,-1597.3435684828185,515.1198116972333,-1682.481627836261,929.6449341058418,5.220370523525369,43482.30162013211,1,0,12.92481803894043,13.35
3522,352.201,-1598.6673671156166,515.3981104243047,-1683.5946010064017,930.2645392965741,5.220370523525369,43722.88386119031,1,0,12.55160140991211,13.545
3523,352.3,-1599.9711081934045,515.6764091505854,-1684.6451867092123,930.8494126540228,5.220370523525369,43947.946796334814,1,0,11.739655494689941,13.315
3524,352.4,-1601.2681634194928,516.0882912665879,-1685.6541559008122,931.4111176125755,5.220370523525369,44167.62498589802,1,0,11.356069564819336,13.428888888888888
3525,352.5,-1602.5585327938968,516.4222497389155,-1686.6438435568211,931.9620883145819,5.220370523525369,44385.829658872615,1,0,11.298293113708496,13.35111111111111
3526,352.6,-1603.8555880199851,516.7562082112432,-1687.596344382384,932.4923566728216,5.220370523525369,44592.19690598783,1,0,10.504847526550293,13.323888888888888
3527,352.7,-1605.1660149494282,517.0679027859429,-1688.5321138818938,933.0133105060141,5.220370523525369,44802.597538320566,1,0,10.915306091308594,13.481944444444443
3528,352.8,-1606.4764418788866,517.4241251566893,-1689.506690720423,933.5558688390635,5.220370523525369,45022.73734253922,1,0,11.393163681030273,13.478055555555555
3529,352.9,-1607.773497104975,517.7246877813888,-1690.5496770933617,934.1365115606253,5.220370523525369,45262.953821138064,1,0,12.481228828430176,13.313888888888888
3530,353.0,-1609.0638664793785,518.1031740505541,-1691.6445689024906,934.746050646047,5.220370523525369,45509.1313189038,1,0,12.581300735473633,13.37888888888889
3531,353.1,-1610.3676075571223,518.4593964205096,-1692.730353975058,935.3505199046342,5.220370523525369,45751.34292908037,1,0,12.272771835327148,13.43
3532,353.2,-1611.6446052281863,518.7933548928372,-1693.8170163787006,935.9554775836997,5.220370523525369,45998.940051904734,1,0,12.601383209228516,13.233055555555556
3533,353.3,-1612.9349746026046,519.0493897222809,-1694.9100015821682,936.5639552394338,5.220370523525369,46245.30635754377,1,0,12.417503356933594,13.196944444444442
3534,353.401,-1614.2320298286932,519.3499523469802,-1696.003375201909,937.1726491310533,5.220370523525369,46493.52666971,1,0,12.36247444152832,13.273055555555555
3535,353.5,-1615.5223992030822,519.7061747177266,-1697.0790666291957,937.7714991391705,5.220370523525369,46739.94165377475,1,0,12.509267807006836,13.323055555555555
3536,353.6,-1616.799396874146,520.0067373424262,-1698.1890153443974,938.3894205804381,5.220370523525369,46996.74130090177,1,0,12.897920608520508,13.204999999999998
3537,353.7,-1618.0630228418256,520.3184319171258,-1699.3289373854493,939.0240285230326,5.220370523525369,47260.708579415936,1,0,13.195369720458984,13.006111111111112
3538,353.801,-1619.3467063645594,520.6635223386629,-1700.4954229908367,939.6734247128087,5.220370523525369,47529.92508588279,1,0,13.241601943969727,13.216111111111111
3539,353.901,-1620.6771908490123,520.9863488625721,-1701.6457269357143,940.313812382779,5.220370523525369,47794.93181374267,1,0,13.089334487915039,13.561944444444444
3540,354.001,-1621.9475026684213,521.3091753848994,-1702.7975421081583,940.9550413708239,5.220370523525369,48063.73692577779,1,0,13.27619457244873,13.163055555555555
3541,354.101,-1623.2245003394553,521.6208699595991,-1703.9763854354464,941.6113172490245,5.220370523525369,48341.6610873728,1,0,13.708020210266113,13.196111111111112
3542,354.201,-1624.514869713859,521.9436964835082,-1705.1785782347981,942.2805920516192,5.220370523525369,48623.58295163291,1,0,13.810673713684082,13.216111111111111
3543,354.301,-1625.7784956815535,522.2442591074167,-1706.4014558495053,942.9613823330301,5.220370523525369,48913.515969805405,1,0,14.181504249572754,13.043888888888889
3544,354.401,-1627.0488075009175,522.5114258852788,-1707.6462762401782,943.6543884146527,5.220370523525369,49207.844952763335,1,0,14.312952995300293,13.003055555555557
3545,354.5,-1628.3324910236513,522.8787802052346,-1708.8763787021246,944.3392008530856,5.220370523525369,49497.30885138531,1,0,14.129024505615234,13.21888888888889
3546,354.6,-1629.5894311396464,523.1904747791435,-1710.1144434185367,945.0284459717747,5.220370523525369,49791.907290628544,1,0,14.210792541503906,13.001111111111111
3547,354.7,-1630.8597429590104,523.5021693538432,-1711.3473161831332,945.7148006701182,5.220370523525369,50084.155309403955,1,0,14.010178565979004,13.066111111111109
3548,354.8,-1632.1367406300449,523.813863927752,-1712.57356184426,946.3974659823924,5.220370523525369,50377.92698720012,1,0,14.05909538269043,13.106944444444444
3549,354.9,-1633.3803090426998,524.1478224000797,-1713.812390486144,947.0871363873332,5.220370523525369,50677.352025964065,1,0,14.298208236694336,12.953888888888887
3550,355.0,-1634.6439350103792,524.4372530755696,-1715.0779274807385,947.7916756448386,5.220370523525369,50985.469544333115,1,0,14.67046070098877,12.975
3551,355.101,-1635.920932681428,524.7600795994788,-1716.3738497597435,948.5131307458233,5.220370523525369,51299.317226282845,1,0,14.700035095214844,13.078055555555556
3552,355.2,-1637.1845586491077,525.082906122597,-1717.6529560709537,949.2252242007123,5.220370523525369,51611.530484255185,1,0,14.874991416931152,13.068888888888889
3553,355.3,-1638.448184616787,525.3834687480874,-1718.9360717672653,949.9395497272154,5.220370523525369,51921.31863346936,1,0,14.496061325073242,12.963055555555556
3554,355.4,-1639.7118105844813,525.6840313735777,-1720.2054121408075,950.6462063702982,5.220370523525369,52232.66432233522,1,0,14.55966854095459,12.99
3555,355.5,-1640.9821224038456,525.9734620490677,-1721.4716230279914,951.3511207916958,5.220370523525369,52542.80117061518,1,0,14.424426078796387,13.005
3556,355.6,-1642.2390625198107,526.2740246745581,-1722.7100012554847,952.0405404456733,5.220370523525369,52844.34075789771,1,0,13.922567367553711,12.94888888888889
3557,355.7,-1643.5561753009683,526.5300595032107,-1723.9237404283901,952.7162432495712,5.220370523525369,53144.51988485915,1,0,13.860427856445312,13.301111111111108
3558,355.802,-1644.7863720102537,526.8640179755383,-1725.1559605424923,953.4022346097455,5.220370523525369,53450.37448745805,1,0,13.7925443649292,12.866111111111111
3559,355.9,-1646.1369140497757,527.0977889065632,-1726.3317412202334,954.0568054750962,5.220370523525369,53742.842142810165,1,0,13.670832633972168,13.508888888888889
3560,356.0,-1647.3938541657853,527.3538237360068,-1727.5246428843463,954.7209077939546,5.220370523525369,54041.343253989675,1,0,13.635183334350586,12.988055555555555
3561,356.1,-1648.6574801334796,527.6655183099156,-1728.718715809193,955.3856621673725,5.220370523525369,54341.98281060629,1,0,13.697643280029297,13.013055555555555
3562,356.2,-1649.934477804529,527.8547614441028,-1729.9161809447671,956.0523050242068,5.220370523525369,54644.181577616924,1,0,13.7128324508667,12.99611111111111
3563,356.3,-1651.2181613272476,528.1664560180116,-1731.0830433575607,956.7019109870763,5.220370523525369,54934.09125029881,1,0,12.9971342086792,13.111944444444445
3564,356.4,-1652.5152165533214,528.4336227966647,-1732.2504271778191,957.3518072235845,5.220370523525369,55236.33548752636,1,0,13.724767684936523,13.151944444444444
3565,356.5,-1653.8457010378338,528.600602031642,-1733.4580286161793,958.0240930788214,5.220370523525369,55545.748296410275,1,0,13.917732238769531,13.498055555555556
3566,356.6,-1655.1694996706462,528.8566368610857,-1734.6905045028286,958.7102268305664,5.220370523525369,55864.15651815544,1,0,14.294154167175293,13.40611111111111
3567,356.7,-1656.4799266000896,529.0458799952728,-1735.9394081618104,959.4055061154495,5.220370523525369,56184.83723749314,1,0,14.293770790100098,13.34
3568,356.801,-1657.7970393812177,529.2685189778792,-1737.2205887827379,960.118754362837,5.220370523525369,56518.828145432446,1,0,14.742623329162598,13.363888888888889
3569,356.9,-1659.1475814207547,529.4688940604848,-1738.470138392452,960.8143932560534,5.220370523525369,56837.06398767729,1,0,14.149003982543945,13.558055555555555
3570,357.0,-1660.4780659052524,529.7026649907187,-1739.6937870986,961.4956128130948,5.220370523525369,57152.45826409424,1,0,13.860824584960938,13.515
3571,357.101,-1661.8219220930894,529.9586998193713,-1740.9000568889567,962.1671573243016,5.220370523525369,57463.79372376196,1,0,13.47780704498291,13.59388888888889
3572,357.201,-1663.1657782809566,530.1813388011868,-1742.0903222685947,962.829791992736,5.220370523525369,57777.450779488456,1,0,13.767863273620605,13.666944444444445
3573,357.3,-1664.502948617139,530.4151097322116,-1743.2682527366062,963.4855596714926,5.220370523525369,58084.22959245796,1,0,13.467812538146973,13.573055555555555
3574,357.4,-1665.8066896948972,530.58208896798,-1744.479848576945,964.1600692570638,5.220370523525369,58409.86801193437,1,0,14.266120910644531,13.274999999999999
3575,357.5,-1667.1171166243405,530.7379362553298,-1745.6878821398145,964.8325956810728,5.220370523525369,58721.99101343283,1,0,13.386270523071289,13.256944444444445
3576,357.6,-1668.4743445155625,530.8937835426797,-1746.8758234545178,965.4939365153558,5.220370523525369,59040.490920357355,1,0,13.806200981140137,13.524999999999999
3577,357.7,-1669.8182007034145,530.9939710839825,-1748.077051389666,966.1626741667551,5.220370523525369,59359.29084557035,1,0,13.690406799316406,13.48611111111111
3578,357.8,-1671.1687427429513,531.2054781165886,-1749.2494067665748,966.8153381270406,5.220370523525369,59668.12509925567,1,0,13.145296096801758,13.581944444444446
3579,357.9,-1672.4791696724096,531.2722698110541,-1750.3979756723859,967.4547598804546,5.220370523525369,59976.01841218788,1,0,13.14592456817627,13.26388888888889
3580,358.0,-1673.7962824535523,531.3724573531478,-1751.5311358731126,968.0856034273953,5.220370523525369,60278.07568941082,1,0,12.792584419250488,13.248055555555556
3581,358.1,-1675.1133952346656,531.48377684366,-1752.65493623697,968.7112362435976,5.220370523525369,60582.413252802864,1,0,12.931674003601074,13.271944444444445
3582,358.2,-1676.4037646090692,531.5394365889161,-1753.7749996737284,969.3347886687447,5.220370523525369,60883.942880847615,1,0,12.70704460144043,12.955000000000002
3583,358.3,-1677.7141915385273,531.6284921818005,-1754.8913245168853,969.9562597750751,5.220370523525369,61188.22603750392,1,0,12.84609603881836,13.095
3584,358.401,-1679.0313043196552,531.6396241310099,-1756.024274702684,970.5869864042471,5.220370523525369,61496.8378488393,1,0,12.830836296081543,13.191944444444445
3585,358.5,-1680.328359545714,531.7064158254755,-1757.1141629537017,971.1937399503036,5.220370523525369,61791.31689250858,1,0,12.369159698486328,13.025
3586,358.6,-1681.6120430684775,531.7620755707316,-1758.213931578723,971.8059940162138,5.220370523525369,62096.24034963679,1,0,12.805002212524414,12.878055555555555
3587,358.7,-1682.875669036157,531.8177353159876,-1759.3224980954358,972.4231459714046,5.220370523525369,62399.43823309096,1,0,12.570547103881836,12.708055555555555
3588,358.8,-1684.152666707206,531.8733950612437,-1760.4183434365398,973.0332158992375,5.220370523525369,62701.46952759614,1,0,12.513809204101562,12.773055555555555
3589,358.9,-1685.4096068232154,531.8511311628249,-1761.4963897224234,973.6333768846984,5.220370523525369,62997.35458011852,1,0,12.163119316101074,12.59388888888889
3590,359.001,-1686.713347900974,531.8845270096622,-1762.5635542949096,974.2274798929448,5.220370523525369,63292.75304584295,1,0,12.022862434387207,12.943055555555555
3591,359.1,-1687.9970314237078,531.8177353159876,-1763.5949715902595,974.8016819736014,5.220370523525369,63578.69566737611,1,0,11.825189590454102,12.921944444444444
3592,359.2,-1689.2673432430722,531.8511311628249,-1764.6573676529536,975.3931302966329,5.220370523525369,63880.48926122574,1,0,12.493498802185059,12.72
3593,359.3,-1690.5175975073823,531.828867265197,-1765.7589527257653,976.0063956002888,5.220370523525369,64190.94445790658,1,0,12.72224235534668,12.56111111111111
3594,359.4,-1691.8012810301009,531.8399992144065,-1766.8871090396624,976.634453424863,5.220370523525369,64511.04237166311,1,0,13.101725578308105,12.743055555555555
3595,359.501,-1693.07827870115,531.8399992144065,-1768.0482672464486,977.2808837894828,5.220370523525369,64839.37097125839,1,0,13.214507102966309,12.76388888888889
3596,359.6,-1694.3485905205291,531.7954714175688,-1769.2209937509012,977.9337543608158,5.220370523525369,65176.78737775669,1,0,13.90084457397461,12.739999999999998
3597,359.7,-1695.6055306365388,531.7175477738939,-1770.45896860108,978.6229494499208,5.220370523525369,65532.75417142543,1,0,14.436915397644043,12.641111111111112
3598,359.8,-1696.8624707525632,531.6841519270566,-1771.7418231562012,979.3371295960668,5.220370523525369,65902.47169966537,1,0,14.928159713745117,12.57388888888889
3599,359.9,-1698.132782571898,531.6062282833817,-1773.0470418628447,980.0637601271288,5.220370523525369,66275.65728629693,1,0,14.948840141296387,12.67388888888889
3600,360.0,-1699.3629792811832,531.5283046404977,-1774.364859590349,980.7974046805706,5.220370523525369,66656.11318590213,1,0,15.216556549072266,12.453888888888889
3601,360.1,-1700.5998618421236,531.4169851491945,-1775.6954050761537,981.5381349260317,5.220370523525369,67039.36422944449,1,0,15.24018383026123,12.45611111111111
3602,360.2,-1701.8634878098178,531.3390615055196,-1777.0089041833082,982.269375252977,5.220370523525369,67415.07007770803,1,0,14.8263578414917,12.57611111111111
3603,360.3,-1703.0201401506154,531.1720822689603,-1778.3237346189146,983.0013567460542,5.220370523525369,67800.5246625204,1,0,15.270658493041992,12.10111111111111
3604,360.4,-1704.2035358981218,531.0273669316108,-1779.6660285418934,983.748627484001,5.220370523525369,68192.97915971556,1,0,15.455008506774902,11.993888888888888
3605,360.5,-1705.4003033489982,530.8269918482142,-1781.0314162118846,984.5087547812127,5.220370523525369,68595.21147098277,1,0,15.799283981323242,12.148055555555555
3606,360.6,-1706.6171283548845,530.6934084592832,-1782.3733487951158,985.2558243570927,5.220370523525369,68980.35753508731,1,0,14.918111801147461,12.161111111111111
3607,360.7,-1707.820581657475,530.5152972735144,-1783.6728000644212,985.979244088283,5.220370523525369,69362.04601333837,1,0,14.826869010925293,12.226111111111111
3608,360.8,-1708.997291553312,530.3037902416994,-1784.9611667484548,986.6964929011118,5.220370523525369,69741.19456931185,1,0,14.66438102722168,12.083055555555555
3609,360.9,-1710.1539438940797,530.081151259884,-1786.2172915362883,987.3957922729472,5.220370523525369,70108.49102270433,1,0,14.088838577270508,11.856944444444444
3610,361.0,-1711.3172820865618,529.813984482022,-1787.4401652347115,988.0765803741169,5.220370523525369,70470.74504109555,1,0,13.903249740600586,11.931944444444444
3611,361.1,-1712.493991982384,529.5913455002064,-1788.6533319218017,988.7519644684608,5.220370523525369,70832.63712960084,1,0,13.8666410446167,11.931944444444444
3612,361.2,-1713.657330174866,529.2796509255068,-1789.8211212858293,989.4020864759319,5.220370523525369,71174.10356714355,1,0,12.864543914794922,11.971944444444443
3613,361.3,-1714.827354219033,529.0013521992262,-1790.9232521803915,990.015655644945,5.220370523525369,71501.43960706583,1,0,12.363691329956055,12.03888888888889
3614,361.4,-1716.0441792249337,528.7564493197829,-1792.0165279805085,990.624295079235,5.220370523525369,71833.42313057117,1,0,12.661847114562988,12.203888888888887
3615,361.5,-1717.1874598623617,528.467018642711,-1793.1069306025954,991.2313349816862,5.220370523525369,72160.32132073809,1,0,12.29792308807373,11.910000000000002
3616,361.6,-1718.417656571662,528.2777755085239,-1794.1052416256562,991.7871064130635,5.220370523525369,72450.65423981844,1,0,10.553832054138184,12.08611111111111
3617,361.701,-1719.621109874208,528.0662684759178,-1795.033229024792,992.3037278598914,5.220370523525369,72732.57406389365,1,0,10.477869033813477,12.15111111111111
3618,361.801,-1720.8847358418727,527.8102336472651,-1795.9636769184692,992.8217190928295,5.220370523525369,73018.7477903673,1,0,10.820470809936523,12.59611111111111
3619,361.901,-1721.8608701872852,527.4206154296814,-1796.8973272080596,993.3414931370554,5.220370523525369,73302.4859201074,1,0,10.551173210144043,11.635
3620,362.0,-1723.077695193216,527.1311847526096,-1797.833468319649,993.8626538510422,5.220370523525369,73593.24096721438,1,0,11.093937873840332,12.173055555555555
3621,362.101,-1724.1541173138255,526.6859067905606,-1798.794139665192,994.3974708333877,5.220370523525369,73885.6700596599,1,0,10.678504943847656,12.07611111111111
3622,362.2,-1725.170366769332,526.3296844198142,-1799.7243503890907,994.9153300311341,5.220370523525369,74173.38789729298,1,0,10.829485893249512,11.366944444444444
3623,362.3,-1726.166558669769,525.9066703546022,-1800.6766973130011,995.4455127105226,5.220370523525369,74468.60301546096,1,0,10.970131874084473,11.225
3624,362.4,-1727.2095515319847,525.5727118822746,-1801.6455283370822,995.9848722814161,5.220370523525369,74770.35862572791,1,0,11.20681381225586,11.080000000000002
3625,362.5,-1728.3394604660577,525.1385658686442,-1802.6481958101347,996.5430689994943,5.220370523525369,75085.63839532011,1,0,11.744662284851074,11.760000000000002
3626,362.6,-1729.375767476559,524.6932879050133,-1803.6691025454609,997.1114197283638,5.220370523525369,75402.57328648263,1,0,11.62431812286377,11.613055555555556
3627,362.7,-1730.472247152238,524.3704613811041,-1804.692298182485,997.6810447155991,5.220370523525369,75723.29242408427,1,0,11.797056198120117,11.368055555555555
3628,362.8,-1731.548669272848,523.9029195206364,-1805.720982075751,998.2537250793222,5.220370523525369,76044.95049964527,1,0,11.749946594238281,11.821944444444444
3629,362.9,-1732.4512592497872,523.4799054554244,-1806.7570433742887,998.8305125309097,5.220370523525369,76371.81081991301,1,0,11.965928077697754,10.68611111111111
3630,363.0,-1733.4474511502244,523.0568913902124,-1807.8051873690588,999.4140265609129,5.220370523525369,76702.18793643544,1,0,12.026524543762207,10.843888888888888
3631,363.1,-1734.450328902376,522.5336897844886,-1808.856288575328,999.9991869051709,5.220370523525369,77034.00996252733,1,0,12.03361988067627,11.31111111111111
3632,363.2,-1735.5334368746555,522.0772798716483,-1809.8985815575795,1000.5794436080212,5.220370523525369,77362.32349497845,1,0,11.82490062713623,11.573055555555554
3633,363.3,-1736.5964872919255,521.6208699595991,-1810.9408825807138,1001.159704787325,5.220370523525369,77694.78089768201,1,0,12.033803939819336,11.516944444444446
3634,363.4,-1737.639480154156,521.1088003022937,-1812.0490210141897,1001.7766184235672,5.220370523525369,78058.1075719558,1,0,13.33194637298584,11.63
3635,363.5,-1738.669101313002,520.6635223386629,-1813.2001590860245,1002.4174704617777,5.220370523525369,78422.81097073907,1,0,13.018083572387695,11.298055555555555
3636,363.6,-1739.5182044764335,520.084660986892,-1814.3342182407175,1003.0488144669133,5.220370523525369,78785.22201464533,1,0,12.94100284576416,10.936944444444446
3637,363.7,-1740.3539359365552,519.4390079406556,-1815.4390284155595,1003.6638752226181,5.220370523525369,79135.13602318316,1,0,12.348562240600586,11.011944444444444
3638,363.8,-1741.129494731558,518.7933548928372,-1816.5282743588234,1004.2702711884301,5.220370523525369,79487.88896374116,1,0,12.584731101989746,10.696111111111112
3639,363.9,-1741.9852837467042,518.2033615918568,-1817.6387738952872,1004.8884992783414,5.220370523525369,79848.65950298932,1,0,12.835065841674805,10.636111111111111
3640,364.0,-1743.2689672694378,517.836007272692,-1818.7636689440153,1005.5147415184242,5.220370523525369,80213.72545281544,1,0,12.914250373840332,11.673055555555557
3641,364.1,-1744.2785308732298,517.2571459201301,-1819.902171790189,1006.1485593786188,5.220370523525369,80585.60123664657,1,0,13.146553993225098,11.721944444444444
3642,364.2,-1745.294780328736,516.7673401604526,-1821.0584136141092,1006.7922527353527,5.220370523525369,80963.88124602592,1,0,13.320302963256836,11.153055555555556
3643,364.301,-1746.3778883010305,516.3220621976127,-1822.241578499793,1007.4509344756942,5.220370523525369,81352.13290865421,1,0,13.494684219360352,11.418055555555554
3644,364.402,-1747.2938499813094,515.7209369474231,-1823.4237406374698,1008.1090579744836,5.220370523525369,81737.98827640989,1,0,13.297576904296875,11.26611111111111
3645,364.5,-1748.2164975132441,515.086415849605,-1824.556113877471,1008.7394634111773,5.220370523525369,82109.13281505067,1,0,13.151907920837402,11.188888888888888
3646,364.6,-1749.299605485583,514.585478141509,-1825.7178684135806,1009.3862257593113,5.220370523525369,82494.89495004124,1,0,13.441137313842773,11.621111111111112
3647,364.7,-1750.2957973860052,514.0177487373657,-1826.8775088642697,1010.031811171347,5.220370523525369,82875.62642788338,1,0,13.103515625,11.42388888888889
3648,364.801,-1751.2585600280631,513.4054915395485,-1828.031606891919,1010.6743110516046,5.220370523525369,83258.22500436395,1,0,13.052706718444824,11.526944444444444
3649,364.901,-1752.147778301633,512.7709704417305,-1829.1595663916844,1011.302259307448,5.220370523525369,83631.27538131793,1,0,12.766756057739258,11.173055555555555
3650,365.001,-1753.1038550919911,512.1809771407501,-1830.268934413537,1011.9198574699313,5.220370523525369,84000.51075121846,1,0,12.627140045166016,11.215
3651,365.1,-1753.9462724037676,511.4017407047917,-1831.3569596663062,1012.5255738630574,5.220370523525369,84364.03520567981,1,0,12.529780387878418,11.671111111111113
3652,365.201,-1754.92240674918,510.8451432506487,-1832.4694406219664,1013.144905032227,5.220370523525369,84738.91720897326,1,0,12.683241844177246,11.05111111111111
3653,365.3,-1755.8517401328286,510.17722630599343,-1833.5540753317612,1013.7487338703941,5.220370523525369,85101.79620674098,1,0,12.395283699035645,11.543055555555556
3654,365.4,-1756.69415744462,509.4425176668726,-1834.6299641197936,1014.3476937515484,5.220370523525369,85463.84317772633,1,0,12.232258796691895,11.293055555555556
3655,365.5,-1757.7104069000968,508.8747882635202,-1835.702922027092,1014.9450219770932,5.220370523525369,85828.03953788253,1,0,12.328194618225098,11.396111111111113
3656,365.6,-1758.6196827287208,508.2068713188649,-1836.779899625569,1015.5445880117662,5.220370523525369,86193.78623184694,1,0,12.324271202087402,11.331111111111111
3657,365.7,-1759.5557019640246,507.59461411946575,-1837.8839473747921,1016.159224316205,5.220370523525369,86575.06046760596,1,0,12.94784164428711,11.103055555555555
3658,365.801,-1760.505092902713,506.9489610724383,-1839.0036272448044,1016.7825632052551,5.220370523525369,86953.03874956495,1,0,12.428335189819336,11.396111111111113
3659,365.901,-1761.347510214534,506.2476482809458,-1840.074848321545,1017.3789245168996,5.220370523525369,87317.2047108436,1,0,12.092361450195312,11.088888888888889
3660,366.0,-1762.2634718947686,505.5574674378717,-1841.1401531458819,1017.9719921815836,5.220370523525369,87686.81616472616,1,0,12.539225578308105,11.438888888888888
3661,366.1,-1763.1393184649392,504.8784185440071,-1842.2283618570032,1018.5778107081213,5.220370523525369,88060.18955559043,1,0,12.370325088500977,11.12888888888889
3662,366.201,-1764.0485942935632,504.2105015993518,-1843.3196621910938,1019.1853503773524,5.220370523525369,88437.04458555268,1,0,12.362664222717285,11.203055555555556
3663,366.301,-1764.9311267154333,503.52032075627767,-1844.4177707697327,1019.7966802760113,5.220370523525369,88820.84398789672,1,0,12.77349853515625,11.24388888888889
3664,366.401,-1765.94069031927,502.94145940450676,-1845.5282237690706,1020.41488245816,5.220370523525369,89205.39371841628,1,0,12.645233154296875,11.236111111111112
3665,366.501,-1766.7897934827308,502.1622229693393,-1846.6288296874063,1021.0276026550587,5.220370523525369,89587.89155593605,1,0,12.548094749450684,11.528888888888888
3666,366.601,-1767.745870273089,501.5277018707303,-1847.726089848816,1021.6384602299157,5.220370523525369,89971.30610195221,1,0,12.568647384643555,11.315
3667,366.701,-1768.574915881511,500.7929932316096,-1848.8314147651079,1022.2538075482105,5.220370523525369,90359.84647863825,1,0,12.73270034790039,11.171944444444444
3668,366.8,-1769.4039614899475,500.0582845924888,-1849.9495584070753,1022.8762912011271,5.220370523525369,90755.9548798909,1,0,13.120606422424316,11.181111111111111
3669,366.9,-1770.2731222084628,499.36810374941473,-1851.1087420689946,1023.5216223135081,5.220370523525369,91166.85347411662,1,0,13.413590431213379,11.131944444444445
3670,367.0,-1771.0486810034508,498.61113121266607,-1852.2541117452513,1024.1592630183836,5.220370523525369,91565.97715036343,1,0,12.804398536682129,10.956944444444444
3671,367.101,-1771.9445851286612,497.89868647117316,-1853.376117965392,1024.783897013779,5.220370523525369,91961.92522934888,1,0,12.624502182006836,11.278888888888888
3672,367.2,-1772.7803165887678,497.20850562809903,-1854.475561506711,1025.3959701017873,5.220370523525369,92354.03341550335,1,0,12.796427726745605,11.01
3673,367.3,-1773.6026763455343,496.4960608873971,-1855.6023223317504,1026.0232510413807,5.220370523525369,92757.21977024408,1,0,12.995596885681152,10.966111111111111
3674,367.401,-1774.4918946190894,495.7836161459042,-1856.7572976692275,1026.666239330288,5.220370523525369,93171.52064191189,1,0,13.180508613586426,11.273055555555555
3675,367.5,-1775.2941968207867,495.08230335441164,-1857.9012656230668,1027.303099679887,5.220370523525369,93582.20462511085,1,0,13.269898414611816,10.851944444444444
3676,367.6,-1776.1834150943419,494.4255183581748,-1859.0643002842896,1027.9505746886548,5.220370523525369,94000.86727095673,1,0,13.352449417114258,10.99611111111111
3677,367.7,-1776.9656597409999,493.64628192300734,-1860.234314431271,1028.6019352588366,5.220370523525369,94423.2165449091,1,0,13.429661750793457,11.028055555555556
3678,367.8,-1777.7545902393426,492.87817743704926,-1861.4126379342724,1029.2579217447726,5.220370523525369,94850.14030415946,1,0,13.542654037475586,11.043055555555556
3679,367.9,-1778.4766622208822,492.08780905188144,-1862.6005117972222,1029.919225027875,5.220370523525369,95281.71704427843,1,0,13.648273468017578,10.75
3680,368.0,-1779.1853624990524,491.2529128706668,-1863.8012574877514,1030.5876942080504,5.220370523525369,95720.05025382176,1,0,13.837295532226562,10.891944444444444
3681,368.1,-1779.8940627772224,490.42914863866173,-1865.0342394083661,1031.2741096748268,5.220370523525369,96174.9997735427,1,0,14.386174201965332,10.821111111111112
3682,368.2,-1780.6763074238952,489.70557194875033,-1866.284200880816,1031.969977856849,5.220370523525369,96630.56430318022,1,0,14.225964546203613,10.751944444444444
3683,368.3,-1781.4719237738782,488.95973136042016,-1867.5204811046535,1032.658229527635,5.220370523525369,97082.62790322499,1,0,14.073004722595215,10.833055555555555
3684,368.401,-1782.247482568896,488.19162687367117,-1868.7576636004667,1033.3469835037906,5.220370523525369,97536.89591792217,1,0,13.966225624084473,10.901944444444444
3685,368.501,-1783.0698423256333,487.45691823455036,-1869.991352952065,1034.0337928056758,5.220370523525369,97995.32745384246,1,0,14.2734375,10.973888888888888
3686,368.601,-1783.818657713897,486.7333415446389,-1871.240481797412,1034.7291974544441,5.220370523525369,98458.293746686,1,0,14.319642066955566,10.536111111111111
3687,368.701,-1784.634331618964,486.00976485472756,-1872.4901700881803,1035.4249135530267,5.220370523525369,98922.10080637077,1,0,14.286243438720703,10.83611111111111
3688,368.801,-1785.403204562267,485.2082645211413,-1873.7482630173383,1036.1253086121737,5.220370523525369,99393.07846659457,1,0,14.512027740478516,11.066944444444445
3689,368.9,-1786.1185906921075,484.40676418676395,-1875.0110789415623,1036.828333017955,5.220370523525369,99866.76365215814,1,0,14.686338424682617,10.80111111111111
3690,369.0,-1786.800547563568,483.5718680063404,-1876.3854771075041,1037.5934765637267,5.220370523525369,100404.9904688102,1,0,16.774208068847656,10.823055555555555
3691,369.1,-1787.4891902866987,482.7369718251258,-1877.834558320822,1038.4001970361087,5.220370523525369,100945.52141185712,1,0,16.395864486694336,10.798888888888888
3692,369.2,-1788.331607598475,482.0356590328424,-1879.2675229397812,1039.1979452117728,5.220370523525369,101486.43621660919,1,0,16.405292510986328,10.821944444444446
3693,369.3,-1789.000192766566,481.1673670055815,-1880.6620524750724,1039.9742961264913,5.220370523525369,102004.58340411923,1,0,15.516069412231445,10.913055555555555
3694,369.4,-1789.722264748091,480.3547347227858,-1882.01229853892,1040.7259939143364,5.220370523525369,102516.37432743385,1,0,15.39162540435791,10.883055555555556
3695,369.5,-1790.4109074712364,479.49757464315235,-1883.3391049311715,1041.4646425626518,5.220370523525369,103017.8590291881,1,0,14.979525566101074,10.876111111111111
3696,369.6,-1791.1463511561158,478.7183382071939,-1884.6290492112976,1042.1827696416904,5.220370523525369,103506.80700271834,1,0,14.547836303710938,10.834999999999999
3697,369.7,-1791.8283080275912,477.86117812835147,-1885.9011742715038,1042.8909765524324,5.220370523525369,103995.23352491873,1,0,14.571636199951172,10.876111111111111
3698,369.8,-1792.5303224540323,477.0374138963464,-1887.1566238335452,1043.5899000181662,5.220370523525369,104474.3706842625,1,0,14.16612720489502,10.818888888888889
3699,369.9,-1793.178850067099,476.1691218682945,-1888.40093031602,1044.2826200010797,5.220370523525369,104956.34355528434,1,0,14.316566467285156,10.834999999999999
3700,370.0,-1793.8541210868746,475.3564895854988,-1889.629976328949,1044.9668443019793,5.220370523525369,105427.32783857315,1,0,13.816808700561523,10.62888888888889
3701,370.1,-1794.4692194415172,474.47706560902856,-1890.838912053805,1045.6398729701257,5.220370523525369,105897.32147399268,1,0,13.856233596801758,10.62111111111111
3702,370.2,-1795.157862164648,473.6533013770234,-1892.0487128192683,1046.313383216503,5.220370523525369,106368.43492171113,1,0,13.836609840393066,10.733055555555556
3703,370.3,-1795.7595888158912,472.7738773997621,-1893.2616491954939,1046.988639094093,5.220370523525369,106843.24349439715,1,0,13.928009033203125,10.626944444444444
3704,370.4,-1796.3479437638098,471.8944534217099,-1894.4715004976936,1047.662177474863,5.220370523525369,107315.71021769008,1,0,13.7659912109375,10.575
3705,370.5,-1797.0098430802607,471.05955724128637,-1895.6564128995594,1048.3218320779172,5.220370523525369,107777.39810228438,1,0,13.357147216796875,10.604999999999999
3706,370.6,-1797.5915121764795,470.2023971616529,-1896.8119190035893,1048.9651158507768,5.220370523525369,108230.30486394434,1,0,13.09286880493164,10.446111111111112
3707,370.7,-1798.1865529760678,469.3341051336011,-1897.9465941398541,1049.5968027800632,5.220370523525369,108676.77717743802,1,0,12.880317687988281,10.446944444444444
3708,370.8,-1798.7682220723016,468.4658131055492,-1899.0708089632774,1050.222666330757,5.220370523525369,109122.0623211354,1,0,12.85342788696289,10.52111111111111
3709,370.9,-1799.3231477618406,467.586389128288,-1900.1982010600636,1050.8502987067207,5.220370523525369,109570.97664042082,1,0,12.953046798706055,10.326944444444445
3710,371.0,-1799.918188561429,466.77375684549224,-1901.3342347304592,1051.482741947859,5.220370523525369,110024.52346305038,1,0,13.051237106323242,10.261111111111111
3711,371.101,-1800.4396849924997,465.88320091981257,-1902.5007042615814,1052.1321291889035,5.220370523525369,110493.71530881377,1,0,13.385370254516602,10.323055555555554
3712,371.201,-1801.021354088763,465.0371727893886,-1903.6462045917585,1052.7698426303457,5.220370523525369,110947.38274773218,1,0,12.835609436035156,10.296111111111111
3713,371.301,-1801.5227929648386,464.1243529644991,-1904.7668426391256,1053.3937149479443,5.220370523525369,111397.36854243863,1,0,12.816262245178223,10.291944444444445
3714,371.401,-1802.0509752476537,463.2894567832845,-1905.878307123118,1054.0124802354392,5.220370523525369,111843.27987673871,1,0,12.625622749328613,10.01611111111111
3715,371.501,-1802.5457282720001,462.42116475602364,-1906.9812894346167,1054.6265233982263,5.220370523525369,112288.67703180142,1,0,12.622101783752441,9.99
3716,371.6,-1803.0003661863122,461.4526851858781,-1908.0761724908498,1055.2360576108085,5.220370523525369,112732.6338424816,1,0,12.693382263183594,10.305
3717,371.7,-1803.5151767657278,460.6066570554541,-1909.2046269423279,1055.8642814120635,5.220370523525369,113194.8752780761,1,0,13.137410163879395,10.131944444444445
3718,371.8,-1803.902956163222,459.60478163847125,-1910.367627731855,1056.5117375640618,5.220370523525369,113671.55386206444,1,0,13.484162330627441,10.331944444444444
3719,371.9,-1804.3241648191101,458.6919618135817,-1911.5517727502515,1057.1709649557567,5.220370523525369,114156.13023772615,1,0,13.621410369873047,10.02111111111111
3720,372.001,-1804.758745178368,457.81253783711145,-1912.7497273905708,1057.837880325612,5.220370523525369,114645.42757014174,1,0,13.528768539428711,9.983888888888888
3721,372.1,-1805.22006894435,456.8774541138031,-1913.9221756496686,1058.4905959944992,5.220370523525369,115127.05023084451,1,0,13.58014965057373,10.228888888888887
3722,372.2,-1805.5811049351198,455.9312384420763,-1915.118172345168,1059.1564213535564,5.220370523525369,115621.3498877049,1,0,13.796712875366211,10.078055555555554
3723,372.3,-1805.9621984809144,455.0184186179778,-1916.359597567068,1059.847537304984,5.220370523525369,116142.15957182311,1,0,14.620027542114258,9.955
3724,372.4,-1806.390092988502,454.10559879308823,-1917.633106742242,1060.5565147687294,5.220370523525369,116668.16177384011,1,0,14.5311279296875,10.166944444444445
3725,372.5,-1806.7043280175376,453.12598727452416,-1918.9037049097433,1061.263871640431,5.220370523525369,117195.71359668286,1,0,14.553393363952637,10.184999999999999
3726,372.6,-1807.058678156608,452.168639653588,-1920.18348272336,1061.9763389285692,5.220370523525369,117730.43167382051,1,0,14.741253852844238,10.173055555555557
3727,372.701,-1807.3261122238207,451.14450033818633,-1921.486550181543,1062.7017718344337,5.220370523525369,118274.97429101437,1,0,14.791178703308105,10.403888888888888
3728,372.801,-1807.6202896977873,450.16488881883123,-1922.7777302994352,1063.4205869188218,5.220370523525369,118815.3363940438,1,0,14.764472007751465,10.226111111111111
3729,372.901,-1807.9545822818477,449.19640924947663,-1924.0643468625412,1064.1368614188457,5.220370523525369,119354.84553919685,1,0,14.68671703338623,10.336944444444445
3730,373.001,-1808.2220163490604,448.1834018832843,-1925.3564748462945,1064.856204191253,5.220370523525369,119901.3649308166,1,0,14.890630722045898,10.431944444444444
3731,373.101,-1808.556308933106,447.1815264655105,-1926.678043416206,1065.591936882565,5.220370523525369,120464.97320257107,1,0,15.360624313354492,10.508888888888889
3732,373.201,-1808.8170571486635,446.1573871508997,-1928.0534016551512,1066.3576149122152,5.220370523525369,121056.68261646898,1,0,16.121898651123047,10.64388888888889
3733,373.301,-1809.1179204743003,445.1221158862886,-1929.4596396315185,1067.1404840531234,5.220370523525369,121653.78738626423,1,0,16.067474365234375,10.738055555555555
3734,373.4,-1809.3652969864881,444.075712672468,-1930.8289436744342,1067.9027916409818,5.220370523525369,122232.12361145086,1,0,15.593070983886719,10.709999999999999
3735,373.5,-1809.5324432785185,443.018177510229,-1932.2110695031442,1068.672237267066,5.220370523525369,122828.71636711092,1,0,16.04436492919922,10.731944444444444
3736,373.6,-1809.8132490491155,441.9606423479901,-1933.608107918673,1069.4499849047784,5.220370523525369,123426.92834414267,1,0,15.934426307678223,10.906944444444445
3737,373.701,-1809.9937670444856,440.8697113381228,-1934.9889553795983,1070.2187188485539,5.220370523525369,124014.69996936563,1,0,15.360795021057129,11.016944444444444
3738,373.801,-1810.1742850398705,439.7565164298367,-1936.3755106511783,1070.9906303973287,5.220370523525369,124625.60448745696,1,0,16.378032684326172,11.183055555555555
3739,373.901,-1810.3414313319008,438.6655854199695,-1937.8067488552313,1071.7874174576075,5.220370523525369,125245.71074518358,1,0,16.38360595703125,11.066944444444445
3740,374.001,-1810.3481171835856,437.4855988180089,-1939.2560725448927,1072.594272919408,5.220370523525369,125880.70842188573,1,0,16.792016983032227,11.193055555555556
3741,374.101,-1810.374860590295,436.30561221525727,-1940.7296484518813,1073.4146298744572,5.220370523525369,126525.11467584885,1,0,16.938749313354492,11.434999999999999
3742,374.2,-1810.3414313319008,435.0810978164589,-1942.2130678193907,1074.240466799192,5.220370523525369,127179.53570862988,1,0,17.360328674316406,11.660000000000002
3743,374.3,-1810.4350332554282,433.91224316291675,-1943.729683027535,1075.0847842369526,5.220370523525369,127845.2011940804,1,0,17.35562515258789,11.713055555555556
3744,374.4,-1810.5553785856648,432.7433885101655,-1945.2825525321011,1075.9492848658738,5.220370523525369,128540.36626157115,1,0,18.190204620361328,11.92388888888889
3745,374.5,-1810.6757239159465,431.57453385662336,-1946.8426274170563,1076.8177968143937,5.220370523525369,129220.85718918344,1,0,17.520559310913086,11.978055555555557
3746,374.6,-1810.6957814709856,430.3166236109878,-1948.3963279238853,1077.6827600720012,5.220370523525369,129917.02864630404,1,0,18.044292449951172,12.466944444444444
3747,374.7,-1810.856241911346,429.18116480428284,-1949.9765505932544,1078.5624885279262,5.220370523525369,130621.4876958433,1,0,18.127662658691406,11.788888888888888
3748,374.8,-1810.869613614686,427.90099066022844,-1951.544617115225,1079.4354495143116,5.220370523525369,131316.93028784063,1,0,17.766033172607422,12.508055555555556
3749,374.9,-1810.9565296865433,426.6764762614302,-1953.1039416567148,1080.303543737842,5.220370523525369,132018.02092263987,1,0,17.927555084228516,12.483888888888888
3750,375.0,-1811.1370476819284,425.50762160867896,-1954.6524041745538,1081.16559094567,5.220370523525369,132708.92687261893,1,0,17.517396926879883,12.148888888888887
3751,375.1,-1811.07687501681,424.17178771857743,-1956.1919438962195,1082.0226707284305,5.220370523525369,133406.4970168079,1,0,17.723308563232422,12.76611111111111
3752,375.2,-1811.0969325718345,422.8582177276857,-1957.7570599560315,1082.8939891579982,5.220370523525369,134120.4357071771,1,0,18.10284996032715,12.993888888888888
3753,375.3,-1811.07687501681,421.5780435836313,-1959.3842904560604,1083.7998874234597,5.220370523525369,134874.6865688706,1,0,19.14513397216797,12.801944444444445
3754,375.4,-1811.07687501681,420.2644735919487,-1961.017244980995,1084.7089723205838,5.220370523525369,135606.33923463587,1,0,18.233875274658203,13.07611111111111
3755,375.5,-1811.0969325718345,418.96203554947544,-1962.6641553110915,1085.6258265777888,5.220370523525369,136377.85050952382,1,0,19.464588165283203,13.01388888888889
3756,375.6,-1811.230649605441,417.7152572530493,-1964.3917852663121,1086.5876183950918,5.220370523525369,137180.74930460833,1,0,20.081581115722656,12.888055555555555
3757,375.7,-1811.183848643692,416.3126316684823,-1966.107325400995,1087.5426796677948,5.220370523525369,137958.2413053385,1,0,19.187847137451172,13.739999999999998
3758,375.8,-1811.3175656772985,415.0658533720561,-1967.746226512458,1088.4550750992416,5.220370523525369,138704.2924546922,1,0,18.327281951904297,13.09888888888889
3759,375.9,-1811.4646544142893,413.819075074839,-1969.3315372687748,1089.3376361527246,5.220370523525369,139435.46245638223,1,0,17.96114158630371,12.96
3760,376.001,-1811.5181412277375,412.5055050839473,-1970.8725768166196,1090.1955509062739,5.220370523525369,140140.25764792017,1,0,16.964637756347656,13.078888888888889
3761,376.101,-1811.5582563378018,411.20306704147407,-1972.3281185663247,1091.0058680348807,5.220370523525369,140813.02958974676,1,0,16.35331916809082,13.166944444444445
3762,376.2,-1811.611743151265,409.8561012029541,-1973.7467456198674,1091.7956343200617,5.220370523525369,141479.6806599723,1,0,16.447654724121094,13.423055555555555
3763,376.3,-1811.5649421895012,408.5202673136436,-1975.182403226104,1092.5948817132635,5.220370523525369,142154.7855789104,1,0,16.415145874023438,13.158055555555555
3764,376.401,-1811.6652299647433,407.21782927117033,-1976.6664361920853,1093.4210602354497,5.220370523525369,142865.6972845239,1,0,17.21864891052246,13.40611111111111
3765,376.501,-1811.611743151265,405.8152036873944,-1978.1930869211794,1094.270964565185,5.220370523525369,143595.42154941618,1,0,17.727022171020508,13.703055555555556
3766,376.601,-1811.6719158163833,404.47936979808384,-1979.7334054835294,1095.1284779376706,5.220370523525369,144324.43868335307,1,0,17.531511306762695,13.3
3767,376.7,-1811.584999744526,403.1324039587729,-1981.234135457244,1095.9639518794938,5.220370523525369,145034.76543564806,1,0,17.167816162109375,13.388055555555557
3768,376.8,-1811.5248270794223,401.74091032420625,-1982.729851370956,1096.796634435426,5.220370523525369,145748.60723583132,1,0,17.069744110107422,13.75111111111111
3769,376.9,-1811.5448846344468,400.4273403333146,-1984.2396569101063,1097.6371608507534,5.220370523525369,146478.46062251224,1,0,17.490333557128906,13.356944444444444
3770,377.0,-1811.5716280411712,399.0581105955849,-1985.7559991448813,1098.4813263210444,5.220370523525369,147204.45063808173,1,0,17.219371795654297,13.72388888888889
3771,377.101,-1811.6184290029498,397.73340865548374,-1987.226683317316,1099.3000734136208,5.220370523525369,147900.02203003576,1,0,16.111888885498047,13.463888888888889
3772,377.2,-1811.6652299647433,396.3975747661732,-1988.616731611456,1100.0739295689393,5.220370523525369,148572.12610547015,1,0,16.028297424316406,13.483055555555556
3773,377.3,-1811.6451724096742,395.07287282528114,-1990.0454133982423,1100.8692934418038,5.220370523525369,149274.31552663085,1,0,16.674823760986328,13.37
3774,377.4,-1811.6719158163833,393.70364308834246,-1991.5183552004257,1101.689297383286,5.220370523525369,149996.7155460667,1,0,17.041427612304688,13.62
3775,377.501,-1811.5448846344468,392.3010175045664,-1993.0622481407315,1102.5488006538162,5.220370523525369,150763.64335802567,1,0,17.949020385742188,13.456944444444444
3776,377.601,-1811.4579685626043,390.9317877676276,-1994.6257238605733,1103.419205886923,5.220370523525369,151528.59528139318,1,0,17.839590072631836,13.491111111111111
3777,377.7,-1811.4579685626043,389.5514260822704,-1996.3020969363315,1104.3524623994876,5.220370523525369,152400.14127492445,1,0,20.9208927154541,13.881944444444445
3778,377.801,-1811.4913978210134,388.17106439691315,-1998.1660477681412,1105.3901456443703,5.220370523525369,153326.90203445108,1,0,21.32327651977539,13.741111111111111
3779,377.901,-1811.5783138928707,386.8352305068117,-2000.0609884008031,1106.4450812741109,5.220370523525369,154278.390861471,1,0,22.052703857421875,13.739999999999998
3780,378.001,-1811.712030926492,385.4993966175012,-2001.9437830517397,1107.493255093661,5.220370523525369,155197.90281958441,1,0,21.045249938964844,13.613055555555555
3781,378.1,-1811.7655177399256,384.1301668805624,-2003.7652940355797,1108.507311578437,5.220370523525369,156108.041500766,1,0,21.07105827331543,13.680000000000001
3782,378.2,-1811.96609329035,382.8945205333457,-2005.545173310107,1109.498191203356,5.220370523525369,156977.73268318595,1,0,19.671119689941406,13.04888888888889
3783,378.3,-1812.079752768917,381.580950541663,-2007.2558342541301,1110.4505361735098,5.220370523525369,157835.6081439646,1,0,19.486621856689453,13.291944444444447
3784,378.4,-1812.1733546924445,380.2451166523525,-2008.96007332466,1111.3993060115245,5.220370523525369,158696.72976933254,1,0,19.524120330810547,13.443888888888889
3785,378.501,-1812.3471868361446,378.9760744567165,-2010.6782709675813,1112.355846750169,5.220370523525369,159565.71960218908,1,0,19.416730880737305,13.145
3786,378.6,-1812.5210189798743,377.66250446503386,-2012.311533336651,1113.2651030277261,5.220370523525369,160380.14538083336,1,0,18.346961975097656,13.253888888888888
3787,378.7,-1812.5544482382684,376.3044066780955,-2013.9342236129492,1114.168473697495,5.220370523525369,161214.72349081477,1,0,18.797094345092773,13.353888888888887
3788,378.8,-1812.4541604630415,374.89064914431907,-2015.5952956447863,1115.0932119398162,5.220370523525369,162071.5367901945,1,0,19.225536346435547,13.478055555555555
3789,378.9,-1812.320443429435,373.4657596621242,-2017.2273204270919,1116.0017792383362,5.220370523525369,162893.49567200083,1,0,18.132190704345703,13.72888888888889
3790,379.0,-1812.2335273575775,372.06313407913916,-2018.8409890002004,1116.900127420344,5.220370523525369,163735.0524064477,1,0,18.805355072021484,13.678888888888888
3791,379.1,-1812.3806160945683,370.78295993429373,-2020.4982443210563,1117.8227408549888,5.220370523525369,164596.85965441485,1,0,19.12990951538086,13.301111111111108
3792,379.2,-1812.6012492000323,369.51391773944874,-2022.1597389783285,1118.7477143778362,5.220370523525369,165455.34856718112,1,0,18.902395248413086,13.201944444444445
3793,379.3,-1812.8553115639052,368.32279918748776,-2023.782534744336,1119.6511437749614,5.220370523525369,166290.24718234706,1,0,18.244075775146484,12.684999999999999
3794,379.4,-1812.8352540088656,366.9201736037117,-2025.380535179335,1120.5407693210943,5.220370523525369,167126.1226002694,1,0,18.334819793701172,13.318888888888889
3795,379.5,-1812.7884530471017,365.59547166361057,-2026.9222131090673,1121.3990394693124,5.220370523525369,167914.25035702367,1,0,16.954830169677734,13.116111111111111
3796,379.6,-1812.8686832672597,364.2596377743001,-2028.3908759953622,1122.2166612882363,5.220370523525369,168682.17838540624,1,0,16.663475036621094,13.183055555555557
3797,379.7,-1812.6413643101112,362.87927608815187,-2029.868851473135,1123.0394675358364,5.220370523525369,169468.12552679042,1,0,17.167999267578125,13.226944444444444
3798,379.8,-1812.6213067550718,361.46551855516645,-2031.4358722637921,1123.9118463513596,5.220370523525369,170318.78267866818,1,0,18.701759338378906,13.623055555555554
3799,379.9,-1812.6681077168503,360.21874025874024,-2033.119729322758,1124.849269284973,5.220370523525369,171229.5568815213,1,0,19.842430114746094,12.798055555555555
3800,380.0,-1812.7750813437324,358.9496980638953,-2034.8565051357236,1125.8161527083312,5.220370523525369,172154.85588352627,1,0,19.9130916595459,13.073055555555555
3801,380.1,-1812.9555993391025,357.74744756272486,-2036.6367882041918,1126.8072571300631,5.220370523525369,173120.7422792316,1,0,20.838329315185547,12.563055555555554
3802,380.201,-1813.069258817699,356.52293316392655,-2038.495464657228,1127.842004066548,5.220370523525369,174124.40778908855,1,0,21.28630256652832,12.178888888888888
3803,380.301,-1813.0960022244083,355.23162707066274,-2040.3686937413659,1128.8848526231,5.220370523525369,175137.2458613003,1,0,21.59269142150879,12.581944444444444
3804,380.4,-1813.142803186187,353.92918902818946,-2042.225834814191,1129.9187447954503,5.220370523525369,176135.49553041084,1,0,21.347442626953125,12.883055555555554
3805,380.501,-1813.136117334517,352.7714663246477,-2044.1196692197743,1130.973064575628,5.220370523525369,177165.58770218943,1,0,21.57400131225586,11.831111111111111
3806,380.601,-1813.1561748895563,351.4690282813835,-2045.9960100003411,1132.0176454500033,5.220370523525369,178182.55240451833,1,0,21.376220703125,12.678888888888888
3807,380.701,-1813.176232444581,350.1777221889106,-2047.8594728705893,1133.0550570409732,5.220370523525369,179198.02327803767,1,0,21.279220581054688,12.875
3808,380.801,-1813.0893163727235,348.9198119424841,-2049.6816935976863,1134.0695086481278,5.220370523525369,180181.85259846636,1,0,20.432170867919922,12.46888888888889
3809,380.901,-1813.142803186187,347.6173739000108,-2051.474094233984,1135.067359061702,5.220370523525369,181170.04628678344,1,0,20.59662628173828,12.623055555555556
3810,381.001,-1813.2029758512756,346.326067806747,-2053.27735172777,1136.0712536149153,5.220370523525369,182166.33917001873,1,0,20.680688858032227,12.54611111111111
3811,381.101,-1813.2832060714632,345.1126853571581,-2055.0669414716276,1137.0675391717675,5.220370523525369,183150.4624508495,1,0,20.28376579284668,12.223888888888888
3812,381.2,-1813.3500645882812,343.89930290836026,-2056.8351189335986,1138.051904260671,5.220370523525369,184138.08841069855,1,0,20.599384307861328,12.139999999999997
3813,381.3,-1813.530582583666,342.7638441016553,-2058.679854714165,1139.0788902616218,5.220370523525369,185184.34179551114,1,0,21.62738609313965,12.036944444444444
3814,381.401,-1813.6241845072084,341.5838574996947,-2060.5453421110697,1140.1174289302778,5.220370523525369,186211.05368410225,1,0,20.651607513427734,11.860000000000001
3815,381.5,-1813.7913307992087,340.4929264898274,-2062.291896865017,1141.0897564045395,5.220370523525369,187176.36261636222,1,0,19.731590270996094,11.668888888888889
3816,381.6,-1813.9517912395543,339.3797315815413,-2063.9789817757464,1142.0289763210105,5.220370523525369,188113.31942223507,1,0,18.886486053466797,11.476944444444444
3817,381.7,-1814.1256233832692,338.2442727756274,-2065.6006882313577,1142.931799286288,5.220370523525369,189019.88018293228,1,0,18.235050201416016,11.53111111111111
3818,381.8,-1814.3261989336936,337.15334176655114,-2067.1652742595465,1143.802822641047,5.220370523525369,189897.18020107548,1,0,17.578975677490234,11.348055555555556
3819,381.9,-1814.5334603358178,336.08467465431175,-2068.653174685724,1144.6311542235915,5.220370523525369,190727.75158502915,1,0,16.479684829711914,11.221111111111112
3820,382.0,-1814.7540934412816,334.9937436444445,-2069.988846129782,1145.3747381500095,5.220370523525369,191459.2241782811,1,0,14.094390869140625,11.241944444444444
3821,382.1,-1814.9680406950456,333.92507653299606,-2071.1884815952894,1146.0425892549208,5.220370523525369,192136.85721185716,1,0,13.365764617919922,11.045
3822,382.2,-1815.1953596522092,332.8341455231288,-2072.3395661723425,1146.6834115119602,5.220370523525369,192792.37796711366,1,0,12.983040809631348,11.063055555555556
3823,382.301,-1815.4494220160968,331.7654784116805,-2073.4929258778548,1147.3255003596423,5.220370523525369,193456.74171129812,1,0,13.156448364257812,11.071944444444444
3824,382.4,-1815.6834268249004,330.6856793510226,-2074.626711313834,1147.9566919823665,5.220370523525369,194108.3129668342,1,0,13.05852222442627,11.118888888888888
3825,382.5,-1815.9508608921578,329.65040808641146,-2075.773043021237,1148.594868261241,5.220370523525369,194770.9509856301,1,0,13.181488037109375,10.943055555555556
3826,382.6,-1816.2182949593853,328.58174097496305,-2076.9271035996235,1149.2373472930556,5.220370523525369,195438.73691557455,1,0,13.23543930053711,10.981944444444443
3827,382.7,-1816.4924148782827,327.5464697103519,-2078.0742893070437,1149.8759990037356,5.220370523525369,196101.0871151624,1,0,13.02411937713623,10.806111111111111
3828,382.8,-1816.7865923522643,326.4889345481129,-2079.1936792261768,1150.4991764737374,5.220370523525369,196746.52227540105,1,0,12.59918212890625,10.986944444444443
3829,382.9,-1817.0807698262013,325.4647952327112,-2080.2945405362634,1151.1120388502131,5.220370523525369,197387.13066104462,1,0,12.599991798400879,10.62
3830,383.0,-1817.361575596813,324.42952396810006,-2081.3940801836234,1151.7241654415793,5.220370523525369,198027.96411446316,1,0,12.568928718566895,10.738055555555555
3831,383.1,-1817.6624389224496,323.4053846534893,-2082.5039424489255,1152.342038755176,5.220370523525369,198679.3319427578,1,0,12.836280822753906,10.809999999999999
3832,383.2,-1817.9499305447314,322.3923772865061,-2083.6263139105167,1152.9668760847621,5.220370523525369,199336.72352248384,1,0,12.855269432067871,10.535
3833,383.301,-1818.257479722038,321.3682379711043,-2084.761686976193,1153.598951559521,5.220370523525369,200003.16529292634,1,0,12.876574516296387,10.706944444444444
3834,383.4,-1818.5449713443202,320.355230604912,-2085.8867872469827,1154.2253080491278,5.220370523525369,200667.59370100446,1,0,13.137580871582031,10.545
3835,383.501,-1818.8458346699565,319.36448713713855,-2087.038599909672,1154.8665356399626,5.220370523525369,201344.43477732845,1,0,12.966846466064453,10.41
3836,383.601,-1819.1333262922235,318.4071395162024,-2088.1755374085583,1155.4994820530005,5.220370523525369,202016.83518782517,1,0,13.058126449584961,10.263055555555557
3837,383.7,-1819.4275037661903,317.42752799684735,-2089.298492146163,1156.1246440991704,5.220370523525369,202679.71739105333,1,0,12.906420707702637,10.233888888888888
3838,383.8,-1819.7083095367873,316.48131232512054,-2090.434677593418,1156.7571718362628,5.220370523525369,203355.66478302982,1,0,13.101337432861328,9.953888888888889
3839,383.9,-1820.0292304174632,315.49056885734706,-2091.6124586076767,1157.4128563123659,5.220370523525369,204064.24372334636,1,0,13.858560562133789,10.378055555555555
3840,384.0,-1820.3167220397454,314.5443531856203,-2092.8095516962144,1158.0792920462604,5.220370523525369,204773.5343949509,1,0,13.5433988571167,9.936111111111112
3841,384.101,-1820.6175853653967,313.65379725994063,-2094.0140469213616,1158.7498486362445,5.220370523525369,205494.9694895879,1,0,13.755014419555664,9.743055555555555
3842,384.2,-1820.925134542718,312.7187135358413,-2095.2006503869998,1159.4104446742938,5.220370523525369,206203.97791682967,1,0,13.681195259094238,9.788055555555554
3843,384.3,-1821.2193120166844,311.79476176332435,-2096.387799987275,1160.0713447518879,5.220370523525369,206913.58727481944,1,0,13.49315357208252,9.756944444444445
3844,384.4,-1821.5001177872518,310.9042058368537,-2097.554798095163,1160.7210262578046,5.220370523525369,207611.73659997046,1,0,13.219919204711914,9.42
3845,384.5,-1821.7408084477702,310.00251796196454,-2098.717625109977,1161.368385667386,5.220370523525369,208314.03055512338,1,0,13.397675514221191,9.283055555555556
3846,384.6,-1822.0617293284463,309.10083008549344,-2099.890229837559,1162.0211884441103,5.220370523525369,209022.24089835503,1,0,13.443735122680664,9.553055555555554
3847,384.701,-1822.382650209152,308.18801026139494,-2101.0772636557963,1162.6820240644886,5.220370523525369,209740.37251301834,1,0,13.45893669128418,9.496944444444445
3848,384.801,-1822.7303144965224,307.3197182333431,-2102.2604557254945,1163.340720938489,5.220370523525369,210459.49010639917,1,0,13.624822616577148,9.475
3849,384.901,-1823.0445495255433,306.5182178997568,-2103.4417220663972,1163.9983457367296,5.220370523525369,211174.65305768358,1,0,13.41485595703125,8.796111111111111
3850,385.001,-1823.385527961274,305.6610578201234,-2104.618980756613,1164.6537394289242,5.220370523525369,211892.74941237914,1,0,13.533085823059082,9.090000000000002
3851,385.101,-1823.6797054352255,304.8150296904904,-2105.792930186342,1165.3072908170723,5.220370523525369,212606.78028031194,1,0,13.339105606079102,9.003055555555555
3852,385.2,-1824.0340555743253,304.08032105136965,-2106.956758448892,1165.9552076329876,5.220370523525369,213321.08485243516,1,0,13.570504188537598,8.703888888888889
3853,385.301,-1824.368348158371,303.30108461620216,-2108.1514136148526,1166.6202861468485,5.220370523525369,214052.3770867531,1,0,13.50489616394043,8.64611111111111
3854,385.401,-1824.6758973356627,302.47732038340604,-2109.358921728984,1167.2925200473949,5.220370523525369,214801.42968220147,1,0,14.135467529296875,8.719999999999999
3855,385.501,-1824.9968182163534,301.69808394823855,-2110.6066143394473,1167.9871251273928,5.220370523525369,215572.8927655126,1,0,14.424736022949219,8.446944444444444
3856,385.601,-1825.3377966520839,300.8854516654428,-2111.8675100785017,1168.689080543615,5.220370523525369,216350.85055256492,1,0,14.437692642211914,8.673055555555557
3857,385.7,-1825.7055184945384,300.09508328106597,-2113.1207156902924,1169.3867547759796,5.220370523525369,217126.9445558645,1,0,14.538467407226562,8.61
3858,385.8,-1826.0866120403477,299.34924269273574,-2114.4734241389147,1170.13982340225,5.220370523525369,217990.50769103385,1,0,16.42559242248535,8.475
3859,385.9,-1826.4810772895264,298.5811382059867,-2115.923923963834,1170.947333632315,5.220370523525369,218896.61749287744,1,0,16.776952743530273,8.568888888888889
3860,386.0,-1826.828741576912,297.8798254144942,-2117.31548353887,1171.722031135397,5.220370523525369,219739.84456658488,1,0,15.076425552368164,8.073888888888888
3861,386.1,-1827.1964634193664,297.1562487237918,-2118.6600396994827,1172.4705612875132,5.220370523525369,220587.81178250318,1,0,15.701025009155273,8.145
3862,386.2,-1827.5842428168608,296.43267203388046,-2120.011661920741,1173.2230251982962,5.220370523525369,221427.67262588145,1,0,15.238170623779297,8.183055555555555
3863,386.3,-1827.9452788076155,295.7090953431781,-2121.3359570579864,1173.9602758015565,5.220370523525369,222256.5614640107,1,0,15.075496673583984,8.073888888888888
3864,386.4,-1828.3130006500703,294.9409908572201,-2122.6501300160676,1174.6918912692,5.220370523525369,223082.332070545,1,0,15.0064697265625,8.235
3865,386.5,-1828.6940941958644,294.20628221809926,-2123.9514628518114,1175.4163584904493,5.220370523525369,223899.9665095071,1,0,14.781580924987793,8.206944444444444
3866,386.6,-1829.0885594450435,293.48270552739694,-2125.218396293504,1176.1216751663992,5.220370523525369,224693.60606695965,1,0,14.219053268432617,8.143055555555556
3867,386.701,-1829.5030822492618,292.78139273590443,-2126.4878097528335,1176.828372497195,5.220370523525369,225501.97573360693,1,0,14.550652503967285,8.136111111111111
3868,386.8,-1829.8975474984406,292.05781604520206,-2127.7444346972893,1177.5279503120762,5.220370523525369,226299.28540762898,1,0,14.504568099975586,8.213888888888889
3869,386.9,-1830.3187561543286,291.367635202128,-2129.0239506614507,1178.240271825558,5.220370523525369,227117.1607612875,1,0,14.784085273742676,8.078055555555554
3870,387.001,-1830.7466506619166,290.68858630826327,-2130.3311313641857,1178.9679946228084,5.220370523525369,227951.72546909636,1,0,14.841568946838379,8.061944444444444
3871,387.101,-1831.1745451694746,289.99840546598017,-2131.6076973661416,1179.678673857802,5.220370523525369,228761.99680574238,1,0,14.379558563232422,8.043888888888889
3872,387.201,-1831.6024396770624,289.3193565721155,-2132.8528680976356,1180.3718749782604,5.220370523525369,229556.75659531791,1,0,14.122918128967285,7.973055555555556
3873,387.301,-1832.0503917396752,288.6514396274602,-2134.0994099870277,1181.0658394383695,5.220370523525369,230361.02378742554,1,0,14.410944938659668,7.971111111111111
3874,387.4,-1832.4849720989328,287.96125878438613,-2135.3230712711147,1181.7470659976968,5.220370523525369,231142.13282453534,1,0,13.882102012634277,8.088055555555556
3875,387.5,-1832.9262383098753,287.2710779405211,-2136.5285412924127,1182.4181652681077,5.220370523525369,231917.78483780657,1,0,13.71160888671875,8.06111111111111
3876,387.6,-1833.3474469657488,286.6142929458662,-2137.7042535085,1183.0726980200545,5.220370523525369,232671.89704818837,1,0,13.200933456420898,7.836944444444445
3877,387.7,-1833.7753414733365,285.9575079496294,-2138.854650402642,1183.7131374359683,5.220370523525369,233416.4962104312,1,0,13.13213062286377,7.788055555555555
3878,387.8,-1834.2032359808945,285.28959100497417,-2139.9845090088006,1184.3421429465689,5.220370523525369,234145.5128439623,1,0,12.730803489685059,7.904999999999999
3879,387.9,-1834.6177587851425,284.59941016190004,-2141.095535952145,1184.9606646500636,5.220370523525369,234868.03496127945,1,0,12.701066017150879,7.888055555555555
3880,388.0,-1835.032281589346,283.9426251664542,-2142.203284257015,1185.5773610971446,5.220370523525369,235589.68217679072,1,0,12.655754089355469,7.776944444444444
3881,388.101,-1835.4534902452492,283.26357627338047,-2143.325505712408,1186.2021149165241,5.220370523525369,236324.10926570502,1,0,12.778024673461914,7.911111111111111
3882,388.201,-1835.8680130494527,282.59565932793424,-2144.441055006226,1186.82315426546,5.220370523525369,237054.0068283735,1,0,12.757363319396973,7.823055555555555
3883,388.301,-1836.2624782986165,281.927742383279,-2145.557753229623,1187.4448332369402,5.220370523525369,237786.87888668373,1,0,12.80432415008545,7.793055555555555
3884,388.401,-1836.6770011028348,281.2820893362516,-2146.676605201237,1188.067711225262,5.220370523525369,238522.11260631494,1,0,12.806663513183594,7.741111111111111
3885,388.5,-1837.0781522036834,280.60304044238694,-2147.7767149063166,1188.6801551744327,5.220370523525369,239244.42994899928,1,0,12.629669189453125,7.808888888888888
3886,388.6,-1837.4859891562319,279.9462554477321,-2148.88157232655,1189.2952422321998,5.220370523525369,239973.6729549877,1,0,12.660977363586426,7.715
3887,388.7,-1837.8804544053808,279.2894704514952,-2149.9814693140484,1189.9075677590033,5.220370523525369,240699.0841022475,1,0,12.516122817993164,7.761111111111111
3888,388.8,-1838.2949772095994,278.6438174044678,-2151.0779085555455,1190.5179683181366,5.220370523525369,241425.99618713048,1,0,12.581828117370605,7.715
3889,388.9,-1838.6894424587633,277.99816435902244,-2152.181217918471,1191.132193554281,5.220370523525369,242159.1713913731,1,0,12.673382759094238,7.576944444444445
3890,389.0,-1839.0972794113115,277.3636432612044,-2153.288647379447,1191.7487124972342,5.220370523525369,242895.5082113685,1,0,12.676138877868652,7.586944444444444
3891,389.1,-1839.4917446604754,276.7068582649676,-2154.396801436399,1192.3656348312486,5.220370523525369,243633.89621969505,1,0,12.689969062805176,7.635
3892,389.201,-1839.8862099096395,276.08346911715,-2155.508662522949,1192.9846209120294,5.220370523525369,244374.0100150318,1,0,12.509004592895508,7.451944444444445
3893,389.301,-1840.2873610105032,275.4378160701226,-2156.5970144284333,1193.590519156545,5.220370523525369,245100.7290675343,1,0,12.403823852539062,7.591111111111112
3894,389.401,-1840.681826259682,274.7921630238862,-2157.681765393553,1194.1944127154125,5.220370523525369,245827.8716285505,1,0,12.4265775680542,7.541944444444444
3895,389.501,-1841.0896632122008,274.1687738752776,-2158.78753709959,1194.8100087667876,5.220370523525369,246575.48269069384,1,0,12.884997367858887,7.466944444444445
3896,389.601,-1841.4841284613797,273.53425277745964,-2159.899409793758,1195.4290013096652,5.220370523525369,247319.73898953063,1,0,12.566231727600098,7.515
3897,389.7,-1841.891965413898,272.9108636288511,-2161.03516612746,1196.06129015422,5.220370523525369,248098.5844521616,1,0,13.69430923461914,7.446944444444444
3898,389.8,-1842.2998023664466,272.2986064294519,-2162.227517595249,1196.725086172345,5.220370523525369,248902.58805407953,1,0,13.599112510681152,7.3388888888888895
3899,389.9,-1842.7210110223348,271.6863492292618,-2163.421191267379,1197.3896182771025,5.220370523525369,249711.9013252018,1,0,13.72457504272461,7.493888888888889
3900,390.0,-1843.168963084962,271.10748787828186,-2164.6538987564336,1198.0758809646175,5.220370523525369,250557.6343310241,1,0,14.492612838745117,7.39
3901,390.1,-1843.5968575925203,270.5063626280922,-2165.888716789587,1198.7633186167352,5.220370523525369,251387.53685877108,1,0,13.772886276245117,7.39
3902,390.2,-1844.018066248423,269.9163693263209,-2167.0876780292033,1199.4307943722013,5.220370523525369,252202.83097048453,1,0,13.671835899353027,7.341111111111111
3903,390.3,-1844.4259032009718,269.31524407613114,-2168.2784948967055,1200.0937360603848,5.220370523525369,253014.48594859673,1,0,13.586458206176758,7.233055555555556
3904,390.4,-1844.8604835602296,268.74751467356964,-2169.4774415544116,1200.7612036979306,5.220370523525369,253837.84186797927,1,0,13.857930183410645,7.161111111111111
3905,390.5,-1845.268320512748,268.1686533217988,-2170.6880321594867,1201.4351536572647,5.220370523525369,254667.43139056634,1,0,13.85299301147461,7.1338888888888885
3906,390.6,-1845.6761574652965,267.61205586686475,-2171.936662428474,1202.130280742738,5.220370523525369,255536.36906095364,1,0,14.728673934936523,6.9880555555555555
3907,390.7,-1846.0973661211847,267.04432646430325,-2173.222187348078,1202.8459475120471,5.220370523525369,256420.703039188,1,0,14.697526931762695,7.111111111111112
3908,390.8,-1846.5252606287577,266.5211248577885,-2174.4976067535604,1203.5559884233637,5.220370523525369,257297.79533979038,1,0,14.497354507446289,6.838055555555556
3909,390.9,-1846.9397834329463,265.9867913012733,-2175.7182660013546,1204.235543713949,5.220370523525369,258128.19975162105,1,0,13.44404411315918,6.816111111111111
3910,391.0,-1847.3476203854948,265.46358969475847,-2176.8684558740274,1204.8758678785878,5.220370523525369,258918.33346166773,1,0,12.884281158447266,6.676944444444444
3911,391.1,-1847.7688290414276,264.973783935081,-2177.9574613407517,1205.4821299682956,5.220370523525369,259664.76010491207,1,0,12.04350757598877,6.465
3912,391.2,-1848.163294290532,264.48397817619446,-2179.0185768617066,1206.0728653987526,5.220370523525369,260405.11476724615,1,0,12.245868682861328,6.333055555555555
3913,391.3,-1848.57113124311,264.01643631493573,-2180.091803534451,1206.6703432491672,5.220370523525369,261153.8433028086,1,0,12.3207368850708,6.208888888888889
3914,391.4,-1848.9589106405895,263.54889445288615,-2205.3897062970136,1163.528226667391,-1.13362528281346,69279.59271068059,0,1,12.275296211242676,6.058888888888889
3915,391.5,-1849.319946631359,263.05908869399957,-2218.2276926659647,1141.9683257783354,-1.1421779634652705,44840.429157547784,0,1,12.333806037902832,6.096111111111111
3916,391.6,-1849.714411880538,262.6583385272064,-2230.7483213453365,1120.2306544211765,-1.1507498486947356,26964.437518044106,0,1,12.406089782714844,5.726944444444444
3917,391.7,-1850.0687620196081,262.2130605635756,-2242.6002033047544,1098.1515077153108,-1.1593546504985808,15165.89061313316,0,1,12.14748764038086,5.68
3918,391.8,-1850.4565414171022,261.8234423467828,-2253.052772539067,1075.4473109646935,-1.1680061927042744,8074.473298804822,0,1,12.184891700744629,5.53
3919,391.9,-1850.8242632595566,261.4115602291983,-2260.650121968906,1051.7774884184173,-1.1766750364099994,4147.468072898905,0,1,12.06179428100586,5.506111111111111
3920,392.0,-1851.205356805366,261.02194201240553,-2263.255539458142,1027.281117088204,-1.1851690190573438,2094.6648724113693,0,1,11.812739372253418,5.498055555555555
3921,392.1,-1851.566392796121,260.6211918456124,-2259.966125776542,1003.1097262733358,-1.193279847859539,1036.4477984803493,0,1,11.697898864746094,5.321111111111111
3922,392.2,-1851.9341146385755,260.2649694748659,-2252.4456149522057,980.0635640884119,-1.2015260210146734,486.5070333975921,0,1,11.527594566345215,5.1611111111111105
3923,392.3,-1852.288464777646,259.89761515491006,-2242.7745084597605,957.9017065711879,-1.211563202639973,211.99824135521484,0,1,11.393548965454102,5.111944444444444
3924,392.402,-1852.6294432133907,259.552524733373,-2232.1937859067725,936.1986499808453,-1.2271981077984562,86.87861614682248,0,1,11.350160598754883,4.858888888888889
3925,392.502,-1852.9837933524611,259.2296982102548,-2221.229649706306,914.6630129699843,-1.2576005224548703,36.04681205189892,0,1,11.248748779296875,4.845
3926,392.6,-1853.2913425297975,258.9068716863456,-2210.186899435341,893.1217845833042,-1.3261070496511254,24.65622381517659,0,1,11.256351470947266,4.496944444444444
3927,392.7,-1853.592205855419,258.6174410116466,-2199.202561471447,871.5008764793871,-1.4543734155667698,19.807941707541318,0,1,11.12868881225586,4.2380555555555555
3928,392.8,-1853.8730116260163,258.35027423299357,-2188.3159653179437,849.6976475693889,-1.6603208258614732,17.357982241880496,0,1,11.136470794677734,3.9399999999999995
3929,392.9,-1854.1003305831648,258.09423940434084,-2177.5309242876424,827.6134546082667,-1.958657156639158,15.862942196716876,0,1,11.033662796020508,3.416944444444444
3930,393.0,-1854.3209636886286,257.860468473316,-2166.7384752154735,805.17293054422,-2.357935551605261,15.132526623692602,0,1,11.201202392578125,3.206111111111111
3931,393.1,-1854.514853387383,257.67122533912885,-2155.6384385140727,782.3860978024586,-2.851617504315393,14.620777409189442,0,1,11.263879776000977,2.798888888888889
3932,393.2,-1854.695371382768,257.4931141533601,-2143.767670784092,759.4570853299656,-3.405005861084954,14.046803391594946,0,1,11.043172836303711,2.5180555555555553
3933,393.301,-1854.8558318231132,257.3372668668012,-2130.8496204705993,736.7500889270773,-3.9541569937809564,13.408496119004122,0,1,10.59515380859375,2.296111111111111
3934,393.4,-1854.9962347084193,257.1480237326141,-2117.1634046889694,714.5523126543684,-4.420632741538721,12.957800384261272,0,1,10.334787368774414,2.2888888888888888
3935,393.5,-1855.1232658903557,257.014440343683,-2103.2942260622112,692.7722084152124,-4.732104585333917,12.727301604286785,0,1,10.251775741577148,1.906111111111111
3936,393.6,-1855.2636687756321,256.8585930563331,-2089.713397262161,671.1456227283436,-4.847302167559327,12.89258537065509,0,1,10.600255966186523,2.048888888888889
3937,393.7,-1855.404071660953,256.70274576977425,-2076.532663325264,649.4264800771801,-4.766192457829166,12.862697329317832,0,1,10.604434967041016,2.056111111111111
3938,393.8,-1855.5244169911896,256.5580304316337,-2063.6676610573354,627.4388560966936,-4.518150290308716,13.123085687507357,0,1,10.904471397399902,1.963888888888889
3939,393.9,-1855.658134024796,256.4355789919121,-2051.080712227235,605.0326397203139,-4.151197948446612,13.115893017052892,0,1,10.8309965133667,1.8019444444444443
3940,394.0,-1855.7784793550773,256.2908636537716,-2038.8341554604347,582.1058972964577,-3.7278549457038768,13.794970438589573,0,1,11.58221435546875,1.9200000000000002
3941,394.1,-1855.9188822403833,256.1572802648406,-2026.9997582455392,558.8103745744569,-3.324501730299637,12.710949165218752,0,1,10.205275535583496,1.851111111111111
3942,394.201,-1856.0459134222751,256.02369687590954,-2015.3723586417484,535.526048798378,-3.016057707944099,12.631036530172407,0,1,10.11104965209961,1.85
3943,394.301,-1856.1662587525716,255.89011348697846,-2003.6186086632174,512.594041023099,-2.8372386843013593,11.2460342962412,0,1,8.10267448425293,1.8311111111111111
3944,394.401,-1856.293289934508,255.75653009804742,-1991.531861285263,490.07030253512175,-2.7900549389103486,11.138391570345672,0,1,8.023092269897461,1.7730555555555552
3945,394.501,-1856.4136352647447,255.63407865753484,-1979.1018685021986,467.8154823820386,-2.856858137668793,10.662218062931316,0,1,7.23488712310791,1.6938888888888888
3946,394.601,-1856.5206088916564,255.5116272178132,-1966.3946868665607,445.7743708915394,-2.9994134263905106,9.899287862030967,0,1,5.658919811248779,1.635
3947,394.7,-1856.640954221908,255.37804382888217,-1953.522999169886,423.83468809369447,-3.1841475167586686,9.850273211574892,0,1,5.633828163146973,1.6869444444444446
3948,394.801,-1856.7679854038295,255.27785628757934,-1940.5604636227745,401.89514397954315,-3.388238275987263,9.666117874728066,0,1,5.1481709480285645,1.6169444444444445
3949,394.901,-1856.8682731790568,255.15540484706676,-1927.5785208603525,379.94974190210263,-3.588986212558076,9.64640551649765,0,1,5.138847827911377,1.5469444444444445
3950,395.001,-1856.9551892509141,255.04408535655452,-1915.3795858398028,359.20641101829847,-3.758017748238867,9.581776021988839,0,1,4.996222496032715,1.4799999999999998
3951,395.101,-1857.035419471072,254.91050196762347,-1905.3174122139737,341.8955190247931,-3.8715855875789518,9.260965690927598,0,1,4.071422576904297,1.4919444444444445
3952,395.2,-1857.1290213946143,254.79918247711126,-1897.049934426287,327.4601380500883,-3.940332528360056,9.21902041977397,0,1,4.052911758422852,1.4711111111111113
3953,395.3,-1857.209251614787,254.69899493501748,-1890.5124809010645,315.25391935166516,2.4462993147014247,8.789590476504413,0,1,3.7585105895996094,1.3219444444444446
3954,395.4,-1857.2961676866446,254.56541154687739,-1884.8748669537615,305.12085636345864,2.4364588921998975,8.678366383463201,0,1,3.01711368560791,1.5138888888888888
3955,395.5,-1857.3697120551176,254.4540920555742,-1880.2025901154102,296.64595873330876,2.4322774883253926,8.671770792726404,0,1,3.0153121948242188,1.3669444444444445
3956,395.601,-1857.4432564236056,254.342772564271,-1876.3070756578593,289.52505357858206,2.4317558453889596,8.677821211447423,0,1,2.988332748413086,1.3888888888888888
3957,395.7,-1857.5301724954481,254.25371697217764,-1873.0731057321373,283.563558832663,2.433491495256951,8.677015758765133,0,1,3.1393566131591797,1.223888888888889
3958,395.8,-1857.6170885673057,254.1535294292929,-1870.3746603818367,278.5465727278845,2.4366334448424376,8.701389866968054,0,1,3.286020278930664,1.291111111111111
3959,395.9,-1857.677261232439,254.04220993957165,-1868.1219057649096,274.3217579173033,2.4405389162993623,8.721954860661663,0,1,3.399287223815918,1.265
3960,396.0,-1857.7374338975724,253.9642862958967,-1866.2428934471536,270.7670548990664,2.444763242188003,8.742520094376497,0,1,3.4983396530151367,1.073888888888889
3961,396.101,-1857.7842348593358,253.86409875459387,-1864.669610927589,267.7625257670585,2.4490608182650795,8.785764455937066,0,1,3.6417112350463867,1.1080555555555556
3962,396.201,-1857.8444075244693,253.7416473140813,-1863.3556437246457,265.2183903134336,2.4533220370030766,8.839785093094534,0,1,3.931619644165039,1.281111111111111
3963,396.301,-1857.9045801896025,253.64145977277846,-1862.2557311691523,263.0593219669844,2.4574485579578074,8.879646913153769,0,1,4.098573684692383,1.208888888888889
3964,396.4,-1857.9647528547505,253.5524041798941,-1861.349205767154,261.24276641039944,2.4613322961579995,8.846486951393999,0,1,3.949915885925293,1.0780555555555555
3965,396.5,-1858.0182396681694,253.4522166385913,-1860.598472244362,259.7037534472744,2.4649462330018177,8.886387378105034,0,1,4.081568717956543,1.221111111111111
3966,396.6,-1858.065040629933,253.363161045707,-1859.966758569232,258.38614487892767,2.4682989656139127,8.968265590778714,0,1,4.407143592834473,1.0919444444444444
3967,396.7,-1858.1185274433665,253.27410545361357,-1859.4328786779686,257.24999221607135,2.4714402203473083,9.040241801956867,0,1,4.654533863067627,1.041111111111111
3968,396.8,-1858.1452708500908,253.16278596231038,-1858.9774115105238,256.2630154562759,2.4743872496559662,9.12984016121804,0,1,4.948667049407959,1.123888888888889
3969,396.9,-1858.198757663554,253.07373036942602,-1858.596094881844,255.40960342561638,2.477175139393804,9.171795046296292,0,1,5.038695335388184,1.0799999999999998
3970,397.0,-1858.2255010702784,252.97354282812321,-1858.2779838089518,254.67329008953044,2.479782434752213,9.210753176782763,0,1,5.116013526916504,1.028888888888889
3971,397.1,-1858.2589303286875,252.88448723523885,-1858.0191480280607,254.04371418446905,2.4822124805405386,9.195653978788613,0,1,4.996829986572266,1.006111111111111
3972,397.202,-1858.2990454387811,252.8065635915639,-1857.8066174461628,253.49901612334952,2.484482214317803,9.252929779993844,0,1,5.051797866821289,0.9519444444444445
3973,397.3,-1858.3057312904364,252.69524410105168,-1857.6405549903077,253.03881976637092,2.486579460717243,9.212143307950486,0,1,4.989203453063965,1.0419444444444443
3974,397.401,-1858.3057312904364,252.61732045737676,-1857.4978492038147,252.63508990579547,2.4884730488518017,9.22671590476095,0,1,4.925185203552246,0.736111111111111
3975,397.501,-1858.3124171421211,252.5282648644924,-1857.385438641633,252.2897806073377,2.4902142738652766,9.219480235194673,0,1,4.872027397155762,0.9361111111111111
3976,397.6,-1858.3391605488453,252.45034122081745,-1857.3030127797538,251.99721646562216,2.49184225634029,9.178099717036064,0,1,4.739324569702148,0.8369444444444444
3977,397.7,-1858.3592181038848,252.36128562872406,-1857.239616198608,251.74014543212934,2.4933793348402027,9.180717616421447,0,1,4.702364444732666,0.9630555555555556
3978,397.8,-1858.3926473622937,252.27223003583973,-1857.1946818198237,251.51318220668617,2.4948667957980386,9.176630835278292,0,1,4.652554512023926,0.9538888888888889
3979,397.901,-1858.4260766207028,252.19430639216478,-1857.159978883269,251.30617276801055,2.4963008733103464,9.22321252280086,0,1,4.740591049194336,0.9080555555555556
3980,398.001,-1858.4461341757274,252.10525080007136,-1857.1323679215877,251.11527520890692,2.497684129746215,9.253412802664604,0,1,4.832635879516602,0.915
3981,398.101,-1858.4528200274272,252.03845910560588,-1857.1010043097435,250.93165220605135,2.4989719780642345,9.348229132667552,0,1,5.123067855834961,0.7611111111111112
3982,398.2,-1858.4595058790972,251.96053546193093,-1857.0744570743614,250.7629449953469,2.5001987746807686,9.30403140404889,0,1,4.987094402313232,0.725
3983,398.3,-1858.4528200274272,251.89374376746537,-1857.0485238085396,250.60681523033003,2.501329402611768,9.366423312665384,0,1,5.140604496002197,0.8111111111111111
3984,398.4,-1858.4528200274272,251.80468817537204,-1857.0187446000969,250.45000485477226,2.502437158792701,9.440598231747714,0,1,5.327957630157471,0.8480555555555556
3985,398.5,-1858.4728775824517,251.72676453169706,-1856.988971725304,250.29417708141673,2.5035586867095687,9.508812158608075,0,1,5.48698091506958,0.8111111111111111
3986,398.6,-1858.4661917307817,251.65997283723152,-1856.9601797853545,250.14849185926187,2.504611730873129,9.51259162886763,0,1,5.453810214996338,0.7088888888888889
3987,398.7,-1858.4728775824517,251.5820491927656,-1856.9396927138641,250.01643894714232,2.505656092410883,9.508447012513159,0,1,5.4032511711120605,0.7719444444444444
3988,398.8,-1858.4728775824517,251.5263894475095,-1856.9260336126215,249.90103793873214,2.5066340459928544,9.493082592010436,0,1,5.325143337249756,0.6811111111111111
3989,398.9,-1858.4728775824517,251.47072970304436,-1856.918302370431,249.79991204398996,2.5075539089763685,9.481940179811332,0,1,5.264676094055176,0.6588888888888889
3990,399.001,-1858.492935137521,251.40393800778787,-1856.9182415232267,249.70774660168308,2.508494288251308,9.45766662863147,0,1,5.127609729766846,0.73
3991,399.101,-1858.492935137521,251.34827826253175,-1856.927050106235,249.6332361603702,2.509376292192028,9.420604597365946,0,1,5.013935565948486,0.62
3992,399.201,-1858.492935137521,251.29261851727566,-1856.9470242448133,249.5786886500912,2.5102037039839606,9.298445446395839,0,1,4.6209187507629395,0.6319444444444444
3993,399.301,-1858.492935137521,251.23695877122856,-1856.9813556648999,249.54781029405365,2.51097793483742,9.202555513735849,0,1,4.302677154541016,0.6969444444444444
3994,399.4,-1858.5063068408756,251.19243097518188,-1857.0256193600771,249.53285616786596,2.5117156550359954,9.141776882104343,0,1,4.150763511657715,0.6319444444444444
3995,399.5,-1858.4996209891908,251.12563928071634,-1857.0652606803328,249.51428137081035,2.5124147396762186,9.122211151925493,0,1,4.075447082519531,0.7769444444444444
3996,399.601,-1858.5196785442452,251.0922434330881,-1857.10394443624,249.49601585865082,2.5130874662181735,9.114914434301584,0,1,4.001440048217773,0.5911111111111111
3997,399.7,-1858.5196785442452,251.0588475854599,-1857.1439060929988,249.48578805164564,2.5136903595874562,9.070467690135256,0,1,3.909069061279297,0.58
3998,399.8,-1858.5263643959001,251.01431979020413,-1857.1823552026049,249.47515670746088,2.5142694645759796,9.03582273726254,0,1,3.7687063217163086,0.5819444444444445
3999,399.9,-1858.5330502475847,250.96979199415745,-1857.2230573794504,249.4690629276264,2.5148266651263596,8.995039881753021,0,1,3.610942840576172,0.505
4000,400.0,-1858.5397360992847,250.91413224811035,-1857.263816031993,249.46238448067274,2.515381807454518,8.977215104746783,0,1,3.545252799987793,0.6811111111111111
4001,400.1,-1858.5597936543093,250.89186834969152,-1857.3028841264559,249.45534572408403,2.515911872015788,8.976207087159917,0,1,3.545498847961426,0.45305555555555554
4002,400.2,-1858.566479505994,250.83620860443543,-1857.3370783424652,249.44069548851007,2.516445117440623,8.973129559983951,0,1,3.5331811904907227,0.69
4003,400.3,-1858.5597936543093,250.79168080838872,-1857.3690003245736,249.4271827563277,2.516935262754328,8.933008219423247,0,1,3.3672256469726562,0.61
4004,400.4,-1858.5731653576786,250.75828496076048,-1857.4001039081775,249.41331553599198,2.517414486350246,8.951991929214087,0,1,3.4462051391601562,0.47388888888888886
4005,400.5,-1858.5731653576786,250.70262521629536,-1857.4261328215123,249.39243011802748,2.5178911232091212,8.934742255419973,0,1,3.3706960678100586,0.665
4006,400.6,-1858.5798512093636,250.6692293686671,-1857.4503671747852,249.3712573558397,2.5183467162179545,8.9414526814841,0,1,3.393037796020508,0.5469444444444445
4007,400.7,-1858.606594616058,250.63583352182982,-1857.4744345108472,249.34700512717265,2.518826091093891,8.945202695253284,0,1,3.399801254272461,0.4961111111111111
4008,400.8,-1858.606594616058,250.59130572499214,-1857.4927073362849,249.31667744299065,2.519289407246399,8.966390794362619,0,1,3.4725685119628906,0.5930555555555554
4009,400.9,-1858.6199663194425,250.5579098773639,-1857.5066471942598,249.28070350721566,2.519752335401797,8.990277777671185,0,1,3.5490188598632812,0.48305555555555557
4010,401.0,-1858.640023874482,250.53564597973605,-1857.5187838323764,249.24283030257982,2.5202141566593164,9.006721560009547,0,1,3.592182159423828,0.4469444444444444
4011,401.1,-1858.6533955778516,250.5022501321078,-1857.5304483659581,249.2045018414871,2.5206787008657083,9.009107471118769,0,1,3.581526756286621,0.5338888888888889
4012,401.2,-1858.6734531328912,250.5022501321078,-1857.5438914713336,249.17287176689558,2.521109971027974,9.01329649187387,0,1,3.5782651901245117,0.2788888888888889
4013,401.3,-1858.6801389845755,250.4799862344799,-1857.556864980241,249.14350976002467,2.5215188993837825,9.012795702464821,0,1,3.5583934783935547,0.39694444444444443
4014,401.4,-1858.6868248362755,250.44659038764263,-1857.570406949218,249.1155230444488,2.5219256302915225,9.005935695625755,0,1,3.5164756774902344,0.405
4015,401.501,-1858.6868248362755,250.43545843764227,-1857.58180176479,249.09027882594987,2.522282964728712,9.018742179494762,0,1,3.4987268447875977,0.2511111111111111
4016,401.601,-1858.6935106879007,250.41319454001442,-1857.5944174614526,249.06818654992298,2.5226296210063692,9.018754115114916,0,1,3.5037622451782227,0.2830555555555555
4017,401.701,-1858.6935106879007,250.3909306415956,-1857.6054675493651,249.0466762804291,2.522953272665007,9.013194016047901,0,1,3.477581024169922,0.2969444444444444
4018,401.801,-1858.6935106879007,250.37979869238617,-1857.6172365391474,249.0303749124902,2.523240128230898,8.993616916678357,0,1,3.39870548248291,0.27499999999999997
4019,401.9,-1858.700196539615,250.35753479396732,-1857.6330796276823,249.0199079284432,2.5235266726488885,8.963837962068787,0,1,3.332098960876465,0.2561111111111111
4020,402.001,-1858.7068823913,250.34640284554888,-1857.6489498416033,249.0113454091937,2.5237959310111564,8.95419344365636,0,1,3.218935012817383,0.21611111111111111
4021,402.101,-1858.7269399463394,250.34640284554888,-1857.6699830893108,249.01038288801004,2.5240615040725087,8.950567673812687,0,1,3.213229179382324,0.2038888888888889
4022,402.201,-1858.740311649709,250.34640284554888,-1857.6908673390456,249.0110723283818,2.5243099182354833,8.94076301601858,0,1,3.1734304428100586,0.1511111111111111
4023,402.3,-1858.7603692047485,250.35753479396732,-1857.7144719358514,249.01747534603544,2.5245411383488614,8.921335148890668,0,1,3.1471996307373047,0.12
4024,402.4,-1858.780426759773,250.35753479396732,-1857.737260472228,249.02238313050663,2.5247753175276935,8.922170906503597,0,1,3.1249771118164062,0.13999999999999999
4025,402.501,-1858.7871126114576,250.35753479396732,-1857.7565019808023,249.02512987557236,2.5249843129263785,8.942619611334585,0,1,3.136415481567383,0.1261111111111111
4026,402.6,-1858.7937984631426,250.35753479396732,-1857.7770418570913,249.0321634547007,2.52517183893575,8.917513562091159,0,1,3.098552703857422,0.11388888888888887
4027,402.701,-1858.7937984631426,250.34640284554888,-1857.7927998940102,249.0341458519073,2.525344708475499,8.933562091437436,0,1,3.0849409103393555,0.10111111111111111
4028,402.801,-1858.7937984631426,250.33527089633947,-1857.808073178275,249.0369036619757,2.5255051251818914,8.928591933827239,0,1,3.0725317001342773,0.1088888888888889
4029,402.9,-1858.7937984631426,250.33527089633947,-1857.8228897080048,249.04212597577887,2.5256384176933513,8.909951750797568,0,1,3.0493717193603516,0.08499999999999999
4030,403.0,-1858.8004843148424,250.34640284554888,-1857.8369268118174,249.0490986325501,2.5257467588064073,8.901235344854832,0,1,2.990626335144043,0.06388888888888888
4031,403.1,-1858.8004843148424,250.34640284554888,-1857.8510459925117,249.05829256960521,2.5258367727754,8.89490003257225,0,1,2.952469825744629,0.07999999999999999
4032,403.2,-1858.807170166512,250.34640284554888,-1857.8659997854138,249.06884634129221,2.5259254684843206,8.886201390650337,0,1,2.907485008239746,0.09694444444444443
4033,403.3,-1858.813856018182,250.35753479396732,-1857.881676172816,249.08243801769441,2.5259965423662396,8.87820921549052,0,1,2.8671035766601562,0.10611111111111111
4034,403.4,-1858.820541869882,250.35753479396732,-1857.8976175584596,249.09622751954709,2.5260693591786683,8.872462251142004,0,1,2.8367652893066406,0.15499999999999997
4035,403.5,-1858.8405994249065,250.36866674317673,-1857.915179424474,249.11086011703168,2.5261549549189,8.872419972632155,0,1,2.8294382095336914,0.1088888888888889
4036,403.6,-1858.8606569799606,250.36866674317673,-1857.9328135572334,249.122521065441,2.5262675561509065,8.880434790914206,0,1,2.852932929992676,0.09805555555555555
4037,403.7,-1858.8740286833154,250.36866674317673,-1857.9490045148539,249.13115160140512,2.526389056968176,8.885159143495137,0,1,2.861825942993164,0.09694444444444443
4038,403.8,-1858.880714535,250.36866674317673,-1857.963306781104,249.13786459612132,2.5265043318277405,8.889284189760707,0,1,2.867527961730957,0.0961111111111111
4039,403.9,-1858.887400386685,250.35753479396732,-1857.976389687236,249.1416205541554,2.5266308922966685,8.890663380447823,0,1,2.8622684478759766,0.09111111111111109
4040,404.0,-1858.894086238355,250.35753479396732,-1857.9884302028636,249.14473339413092,2.5267506161113023,8.894996173621747,0,1,2.8680858612060547,0.09
4041,404.1,-1858.894086238355,250.34640284554888,-1857.998720688978,249.14578595404967,2.5268671869658856,8.894121042622087,0,1,2.8539915084838867,0.09111111111111109
4042,404.2,-1858.894086238355,250.34640284554888,-1858.0085086868094,249.14833991076293,2.5269645253977573,8.887576396536696,0,1,2.8191299438476562,0.04805555555555555
4043,404.3,-1858.894086238355,250.34640284554888,-1858.0189818760641,249.15371714893845,2.5270456253269917,8.874140873582387,0,1,2.7591590881347656,0.03194444444444444
4044,404.4,-1858.894086238355,250.33527089633947,-1858.029913459323,249.15943250049077,2.5271296044714173,8.86832866239821,0,1,2.7298145294189453,0.015
4045,404.5,-1858.894086238355,250.34640284554888,-1858.040005839025,249.16742236498067,2.52718295878852,8.867233792591923,0,1,2.7189559936523438,0.01888888888888889
4046,404.6,-1858.9007720900395,250.34640284554888,-1858.0504410979534,249.1753485787288,2.5272413692369162,8.86230393521144,0,1,2.693110466003418,0.018055555555555557
4047,404.7,-1858.894086238355,250.34640284554888,-1858.058496042,249.18260993236265,2.5272759917269134,8.866064505873355,0,1,2.7008066177368164,0.003888888888888861
4048,404.8,-1858.894086238355,250.33527089633947,-1858.0662743602034,249.18829960290552,2.5273212814456514,8.85494787956813,0,1,2.650663375854492,0.008888888888888889
4049,404.9,-1858.894086238355,250.33527089633947,-1858.0736602883726,249.19430758843288,2.527358982124386,8.860127212108338,0,1,2.6642637252807617,0.004999999999999999
4050,405.0,-1858.894086238355,250.33527089633947,-1858.0798596431796,249.19936438961213,2.527390401922359,8.85827926674021,0,1,2.649740219116211,0.016111111111111083
4051,405.101,-1858.887400386685,250.33527089633947,-1858.0833621254196,249.20279040383133,2.52740259707668,8.872167552466525,0,1,2.6440324783325195,0.003888888888888861
4052,405.201,-1858.887400386685,250.33527089633947,-1858.087710323213,249.20766882667152,2.5274127700775746,8.868024784613523,0,1,2.641087532043457,0.0061111111111111106
4053,405.301,-1858.880714535,250.33527089633947,-1858.0908740006128,249.21266389303463,2.5274071923781243,8.861020558347938,0,1,2.6157054901123047,0.036944444444444446
4054,405.401,-1858.8740286833154,250.32413894713005,-1858.0923818661302,249.21495147129045,2.5274050098037133,8.868232201504625,0,1,2.6417131423950195,0.021111111111111112
4055,405.5,-1858.8673428316306,250.32413894713005,-1858.0930871783949,249.2176585383119,2.527389078271532,8.854453736421624,0,1,2.636002540588379,0.03194444444444444
4056,405.6,-1858.8673428316306,250.31300699792064,-1858.092266037165,249.21606401016948,2.527392410876596,8.865250016376862,0,1,2.650191307067871,0.02611111111111111
4057,405.701,-1858.8606569799606,250.31300699792064,-1858.0888853702672,249.2124951154434,2.5273809337831716,8.885414203141872,0,1,2.6586265563964844,0.018055555555555557
4058,405.8,-1858.8606569799606,250.30187504871122,-1858.0879080561704,249.21027335666867,2.5273881752659295,8.873783508730748,0,1,2.6703577041625977,0.01388888888888889
4059,405.9,-1858.8472852766058,250.30187504871122,-1858.0841676143452,249.207436877888,2.5273654251895694,8.870993994408023,0,1,2.636033058166504,0.026944444444444417
4060,406.0,-1858.8405994249065,250.2907431002928,-1858.0810228260527,249.20476603134819,2.52734893325555,8.872189220615413,0,1,2.6267690658569336,0.06888888888888889
4061,406.1,-1858.8339135732363,250.2796111502924,-1858.0773517132698,249.20078060500893,2.527337678671921,8.8776485216904,0,1,2.634646415710449,0.1088888888888889
4062,406.2,-1858.820541869882,250.2573472526645,-1858.0713475064713,249.19273553138115,2.527333347290596,8.88744174564374,0,1,2.6584367752075195,0.10388888888888889
4063,406.3,-1858.813856018182,250.2462153034551,-1858.0637520153668,249.18208153353868,2.5273322773792355,8.90150226772623,0,1,2.6964893341064453,0.09805555555555555
4064,406.4,-1858.807170166512,250.2462153034551,-1858.0572506424498,249.17454483969553,2.527316601282222,8.88286018113507,0,1,2.618790626525879,0.0811111111111111
4065,406.5,-1858.807170166512,250.2350833542457,-1858.052765508862,249.1677306832886,2.5273209260141645,8.89634962215139,0,1,2.6579132080078125,0.03
4066,406.6,-1858.807170166512,250.2350833542457,-1858.0480020156701,249.16059623554182,2.5273245463134826,8.900023730335226,0,1,2.6609020233154297,0.008888888888888889
4067,406.7,-1858.807170166512,250.2462153034551,-1858.0449574384502,249.15782287931205,2.527309970632888,8.890548636052573,0,1,2.618227958679199,0.03
4068,406.801,-1858.807170166512,250.2462153034551,-1858.043078952024,249.15645209359766,2.527297795839743,8.898073241793258,0,1,2.589657783508301,0.021111111111111112
4069,406.9,-1858.807170166512,250.2462153034551,-1858.0444490283417,249.15947324902527,2.527287666383194,8.880955602886909,0,1,2.5890798568725586,0.02611111111111111
4070,407.0,-1858.813856018182,250.2462153034551,-1858.0457716729125,249.16066606734725,2.527294282039127,8.882586273163994,0,1,2.5773696899414062,0.045
4071,407.1,-1858.813856018182,250.2573472526645,-1858.0474682714873,249.16436180730093,2.527282079022865,8.881501773245091,0,1,2.5643653869628906,0.026944444444444417
4072,407.2,-1858.820541869882,250.2573472526645,-1858.0500239668938,249.16747960409137,2.527287017297454,8.887345259052097,0,1,2.5766496658325195,0.011944444444444443
4073,407.3,-1858.820541869882,250.2573472526645,-1858.0521567866317,249.17008058012163,2.5272911375772704,8.886347340300079,0,1,2.5648365020751953,0.006944444444444445
4074,407.4,-1858.8272277215663,250.26847920187396,-1858.0554115228845,249.1746177456296,2.527291926087049,8.887466633549701,0,1,2.561084747314453,0.021944444444444444
4075,407.5,-1858.8339135732363,250.26847920187396,-1858.0592888303627,249.1784652132108,2.5273078158759317,8.890187915163837,0,1,2.563098907470703,0.016944444444444443
4076,407.6,-1858.8339135732363,250.2796111502924,-1858.0622560816282,249.18315381682285,2.5273031393445886,8.894892512975328,0,1,2.571831703186035,0.011944444444444443
4077,407.701,-1858.8472852766058,250.2907431002928,-1858.0658153769418,249.18729293234952,2.5273119092400265,8.909210788646048,0,1,2.5670766830444336,0.021944444444444444
4078,407.801,-1858.8472852766058,250.2907431002928,-1858.0711144220993,249.19404765570863,2.5273192206049493,8.893519305632955,0,1,2.524277687072754,0.019999999999999997
4079,407.901,-1858.8539711282758,250.30187504871122,-1858.0789611093285,249.20481555014658,2.527322619743788,8.876888901834539,0,1,2.468886375427246,0.023888888888888887
4080,408.001,-1858.8606569799606,250.31300699792064,-1858.0883925170249,249.21816541501903,2.527322768912,8.870752727077718,0,1,2.449277877807617,0.006944444444444445
4081,408.101,-1858.8740286833154,250.32413894713005,-1858.099645603664,249.23279310361445,2.5273355180057715,8.862294277563958,0,1,2.419734001159668,0.0061111111111111106
4082,408.201,-1858.880714535,250.33527089633947,-1858.1111922400014,249.24833104351725,2.52734344141547,8.85833573036793,0,1,2.405355453491211,0.018055555555555557
4083,408.301,-1858.887400386685,250.33527089633947,-1858.1225578059502,249.2621649089294,2.527365222465959,8.855648654409151,0,1,2.3944549560546875,0.006944444444444445
4084,408.401,-1858.894086238355,250.34640284554888,-1858.1336809599302,249.2763051618325,2.5273806739443256,8.853115875969452,0,1,2.3832225799560547,0.008888888888888889
4085,408.5,-1858.9007720900395,250.35753479396732,-1858.144863501124,249.29107453678165,2.5273908749476712,8.84550215306659,0,1,2.4009828567504883,0.004999999999999999
4086,408.6,-1858.9141437933793,250.36866674317673,-1858.1551731880443,249.30347731938843,2.527411883552996,8.848858336110954,0,1,2.3893299102783203,0.015
4087,408.7,-1858.920829645079,250.37979869238617,-1858.1650630045344,249.31592240327035,2.5274267601418896,8.854281018511442,0,1,2.3953781127929688,0.006944444444444445
4088,408.8,-1858.9275154967638,250.3909306415956,-1858.1739715728338,249.3275096414063,2.527436534178515,8.861494007518866,0,1,2.4093570709228516,0.019999999999999997
4089,408.9,-1858.9408872001184,250.3909306415956,-1858.184094151795,249.33782382969315,2.5274751402911373,8.85524367129527,0,1,2.377359390258789,0.016111111111111083
4090,409.0,-1858.9475730518034,250.402062590805,-1858.1939974993647,249.34876362497153,2.527504696909091,8.86277680249483,0,1,2.3955841064453125,0.008888888888888889
4091,409.101,-1858.9542589034882,250.41319454001442,-1858.2018874608946,249.3576278400318,2.527526757249857,8.879771121653649,0,1,2.3997678756713867,0.01388888888888889
4092,409.2,-1858.9676306068425,250.42432648843285,-1858.2125020129238,249.36943351722007,2.527557835341287,8.864915979305874,0,1,2.4056529998779297,0.023055555555555555
4093,409.3,-1858.9743164585127,250.43545843764227,-1858.223171989838,249.38212447609808,2.5275810776040926,8.846429847371487,0,1,2.323582649230957,0.018055555555555557
4094,409.401,-1858.987688161897,250.44659038764263,-1858.2356153208345,249.39641838840342,2.527613122492431,8.858927929592646,0,1,2.3135576248168945,0.006944444444444445
4095,409.501,-1858.9943740135818,250.4577223360611,-1858.248677537153,249.41241737455877,2.527637093025049,8.852199673565432,0,1,2.302959442138672,0.0030555555555555553
4096,409.601,-1859.001059865237,250.4688542852705,-1858.2613614357163,249.42857046183013,2.527654362224383,8.846052666857851,0,1,2.284390449523926,0.011111111111111112
4097,409.701,-1859.0144315686214,250.4799862344799,-1858.274440126679,249.444276974146,2.5276813626244863,8.847508221690568,0,1,2.290755271911621,0.023055555555555555
4098,409.8,-1859.021117420306,250.49111818289836,-1858.2874394429102,249.4606158802118,2.5277011631125776,8.831585015143554,0,1,2.2810068130493164,0.019999999999999997
4099,409.901,-1859.034489123646,250.5022501321078,-1858.2994898958095,249.47464061509044,2.5277302975257236,8.842810655910894,0,1,2.2522478103637695,0.021111111111111112
4100,410.001,-1859.0411749753307,250.5022501321078,-1858.31254854192,249.48901687992216,2.527769780475123,8.83902663838301,0,1,2.2475452423095703,0.028888888888888888
4101,410.101,-1859.0478608270303,250.52451403052663,-1858.3244958883608,249.50462949438602,2.5277821197173416,8.840787361534353,0,1,2.2535219192504883,0.033888888888888885
4102,410.201,-1859.06123253037,250.52451403052663,-1858.3373122918545,249.51852925479196,2.527822866608919,8.832351320246744,0,1,2.221806526184082,0.031111111111111082
4103,410.3,-1859.0746042337398,250.53564597973605,-1858.3523573104387,249.53499332270022,2.5278692577545816,8.813608556612685,0,1,2.2010650634765625,0.008055555555555528
4104,410.4,-1859.0812900854096,250.54677792894546,-1858.365783563453,249.55023216297772,2.5279052290207376,8.816501206752037,0,1,2.190082550048828,0.031111111111111082
4105,410.5,-1859.094661788779,250.5579098773639,-1858.3801112068209,249.5660670858363,2.527947658803544,8.812654952318232,0,1,2.1652307510375977,0.021111111111111112
4106,410.6,-1859.101347640464,250.5690418265733,-1858.3939593629655,249.58223176503137,2.5279803245969745,8.813246687671786,0,1,2.159024238586426,0.015
4107,410.701,-1859.108033492134,250.58017377578273,-1858.4059721536512,249.5966323189999,2.5280049333301813,8.828346139564784,0,1,2.158048629760742,0.02611111111111111
4108,410.8,-1859.1147193438333,250.59130572499214,-1858.4197637509235,249.61427095193704,2.528022761874042,8.802178611835794,0,1,2.1252355575561523,0.01388888888888889
4109,410.9,-1859.1214051955035,250.60243767420158,-1858.4309636495752,249.62882044520632,2.5280350231575754,8.820620513167373,0,1,2.1755199432373047,0.0061111111111111106
4110,411.0,-1859.1347768989026,250.613569623411,-1858.440212716222,249.63951221939425,2.5280577948287823,8.836688723848296,0,1,2.222198486328125,0.019999999999999997
4111,411.103,-1859.1414627505578,250.62470157182943,-1858.4446412410657,249.64402298988003,2.5280743499122273,8.887333362820508,0,1,2.2478818893432617,0.02611111111111111
4112,411.2,-1859.1481486022276,250.62470157182943,-1858.454348471005,249.65474885695633,2.5281034907546087,8.836834395140103,0,1,2.2583141326904297,0.04611111111111111
4113,411.3,-1859.1615203055972,250.64696547024826,-1858.461726894789,249.66321128690564,2.52812262154427,8.84205708428846,0,1,2.2364206314086914,0.008055555555555528
4114,411.4,-1859.168206157267,250.64696547024826,-1858.469141866632,249.6704718151396,2.5281541983477744,8.851842576253647,0,1,2.2543411254882812,0.01388888888888889
4115,411.501,-1859.1815778606367,250.65809741945768,-1858.4765973747258,249.67700750674524,2.5281936486473615,8.864749533445206,0,1,2.2397613525390625,0.016944444444444443
4116,411.601,-1859.1882637123213,250.6692293686671,-1858.4852168817558,249.6861338796956,2.5282239503588735,8.863731277584554,0,1,2.244058609008789,0.008888888888888889
4117,411.701,-1859.1949495639765,250.6803613178765,-1858.4940419481864,249.69633582842022,2.5282465649199826,8.855922790469352,0,1,2.2168970108032227,0.023055555555555555
4118,411.801,-1859.2083212673608,250.69149326629494,-1858.504325157212,249.70767918329253,2.528278542878237,8.855550214514365,0,1,2.2141427993774414,0.016944444444444443
4119,411.901,-1859.2150071190606,250.70262521629536,-1858.5144284877815,249.71957441271647,2.528302506620291,8.85186704694653,0,1,2.19927978515625,0.016944444444444443
4120,412.001,-1859.2283788224004,250.7137571647138,-1858.5252405386636,249.7315665532308,2.5283356579915615,8.855029399352745,0,1,2.2070484161376953,0.019999999999999997
4121,412.101,-1859.2417505257697,250.7248891139232,-1858.5370950233196,249.74427887290346,2.5283764750209023,8.846156270674792,0,1,2.1736068725585938,0.018055555555555557
4122,412.201,-1859.2484363774397,250.73602106313263,-1858.5488732277804,249.75783174736063,2.528407756201403,8.847368965273358,0,1,2.174785614013672,0.021944444444444444
4123,412.301,-1859.2551222291245,250.74715301234204,-1858.5593186869062,249.7702841358214,2.5284311233768193,8.85421219673803,0,1,2.1941308975219727,0.008888888888888889
4124,412.4,-1859.268493932494,250.75828496076048,-1858.57239851019,249.7855635279255,2.5284637442034756,8.820403754514727,0,1,2.121016502380371,0.008888888888888889
4125,412.5,-1859.275179784164,250.76941691076087,-1858.5858141301921,249.80213234448036,2.5284881267955917,8.818998730017684,0,1,2.095747947692871,0.013055555555555555
4126,412.6,-1859.2885514875336,250.7805488591793,-1858.5996094132347,249.8183371133782,2.5285215133941144,8.825134686418705,0,1,2.1069860458374023,0.016944444444444443
4127,412.702,-1859.2952373392034,250.79168080838872,-1858.6103531330332,249.83102517425667,2.528546661143926,8.854186711827232,0,1,2.1062145233154297,0.021944444444444444
4128,412.8,-1859.3019231909032,250.80281275759813,-1858.6243775868493,249.8490796653331,2.5285648047191533,8.814507230838746,0,1,2.092167854309082,0.028055555555555525
4129,412.9,-1859.3152948942577,250.81394470680755,-1858.6359355674788,249.86262300906859,2.528593033678149,8.83122003545197,0,1,2.122664451599121,0.011111111111111112
4130,413.001,-1859.3219807459277,250.82507665522598,-1858.6451036255178,249.87350845569145,2.5286139309132665,8.84858720861334,0,1,2.1246700286865234,0.01388888888888889
4131,413.101,-1859.3353524492973,250.83620860443543,-1858.6559642854068,249.88583821139744,2.52864455352815,8.84534169608276,0,1,2.1225290298461914,0.011944444444444443
4132,413.201,-1859.3420383009823,250.83620860443543,-1858.666602060564,249.89677547277898,2.5286860322937463,8.840111323764821,0,1,2.1051645278930664,0.011944444444444443
4133,413.301,-1859.348724152652,250.85847250285426,-1858.6778957884972,249.9114594273582,2.5286992049842345,8.828977870818711,0,1,2.066936492919922,0.013055555555555555
4134,413.4,-1859.3620958560068,250.85847250285426,-1858.6913767783508,249.92631473216525,2.5287419105235514,8.81448376806792,0,1,2.0628881454467773,0.0019444444444444166
4135,413.5,-1859.3687817077064,250.86960445206367,-1858.7031217317644,249.93967649731513,2.528774762812851,8.817490827333536,0,1,2.053433418273926,0.01388888888888889
4136,413.6,-1859.3754675593912,250.88073640127308,-1858.7143197639998,249.953076945089,2.528799417747096,8.82013242663258,0,1,2.0524654388427734,0.034999999999999996
4137,413.7,-1859.388839262731,250.89186834969152,-1858.726400623075,249.9668323449008,2.528833093342738,8.81676875149584,0,1,2.032902717590332,0.021111111111111112
4138,413.8,-1859.4022109661003,250.90300029890093,-1858.7398247421504,249.9817453512169,2.528874221875479,8.81087462065647,0,1,2.006502151489258,0.039999999999999994
4139,413.9,-1859.4022109661003,250.91413224811035,-1858.7518877076911,249.99726119856695,2.528889934954676,8.809716329387253,0,1,1.9979782104492188,0.04805555555555555
4140,414.0,-1859.4155826694553,250.92526419731976,-1858.7640064378702,250.0118113406886,2.5289160921261296,8.815506362572327,0,1,2.013852119445801,0.028055555555555525
4141,414.1,-1859.4222685211398,250.9363961465292,-1858.774975833689,250.02543666189953,2.5289352034969874,8.81538127019139,0,1,2.0089292526245117,0.016944444444444443
4142,414.201,-1859.4289543728248,250.94752809573862,-1858.784847252798,250.03809200391782,2.5289484618461535,8.826671110513223,0,1,1.9975318908691406,0.008055555555555528
4143,414.301,-1859.4423260761794,250.95866004415706,-1858.7971058035405,250.0530560887943,2.528972570651888,8.814899989148165,0,1,1.9719524383544922,0.019999999999999997
4144,414.401,-1859.4490119278641,250.95866004415706,-1858.8089824424824,250.0662982504167,2.529008368810939,8.814101570122087,0,1,1.9745664596557617,0.008888888888888889
4145,414.501,-1859.4623836312337,250.96979199415745,-1858.8204431099416,250.07823294650882,2.5290512731047654,8.820528693584073,0,1,1.9988775253295898,0.009999999999999998
4146,414.601,-1859.4690694829185,250.98092394257588,-1858.8302675844839,250.088825378791,2.529084421840677,8.823766293962377,0,1,2.009322166442871,0.011944444444444443
4147,414.701,-1859.4757553345885,250.9920558917853,-1858.8391930895916,250.09896269112883,2.5291094395691545,8.825878355828738,0,1,2.014327049255371,0.009999999999999998
4148,414.801,-1859.4824411862733,251.0031878409947,-1858.8475221614758,250.10894031449143,2.5291276611809757,8.828027154676962,0,1,2.01845645904541,0.019999999999999997
4149,414.901,-1859.4958128896576,251.01431979020413,-1858.8559765398215,250.11808730006334,2.529156172966049,8.836807976360284,0,1,2.0436620712280273,0.036944444444444446
4150,415.001,-1859.5024987412978,251.02545173862256,-1858.8633064873657,250.12637499965174,2.52917734342089,8.84116278126691,0,1,2.0529394149780273,0.013055555555555555
4151,415.1,-1859.5091845929974,251.02545173862256,-1858.8707330645152,250.13356990155557,2.529211221062643,8.834614525350283,0,1,2.0698204040527344,0.021944444444444444
4152,415.2,-1859.5158704446822,251.03658368862298,-1858.8771812669856,250.14019103247895,2.529236872194046,8.8354358900293,0,1,2.0493364334106445,0.03
4153,415.3,-1859.5225562963672,251.04771563704142,-1858.8839635329655,250.1479738590364,2.5292555878595375,8.842306987225154,0,1,2.0588912963867188,0.0061111111111111106
4154,415.4,-1859.5292421480367,251.0588475854599,-1858.8906228141432,250.1561561403624,2.5292684783898993,8.844265983877559,0,1,2.05471134185791,0.0011111111111111111
4155,415.5,-1859.5359279997217,251.0588475854599,-1858.896808710605,250.16229008849106,2.5292957763679684,8.854933948728549,0,1,2.080049514770508,0.011944444444444443
4156,415.6,-1859.5426138514067,251.06997953546025,-1858.9023014572936,250.1681425958211,2.529315848378314,8.859860406698342,0,1,2.087355613708496,0.013055555555555555
4157,415.7,-1859.5492997030763,251.08111148466966,-1858.9071675489217,250.17369314595916,2.5293298568988374,8.870969444660506,0,1,2.114497184753418,0.003888888888888861
4158,415.8,-1859.555985554761,251.0922434330881,-1858.9114803832094,250.17894986836941,2.52933876517126,8.876144340331255,0,1,2.122910499572754,0.0030555555555555553
4159,415.9,-1859.5626714064313,251.0922434330881,-1858.9166484726404,250.1839805882641,2.529363179789469,8.869617655826643,0,1,2.095841407775879,0.02611111111111111
4160,416.001,-1859.5626714064313,251.1033753830885,-1858.9208847999396,250.18992244515383,2.5293637056292484,8.88327117093908,0,1,2.0911970138549805,0.023055555555555555
4161,416.1,-1859.5693572581306,251.11450733150693,-1858.9280440166306,250.20031027056064,2.5293612596620574,8.85755274607507,0,1,2.065013885498047,0.01388888888888889
4162,416.2,-1859.5760431098006,251.12563928071634,-1858.934551861112,250.21000777863424,2.529356328252275,8.864647402376074,0,1,2.074112892150879,0.01888888888888889
4163,416.3,-1859.5894148131554,251.12563928071634,-1858.9419217775585,250.21768548271328,2.5293864737355,8.867754772922627,0,1,2.0775718688964844,0.003888888888888861
4164,416.4,-1859.5894148131554,251.13677122992576,-1858.9476981118792,250.2254120577303,2.529391568427975,8.873558489633607,0,1,2.0898895263671875,0.026944444444444417
4165,416.5,-1859.5961006648547,251.13677122992576,-1858.953697269388,250.2319485878308,2.529413063232044,8.8705799417936,0,1,2.075345993041992,0.026944444444444417
4166,416.6,-1859.6027865165247,251.14790317913517,-1858.9607404868327,250.24056911577568,2.5294280686689423,8.864180104869117,0,1,2.05118465423584,0.011944444444444443
4167,416.7,-1859.609472368195,251.15903512755366,-1858.968750881088,250.2510666349511,2.529437645304354,8.859276455800448,0,1,2.0326786041259766,0.03805555555555553
4168,416.8,-1859.6161582198943,251.17016707676305,-1858.9776632962958,250.26326666725836,2.5294426961672016,8.851138983435375,0,1,2.0046072006225586,0.031111111111111082
4169,416.9,-1859.622844071579,251.17016707676305,-1858.9874797471052,250.2752463099134,2.5294640645113082,8.844056007653055,0,1,1.980555534362793,0.0061111111111111106
4170,417.001,-1859.622844071579,251.18129902597246,-1858.9955954860932,250.28698896072768,2.5294617926587297,8.856130666977512,0,1,1.975306510925293,0.021944444444444444
4171,417.101,-1859.6362157749486,251.19243097518188,-1859.006151434261,250.30085587958587,2.529474094188783,8.84406707432663,0,1,1.9527959823608398,0.028055555555555525
4172,417.201,-1859.6362157749486,251.19243097518188,-1859.0152752377974,250.31287485114143,2.5294843069417055,8.84462688156865,0,1,1.9615154266357422,0.016944444444444443
4173,417.301,-1859.6429016266038,251.2035629243913,-1859.023574436658,250.32414793494806,2.5294899294926387,8.845929308883731,0,1,1.9693994522094727,0.01888888888888889
4174,417.401,-1859.6495874783036,251.2146948736007,-1859.0307558613886,250.33418705435793,2.5294917448886562,8.854000843991118,0,1,1.996246337890625,0.013055555555555555
4175,417.501,-1859.656273329988,251.2146948736007,-1859.0367606633467,250.34099289266098,2.5295103058901174,8.86036882945097,0,1,2.0150880813598633,0.023888888888888887
4176,417.601,-1859.662959181673,251.22582682281012,-1859.0418151163117,250.34699922770102,2.5295229454800445,8.869282227477163,0,1,2.039999008178711,0.024999999999999998
4177,417.7,-1859.6696450333282,251.23695877122856,-1859.0466124867253,250.35310380351618,2.5295306216145743,8.867269174263344,0,1,2.0707244873046875,0.01388888888888889
4178,417.801,-1859.676330885013,251.23695877122856,-1859.0497950448898,250.35543621950276,2.5295544164488595,8.879931351654221,0,1,2.0472564697265625,0.006944444444444445
4179,417.901,-1859.6830167367125,251.24809072122895,-1859.0546498638423,250.36077943215247,2.529571390267437,8.884239267056035,0,1,2.065326690673828,0.008055555555555528
4180,418.0,-1859.6897025883823,251.24809072122895,-1859.061181423966,250.36718296426756,2.5296030322331937,8.857824697963752,0,1,2.023906707763672,0.018055555555555557
4181,418.101,-1859.6963884400523,251.2592226696474,-1859.0667293670751,250.37292339053522,2.5296265359292747,8.880583999061068,0,1,2.0344905853271484,0.01888888888888889
4182,418.2,-1859.6963884400523,251.27035461885683,-1859.0730137301407,250.38192621619513,2.5296256078086903,8.862770415320542,0,1,2.028106689453125,0.009999999999999998
4183,418.3,-1859.703074291737,251.27035461885683,-1859.0787355566497,250.3885307297138,2.529642430539002,8.866233177897355,0,1,2.022088050842285,0.015
4184,418.401,-1859.7097601434218,251.28148656806624,-1859.0838424147053,250.39477830126813,2.529653515565595,8.884191616020196,0,1,2.027674674987793,0.028888888888888888
4185,418.5,-1859.7164459951216,251.29261851727566,-1859.0910660223549,250.40447970620266,2.52965977080289,8.864123507334261,0,1,2.017226219177246,0.016944444444444443
4186,418.6,-1859.7231318467618,251.29261851727566,-1859.0976388040838,250.41176108903215,2.529682671181337,8.867282766379665,0,1,2.0123987197875977,0.009999999999999998
4187,418.7,-1859.7298176984611,251.3037504656941,-1859.1044085258482,250.41993157091633,2.5296987852724286,8.868831705644368,0,1,2.010488510131836,0.013055555555555555
4188,418.8,-1859.7365035501462,251.3148824149035,-1859.1115449301524,250.42913375048454,2.5297092324189023,8.86615585034316,0,1,1.9970149993896484,0.021944444444444444
4189,418.9,-1859.7431894018605,251.3148824149035,-1859.1189161854936,250.43723894932313,2.5297356616205344,8.868065370911527,0,1,1.998642921447754,0.013055555555555555
4190,419.0,-1859.7498752535155,251.32601436411292,-1859.1260881494507,250.44572037332549,2.529754705971405,8.87003325424808,0,1,2.000809669494629,0.018055555555555557
4191,419.1,-1859.7498752535155,251.33714631332234,-1859.1315062779647,250.4538447187477,2.5297498358859847,8.878402109331661,0,1,2.0222816467285156,0.016944444444444443
4192,419.2,-1859.7565611051855,251.33714631332234,-1859.136414273383,250.45958576392619,2.5297636029818387,8.882875433998432,0,1,2.0314292907714844,0.019999999999999997
4193,419.3,-1859.763246956885,251.34827826253175,-1859.1411924030854,250.46561436352815,2.52977210021086,8.887121369448586,0,1,2.0397891998291016,0.03305555555555555
4194,419.4,-1859.77661866024,251.34827826253175,-1859.1464303758041,250.46924409103391,2.529815202761393,8.899674978883102,0,1,2.072138786315918,0.028055555555555525
4195,419.5,-1859.77661866024,251.35941021174116,-1859.1497960078495,250.47269093106297,2.5298301698953973,8.904637163371822,0,1,2.081387519836426,0.019999999999999997
4196,419.6,-1859.7833045119098,251.35941021174116,-1859.1530969880773,250.47467435204706,2.5298609463952135,8.912228704612966,0,1,2.0981264114379883,0.018055555555555557
4197,419.701,-1859.7899903635944,251.3705421601596,-1859.1554041014442,250.47595039643113,2.5298836989378266,8.931931360810468,0,1,2.110750198364258,0.01888888888888889
4198,419.801,-1859.7966762152791,251.3705421601596,-1859.1582407113724,250.4767166003238,2.529921304477793,8.941174064436135,0,1,2.1465892791748047,0.008888888888888889
4199,419.901,-1859.803362066979,251.38167410936907,-1859.160463128392,250.47741132158376,2.5299497389820873,8.946111239268653,0,1,2.1610021591186523,0.03
4200,420.001,-1859.810047918634,251.38167410936907,-1859.163089411574,250.47749149384126,2.5299924256806823,8.946076101045946,0,1,2.1598453521728516,0.023888888888888887
4201,420.101,-1859.8167337703187,251.3928060577875,-1859.1659267843847,250.478739302345,2.5300250404328777,8.953797133302935,0,1,2.179056167602539,0.045
4202,420.201,-1859.8167337703187,251.3928060577875,-1859.1667480178119,250.477569252227,2.530052436772483,8.971664745831541,0,1,2.223979949951172,0.024999999999999998
4203,420.301,-1859.8234196220035,251.3928060577875,-1859.167780775107,250.47548671364373,2.5300947538714786,8.968354046141224,0,1,2.2105846405029297,0.013055555555555555
4204,420.401,-1859.8301054736735,251.40393800778787,-1859.1697548955053,250.4755948646655,2.5301269744167665,8.974466536794504,0,1,2.2229509353637695,0.021111111111111112
4205,420.501,-1859.8301054736735,251.40393800778787,-1859.1713600093656,250.47561902058035,2.530153965915237,8.971987107932852,0,1,2.2123355865478516,0.019999999999999997
4206,420.601,-1859.836791325358,251.41506995699729,-1859.1747270938633,250.47879404682223,2.5301732261701027,8.962604890857458,0,1,2.183945655822754,0.02611111111111111
4207,420.7,-1859.843477177043,251.41506995699729,-1859.1812590451964,250.48515627058583,2.530208888457277,8.933541770696866,0,1,2.139603614807129,0.016111111111111083
4208,420.8,-1859.843477177043,251.4262019062067,-1859.1867603242904,250.4923936779995,2.5302156431984306,8.939455963303205,0,1,2.1404638290405273,0.01388888888888889
4209,420.9,-1859.8568488803976,251.4262019062067,-1859.1939172375207,250.49889939166388,2.5302605017000057,8.937304130192425,0,1,2.1271934509277344,0.03305555555555555
