row,t,ref_E,ref_N,ekf_E,ekf_N,ekf_psi_rad,cov_trace,in_outage,gnss_used,gru_speed,ref_speed
511,51.1,-406.4864104934033,419.585424698084,-406.4864104934033,419.585424698084,4.4799983904816445,58.121846967914685,0,0,12.363771438598633,13.118055555555555
512,51.2,-407.7433506094129,419.28486207338466,-407.7182164776706,419.293897574681,4.4799983904816445,70.11923741320248,0,0,12.19861125946045,12.944999999999999
513,51.3,-408.99360487372286,418.9731674986849,-408.90544687307613,419.0129199967103,4.4799983904816445,72.16550449314002,0,0,12.201916694641113,12.921111111111113
514,51.4,-410.25723084137263,418.661472925567,-410.0860508435271,418.73351067107006,4.4799983904816445,74.14533196077564,0,0,12.062421798706055,12.99888888888889
515,51.5,-411.5208568090967,418.33864640165785,-411.23988814980993,418.46043611625225,4.4799983904816445,75.671462928642,0,0,11.651795387268066,12.99611111111111
516,51.6,-412.79785448013087,418.0269518269581,-412.37696596733855,418.1913279697882,4.4799983904816445,78.90892528434792,0,0,11.717972755432129,13.088888888888889
517,51.7,-414.0681662994951,417.7152572530493,-413.49184738415653,417.9274729662149,4.4799983904816445,80.76938434830645,0,0,11.19560432434082,13.04111111111111
518,51.8,-415.3384781188594,417.41469462755896,-414.61030713077247,417.6627710921069,4.4799983904816445,86.15399119440805,0,0,11.791516304016113,13.088888888888889
519,51.9,-416.6154757898787,417.0918681044408,-415.7559940805271,417.3916254530629,4.4799983904816445,90.11979035095801,0,0,11.7551908493042,13.155
520,52.001,-417.88578760928755,416.7913054789504,-416.98653163410626,417.10039852462114,4.4799983904816445,99.59212969522768,0,0,13.285004615783691,13.063055555555556
521,52.101,-419.149413576967,416.4796109050416,-418.2936226211903,416.7910539684512,4.4799983904816445,105.86912385834864,0,0,13.57895565032959,13.026944444444444
522,52.201,-420.433097099686,416.17904827955124,-419.64112382644566,416.4721456702553,4.4799983904816445,113.62541193863045,0,0,14.115534782409668,13.136944444444444
523,52.3,-421.7034089190651,415.8673537056424,-421.0063297668316,416.1490472556213,4.4799983904816445,120.43749204204708,0,0,14.226249694824219,13.068055555555556
524,52.401,-422.98709244178406,415.5779230301524,-422.39703088801906,415.8199149875927,4.4799983904816445,126.93882828799852,0,0,14.073112487792969,13.11111111111111
525,52.5,-424.2440325577491,415.2773604046621,-423.7255273533781,415.5055044733204,4.4799983904816445,132.19890476572877,0,0,13.506580352783203,12.981944444444444
526,52.6,-425.54777363556695,414.9879297283812,-425.04068234303327,415.1942514384593,4.4799983904816445,139.94648075528045,0,0,13.523115158081055,13.21888888888889
527,52.7,-426.8381430099261,414.7096310013096,-426.3688867102163,414.87991005401915,4.4799983904816445,149.05954470374937,0,0,13.77477741241455,13.238055555555555
528,52.8,-428.12851238435957,414.4202003250287,-427.73233105539884,414.5572285498311,4.4799983904816445,159.67958285759127,0,0,14.247384071350098,13.191944444444445
529,52.9,-429.40551005540857,414.1419015987482,-429.1282056500431,414.2268718943144,4.4799983904816445,170.01189614560235,0,0,14.441299438476562,13.123888888888889
530,53.0,-430.68919357814235,413.8636028716767,-430.5515061872125,413.8900244389209,4.4799983904816445,181.74259240619082,0,0,14.811055183410645,13.093055555555555
531,53.1,-431.9661912491766,413.5741721946047,-431.95402999014993,413.5580941390224,4.4799983904816445,189.47549194887267,0,0,14.014286041259766,13.09611111111111
532,53.201,-433.26993232694986,413.3070054175337,-433.3319425236878,413.2319885003635,4.4799983904816445,200.63716946232125,0,0,14.02484130859375,13.219999999999999
533,53.301,-434.5669875530383,413.0398386396715,-434.68633255670665,412.91144984790145,4.4799983904816445,211.3092424250038,0,0,13.81123161315918,13.248055555555556
534,53.4,-435.8707286308117,412.7726718618094,-436.0135417045107,412.59734399847775,4.4799983904816445,222.79350066442996,0,0,13.74173641204834,13.313888888888888
535,53.5,-437.1811555602548,412.5055050839473,-437.3400952772945,412.28339330165295,4.4799983904816445,234.24134060985526,0,0,13.522228240966797,13.355
536,53.6,-438.47821078634337,412.2494702545037,-438.63905131328494,411.97597401530766,4.4799983904816445,245.50160927168466,0,0,13.174538612365723,13.221944444444443
537,53.701,-439.7685801607619,411.97117152822307,-439.92850866781515,411.6708027479829,4.4799983904816445,258.0199985412027,0,0,13.064615249633789,13.243055555555554
538,53.801,-441.06563538686527,411.704004750361,-441.1906689625213,411.3720917783264,4.4799983904816445,270.4645732812306,0,0,12.875907897949219,13.226944444444444
539,53.901,-442.3693764646089,411.41457407408006,-442.39793166629454,411.08637322547156,4.4799983904816445,280.3456999115688,0,0,11.936333656311035,13.295
540,54.001,-443.67311754238216,411.1362753462176,-443.60641687482496,410.8003653467815,4.4799983904816445,297.0373245516255,0,0,12.901033401489258,13.315
541,54.1,-444.9902303235101,410.857976619937,-444.87020320387046,410.50126954938463,4.4799983904816445,313.0111569311734,0,0,13.335271835327148,13.396111111111113
542,54.2,-446.3006572529681,410.5908098428659,-446.1957330112835,410.18756114345416,4.4799983904816445,330.7047437659558,0,0,13.907651901245117,13.38611111111111
543,54.3,-447.59771247905667,410.3125111157944,-447.5267684054817,409.8725497499602,4.4799983904816445,345.12349788001984,0,0,13.44842529296875,13.258888888888889
544,54.4,-448.90145355681506,410.0453443371413,-448.86430248017257,409.55600033696146,4.4799983904816445,364.08312312258266,0,0,14.041215896606445,13.28888888888889
545,54.501,-450.2185663379579,409.7670456100697,-450.2505652571444,409.2279184760086,4.4799983904816445,382.41728566733167,0,0,14.167830467224121,13.46
546,54.601,-451.5289932674011,409.4998788322076,-451.63572630007775,408.90009735851623,4.4799983904816445,401.3113119273923,0,0,14.300662994384766,13.37
547,54.701,-452.8126767901349,409.243844003555,-453.04325756528175,408.5669819604052,4.4799983904816445,421.8423600584049,0,0,14.627593994140625,13.110000000000001
548,54.8,-454.0963603128539,408.9878091749023,-454.45554157642005,408.2327417468864,4.4799983904816445,441.95091414135743,0,0,14.691534996032715,13.08
549,54.9,-455.3666721322182,408.7206423970402,-455.8457335145853,407.9037299853853,4.4799983904816445,458.8654343887761,0,0,13.880355834960938,12.993888888888888
550,55.0,-456.6369839515824,408.4646075675966,-457.2147522605877,407.57972920766196,4.4799983904816445,480.77176813280045,0,0,14.256373405456543,12.933055555555555
551,55.101,-457.8872382159221,408.21970468815323,-458.6269631098324,407.24550630910727,4.4799983904816445,503.29720566343286,0,0,14.480690002441406,12.76111111111111
552,55.201,-459.1107490735374,407.9970657063379,-460.03597273993296,406.9120410316555,4.4799983904816445,525.4337818167355,0,0,14.477951049804688,12.481944444444444
553,55.3,-460.3208882277388,407.77442672531345,-461.41362316345806,406.5859974256374,4.4799983904816445,546.2392910880798,0,0,14.12218189239502,12.348055555555556
554,55.401,-461.53771323365464,407.56291969270745,-462.79544642456614,406.2589662490501,4.4799983904816445,568.650616303719,0,0,13.996524810791016,12.325
555,55.5,-462.7411665362008,407.32914876168263,-464.13051687793586,405.94299989251164,4.4799983904816445,590.2569920512161,0,0,13.719644546508789,12.258888888888889
556,55.6,-463.9446198387619,407.10650977986717,-465.4533579265939,405.6299278255139,4.4799983904816445,612.333046403469,0,0,13.468018531799316,12.21
557,55.701,-465.1347014379683,406.88387079884274,-466.7665142573926,405.3191478061069,4.4799983904816445,634.9457431694095,0,0,13.253385543823242,12.169999999999998
558,55.801,-466.3114113338052,406.62783597019006,-468.0410578765906,405.0175061192649,4.4799983904816445,657.0447752496609,0,0,12.941645622253418,12.03888888888889
559,55.9,-467.5014929330264,406.3829330899558,-469.2692226317738,404.726840752546,4.4799983904816445,678.5571557476358,0,0,12.555152893066406,12.096944444444444
560,56.0,-468.7250037906269,406.13803021130354,-470.50460735314476,404.4344666622127,4.4799983904816445,703.133020127596,0,0,12.835065841674805,12.426111111111112
561,56.1,-469.9217712414736,405.8931273302783,-471.80134755866106,404.1275717885528,4.4799983904816445,732.0788643688932,0,0,13.816160202026367,12.221944444444444
562,56.2,-471.11185284066516,405.648224450835,-473.178316483346,403.8016894704315,4.4799983904816445,762.0080680722161,0,0,14.483964920043945,12.226111111111111
563,56.301,-472.288562736502,405.38105767297293,-474.6295999743687,403.4582193892792,4.4799983904816445,793.6541597181495,0,0,15.048187255859375,12.068055555555555
564,56.401,-473.49201603906306,405.1027589466924,-476.0473679652423,403.1226813018602,4.4799983904816445,818.73273395986,0,0,14.090459823608398,12.308055555555555
565,56.501,-474.69546934159445,404.802196321202,-477.41241210912347,402.7996211790272,4.4799983904816445,846.9534967335952,0,0,13.964581489562988,12.396111111111113
566,56.6,-475.8989226441704,404.5238975941305,-478.7694746852853,402.4784500253234,4.4799983904816445,877.1107783034496,0,0,14.208146095275879,12.319999999999999
567,56.701,-477.08231839169207,404.24559886705896,-480.1733045001797,402.14621063623895,4.4799983904816445,908.4825287944277,0,0,14.35837173461914,12.245
568,56.8,-478.27908584256835,403.9673001399875,-481.5405527933179,401.8226288652725,4.4799983904816445,937.6112134316537,0,0,14.025812149047852,12.256944444444445
569,56.901,-479.5025967001541,403.7112653113348,-482.9232883934949,401.4953817686558,4.4799983904816445,969.4675153544642,0,0,14.111459732055664,12.50388888888889
570,57.0,-480.69936415106,403.4329665842632,-484.27966534661454,401.17437287890897,4.4799983904816445,1000.6733407745912,0,0,14.04703426361084,12.263055555555555
571,57.1,-481.88275989850746,403.16579980640114,-485.67025903252846,400.84526603720286,4.4799983904816445,1035.6202049907192,0,0,14.533113479614258,12.171111111111111
572,57.201,-483.08621320109813,402.8763691301202,-487.12814986989594,400.50023221898664,4.4799983904816445,1073.3579985865135,0,0,15.133491516113281,12.32388888888889
573,57.301,-484.30303820699913,402.58693845383925,-488.6020296969194,400.15141434368667,4.4799983904816445,1109.5637620031587,0,0,15.158392906188965,12.471944444444444
574,57.4,-485.51986321292986,402.2863758291399,-490.0587186528591,399.80666497045587,4.4799983904816445,1145.57213997019,0,0,15.082586288452148,12.51611111111111
575,57.5,-486.716630663821,402.00807710206834,-491.518465060901,399.46119200095455,4.4799983904816445,1181.9538073531583,0,0,14.918821334838867,12.29888888888889
576,57.6,-487.926769818052,401.74091032420625,-492.9634523665883,399.1192120155014,4.4799983904816445,1218.7654232105028,0,0,14.779250144958496,12.363888888888887
577,57.7,-489.136908972283,401.47374354634417,-494.3864479503961,398.7824367323309,4.4799983904816445,1254.9222717373523,0,0,14.466836929321289,12.385000000000002
578,57.801,-490.36041982988354,401.2065767684821,-495.7990100597898,398.4481307022911,4.4799983904816445,1292.0431832196464,0,0,14.277374267578125,12.471944444444444
579,57.901,-491.590616539154,400.9505419390385,-497.18181221515624,398.1208678542954,4.4799983904816445,1329.254734300769,0,0,14.142638206481934,12.56111111111111
580,58.001,-492.8074415450847,400.6833751611763,-498.55606087418835,397.7956293317318,4.4799983904816445,1367.2721765659905,0,0,14.101578712463379,12.421111111111111
581,58.101,-494.0108948476458,400.4273403333146,-499.9022810618762,397.477024207389,4.4799983904816445,1403.0223229771752,0,0,13.566583633422852,12.35
582,58.201,-495.22771985354666,400.171305504662,-501.21942585829515,397.16530025206686,4.4799983904816445,1440.5933473974396,0,0,13.504007339477539,12.428055555555558
583,58.301,-496.45791656283205,399.9264026244277,-502.5400738598176,396.85274720570317,4.4799983904816445,1479.6691489695759,0,0,13.638583183288574,12.453055555555556
584,58.401,-497.6947991237873,399.6592358465656,-503.8629744885299,396.5396610381068,4.4799983904816445,1518.4391339126853,0,0,13.550304412841797,12.60111111111111
585,58.5,-498.9316816847574,399.4143329663313,-505.1492966153223,396.2352317739345,4.4799983904816445,1555.4204933509463,0,0,13.15384578704834,12.63888888888889
586,58.6,-500.16187839402784,399.1471661884692,-506.41886168064457,395.9347683436594,4.4799983904816445,1593.2545417228125,0,0,12.938863754272461,12.56
587,58.7,-501.37201754830335,398.89113135981654,-507.66235972981843,395.6404741010084,4.4799983904816445,1630.432729205674,0,0,12.618103981018066,12.47111111111111
588,58.8,-502.5955284058743,398.63509653116387,-508.899250518027,395.3477435752149,4.4799983904816445,1669.9702142875142,0,0,12.803068161010742,12.481944444444444
589,58.9,-503.8324109668147,398.3679297533017,-510.1549586733576,395.0505596103432,4.4799983904816445,1710.682626826323,0,0,13.004847526550293,12.628055555555557
590,59.0,-505.0759793794695,398.10076297543964,-511.4747964511054,394.73819831674683,4.4799983904816445,1757.9312672336514,0,0,14.12109088897705,12.675
591,59.1,-506.30617608876975,397.8335961967865,-512.7938296197099,394.4260274471231,4.4799983904816445,1795.9927227779497,0,0,12.988310813903809,12.586111111111112
592,59.2,-507.5230010946707,397.53303357208716,-514.0489596072247,394.12898031516363,4.4799983904816445,1836.7609678253518,0,0,12.807722091674805,12.481111111111112
593,59.3,-508.7598836556408,397.2881306926439,-515.2997847966168,393.83295198440305,4.4799983904816445,1879.0539885790363,0,0,12.899836540222168,12.636944444444445
594,59.4,-510.0034520682808,397.04322781240967,-516.5469188531645,393.53779722087137,4.4799983904816445,1920.681456963478,0,0,12.731860160827637,12.70888888888889
595,59.5,-511.25370633259075,396.7760610345476,-517.7920048685496,393.2431271599279,4.4799983904816445,1963.9898262092431,0,0,12.857744216918945,12.760000000000002
596,59.6,-512.5039605969156,396.5200262066858,-519.0800752945418,392.9382841320274,4.4799983904816445,2012.0199479522607,0,0,13.615296363830566,12.741111111111111
597,59.7,-513.7542148612256,396.26399137724223,-520.4125651566522,392.6229285148067,4.4799983904816445,2059.5760017370235,0,0,13.770673751831055,12.761944444444445
598,59.8,-514.9977832738804,396.01908849700794,-521.724780214006,392.3123712632245,4.4799983904816445,2103.8238371334037,0,0,13.198598861694336,12.693055555555555
599,59.9,-516.24803753822,395.7519217199369,-523.0205840289507,392.00569800177726,4.4799983904816445,2151.6383765565256,0,0,13.433382034301758,12.810000000000002
600,60.0,-517.5049776542147,395.4958868904931,-519.0057017960223,395.11467935494187,4.4974950921485215,48.77506482137349,0,1,13.294527053833008,12.828888888888887
601,60.1,-518.7485460668399,395.22872011263104,-519.6052935229467,395.011747183495,4.497635448946899,28.284786531384956,0,1,13.446017265319824,12.718055555555555
602,60.2,-520.0121720345343,394.9726852839783,-520.6349278357312,394.80447190039797,4.497771264493085,21.5096156756329,0,1,13.797298431396484,12.806944444444444
603,60.3,-521.269112150529,394.72778240453505,-521.7826152378568,394.57172512301184,4.497959039209025,17.970376546075872,0,1,13.454267501831055,12.81111111111111
604,60.4,-522.5193664148686,394.4940114735102,-522.9899031662685,394.32920098008424,4.498232025223416,16.524743362079644,0,1,14.097599029541016,12.738888888888889
605,60.5,-523.7763065308634,394.2713724916949,-524.2395909749475,394.08288877859343,4.498633250890929,15.33444712329457,0,1,13.93686294555664,12.758888888888889
606,60.6,-525.0198749435033,394.07099740829824,-525.4938429281459,393.84404656079215,4.499227452072373,14.711591958213864,0,1,14.029531478881836,12.633055555555554
607,60.7,-526.2567575044438,393.85949037569225,-526.7572178472727,393.6074998148679,4.4999455274217794,14.320375353567508,0,1,14.103180885314941,12.586111111111112
608,60.8,-527.5070117687982,393.6591152922957,-528.0212801329526,393.37746687631346,4.500833099630463,13.967142731646714,0,1,14.000977516174316,12.626944444444444
609,60.9,-528.7505801814384,393.46987215810856,-529.2622436849952,393.15998959209514,4.501903453069481,13.489306837651446,0,1,13.543580055236816,12.575000000000001
610,61.0,-529.9740910390241,393.30289292154924,-530.4942667709684,393.0159122985891,-1.768192091759344,11.807966836471136,0,1,13.480956077575684,12.396111111111113
611,61.1,-531.18423019327,393.12478173657155,-531.7895424433202,392.75667841371796,-1.768192091759344,13.452228731441393,1,0,12.937179565429688,12.236944444444443
612,61.2,-532.3676259407766,392.96893445001257,-533.0739199164053,392.4998026451186,-1.768192091759344,15.536288978773248,1,0,13.259084701538086,11.968055555555555
613,61.301,-533.5376499849287,392.82421911108116,-534.4301571174748,392.22855491559335,-1.768192091759344,17.96048704250701,1,0,14.128955841064453,11.799999999999999
614,61.4,-534.6876164740265,392.67950377373165,-535.8466473129623,391.9452565743313,-1.768192091759344,20.501802404030574,1,0,15.053716659545898,11.616111111111111
615,61.501,-535.8108395563852,392.54592038480064,-537.3223284571776,391.6501200306972,-1.768192091759344,22.59367888902372,1,0,14.746391296386719,11.363888888888887
616,61.601,-536.9140050837638,392.423468944288,-538.7516499786185,391.3642554215074,-1.768192091759344,24.69957782064117,1,0,14.406163215637207,11.10611111111111
617,61.7,-537.9837413526888,392.3010175045664,-540.152725368637,391.08404004462744,-1.768192091759344,27.040476825417905,1,0,14.458931922912598,10.846944444444444
618,61.801,-539.0267342149193,392.17856606484474,-541.5848590667865,390.797612999496,-1.768192091759344,29.482230261419154,1,0,14.461772918701172,10.553055555555556
619,61.901,-540.0764129288198,392.05611462512314,-543.0013903389386,390.51430644289235,-1.768192091759344,31.95375503569117,1,0,14.429910659790039,10.543888888888889
620,62.001,-541.1194057910354,391.9447951338199,-544.4331150205861,390.2279612011485,-1.768192091759344,34.72140991761643,1,0,14.771658897399902,10.468055555555557
621,62.101,-542.1557128015663,391.8557395417265,-545.8773001225069,389.939123872692,-1.768192091759344,37.34263165591468,1,0,14.684054374694824,10.421944444444444
622,62.201,-543.1853339604124,391.7778158980516,-547.3432117640031,389.64594123168575,-1.768192091759344,40.433843713983286,1,0,15.214795112609863,10.326944444444445
623,62.3,-544.2149551192733,391.73328810200485,-548.8461969120935,389.34534388145215,-1.768192091759344,43.65720845082492,1,0,15.749855041503906,10.288055555555555
624,62.4,-545.2245187230949,391.67762835595784,-550.4682696407059,389.0209289897105,-1.768192091759344,47.873533638570876,1,0,17.334068298339844,10.148888888888889
625,62.5,-546.2407681785714,391.6442325091205,-552.1644795530974,388.68168664539814,-1.768192091759344,51.14308494216527,1,0,17.261962890625,10.158888888888889
626,62.6,-547.2570176340777,391.62196861149266,-553.8580365254971,388.34297488965007,-1.768192091759344,54.60519641737325,1,0,17.279958724975586,10.211944444444446
627,62.701,-548.2866387929238,391.59970471307383,-555.5453728946032,388.00550725588766,-1.768192091759344,57.823538621088744,1,0,16.794343948364258,10.243055555555555
628,62.801,-549.2962023967305,391.6108366614923,-557.1977901732206,387.67502344767195,-1.768192091759344,61.56826473841148,1,0,16.908489227294922,10.161944444444444
629,62.901,-550.3057660005371,391.62196861149266,-558.8429010892044,387.3460009135415,-1.768192091759344,65.14066091761663,1,0,16.645322799682617,10.108055555555556
630,63.0,-551.3353871593831,391.67762835595784,-560.4379123074696,387.026998329642,-1.768192091759344,68.62342151771634,1,0,16.21525764465332,10.243888888888888
631,63.1,-552.3315790598202,391.73328810200485,-562.0389777238842,386.7067849048212,-1.768192091759344,72.77288288152505,1,0,16.44019889831543,10.084999999999999
632,63.201,-553.3411426636566,391.8334756433077,-563.6168727529316,386.3912055624164,-1.768192091759344,76.04997659313032,1,0,15.424030303955078,10.128055555555555
633,63.3,-554.3573921191777,391.9447951338199,-565.0656598645663,386.10144783103544,-1.768192091759344,79.24572984920137,1,0,14.424026489257812,10.19111111111111
634,63.4,-555.3803274263241,392.0672465743325,-566.5347282138196,385.80763384780437,-1.768192091759344,84.21917958048661,1,0,15.539207458496094,10.311944444444446
635,63.5,-556.4099485851702,392.25648970851967,-568.071942866148,385.5001905894213,-1.768192091759344,88.80478407541288,1,0,15.813943862915039,10.291944444444445
636,63.6,-557.3994546339522,392.423468944288,-569.6172737717229,385.19112407865765,-1.768192091759344,93.21910280403057,1,0,15.704747200012207,10.118888888888888
637,63.7,-558.3822748310347,392.60158013005673,-571.0535225908936,384.9038740084441,-1.768192091759344,95.94884921430895,1,0,13.589097023010254,10.055
638,63.8,-559.3985242865261,392.8353510602906,-572.3719703632948,384.6401841727137,-1.768192091759344,100.01335351741241,1,0,13.302067756652832,10.306944444444444
639,63.9,-560.4214595936875,393.10251783815266,-573.7049121430911,384.3735955324124,-1.768192091759344,104.87011645194194,1,0,13.88471794128418,10.440000000000001
640,64.0,-561.4176514941097,393.3696846160148,-575.0255439222263,384.1094688948693,-1.768192091759344,108.71483762382475,1,0,13.050992012023926,10.335
641,64.1,-562.4138433945914,393.6702472415052,-576.3120645357908,383.8521644977169,-1.768192091759344,113.33179437100699,1,0,13.188983917236328,10.42
642,64.2,-563.4501504050926,394.0153376638332,-577.5854552519278,383.5974860828509,-1.768192091759344,117.60029764833405,1,0,12.783193588256836,10.713888888888889
643,64.3,-564.4730857123133,394.33816418616044,-578.8502853293677,383.3445197975504,-1.768192091759344,122.43936227410127,1,0,13.01438045501709,10.688888888888888
644,64.401,-565.4893351677899,394.67212265848804,-580.1400318030317,383.08657022768995,-1.768192091759344,127.29432419352767,1,0,13.030937194824219,10.773888888888889
645,64.5,-566.5189563266507,395.0617408760718,-581.3600379900361,382.84256873003835,-1.768192091759344,131.29753460120958,1,0,12.103752136230469,10.908055555555555
646,64.6,-567.5552633371817,395.41796324760924,-582.547748675782,382.60502633952774,-1.768192091759344,136.06474842806952,1,0,12.120888710021973,10.973055555555556
647,64.7,-568.598256199427,395.8521092612396,-583.6965875110867,382.3752583273975,-1.768192091759344,140.19286447090724,1,0,11.310918807983398,11.25
648,64.8,-569.5610188414402,396.3196511224983,-584.8395258951339,382.1466704067774,-1.768192091759344,145.52355472982256,1,0,12.000542640686035,10.938055555555556
649,64.9,-570.6106975553407,396.7426651877103,-586.0643004034813,381.90171524384004,-1.768192091759344,151.47280679948574,1,0,12.98005485534668,11.245
650,65.0,-571.6536904175564,397.2769987434345,-587.3741609320382,381.6397428587103,-1.768192091759344,157.65722088631608,1,0,13.735963821411133,11.556944444444444
651,65.1,-572.7234266864963,397.67774891022765,-588.7413216072111,381.36631043203414,-1.768192091759344,163.8595879429553,1,0,14.14875316619873,11.408055555555556
652,65.2,-573.8265922138452,398.01170738255524,-590.1028836990214,381.0939977232248,-1.768192091759344,169.2807690512263,1,0,13.621774673461914,11.473888888888888
653,65.3,-574.903014334455,398.4458533961857,-591.438893113102,380.8267955554123,-1.768192091759344,175.25927508315615,1,0,13.627578735351562,11.51388888888889
654,65.4,-575.9593789000253,398.83547161456045,-592.7731022143678,380.55995345054674,-1.768192091759344,181.3156700816214,1,0,13.585055351257324,11.31111111111111
655,65.5,-576.9890000588714,399.3475412718658,-594.0688631369685,380.30080098961594,-1.768192091759344,186.70306118344678,1,0,12.84338665008545,11.50611111111111
656,65.6,-578.0253070694172,399.8930067767994,-595.3321032178555,380.04815270396523,-1.768192091759344,192.87528557025405,1,0,12.921757698059082,11.6
657,65.7,-579.0749857833027,400.3939444856864,-596.6239565970974,379.7897817525398,-1.768192091759344,199.69507145319218,1,0,13.426985740661621,11.61888888888889
658,65.8,-580.2048947173759,400.7946946524795,-597.9775994727282,379.51905288865566,-1.768192091759344,207.17194635006277,1,0,14.182021141052246,11.88
659,65.9,-581.3816046132126,401.2622365137382,-599.3601210903379,379.24254827021537,-1.768192091759344,213.9505265430863,1,0,14.015998840332031,12.443888888888889
660,66.0,-582.5181993989559,401.6852505789502,-600.709905939044,378.97259101253917,-1.768192091759344,220.39367121393445,1,0,13.51431941986084,12.251111111111111
661,66.1,-583.641422481359,402.0414729489056,-602.0459619238221,378.7053795305772,-1.768192091759344,227.6901777277787,1,0,13.735983848571777,11.92
662,66.2,-584.8047606738114,402.53127870858316,-603.4141653430955,378.43173855485855,-1.768192091759344,235.51270171036577,1,0,14.170001029968262,12.435
663,66.3,-586.0015281246878,402.95429277379515,-604.7940061998648,378.1557700891582,-1.768192091759344,242.8439049963312,1,0,13.973341941833496,12.60888888888889
664,66.4,-587.238410685643,403.27711929691344,-606.1744138538176,377.8796882639002,-1.768192091759344,250.7933582020688,1,0,14.181561470031738,12.726944444444444
665,66.5,-588.5354659117463,403.47749438030996,-607.5712878496627,377.6003131667512,-1.768192091759344,258.89258161437954,1,0,14.30919075012207,12.963055555555556
666,66.6,-589.8191494344801,403.56654997319436,-608.9859764932553,377.3173751362525,-1.768192091759344,267.37642738521623,1,0,14.544910430908203,12.751111111111111
667,66.7,-591.0961471055143,403.8671125978937,-610.3981812260445,377.03493388844436,-1.768192091759344,275.3953611329102,1,0,14.258528709411621,12.993055555555555
668,66.8,-592.393202331588,404.2122030194308,-611.8211067110651,376.75034848790295,-1.768192091759344,284.60718817746795,1,0,14.763571739196777,13.24888888888889
669,66.9,-593.6568282992972,404.63521708464276,-613.2472964466183,376.46511023655876,-1.768192091759344,292.84985319144954,1,0,14.325106620788574,13.218055555555555
670,67.0,-594.9271401186465,405.091626996692,-614.6391924276712,376.1867307434301,-1.768192091759344,301.3176625548766,1,0,14.06411361694336,13.368888888888888
671,67.1,-596.1640226796168,405.514641061904,-615.9971069490919,375.9151475494768,-1.768192091759344,309.57359567965136,1,0,13.632018089294434,13.19
672,67.2,-597.3875335372173,405.8374675850222,-617.3258412347017,375.64940040891037,-1.768192091759344,318.1645664290508,1,0,13.468951225280762,12.876111111111111
673,67.3,-598.644473653212,406.1268982605122,-618.6233675420945,375.3898948706446,-1.768192091759344,326.3775239493127,1,0,12.995497703552246,12.89888888888889
674,67.4,-599.9348430276157,406.494252581259,-619.8940222297564,375.13576366205723,-1.768192091759344,335.06559695136275,1,0,12.920875549316406,13.266944444444444
675,67.5,-601.1917831436402,407.0285861369833,-621.1369028735298,374.8871872681723,-1.768192091759344,343.26050376027194,1,0,12.42901611328125,13.406944444444445
676,67.6,-602.5022100730686,407.50725994745136,-622.4242789664924,374.6297117749578,-1.768192091759344,354.13702953957045,1,0,13.828408241271973,13.78111111111111
677,67.7,-603.8460662609356,407.83008647056954,-623.7919066110987,374.35618595429537,-1.768192091759344,364.2789609735065,1,0,14.06583309173584,13.728055555555557
678,67.8,-605.143121487024,408.1417810444783,-625.1752051551226,374.0795259504065,-1.768192091759344,374.50226533619315,1,0,14.148033142089844,13.366944444444444
679,67.9,-606.4000616030337,408.59819095652756,-626.5360315608349,373.8073603789737,-1.768192091759344,383.9457307196008,1,0,13.607489585876465,13.245000000000001
680,68.0,-607.6436300156588,408.898753582809,-627.8764136173986,373.53928368173183,-1.768192091759344,394.3168017397641,1,0,13.731048583984375,12.816111111111113
681,68.1,-608.8270257631805,409.34403154485784,-629.2255426422067,373.2694575889751,-1.768192091759344,404.83797407752377,1,0,13.785893440246582,12.496944444444443
682,68.2,-610.0438507690963,409.7781775584882,-630.6145754605215,372.99165072900485,-1.768192091759344,416.7994793242785,1,0,14.544929504394531,12.681111111111111
683,68.3,-611.2740474783964,410.00081654109465,-632.0048864948561,372.71358822555794,-1.768192091759344,426.8813832343842,1,0,13.81196403503418,12.426944444444445
684,68.4,-612.5644168527854,410.00081654109465,-633.3440782866869,372.4457495815165,-1.768192091759344,437.4065743570605,1,0,13.502297401428223,12.608055555555556
685,68.501,-613.82135696878,410.089872133188,-634.6850536857314,372.17755421565187,-1.768192091759344,448.67521373367487,1,0,13.577544212341309,12.558055555555557
686,68.601,-615.0314961230259,410.05647628635074,-636.04125551832,371.9063135598303,-1.768192091759344,460.8410581736711,1,0,14.08365535736084,12.225
687,68.701,-616.30849379406,410.089872133188,-637.4576482473227,371.6230347118861,-1.768192091759344,474.0187470771559,1,0,14.80520248413086,12.553055555555556
688,68.8,-617.5654339100696,410.16779577686293,-638.9203342082691,371.33049720767787,-1.768192091759344,487.50129836615423,1,0,15.32919979095459,12.59
689,68.9,-618.882546691168,410.10100408239737,-640.4105931600153,371.03244509942783,-1.768192091759344,500.20930698926713,1,0,15.066239356994629,12.988055555555555
690,69.0,-620.1194292521528,409.95628874425694,-641.9131050212359,370.73194240666913,-1.768192091759344,514.5116510678969,1,0,15.579111099243164,12.5
691,69.1,-621.4164844782711,409.588934425092,-643.4651241055177,370.42153825873737,-1.768192091759344,529.4797690977281,1,0,16.075992584228516,12.82
692,69.2,-622.6600528908963,409.3328995964394,-645.0521150716341,370.10413972697853,-1.768192091759344,544.5481013040005,1,0,16.292400360107422,12.658888888888889
693,69.3,-623.9303647102605,409.05460086936785,-646.6454577946017,369.7854708424945,-1.768192091759344,559.4232578548828,1,0,16.205543518066406,12.823055555555554
694,69.4,-625.1271321611368,408.97667722569287,-648.2447680194092,369.46560845636947,-1.768192091759344,575.1672812774523,1,0,16.414113998413086,12.34
695,69.5,-626.297156205289,408.8542257859712,-649.8725121799253,369.14005927703727,-1.768192091759344,591.7696511876211,1,0,16.785484313964844,11.95111111111111
696,69.601,-627.4604943977563,408.5647951088993,-651.5286308274391,368.80883519425265,-1.768192091759344,608.0330047226532,1,0,16.658403396606445,11.93388888888889
697,69.701,-628.5904033318145,408.2864963826188,-653.1713346555667,368.48029407820695,-1.768192091759344,625.0681845523488,1,0,16.8463134765625,11.793055555555554
698,69.801,-629.6868830074935,408.052725451594,-654.8338599263857,368.1477886693947,-1.768192091759344,642.6737546307157,1,0,17.06268310546875,11.418888888888889
699,69.901,-630.7231900180094,407.89687816503505,-656.5025445927613,367.81405138015714,-1.768192091759344,660.0732241018773,1,0,16.971940994262695,10.691944444444443
700,70.0,-631.6859526600674,407.8078225729417,-658.1351027709483,367.4875393962638,-1.768192091759344,677.0058500337103,1,0,16.662185668945312,9.973888888888888
701,70.1,-632.6420294504404,407.7298989284758,-659.7463227502617,367.165295056697,-1.768192091759344,693.7774026077078,1,0,16.20038414001465,9.64111111111111
702,70.201,-633.55130527902,407.62971138717296,-661.3649541390565,366.841568433653,-1.768192091759344,712.3928209546225,1,0,16.486480712890625,9.21111111111111
703,70.301,-634.4940103660234,407.551787743498,-663.0178355348856,366.5109918018959,-1.768192091759344,732.6042336420791,1,0,17.225818634033203,9.401111111111112
704,70.401,-635.3765427878936,407.4070724053575,-664.7051179006857,366.1735349688062,-1.768192091759344,751.9683430035648,1,0,17.188125610351562,9.028055555555556
705,70.501,-636.2590752097786,407.34028071010107,-666.3812036608527,365.8383174592316,-1.768192091759344,771.2497503994933,1,0,16.997451782226562,8.77
706,70.601,-637.0145764497272,407.34028071010107,-668.0044442104885,365.5136690030361,-1.768192091759344,788.9015835982049,1,0,16.11029052734375,8.12111111111111
707,70.701,-637.7901352447007,407.3514126601014,-669.5980729037227,365.1949429244377,-1.768192091759344,808.9010944837977,1,0,16.39348602294922,7.8549999999999995
708,70.801,-638.4854638195159,407.2734890156355,-671.2210143909281,364.8703542807921,-1.768192091759344,829.6444657243895,1,0,16.70815658569336,7.406111111111111
709,70.901,-639.2409650594349,407.2289612203798,-672.8517017634134,364.5442164584382,-1.768192091759344,849.851022275408,1,0,16.551471710205078,7.318888888888889
710,71.001,-639.983094596014,407.21782927117033,-674.4799211694807,364.21857222989433,-1.768192091759344,870.9197858314136,1,0,16.657819747924805,7.3388888888888895
711,71.1,-640.6449939123908,407.1955653727515,-676.0928831528515,363.89597948914445,-1.768192091759344,891.7333772412026,1,0,16.57258415222168,6.75111111111111
712,71.201,-641.1798620468903,407.206697321961,-677.7101069441864,363.57253438589265,-1.768192091759344,912.1411063945243,1,0,16.08585548400879,5.976944444444444
713,71.301,-641.6478716645422,407.25122511879863,-679.2821373075366,363.2581279778784,-1.768192091759344,933.0981371363993,1,0,15.977399826049805,5.32
714,71.401,-642.1894256506969,407.21782927117033,-680.8499032725447,362.9445744504423,-1.768192091759344,954.6001707123814,1,0,15.998878479003906,5.561111111111111
715,71.5,-642.6908645267728,407.206697321961,-682.413093807737,362.6319360099453,-1.768192091759344,976.7496503000978,1,0,16.20612907409668,5.083888888888889
716,71.601,-643.2056751061735,407.18443342354215,-684.0301267143864,362.3085290836714,-1.768192091759344,1000.0630100429472,1,0,16.448455810546875,5.21
717,71.7,-643.7004281305942,407.1733014743327,-685.6059534424394,361.9933634019067,-1.768192091759344,1021.6994064119477,1,0,16.016883850097656,4.906944444444444
718,71.8,-644.1884953032857,407.206697321961,-687.1535753364307,361.68383869297105,-1.768192091759344,1043.2505680113325,1,0,15.548534393310547,5.021111111111111
719,71.901,-644.6631907726222,407.16216952591424,-688.7155111873648,361.3714511895934,-1.768192091759344,1067.2765422011598,1,0,15.993412971496582,4.685
720,72.0,-645.0843994285253,407.1510375767049,-690.3068110927675,361.05319086905814,-1.768192091759344,1092.8540394273664,1,0,16.790706634521484,4.4030555555555555
721,72.1,-645.5390373428522,407.1399056274954,-691.9891038478587,360.71673195917464,-1.768192091759344,1120.055790523562,1,0,17.521469116210938,4.413888888888889
722,72.2,-645.953560147026,407.10650977986717,-693.7091460808801,360.3727231456524,-1.768192091759344,1146.5988253886178,1,0,17.56064796447754,4.226111111111111
723,72.3,-646.2744810277021,407.0397180854017,-695.4488668649745,360.02477861771774,-1.768192091759344,1174.6523838900227,1,0,17.922834396362305,3.6280555555555556
724,72.401,-646.6087736117477,406.995190289355,-697.2088362264142,359.67278436999464,-1.768192091759344,1201.8232903176126,1,0,17.618228912353516,3.2249999999999996
725,72.501,-647.0299822676507,407.00632223856434,-698.9467417819784,359.3252028881532,-1.768192091759344,1230.363127929999,1,0,17.828229904174805,3.8519444444444444
726,72.6,-647.41107581346,406.9283985948894,-700.63271944257,358.9880069963836,-1.768192091759344,1255.736305258663,1,0,16.906450271606445,3.416111111111111
727,72.7,-647.8189127660082,406.8393430020051,-702.2928102255041,358.6559884856676,-1.768192091759344,1283.5025093121628,1,0,16.952892303466797,3.496111111111111
728,72.8,-648.1398336466696,406.8393430020051,-703.9501298649091,358.3245242042486,-1.768192091759344,1311.2713271793655,1,0,16.849929809570312,3.2469444444444444
729,72.9,-648.5209271924788,406.7168915622834,-705.5617757136126,358.00219469071294,-1.768192091759344,1336.9892782104139,1,0,16.021326065063477,3.416111111111111
730,73.001,-648.8619056281943,406.60557207177123,-707.1647826100351,357.68159296947636,-1.768192091759344,1365.7019917254909,1,0,16.35001564025879,2.775
731,73.1,-649.1694548055157,406.56104427572456,-708.8157170523964,357.3514057288282,-1.768192091759344,1398.0684769015095,1,0,17.662700653076172,3.0180555555555557
732,73.2,-649.5238049446305,406.5499123265151,-710.628182855666,356.98891218154057,-1.768192091759344,1434.8376799838375,1,0,19.304494857788086,3.3519444444444444
733,73.3,-649.89821263874,406.5499123265151,-712.6123206872804,356.59208419196307,-1.768192091759344,1476.216760720706,1,0,21.16413688659668,3.5019444444444443
734,73.401,-650.112159892519,406.56104427572456,-714.6291008830096,356.18872772259937,-1.768192091759344,1508.3781449769192,1,0,19.562999725341797,3.0219444444444443
735,73.501,-650.3862798114611,406.5499123265151,-716.5389842624626,355.8067506392941,-1.768192091759344,1543.5737415686312,1,0,19.391132354736328,2.8649999999999998
736,73.6,-650.6871431370828,406.53878037809665,-718.4298149131112,355.42858410581397,-1.768192091759344,1579.984528767875,1,0,19.563949584960938,2.8569444444444443
737,73.7,-650.9813206110346,406.5499123265151,-720.2376755477145,355.067011593242,-1.768192091759344,1608.6047535732923,1,0,17.30931854248047,2.7380555555555555
738,73.8,-651.2086395681981,406.494252581259,-721.9786924560391,354.7188078401848,-1.768192091759344,1645.203861373326,1,0,18.200599670410156,2.5938888888888885
739,73.9,-651.4159009703221,406.46085673363075,-723.6583612609304,354.382873720901,-1.768192091759344,1673.0470525025653,1,0,16.05805778503418,2.295
740,74.0,-651.6097906690616,406.40519698837466,-725.1835151312899,354.07784262148454,-1.768192091759344,1701.5515969043229,1,0,15.049100875854492,2.0461111111111108
741,74.101,-651.8304237745256,406.41632893758407,-726.6349522203468,353.7875548940538,-1.768192091759344,1729.6283349597875,1,0,14.261419296264648,2.0980555555555553
742,74.201,-652.1179153967777,406.41632893758407,-728.0070780986944,353.51312942568353,-1.768192091759344,1757.0735549760345,1,0,13.724568367004395,1.9069444444444446
743,74.301,-652.2850616888079,406.3940650399562,-729.3816460864367,353.23821553491337,-1.768192091759344,1787.3504534963893,1,0,14.31122875213623,1.9719444444444445
744,74.402,-652.5190664976413,406.4274608867935,-730.7875207200866,352.9570403082834,-1.768192091759344,1816.771455107117,1,0,14.07919692993164,1.7530555555555556
745,74.5,-652.7731288615289,406.37180114074647,-732.2782972144248,352.6588846914046,-1.768192091759344,1855.8447270280267,1,0,16.947328567504883,2.1419444444444444
746,74.6,-652.9803902636233,406.27161359944364,-733.9957578597478,352.3153921959727,-1.768192091759344,1896.1412091785926,1,0,18.082134246826172,1.7330555555555556
747,74.7,-653.1341648522838,406.23821775181534,-735.7227896250354,351.96998547450625,-1.768192091759344,1931.2679951190025,1,0,17.142541885375977,1.4700000000000002
748,74.801,-653.3347404027082,406.18255800655925,-737.392156009739,351.6361118414577,-1.768192091759344,1966.776038835933,1,0,16.568872451782227,1.8119444444444444
749,74.9,-653.5018866947386,406.21595385418743,-739.0131801635625,351.3119066648975,-1.768192091759344,2003.95227592195,1,0,16.82762908935547,1.406111111111111
750,75.0,-653.6824046901086,406.1602941081404,-740.6821546343385,350.97811141471806,-1.768192091759344,2043.021450759601,1,0,17.212905883789062,1.9849999999999999
751,75.1,-653.809435872045,406.1714260581408,-742.3413730115767,350.64626738532735,-1.768192091759344,2079.6358194128725,1,0,16.628643035888672,1.7580555555555555
752,75.2,-653.9498387573658,406.11576631209374,-743.943476636592,350.3258463185649,-1.768192091759344,2115.491650947242,1,0,16.047988891601562,1.441111111111111
753,75.3,-654.0835557909721,406.13803021130354,-745.4741570834128,350.0197099026773,-1.768192091759344,2149.450161921042,1,0,15.171890258789062,1.4469444444444444
754,75.4,-654.2975030447514,406.0935024136749,-747.002494968043,349.7140419997275,-1.768192091759344,2188.2270281516357,1,0,16.00020980834961,1.6319444444444444
755,75.5,-654.4312200783576,406.0489746176282,-748.5740536394293,349.39972993020666,-1.768192091759344,2226.395461394104,1,0,16.053424835205078,1.4749999999999999
756,75.6,-654.5716229636784,406.0601065660466,-750.0470783938677,349.1051246650946,-1.768192091759344,2257.246451768036,1,0,13.990504264831543,1.268888888888889
757,75.7,-654.7120258489547,406.0489746176282,-751.2965316312436,348.8552337510871,-1.768192091759344,2282.972893101226,1,0,11.49344253540039,1.3080555555555555
758,75.8,-654.8591145859453,406.0489746176282,-752.4377745800605,348.6269849178747,-1.768192091759344,2312.406752279859,1,0,11.783438682556152,1.2419444444444445
759,75.9,-654.9861457678818,406.0601065660466,-753.5139672420279,348.4117461559087,-1.768192091759344,2336.842605856658,1,0,10.166671752929688,1.0988888888888888
760,76.0,-655.1332345048577,405.9821829231626,-754.4039685489452,348.2337457046709,-1.768192091759344,2356.571494884572,1,0,7.985865116119385,1.366111111111111
761,76.101,-655.2201505767005,406.0155787707909,-755.2215932761314,348.0702205848186,-1.768192091759344,2378.915497565582,1,0,8.525361061096191,0.8869444444444444
762,76.201,-655.3003807968731,405.94878707632535,-756.0656229689964,347.90141446619793,-1.768192091759344,2401.4825055511983,1,0,8.689535140991211,0.88
763,76.301,-655.3605534620064,405.91539122869716,-756.9405239376764,347.72643408582877,-1.768192091759344,2425.4353540955476,1,0,9.155014038085938,0.8730555555555555
764,76.4,-655.487584643928,405.9265231779066,-757.8376696524837,347.54700475148894,-1.768192091759344,2449.617581313746,1,0,9.328071594238281,0.706111111111111
765,76.5,-655.5009563473122,405.94878707632535,-758.75503023886,347.3635324385231,-1.768192091759344,2474.2831728217807,1,0,9.382487297058105,0.36194444444444446
766,76.6,-655.5878724191699,405.9265231779066,-759.6680571786985,347.18092685578927,-1.768192091759344,2498.663916220808,1,0,9.2396821975708,0.4111111111111111
767,76.7,-655.6279875292339,405.9265231779066,-760.5587537029,347.00278736094634,-1.768192091759344,2522.356777410828,1,0,8.927034378051758,0.1488888888888889
768,76.8,-655.6614167876578,405.9265231779066,-761.4191445795266,346.8307090020832,-1.768192091759344,2545.447661450031,1,0,8.621565818786621,0.056944444444444436
769,76.901,-655.6747884910274,405.91539122869716,-762.2661951349204,346.66129871031234,-1.768192091759344,2568.624164246666,1,0,8.48388957977295,0.15388888888888888
770,77.001,-655.6814743427269,405.91539122869716,-763.0679928500897,346.50093899623965,-1.768192091759344,2590.034203280676,1,0,7.869639873504639,0.19388888888888886
771,77.1,-655.7082177494215,405.91539122869716,-763.8254395179622,346.3494495010873,-1.768192091759344,2611.1233765830675,1,0,7.735352039337158,0.07194444444444445
772,77.2,-655.7215894527762,405.91539122869716,-764.5864200975382,346.19725322284035,-1.768192091759344,2632.701557865789,1,0,7.785667896270752,0.09888888888888889
773,77.3,-655.7349611561457,405.90425927948775,-765.3388557490139,346.0467659320363,-1.768192091759344,2653.7698930026527,1,0,7.561069011688232,0.10305555555555555
774,77.4,-655.7483328595004,405.90425927948775,-766.0565715895689,345.90322261082275,-1.768192091759344,2673.6838106468545,1,0,7.07751989364624,0.06805555555555555
775,77.5,-655.7617045628996,405.90425927948775,-766.7354449201567,345.7674477998885,-1.768192091759344,2692.9235142557754,1,0,6.768834114074707,0.06805555555555555
776,77.6,-655.7750762662247,405.90425927948775,-767.3575308961355,345.6430304719899,-1.768192091759344,2710.112431020751,1,0,5.919280529022217,0.08805555555555555
777,77.7,-655.7884479695941,405.8931273302783,-767.9191171175254,345.53071310791483,-1.768192091759344,2726.352917261936,1,0,5.534876346588135,0.06694444444444445
778,77.8,-655.8018196729489,405.8931273302783,-768.449986690908,345.4245390799937,-1.768192091759344,2741.995251078051,1,0,5.292781352996826,0.043055555555555555
779,77.9,-655.8085055246337,405.8931273302783,-768.9175346807951,345.3310293822793,-1.768192091759344,2755.264922811646,1,0,4.243364334106445,0.06194444444444444
780,78.0,-655.8218772279885,405.8931273302783,-769.3380322155634,345.24692978562547,-1.768192091759344,2768.338750747589,1,0,4.333136558532715,0.045
781,78.1,-655.8285630796582,405.88199538185984,-769.7617446714606,345.16218720406005,-1.768192091759344,2781.4409784393038,1,0,4.30893611907959,0.056111111111111084
782,78.2,-655.8419347830428,405.88199538185984,-770.1781336513957,345.0789093192493,-1.768192091759344,2794.2957715392104,1,0,4.1837663650512695,0.04805555555555555
783,78.3,-655.8486206347424,405.88199538185984,-770.5872341301493,344.9970891362296,-1.768192091759344,2807.0707879209526,1,0,4.160279273986816,0.031111111111111082
784,78.4,-655.8553064863826,405.88199538185984,-770.9770368527696,344.9191285085532,-1.768192091759344,2819.077862659996,1,0,3.790167808532715,0.041111111111111105
785,78.501,-655.8619923380821,405.88199538185984,-771.3625059957158,344.84203459773596,-1.768192091759344,2831.4629379694234,1,0,3.994049072265625,0.036111111111111115
786,78.601,-655.8753640414517,405.8708634326505,-771.7584762029799,344.7628404718151,-1.768192091759344,2844.06291646916,1,0,4.08219051361084,0.036944444444444446
787,78.701,-655.8820498931216,405.859731483441,-772.1435169782707,344.68583223462036,-1.768192091759344,2856.078201017143,1,0,3.7711315155029297,0.018055555555555557
788,78.801,-655.8887357447917,405.859731483441,-772.4959800076923,344.6153395535489,-1.768192091759344,2867.2071791866483,1,0,3.4177322387695312,0.034999999999999996
789,78.9,-655.9021074481759,405.84859953423165,-772.8279039063096,344.5489547030197,-1.768192091759344,2878.0296050494444,1,0,3.4205970764160156,0.03194444444444444
790,79.001,-655.908793299831,405.84859953423165,-773.1652959879992,344.48147621470963,-1.768192091759344,2889.0445907225976,1,0,3.392745018005371,0.021944444444444444
791,79.101,-655.9154791515306,405.84859953423165,-773.4826948358307,344.4179963774361,-1.768192091759344,2899.3146592141475,1,0,3.080946922302246,0.011944444444444443
792,79.201,-655.9288508549001,405.8374675850222,-773.7766782081806,344.35919964025385,-1.768192091759344,2909.05479454136,1,0,2.9151611328125,0.013055555555555555
793,79.3,-655.9355367065551,405.8374675850222,-774.0404454604457,344.3064461335342,-1.768192091759344,2917.825224867608,1,0,2.518998146057129,0.011944444444444443
794,79.4,-655.9422225582548,405.8263356358128,-774.284465721883,344.2576420291926,-1.768192091759344,2926.2646455411536,1,0,2.4580583572387695,0.016111111111111083
795,79.5,-655.9489084099248,405.8263356358128,-774.5287024248448,344.2087946364999,-1.768192091759344,2934.7864507956333,1,0,2.5234127044677734,0.008888888888888889
796,79.6,-655.9622801132795,405.8152036873944,-774.7714457327205,344.16024592314295,-1.768192091759344,2943.195399972303,1,0,2.4275989532470703,0.008888888888888889
797,79.7,-655.968965964979,405.8152036873944,-775.0084922660037,344.11283656591974,-1.768192091759344,2951.495040923318,1,0,2.4072208404541016,0.018055555555555557
798,79.801,-655.975651816649,405.8040717381849,-775.2492043714018,344.06469409349165,-1.768192091759344,2959.963288500298,1,0,2.4537525177001953,0.021111111111111112
799,79.901,-655.989023519989,405.8040717381849,-775.4893829243615,344.01665833166504,-1.768192091759344,2968.3807247827663,1,0,2.444948196411133,0.01888888888888889
800,80.001,-655.9957093717032,405.79293978897545,-775.7309451787767,343.96834582925214,-1.768192091759344,2976.8763532408134,1,0,2.4819746017456055,0.03
801,80.1,-656.0023952233732,405.79293978897545,-775.9733749396127,343.91985982537,-1.768192091759344,2985.388694952407,1,0,2.512587547302246,0.03194444444444444
802,80.2,-656.0157669267428,405.79293978897545,-776.2198656923856,343.8705616222342,-1.768192091759344,2994.035112049656,1,0,2.514857292175293,0.01388888888888889
803,80.3,-656.0224527784126,405.79293978897545,-776.467660611718,343.8210025855083,-1.768192091759344,3002.7426390473415,1,0,2.539187431335449,0.008055555555555528
804,80.4,-656.0224527784126,405.79293978897545,-776.7195334595716,343.7706279622083,-1.768192091759344,3011.600657115081,1,0,2.5980310440063477,0.015
805,80.5,-656.0358244817822,405.79293978897545,-776.9715888495966,343.72021683043505,-1.768192091759344,3020.414567128795,1,0,2.542910575866699,0.01388888888888889
806,80.6,-656.042510333467,405.7818078397661,-777.2200433802029,343.67052587131366,-1.768192091759344,3029.1598115542074,1,0,2.524587631225586,0.0061111111111111106
807,80.701,-656.049196185137,405.7818078397661,-777.4739633646328,343.61974182026165,-1.768192091759344,3038.149493150338,1,0,2.603107452392578,0.011111111111111112
808,80.801,-656.0558820368217,405.7818078397661,-777.7258931166418,343.5693558161184,-1.768192091759344,3046.993605205239,1,0,2.535271644592285,0.004999999999999999
809,80.9,-656.0625678885065,405.77067589134765,-777.9698373523506,343.52056691693866,-1.768192091759344,3055.618229303401,1,0,2.4904918670654297,0.011944444444444443
810,81.0,-656.0692537402061,405.77067589134765,-778.2173365290511,343.4710670288023,-1.768192091759344,3064.4425735374966,1,0,2.557520866394043,0.009999999999999998
811,81.1,-656.0759395918465,405.77067589134765,-778.4657663715768,343.4213810073023,-1.768192091759344,3073.2413098488487,1,0,2.5094738006591797,0.026944444444444417
812,81.2,-656.082625443546,405.77067589134765,-778.7129821496857,343.37193779894466,-1.768192091759344,3082.05948700644,1,0,2.5327587127685547,0.0011111111111111111
813,81.301,-656.0893112952307,405.77067589134765,-778.9654808413169,343.3214380067556,-1.768192091759344,3091.0704954727294,1,0,2.566234588623047,0.006944444444444445
814,81.4,-656.0959971469155,405.75954394134726,-779.2172365400199,343.2710868133107,-1.768192091759344,3100.0495073938077,1,0,2.6204614639282227,0.013055555555555555
815,81.5,-656.1026829985855,405.75954394134726,-779.477006347374,343.21913279642604,-1.768192091759344,3109.303409763939,1,0,2.677824020385742,0.023888888888888887
816,81.6,-656.1093688502702,405.75954394134726,-779.7426151195725,343.1660109853269,-1.768192091759344,3118.746830768138,1,0,2.739553451538086,0.023888888888888887
817,81.7,-656.116054701955,405.75954394134726,-780.0147314921311,343.1115876527676,-1.768192091759344,3128.406014104886,1,0,2.810553550720215,0.03
818,81.8,-656.1227405536397,405.75954394134726,-780.296599048666,343.05521408133285,-1.768192091759344,3138.410734314595,1,0,2.93843936920166,0.011111111111111112
819,81.9,-656.1294264053097,405.7484119929288,-780.5887916000198,342.99677550873184,-1.768192091759344,3148.7127833018776,1,0,3.0211429595947266,0.008055555555555528
820,82.0,-656.1361122569796,405.7484119929288,-780.8927163667851,342.9359904905458,-1.768192091759344,3159.439806217926,1,0,3.1777305603027344,0.013055555555555555
821,82.1,-656.1427981086792,405.7484119929288,-781.2089308413572,342.8727475281768,-1.768192091759344,3170.5132137111545,1,0,3.2718048095703125,0.011944444444444443
822,82.2,-656.1494839603492,405.7484119929288,-781.5361825244665,342.8072971217459,-1.768192091759344,3181.9723344320423,1,0,3.402846336364746,0.006944444444444445
823,82.301,-656.1561698120042,405.73728004371935,-781.8783440786743,342.7388647379147,-1.768192091759344,3193.9041014037944,1,0,3.5068111419677734,0.0061111111111111106
824,82.401,-656.1628556637187,405.73728004371935,-782.2257780338645,342.66937787276237,-1.768192091759344,3205.9794422059076,1,0,3.579479217529297,0.003888888888888861
825,82.5,-656.1628556637187,405.73728004371935,-782.5761294398535,342.5993075168279,-1.768192091759344,3218.146165559828,1,0,3.638495445251465,0.01888888888888889
826,82.6,-656.1695415154035,405.72614809451,-782.9340088845285,342.52773155155035,-1.768192091759344,3230.5593991634682,1,0,3.660841941833496,0.036111111111111115
827,82.701,-656.1762273670735,405.72614809451,-783.3025782157234,342.45401760668847,-1.768192091759344,3243.4330290349826,1,0,3.782097816467285,0.028055555555555525
828,82.801,-656.182913218773,405.72614809451,-783.6789002644379,342.37875311666886,-1.768192091759344,3256.5511021235557,1,0,3.8933963775634766,0.01888888888888889
829,82.9,-656.1895990704429,405.72614809451,-784.0597629902865,342.30258049025383,-1.768192091759344,3269.7811145725495,1,0,3.9531755447387695,0.011111111111111112
830,83.0,-656.1962849221277,405.72614809451,-784.4611533534221,342.2223023320024,-1.768192091759344,3283.9172408156564,1,0,4.233613967895508,0.04388888888888889
831,83.101,-656.2029707737977,405.7150161453006,-784.8911599973542,342.13630091148735,-1.768192091759344,3298.939129380539,1,0,4.4499993324279785,0.023888888888888887
832,83.201,-656.2096566254974,405.7150161453006,-785.3435653566386,342.04581974312373,-1.768192091759344,3314.8190719752156,1,0,4.77729606628418,0.016111111111111083
833,83.301,-656.2163424771524,405.7038841968821,-785.8274761901866,341.94903747318665,-1.768192091759344,3331.74094671615,1,0,5.092587471008301,0.026944444444444417
834,83.401,-656.2230283288519,405.7038841968821,-786.315056804045,341.8515212464047,-1.768192091759344,3348.160370798523,1,0,4.852145195007324,0.021944444444444444
835,83.501,-656.2297141805368,405.69275224767273,-786.8030412644032,341.7539242502366,-1.768192091759344,3365.2541067260336,1,0,5.100824356079102,0.021111111111111112
836,83.6,-656.2364000322067,405.69275224767273,-787.3099279544651,341.65254680409555,-1.768192091759344,3382.990574257441,1,0,5.342105865478516,0.03888888888888889
837,83.701,-656.2497717355761,405.6816202984633,-787.8522894800749,341.5440743832775,-1.768192091759344,3402.001022800557,1,0,5.610417366027832,0.03194444444444444
838,83.8,-656.2631434389458,405.67048834925384,-788.4080616711141,341.43291982651283,-1.768192091759344,3421.4351076935454,1,0,5.839656829833984,0.033888888888888885
839,83.9,-656.2698292906008,405.67048834925384,-788.9941905799219,341.31569391971874,-1.768192091759344,3442.0210770351564,1,0,6.115074634552002,0.016944444444444443
840,84.0,-656.2765151422857,405.6593564000445,-789.6116798503833,341.19219593390415,-1.768192091759344,3463.861895152631,1,0,6.47928524017334,0.019999999999999997
841,84.1,-656.2898868456699,405.6593564000445,-790.255732046053,341.06338535738155,-1.768192091759344,3486.37296130919,1,0,6.656854152679443,0.013055555555555555
842,84.201,-656.2965726973399,405.6593564000445,-790.9282158175689,340.9288884596247,-1.768192091759344,3510.094070089934,1,0,6.923375606536865,0.016944444444444443
843,84.3,-656.3032585490099,405.648224450835,-791.6084076024754,340.79284995754546,-1.768192091759344,3533.9864085532995,1,0,7.090003490447998,0.015
844,84.4,-656.3166302523794,405.648224450835,-792.3093274825317,340.6526658320146,-1.768192091759344,3558.614524813138,1,0,7.2060136795043945,0.01388888888888889
845,84.5,-656.3233161040641,405.648224450835,-793.0238014227484,340.50977089156027,-1.768192091759344,3583.905627998112,1,0,7.366453170776367,0.008888888888888889
846,84.6,-656.3300019557341,405.63709250162566,-793.7527673831565,340.3639775439762,-1.768192091759344,3609.7713506864684,1,0,7.501594066619873,0.004999999999999999
847,84.701,-656.3433736591037,405.63709250162566,-794.5042017122685,340.2136905178585,-1.768192091759344,3636.622420834086,1,0,7.672974109649658,0.0030555555555555553
848,84.8,-656.3433736591037,405.6259605532072,-795.2032096566551,340.0738887798694,-1.768192091759344,3659.7289322650618,1,0,6.728057384490967,0.006944444444444445
849,84.901,-656.3500595108032,405.6259605532072,-795.8793443457124,339.9386616978254,-1.768192091759344,3684.3585099643574,1,0,6.925899505615234,0.015
850,85.001,-656.3567453624435,405.6259605532072,-796.5516995554515,339.8041905124513,-1.768192091759344,3708.3623990188144,1,0,6.787510395050049,0.036944444444444446
851,85.101,-656.3634312141431,405.6259605532072,-797.210694165131,339.67239144993925,-1.768192091759344,3732.048776163316,1,0,6.653395652770996,0.015
852,85.201,-656.3701170658278,405.61482860399775,-797.8695945346091,339.5406112354876,-1.768192091759344,3756.3223458360417,1,0,6.785588264465332,0.018055555555555557
853,85.301,-656.3768029175275,405.61482860399775,-798.5258492583012,339.40936015075744,-1.768192091759344,3780.0599476508487,1,0,6.599434852600098,0.016111111111111083
854,85.4,-656.3834887691826,405.61482860399775,-799.1499327742325,339.2845433144422,-1.768192091759344,3802.534244249731,1,0,6.257996082305908,0.031111111111111082
855,85.5,-656.3834887691826,405.61482860399775,-799.7607145316663,339.162386832664,-1.768192091759344,3825.1607515485925,1,0,6.199556827545166,0.021111111111111112
856,85.601,-656.3901746208672,405.61482860399775,-800.3597575219957,339.0425781068108,-1.768192091759344,3847.1055744338532,1,0,5.897599697113037,0.006944444444444445
857,85.701,-656.3968604725818,405.6036966547884,-800.9330315857128,338.927923171777,-1.768192091759344,3868.5563232940294,1,0,5.794943332672119,0.01388888888888889
858,85.801,-656.4102321759069,405.6036966547884,-801.513973262273,338.811734712539,-1.768192091759344,3890.9460424911567,1,0,6.053988933563232,0.03
859,85.901,-656.4102321759069,405.6036966547884,-802.1355123832398,338.6874267557595,-1.768192091759344,3915.4283686117465,1,0,6.622972011566162,0.036944444444444446
860,86.001,-656.4169180275767,405.6036966547884,-802.7952236252431,338.55548436662974,-1.768192091759344,3940.783139918113,1,0,6.832550525665283,0.018055555555555557
861,86.101,-656.4236038792762,405.6036966547884,-803.5129227265312,338.41194439327313,-1.768192091759344,3969.8935084623145,1,0,7.805696964263916,0.011111111111111112
862,86.201,-656.4302897309464,405.5925647055789,-804.2942370966066,338.25568135258874,-1.768192091759344,4000.2038668172713,1,0,8.13005256652832,0.008888888888888889
863,86.301,-656.4369755826013,405.5925647055789,-805.1188957639779,338.090749443199,-1.768192091759344,4032.8438080353394,1,0,8.689750671386719,0.023888888888888887
864,86.4,-656.443661434301,405.5925647055789,-805.9852775535712,337.91747290046453,-1.768192091759344,4067.045761189105,1,0,9.159533500671387,0.01388888888888889
865,86.5,-656.443661434301,405.5925647055789,-806.9010679219136,337.73431463144044,-1.768192091759344,4103.070397759684,1,0,9.518999099731445,0.045
866,86.6,-656.4503472860006,405.5925647055789,-807.8639579578839,337.54173641884347,-1.768192091759344,4141.789022722824,1,0,10.120182037353516,0.008055555555555528
867,86.701,-656.4570331376704,405.5925647055789,-808.8810795897343,337.33831187550186,-1.768192091759344,4182.035107331475,1,0,10.41971206665039,0.021944444444444444
868,86.8,-656.4637189893405,405.5925647055789,-809.9030992825318,337.13390771892597,-1.768192091759344,4222.510110715211,1,0,10.636039733886719,0.011944444444444443
869,86.9,-656.47040484104,405.5925647055789,-810.9497077686729,336.9245857984361,-1.768192091759344,4263.828725128441,1,0,10.71066951751709,0.008888888888888889
870,87.0,-656.47040484104,405.5814327571605,-812.0101391485335,336.71249929625367,-1.768192091759344,4306.40226666759,1,0,10.917972564697266,0.019999999999999997
871,87.101,-656.4770906927248,405.5814327571605,-813.098897554895,336.49474738272835,-1.768192091759344,4350.251489439627,1,0,11.068564414978027,0.0061111111111111106
872,87.201,-656.4837765444096,405.5814327571605,-814.1858197127891,336.2773627192882,-1.768192091759344,4393.992252310824,1,0,11.100385665893555,0.0030555555555555553
873,87.3,-656.4904623960647,405.5814327571605,-815.2724798983533,336.06003045036994,-1.768192091759344,4438.550581027179,1,0,11.28709602355957,0.04805555555555555
874,87.4,-656.4971482477642,405.5814327571605,-816.3755345479597,335.83941928514594,-1.768192091759344,4483.286202805834,1,0,11.210893630981445,0.016111111111111083
875,87.5,-656.4971482477642,405.5814327571605,-817.4812563519071,335.6182746884848,-1.768192091759344,4529.154804747907,1,0,11.341495513916016,0.011111111111111112
876,87.6,-656.503834099449,405.5814327571605,-818.5786983440742,335.398786055946,-1.768192091759344,4573.670592701572,1,0,11.042017936706543,0.008888888888888889
877,87.7,-656.5105199511338,405.5814327571605,-819.6526329818237,335.18399889930527,-1.768192091759344,4617.9889145802435,1,0,10.862037658691406,0.003888888888888861
878,87.801,-656.5172058028186,405.5814327571605,-820.6566653173846,334.98319221801376,-1.768192091759344,4656.137333862124,1,0,9.413529396057129,0.004999999999999999
879,87.901,-656.5172058028186,405.5814327571605,-821.5534978115211,334.8038255278749,-1.768192091759344,4692.992054189346,1,0,8.878336906433105,0.04611111111111111
880,88.001,-656.5172058028186,405.5814327571605,-822.387909159116,334.63694308035997,-1.768192091759344,4727.103370812457,1,0,8.140382766723633,0.06111111111111111
881,88.101,-656.5305775061585,405.5703008071601,-823.1893159562973,334.4766615499683,-1.768192091759344,4762.037298300973,1,0,8.20517349243164,0.11888888888888888
882,88.201,-656.537263357858,405.5703008071601,-823.9857032178236,334.3173839277784,-1.768192091759344,4796.404126946851,1,0,8.038003921508789,0.009999999999999998
883,88.3,-656.537263357858,405.5703008071601,-824.7623925626284,334.16204589313475,-1.768192091759344,4830.3415927742735,1,0,7.963427543640137,0.056944444444444436
884,88.4,-656.543949209528,405.5703008071601,-825.5238069370292,334.00976285583033,-1.768192091759344,4863.103052545472,1,0,7.566440105438232,0.0011111111111111111
885,88.5,-656.5506350611979,405.5703008071601,-826.2150625791049,333.8715115799571,-1.768192091759344,4891.811501991459,1,0,6.532464504241943,0.021944444444444444
886,88.601,-656.5506350611979,405.5703008071601,-826.8526486915368,333.7439942214614,-1.768192091759344,4920.190027536627,1,0,6.343037128448486,0.026944444444444417
887,88.7,-656.5640067645675,405.55916885874166,-827.4552912575515,333.62346557970324,-1.768192091759344,4947.021635092944,1,0,6.072665214538574,0.02611111111111111
888,88.801,-656.5640067645675,405.55916885874166,-828.0036648715342,333.5137907399281,-1.768192091759344,4970.39639640371,1,0,5.001266956329346,0.003888888888888861
889,88.901,-656.5706926162671,405.5703008071601,-828.5052146606654,333.41348067511166,-1.768192091759344,4993.943739072547,1,0,5.228382110595703,0.019999999999999997
890,89.0,-656.5706926162671,405.55916885874166,-829.0010026852348,333.3143229644367,-1.768192091759344,5016.582962994263,1,0,4.985892295837402,0.015
891,89.1,-656.577378467937,405.55916885874166,-829.4184128071995,333.2308408510022,-1.768192091759344,5034.4110505509,1,0,3.527637481689453,0.013055555555555555
892,89.2,-656.5840643196069,405.55916885874166,-829.7432280385995,333.1658777354329,-1.768192091759344,5049.70087719919,1,0,3.0973196029663086,0.011944444444444443
893,89.3,-656.5840643196069,405.55916885874166,-830.0486375035133,333.1047957773004,-1.768192091759344,5064.641558994083,1,0,3.1318359375,0.023888888888888887
894,89.401,-656.5974360230063,405.55916885874166,-830.3591214561025,333.04269892055044,-1.768192091759344,5079.824943112761,1,0,3.138119697570801,0.04805555555555555
895,89.5,-656.5974360230063,405.55916885874166,-830.6586964084428,332.9827838661773,-1.768192091759344,5094.418502283835,1,0,3.0337533950805664,0.028055555555555525
896,89.6,-656.6041218746612,405.55916885874166,-830.9570534987035,332.92311238447985,-1.768192091759344,5109.124102464113,1,0,3.0515613555908203,0.026944444444444417
897,89.7,-656.6108077263311,405.55916885874166,-831.2573410285374,332.863054814456,-1.768192091759344,5123.944879196939,1,0,3.073126792907715,0.006944444444444445
898,89.8,-656.6174935780308,405.55916885874166,-831.5476827219718,332.8049864138337,-1.768192091759344,5138.130332530073,1,0,2.848705291748047,0.03194444444444444
899,89.9,-656.6174935780308,405.55916885874166,-831.8286617881524,332.74879054065934,-1.768192091759344,5152.163894637301,1,0,2.8821659088134766,0.03194444444444444
900,90.0,-656.6241794297007,405.55916885874166,-832.1127687125717,332.69196909517,-1.768192091759344,5166.359080511224,1,0,2.912501335144043,0.019999999999999997
901,90.1,-656.6241794297007,405.55916885874166,-832.3968798451865,332.6351468080407,-1.768192091759344,5180.525951058402,1,0,2.882251739501953,0.008888888888888889
902,90.2,-656.6308652813855,405.55916885874166,-832.679648423147,332.57859303212865,-1.768192091759344,5194.689215159408,1,0,2.8851184844970703,0.0011111111111111111
903,90.3,-656.6375511330554,405.55916885874166,-832.9571633962643,332.5230899783059,-1.768192091759344,5208.544137952808,1,0,2.7750988006591797,0.023055555555555555
904,90.4,-656.6442369847402,405.55916885874166,-833.2316442603883,332.46819374692905,-1.768192091759344,5222.428766423085,1,0,2.8232345581054688,0.0011111111111111111
905,90.501,-656.6442369847402,405.55916885874166,-833.5059305356797,332.41333643336026,-1.768192091759344,5236.210978559599,1,0,2.715740203857422,0.0061111111111111106
906,90.601,-656.6509228364249,405.55916885874166,-833.7671287916352,332.36109672645057,-1.768192091759344,5249.417433411525,1,0,2.611680030822754,0.016111111111111083
907,90.701,-656.6576086880948,405.55916885874166,-834.0251766053692,332.3094871086572,-1.768192091759344,5262.627840899202,1,0,2.6514835357666016,0.006944444444444445
908,90.8,-656.6576086880948,405.55916885874166,-834.2810404624,332.25831428267037,-1.768192091759344,5275.684226710491,1,0,2.61984920501709,0.004999999999999999
909,90.9,-656.66429453975,405.55916885874166,-834.5367456204277,332.207173196518,-1.768192091759344,5288.781384434748,1,0,2.5955333709716797,0.008888888888888889
910,91.0,-656.6709803914645,405.55916885874166,-834.7899104778313,332.15654017103236,-1.768192091759344,5301.781100761916,1,0,2.5680370330810547,0.041944444444444444
911,91.1,-656.6709803914645,405.55916885874166,-835.0450113389777,332.1055199443852,-1.768192091759344,5314.968583647451,1,0,2.6350202560424805,0.03305555555555555
912,91.2,-656.6776662431492,405.55916885874166,-835.3056769776495,332.0533867610459,-1.768192091759344,5328.414026355462,1,0,2.6815366744995117,0.011111111111111112
913,91.302,-656.684352094819,405.55916885874166,-835.5776803152701,331.99898603549826,-1.768192091759344,5342.460204778853,1,0,2.7574844360351562,0.004999999999999999
914,91.4,-656.6910379465039,405.5480369095322,-835.845139576002,331.9454941262977,-1.768192091759344,5356.2284320656,1,0,2.808964729309082,0.021944444444444444
915,91.5,-656.6910379465039,405.55916885874166,-836.1189349718283,331.89073498872665,-1.768192091759344,5370.276598633015,1,0,2.775387763977051,0.046944444444444414
916,91.6,-656.6977237981887,405.5480369095322,-836.3906340316612,331.8363951188015,-1.768192091759344,5384.27262719071,1,0,2.766207695007324,0.023888888888888887
917,91.7,-656.6977237981887,405.55916885874166,-836.6630922032141,331.7819034263704,-1.768192091759344,5398.359241273043,1,0,2.7908706665039062,0.021111111111111112
918,91.8,-656.7044096498734,405.55916885874166,-836.9413771826021,331.72624637112926,-1.768192091759344,5412.803907624232,1,0,2.885051727294922,0.021944444444444444
919,91.901,-656.7044096498734,405.5480369095322,-837.2333658637141,331.6678485726201,-1.768192091759344,5427.958228815326,1,0,3.0114078521728516,0.028055555555555525
920,92.001,-656.7177813532281,405.5480369095322,-837.5370762930526,331.6071064219651,-1.768192091759344,5443.715266085391,1,0,3.183094024658203,0.023888888888888887
921,92.101,-656.7177813532281,405.5480369095322,-837.8566086492714,331.543199882559,-1.768192091759344,5460.224565522932,1,0,3.334113121032715,0.009999999999999998
922,92.2,-656.7177813532281,405.5480369095322,-838.188246150724,331.47687231152383,-1.768192091759344,5477.3353709316525,1,0,3.4983158111572266,0.011944444444444443
923,92.3,-656.724467204898,405.5480369095322,-838.541286965395,331.40626407327926,-1.768192091759344,5495.556682136956,1,0,3.7023324966430664,0.011944444444444443
924,92.401,-656.7311530565977,405.53690496032283,-838.9172736447703,331.331066657199,-1.768192091759344,5514.89997135184,1,0,3.8903942108154297,0.004999999999999999
925,92.501,-656.7311530565977,405.53690496032283,-839.3009498425166,331.25433133580424,-1.768192091759344,5534.452015545867,1,0,3.93509578704834,0.021111111111111112
926,92.601,-656.7311530565977,405.53690496032283,-839.6896383752278,331.1765935463473,-1.768192091759344,5554.310264839813,1,0,3.992626190185547,0.045
927,92.7,-656.7445247599376,405.53690496032283,-840.0809428630351,331.0983325653131,-1.768192091759344,5574.35369550489,1,0,4.06906795501709,0.021111111111111112
928,92.8,-656.7445247599376,405.53690496032283,-840.4849196299151,331.0175371257611,-1.768192091759344,5595.105371271925,1,0,4.170474052429199,0.028055555555555525
929,92.9,-656.7512106116371,405.53690496032283,-840.8840884866187,330.93770326927006,-1.768192091759344,5615.268803788278,1,0,3.971005439758301,0.019999999999999997
930,93.0,-656.7512106116371,405.53690496032283,-841.2775234898511,330.8590161846964,-1.768192091759344,5635.604363034895,1,0,4.053525924682617,0.013055555555555555
931,93.1,-656.7578964633219,405.52577301111336,-841.6775151890583,330.77901775952904,-1.768192091759344,5656.265240113298,1,0,4.104736328125,0.018055555555555557
932,93.2,-656.7578964633219,405.52577301111336,-842.0742882265184,330.6996630673977,-1.768192091759344,5676.596498721809,1,0,3.98787784576416,0.018055555555555557
933,93.3,-656.7645823149918,405.52577301111336,-842.4621280129444,330.62209502737886,-1.768192091759344,5696.629458196561,1,0,3.9225330352783203,0.006944444444444445
934,93.4,-656.7645823149918,405.52577301111336,-842.8411215644687,330.5462962362274,-1.768192091759344,5716.22737565431,1,0,3.8074493408203125,0.021944444444444444
935,93.5,-656.7712681666618,405.514641061904,-843.2174657295886,330.471027322922,-1.768192091759344,5735.982993144452,1,0,3.8684959411621094,0.021944444444444444
936,93.6,-656.7712681666618,405.514641061904,-843.5974657412158,330.3950272395353,-1.768192091759344,5755.903185226275,1,0,3.882014274597168,0.016944444444444443
937,93.7,-656.7712681666618,405.514641061904,-843.9596483463895,330.3225906412401,-1.768192091759344,5774.512484493351,1,0,3.5050907135009766,0.0030555555555555553
938,93.8,-656.7779540183614,405.50350911269453,-844.3020594461259,330.25410834824993,-1.768192091759344,5792.660937950577,1,0,3.478753089904785,0.008055555555555528
939,93.901,-656.7846398700312,405.50350911269453,-844.6102777646768,330.1924646187909,-1.768192091759344,5808.443711265908,1,0,2.745450019836426,0.015
940,94.001,-656.7846398700312,405.4923771642761,-844.8707993895451,330.140360238243,-1.768192091759344,5822.548926134949,1,0,2.568169593811035,0.016111111111111083
941,94.1,-656.7913257217308,405.4923771642761,-845.1172489871007,330.0910702661595,-1.768192091759344,5836.088523376001,1,0,2.509209632873535,0.013055555555555555
942,94.2,-656.7913257217308,405.4923771642761,-845.3603515813611,330.04244969544897,-1.768192091759344,5849.50674770782,1,0,2.449130058288574,0.011111111111111112
943,94.301,-656.798011573386,405.48124521427576,-845.6019948281105,329.99412099455196,-1.768192091759344,5862.927627183051,1,0,2.4306468963623047,0.009999999999999998
944,94.4,-656.798011573386,405.48124521427576,-845.8293709855262,329.94864571456515,-1.768192091759344,5875.501711678157,1,0,2.253779411315918,0.004999999999999999
945,94.5,-656.8046974250708,405.48124521427576,-846.0510497029869,329.9043099237847,-1.768192091759344,5887.994388596303,1,0,2.267597198486328,0.024999999999999998
946,94.6,-656.8113832767556,405.48124521427576,-846.269768562727,329.86056610517977,-1.768192091759344,5900.28768580135,1,0,2.1934099197387695,0.011944444444444443
947,94.7,-656.8113832767556,405.47011326585726,-846.4845714627169,329.8176054793602,-1.768192091759344,5912.460085453778,1,0,2.1877269744873047,0.02611111111111111
948,94.8,-656.8180691284551,405.47011326585726,-846.6991295859988,329.7746938089345,-1.768192091759344,5924.642511082176,1,0,2.188417434692383,0.028055555555555525
949,94.902,-656.8180691284551,405.45898131664785,-846.9198295463755,329.73055376977965,-1.768192091759344,5937.20989065406,1,0,2.224733352661133,0.034999999999999996
950,95.001,-656.8247549801102,405.45898131664785,-847.1383061907959,329.6868583942903,-1.768192091759344,5949.640517689755,1,0,2.2763442993164062,0.023055555555555555
951,95.1,-656.8314408318099,405.45898131664785,-847.3586933686217,329.64278091171235,-1.768192091759344,5962.13793542576,1,0,2.264094352722168,0.013055555555555555
952,95.202,-656.8314408318099,405.45898131664785,-847.5869090596475,329.59713772482445,-1.768192091759344,5975.13562210338,1,0,2.299342155456543,0.011944444444444443
953,95.301,-656.8381266834797,405.4478493674385,-847.81394410494,329.55173066733505,-1.768192091759344,5988.071981406172,1,0,2.378056526184082,0.021944444444444444
954,95.4,-656.8381266834797,405.4478493674385,-848.0449695464158,329.50552552975773,-1.768192091759344,6001.169019316635,1,0,2.3815526962280273,0.023055555555555555
955,95.5,-656.8448125351645,405.4478493674385,-848.2815712266714,329.4582051432349,-1.768192091759344,6014.634851069884,1,0,2.4441938400268555,0.008055555555555528
956,95.6,-656.8514983868789,405.43671741902,-848.5240466595213,329.4097100049403,-1.768192091759344,6028.410526356242,1,0,2.501354217529297,0.008888888888888889
957,95.7,-656.8514983868789,405.43671741902,-848.7687080161721,329.36077768141917,-1.768192091759344,6042.255062915161,1,0,2.4887781143188477,0.016944444444444443
958,95.8,-656.8514983868789,405.42558546901967,-849.0147824848895,329.3115627351833,-1.768192091759344,6056.243074205285,1,0,2.5301761627197266,0.016111111111111083
959,95.901,-656.858184238534,405.42558546901967,-849.2657529184048,329.26136859494346,-1.768192091759344,6070.487756591442,1,0,2.5379552841186523,0.018055555555555557
960,96.001,-656.858184238534,405.42558546901967,-849.5136721197791,329.2117847017827,-1.768192091759344,6084.5574832841885,1,0,2.5186243057250977,0.023055555555555555
961,96.1,-656.864870090204,405.4144535198102,-849.7600870923017,329.16250165471314,-1.768192091759344,6098.613926643518,1,0,2.558041572570801,0.013055555555555555
962,96.2,-656.8715559418887,405.4144535198102,-850.0097028043341,329.11257845905885,-1.768192091759344,6112.815166180808,1,0,2.533140182495117,0.015
963,96.3,-656.8715559418887,405.40332157139176,-850.2605015804095,329.0624186503436,-1.768192091759344,6127.168723745341,1,0,2.5821714401245117,0.023055555555555555
964,96.4,-656.8782417936031,405.40332157139176,-850.5177125243214,329.0109764066932,-1.768192091759344,6141.905874311059,1,0,2.6639232635498047,0.013055555555555555
965,96.5,-656.8782417936031,405.40332157139176,-850.7798150747434,328.95855584069733,-1.768192091759344,6156.855841575341,1,0,2.681941032409668,0.021944444444444444
966,96.6,-656.8849276452584,405.3921896221824,-851.0514447928651,328.90422983912913,-1.768192091759344,6172.4838893174665,1,0,2.8582401275634766,0.009999999999999998
967,96.7,-656.8916134969282,405.3921896221824,-851.3406958622855,328.84637956354226,-1.768192091759344,6189.061909257675,1,0,3.0413475036621094,0.041944444444444444
968,96.8,-656.8916134969282,405.3921896221824,-851.643283825597,328.7858619063322,-1.768192091759344,6206.256732835877,1,0,3.130260467529297,0.026944444444444417
969,96.9,-656.8982993486131,405.38105767297293,-851.9564334713483,328.7232319103811,-1.768192091759344,6224.079519262087,1,0,3.2567644119262695,0.018055555555555557
970,97.0,-656.8982993486131,405.38105767297293,-852.2841587634881,328.6576867820431,-1.768192091759344,6242.755421604133,1,0,3.427546501159668,0.015
971,97.101,-656.9049852003276,405.3699257245545,-852.6285172861398,328.5888150040545,-1.768192091759344,6262.265201427083,1,0,3.5264768600463867,0.011111111111111112
972,97.2,-656.9049852003276,405.3699257245545,-852.9806958106819,328.5183792240196,-1.768192091759344,6282.338608017808,1,0,3.729140281677246,0.0019444444444444166
973,97.3,-656.9116710519677,405.3587937745541,-853.348016809656,328.44491494586816,-1.768192091759344,6303.037574961932,1,0,3.762767791748047,0.01888888888888889
974,97.4,-656.9183569036525,405.3587937745541,-853.7181363054302,328.37089096775975,-1.768192091759344,6323.919839067827,1,0,3.7862186431884766,0.016944444444444443
975,97.5,-656.9183569036525,405.34766182534463,-854.1029420296205,328.29392974083527,-1.768192091759344,6346.005991026864,1,0,4.062309265136719,0.031111111111111082
976,97.6,-656.925042755352,405.34766182534463,-854.5116479199046,328.2121884755937,-1.768192091759344,6369.327111961731,1,0,4.273688316345215,0.01888888888888889
977,97.7,-656.925042755352,405.3365298769262,-854.9377634424932,328.12696528017733,-1.768192091759344,6393.532545899177,1,0,4.417397499084473,0.01888888888888889
978,97.8,-656.9317286070221,405.3365298769262,-855.3768806761972,328.03914173976443,-1.768192091759344,6418.466412264399,1,0,4.538872241973877,0.03194444444444444
979,97.9,-656.9317286070221,405.32539792771684,-855.8312535773122,327.948267062615,-1.768192091759344,6444.416088466357,1,0,4.728553295135498,0.011111111111111112
980,98.0,-656.9317286070221,405.31426597850736,-856.3067402112147,327.8531696344041,-1.768192091759344,6471.684499410274,1,0,4.969509601593018,0.019999999999999997
981,98.1,-656.925042755352,405.31426597850736,-856.799277354689,327.7546621006416,-1.768192091759344,6499.708850052071,1,0,5.076316833496094,0.07999999999999999
982,98.2,-656.9116710519677,405.31426597850736,-857.3041148199745,327.653694499893,-1.768192091759344,6528.571029065389,1,0,5.220387935638428,0.1411111111111111
983,98.3,-656.8849276452584,405.29200208008854,-857.8234914372416,327.5498190656466,-1.768192091759344,6558.345063847225,1,0,5.37285852432251,0.26
984,98.4,-656.8448125351645,405.2808701308792,-858.3261121653833,327.4492948127996,-1.768192091759344,6586.0139476349505,1,0,4.878633499145508,0.4180555555555555
985,98.5,-656.7913257217308,405.26973818246074,-858.8206029402639,327.35039655233913,-1.768192091759344,6614.991947803358,1,0,5.2070393562316895,0.5249999999999999
986,98.6,-656.7445247599376,405.25860623325127,-859.3493504375238,327.2446469400952,-1.768192091759344,6646.069172216017,1,0,5.577336311340332,0.5580555555555555
987,98.7,-656.684352094819,405.2808701308792,-859.9047356957362,327.1335697699784,-1.768192091759344,6678.315901177725,1,0,5.750345230102539,0.6561111111111111
988,98.8,-656.6108077263311,405.2808701308792,-860.4680101984239,327.02091474928363,-1.768192091759344,6710.707308922943,1,0,5.738245964050293,0.7188888888888889
989,98.9,-656.5573209128826,405.2808701308792,-861.0403758296158,326.90644150094874,-1.768192091759344,6744.216361361686,1,0,5.9357686042785645,0.655
990,99.0,-656.4102321759069,405.29200208008854,-861.623570854621,326.78980237154104,-1.768192091759344,6778.057326261137,1,0,5.959123134613037,1.1730555555555555
991,99.1,-656.3433736591037,405.2808701308792,-862.2458497763658,326.66534645444807,-1.768192091759344,6816.11810847905,1,0,6.732926845550537,0.9088888888888889
992,99.2,-656.2430858838766,405.26973818246074,-862.9314523389463,326.5282257956798,-1.768192091759344,6857.366181089646,1,0,7.250677108764648,0.9738888888888888
993,99.3,-656.1628556637187,405.22521038562303,-863.6307231674388,326.3883714808135,-1.768192091759344,6897.444734507252,1,0,7.0117058753967285,1.1219444444444444
994,99.4,-656.0157669267428,405.2474742840419,-864.3634044268059,326.2418350726451,-1.768192091759344,6943.065874414978,1,0,7.932118892669678,1.3080555555555555
995,99.5,-655.9288508549001,405.2474742840419,-865.1633173847026,326.081852310429,-1.768192091759344,6991.448266660538,1,0,8.38296890258789,1.0930555555555554
996,99.6,-655.7951338212641,405.25860623325127,-866.0449874697173,325.90551810534896,-1.768192091759344,7047.7149521639885,1,0,9.59964370727539,1.278888888888889
997,99.701,-655.6614167876578,405.26973818246074,-867.0515648242248,325.7042024197252,-1.768192091759344,7111.745100067254,1,0,10.727317810058594,1.1949999999999998
998,99.801,-655.6413592326035,405.25860623325127,-868.1799144697196,325.47853224992764,-1.768192091759344,7185.905011395418,1,0,12.286590576171875,0.7469444444444444
999,99.901,-655.5544431607608,405.23634233483244,-869.4239670959544,325.22972145930044,-1.768192091759344,7264.237963913422,1,0,13.087204933166504,0.8311111111111111
1000,100.001,-655.5009563473122,405.22521038562303,-870.7720175134848,324.9601110882294,-1.768192091759344,7352.661792747954,1,0,14.407737731933594,0.5488888888888889
1001,100.101,-655.4407836821791,405.25860623325127,-872.2115851026989,324.6721972632992,-1.768192091759344,7443.205978532979,1,0,14.95379638671875,0.6169444444444444
1002,100.201,-655.4207261271545,405.25860623325127,-873.6687835350305,324.3807572659846,-1.768192091759344,7531.283229130224,1,0,14.767337799072266,0.355
1003,100.3,-655.4140402754548,405.2474742840419,-875.105548585239,324.0934039494534,-1.768192091759344,7620.538599306955,1,0,14.833039283752441,0.12
1004,100.4,-655.4006685721149,405.25860623325127,-876.4370478891154,323.8271038046438,-1.768192091759344,7689.762076980226,1,0,12.324325561523438,0.18888888888888888
1005,100.502,-655.4006685721149,405.25860623325127,-877.642211938734,323.5860707376355,-1.768192091759344,7763.217376716995,1,0,11.774322509765625,0.021944444444444444
1006,100.601,-655.4207261271545,405.2474742840419,-878.7075243101655,323.3730080360977,-1.768192091759344,7823.943825125174,1,0,10.173349380493164,0.16999999999999998
1007,100.701,-655.4340978305091,405.2474742840419,-879.6749006098988,323.17953256979115,-1.768192091759344,7883.756217928621,1,0,9.557333946228027,0.13805555555555554
1008,100.8,-655.4474695338638,405.23634233483244,-880.5575549614607,323.00300151119166,-1.768192091759344,7937.584204397534,1,0,8.627199172973633,0.18499999999999997
1009,100.9,-655.474212940588,405.22521038562303,-881.3730600553818,322.83990031844456,-1.768192091759344,7988.84953227836,1,0,8.00590705871582,0.3111111111111111
1010,101.0,-655.541071457421,405.22521038562303,-882.1389595012233,322.6867202658952,-1.768192091759344,8038.102034783402,1,0,7.615438461303711,0.6069444444444444
1011,101.1,-655.6012441225245,405.22521038562303,-882.8471020242005,322.5450916102394,-1.768192091759344,8082.782211997466,1,0,6.827892303466797,0.5038888888888889
1012,101.201,-655.6213016775789,405.23634233483244,-883.5115276237511,322.41220634859457,-1.768192091759344,8126.582000986802,1,0,6.589609622955322,0.4761111111111111
1013,101.301,-655.6948460460519,405.2140784364137,-884.1460984041584,322.285292057147,-1.768192091759344,8168.643336901203,1,0,6.353146076202393,0.6830555555555555
1014,101.4,-655.7550187111852,405.1806825903673,-884.7255997598622,322.16939166238745,-1.768192091759344,8205.98582264957,1,0,5.585798740386963,0.7419444444444445
1015,101.5,-655.7951338212641,405.1806825903673,-885.2622506925679,322.06206136136836,-1.768192091759344,8242.100381767974,1,0,5.359776020050049,0.4469444444444444
1016,101.6,-655.8753640414517,405.16955064036694,-885.7289491412885,321.96872157206855,-1.768192091759344,8271.84909348327,1,0,4.1590423583984375,0.6638888888888889
1017,101.701,-655.8887357447917,405.1584186911576,-886.1376999348894,321.88697132615397,-1.768192091759344,8300.207668823954,1,0,4.095327377319336,0.1911111111111111
1018,101.8,-655.8753640414517,405.16955064036694,-886.4904213040332,321.816426977083,-1.768192091759344,8323.589039520368,1,0,3.171473503112793,0.09805555555555555
1019,101.9,-655.8486206347424,405.16955064036694,-886.814360061815,321.7516391564243,-1.768192091759344,8346.94604242487,1,0,3.4356069564819336,0.27305555555555555
1020,102.0,-655.7951338212641,405.16955064036694,-887.1855838816176,321.67739431327465,-1.768192091759344,8374.241950587195,1,0,4.135903358459473,0.45888888888888885
1021,102.1,-655.7550187111852,405.1806825903673,-887.6222317461715,321.5900646472185,-1.768192091759344,8406.02295974169,1,0,4.77000093460083,0.5399999999999999
1022,102.2,-655.7416470078157,405.1806825903673,-888.1073883458762,321.4930332237844,-1.768192091759344,8440.66814887813,1,0,5.125291347503662,0.485
1023,102.3,-655.6948460460519,405.1806825903673,-888.6554702807074,321.3834167199018,-1.768192091759344,8481.108373074123,1,0,6.053431034088135,0.805
1024,102.4,-655.6213016775789,405.1584186911576,-889.2999710466443,321.2545164292301,-1.768192091759344,8528.875478771495,1,0,7.091857433319092,0.665
1025,102.5,-655.541071457421,405.19181453878576,-890.0545295223664,321.1036045731239,-1.768192091759344,8585.334171278302,1,0,8.298176765441895,0.8511111111111112
1026,102.6,-655.4340978305091,405.2140784364137,-890.9268510542036,320.92914008067356,-1.768192091759344,8650.648286456513,1,0,9.493762016296387,1.0530555555555554
1027,102.7,-655.3471817586665,405.23634233483244,-891.9189321270203,320.7307236544803,-1.768192091759344,8725.370948843698,1,0,10.740801811218262,0.9538888888888889
1028,102.8,-655.2134647250305,405.25860623325127,-893.0370914399538,320.5070915533688,-1.768192091759344,8810.32549187364,1,0,12.065263748168945,1.2161111111111111
1029,102.901,-655.0864335431089,405.3365298769262,-894.3175426039331,320.2510010474282,-1.768192091759344,8910.315503736398,1,0,13.792343139648438,1.466111111111111
1030,103.001,-654.9727740645271,405.34766182534463,-895.7567227586103,319.96316470948807,-1.768192091759344,9023.786894506417,1,0,15.561288833618164,1.24
1031,103.101,-654.8992296960392,405.3699257245545,-897.3946690813927,319.63557509552624,-1.768192091759344,9157.683259546544,1,0,17.846393585205078,0.9388888888888889
1032,103.2,-654.7788843657727,405.43671741902,-899.2147857862931,319.2715513662804,-1.768192091759344,9304.00993469016,1,0,19.651832580566406,1.218888888888889
1033,103.3,-654.7521409590485,405.4478493674385,-901.2090216039552,318.87270377733927,-1.768192091759344,9461.93633033121,1,0,21.02275848388672,0.5538888888888889
1034,103.4,-654.7387692556789,405.47011326585726,-903.2967394933204,318.455159754116,-1.768192091759344,9621.334857177675,1,0,21.558500289916992,0.3019444444444444
1035,103.5,-654.7253975523241,405.48124521427576,-905.4028647781553,318.03393424787214,-1.768192091759344,9777.55479125716,1,0,21.398197174072266,0.2061111111111111
1036,103.6,-654.7320834040091,405.48124521427576,-907.4661880384491,317.621269155667,-1.768192091759344,9927.453259661139,1,0,20.68550682067871,0.028055555555555525
1037,103.7,-654.7454551073785,405.4923771642761,-909.4532314888197,317.22386004171847,-1.768192091759344,10072.530503476357,1,0,19.842388153076172,0.08194444444444444
1038,103.8,-654.758826810748,405.50350911269453,-911.3551653063274,316.843472872498,-1.768192091759344,10212.71979789288,1,0,18.949604034423828,0.1438888888888889
1039,103.9,-654.7922560691273,405.514641061904,-913.1620418777796,316.48209717276615,-1.768192091759344,10346.251138455877,1,0,17.903593063354492,0.21611111111111111
1040,104.001,-654.8123136241817,405.514641061904,-914.7922826634609,316.1560486678683,-1.768192091759344,10454.705604152337,1,0,15.01771354675293,0.2038888888888889
1041,104.101,-654.839057030906,405.514641061904,-916.2069036486207,315.8731241690706,-1.768192091759344,10560.785676406538,1,0,13.835007667541504,0.2211111111111111
1042,104.201,-654.8524287342607,405.514641061904,-917.4922765002271,315.61604932455464,-1.768192091759344,10656.51293138753,1,0,12.381558418273926,0.13305555555555554
1043,104.301,-654.8658004376302,405.514641061904,-918.6136080444837,315.3917827765018,-1.768192091759344,10738.574142737538,1,0,10.489208221435547,0.09305555555555556
1044,104.401,-654.8724862893298,405.514641061904,-919.6098477496607,315.19253462294944,-1.768192091759344,10817.780447904935,1,0,9.830175399780273,0.058055555555555555
1045,104.501,-654.8858579926698,405.52577301111336,-920.5432756007182,315.0058488536199,-1.768192091759344,10892.666662194226,1,0,9.20809268951416,0.015
1046,104.6,-654.8992296960392,405.52577301111336,-921.3452987351295,314.8454440556507,-1.768192091759344,10952.756875743657,1,0,7.315268039703369,0.02611111111111111
1047,104.7,-654.912601399379,405.53690496032283,-922.0610252213737,314.70229860572374,-1.768192091759344,11013.037978100787,1,0,7.282745838165283,0.041944444444444444
1048,104.8,-654.9259731027635,405.53690496032283,-922.7548797047494,314.56352756103615,-1.768192091759344,11070.527587776458,1,0,6.869164943695068,0.055
1049,104.9,-654.9527165095026,405.5480369095322,-923.4293848114597,314.42862639580926,-1.768192091759344,11128.03024805051,1,0,6.888094425201416,0.12388888888888888
1050,105.001,-654.979459916197,405.55916885874166,-924.0666636052151,314.30117050111437,-1.768192091759344,11179.940111018124,1,0,5.981201171875,0.15
1051,105.101,-655.0329467296455,405.5703008071601,-924.5885320119631,314.1967967084402,-1.768192091759344,11221.834537857883,1,0,4.662868022918701,0.2819444444444444
1052,105.201,-655.0931193947936,405.5703008071601,-925.0360593712363,314.1072911411194,-1.768192091759344,11260.43275465725,1,0,4.464935302734375,0.3811111111111111
1053,105.3,-655.1532920599121,405.5480369095322,-925.4948466596667,314.0155335855652,-1.768192091759344,11301.603292417816,1,0,4.987046241760254,0.5599999999999999
1054,105.4,-655.2000930216758,405.55916885874166,-925.9830777202843,313.91788726929263,-1.768192091759344,11344.201061459564,1,0,4.970952987670898,0.4411111111111111
1055,105.5,-655.2535798351244,405.514641061904,-926.4836051283061,313.8177816809162,-1.768192091759344,11388.615436995917,1,0,5.2378435134887695,0.5488888888888889
1056,105.6,-655.3204383519127,405.47011326585726,-927.0002533853656,313.7144519192933,-1.768192091759344,11434.037063648093,1,0,5.299755096435547,0.7938888888888889
1057,105.702,-655.3806110170458,405.45898131664785,-927.530909511121,313.6083205809431,-1.768192091759344,11480.689954739195,1,0,5.3113274574279785,0.6569444444444444
1058,105.8,-655.4608412372037,405.40332157139176,-928.0408956265146,313.50632324907457,-1.768192091759344,11525.593559771884,1,0,5.302669525146484,0.8269444444444444
1059,105.9,-655.5343856057214,405.3365298769262,-928.5690179729463,313.40069866712963,-1.768192091759344,11572.653713300884,1,0,5.4689555168151855,0.84
1060,106.0,-655.6012441225245,405.2474742840419,-929.1087646413313,313.2927492183143,-1.768192091759344,11620.606324505628,1,0,5.539760112762451,0.9469444444444444
1061,106.101,-655.6881601943821,405.13615479352967,-929.6831457506105,313.177872873932,-1.768192091759344,11672.923111678441,1,0,6.059370994567871,1.0180555555555555
1062,106.201,-655.7750762662247,405.08049504748254,-930.3148308076753,313.0515357277685,-1.768192091759344,11731.225771590565,1,0,6.824527263641357,1.0130555555555554
1063,106.3,-655.8285630796582,405.02483530222645,-931.0217952652446,312.9101426854456,-1.768192091759344,11797.050895422599,1,0,7.740425109863281,0.8688888888888889
1064,106.4,-655.908793299831,404.93577971013315,-931.8263735923829,312.74922684838594,-1.768192091759344,11872.090355574332,1,0,8.669817924499512,0.9780555555555557
1065,106.5,-655.9823376683487,404.8912519132954,-932.7083411033076,312.5728331580604,-1.768192091759344,11953.37860884962,1,0,9.31886100769043,0.9238888888888889
1066,106.6,-656.1093688502702,404.8244602188299,-933.6342189372087,312.3876573937727,-1.768192091759344,12037.257367191605,1,0,9.56541633605957,1.185
1067,106.7,-656.2163424771524,404.7020087791083,-934.5769835584961,312.1991042684055,-1.768192091759344,12122.396322897948,1,0,9.663285255432129,1.3830555555555555
1068,106.8,-656.2765151422857,404.6463490338521,-935.5244300778817,312.0096147624199,-1.768192091759344,12207.93312246419,1,0,9.660908699035645,1.0169444444444444
1069,106.9,-656.3500595108032,404.5238975941305,-936.4598617781456,311.82252822282163,-1.768192091759344,12291.75003084912,1,0,9.418230056762695,1.2519444444444443
1070,107.0,-656.443661434301,404.45710589966495,-937.3718613571767,311.64012811246846,-1.768192091759344,12373.954089227484,1,0,9.182985305786133,1.1119444444444444
1071,107.1,-656.4770906927248,404.34578640915277,-938.2601795962828,311.46246427515194,-1.768192091759344,12454.404491532454,1,0,8.935223579406738,1.1311111111111112
1072,107.2,-656.5506350611979,404.2010710702213,-939.1214409147806,311.29021182772885,-1.768192091759344,12532.587709090609,1,0,8.63113021850586,1.548888888888889
1073,107.3,-656.6241794297007,404.13427937575574,-939.9489065421006,311.12471852575055,-1.768192091759344,12607.781788648253,1,0,8.24592399597168,1.0669444444444445
1074,107.4,-656.684352094819,403.95616819077804,-940.7426908944046,310.96596148596035,-1.768192091759344,12680.621467455358,1,0,7.944164276123047,1.69
1075,107.5,-656.7512106116371,403.8559806494752,-941.5063166054315,310.81323618085895,-1.768192091759344,12751.004941738127,1,0,7.630805969238281,1.2930555555555556
1076,107.6,-656.8180691284551,403.7223972597532,-942.2383971916412,310.6668199074502,-1.768192091759344,12818.757837322533,1,0,7.300767421722412,1.405
1077,107.7,-656.858184238534,403.58881387082215,-942.9364175782041,310.5272156812365,-1.768192091759344,12883.561009199691,1,0,6.9361114501953125,1.426111111111111
1078,107.8,-656.8916134969282,403.42183463505387,-943.60010874453,310.3944773063933,-1.768192091759344,12945.575072725076,1,0,6.6005859375,1.6961111111111111
1079,107.9,-656.925042755352,403.27711929691344,-944.2321811659955,310.26806268726705,-1.768192091759344,13004.996101862771,1,0,6.291213035583496,1.535
1080,108.0,-656.9718437171009,403.12127201035446,-944.8377995843807,310.1469388744,-1.768192091759344,13062.421588690428,1,0,6.061028003692627,1.5888888888888888
1081,108.1,-656.9852154204854,402.95429277379515,-945.3868094497101,310.0371367842198,-1.768192091759344,13112.893278837946,1,0,5.13662052154541,1.645
1082,108.2,-656.9919012721256,402.7984454872363,-945.8764966395044,309.9391992418013,-1.768192091759344,13159.764474895503,1,0,4.851078033447266,1.6780555555555556
1083,108.3,-657.0186446788795,402.58693845383925,-946.3274621646805,309.8490060405665,-1.768192091759344,13202.6697020866,1,0,4.346850395202637,2.0999999999999996
1084,108.4,-657.0387022339041,402.40882726886156,-946.7476906087221,309.7649602621154,-1.768192091759344,13243.651402464162,1,0,4.2241621017456055,1.9411111111111112
1085,108.5,-656.9718437171009,402.208452185465,-947.1592563419458,309.6826470276758,-1.768192091759344,13284.049507504631,1,0,4.170165061950684,2.0700000000000003
1086,108.6,-656.9451003103471,401.96354930523074,-947.5740379782108,309.5996906119419,-1.768192091759344,13325.199483660408,1,0,4.2897539138793945,2.5580555555555553
1087,108.7,-656.858184238534,401.76317422183416,-948.0043008177895,309.51363795224285,-1.768192091759344,13368.085195719146,1,0,4.4859209060668945,2.1888888888888887
1088,108.801,-656.8381266834797,401.496007443972,-948.4598112991334,309.42253575880494,-1.768192091759344,13413.58143417808,1,0,4.7127203941345215,2.6750000000000003
1089,108.901,-656.7779540183614,401.22884066610993,-948.9273255533195,309.32903280823797,-1.768192091759344,13460.056259044382,1,0,4.822737216949463,2.736944444444444
1090,109.001,-656.6576086880948,400.9950697358761,-949.3993766865096,309.2346224809024,-1.768192091759344,13506.778956743245,1,0,4.805254936218262,2.775
1091,109.101,-656.5506350611979,400.7167710088046,-949.8748894346033,309.13951982984764,-1.768192091759344,13554.20322490193,1,0,4.893340587615967,2.975
1092,109.201,-656.4503472860006,400.46073618015186,-950.3629182914246,309.0419139543775,-1.768192091759344,13603.152003726,1,0,5.060534477233887,2.9338888888888888
1093,109.3,-656.2965726973399,400.1824374530804,-950.8605407021009,308.94238936608986,-1.768192091759344,13653.053668703631,1,0,5.191532135009766,3.1288888888888886
1094,109.402,-656.182913218773,399.90413872600885,-951.3983495679734,308.83482747819045,-1.768192091759344,13707.693335033833,1,0,5.562577724456787,3.1569444444444446
1095,109.501,-655.9957093717032,399.6258399989373,-951.9327419815306,308.72794888148286,-1.768192091759344,13760.777129681952,1,0,5.447028160095215,3.325
1096,109.6,-655.8486206347424,399.3141454250285,-952.4716138467173,308.6201743934938,-1.768192091759344,13815.349182772608,1,0,5.6548638343811035,3.466944444444444
1097,109.7,-655.6814743427269,399.0024508503288,-953.0351361887443,308.5074698048783,-1.768192091759344,13872.451759865226,1,0,5.83878231048584,3.596944444444445
1098,109.8,-655.4808987923025,398.7352840724667,-953.6191451255271,308.39066789294145,-1.768192091759344,13931.897239503654,1,0,6.072710037231445,3.5150000000000006
1099,109.9,-655.2736373901638,398.4347214477673,-954.2271913220633,308.26905852392633,-1.768192091759344,13993.985874522532,1,0,6.329048156738281,3.681111111111111
1100,110.0,-655.0998052464487,398.0896310262303,-954.8494949552676,308.1445976645362,-1.768192091759344,14056.983954737496,1,0,6.363505840301514,3.9149999999999996
1101,110.1,-654.9192872510787,397.7890684015308,-955.4820526518167,308.0180859902897,-1.768192091759344,14121.6614728672,1,0,6.538190841674805,3.7319444444444443
1102,110.201,-654.6785965905752,397.4885057760405,-956.134414995681,307.8876133823555,-1.768192091759344,14188.290395790986,1,0,6.635704040527344,3.916944444444445
1103,110.3,-654.4847068918209,397.0988875576658,-956.7834281882002,307.7578106054047,-1.768192091759344,14254.78603791542,1,0,6.735330581665039,4.378888888888889
1104,110.401,-654.1972152695539,396.7983249329664,-957.4543434892524,307.62362740207516,-1.768192091759344,14323.664894912405,1,0,6.813225269317627,4.146111111111111
1105,110.501,-653.956524609006,396.48663035826667,-958.1351319462575,307.4874695654489,-1.768192091759344,14394.401906051971,1,0,7.072189807891846,4.136111111111111
1106,110.6,-653.6757188384387,396.17493578435784,-958.830630958322,307.3483696146728,-1.768192091759344,14466.609868430873,1,0,7.256550312042236,4.411944444444444
1107,110.701,-653.4483998813049,395.8409773120302,-959.5571940093786,307.20305684947164,-1.768192091759344,14542.177993041027,1,0,7.415763854980469,4.151944444444444
1108,110.8,-653.1408507039985,395.51815078891195,-960.2912501944769,307.05624545586375,-1.768192091759344,14619.283921589446,1,0,7.707334995269775,4.506944444444445
1109,110.901,-652.8333015266473,395.12853257053735,-961.0649115151053,306.9015130267013,-1.768192091759344,14700.462034013655,1,0,7.916088104248047,4.891111111111111
1110,111.002,-652.565867459405,394.72778240453505,-961.8654525115876,306.74140465663413,-1.768192091759344,14785.263076248799,1,0,8.250146865844727,4.84
1111,111.101,-652.2650041337683,394.47174757509146,-962.6732329603941,306.57984839455776,-1.768192091759344,14870.334960157255,1,0,8.391826629638672,4.496111111111111
1112,111.201,-651.9574549564471,394.07099740829824,-963.5084158105069,306.4128116463747,-1.768192091759344,14959.10544252353,1,0,8.64262866973877,4.928888888888888
1113,111.3,-651.6766491858499,393.6591152922957,-964.3629722255258,306.24190018107765,-1.768192091759344,15050.599853384701,1,0,8.963027954101562,5.003055555555555
1114,111.4,-651.3624141568588,393.269497073921,-965.2257431172837,306.0693458186805,-1.768192091759344,15140.398660480885,1,0,8.634115219116211,4.996944444444445
1115,111.5,-651.0281215728429,392.8687469079188,-966.0812374310808,305.8982467734278,-1.768192091759344,15232.15849524553,1,0,8.814614295959473,5.156944444444445
1116,111.6,-650.7205723955067,392.5013925879629,-966.9434970270789,305.7257946702917,-1.768192091759344,15324.012047416736,1,0,8.772100448608398,5.003888888888889
1117,111.7,-650.4263949215401,392.0338507267043,-967.8180768636806,305.5508785164067,-1.768192091759344,15419.13392685206,1,0,9.065898895263672,5.343055555555555
1118,111.8,-650.0921023374946,391.6664964075394,-968.7210738032087,305.3702789358746,-1.768192091759344,15517.696218719957,1,0,9.35169792175293,5.13611111111111
1119,111.901,-649.7778673084736,391.23235039311794,-969.6585083515963,305.18279182622433,-1.768192091759344,15620.143104553383,1,0,9.578984260559082,5.276944444444444
1120,112.001,-649.4435747244427,390.8538641247436,-970.6055227360565,304.993388747316,-1.768192091759344,15723.748202639044,1,0,9.736395835876465,5.236944444444445
1121,112.101,-649.1560831021609,390.3529264158567,-971.5699725630872,304.8004985761742,-1.768192091759344,15829.950230957516,1,0,9.934598922729492,5.56
1122,112.201,-648.8017329630611,389.95217624906354,-972.5582948756363,304.6028339028363,-1.768192091759344,15939.753858574119,1,0,10.22330093383789,5.3869444444444445
1123,112.301,-648.4874979341142,389.54029413306097,-973.5566569608615,304.40316127282154,-1.768192091759344,16049.200669567841,1,0,10.139370918273926,5.348888888888889
1124,112.401,-648.1665770533938,389.10614811863957,-974.5521313822984,304.2040661761804,-1.768192091759344,16159.465351991968,1,0,10.164403915405273,5.458055555555556
1125,112.5,-647.8189127660082,388.7053979518464,-975.5221289997718,304.01006644576665,-1.768192091759344,16265.49851674989,1,0,9.819583892822266,5.511111111111111
1126,112.601,-647.4645626268936,388.24898803979715,-976.5012767633539,303.81423668417926,-1.768192091759344,16375.625801380867,1,0,9.953460693359375,5.658055555555555
1127,112.7,-647.1302700428331,387.75918228091064,-977.4794733386761,303.6185971604467,-1.768192091759344,16486.756141266804,1,0,10.199442863464355,5.993055555555555
1128,112.8,-646.8026633104872,387.2805084696515,-978.4819890064268,303.41809381304074,-1.768192091759344,16600.093943636537,1,0,10.247945785522461,5.733055555555556
1129,112.9,-646.4282556163777,386.8352305068117,-979.4912079088732,303.21624981726575,-1.768192091759344,16714.95961307205,1,0,10.336162567138672,5.8711111111111105
1130,113.0,-646.053847922253,386.3565566971346,-980.5166052191207,303.01117013647934,-1.768192091759344,16833.08134742439,1,0,10.577921867370605,6.073888888888889
1131,113.1,-645.6861260797837,385.86675093666605,-981.5689900147502,302.8006929528596,-1.768192091759344,16955.26741280231,1,0,10.886601448059082,6.038888888888888
1132,113.2,-645.3585193474377,385.3435493301513,-982.6363504223767,302.5872206436459,-1.768192091759344,17077.981830808647,1,0,10.883365631103516,6.15
1133,113.3,-644.9640540982589,384.88713941810204,-983.7215564781246,302.37017920100106,-1.768192091759344,17205.57985065569,1,0,11.250582695007324,5.981944444444444
1134,113.4,-644.6297615142281,384.31941001474956,-984.8331447872187,302.1478613020592,-1.768192091759344,17335.730842626817,1,0,11.421460151672363,6.553888888888889
1135,113.501,-644.2419821167192,383.8407362042815,-985.9801182056499,301.91846637370156,-1.768192091759344,17471.637766680127,1,0,11.740678787231445,6.286944444444445
1136,113.6,-643.9611763461221,383.2173470556729,-987.1208955124855,301.6903106689848,-1.768192091759344,17605.666423591065,1,0,11.76172924041748,6.428888888888888
1137,113.7,-643.6803705755251,382.5939579078553,-988.2896158741621,301.45656634733905,-1.768192091759344,17745.609369381527,1,0,12.075583457946777,6.566111111111112
1138,113.8,-643.3260204364549,382.0484924029217,-989.4599100074597,301.22250727103335,-1.768192091759344,17882.65507646428,1,0,11.793828010559082,6.546944444444445
1139,113.9,-642.9917278524093,381.447367152732,-990.6465628463594,300.98517645011765,-1.768192091759344,18028.284481536317,1,0,12.409236907958984,6.803055555555555
1140,114.0,-642.5237182347425,380.9798252906823,-991.8868115443611,300.7371264459485,-1.768192091759344,18180.333290754334,1,0,12.88697338104248,6.721111111111111
1141,114.1,-642.1292529855637,380.43435978653963,-993.1758101772555,300.4793264444015,-1.768192091759344,18339.50773121829,1,0,13.403544425964355,6.683888888888889
1142,114.2,-641.7347877363998,379.8777623323966,-994.5088791380729,300.2127123678689,-1.768192091759344,18504.074173243836,1,0,13.785835266113281,6.758055555555556
1143,114.3,-641.3336366355659,379.31003292904416,-995.8830813401061,299.93787163431864,-1.768192091759344,18675.306320853855,1,0,14.242501258850098,6.876944444444445
1144,114.407,-640.9525430897119,378.7645674233196,-997.3787275251395,299.63874207826194,-1.768192091759344,18859.25233141118,1,0,14.267141342163086,6.709999999999999
1145,114.5,-640.5580778405778,378.2079699699675,-998.6768725925143,299.37911278786777,-1.768192091759344,19019.254790622923,1,0,14.202825546264648,6.709999999999999
1146,114.6,-640.1636125914137,377.6513725166154,-1000.0863149254695,299.09722402061567,-1.768192091759344,19197.322614355744,1,0,14.544271469116211,6.793055555555555
1147,114.701,-639.7557756388654,377.09477506247237,-1001.5553050467053,298.8034256830048,-1.768192091759344,19385.969774830253,1,0,15.12071704864502,6.953888888888889
1148,114.8,-639.3746820930561,376.51591370991054,-1003.0326525797825,298.5079558612428,-1.768192091759344,19573.7961090983,1,0,15.315744400024414,6.948055555555555
1149,114.9,-638.9668451405374,375.94818430734904,-1004.5095940888526,298.21256724436887,-1.768192091759344,19756.97234619925,1,0,14.80807113647461,6.9961111111111105
1150,115.0,-638.5723798913585,375.3470590571593,-1005.9675008540111,297.92098558033774,-1.768192091759344,19944.200301401946,1,0,14.927510261535645,7.1450000000000005
1151,115.1,-638.1645429388102,374.7793296530159,-1007.4239006175844,297.6297053169451,-1.768192091759344,20130.238721866543,1,0,14.777334213256836,7.028055555555555
1152,115.2,-637.776763541331,374.15594050519826,-1008.8577868622566,297.3429277621353,-1.768192091759344,20313.327991274706,1,0,14.46832275390625,7.266111111111111
1153,115.3,-637.388984143837,373.5548152550086,-1010.2595550830447,297.06257381895364,-1.768192091759344,20493.201157011557,1,0,14.122252464294434,7.1211111111111105
1154,115.4,-637.0212623013824,372.9202941579815,-1011.6346431102419,296.7875559201816,-1.768192091759344,20671.94065165142,1,0,13.924151420593262,7.308055555555556
1155,115.5,-636.6535404589574,372.2523772125353,-1013.0250944645194,296.5094653527162,-1.768192091759344,20859.402000866718,1,0,14.435604095458984,7.538055555555555
1156,115.6,-636.2724469131334,371.66238391234594,-1014.4456837464003,296.2253471933011,-1.768192091759344,21048.75039728049,1,0,14.538846969604492,7.093055555555555
1157,115.7,-635.958211884142,370.93880722164363,-1015.8706570328924,295.9403522320286,-1.768192091759344,21238.907517414256,1,0,14.525020599365234,7.6130555555555555
1158,115.8,-635.5771183383329,370.3265500222445,-1017.2749058446853,295.6595021701168,-1.768192091759344,21424.300612941242,1,0,14.116148948669434,7.3661111111111115
1159,115.9,-635.2361399026024,369.62523722996093,-1018.6165399329416,295.3911750662693,-1.768192091759344,21599.027306557477,1,0,13.247925758361816,7.688055555555556
1160,116.0,-634.8550463567784,368.990716132934,-1019.9303674339303,295.128409285807,-1.768192091759344,21780.01347526075,1,0,13.549003601074219,7.441944444444444
1161,116.101,-634.4605811076143,368.3450630859066,-1021.2753631232443,294.8594098610308,-1.768192091759344,21964.477465572993,1,0,13.612024307250977,7.543055555555556
1162,116.201,-634.0928592651597,367.6994100396701,-1022.6258279228363,294.58931661303245,-1.768192091759344,22152.7489836958,1,0,13.932162284851074,7.441111111111111
1163,116.301,-633.7184515710502,367.02036114659643,-1024.0015860350386,294.31416469711644,-1.768192091759344,22344.639335655538,1,0,14.127908706665039,7.688055555555556
1164,116.401,-633.3373580252409,366.37470809877806,-1025.3737576892022,294.0397300735732,-1.768192091759344,22533.4554283604,1,0,13.859012603759766,7.531111111111111
1165,116.501,-632.9495786277616,365.6956592057044,-1026.7638642052332,293.76170847383065,-1.768192091759344,22733.140384283244,1,0,14.493709564208984,7.731944444444444
1166,116.601,-632.548427526898,365.0277422610491,-1028.1534919688834,293.4837826246664,-1.768192091759344,22923.57704124436,1,0,13.849247932434082,7.803888888888889
1167,116.701,-632.160648129404,364.38208921402173,-1029.4699056398276,293.22049960966126,-1.768192091759344,23103.541673511034,1,0,13.000429153442383,7.59
1168,116.8,-631.739439473501,363.69190837094766,-1030.7260332815513,292.9692738133604,-1.768192091759344,23281.583599504393,1,0,12.878437995910645,8.06611111111111
1169,116.9,-631.3316025209972,363.03512337550177,-1031.9935234529155,292.7157755087076,-1.768192091759344,23463.80632001691,1,0,12.97339153289795,7.79111111111111
1170,117.0,-630.9170797167492,362.4006022776838,-1033.2636348157737,292.4617529651969,-1.768192091759344,23646.349511111606,1,0,12.931900024414062,7.665
1171,117.101,-630.502556912516,361.7104214346097,-1034.559445254809,292.2025906009687,-1.768192091759344,23836.16597572009,1,0,13.23587417602539,7.9030555555555555
1172,117.2,-630.0612907016032,361.0202405915356,-1035.860814714558,291.9423164314118,-1.768192091759344,24028.08994713481,1,0,13.575069427490234,8.136944444444445
1173,117.302,-629.6467678973997,360.31892780004307,-1037.1966079012645,291.67515750912025,-1.768192091759344,24220.08515300385,1,0,13.135659217834473,8.11888888888889
1174,117.401,-629.1988158347723,359.6398789061784,-1038.4849674677632,291.41748532098876,-1.768192091759344,24411.62782204561,1,0,13.40725326538086,8.174999999999999
1175,117.501,-628.7642354755147,358.9051702670576,-1039.77779495076,291.15891954860456,-1.768192091759344,24599.360351330302,1,0,12.961358070373535,8.398055555555555
1176,117.601,-628.2761683028084,358.2372533216114,-1041.0529923855206,290.9038797896284,-1.768192091759344,24789.545629689168,1,0,13.047669410705566,8.348888888888888
1177,117.7,-627.8549596469202,357.513676632491,-1042.3314996951347,290.64817805497546,-1.768192091759344,24982.40768059599,1,0,13.292265892028809,8.338055555555556
1178,117.8,-627.3535207708444,356.80123189099805,-1043.6639686607816,290.3816839776049,-1.768192091759344,25187.150106841487,1,0,13.884876251220703,8.584999999999999
1179,117.901,-626.8520818947836,356.14444689476124,-1045.0390505061393,290.10666731520206,-1.768192091759344,25394.690692889308,1,0,13.883715629577637,8.373888888888889
1180,118.001,-626.3506430187226,355.44313410326873,-1046.4053315749265,289.83341080999065,-1.768192091759344,25602.848545505363,1,0,13.983060836791992,8.528055555555556
1181,118.1,-625.8558899943464,354.74182131098524,-1047.7185673297433,289.57076337888896,-1.768192091759344,25796.058098101024,1,0,13.07235336303711,8.543888888888889
1182,118.2,-625.2742208981127,354.1073002139582,-1048.9903098359555,289.31641460635944,-1.768192091759344,25989.63714050093,1,0,12.866207122802734,8.54111111111111
1183,118.301,-624.7126093569036,353.4727791161402,-1050.2657945034414,289.06131740077694,-1.768192091759344,26186.545008439192,1,0,12.891105651855469,8.43
1184,118.401,-624.1576836674092,352.80486217148496,-1051.5332328204847,288.8078294669994,-1.768192091759344,26383.520448011677,1,0,12.95966625213623,8.695
1185,118.5,-623.5760145711754,352.14807717524815,-1052.79213389032,288.5560489844846,-1.768192091759344,26579.74671405194,1,0,12.976339340209961,8.696111111111112
1186,118.6,-623.0144030299814,351.4912921798023,-1054.0609519811694,288.30228509565154,-1.768192091759344,26777.81588991675,1,0,12.90257453918457,8.655
1187,118.7,-622.4394197854176,350.85677108277525,-1055.3351240189472,288.04745041629064,-1.768192091759344,26979.67614533295,1,0,13.085538864135742,8.479999999999999
1188,118.8,-621.9045516509477,350.23338193416674,-1056.6049719020061,287.793480568796,-1.768192091759344,27178.37334913948,1,0,12.81437873840332,8.256944444444445
1189,118.9,-621.3295684064135,349.6211247347676,-1057.8742191352867,287.53963085138514,-1.768192091759344,27382.030452995034,1,0,13.073287963867188,8.256111111111112
1190,119.0,-620.7813285685593,349.03113143378727,-1059.1499900535857,287.28447639557896,-1.768192091759344,27584.760393840537,1,0,12.947436332702637,8.063888888888888
1191,119.1,-620.2330887307346,348.4745339796442,-1060.4189583302586,287.0306824695491,-1.768192091759344,27788.281890537957,1,0,12.934540748596191,7.891944444444444
1192,119.201,-619.691534744565,347.87340872945447,-1061.6654011348846,286.7813936427338,-1.768192091759344,27984.06978288784,1,0,12.236296653747559,8.011944444444445
1193,119.3,-619.1366090550705,347.3279432245209,-1062.881076693095,286.5382582717648,-1.768192091759344,28185.33649219344,1,0,12.809172630310059,7.746944444444444
1194,119.4,-618.6017409206154,346.7602138211684,-1064.158948529645,286.28268363186027,-1.768192091759344,28396.799929025365,1,0,13.254402160644531,7.7749999999999995
1195,119.5,-618.053501082761,346.23701221465365,-1065.4582311508304,286.0228268304613,-1.768192091759344,28609.229390094995,1,0,13.245868682861328,7.536944444444445
1196,119.601,-617.5453763550153,345.71381060813883,-1066.7557180409906,285.7633291756505,-1.768192091759344,28820.22276594422,1,0,12.95576000213623,7.361111111111111
1197,119.701,-616.9837648138656,345.20174095004245,-1068.0107207193569,285.5123283722611,-1.768192091759344,29025.127030255568,1,0,12.641373634338379,7.561944444444445
1198,119.801,-616.4622683827207,344.7008032411556,-1069.2512479999043,285.26422265152337,-1.768192091759344,29231.18648001611,1,0,12.660518646240234,7.208055555555556
1199,119.9,-615.9340860999207,344.1887335838502,-1070.480071581176,285.01845767313745,-1.768192091759344,29436.06917739491,1,0,12.655827522277832,7.348888888888888
1200,120.001,-615.419275520505,343.6989278241727,-1071.7560447472235,284.7632627677384,-1.768192091759344,29653.36789432287,1,0,13.111350059509277,7.106944444444444
1201,120.1,-614.8977790894047,343.1979901160767,-1073.0255684346375,284.50935775944185,-1.768192091759344,29866.49745434099,1,0,13.043503761291504,7.203055555555555
1202,120.2,-614.3762826582895,342.73044825481804,-1074.2797276035844,284.2585256581163,-1.768192091759344,30074.68480546195,1,0,12.536425590515137,7.016111111111112
1203,120.3,-613.8748437822137,342.22951054672205,-1075.5048733215372,284.0134962531787,-1.768192091759344,30282.238831088016,1,0,12.451743125915527,7.011944444444444
1204,120.4,-613.3533473511281,341.7619686846724,-1076.722732034556,283.7699242507823,-1.768192091759344,30489.661152890978,1,0,12.387799263000488,7.096111111111111
1205,120.5,-612.8184792166581,341.29442682341374,-1077.9469472269566,283.52508095115365,-1.768192091759344,30701.056702305177,1,0,12.581390380859375,7.048888888888889
1206,120.6,-612.3036686372425,340.8268849621551,-1079.1623555544627,283.28199902638255,-1.768192091759344,30907.60464717646,1,0,12.208173751831055,6.976944444444444
1207,120.7,-611.8089156128367,340.34821115168694,-1080.3489039365973,283.04468909684215,-1.768192091759344,31111.347916968753,1,0,11.99276065826416,6.916111111111112
1208,120.801,-611.294105033421,339.86953734121886,-1081.5407637801852,282.806316873878,-1.768192091759344,31319.12051066501,1,0,12.075820922851562,6.918888888888889
1209,120.901,-610.7726086023207,339.4131274291696,-1082.7240418332826,282.56966101084265,-1.768192091759344,31525.549049197954,1,0,12.058411598205566,6.953888888888889
1210,121.001,-610.2444263195207,338.92332166949205,-1083.9043299166824,282.3336031423846,-1.768192091759344,31732.156269656614,1,0,12.014837265014648,7.14111111111111
1211,121.101,-609.7162440367355,338.4557798082334,-1085.1141802932916,282.09163280897855,-1.768192091759344,31950.04872499786,1,0,12.66136646270752,7.0569444444444445
1212,121.201,-609.1880617539355,337.95484210013745,-1086.3600607726435,281.842456447338,-1.768192091759344,32171.009645702423,1,0,12.749710083007812,7.27
1213,121.301,-608.666565322835,337.48730023808776,-1087.6278224661362,281.5889038382016,-1.768192091759344,32398.991858755806,1,0,13.107657432556152,7.055000000000001
1214,121.401,-608.1049537816259,337.0086264276197,-1088.8856582887793,281.3373364053525,-1.768192091759344,32618.957760592595,1,0,12.547261238098145,7.243055555555555
1215,121.501,-607.563399795501,336.5299526171516,-1090.1464069776262,281.08518639864127,-1.768192091759344,32849.81579068646,1,0,13.167068481445312,7.226111111111111
1216,121.601,-607.0485892160705,336.00675101142775,-1091.4296918628727,280.82852914784274,-1.768192091759344,33079.515029251175,1,0,13.006911277770996,7.3469444444444445
1217,121.701,-606.4736059715216,335.56147304779694,-1092.7208298488704,280.5703012752187,-1.768192091759344,33315.59960397059,1,0,13.327240943908691,7.248888888888889
1218,121.801,-605.9387378370368,335.0494033904916,-1094.008849889268,280.3126969923798,-1.768192091759344,33546.45145152278,1,0,12.943317413330078,7.4111111111111105
1219,121.901,-605.3704404441727,334.5595976300231,-1095.2887684051034,280.05671301618156,-1.768192091759344,33781.807370929346,1,0,13.162001609802246,7.428055555555555
1220,122.0,-604.7887713479093,334.06979187113654,-1096.560681821567,279.8023300615653,-1.768192091759344,34013.992827972834,1,0,13.042085647583008,7.543888888888889
1221,122.1,-604.2137881033754,333.57998611145905,-1097.839691554194,279.54652784220264,-1.768192091759344,34249.54498680133,1,0,13.044697761535645,7.581944444444445
1222,122.201,-603.6321190071416,333.10131230099097,-1099.12853833856,279.2887582103937,-1.768192091759344,34487.459026631645,1,0,12.982451438903809,7.516111111111112
1223,122.301,-603.0638216142331,332.600374592104,-1100.4237942776947,279.0297067462639,-1.768192091759344,34731.87259937032,1,0,13.435690879821777,7.553888888888889
1224,122.4,-602.4687808146891,332.0883049347986,-1101.7241587319738,278.76963357801543,-1.768192091759344,34973.88690126258,1,0,13.354547500610352,7.793055555555555
1225,122.5,-601.8536824600317,331.6096311243305,-1103.0948943160263,278.49548616880077,-1.768192091759344,35241.79846044557,1,0,14.603083610534668,7.79611111111111
1226,122.6,-601.2853850671528,331.08642951781576,-1104.5213534228524,278.2101940431445,-1.768192091759344,35509.42080771673,1,0,14.4910888671875,7.683888888888888
1227,122.7,-600.6836584158945,330.5854918081379,-1105.9401359861097,277.92643722783953,-1.768192091759344,35777.54370310872,1,0,14.446512222290039,7.803055555555556
1228,122.801,-600.0886176162763,330.0845541000419,-1107.3049419355364,277.65347574681493,-1.768192091759344,36025.603060265945,1,0,13.114566802978516,7.7619444444444445
1229,122.901,-599.4735192616338,329.57248444273654,-1108.57253647015,277.39995656949,-1.768192091759344,36264.86495723079,1,0,12.739391326904297,7.933888888888889
1230,123.001,-598.9119077204545,329.0381508870123,-1109.812211778129,277.1520212434477,-1.768192091759344,36501.354662416416,1,0,12.545124053955078,7.758055555555555
1231,123.101,-598.3703537342997,328.4704214836599,-1111.0001283849108,276.914437668686,-1.768192091759344,36723.862171721055,1,0,11.683716773986816,7.851111111111111
1232,123.201,-597.7819987863812,327.9472198771451,-1112.1395678413871,276.68654953432645,-1.768192091759344,36943.62707943196,1,0,11.556380271911621,7.9030555555555555
1233,123.301,-597.2070155418472,327.4017543722114,-1113.271761673519,276.4601105263814,-1.768192091759344,37163.63594947716,1,0,11.535934448242188,7.876944444444444
1234,123.401,-596.5584879287808,326.9008166633245,-1114.409226130307,276.23261739238086,-1.768192091759344,37386.610435350296,1,0,11.663880348205566,8.121944444444445
1235,123.501,-595.9634471291923,326.37761505680976,-1115.5687290942342,276.0007165522512,-1.768192091759344,37616.21765459808,1,0,11.985433578491211,7.938055555555556
1236,123.601,-595.4085214396681,325.76535785741055,-1116.7362161740675,275.7672188872372,-1.768192091759344,37844.65056410822,1,0,11.826725006103516,8.196944444444444
1237,123.701,-594.8001089367102,325.21989235326794,-1117.9378105385802,275.5268997580116,-1.768192091759344,38088.59121278858,1,0,12.6810884475708,8.219999999999999
1238,123.801,-594.2518690989152,324.6187671022872,-1119.1606772380949,275.2823261572477,-1.768192091759344,38327.64194503907,1,0,12.260597229003906,8.128888888888888
1239,123.901,-593.6702000026817,324.0287738013069,-1120.38501110161,275.0374591233708,-1.768192091759344,38574.94270164061,1,0,12.711012840270996,8.248055555555556
1240,124.0,-593.035044092955,323.4610443979544,-1121.6025042426024,274.7939602354577,-1.768192091759344,38815.529082556866,1,0,12.371902465820312,8.466944444444445
1241,124.1,-592.4266315900119,322.88218304618357,-1122.8241385954284,274.54963310429446,-1.768192091759344,39062.06639372551,1,0,12.544648170471191,8.303888888888888
1242,124.2,-591.7781039769602,322.35898143966875,-1124.0638480833068,274.301690942265,-1.768192091759344,39313.43961529422,1,0,12.740564346313477,8.36611111111111
1243,124.3,-591.1696914740024,321.75785618868804,-1125.3193837062609,274.05058354984436,-1.768192091759344,39568.4847130037,1,0,12.867439270019531,8.405000000000001
1244,124.401,-590.5479072676897,321.22352263296386,-1126.5833396376825,273.79779209393405,-1.768192091759344,39823.52605345163,1,0,12.657060623168945,8.268888888888888
1245,124.5,-589.9662381714412,320.61126543356465,-1127.8059658009477,273.55326660047143,-1.768192091759344,40071.92164020933,1,0,12.53160572052002,8.398055555555555
1246,124.6,-589.3511398168134,320.0546679802126,-1129.0311113318694,273.3082372329401,-1.768192091759344,40322.27143147286,1,0,12.456559181213379,8.243055555555555
1247,124.701,-588.7026122037616,319.5425983221163,-1130.2705569990846,273.06034783509955,-1.768192091759344,40578.13100591612,1,0,12.572977066040039,8.26388888888889
1248,124.801,-588.0875138491191,318.99713281718266,-1131.500294045416,272.8144001635068,-1.768192091759344,40831.54534297139,1,0,12.50883674621582,8.153888888888888
1249,124.901,-587.4389862360673,318.5073270575051,-1132.723042260847,272.56985025958494,-1.768192091759344,41084.42704390201,1,0,12.430432319641113,8.121944444444445
1250,125.0,-586.8172020297696,317.98412545099035,-1133.917263769028,272.3310057031984,-1.768192091759344,41330.96320114984,1,0,12.173038482666016,8.10388888888889
1251,125.1,-586.2221612301665,317.4831877428944,-1135.122727756382,272.08991264857906,-1.768192091759344,41584.82020306394,1,0,12.413700103759766,7.813055555555555
1252,125.203,-585.5803194687995,316.9933819832169,-1136.3533268698077,271.8437925633835,-1.768192091759344,41839.37666448376,1,0,11.954646110534668,8.008055555555556
1253,125.301,-585.0187079276053,316.48131232512054,-1137.5433104262856,271.6057955982416,-1.768192091759344,42096.962926239976,1,0,12.811678886413574,7.566111111111112
1254,125.401,-584.4370388313716,316.00263851465246,-1138.7667545369877,271.3611065151171,-1.768192091759344,42350.16965115202,1,0,12.141783714294434,7.485
1255,125.501,-583.8419980317685,315.5350966533938,-1139.9316339383104,271.1281303863615,-1.768192091759344,42593.40184671127,1,0,11.617188453674316,7.578888888888889
1256,125.601,-583.2603289355349,315.08981869055395,-1141.070218008904,270.90041332936096,-1.768192091759344,42835.98530460677,1,0,11.605462074279785,7.233055555555556
1257,125.701,-582.6719739876164,314.63340877850464,-1142.228836410126,270.66868940196105,-1.768192091759344,43087.08397183534,1,0,12.025810241699219,7.441944444444444
1258,125.801,-582.117048298107,314.18813081487383,-1143.3967035835333,270.43511571815117,-1.768192091759344,43335.9879579218,1,0,11.794100761413574,7.181111111111111
1259,125.901,-581.5621226085829,313.7539848012434,-1144.5683582732108,270.2007845302793,-1.768192091759344,43590.90049960748,1,0,12.103060722351074,6.968055555555556
1260,126.0,-581.0071969190882,313.3087068376126,-1145.7352165621269,269.96741262358285,-1.768192091759344,43841.94509606808,1,0,11.936670303344727,7.126944444444444
1261,126.1,-580.4723287846034,312.8856927731916,-1146.915707714341,269.7313141413187,-1.768192091759344,44099.843423020655,1,0,12.14072036743164,6.773888888888888
1262,126.2,-579.9307747984784,312.473810657189,-1148.097572468341,269.4949409384043,-1.768192091759344,44355.9639898667,1,0,11.964686393737793,6.741944444444444
1263,126.3,-579.4025925157081,312.07306049039585,-1149.2865671213078,269.2571417541756,-1.768192091759344,44618.60050923413,1,0,12.286142349243164,6.646111111111111
1264,126.4,-578.8744102329081,311.6723103228117,-1150.5022333644438,269.0140082462235,-1.768192091759344,44887.29291091902,1,0,12.508682250976562,6.595
1265,126.5,-578.3662855051474,311.28269210522797,-1151.734910256188,268.76747260492107,-1.768192091759344,45159.94952135285,1,0,12.633092880249023,6.383055555555555
1266,126.6,-577.8447890740471,310.8819419392258,-1152.9584558779184,268.52276321956924,-1.768192091759344,45428.018078752444,1,0,12.322440147399902,6.521111111111111
1267,126.7,-577.3366643462865,310.5034556700605,-1154.1632435147317,268.2818054352023,-1.768192091759344,45694.973298528246,1,0,12.250503540039062,6.3630555555555555
1268,126.8,-576.8285396185408,310.11383745168575,-1155.350809532066,268.04429197840483,-1.768192091759344,45957.44054708477,1,0,11.971186637878418,6.381944444444445
1269,126.9,-576.3137290391401,309.72421923410207,-1156.5328730064116,267.8078790313789,-1.768192091759344,46223.278795622566,1,0,12.138273239135742,6.331111111111111
1270,127.0,-575.7989184596946,309.34573296572773,-1157.7254059569566,267.5693721868798,-1.768192091759344,46491.462904504544,1,0,12.184722900390625,6.393888888888889
1271,127.101,-575.2774220285794,308.956114748144,-1158.9421027694152,267.3260325648433,-1.768192091759344,46767.3616043764,1,0,12.385419845581055,6.3838888888888885
1272,127.201,-574.762611449149,308.56649653056024,-1160.15733781278,267.0829852969374,-1.768192091759344,47042.41793475237,1,0,12.400609970092773,6.378055555555555
1273,127.3,-574.2478008697334,308.1768783121855,-1161.3655279758207,266.8413470065992,-1.768192091759344,47317.528777525105,1,0,12.490644454956055,6.416111111111111
1274,127.4,-573.7263044386182,307.77612814539236,-1162.5875241867066,266.59694750374683,-1.768192091759344,47595.57896502831,1,0,12.433286666870117,6.543055555555555
1275,127.5,-573.2114938591876,307.37537797859926,-1163.8091487671672,266.3526223270587,-1.768192091759344,47875.49469691719,1,0,12.483064651489258,6.461111111111111
1276,127.6,-572.689997428117,306.96349586259663,-1165.019291660125,266.1105934903205,-1.768192091759344,48151.04084858109,1,0,12.199105262756348,6.631944444444445
1277,127.701,-572.1685009969572,306.55161374659406,-1166.2218024630213,265.8700910732227,-1.768192091759344,48427.31285913135,1,0,12.084563255310059,6.6480555555555565
1278,127.801,-571.640318714157,306.12859968138207,-1167.4000782808234,265.63443565831346,-1.768192091759344,48698.82705091486,1,0,11.947643280029297,6.711944444444445
1279,127.9,-571.0920788763473,305.69445366775165,-1168.5673225370192,265.4009865580788,-1.768192091759344,48971.11905891439,1,0,12.1000394821167,6.941111111111112
1280,128.0,-570.5438390385227,305.26030765333024,-1169.7474019406773,265.16497042561366,-1.768192091759344,49245.052352248495,1,0,11.968953132629395,6.968055555555556
1281,128.1,-569.9955992006832,304.8150296904904,-1170.9150506619774,264.93144043227176,-1.768192091759344,49517.155190275036,1,0,11.846502304077148,7.058055555555555
1282,128.2,-569.4540452145582,304.380883676069,-1172.0651624296788,264.7014178333906,-1.768192091759344,49785.23551149114,1,0,11.611268043518066,6.956111111111111
1283,128.3,-568.8857478216643,303.9244737640197,-1173.1921314129709,264.47602379632815,-1.768192091759344,50048.84965268582,1,0,11.374480247497559,7.208055555555556
1284,128.4,-568.3308221321549,303.46806385197044,-1174.28797569356,264.2568547064458,-1.768192091759344,50304.85584340404,1,0,10.976446151733398,7.186111111111111
1285,128.5,-567.7625247392908,303.0005219907118,-1175.3604194611405,264.04236572415687,-1.768192091759344,50558.644603127905,1,0,10.897201538085938,7.291944444444445
1286,128.6,-567.1808556430572,302.53298012866213,-1176.4360820774991,263.8272329714257,-1.768192091759344,50815.7035199452,1,0,11.042098045349121,7.408055555555555
1287,128.7,-566.6058723984934,302.054306318985,-1177.5218736335216,263.6100744286011,-1.768192091759344,51075.37523053163,1,0,11.103792190551758,7.42
1288,128.801,-566.0308891539446,301.5756325085169,-1178.6281667486433,263.38881556958324,-1.768192091759344,51341.35088822345,1,0,11.23684310913086,7.431944444444444
1289,128.9,-565.4492200577108,301.0858267488394,-1179.7571409464674,263.1630204891866,-1.768192091759344,51618.87540285115,1,0,12.022396087646484,7.608055555555556
1290,129.0,-564.8608651097925,300.60715293916223,-1180.9267497517405,262.929098478632,-1.768192091759344,51899.22865690498,1,0,11.833037376403809,7.573055555555555
1291,129.1,-564.2658243101893,300.12847912790323,-1182.07177296938,262.7000935908487,-1.768192091759344,52173.67888256452,1,0,11.520946502685547,7.601111111111111
1292,129.2,-563.69084106567,299.63867336822574,-1183.1951981376815,262.4754083175403,-1.768192091759344,52445.3530386524,1,0,11.392521858215332,7.541944444444444
1293,129.3,-563.0958002660371,299.1599995577576,-1184.3201893158216,262.25040984193015,-1.768192091759344,52720.61289614927,1,0,11.552886962890625,7.598888888888889
1294,129.4,-562.5074453181187,298.6701937988711,-1185.4662810410694,262.0211912523973,-1.768192091759344,53002.83861700156,1,0,11.822890281677246,7.628888888888889
1295,129.5,-561.9057186668457,298.18038803919353,-1186.6631389879722,261.78181940770395,-1.768192091759344,53302.72192052059,1,0,12.588318824768066,7.706944444444445
1296,129.6,-561.3173637189273,297.69058227872506,-1187.9062824101788,261.53319045807626,-1.768192091759344,53610.067879593524,1,0,12.766932487487793,7.678055555555555
1297,129.7,-560.7223229193388,297.2007765206295,-1189.1931608138807,261.2758145028201,-1.768192091759344,53934.25254192895,1,0,13.480340957641602,7.651111111111111
1298,129.801,-560.1205962680509,296.710970760161,-1190.5547635652763,261.003493662085,-1.768192091759344,54276.73330245143,1,0,14.01605224609375,7.76
1299,129.901,-559.518869616763,296.22116500127447,-1191.9557330237913,260.72329947152843,-1.768192091759344,54630.58695295232,1,0,14.558231353759766,7.791944444444444
1300,130.001,-558.9171429655047,295.7313592415969,-1193.4259064451965,260.42926447363124,-1.768192091759344,55006.82823497249,1,0,15.427541732788086,7.699999999999999
1301,130.101,-558.3221021659015,295.2415534819194,-1194.9153713571995,260.13137117349925,-1.768192091759344,55375.271671186594,1,0,14.951702117919922,7.6819444444444445
1302,130.201,-557.740433069653,294.75174772224193,-1196.5086218739268,259.81272073028293,-1.768192091759344,55806.09965635077,1,0,17.544361114501953,7.573888888888888
1303,130.301,-557.1587639734341,294.28420586098326,-1198.183114691804,259.4778218095061,-1.768192091759344,56218.474894062434,1,0,16.608726501464844,7.50611111111111
1304,130.401,-556.5704090255158,293.8055320505152,-1199.8406258508646,259.1463192241151,-1.768192091759344,56646.84914420439,1,0,17.198001861572266,7.515
1305,130.5,-556.0021116326517,293.32685824004705,-1201.4943165014013,258.8155807412438,-1.768192091759344,57065.30627386742,1,0,16.871498107910156,7.395
1306,130.6,-555.4338142397726,292.8704483287887,-1203.1152229987529,258.49139909600314,-1.768192091759344,57473.33246524221,1,0,16.18863868713379,7.32
1307,130.7,-554.8655168468788,292.4029064667391,-1204.6646294482048,258.18151747559466,-1.768192091759344,57864.18468105092,1,0,15.413177490234375,7.343055555555555
1308,130.8,-554.3105911573695,291.9464965546898,-1206.181591551587,257.8781247313211,-1.768192091759344,58258.32881035665,1,0,15.526901245117188,7.204999999999999
1309,130.9,-553.7556654678748,291.501218591059,-1207.674794276395,257.57948386783073,-1.768192091759344,58640.289794653945,1,0,14.928579330444336,7.130000000000001
1310,131.0,-553.2074256300355,291.03367672980033,-1209.158376785624,257.2827670495084,-1.768192091759344,59032.172996486,1,0,15.330686569213867,7.116111111111111
1311,131.1,-552.6658716438807,290.58839876775147,-1210.6429845983203,256.9858451702738,-1.768192091759344,59417.524869208115,1,0,14.949491500854492,7.0
1312,131.201,-552.1243176577408,290.1653847017485,-1212.103086492006,256.69382448006894,-1.768192091759344,59797.84324511945,1,0,14.536006927490234,6.946944444444444
1313,131.301,-551.5894495232708,289.7312386881181,-1213.53134193724,256.40817308634786,-1.768192091759344,60176.269935586075,1,0,14.594803810119629,6.833888888888889
1314,131.401,-551.0746389438551,289.28596072448727,-1214.9305226788565,256.1283366395525,-1.768192091759344,60541.251402909584,1,0,13.942996978759766,6.793055555555555
1315,131.501,-550.5598283644248,288.8629466592753,-1216.2719090914254,255.86005907089532,-1.768192091759344,60893.79822260483,1,0,13.41602611541748,6.671944444444444
1316,131.601,-550.0316460816396,288.4399325948542,-1217.593728189557,255.5956949692997,-1.768192091759344,61248.84984315798,1,0,13.543900489807129,6.743055555555555
1317,131.7,-549.5302072055638,288.02805047885164,-1218.8994759106652,255.33454514653707,-1.768192091759344,61597.84519026421,1,0,13.357244491577148,6.518055555555556
1318,131.801,-549.0220824778032,287.6161683628491,-1220.2222509602664,255.06998985444358,-1.768192091759344,61954.506343126115,1,0,13.355056762695312,6.54
1319,131.901,-548.5139577500576,287.20428624684655,-1221.5352241975584,254.80739492690284,-1.768192091759344,62310.49970594986,1,0,13.42444896697998,6.526111111111111
1320,132.001,-548.0192047256517,286.80353608005333,-1222.8470348506921,254.54503251644178,-1.768192091759344,62665.90426125442,1,0,13.331344604492188,6.418055555555555
1321,132.102,-547.5244517013052,286.3916539640508,-1224.1505162850242,254.2843359515178,-1.768192091759344,63018.01994113277,1,0,12.991338729858398,6.416111111111111
1322,132.201,-547.0363845286287,285.99090379725766,-1225.398426036227,254.03475373507416,-1.768192091759344,63356.90412922739,1,0,12.718222618103027,6.28
1323,132.301,-546.5550032076072,285.61241752809235,-1226.6535933017972,253.7837200142089,-1.768192091759344,63703.017796892054,1,0,12.882267951965332,6.228888888888888
1324,132.404,-546.080307738226,285.2227993105086,-1228.0200895791077,253.51042046724697,-1.768192091759344,64092.12274489246,1,0,14.177116394042969,6.1611111111111105
1325,132.5,-545.6056122688892,284.82204914371545,-1229.348647887331,253.24470852219537,-1.768192091759344,64458.06138855715,1,0,14.049321174621582,6.141944444444444
1326,132.6,-545.1376026512224,284.45469482455053,-1230.7162164769263,252.97119451254775,-1.768192091759344,64835.42973664068,1,0,13.84371566772461,6.0569444444444445
1327,132.7,-544.6629071819007,284.0762085553853,-1232.069160371276,252.700605445069,-1.768192091759344,65211.29479003279,1,0,13.7510347366333,6.011111111111111
1328,132.8,-544.1948975642488,283.70885423622036,-1233.413125706353,252.43181209136003,-1.768192091759344,65586.06756491541,1,0,13.660588264465332,5.9911111111111115
1329,132.9,-543.7402596499218,283.34149991626447,-1234.7614610187222,252.16214474126045,-1.768192091759344,65966.13406744646,1,0,13.840165138244629,5.856111111111111
1330,133.0,-543.2722500322699,282.97414559630863,-1236.1155276128875,251.89133113357906,-1.768192091759344,66346.75835429352,1,0,13.777483940124512,5.916944444444444
1331,133.1,-542.8109262662879,282.60679127714366,-1237.4759768240049,251.6192410011457,-1.768192091759344,66733.16241353647,1,0,13.970345497131348,5.94388888888889
1332,133.2,-542.3429166486212,282.2283050079784,-1238.8317755114595,251.34808097443693,-1.768192091759344,67114.79121475716,1,0,13.682631492614746,5.933055555555556
1333,133.3,-541.8882787343239,281.86095068960446,-1240.2264013957254,251.06915550008333,-1.768192091759344,67523.01321419599,1,0,14.76226806640625,5.928888888888889
1334,133.4,-541.4269549683419,281.4824644196482,-1241.7023306934916,250.77396932568607,-1.768192091759344,67951.04442395557,1,0,15.340902328491211,5.954999999999999
1335,133.5,-540.95894535069,281.11511009969234,-1243.2201860097582,250.47039793864514,-1.768192091759344,68389.49969642618,1,0,15.61739444732666,5.938055555555555
1336,133.6,-540.4842498813384,280.73662383210893,-1244.8012291590383,250.15418897152233,-1.768192091759344,68856.75196528838,1,0,16.62968635559082,6.008055555555556
1337,133.701,-540.0162402636865,280.34700561452524,-1246.4361418497563,249.82720608462054,-1.768192091759344,69326.52147249036,1,0,16.38596534729004,6.078055555555555
1338,133.801,-539.5415447943647,279.9573873961505,-1248.07839848697,249.498754406853,-1.768192091759344,69812.35915162099,1,0,17.109630584716797,6.12611111111111
1339,133.901,-539.0534776216435,279.5789011277762,-1249.8192437009166,249.15058499270808,-1.768192091759344,70336.93863132567,1,0,18.396785736083984,6.251111111111111
1340,134.001,-538.5654104489522,279.1670190117736,-1251.6574991968403,248.78293350138821,-1.768192091759344,70885.1968502578,1,0,19.096418380737305,6.315
1341,134.1,-538.0840291279159,278.75513689577105,-1253.470350107047,248.42036293263104,-1.768192091759344,71407.1874822842,1,0,18.252117156982422,6.3630555555555555
1342,134.2,-537.5959619551949,278.3543867289779,-1255.3420202654197,248.04602850169337,-1.768192091759344,71984.44165130272,1,0,19.92261505126953,6.348055555555556
1343,134.3,-537.0945230791339,277.9425046129753,-1257.1936795187867,247.6756962560256,-1.768192091759344,72505.66202895183,1,0,17.84397315979004,6.526944444444444
1344,134.4,-536.5797124997182,277.5194905477633,-1258.9387154408946,247.32668869935438,-1.768192091759344,73025.57259882704,1,0,17.74791717529297,6.68
1345,134.5,-536.0515302169331,277.09647648255134,-1260.6942968205108,246.975572048932,-1.768192091759344,73556.419687035,1,0,18.059059143066406,6.75111111111111
1346,134.6,-535.5233479341479,276.6400665705021,-1262.4794150571322,246.61854802080782,-1.768192091759344,74098.35843731738,1,0,18.350353240966797,6.938055555555556
1347,134.7,-534.9951656513479,276.19478860766225,-1264.2575865915665,246.2629133346029,-1.768192091759344,74630.85324420221,1,0,17.917373657226562,6.9719444444444445
1348,134.8,-534.4602975168779,275.738378694822,-1265.9948773765184,245.9154548070151,-1.768192091759344,75153.92935184031,1,0,17.51654624938965,7.013055555555555
1349,134.9,-533.9053718273833,275.2819687827727,-1267.6858185345627,245.5772662146961,-1.768192091759344,75663.48218561408,1,0,16.972023010253906,7.1688888888888895
1350,135.0,-533.3370744345044,274.8032949723046,-1269.3373202968587,245.24696550993994,-1.768192091759344,76166.9171641982,1,0,16.71213722229004,7.386944444444445
1351,135.1,-532.7821487449801,274.31348921262713,-1270.944595233115,244.92551017982615,-1.768192091759344,76654.24613708498,1,0,16.069969177246094,7.391944444444444
1352,135.2,-532.213851352116,273.8125515045312,-1272.5175200718086,244.61092487655245,-1.768192091759344,77140.16921656574,1,0,16.01152992248535,7.553888888888889
1353,135.3,-531.6321822558823,273.32274574485365,-1274.0123692297482,244.31195472608456,-1.768192091759344,77586.91621689315,1,0,14.477531433105469,7.603055555555555
1354,135.4,-531.0438273079935,272.82180803596674,-1275.4053839362098,244.0333514876355,-1.768192091759344,78015.48836832662,1,0,13.9345064163208,7.691944444444444
1355,135.5,-530.4354148049912,272.32087032787075,-1276.7557125305389,243.7632854807187,-1.768192091759344,78434.65593156435,1,0,13.606902122497559,7.823888888888889
1356,135.6,-529.8270023020481,271.81993261898384,-1278.08189693019,243.49804831788794,-1.768192091759344,78849.40676593938,1,0,13.442059516906738,7.896111111111111
1357,135.7,-529.2052180957355,271.296731012469,-1279.3867087462695,243.23708567633068,-1.768192091759344,79257.77588079945,1,0,13.170985221862793,8.106944444444444
1358,135.8,-528.5700621860237,270.7846613551637,-1280.676135352652,242.9792000799948,-1.768192091759344,79664.93392842634,1,0,13.12826156616211,8.181944444444444
1359,135.9,-527.914848721317,270.26145974785794,-1281.9547377319495,242.7234793313849,-1.768192091759344,80068.64210671348,1,0,12.950213432312012,8.311111111111112
1360,136.001,-527.2529494049106,269.74939009055254,-1283.233258797687,242.46777484550435,-1.768192091759344,80474.58916352043,1,0,12.868416786193848,8.433888888888887
1361,136.1,-526.5843642368343,269.2261884840377,-1284.4733363479081,242.21975907092786,-1.768192091759344,80868.52171255487,1,0,12.679784774780273,8.48388888888889
1362,136.2,-525.8957215136888,268.702986876732,-1285.7017581460984,241.97407444924391,-1.768192091759344,81258.89427161106,1,0,12.375203132629395,8.605
1363,136.301,-525.1937070872333,268.21318111784547,-1286.9327094448126,241.72788392691555,-1.768192091759344,81655.21055356596,1,0,12.482796669006348,8.64611111111111
1364,136.4,-524.4850068090185,267.7011114597491,-1288.145971990028,241.48523115906033,-1.768192091759344,82046.27875852933,1,0,12.512959480285645,8.698055555555555
1365,136.5,-523.7763065308634,267.18904180244374,-1289.366661509437,241.24109299478206,-1.768192091759344,82439.41738857307,1,0,12.384320259094238,8.733055555555556
1366,136.601,-523.0475486976538,266.6992360427662,-1290.590529484558,240.99631913868342,-1.768192091759344,82835.49944784082,1,0,12.33063793182373,8.768055555555556
1367,136.7,-522.3254767161291,266.2094302830887,-1291.7873325944645,240.75695826140108,-1.768192091759344,83224.42800509417,1,0,12.326019287109375,8.705
1368,136.8,-521.6100905862594,265.71962452341114,-1292.9923110495674,240.5159623133355,-1.768192091759344,83616.5106681051,1,0,12.250816345214844,8.70111111111111
1369,136.9,-520.881332753035,265.24095071294306,-1294.1998438793703,240.27445548978503,-1.768192091759344,84012.49645227601,1,0,12.378118515014648,8.73611111111111
1370,137.0,-520.1525749198403,264.76227690326596,-1295.4027669582497,240.0338706174026,-1.768192091759344,84404.84827677258,1,0,12.156795501708984,8.70888888888889
1371,137.1,-519.4238170866159,264.3058669904257,-1296.59072064391,239.79627962685728,-1.768192091759344,84794.75101973968,1,0,12.07280158996582,8.653055555555556
1372,137.2,-518.6883734017216,263.80492928232974,-1297.8162975148757,239.55116399122508,-1.768192091759344,85207.14877501669,1,0,12.924160957336426,8.855
1373,137.3,-517.9395580134577,263.3485193694895,-1299.203237691058,239.27377566012774,-1.768192091759344,85692.4499799973,1,0,15.363980293273926,8.748888888888889
1374,137.4,-517.1773709218392,262.88097750823084,-1300.7242765540177,238.96956756306906,-1.768192091759344,86200.63553919882,1,0,15.659248352050781,8.906944444444443
1375,137.5,-516.4352413852599,262.41343564776315,-1302.2555627004517,238.66331000712958,-1.768192091759344,86709.5087157636,1,0,15.57298469543457,8.815
1376,137.601,-515.6797401453262,261.95702573492287,-1303.7351079136254,238.3674006488795,-1.768192091759344,87189.3812357372,1,0,14.305154800415039,8.871944444444445
1377,137.7,-514.9242389053925,261.5340116697109,-1305.1644235824012,238.08153721022393,-1.768192091759344,87678.38601797259,1,0,15.141749382019043,8.623888888888889
1378,137.8,-514.1754235171286,261.0887337068711,-1306.7115585881675,237.77210987903712,-1.768192091759344,88214.69948651305,1,0,16.413738250732422,8.753888888888888
1379,137.9,-513.4266081288795,260.6657196416591,-1308.3961085258377,237.4351995321563,-1.768192091759344,88804.19432217874,1,0,17.944475173950195,8.546111111111111
1380,138.0,-512.6711068889309,260.25383752565654,-1310.1758459765947,237.0792516623528,-1.768192091759344,89413.61147273937,1,0,18.35519027709961,8.61
1381,138.1,-511.9289773523667,259.8419554096539,-1311.983155057034,236.71778946073127,-1.768192091759344,90031.3586802234,1,0,18.50682830810547,8.471944444444444
1382,138.201,-511.1868478157728,259.4412052428608,-1313.7742244546043,236.3595751991478,-1.768192091759344,90632.11636106581,1,0,17.662273406982422,8.455
1383,138.301,-510.4514041308933,259.05158702527706,-1315.4350685045422,236.02740603487038,-1.768192091759344,91183.47699392693,1,0,16.212432861328125,8.336111111111112
1384,138.401,-509.70927459429936,258.6619688076933,-1317.028423852097,235.70873462546624,-1.768192091759344,91733.94548194234,1,0,16.285768508911133,8.36111111111111
1385,138.501,-508.98051676110464,258.283482539319,-1318.6241158703683,235.3895958814203,-1.768192091759344,92286.02979282754,1,0,16.26009178161621,8.225
1386,138.601,-508.2517589278951,257.9161282193631,-1320.2019766886563,235.07402338117478,-1.768192091759344,92830.05970155547,1,0,15.92208194732666,8.173888888888888
1387,138.701,-507.5296869463703,257.55990584861667,-1321.7593272293989,234.76255294081355,-1.768192091759344,93372.23921405492,1,0,15.84176254272461,8.036111111111111
1388,138.801,-506.8209866681705,257.2148154262886,-1323.3015220473749,234.45411364823866,-1.768192091759344,93909.27266533121,1,0,15.612964630126953,7.883888888888889
1389,138.901,-506.12565809337,256.88085695475195,-1324.8158627254743,234.15124518958092,-1.768192091759344,94437.17996122848,1,0,15.27364730834961,7.703055555555556
1390,139.001,-505.4503870735941,256.5691623808432,-1326.3001076981986,233.85439587841816,-1.768192091759344,94957.21688963665,1,0,14.999130249023438,7.486944444444445
1391,139.101,-504.8018594605869,256.25746780693436,-1327.7484944495898,233.56471821917128,-1.768192091759344,95464.33875407047,1,0,14.542280197143555,7.216944444444445
1392,139.201,-504.1733894025599,255.97916907986283,-1329.1757882286247,233.27925915889517,-1.768192091759344,95971.33804317833,1,0,14.568916320800781,6.896111111111111
1393,139.301,-503.56497689960196,255.70087035200038,-1330.648938293775,232.98462883161397,-1.768192091759344,96506.8208084966,1,0,15.477568626403809,6.666944444444445
1394,139.4,-502.9833078033535,255.45596747334807,-1332.1248623584167,232.68944370384276,-1.768192091759344,97027.66260629613,1,0,14.929566383361816,6.293055555555556
1395,139.5,-502.4484396688836,255.22219654153224,-1333.5300417425196,232.4084075272705,-1.768192091759344,97517.95142554621,1,0,13.730583190917969,5.933055555555556
1396,139.6,-501.93362908948274,254.9995575605078,-1334.8407771549319,232.14626016518307,-1.768192091759344,97981.84854999895,1,0,13.003279685974121,5.573055555555555
1397,139.7,-501.4589336201164,254.79918247711126,-1336.0896793057213,231.89647946861044,-1.768192091759344,98427.2042718719,1,0,12.469427108764648,5.163888888888889
1398,139.8,-501.0109815575039,254.6210712921335,-1337.3007273815429,231.6542695951064,-1.768192091759344,98863.24044272132,1,0,12.231204986572266,4.906111111111111
1399,139.9,-500.5830870499161,254.46522400478364,-1338.4659424565973,231.4212263315328,-1.768192091759344,99279.63495162151,1,0,11.534613609313965,4.501944444444445
1400,140.0,-500.2019935041217,254.3093767182247,-1339.5614972133324,231.20211514648298,-1.768192091759344,99672.00132042689,1,0,10.810407638549805,4.178055555555556
1401,140.1,-499.8476433650218,254.1757933285027,-1340.6164457819655,230.9911252077156,-1.768192091759344,100056.14811427325,1,0,10.706406593322754,3.761944444444444
1402,140.2,-499.53340833604534,254.06447383799048,-1341.639426185234,230.78652890884058,-1.768192091759344,100425.87773037309,1,0,10.158382415771484,3.3769444444444443
1403,140.3,-499.24591671374867,253.9642862958967,-1342.6273271638931,230.58894850237053,-1.768192091759344,100786.87461655268,1,0,9.990923881530762,3.0280555555555555
1404,140.4,-498.99854020156056,253.87523070301233,-1343.5824903917364,230.39791565304725,-1.768192091759344,101134.13207746705,1,0,9.490660667419434,2.6261111111111113
1405,140.5,-498.7779070960967,253.7973070601284,-1344.502951015503,230.21382333194205,-1.768192091759344,101471.75187967048,1,0,9.283126831054688,2.3761111111111113
1406,140.6,-498.5639598423177,253.73051536566282,-1345.402816356174,230.03385007184932,-1.768192091759344,101802.49798179585,1,0,9.070597648620605,2.225
1407,140.7,-498.3633842918932,253.65259172198787,-1346.2772319796336,229.8589667606278,-1.768192091759344,102123.90648531461,1,0,8.764052391052246,2.1469444444444443
1408,140.801,-498.1694945931389,253.5858000275224,-1347.1354493835747,229.68732309676534,-1.768192091759344,102440.81277837978,1,0,8.56690788269043,2.036944444444444
1409,140.901,-497.9756048943844,253.51900833305683,-1347.9648646211367,229.52143987232276,-1.768192091759344,102747.55422705426,1,0,8.349910736083984,2.0330555555555554
1410,141.0,-497.7884010473147,253.4522166385913,-1348.749917369552,229.36442915517293,-1.768192091759344,103036.45418002232,1,0,7.823824405670166,1.9300000000000002
1411,141.102,-497.6145689036295,253.3854249441258,-1349.5112138209618,229.21216970249185,-1.768192091759344,103317.92623346392,1,0,7.3991780281066895,1.8719444444444444
1412,141.2,-497.4407367599144,253.31863324966025,-1350.2167587445242,229.07106056727312,-1.768192091759344,103581.00689261372,1,0,7.284852504730225,1.8519444444444446
1413,141.301,-497.2802763195987,253.2407096059853,-1350.9284972054354,228.92871272326343,-1.768192091759344,103846.40721103548,1,0,7.088091850280762,1.7638888888888888
1414,141.4,-497.1198158792384,253.1739179115198,-1351.5893347078556,228.7965450818101,-1.768192091759344,104091.24517006519,1,0,6.526548385620117,1.701111111111111
1415,141.501,-496.9660412905777,253.10712621705426,-1352.2261535035213,228.6691811868313,-1.768192091759344,104329.60986405199,1,0,6.333457946777344,1.708888888888889
1416,141.6,-496.7988949985624,253.04033452258875,-1352.815218196132,228.5513681226504,-1.768192091759344,104548.79838007734,1,0,5.802511692047119,1.7761111111111112
1417,141.701,-496.62506285484744,252.9624108789138,-1353.3707260189751,228.4402664395813,-1.768192091759344,104756.60156962698,1,0,5.415489673614502,1.88
1418,141.801,-496.4378590077925,252.87335528602944,-1353.850590368574,228.34429346729723,-1.768192091759344,104933.87835757689,1,0,4.371861457824707,2.0819444444444444
1419,141.901,-496.23059760566855,252.77316774472663,-1354.2641193185386,228.26158758909068,-1.768192091759344,105089.55142296529,1,0,4.062507629394531,2.2111111111111112
1420,142.001,-496.0166503518895,252.66184825342344,-1354.6396460650512,228.1864821596811,-1.768192091759344,105230.70004401903,1,0,3.5967655181884766,2.408055555555556
1421,142.101,-495.7759596914159,252.55052876291123,-1354.982635324099,228.1178842347054,-1.768192091759344,105360.62713424998,1,0,3.3988704681396484,2.618055555555556
1422,142.2,-495.52189732751333,252.4280773231896,-1355.3009350128712,228.05422422905156,-1.768192091759344,105481.2688495357,1,0,3.158771514892578,2.8469444444444445
1423,142.3,-495.2477774086158,252.29449393425855,-1355.6042531916264,227.9935605285969,-1.768192091759344,105596.68903925548,1,0,3.0277299880981445,3.0349999999999993
1424,142.4,-494.9535999346344,252.13864664690863,-1355.9096016377048,227.93249077424454,-1.768192091759344,105713.7244570242,1,0,3.200181007385254,3.2738888888888886
1425,142.501,-494.6393649056431,251.96053546193093,-1356.2223220863186,227.86994661781253,-1.768192091759344,105832.97428108919,1,0,3.114938735961914,3.5330555555555554
1426,142.601,-494.30507232158266,251.78242427616217,-1356.5279942361506,227.80881212264043,-1.768192091759344,105949.8620586348,1,0,3.119574546813965,3.7969444444444447
1427,142.701,-493.9574080341825,251.593181141975,-1356.8081661704243,227.75277767601966,-1.768192091759344,106055.95704432123,1,0,2.594834327697754,3.9430555555555555
1428,142.801,-493.5963720434275,251.41506995699729,-1357.07093595363,227.7002236633247,-1.768192091759344,106157.15744480141,1,0,2.764638900756836,4.041944444444444
1429,142.901,-493.215278497633,251.2146948736007,-1357.341033327478,227.64620413093814,-1.768192091759344,106260.76480365252,1,0,2.744288444519043,4.245
1430,143.002,-492.8208132484394,251.02545173862256,-1357.6250206250547,227.58940661084287,-1.768192091759344,106370.33672218282,1,0,2.9905900955200195,4.3630555555555555
1431,143.1,-492.4129762958909,250.82507665522598,-1357.921757440328,227.53005918448858,-1.768192091759344,106484.66099956985,1,0,3.1851930618286133,4.571944444444444
1432,143.2,-491.9917676400176,250.613569623411,-1358.2484894112865,227.46471272059867,-1.768192091759344,106610.77692050397,1,0,3.47885799407959,4.7299999999999995
1433,143.301,-491.5505014290751,250.402062590805,-1358.595954508994,227.3952196269362,-1.768192091759344,106744.21829785164,1,0,3.537899971008301,4.864999999999999
1434,143.401,-491.1025493664626,250.190555558199,-1358.9530469275853,227.32380106704332,-1.768192091759344,106881.85248865509,1,0,3.74538516998291,4.963055555555556
1435,143.501,-490.6345397487958,249.97904852480204,-1359.3153410031834,227.25134217463943,-1.768192091759344,107020.63402661188,1,0,3.643993377685547,5.119999999999999
1436,143.601,-490.14647257610443,249.767541492987,-1359.6731207136238,227.1797861562301,-1.768192091759344,107158.15389303683,1,0,3.6533098220825195,5.298055555555556
1437,143.701,-489.64503370002865,249.54490251117159,-1360.025412375971,227.1093277486101,-1.768192091759344,107293.30595715802,1,0,3.5320587158203125,5.463055555555556
1438,143.8,-489.1235372689134,249.32226353014715,-1360.3737460405648,227.03966094138508,-1.768192091759344,107427.74132010415,1,0,3.644346237182617,5.656944444444444
1439,143.901,-488.5886691344583,249.08849259912233,-1360.7394988073058,226.9665103100148,-1.768192091759344,107568.91907336615,1,0,3.741715431213379,5.8119444444444435
1440,144.0,-488.03374344493403,248.8547216688885,-1361.104027127544,226.8936045682063,-1.768192091759344,107709.48981599299,1,0,3.7683334350585938,6.003055555555555
1441,144.1,-487.46544605207004,248.62095073786367,-1361.4871857172375,226.81697276853257,-1.768192091759344,107858.13418646973,1,0,4.046599388122559,6.141944444444444
1442,144.2,-486.8770911041515,248.39831175604826,-1361.898791101015,226.7346516039738,-1.768192091759344,108017.92115856349,1,0,4.348536491394043,6.283888888888889
1443,144.3,-486.27536445286364,248.15340887660494,-1362.3386124593503,226.64668723848436,-1.768192091759344,108188.61044864183,1,0,4.622094631195068,6.451111111111111
1444,144.4,-485.66026609825064,247.90850599716168,-1362.8040775093334,226.55359412919515,-1.768192091759344,108369.24828721693,1,0,4.871567249298096,6.609999999999999
1445,144.5,-485.03179604022347,247.66360311692745,-1363.2923713188225,226.4559352631349,-1.768192091759344,108558.73282349008,1,0,5.087711811065674,6.709999999999999
1446,144.6,-484.3899542788715,247.4187002374842,-1363.805977681727,226.35321388099194,-1.768192091759344,108758.55502167388,1,0,5.387844085693359,6.85
1447,144.7,-483.734740814135,247.17379735724992,-1364.3680533630172,226.24079862483237,-1.768192091759344,108979.23017828524,1,0,6.076295852661133,6.983055555555556
1448,144.8,-483.0594697943592,246.92889447780667,-1364.9998143312541,226.11444629641827,-1.768192091759344,109227.64525573266,1,0,6.809150695800781,7.180000000000001
1449,144.901,-482.3708270712434,246.672859649154,-1365.7016820185188,225.97407260924348,-1.768192091759344,109502.77775622167,1,0,7.364461898803711,7.3069444444444445
1450,145.001,-481.6688126447581,246.41682482050132,-1366.4733312154592,225.81974260524785,-1.768192091759344,109808.65664508226,1,0,8.37415599822998,7.46
1451,145.101,-480.9534265149032,246.1607899910576,-1367.3462815919852,225.64515234372564,-1.768192091759344,110155.48147954357,1,0,9.430608749389648,7.6049999999999995
1452,145.201,-480.22466868167885,245.91588711161435,-1368.313973179081,225.45161381987936,-1.768192091759344,110539.06151610965,1,0,10.30650520324707,7.73
1453,145.301,-479.47585329344463,245.64872033296132,-1369.3849213539622,225.23742395644936,-1.768192091759344,110967.66707986283,1,0,11.536638259887695,7.885
1454,145.402,-478.7136662018113,245.38155355589015,-1370.5965851766973,224.99509093343124,-1.768192091759344,111455.23151482442,1,0,12.931867599487305,8.08
1455,145.5,-477.93810740682324,245.11438677802806,-1371.8862374592557,224.73716020181206,-1.768192091759344,111971.16664729411,1,0,13.908795356750488,8.191111111111113
1456,145.601,-477.1558627601651,244.83608805016556,-1373.317910191197,224.4508253500206,-1.768192091759344,112546.62017775181,1,0,15.00260066986084,8.290000000000001
1457,145.7,-476.36024641013756,244.55778932388503,-1374.8175583285863,224.15089540263907,-1.768192091759344,113148.86345766071,1,0,15.89330005645752,8.398055555555555
1458,145.8,-475.5579442084252,244.29062254681386,-1376.4136955271897,223.83166762243172,-1.768192091759344,113790.16052559225,1,0,16.661640167236328,8.431944444444444
1459,145.9,-474.74227030338784,244.001191869742,-1378.0594863005438,223.50250911668223,-1.768192091759344,114446.22206233468,1,0,16.906038284301758,8.658888888888889
1460,146.0,-473.91322469493645,243.711761194252,-1379.7299422431852,223.1684175718137,-1.768192091759344,115114.77243558393,1,0,17.16471290588379,8.793888888888889
1461,146.101,-473.0708073831896,243.4223305179711,-1381.4465481955751,222.8250960151508,-1.768192091759344,115805.47369917376,1,0,17.50066375732422,8.88
1462,146.201,-472.22839007136866,243.1217678932717,-1383.193239715329,222.47575733859725,-1.768192091759344,116515.40512819229,1,0,18.1249942779541,8.965
1463,146.301,-471.365915204538,242.82120526778135,-1384.9859590753035,222.11721308418095,-1.768192091759344,117241.98295523597,1,0,18.439451217651367,9.083888888888888
1464,146.4,-470.5034403377072,242.49837874387217,-1386.8382788199249,221.74674874012138,-1.768192091759344,118011.62998664522,1,0,19.722225189208984,9.22888888888889
1465,146.5,-469.62090791583705,242.1866841691724,-1388.764452311392,221.36151363093825,-1.768192091759344,118790.60430673542,1,0,19.56416130065918,9.30611111111111
1466,146.6,-468.73837549395193,241.88612154447304,-1390.6935995008673,220.97568378151914,-1.768192091759344,119580.50227888956,1,0,19.78287696838379,9.366111111111111
1467,146.701,-467.85584307208177,241.57442697056422,-1392.658947560726,220.58261375030105,-1.768192091759344,120386.96773008713,1,0,19.90563201904297,9.393055555555554
1468,146.8,-466.9666247985267,241.26273239665542,-1394.5789615593803,220.19861054099437,-1.768192091759344,121171.77304635923,1,0,19.65068817138672,9.353055555555555
1469,146.9,-466.08409237665654,240.95103782274663,-1396.4821303420094,219.81797637848615,-1.768192091759344,121949.17999378651,1,0,19.166492462158203,9.406111111111109
1470,147.001,-465.1881882514465,240.62821129883744,-1398.3488505233945,219.44463194400197,-1.768192091759344,122712.49682590982,1,0,18.530311584472656,9.473055555555556
1471,147.1,-464.2922841261919,240.31651672492862,-1400.138907515149,219.08662016379765,-1.768192091759344,123454.50145410374,1,0,18.348621368408203,9.49611111111111
1472,147.2,-463.40306585263687,239.99369020101943,-1401.9583107625751,218.72273912619886,-1.768192091759344,124221.20799140104,1,0,18.76007080078125,9.491111111111111
1473,147.3,-462.51384757906703,239.68199562631972,-1403.7749401545245,218.35941286028714,-1.768192091759344,124975.57602040202,1,0,18.29204559326172,9.386111111111111
1474,147.4,-461.6179434538273,239.37030105320187,-1405.5584074692729,218.0027190168897,-1.768192091759344,125723.20497816328,1,0,18.083694458007812,9.48388888888889
1475,147.5,-460.72872518028714,239.03634258087425,-1407.316745684553,217.65105099874643,-1.768192091759344,126461.63910395699,1,0,17.779510498046875,9.538055555555557
1476,147.6,-459.8328210550326,238.70238410854662,-1409.050028864607,217.30439399299317,-1.768192091759344,127193.81035737295,1,0,17.572669982910156,9.53888888888889
1477,147.7,-458.9369169297928,238.34616173780017,-1410.7802496939994,216.95834945802542,-1.768192091759344,127932.817491433,1,0,17.717050552368164,9.621944444444445
1478,147.8,-458.041012804553,237.97880741784425,-1412.4465918917,216.62508066302257,-1.768192091759344,128623.52578542462,1,0,16.26979637145996,9.711944444444445
1479,147.9,-457.1451086792984,237.61145309867936,-1414.0027380936333,216.31385109068012,-1.768192091759344,129279.89684646891,1,0,15.469484329223633,9.69
1480,148.0,-456.2358328507337,237.23296682951406,-1415.5137576638022,216.0116468543169,-1.768192091759344,129928.55760503789,1,0,15.349390029907227,9.834999999999999
1481,148.101,-455.3265570221392,236.84334861193034,-1417.0295542966714,215.70848720439457,-1.768192091759344,130581.8088081765,1,0,15.260815620422363,9.938888888888888
1482,148.2,-454.4039094901752,236.45373039434656,-1418.5400602981874,215.40638568187148,-1.768192091759344,131244.19314303342,1,0,15.858779907226562,10.045
1483,148.301,-453.48126195822607,236.04184827834402,-1420.1073593854076,215.09292553009254,-1.768192091759344,131924.2509198324,1,0,15.791473388671875,10.049999999999999
1484,148.401,-452.55861442626207,235.64109811155086,-1421.6281184968789,214.7887733833912,-1.768192091759344,132579.4817372748,1,0,15.226049423217773,10.11
1485,148.501,-451.6225951909285,235.2292159955483,-1423.0952388724108,214.49534899531994,-1.768192091759344,133214.13925331848,1,0,14.697453498840332,10.168888888888889
1486,148.601,-450.67989010391017,234.8173338787547,-1424.5316850559527,214.20805945219007,-1.768192091759344,133843.0383071492,1,0,14.60041618347168,10.335
1487,148.7,-449.73049916523684,234.39431981433373,-1425.9466492503198,213.92506631147768,-1.768192091759344,134464.98660247237,1,0,14.550817489624023,10.421111111111111
1488,148.801,-448.7677365232087,233.97130574912174,-1427.396149157339,213.6351660208677,-1.768192091759344,135106.8690429644,1,0,14.720582962036133,10.501111111111111
1489,148.9,-447.8116597328357,233.52602778549092,-1428.8313591825026,213.34812370967717,-1.768192091759344,135743.79784637655,1,0,14.847757339477539,10.561944444444444
1490,149.003,-446.8355253874381,233.0918817718605,-1430.3421419350639,213.045966836886,-1.768192091759344,136417.47897671093,1,0,15.068790435791016,10.673055555555555
1491,149.101,-445.85270519035566,232.6466038098116,-1431.7783387035315,212.7587271768242,-1.768192091759344,137053.78731212547,1,0,14.82180404663086,10.796111111111111
1492,149.2,-444.86988499325844,232.19019389697138,-1433.2031851970914,212.47375757416518,-1.768192091759344,137686.46445304196,1,0,14.533025741577148,10.821944444444446
1493,149.3,-443.88037894447643,231.75604788254998,-1434.6376661533109,212.18686107691903,-1.768192091759344,138331.60029644097,1,0,14.724761009216309,10.841111111111111
1494,149.4,-442.8908728957241,231.29963797050073,-1436.0486975476645,211.90465449704828,-1.768192091759344,138957.04006900414,1,0,14.054746627807617,10.858888888888888
1495,149.5,-441.8879951435874,230.84322805845147,-1437.4919134553916,211.61601100763724,-1.768192091759344,139624.78100911443,1,0,15.38119888305664,11.021944444444445
1496,149.6,-440.8717456880663,230.39795009482063,-1438.9779249818512,211.31880838535062,-1.768192091759344,140290.26158953074,1,0,14.92760944366455,11.124999999999998
1497,149.7,-439.8554962326046,229.94154018277135,-1440.4386884571816,211.0266553786757,-1.768192091759344,140951.66658640257,1,0,14.86623764038086,11.168888888888889
1498,149.8,-438.8258750737585,229.48513027072207,-1441.8721062829313,210.73997150775028,-1.768192091759344,141596.9614516832,1,0,14.369865417480469,11.235
1499,149.9,-437.7895680632128,229.0175884094634,-1443.2967954694657,210.4550333665299,-1.768192091759344,142250.81143117812,1,0,14.688207626342773,11.408055555555556
1500,150.0,-436.74657520099703,228.55004654820473,-1444.7377678478706,210.1668385834619,-1.768192091759344,142910.03557323237,1,0,14.70197868347168,11.436944444444444
1501,150.1,-435.7102681904811,228.0825046861551,-1446.1777450347852,209.87884283890426,-1.768192091759344,143570.1088020663,1,0,14.667909622192383,11.378055555555557
1502,150.201,-434.65390362489586,227.60383087647793,-1447.629577966354,209.58847594288673,-1.768192091759344,144237.8031355143,1,0,14.650604248046875,11.546944444444446
1503,150.3,-433.5908532076407,227.1362890144283,-1449.0625506033555,209.30188110980592,-1.768192091759344,144901.89722424612,1,0,14.871641159057617,11.67
1504,150.401,-432.5144310870013,226.64648325554177,-1450.5520288095158,209.0039851508396,-1.768192091759344,145595.67893862037,1,0,15.207086563110352,11.773888888888889
1505,150.501,-431.4446948180762,226.16780944507366,-1452.0894607917655,208.69649842642596,-1.768192091759344,146322.5442563293,1,0,16.150497436523438,11.741944444444444
1506,150.601,-430.3682726974664,225.67800368539616,-1453.6347598553273,208.3874382840717,-1.768192091759344,147030.84442587243,1,0,15.367544174194336,11.873888888888889
1507,150.7,-429.2717930217874,225.1770659765092,-1455.1010064084041,208.09418866067784,-1.768192091759344,147708.40727661413,1,0,14.840213775634766,12.001944444444444
1508,150.8,-428.17531334613807,224.67612826841327,-1456.5454496129857,207.80529971163412,-1.768192091759344,148382.06752442493,1,0,14.620763778686523,12.093888888888888
1509,150.9,-427.0721478187892,224.1751905603173,-1457.9936793986828,207.51565344555956,-1.768192091759344,149066.3483495661,1,0,14.917445182800293,12.133055555555556
1510,151.0,-425.95561058808556,223.6742528514304,-1459.4551326907797,207.2233624753842,-1.768192091759344,149754.5016509023,1,0,14.890471458435059,12.245
1511,151.1,-424.8323875056824,223.16218319333402,-1460.9015954084066,206.93406962330062,-1.768192091759344,150434.2262030331,1,0,14.611696243286133,12.278055555555556
1512,151.2,-423.7158502749788,222.66124548523808,-1462.3413742490375,206.64611354804202,-1.768192091759344,151118.3834877592,0,0,14.754146575927734,12.328055555555554
1513,151.3,-422.5792554892505,222.16030777635115,-1463.797447877456,206.35489851174992,-1.768192091759344,151812.8992041215,0,0,14.944046020507812,12.423055555555555
1514,151.4,-421.4426607034926,221.63710616983633,-1465.29383059537,206.05562164896003,-1.768192091759344,152534.828283051,0,0,15.5762939453125,12.541944444444445
1515,151.5,-420.2926942143949,221.11390456253056,-1466.8239862334478,205.74959019493298,-1.768192091759344,153267.0416800797,0,0,15.632881164550781,12.621944444444441
1516,151.6,-419.1293560219276,220.60183490443424,-1468.3501012556717,205.44436686493864,-1.768192091759344,153996.76149481864,0,0,15.493881225585938,12.718055555555555
1517,151.7,-417.9727036811153,220.06750134950101,-1469.8731939986073,205.13974799144663,-1.768192091759344,154730.30397961722,0,0,15.57123851776123,12.778888888888888
1518,151.8,-416.80267963696326,219.55543169140464,-1471.3665231095556,204.84108185070124,-1.768192091759344,155441.08665576036,0,0,14.886819839477539,12.81388888888889
1519,151.9,-415.6192838894565,219.03223008568085,-1472.8314862237742,204.54808891535285,-1.768192091759344,156151.23735534635,0,0,14.992683410644531,12.908055555555556
1520,152.0,-414.42920229027976,218.5090284783751,-1474.2908067088497,204.25622450703673,-1.768192091759344,156856.23894150407,0,0,14.771732330322266,13.023055555555556
1521,152.1,-413.2458065427433,217.97469492265085,-1475.720817205418,203.97022210267446,-1.768192091759344,157546.99202557642,0,0,14.394874572753906,13.001944444444444
1522,152.201,-412.06241079523653,217.45149331613607,-1477.1485821377676,203.6846688116349,-1.768192091759344,158244.21473632468,0,0,14.437606811523438,12.976111111111111
1523,152.301,-410.87232919604503,216.9282917096213,-1478.5627031425379,203.40184430902173,-1.768192091759344,158935.69726979613,0,0,14.404916763305664,13.005
1524,152.401,-409.6755617451687,216.40509010310652,-1479.96081364651,203.12222190998358,-1.768192091759344,159617.82426037724,0,0,14.111055374145508,13.075
1525,152.501,-408.47879429429236,215.8707565465913,-1481.347167340505,202.8449508754488,-1.768192091759344,160300.59471221556,0,0,14.16512393951416,13.10388888888889
1526,152.6,-407.28871269510086,215.34755494007652,-1482.734588756111,202.56746629636405,-1.768192091759344,160988.34911462452,0,0,14.418670654296875,13.043055555555554
1527,152.7,-406.0919452442245,214.81322138356134,-1484.1444485888226,202.2854940290716,-1.768192091759344,161684.63459409305,0,0,14.336941719055176,13.09388888888889
1528,152.801,-404.88849194166346,214.301151726256,-1485.5690918812438,202.00056506668363,-1.768192091759344,162392.52049463266,0,0,14.432500839233398,13.091111111111111
1529,152.901,-403.6850386391172,213.77795011974118,-1486.9568575651201,201.72301163387135,-1.768192091759344,163075.4208320223,0,0,13.872477531433105,13.163888888888888
1530,153.001,-402.4615277815166,213.26588046164483,-1488.3199853394642,201.45038578822124,-1.768192091759344,163755.958664501,0,0,13.929984092712402,13.25111111111111
1531,153.101,-401.2513886272707,212.73154690592065,-1489.6817757025042,201.17802742511728,-1.768192091759344,164435.78708220238,0,0,13.845199584960938,13.22111111111111
1532,153.2,-400.0345636213252,212.21947724861528,-1491.0223870823465,200.9099048631707,-1.768192091759344,165106.95947893427,0,0,13.774209976196289,13.203888888888889
1533,153.3,-398.7976810603997,211.69627564210046,-1492.376505671106,200.63908085655936,-1.768192091759344,165788.47407570694,0,0,13.844499588012695,13.421111111111111
1534,153.4,-397.5541126477449,211.18420598400414,-1493.7294423180078,200.36849323857172,-1.768192091759344,166469.05255634195,0,0,13.750102996826172,13.48111111111111
1535,153.5,-396.31054423510477,210.67213632669876,-1495.0833970676867,200.09770199981142,-1.768192091759344,167154.60170969763,0,0,13.865264892578125,13.411944444444444
1536,153.601,-395.06697582249444,210.1711986178118,-1496.434167656276,199.8275475939483,-1.768192091759344,167833.10219688277,0,0,13.412382125854492,13.395
1537,153.701,-393.81003570647005,209.6702609089249,-1497.7637376427647,199.56163331302784,-1.768192091759344,168512.04830514864,0,0,13.705632209777832,13.578888888888887
1538,153.8,-392.539723887091,209.1581912516195,-1499.0952461106883,199.29533133540684,-1.768192091759344,169190.23826188635,0,0,13.726238250732422,13.668055555555554
1539,153.9,-391.2827837710962,208.6572535427326,-1500.46653539976,199.0210731850702,-1.768192091759344,169896.932378399,0,0,14.24268627166748,13.556944444444444
1540,154.0,-390.03252950678626,208.16744778384603,-1501.861892761928,198.74200141498014,-1.768192091759344,170610.67680786544,0,0,14.217132568359375,13.508055555555554
1541,154.1,-388.7689035390919,207.66651007495912,-1503.286415911769,198.45709648113385,-1.768192091759344,171350.04077581555,0,0,14.837553977966309,13.59388888888889
1542,154.2,-387.4985917197277,207.1767043152816,-1504.7135090066338,198.17167755773457,-1.768192091759344,172076.52777280967,0,0,14.269549369812012,13.623055555555554
1543,154.301,-386.22827990036336,206.69803050481352,-1506.1152016505675,197.8913387299399,-1.768192091759344,172796.56955885384,0,0,14.03642463684082,13.581944444444446
1544,154.401,-384.9713397843538,206.21935669434544,-1507.5210650067213,197.61016575881158,-1.768192091759344,173531.84951100423,0,0,14.637675285339355,13.491944444444446
1545,154.5,-383.71439966835914,205.7518148330867,-1508.9287486398368,197.32862873190257,-1.768192091759344,174258.1640407936,0,0,14.363563537597656,13.413888888888888
1546,154.6,-382.45745955236436,205.28427297261902,-1510.3496221619484,197.0444537243807,-1.768192091759344,175000.46976809393,0,0,14.616684913635254,13.463888888888889
1547,154.7,-381.19383358468485,204.83899500977915,-1511.7916672093997,196.7560444072746,-1.768192091759344,175754.8059936229,0,0,14.795379638671875,13.418055555555554
1548,154.8,-379.9435793203749,204.39371704535736,-1513.21807848307,196.47076184825968,-1.768192091759344,176493.716695053,0,0,14.29781723022461,13.27
1549,154.9,-378.70669675939,203.94843908251752,-1514.6465257752636,196.1850720851058,-1.768192091759344,177249.91779753234,0,0,14.836906433105469,13.151944444444444
1550,155.0,-377.4497566433953,203.51429306809612,-1516.0688883907503,195.90059925859126,-1.768192091759344,177988.43362986206,0,0,14.173713684082031,13.301944444444445
1551,155.1,-376.1995023790705,203.09127900367508,-1517.460228749717,195.62233088999832,-1.768192091759344,178722.09263264062,0,0,14.204174041748047,13.245000000000001
1552,155.201,-374.96261981810034,202.65713298925368,-1518.8656275411872,195.3412508319058,-1.768192091759344,179464.316238961,0,0,14.176642417907715,13.145
1553,155.301,-373.7324231088299,202.22298697483228,-1520.2659215375577,195.06119173392216,-1.768192091759344,180208.93792815454,0,0,14.383864402770996,13.049999999999999
1554,155.401,-372.48885469618983,201.78884096120186,-1521.6646123049386,194.78145328207844,-1.768192091759344,180948.59430490946,0,0,14.143942832946777,13.173055555555555
1555,155.5,-371.23860043186505,201.35469494678046,-1523.0278684563666,194.5088017609842,-1.768192091759344,181671.8625732216,0,0,13.941996574401855,13.226944444444444
1556,155.601,-370.001717870895,200.93168088235947,-1524.4110103863145,194.23217307994395,-1.768192091759344,182410.92817702447,0,0,13.989361763000488,13.091944444444444
1557,155.701,-368.7715211616245,200.49753486793804,-1525.7903906794595,193.9562967270667,-1.768192091759344,183151.3035088491,0,0,14.144587516784668,13.073055555555555
1558,155.801,-367.52795274896965,200.0522569050982,-1527.170949641421,193.68018464017473,-1.768192091759344,183890.35956902447,0,0,14.013401985168457,13.163888888888888
1559,155.901,-366.30444189138393,199.6069789406764,-1528.5525382553192,193.4038666226758,-1.768192091759344,184635.65953238145,0,0,14.16558837890625,13.063888888888888
1560,156.001,-365.07424518209854,199.15056902941814,-1529.911865093925,193.13200096498417,-1.768192091759344,185360.79346798864,0,0,13.559349060058594,13.14888888888889
1561,156.1,-363.83067676945853,198.6830271681594,-1531.2445191967972,192.86546986012905,-1.768192091759344,186085.76881307192,0,0,13.896123886108398,13.28
1562,156.2,-362.5937942084885,198.20435335769133,-1532.5881527390334,192.59674286505904,-1.768192091759344,186808.98238741272,0,0,13.508731842041016,13.256944444444445
1563,156.3,-361.37028335088786,197.7034156495954,-1533.9121449493484,192.3319441405631,-1.768192091759344,187528.23143548204,0,0,13.49551773071289,13.178055555555556
1564,156.4,-360.1467724933022,197.21360988991785,-1535.240123256006,192.0663481959484,-1.768192091759344,188252.79220819208,0,0,13.590032577514648,13.195
1565,156.5,-358.9098899323469,196.72380413024035,-1536.586777394252,191.79701708103207,-1.768192091759344,188991.84484131768,0,0,13.876431465148926,13.274999999999999
1566,156.6,-357.6730073713768,196.24513031977224,-1537.9541435696412,191.52354355426883,-1.768192091759344,189742.0839878912,0,0,14.012476921081543,13.223888888888888
1567,156.7,-356.43612481040674,195.73306066167592,-1539.3333709182568,191.2476977903301,-1.768192091759344,190500.30395498424,0,0,14.118352890014648,13.398055555555555
1568,156.801,-355.18587054609674,195.23212295357993,-1540.7487061973864,190.96463043258606,-1.768192091759344,191283.59864361337,0,0,14.463122367858887,13.441944444444445
1569,156.901,-353.92893043007234,194.75344914390283,-1542.1679944454759,190.68077248020677,-1.768192091759344,192066.62276803592,0,0,14.484792709350586,13.495
1570,157.001,-352.67199031409245,194.2413794850155,-1543.5898143440095,190.39640819719864,-1.768192091759344,192853.18166776747,0,0,14.514758110046387,13.533055555555556
1571,157.1,-351.4217360497677,193.72930982771013,-1545.0270073003744,190.10896929934486,-1.768192091759344,193658.12977650066,0,0,15.09443473815918,13.541944444444445
1572,157.2,-350.16479593378784,193.20610822119534,-1546.5353706575106,189.8072963061548,-1.768192091759344,194504.9776644999,0,0,15.670263290405273,13.635000000000002
1573,157.3,-348.9011699660786,192.67177466547113,-1548.0574865379858,189.50287280536327,-1.768192091759344,195348.78588781678,0,0,15.374932289123535,13.733055555555554
1574,157.4,-347.61080059166,192.14857305816537,-1549.5556252423883,189.20324474490107,-1.768192091759344,196183.0991515128,0,0,15.181222915649414,13.896944444444445
1575,157.5,-346.3271170689559,191.62537145165058,-1551.031017434129,188.90816599182352,-1.768192091759344,197005.8580995705,0,0,14.910992622375488,13.863888888888887
1576,157.6,-345.0367476945373,191.1021698451358,-1552.4761805674536,188.6191330568776,-1.768192091759344,197812.82603033917,0,0,14.564668655395508,13.91388888888889
1577,157.7,-343.7463783201336,190.5678362894116,-1553.8998884963007,188.334391167404,-1.768192091759344,198613.4855665763,0,0,14.473390579223633,13.95611111111111
1578,157.8,-342.44932309405993,190.03350273368738,-1555.3353568822276,188.0472971840057,-1.768192091759344,199428.82604276983,0,0,14.804535865783691,14.008888888888889
1579,157.9,-341.1522678679566,189.48803722875374,-1556.7951779087853,187.7553326672864,-1.768192091759344,200257.7170478797,0,0,14.970088958740234,14.13111111111111
1580,158.0,-339.84184093851337,188.94257172382012,-1558.2726532508398,187.4598372837017,-1.768192091759344,201099.23752690002,0,0,15.1646146774292,14.203888888888887
1581,158.1,-338.53809986074015,188.3859742696771,-1559.761412541964,187.16208510789593,-1.768192091759344,201947.06210183358,0,0,15.200237274169922,14.191944444444445
1582,158.2,-337.22767293128203,187.80711291711523,-1561.2731870624152,186.85972988131525,-1.768192091759344,202816.25924000563,0,0,15.634035110473633,14.316944444444443
1583,158.3,-335.91724600183886,187.2171196161349,-1562.795741436867,186.55521868163487,-1.768192091759344,203684.17418638163,0,0,15.420104026794434,14.416944444444445
1584,158.4,-334.593447369041,186.62712631515458,-1564.3175380555726,186.25085903326539,-1.768192091759344,204560.2642397615,0,0,15.618579864501953,14.473055555555556
1585,158.5,-333.2830204395829,186.0148691165464,-1565.857749317196,185.94281645238414,-1.768192091759344,205449.01055723283,0,0,15.795690536499023,14.46888888888889
1586,158.6,-331.9659076584401,185.39147996793784,-1567.40220113072,185.63392576021818,-1.768192091759344,206338.49754475552,0,0,15.705070495605469,14.578055555555556
1587,158.7,-330.6487948773121,184.77922276774774,-1568.9523456041563,185.32389653485538,-1.768192091759344,207238.30888838376,0,0,15.911798477172852,14.6
1588,158.8,-329.3116245411446,184.1447016707207,-1570.5555362528407,185.00325806312722,-1.768192091759344,208182.16871994827,0,0,16.787004470825195,14.74388888888889
1589,158.9,-327.9744542049624,183.5101805736937,-1572.225069759017,184.6693510057485,-1.768192091759344,209161.18615295133,0,0,17.26493263244629,14.84388888888889
1590,159.0,-326.6439697204797,182.8645275266663,-1573.9409642074709,184.32617175002457,-1.768192091759344,210170.14946281927,0,0,17.732585906982422,14.786944444444444
1591,159.101,-325.31348523598217,182.21887447884794,-1575.730118429996,183.96834052385867,-1.768192091759344,211228.79025582864,0,0,18.39784049987793,14.84111111111111
1592,159.2,-323.96962904813,181.55095753498364,-1577.5318117473478,183.6080014760526,-1.768192091759344,212292.11746274863,0,0,18.7208251953125,14.966111111111111
1593,159.3,-322.619087008593,180.8941725395378,-1579.4510995087062,183.2241435143601,-1.768192091759344,213455.0381972105,0,0,20.425119400024414,15.004999999999999
1594,159.4,-321.2551732657014,180.2485194925104,-1581.522759952513,182.80981098367386,-1.768192091759344,214708.176048286,0,0,21.828630447387695,15.128888888888888
1595,159.5,-319.89794537447955,179.59173449706458,-1583.7561094626292,182.36314060523438,-1.768192091759344,216075.0278762471,0,0,23.722942352294922,15.09611111111111
1596,159.6,-318.5407174832578,178.93494950161872,-1586.0370959334298,181.90694282449613,-1.768192091759344,217411.52510268864,0,0,22.80023765563965,15.103055555555557
1597,159.701,-317.176803740381,178.2781645053819,-1588.2873715467003,181.45688722181512,-1.768192091759344,218752.69412304868,0,0,22.64213752746582,15.163055555555555
1598,159.801,-315.81957584912954,177.61024756072666,-1590.4755618816732,181.0192486880376,-1.768192091759344,220050.88757562148,0,0,21.988365173339844,15.120000000000001
1599,159.901,-314.46903380962226,176.9423306160714,-1592.6197024153666,180.59042012391268,-1.768192091759344,221336.62474360326,0,0,21.743694305419922,15.063055555555554
1600,160.001,-313.11849177008526,176.29667756983497,-1594.7484435717704,180.16467143853066,-1.768192091759344,222621.6051745981,0,0,21.674278259277344,15.049999999999999
1601,160.101,-311.7679497305483,175.62876062438875,-1596.8204943490935,179.7502608410579,-1.768192091759344,223855.52688811076,0,0,20.587432861328125,15.001944444444444
1602,160.201,-310.4374652460507,174.97197562973386,-1598.8371418940824,179.34693090187056,-1.768192091759344,225082.0918828748,0,0,20.544269561767578,14.90111111111111
1603,160.301,-309.10029490988336,174.32632258270647,-1600.79198208123,178.95596244743618,-1.768192091759344,226251.80932434916,0,0,19.326805114746094,14.866111111111111
1604,160.401,-307.76312457371586,173.66953758646966,-1602.7354847349516,178.5672615021055,-1.768192091759344,227462.19705240353,0,0,20.31302833557129,14.958888888888888
1605,160.501,-306.412582534164,173.02388454023324,-1604.7155653984762,178.17124494701144,-1.768192091759344,228674.67417456963,0,0,20.072853088378906,14.918055555555554
1606,160.601,-305.0820980496814,172.40049539241565,-1606.6908545170295,177.7761867019338,-1.768192091759344,229895.97137473518,0,0,20.215299606323242,14.766944444444444
1607,160.701,-303.7516135651987,171.7659742938067,-1608.6740825367656,177.37954067492603,-1.768192091759344,231123.7673437828,0,0,20.23477554321289,14.714999999999998
1608,160.801,-302.4077573773317,171.1314531967797,-1610.6047349510322,176.99340978022755,-1.768192091759344,232301.0841208048,0,0,19.142963409423828,14.843055555555555
1609,160.901,-301.07727289284895,170.49693209896168,-1612.4056609469428,176.63322419687344,-1.768192091759344,233394.3630625263,0,0,17.588865280151367,14.81
1610,161.001,-299.75347426002133,169.84014710351585,-1614.1023957615928,176.2938768719974,-1.768192091759344,234444.60020110194,0,0,17.017871856689453,14.796944444444444
1611,161.101,-298.4096180721691,169.20562600569787,-1615.7635520596405,175.96164525803138,-1.768192091759344,235482.8257090312,0,0,16.863203048706055,14.87388888888889
1612,161.201,-297.0724477359869,168.55997295946145,-1617.376823300497,175.6389906657184,-1.768192091759344,236482.8901861576,0,0,16.04120445251465,14.893055555555556
1613,161.301,-295.7219056964648,167.91431991243405,-1618.9197499704374,175.33040500259455,-1.768192091759344,237445.25662385885,0,0,15.428449630737305,14.976944444444445
1614,161.401,-294.38473536028243,167.2575349169882,-1620.4116117303543,175.03203233236846,-1.768192091759344,238380.9992967736,0,0,14.999680519104004,14.92388888888889
1615,161.501,-293.0408791724302,166.61188187075177,-1621.8673610471685,174.7408821584664,-1.768192091759344,239298.17823970976,0,0,14.69189739227295,14.871944444444445
1616,161.601,-291.69033713292293,165.96622882372438,-1623.308641792792,174.4526257018889,-1.768192091759344,240213.19181049027,0,0,14.704578399658203,14.976111111111111
1617,161.701,-290.3464809450559,165.30944382827855,-1624.7398246926412,174.16638881662035,-1.768192091759344,241120.55392671798,0,0,14.485940933227539,15.0
1618,161.801,-288.98925305383415,164.65265883283269,-1626.1844599312128,173.87746146073766,-1.768192091759344,242049.2052746229,0,0,14.97895336151123,15.103055555555557
1619,161.901,-287.62533931095726,163.99587383738685,-1627.6590671074525,173.58253971092776,-1.768192091759344,242993.6627005215,0,0,15.097250938415527,15.165
1620,162.001,-286.25473971636603,163.35022079035946,-1629.1285682462394,173.28863916969766,-1.768192091759344,243931.96314805307,0,0,14.874810218811035,15.158888888888889
1621,162.1,-284.88414012177475,162.71569969254148,-1630.5716355153563,173.0000254080404,-1.768192091759344,244858.63246876892,0,0,14.855405807495117,15.134999999999998
1622,162.2,-283.5068546755135,162.07004664630506,-1632.0458045716807,172.705191282307,-1.768192091759344,245813.26160430518,0,0,15.211862564086914,15.188888888888888
1623,162.3,-282.12956922925224,161.41326165006825,-1633.5465890621429,172.40503406406847,-1.768192091759344,246784.8170043138,0,0,15.398256301879883,15.301944444444445
1624,162.4,-280.73891207963635,160.7564766546224,-1635.035487831571,172.10725399257223,-1.768192091759344,247741.54935164933,0,0,14.969440460205078,15.391111111111112
1625,162.5,-279.34825493005013,160.11082360838597,-1636.5099724090464,171.81235676254133,-1.768192091759344,248699.96111622077,0,0,15.104263305664062,15.318055555555556
1626,162.6,-277.9509119287494,159.476302510568,-1637.9838646128612,171.5175780073689,-1.768192091759344,249655.97810279377,0,0,14.957358360290527,15.348888888888888
1627,162.701,-276.55356892741906,158.83064946433157,-1639.4730640008172,171.21973781210298,-1.768192091759344,250628.96174857038,0,0,15.115738868713379,15.444999999999999
1628,162.802,-275.15622592611834,158.16273251888535,-1640.9872758468796,170.91689511988008,-1.768192091759344,251623.61377554925,0,0,15.46246337890625,15.493055555555555
1629,162.9,-273.77225462817233,157.48368362502066,-1642.5015666531858,170.61403663559162,-1.768192091759344,252624.80730715417,0,0,16.053449630737305,15.453888888888887
1630,163.0,-272.3882833302412,156.81576668115636,-1644.0558079452655,170.3031880456262,-1.768192091759344,253638.59542684187,0,0,15.646978378295898,15.371944444444443
1631,163.1,-270.9976261806104,156.15898168491955,-1645.5718277869053,169.99998375390217,-1.768192091759344,254630.48511323144,0,0,15.273881912231445,15.401944444444444
1632,163.2,-269.60028317932455,155.50219668947372,-1647.050406097014,169.7042677764713,-1.768192091759344,255599.99642224336,0,0,14.883317947387695,15.44111111111111
1633,163.3,-268.209626029679,154.8454116932369,-1648.4959934164508,169.41515000421248,-1.768192091759344,256551.79144053368,0,0,14.600995063781738,15.42611111111111
1634,163.4,-266.8189688800779,154.18862669779105,-1649.9193972797902,169.13046892790527,-1.768192091759344,257492.8488282483,0,0,14.430862426757812,15.418055555555556
1635,163.5,-265.4216258787772,153.5207097531358,-1651.3337545046043,168.84759718123297,-1.768192091759344,258432.3825730508,0,0,14.416479110717773,15.506944444444445
1636,163.6,-264.0242828774617,152.86392475768997,-1652.7492654763655,168.56449468492508,-1.768192091759344,259375.5980679409,0,0,14.454394340515137,15.401944444444444
1637,163.7,-262.6336257278606,152.20713976145313,-1654.1932705142742,168.2756933693094,-1.768192091759344,260347.63770254134,0,0,14.99764633178711,15.410000000000002
1638,163.8,-261.2295968748603,151.5503547660073,-1655.669560921977,167.9804349728478,-1.768192091759344,261337.05549630182,0,0,15.112889289855957,15.503055555555557
1639,163.9,-259.8389397252592,150.90470171977086,-1657.166964033797,167.68095403105903,-1.768192091759344,262346.1408816315,0,0,15.428262710571289,15.39888888888889
1640,164.0,-258.4415967239437,150.24791672353405,-1658.7011622983111,167.37411405088233,-1.768192091759344,263384.4186789387,0,0,15.86336612701416,15.446111111111112
1641,164.1,-257.0442537226281,149.60226367729763,-1660.2710977751574,167.06012662061576,-1.768192091759344,264447.13366730534,0,0,16.157161712646484,15.42
1642,164.201,-255.64022486967235,148.9454786818518,-1661.8594112733335,166.74246358216283,-1.768192091759344,265516.09238969843,0,0,15.917459487915039,15.503888888888886
1643,164.301,-254.23619601667204,148.288693685615,-1663.415749181953,166.43119566844223,-1.768192091759344,266568.5655232074,0,0,15.82573127746582,15.493888888888888
1644,164.4,-252.8254813120315,147.64304063937854,-1664.940364190067,166.12627234158984,-1.768192091759344,267599.6824979497,0,0,15.584539413452148,15.551944444444445
1645,164.5,-251.4080807556765,146.99738759235115,-1666.4631231295798,165.8217202288536,-1.768192091759344,268634.19904601993,0,0,15.473772048950195,15.585
1646,164.601,-250.0040519026762,146.36286649532414,-1667.9964664664371,165.51505123439063,-1.768192091759344,269680.50795704464,0,0,15.490774154663086,15.471111111111112
1647,164.7,-248.58665134635086,145.71721344829675,-1669.4914584164,165.2160525254876,-1.768192091759344,270699.92555762257,0,0,15.309199333190918,15.563055555555556
1648,164.801,-247.16256493832591,145.07156040206033,-1670.9852479151634,164.91729430708105,-1.768192091759344,271716.774578698,0,0,14.85659122467041,15.67388888888889
1649,164.901,-245.74516438197088,144.4147754066145,-1672.4969513171102,164.6149533042164,-1.768192091759344,272773.38943751797,0,0,15.97623062133789,15.668888888888889
1650,165.001,-244.32107797394602,143.7802543087965,-1674.0101462438333,164.3123139960783,-1.768192091759344,273798.03070715314,0,0,14.887012481689453,15.59888888888889
1651,165.101,-242.89699156592107,143.1346012617691,-1675.4750994454134,164.0193230432597,-1.768192091759344,274811.01028778555,0,0,14.992288589477539,15.646944444444442
1652,165.201,-241.46621930619648,142.5112121139515,-1676.9496282089422,163.7244169760087,-1.768192091759344,275832.71497039305,0,0,15.082316398620605,15.631944444444443
1653,165.3,-240.0421328982161,141.8878229661339,-1678.3951758895148,163.43530713153118,-1.768192091759344,276829.2958516464,0,0,14.69900131225586,15.58611111111111
1654,165.4,-238.62473234183145,141.26443381752534,-1679.8447755363795,163.14538689293084,-1.768192091759344,277839.54290240235,0,0,14.867147445678711,15.503055555555557
1655,165.5,-237.20064593382133,140.6410446689168,-1681.298354733505,162.85467074342944,-1.768192091759344,278850.8981190703,0,0,14.780168533325195,15.536111111111111
1656,165.6,-235.78993122916597,140.02878746872665,-1682.7586130383381,162.56261877096173,-1.768192091759344,279874.04846806644,0,0,15.003375053405762,15.45111111111111
1657,165.7,-234.36584482114102,139.4276622185369,-1684.2177550491645,162.27079005753353,-1.768192091759344,280891.42178856663,0,0,14.757400512695312,15.463888888888889
1658,165.8,-232.92838670974652,138.8376689175566,-1685.6769028111917,161.9789601938639,-1.768192091759344,281918.80375374365,0,0,15.00349235534668,15.521111111111113
1659,165.9,-231.4909285983669,138.2476756165763,-1687.133969246456,161.68754659599085,-1.768192091759344,282938.7002337558,0,0,14.714949607849121,15.545
1660,166.0,-230.06684219034196,137.6688142640144,-1688.5721742219503,161.39990529409533,-1.768192091759344,283950.65245464555,0,0,14.618792533874512,15.383888888888889
1661,166.1,-228.63606993064712,137.10108486145293,-1689.9884332706076,161.11665318224865,-1.768192091759344,284945.51521118236,0,0,14.267338752746582,15.42388888888889
1662,166.201,-227.19192596758273,136.5333554581005,-1691.4010558809557,160.8341283588396,-1.768192091759344,285945.2404309827,0,0,14.259356498718262,15.538055555555555
1663,166.3,-225.75446785615856,135.96562605474804,-1692.803777441327,160.55358374753794,-1.768192091759344,286946.01411796984,0,0,14.639653205871582,15.466944444444444
1664,166.4,-224.31032389309416,135.40902860139596,-1694.2209924984984,160.27014043378452,-1.768192091759344,287947.7688736978,0,0,14.265976905822754,15.53
1665,166.5,-222.86617993004464,134.8412991980435,-1695.6333760795983,159.98766341627604,-1.768192091759344,288958.17408674565,0,0,14.541110038757324,15.588888888888889
1666,166.6,-221.40866426359582,134.27356979469104,-1697.0333834978517,159.70766163397695,-1.768192091759344,289949.7885320391,0,0,14.013551712036133,15.62
1667,166.701,-219.9444627455068,133.716972341339,-1698.4007306882004,159.43419190422586,-1.768192091759344,290922.1215966561,0,0,13.598845481872559,15.631944444444443
1668,166.8,-218.48694707907285,133.17150683640534,-1699.741801034891,159.16597754881172,-1.768192091759344,291890.0177893063,0,0,14.030019760131836,15.613888888888889
1669,166.9,-217.00937385761426,132.62604133147173,-1701.1081067917587,158.892716105979,-1.768192091759344,292868.87964198965,0,0,13.837260246276855,15.761944444444445
1670,167.0,-215.5451723394956,132.0694438773287,-1702.4569993627345,158.6229373040392,-1.768192091759344,293837.745260844,0,0,13.674859046936035,15.693055555555555
1671,167.101,-214.07428496970692,131.52397837239508,-1703.79590138196,158.35515661458064,-1.768192091759344,294799.3257718594,0,0,13.363112449645996,15.74111111111111
1672,167.201,-212.60339759994798,130.98964481667088,-1705.1162924055518,158.09107812819755,-1.768192091759344,295756.9000109307,0,0,13.567687034606934,15.703055555555556
1673,167.3,-211.11913852677492,130.45531126094667,-1706.4255165632965,157.82923301736605,-1.768192091759344,296703.03987290786,0,0,13.40507984161377,15.8
1674,167.4,-209.6348794536168,129.94324160285032,-1707.7498349087666,157.56436906576957,-1.768192091759344,297667.2674474117,0,0,13.60582160949707,15.776944444444442
1675,167.5,-208.13724867708905,129.43117194554495,-1709.064866888838,157.3013623892338,-1.768192091759344,298618.22067258536,0,0,13.21567440032959,15.768888888888888
1676,167.6,-206.63961790057616,128.91910228823957,-1710.3858306010868,157.03716936499714,-1.768192091759344,299588.33915604185,0,0,13.726805686950684,15.838888888888889
1677,167.7,-205.14867297574807,128.42929652856205,-1711.7418595703537,156.76596328187682,-1.768192091759344,300581.65610458766,0,0,13.930868148803711,15.693888888888889
1678,167.8,-203.67109975427468,127.93949076888453,-1713.1048813449281,156.49335863620328,-1.768192091759344,301578.20436927554,0,0,13.869431495666504,15.604999999999999
1679,167.9,-202.19352653280126,127.449685009998,-1714.459402938548,156.2224540285339,-1.768192091759344,302569.8473109877,0,0,13.757497787475586,15.548055555555555
1680,168.0,-200.70258160797314,126.97101119794796,-1715.7988522251887,155.95456388547555,-1.768192091759344,303551.25757474976,0,0,13.562015533447266,15.685
1681,168.1,-199.20495083148995,126.48120543985239,-1717.1225013272929,155.68983378269502,-1.768192091759344,304524.0645954997,0,0,13.435235977172852,15.79111111111111
1682,168.201,-197.7140059066173,126.01366357780273,-1718.4671824016207,155.4208972809832,-1.768192091759344,305520.3262180643,0,0,13.719438552856445,15.62888888888889
1683,168.301,-196.22974683345913,125.54612171654405,-1719.8146966015222,155.15139415355233,-1.768192091759344,306517.2083950287,0,0,13.764567375183105,15.540000000000001
1684,168.4,-194.74548776033063,125.07857985528535,-1721.1425119023224,154.88583081014383,-1.768192091759344,307498.3040804679,0,0,13.591216087341309,15.578888888888889
1685,168.501,-193.25454283547282,124.62216994402706,-1722.4897383733992,154.6163852285393,-1.768192091759344,308498.7013741221,0,0,13.614860534667969,15.643055555555554
1686,168.6,-191.7569120589748,124.15462808197744,-1723.8051435161462,154.35330391938876,-1.768192091759344,309475.20210571704,0,0,13.485247611999512,15.716944444444445
1687,168.7,-190.27265298581662,123.68708622071874,-1725.1201228937732,154.09030776335308,-1.768192091759344,310453.0649819657,0,0,13.335175514221191,15.563055555555556
1688,168.8,-188.78839391265842,123.21954435946007,-1726.4310678743243,153.82811848759317,-1.768192091759344,311433.001778414,0,0,13.402961730957031,15.581944444444444
1689,168.901,-187.29744898784514,122.76313444661982,-1727.7535455461757,153.56362267111305,-1.768192091759344,312421.09409946797,0,0,13.30333423614502,15.628055555555555
1690,169.001,-185.81318991467214,122.31785648377996,-1729.0803493454546,153.29826162822462,-1.768192091759344,313422.46492425393,0,0,13.758260726928711,15.53
1691,169.101,-184.32893084155847,121.86144657173071,-1730.4346437432723,153.02740245976412,-1.768192091759344,314441.3846585577,0,0,13.864034652709961,15.53111111111111
1692,169.2,-182.85135762005538,121.41616860889086,-1731.788533684402,152.75662418272756,-1.768192091759344,315462.9581817692,0,0,14.02894115447998,15.483888888888888
1693,169.3,-181.3670985468972,120.98202259446946,-1733.1676936083736,152.480791903732,-1.768192091759344,316504.26588614605,0,0,14.100513458251953,15.478055555555555
1694,169.4,-179.882839473739,120.54787658004805,-1734.5380797251644,152.20671438804425,-1.768192091759344,317536.2003805349,0,0,13.849989891052246,15.46888888888889
1695,169.5,-178.41195210396523,120.12486251483608,-1735.9151526179303,151.93129951573505,-1.768192091759344,318585.0128080461,0,0,14.236897468566895,15.36888888888889
1696,169.6,-176.94106473416173,119.70184845041506,-1737.306156508284,151.65309844093656,-1.768192091759344,319639.05217795906,0,0,14.134127616882324,15.283055555555555
1697,169.701,-175.48354906774264,119.3010982836219,-1738.7217045846407,151.3699885237017,-1.768192091759344,320720.47324680386,0,0,14.451644897460938,15.183888888888887
1698,169.801,-174.0059758462544,118.90034811682875,-1740.1324209254205,151.0878449546129,-1.768192091759344,321793.4890216361,0,0,14.321436882019043,15.301111111111112
1699,169.901,-172.54177432818022,118.49959794924462,-1741.521719421148,150.80998495910342,-1.768192091759344,322849.71551095735,0,0,14.01480484008789,15.246944444444445
1700,170.001,-171.0909445134162,118.12111168087029,-1742.9012021604758,150.53408811696775,-1.768192091759344,323906.987904509,0,0,14.121233940124512,15.028055555555557
1701,170.101,-169.64011469866702,117.73149346328654,-1744.2814304050246,150.25804217362887,-1.768192091759344,324963.9566310985,0,0,14.030010223388672,15.058055555555557
1702,170.201,-168.18928488391785,117.35300719412125,-1745.6558002802717,149.98316790540002,-1.768192091759344,326019.55798488477,0,0,14.00174617767334,14.989999999999998
1703,170.301,-166.7518267724937,116.97452092574694,-1747.0637901311532,149.70156963487253,-1.768192091759344,327114.8247237173,0,0,14.715725898742676,14.885000000000002
1704,170.4,-165.32774036449845,116.58490270895417,-1748.514529853941,149.4114213808444,-1.768192091759344,328241.5655279035,0,0,15.172558784484863,14.831111111111111
1705,170.5,-163.89696810478875,116.2175483889983,-1750.0102093823782,149.11228515609986,-1.768192091759344,329400.6745785917,0,0,15.333438873291016,14.77388888888889
1706,170.6,-162.47956754846342,115.8501940690424,-1751.5521300130351,148.80390070104727,-1.768192091759344,330608.9565570238,0,0,16.11569595336914,14.706111111111111
1707,170.7,-161.06216699210844,115.48283974908655,-1753.1310960437484,148.48810715808094,-1.768192091759344,331834.7617160943,0,0,16.089019775390625,14.658055555555555
1708,170.802,-159.65813813912297,115.12661737834007,-1754.7408830782374,148.16614940778473,-1.768192091759344,333088.11096835317,0,0,16.10053253173828,14.553888888888888
1709,170.9,-158.26079513782227,114.75926305917518,-1756.2777597853437,147.85877373851824,-1.768192091759344,334283.48578328075,0,0,15.885445594787598,14.49111111111111
1710,171.0,-156.86345213652154,114.39190873921929,-1757.8071886680495,147.5528876357206,-1.768192091759344,335469.6599959547,0,0,15.308906555175781,14.458055555555555
1711,171.101,-155.47279498689082,114.02455442005437,-1759.3106573237817,147.2521935838555,-1.768192091759344,336643.78681196936,0,0,15.052346229553223,14.39
1712,171.2,-154.09550954064443,113.67946399851733,-1760.749089745232,146.96450679272027,-1.768192091759344,337766.0089201897,0,0,14.582382202148438,14.256944444444445
1713,171.3,-152.73159579775273,113.32324162777088,-1762.1781389029054,146.678696656342,-1.768192091759344,338890.6273911592,0,0,14.564617156982422,14.176944444444445
1714,171.4,-151.36099620316145,112.96701925702442,-1763.6054676567212,146.39323060110226,-1.768192091759344,340016.2394801945,0,0,14.547292709350586,14.193888888888889
1715,171.5,-149.99708246028462,112.63306078469678,-1765.0602788732313,146.10226804746114,-1.768192091759344,341175.6629133894,0,0,15.125151634216309,14.073055555555554
1716,171.6,-148.64654042070308,112.29910231236916,-1766.539696204018,145.80638426571576,-1.768192091759344,342346.2637832107,0,0,15.049160957336426,13.92
1717,171.7,-147.2959983811958,111.96514384004153,-1768.0211954226597,145.51008410595523,-1.768192091759344,343524.2853021906,0,0,15.167613983154297,13.95611111111111
1718,171.8,-145.95214219334358,111.6311853677139,-1769.507010660176,145.21292074149912,-1.768192091759344,344705.7757810076,0,0,15.137190818786621,13.903055555555556
1719,171.9,-144.6216577088609,111.30835884459569,-1771.0035371581048,144.91361512267562,-1.768192091759344,345903.072878392,0,0,15.38608169555664,13.716111111111111
1720,172.0,-143.29785907604818,110.9855323206865,-1772.5143891485752,144.61144440228784,-1.768192091759344,347110.9258120172,0,0,15.429374694824219,13.696944444444444
1721,172.1,-141.97406044323543,110.66270579756828,-1774.038407273713,144.30664045215804,-1.768192091759344,348335.10481899837,0,0,15.654619216918945,13.618888888888888
1722,172.2,-140.65026181040784,110.3510112236595,-1775.5607258489401,144.00217641237288,-1.768192091759344,349552.2288759179,0,0,15.394710540771484,13.61
1723,172.3,-139.34652073264942,110.03931664895973,-1777.085906745267,143.69713990775716,-1.768192091759344,350784.3323722125,0,0,15.71299934387207,13.45111111111111
1724,172.4,-138.0628372099156,109.72762207505092,-1778.6248536779156,143.38935019294058,-1.768192091759344,352024.05813092174,0,0,15.675483703613281,13.248055555555556
1725,172.5,-136.76578198382708,109.43819139797903,-1780.1670360583357,143.0809133878795,-1.768192091759344,353271.6128246902,0,0,15.778989791870117,13.285
1726,172.6,-135.47541260942336,109.13762877407062,-1781.7191880280816,142.7704826628266,-1.768192091759344,354529.94530247734,0,0,15.878824234008789,13.29111111111111
1727,172.7,-134.19172908668955,108.8704619962085,-1783.2934402251678,142.4556318875912,-1.768192091759344,355813.534187764,0,0,16.229747772216797,13.161111111111111
1728,172.8,-132.92141726734013,108.6032952183464,-1784.879834656186,142.13835266297923,-1.768192091759344,357101.717073489,0,0,16.12647819519043,13.03
1729,172.9,-131.6577912996458,108.34726038890274,-1786.4244355333478,141.8294321580539,-1.768192091759344,358347.42994655826,0,0,15.377323150634766,12.940000000000001
1730,173.0,-130.40085118363623,108.09122556025007,-1787.9105234151777,141.5322142646769,-1.768192091759344,359553.79265112884,0,0,14.933042526245117,12.87
1731,173.1,-129.13722521597157,107.84632268080678,-1789.348534907192,141.24461165951863,-1.768192091759344,360722.1075419586,0,0,14.396753311157227,12.903888888888886
1732,173.2,-127.87359924827723,107.60141980057254,-1790.776582654597,140.95900180540772,-1.768192091759344,361898.91812203015,0,0,14.72982120513916,12.841111111111111
1733,173.3,-126.6300308356372,107.3676488703387,-1792.2166260036975,140.67099282839877,-1.768192091759344,363081.06725428236,0,0,14.641416549682617,12.678055555555556
1734,173.4,-125.39983412636673,107.14500988852329,-1793.6727805229857,140.3797616139155,-1.768192091759344,364287.3209203975,0,0,15.058425903320312,12.536111111111111
1735,173.5,-124.1696374170814,106.93350285512632,-1795.1289968559909,140.08851803667565,-1.768192091759344,365482.20256885956,0,0,14.642677307128906,12.51611111111111
1736,173.6,-122.93944070779605,106.72199582331129,-1796.5645996703863,139.80139716755497,-1.768192091759344,366669.3881904218,0,0,14.637990951538086,12.479999999999999
1737,173.7,-121.71592985019552,106.53275268991511,-1797.9819899287659,139.51791881352256,-1.768192091759344,367838.0031934945,0,0,14.271212577819824,12.40388888888889
1738,173.8,-120.49910484429455,106.343509554146,-1799.3762786898103,139.23906076388516,-1.768192091759344,368994.09500031476,0,0,14.166810989379883,12.32388888888889
1739,173.9,-119.28896569003385,106.16539836995922,-1800.7724326166388,138.9598296806931,-1.768192091759344,370157.98151118116,0,0,14.30925464630127,12.238055555555556
1740,174.0,-118.07882653580283,105.99841913339992,-1802.187022367636,138.67691142873457,-1.768192091759344,371341.03826505336,0,0,14.542829513549805,12.258055555555554
1741,174.1,-116.88205908494137,105.8314398976316,-1803.6098734143532,138.39234091586977,-1.768192091759344,372528.47198835824,0,0,14.477752685546875,12.113055555555555
1742,174.2,-115.6852916340799,105.68672455949113,-1805.0482492425867,138.1046654433899,-1.768192091759344,373738.68049310404,0,0,14.859474182128906,12.033888888888889
1743,174.3,-114.48852418320358,105.54200922135067,-1806.492065285758,137.81590192676205,-1.768192091759344,374945.0358829614,0,0,14.588711738586426,12.056944444444444
1744,174.4,-113.29844258398234,105.40842583241961,-1807.8889712171315,137.53652044250055,-1.768192091759344,376107.8742076523,0,0,13.902691841125488,12.01388888888889
1745,174.5,-112.12173268816035,105.28597439269797,-1809.2219311389263,137.2699281737957,-1.768192091759344,377220.732167867,0,0,13.284463882446289,11.821944444444444
1746,174.6,-110.9450227923235,105.17465490218575,-1810.5177781892626,137.01075848729943,-1.768192091759344,378311.84423599293,0,0,13.145734786987305,11.818888888888889
1747,174.7,-109.78168459985619,105.07446736009197,-1811.7892251866315,136.75646881660165,-1.768192091759344,379381.12152922817,0,0,12.786798477172852,11.694999999999999
1748,174.8,-108.62503225905878,104.9742798179982,-1813.060011824603,136.50231121792422,-1.768192091759344,380462.1317480118,0,0,13.1322660446167,11.626944444444444
1749,174.9,-107.4750657699462,104.88522422590482,-1814.3408733035462,136.24613864890327,-1.768192091759344,381546.4203764004,0,0,12.99228572845459,11.548055555555555
1750,175.0,-106.33847098420313,104.7961686322295,-1815.6363268408406,135.9870476650993,-1.768192091759344,382653.7120360942,0,0,13.429886817932129,11.41388888888889
1751,175.1,-105.2018761984749,104.72937693855494,-1816.9618367135024,135.7219454078103,-1.768192091759344,383784.6831396503,0,0,13.605317115783691,11.366944444444444
1752,175.201,-104.07865311607168,104.65145329567098,-1818.3160887988493,135.45109470185304,-1.768192091759344,384941.69448663824,0,0,13.742635726928711,11.276111111111112
1753,175.301,-102.98217344042239,104.57352965120505,-1819.664469092153,135.18141835555693,-1.768192091759344,386093.96610254294,0,0,13.759035110473633,11.041111111111112
1754,175.402,-101.92580887486689,104.50673795753049,-1821.0144569685267,134.91142049230393,-1.768192091759344,387245.5409154078,0,0,13.502805709838867,10.666111111111112
1755,175.5,-100.89618771594655,104.45107821148342,-1822.3097047830386,134.6523706531004,-1.768192091759344,388355.55372027337,0,0,13.454313278198242,10.35388888888889
1756,175.6,-99.87993826048483,104.41768236464613,-1823.604880018334,134.39333532975564,-1.768192091759344,389460.8416137126,0,0,12.962182998657227,10.171944444444444
1757,175.7,-98.89043221170282,104.40655041543671,-1824.8700087841426,134.1403093067177,-1.768192091759344,390547.9367777055,0,0,12.841483116149902,9.93111111111111
1758,175.8,-97.96109882808373,104.3842865170179,-1826.1274719944488,133.88881639641548,-1.768192091759344,391631.59513449616,0,0,12.805835723876953,9.446111111111112
1759,175.9,-97.05182299945959,104.3842865170179,-1827.3800162449734,133.6383072791189,-1.768192091759344,392712.4702213815,0,0,12.741155624389648,9.19111111111111
1760,176.0,-96.16929057760423,104.3842865170179,-1828.623467473306,133.3896167682004,-1.768192091759344,393786.5449661653,0,0,12.620373725891113,8.883055555555556
1761,176.1,-95.28675815573399,104.3842865170179,-1829.873804899325,133.13954901627565,-1.768192091759344,394874.0234423686,0,0,12.881607055664062,8.821111111111112
1762,176.2,-94.45771254729743,104.41768236464613,-1831.1270131563501,132.88890709753733,-1.768192091759344,395959.0515888507,0,0,12.678927421569824,8.428888888888888
1763,176.301,-93.66209619726986,104.439946262274,-1832.3822733505676,132.6378547909228,-1.768192091759344,397050.61101323116,0,0,12.66996955871582,8.056944444444444
1764,176.4,-92.87316569892707,104.47334210990223,-1833.6080271541807,132.39270376872344,-1.768192091759344,398117.2000994878,0,0,12.58313274383545,7.951111111111111
1765,176.5,-92.10429275563857,104.50673795753049,-1834.8563781248681,132.14303330828878,-1.768192091759344,399210.91952268675,0,0,12.878332138061523,7.7588888888888885
1766,176.6,-91.36216321905948,104.6069254988333,-1836.1228841395657,131.88973183517928,-1.768192091759344,400319.15430530155,0,0,12.953424453735352,7.506944444444444
1767,176.7,-90.67352049589918,104.68484914250824,-1837.3988222635012,131.63454393821013,-1.768192091759344,401438.215653102,0,0,13.070710182189941,7.095000000000001
1768,176.8,-89.9715060694584,104.78503668381104,-1838.6734576703673,131.37961658493276,-1.768192091759344,402554.165489228,0,0,12.926854133605957,7.083888888888889
1769,176.9,-89.29623504966766,104.89635617432326,-1839.9340716501986,131.12749352005338,-1.768192091759344,403659.8034651535,0,0,12.784728050231934,6.8838888888888885
1770,177.0,-88.66776499164058,105.01880761483586,-1841.164885012679,130.88133058500122,-1.768192091759344,404736.4795218528,0,0,12.319038391113281,6.536111111111111
1771,177.101,-88.06603834039716,105.13012710534808,-1842.3718012282122,130.63994708443622,-1.768192091759344,405796.9610768183,0,0,12.053593635559082,6.185
1772,177.201,-87.4776833924639,105.26371049348816,-1843.5217553756113,130.40995600964916,-1.768192091759344,406803.772886635,0,0,11.400961875915527,6.066111111111111
1773,177.301,-86.93612940633886,105.3972938832102,-1844.635315645141,130.18724371819948,-1.768192091759344,407787.71245393547,0,0,11.311301231384277,5.693888888888889
1774,177.4,-86.43469053027793,105.55314117056008,-1845.7138782945774,129.97153095823413,-1.768192091759344,408738.14210282505,0,0,10.909354209899902,5.351111111111111
1775,177.5,-85.95330920925646,105.7312523563288,-1846.7846415894007,129.75737807085514,-1.768192091759344,409688.53740665014,0,0,10.930018424987793,5.158055555555556
1776,177.6,-85.53878640503817,105.90936354051556,-1847.843630586857,129.54558004546126,-1.768192091759344,410626.3228425592,0,0,10.669204711914062,4.626944444444445
1777,177.7,-85.05740508401671,106.07634277707486,-1848.8829270059214,129.33772053994653,-1.768192091759344,411549.49893727934,0,0,10.528367042541504,4.944999999999999
1778,177.801,-84.65625398313826,106.26558591126204,-1849.9088749057207,129.1325307411323,-1.768192091759344,412459.7652659738,0,0,10.189765930175781,4.581944444444445
1779,177.901,-84.25510288230436,106.43256514782134,-1850.8944693723977,128.93541163755074,-1.768192091759344,413336.1516197856,0,0,9.912496566772461,4.371944444444445
1780,178.001,-83.85395178144077,106.61067633279907,-1851.8442033733702,128.7454646347598,-1.768192091759344,414179.8209436554,0,0,9.458353042602539,4.368055555555555
1781,178.101,-83.51965919741004,106.79991946698622,-1852.756772227744,128.5629506692166,-1.768192091759344,414993.2009641167,0,0,9.154473304748535,3.9980555555555557
1782,178.201,-83.19873831673402,106.97803065275495,-1853.6235102789644,128.38960287408068,-1.768192091759344,415763.36250217876,0,0,8.523584365844727,3.7061111111111114
1783,178.301,-82.89787499109745,107.1672737869421,-1854.4421145686365,128.22588184152227,-1.768192091759344,416494.41397103644,0,0,8.172733306884766,3.5880555555555556
1784,178.401,-82.66387018224923,107.37878081954811,-1855.2285812896946,128.06858832954225,-1.768192091759344,417198.02782651846,0,0,7.868103981018066,3.2111111111111112
1785,178.501,-82.42986537341584,107.57915590294469,-1856.0030073346068,127.9137029553599,-1.768192091759344,417894.99858778703,0,0,7.927150726318359,3.098055555555556
1786,178.601,-82.20254641626724,107.74613513950399,-1856.7807457905114,127.75815509827244,-1.768192091759344,418595.2103999983,0,0,7.935664176940918,2.8869444444444445
1787,178.701,-81.99528501417294,107.92424632448173,-1857.5662147951614,127.60106112978684,-1.768192091759344,419304.440898475,0,0,8.084823608398438,2.7130555555555556
1788,178.8,-81.80808116710325,108.09122556025007,-1858.3590449138749,127.44249493691831,-1.768192091759344,420021.21219109674,0,0,8.249141693115234,2.5580555555555553
1789,178.9,-81.6275631717035,108.23594089918151,-1859.186233221108,127.27705709901656,-1.768192091759344,420771.87593607896,0,0,8.6222562789917,2.296111111111111
1790,179.001,-81.45373102800338,108.380656236531,-1860.0428682939582,127.10572990170984,-1.768192091759344,421546.82349922473,0,0,8.676750183105469,2.2600000000000002
1791,179.1,-81.32669984608178,108.51423962546204,-1860.8950992769476,126.93528352331478,-1.768192091759344,422320.213501535,0,0,8.880997657775879,1.8530555555555557
1792,179.2,-81.19966866414535,108.63669106597466,-1861.7747141727698,126.7593603565116,-1.768192091759344,423119.0689777308,0,0,9.059697151184082,1.73
1793,179.3,-81.11275259230271,108.73687860727746,-1862.669650173444,126.58037296546973,-1.768192091759344,423932.30257295753,0,0,9.193488121032715,1.3980555555555556
1794,179.4,-81.05257992716946,108.82593419937085,-1863.5780290210218,126.39869700217957,-1.768192091759344,424758.80836898414,0,0,9.333878517150879,1.1288888888888888
1795,179.5,-80.9790355586815,108.90385784304577,-1864.4974201552675,126.21481857920668,-1.768192091759344,425595.7265858745,0,0,9.418095588684082,1.0619444444444444
1796,179.6,-80.91217704187834,108.97064953751132,-1865.4183133815368,126.03063973750865,-1.768192091759344,426433.52109041397,0,0,9.36451530456543,0.8380555555555556
1797,179.701,-80.85869022842986,109.02630928276743,-1866.351021054632,125.84409800392523,-1.768192091759344,427284.9147545774,0,0,9.470711708068848,0.8211111111111112
1798,179.801,-80.81188926663647,109.10423292644236,-1867.284081951037,125.65748562560444,-1.768192091759344,428137.5076307607,0,0,9.56007194519043,0.8680555555555556
1799,179.901,-80.75840245320282,109.17102462090789,-1868.2233457276866,125.46963266991155,-1.768192091759344,428996.2519768684,0,0,9.5972261428833,0.8169444444444445
1800,180.001,-80.71828734312388,109.23781631537342,-1859.0158820684862,76.3235514654055,-1.8299428529811936,105769.67790097026,0,1,9.767659187316895,0.775
1801,180.101,-80.67817223303011,109.30460800983894,-1853.3012673052583,51.97645831818207,-1.83665146251883,73674.12827238334,0,1,9.850595474243164,0.7961111111111111
1802,180.2,-80.63137127126639,109.36026775509505,-1846.4466213049154,27.967246493133153,-1.8433460462548028,48099.99318614982,0,1,10.040006637573242,0.755
1803,180.3,-80.57788445781793,109.42705944956057,-1837.4692357633282,4.760208814968603,-1.8499743287813832,29495.194851485656,0,1,10.083334922790527,0.8461111111111111
1804,180.4,-80.53108349606906,109.50498309323551,-1824.6499307639356,-16.369480812911007,-1.856330222610769,17075.651062030334,0,1,10.184087753295898,0.8961111111111112
1805,180.5,-80.47759668260572,109.59403868691085,-1806.3933332072606,-32.633348338400445,-1.861823153414088,9419.576261139315,0,1,10.038422584533691,0.9600000000000001
1806,180.6,-80.40405231413263,109.69422622821365,-1783.934037720985,-41.66415971137078,-1.8657959126634538,5019.166543875516,0,1,10.050390243530273,1.2
1807,180.7,-80.33719379729976,109.79441376951647,-1760.0508803337843,-44.956595537977755,-1.8684846909071777,2609.465312791004,0,1,9.497762680053711,1.163888888888889
1808,180.8,-80.2636494288118,109.90573326002868,-1735.9473530651621,-45.19276005526456,-1.8705520881224627,1306.695283446804,0,1,9.255895614624023,1.2980555555555555
1809,180.9,-80.20347676367857,110.03931664895973,-1711.859686666808,-44.039417490907766,-1.8725264473269847,605.8270618736831,0,1,8.994159698486328,1.4630555555555556
1810,181.0,-80.12993239520546,110.17290003789077,-1687.7765195957306,-42.29322919569837,-1.8748866583733264,253.35925515838554,0,1,8.520825386047363,1.5611111111111111
1811,181.1,-80.06975973007222,110.3064834276128,-1663.682669238889,-40.30688053822572,-1.8784471278815513,97.00712793263467,0,1,8.367358207702637,1.461111111111111
