row,t,ref_E,ref_N,ekf_E,ekf_N,ekf_psi_rad,cov_trace,in_outage,gnss_used,gru_speed,ref_speed
1903,190.3,-124.02923453177542,180.09267220516054,-124.02923453177542,180.09267220516054,5.7011005483469575,33.121846967914685,0,1,11.32400894165039,15.031944444444445
1904,190.4,-124.91176695364565,181.33945050316862,-124.80432693137932,181.23758275808376,5.701009414953746,32.661099630409794,0,1,11.082744598388672,15.223055555555554
1905,190.5,-125.80098522720064,182.59736074801322,-125.54677672206128,182.32208840621217,5.700552664265513,32.84163993370896,0,1,12.393350601196289,15.29888888888889
1906,190.6,-126.69020350077045,183.88866684127706,-126.35303503836352,183.5033585467555,5.69974575038148,32.88821500232693,0,1,13.091357231140137,15.599999999999998
1907,190.7,-127.53262081256175,185.10204929086595,-127.19251911660061,184.72998929596588,5.6985455566919985,34.09010473471466,0,1,13.974139213562012,15.033888888888889
1908,190.8,-128.32155131090454,186.35995953729247,-128.04842418204456,186.00503488091653,5.697956039301254,34.423685250058575,0,1,14.57029914855957,14.983055555555554
1909,190.9,-129.13053936428682,187.6512656305563,-128.91689449521522,187.318750156805,5.698057337157259,34.42037924136872,0,1,15.129596710205078,15.223055555555554
1910,191.0,-129.73895186722984,189.0316273159135,-129.74769570848483,188.6904733493954,5.702295792565723,34.15260960023794,0,1,15.703893661499023,15.446944444444444
1911,191.1,-130.44096629374485,190.4231209512711,-130.52107953669844,190.15425245990832,-0.5619905958436249,17.563855813590248,0,1,16.490169525146484,15.526944444444444
1912,191.2,-131.2700119021666,191.72555899374436,-131.37679055206618,191.59104951669224,-0.560758930381511,17.375043814027162,0,1,16.705360412597656,15.410000000000002
1913,191.3,-132.14585847236688,193.01686508700817,-132.25582830484086,193.0321684219546,-0.5600939938135795,17.748784976651486,0,1,17.34109115600586,15.54888888888889
1914,191.4,-133.02170504253746,194.26364338343436,-133.15043468180738,194.46062850201363,-0.5600815622216976,17.486958279541756,0,1,17.31215476989746,15.348888888888888
1915,191.5,-133.90423746442252,195.46589388460475,-134.06549580913375,195.87803486646047,-0.560804632795776,18.009340455151346,0,1,18.159807205200195,15.223888888888888
1916,191.6,-134.80014158964744,196.75719997707762,-135.0085647220764,197.31732216017357,-0.5618681653489848,18.104791419780454,0,1,18.567493438720703,15.51388888888889
1917,191.7,-135.60912964302972,198.03737412192302,-135.94301746630643,198.75105922874712,-0.5627293588159037,17.964560532502627,0,1,18.741777420043945,15.305
1918,191.8,-136.47829036156008,199.35094411281466,-136.87051209265294,200.16758681576778,-0.5636298874976832,17.589402716074964,0,1,18.659379959106445,15.54111111111111
1919,191.9,-137.36750863510022,200.59772241003182,-137.86493118262496,201.5116407516752,-0.575912594470882,14.452370422440532,0,1,18.77168083190918,15.51388888888889
1920,192.0,-138.27009861202475,201.8667646048768,-138.78481403940776,202.8756999526679,-0.5764914352462912,14.185144133297376,0,1,18.54631233215332,15.591944444444444
1921,192.1,-139.1994319957032,203.16920264735006,-139.71027140537169,204.23099508790676,-0.5772535085934346,14.308929168727591,0,1,18.84832191467285,15.793888888888887
1922,192.2,-140.1020219725832,204.51616848586997,-140.6470271909929,205.60670560081877,-0.5779551142370415,14.451588589334104,0,1,19.17673110961914,15.931944444444444
1923,192.3,-140.9912402461382,205.82973847676166,-141.58820291983147,206.98919902395903,-0.5786329678830671,14.510890317926894,0,1,19.3457088470459,15.748055555555556
1924,192.401,-141.83365755792946,207.16557236607218,-142.51569191050757,208.3696349115547,-0.5790636474481313,14.28062191649007,0,1,18.945837020874023,15.66
1925,192.501,-142.66270316636601,208.4457465109176,-143.38886648606345,209.67586480705455,-0.5793754827270897,13.789907092546212,0,1,18.06854248046875,15.52611111111111
1926,192.601,-143.55192143992102,209.7927123494375,-144.22022455588845,210.920566887152,-0.5796515805711145,13.227829819635662,0,1,16.99626922607422,15.825
1927,192.7,-144.44782556514593,211.1174142895386,-145.039270534645,212.10175727959717,-0.5829852131538056,11.910446514949104,0,1,16.560321807861328,16.015
1928,192.8,-145.41058820718888,212.44211623043068,-145.86327406719894,213.3095260074034,-0.5833416859635719,11.852362350969516,0,1,16.483299255371094,16.196944444444444
1929,192.9,-146.3599791458771,213.82247791578786,-146.69890652913895,214.5306813926091,-0.5837308172919701,11.771132565770015,0,1,16.147937774658203,16.37388888888889
1930,193.0,-147.26925497447155,215.18057570351723,-147.5260934512967,215.7429984056895,-0.5840784487647281,11.614564346904459,0,1,15.590438842773438,16.445
1931,193.101,-148.17184495138125,216.549805440456,-148.3537129572359,216.9632248476394,-0.5843557988769056,11.572855369256041,0,1,15.330673217773438,16.308055555555555
1932,193.201,-149.0878066316753,217.85224348292923,-149.15963019169425,218.1405138831389,-0.584717862244267,11.255070100340793,0,1,14.296592712402344,16.253055555555555
1933,193.301,-149.97702490524514,219.1658134746119,-149.95919219646714,219.3095005188734,-0.5850609837762298,11.328651538726621,0,1,14.455970764160156,16.238888888888887
1934,193.4,-150.92641584391853,220.52391126155027,-150.78641876067923,220.5127926367291,-0.5854653449967405,11.427208621349362,0,1,14.696836471557617,16.393055555555556
1935,193.5,-151.86912093090717,221.9154048969079,-151.65647681768704,221.74327505477564,-0.589413084567675,10.753713022621113,0,1,14.407944679260254,16.64888888888889
1936,193.6,-152.81182601791062,223.28463463305565,-152.50957317956335,222.9854238675924,-0.5896636597669043,10.68610281614766,0,1,14.097458839416504,16.585
1937,193.7,-153.73447354988946,224.68726021762268,-153.36550244864537,224.24135716218157,-0.5898418822407359,10.729133435263522,0,1,14.046581268310547,16.67888888888889
1938,193.8,-154.64374937846907,226.0787538521893,-154.2089179395993,225.4883123012473,-0.5899469319962722,10.551052399226341,0,1,13.195710182189941,16.651944444444446
1939,193.9,-155.51291009698457,227.53703918122147,-155.06271357404586,226.78166932813454,-0.5898194644831292,10.936738100895877,0,1,14.363601684570312,16.711944444444445
1940,194.0,-156.43555762894857,228.9841925618352,-155.95983889245042,228.1492448275343,-0.5896171202254482,11.078414548598227,0,1,14.596858024597168,17.108888888888888
1941,194.1,-157.38494856763683,230.39795009482063,-156.8822556941669,229.5493763104494,-0.5894533475667395,11.31016250923355,0,1,15.082873344421387,16.665
1942,194.201,-158.34102535798013,231.76717983255037,-157.837268247314,230.98397931864653,-0.5894031963978861,11.523146888452263,0,1,15.43138313293457,16.77388888888889
1943,194.3,-159.24361533490466,233.19206931395428,-158.76414206058277,232.4115481801193,-0.5870834700603007,10.906634974217592,0,1,15.335415840148926,16.93611111111111
1944,194.4,-160.17294871855344,234.60582684693975,-159.70564642967548,233.84032193500235,-0.5869848542110961,10.964133445529487,0,1,15.380827903747559,16.828055555555554
1945,194.5,-161.12233965724167,235.97505658387848,-160.66046074389095,235.2766349178433,-0.5869758917297515,11.191907376825085,0,1,15.838287353515625,16.89611111111111
1946,194.6,-162.078416447585,237.38881411607298,-161.62330411337348,236.72062735207632,-0.586999932996244,11.24637984674276,0,1,15.710532188415527,16.98611111111111
1947,194.7,-163.034493237958,238.74691190459328,-162.5767734174292,238.13675921325614,-0.5871297734622543,11.252858050464827,0,1,15.453729629516602,16.91
1948,194.8,-163.9838841766611,240.13840553915995,-163.5341629727223,239.55506435436956,-0.5872901154832205,11.480877394913469,0,1,15.89470100402832,17.00611111111111
1949,194.9,-164.9265892636497,241.6189547666109,-164.5055772314671,241.00934501468316,-0.5873310521446852,11.668013430683391,0,1,16.184707641601562,17.165
1950,195.0,-165.916095312402,243.0661081472246,-165.47201522443459,242.44976156079267,-0.5874253741742843,11.525587691578266,0,1,15.536725997924805,17.38388888888889
1951,195.101,-166.89222965782935,244.47986568100103,-166.43142922545152,243.85366618916711,-0.5892619575259133,10.855157180188153,0,1,15.11910629272461,17.10111111111111
1952,195.201,-167.86836400319729,245.94928295845162,-167.35248969049087,245.22182234929824,-0.5893337178423789,10.680627338122372,0,1,14.374814987182617,17.34111111111111
1953,195.301,-168.8311266452699,247.3853043906469,-168.26743070800705,246.58158846683943,-0.5893988403745305,10.79556033080224,0,1,14.560489654541016,17.371111111111112
1954,195.401,-169.7938892873277,248.8547216688885,-169.1942330933278,247.96581456254407,-0.5894149612418074,10.863957792019642,0,1,14.558771133422852,17.48611111111111
1955,195.5,-170.79676703943474,250.2907431002928,-170.13017746974148,249.3525436851387,-0.5895134537392318,10.96109047564592,0,1,14.698342323303223,17.511944444444445
1956,195.601,-171.68598531300455,251.7712923269528,-171.06590548350596,250.7682213940053,-0.5893897094688614,10.941766097056005,0,1,14.33578872680664,17.43
1957,195.701,-172.66880551008697,253.30750130045084,-171.99077212489811,252.17698260034996,-0.5891935313318203,10.967208206395519,0,1,14.213146209716797,17.76
1958,195.801,-173.63825400379977,254.78805052790182,-172.90533765034962,253.5914886237321,-0.5870231373288108,10.45783841060068,0,1,13.98343563079834,17.685
1959,195.901,-174.5943307941728,256.3353914498183,-173.8224698653408,255.00652134806472,-0.5867807332564405,10.427235366892411,0,1,13.735809326171875,17.85111111111111
1960,196.001,-175.5771509912701,257.8493365248976,-174.7403953882979,256.4233435683158,-0.5865348799971509,10.45007954992182,0,1,13.565422058105469,17.793055555555558
1961,196.101,-176.5265419299583,259.341017701558,-175.6577145312853,257.8446382893303,-0.5862523793668957,10.499187296403353,0,1,13.50509262084961,17.865
1962,196.2,-177.48930457200123,260.7881710821717,-176.57178602646786,259.2540061234323,-0.5860179160307157,10.516712096614055,0,1,13.382802963256836,17.728055555555557
1963,196.3,-178.4587530657141,262.30211615645993,-177.5010743898285,260.69055887848526,-0.5857526509987873,10.622211552798339,0,1,13.515449523925781,17.931944444444447
1964,196.4,-179.4482591145258,263.838325129167,-178.44903582626537,262.157436337402,-0.58547010150185,10.767249029089223,0,1,13.776604652404785,17.92694444444444
1965,196.501,-180.42439345989374,265.3077424074086,-179.4141670906895,263.66825141132654,-0.5826898782208643,10.493447401727458,0,1,14.25398063659668,17.931111111111107
1966,196.601,-181.3871561019515,266.8550833301161,-180.39022429773954,265.1834993553619,-0.5824608747866936,10.514840208562523,0,1,14.178583145141602,18.123055555555553
1967,196.701,-182.3833480023886,268.3801603544048,-181.36982057898786,266.7010919673614,-0.5822512470759739,10.620441910088923,0,1,14.273726463317871,18.15388888888889
1968,196.801,-183.33273894107685,269.9052373779024,-182.35554830282857,268.23796829277325,-0.5819736625060343,10.818341875434578,0,1,14.686168670654297,18.080000000000002
1969,196.901,-184.3489883965831,271.46371024902834,-183.35762486632274,269.7959879000184,-0.5817186643681788,10.93186143910079,0,1,14.775629997253418,18.346111111111114
1970,197.001,-185.351866148705,272.9442594764793,-184.37791557404623,271.36830818067307,-0.5815581278480224,11.234683773285555,0,1,15.463459014892578,18.02388888888889
1971,197.101,-186.34137219747214,274.48046844918645,-185.41250453395654,272.96474752688795,-0.5813788137528543,11.384781026438128,0,1,15.630064964294434,18.17611111111111
1972,197.201,-187.36430750463347,275.99441352426567,-186.45013121885088,274.56597972839097,-0.5801892780978113,10.950098748820208,0,1,15.894024848937988,18.146944444444443
1973,197.301,-188.3538135534155,277.53062249697274,-187.49632761518842,276.17297127405703,-0.5801089985416505,11.086621755556111,0,1,16.174158096313477,18.145
1974,197.4,-189.33663375049792,279.04456757205196,-188.53693145242033,277.772337955269,-0.580023511464416,11.261011401741044,0,1,16.444599151611328,18.086111111111112
1975,197.5,-190.35956905767407,280.54738069713085,-189.58671730684165,279.3734377823532,-0.5800263166793774,11.344029840670435,0,1,16.353649139404297,18.036944444444448
1976,197.6,-191.32233169970218,282.0835896706289,-190.61310991460385,280.95108127337056,-0.5799396422192346,11.354779253567587,0,1,16.06576156616211,18.060000000000002
1977,197.7,-192.27840849007518,283.60866669412655,-191.61109434903648,282.4955246215834,-0.5797758229253844,11.309351691876794,0,1,15.638792037963867,17.96611111111111
1978,197.8,-193.25454283547282,285.1448756668337,-192.59425993944615,284.0223422842397,-0.5795732401007228,11.376048075155767,0,1,15.591992378234863,18.093055555555555
1979,197.9,-194.21061962584582,286.6365568434941,-193.56601604024397,285.5504277453539,-0.5777972007239542,10.893676863253846,0,1,15.686983108520508,17.816944444444445
1980,198.0,-195.16669641618915,288.15050191857335,-194.53736959411484,287.0662384540247,-0.5776158339923236,10.865357868974714,0,1,15.420866012573242,17.916944444444447
1981,198.1,-196.12277320656216,289.6533150444431,-195.51344081726864,288.5917019104888,-0.5774183529084845,11.124392948496494,0,1,16.01694107055664,17.805
1982,198.2,-197.07884999693516,291.11160037426623,-196.5103592350907,290.1431223789399,-0.5772626468124274,11.362529739283364,0,1,16.475793838500977,17.64
1983,198.3,-198.02824093563825,292.6032815501357,-197.50477104168826,291.6935324164961,-0.5770854562814113,11.394769048838231,0,1,16.26119613647461,17.753888888888888
1984,198.4,-198.98431772596672,294.1394905228428,-198.46677187281662,293.202750571566,-0.5768435033131297,11.197918012738745,0,1,15.35577392578125,17.891111111111112
1985,198.5,-199.93370866466978,295.68683144555024,-199.40251968798808,294.68268380864623,-0.5765172904733599,11.233637570117681,0,1,15.23367691040039,17.97111111111111
1986,198.6,-200.8897854550428,297.2007765206295,-200.31918350885218,296.16167819132136,-0.5736885867008303,10.673982806239346,0,1,14.932769775390625,17.87388888888889
1987,198.7,-201.83249054203142,298.7369854933366,-201.23536974838314,297.62130268024407,-0.5734059319868979,10.623079569577012,0,1,14.596456527709961,17.916944444444447
1988,198.8,-202.78856733240445,300.29545836446255,-202.1528445305059,299.09030469433606,-0.5730757562092121,10.732396267291444,0,1,14.728333473205566,18.05111111111111
1989,198.9,-203.74464412277746,301.8205353887511,-203.08193412466323,300.57739546326445,-0.5727444168377039,10.842084417489561,0,1,14.844273567199707,18.046111111111113
1990,199.0,-204.7007209131356,303.34561241145786,-204.02953372208682,302.0933151613334,-0.5724105086687982,11.075964789499437,0,1,15.365459442138672,18.036944444444448
1991,199.1,-205.650111851809,304.8706894357465,-204.98931565601413,303.6301641973236,-0.5720598797290204,11.170439499988644,0,1,15.388864517211914,17.968055555555555
1992,199.2,-206.59950279049724,306.4068984084536,-205.95055897055852,305.17302761564775,-0.5716795169128084,11.300892266430878,0,1,15.529426574707031,18.043055555555554
1993,199.3,-207.54220787748588,307.9542393303701,-206.9113377874889,306.7597687923638,-0.5677682345050696,11.025454387062794,0,1,16.288793563842773,18.00305555555556
1994,199.4,-208.47822711281938,309.4904483038682,-207.89212164455554,308.34655937239086,-0.5674339145918845,11.003119384723663,0,1,16.009105682373047,17.955000000000002
1995,199.5,-209.4209321998229,311.0377892257847,-208.85117974191078,309.90400424952344,-0.5670686047829796,10.992363006436934,0,1,15.628193855285645,18.041111111111114
1996,199.6,-210.3502655834419,312.60739404612,-209.75761808895373,311.3902754211063,-0.5666268177103548,10.603234300435814,0,1,13.919990539550781,18.11888888888889
1997,199.7,-211.27959896710556,314.15473496803656,-210.62614373434127,312.8223778835143,-0.5661516252917879,10.630167921223551,0,1,13.7990140914917,18.036944444444448
1998,199.8,-212.20893235073945,315.70207588995305,-211.49755976088653,314.26348554234596,-0.5656483978870124,10.6430049745237,0,1,13.630690574645996,18.06611111111111
1999,199.9,-213.1248940310187,317.2716807102884,-212.37983381962914,315.7332099045789,-0.5650647287812091,10.807791979755216,0,1,13.998034477233887,18.099999999999998
2000,200.0,-214.04085571131276,318.8301535814143,-213.25140566184976,317.2473412051015,-0.5592038552834229,10.407046880485142,0,1,14.02463436126709,18.048055555555553
2001,200.1,-214.94344568822243,320.3774945033308,-214.14354445803818,318.7485016896767,-0.5587174985124663,10.395697134652611,0,1,13.827129364013672,18.005
2002,200.201,-215.85272151683176,321.9582312720847,-215.0390984396367,320.26577455591723,-0.5581679318752024,10.476744895657776,0,1,13.807051658630371,18.064999999999998
2003,200.301,-216.76199734541137,323.5167041432106,-215.7709170116832,321.4378089196213,-0.5581679318752024,12.335036268342852,1,0,13.827873229980469,18.055
2004,200.4,-217.66458732236558,325.0751770143365,-216.4890256740825,322.58788635876545,-0.5581679318752024,14.130657270409124,1,0,13.563251495361328,17.946944444444444
2005,200.5,-218.5671772992159,326.63364988546243,-217.2123261767416,323.74627872107243,-0.5581679318752024,16.107729222302172,1,0,13.750016212463379,18.009999999999998
2006,200.6,-219.4697672761701,328.20325470579775,-217.93675865332693,324.906483981263,-0.5581679318752024,18.0286068213285,1,0,13.605997085571289,18.04
2007,200.701,-220.35898554972508,329.76172757692365,-218.66039824458176,326.0654194064298,-0.5581679318752024,20.001261036837445,1,0,13.449520111083984,17.89611111111111
2008,200.801,-221.24151797158046,331.30906849963117,-219.37286127503705,327.20645515833564,-0.5581679318752024,22.04047168287325,1,0,13.454503059387207,17.87111111111111
2009,200.901,-222.11736454179558,332.87867331917556,-220.07928172351308,328.3378134929195,-0.5581679318752024,24.04139455067657,1,0,13.22134017944336,17.91
2010,201.001,-222.99989696365097,334.4482781395109,-220.77690425808925,329.45508164475314,-0.5581679318752024,26.12208035551073,1,0,13.122276306152344,17.88111111111111
2011,201.101,-223.86237183049656,335.9956190614274,-221.47010426029146,330.5652669483028,-0.5581679318752024,28.253432534167874,1,0,13.054336547851562,17.763055555555557
2012,201.2,-224.72484669731244,337.5318280341345,-222.1391277842564,331.63673273260065,-0.5581679318752024,30.206853078993507,1,0,12.464512825012207,17.67611111111111
2013,201.3,-225.5739498607885,339.1014328552608,-222.79687476817753,332.6901387232001,-0.5581679318752024,32.384997611379895,1,0,12.373323440551758,17.778888888888886
2014,201.401,-226.42305302426456,340.65990572559576,-223.42517531952086,333.6963851688111,-0.5581679318752024,34.188280871722476,1,0,11.117647171020508,17.66111111111111
2015,201.5,-227.26547033605584,342.19611469830284,-224.00299598937718,334.6217862272701,-0.5581679318752024,36.307258348901065,1,0,10.922412872314453,17.55611111111111
2016,201.6,-228.10120179616234,343.73232367180094,-224.56944774317708,335.5289795484483,-0.5581679318752024,38.381556624182885,1,0,10.467933654785156,17.51
2017,201.7,-228.93024740458407,345.29079654292684,-225.12860606638316,336.42449217223475,-0.5581679318752024,40.69503010584333,1,0,10.646998405456543,17.55888888888889
2018,201.801,-229.7526071613359,346.827005514843,-225.7019403426254,337.34270810628453,-0.5581679318752024,43.070846055323784,1,0,10.788887023925781,17.378888888888888
2019,201.901,-230.57496691807285,348.3520825399226,-226.27025828002513,338.25289018914725,-0.5581679318752024,45.36703773086649,1,0,10.671930313110352,17.31888888888889
2020,202.0,-231.37726911978518,349.8994234618391,-226.8324289949087,339.1532272690189,-0.5581679318752024,47.75915596907408,1,0,10.771186828613281,17.39111111111111
2021,202.1,-232.17957132149752,351.4356324353372,-227.38853554449307,340.04385236508773,-0.5581679318752024,49.95631965466602,1,0,10.228504180908203,17.278888888888886
2022,202.2,-232.97518767152508,352.9607094580439,-227.9383086264685,340.9243341797983,-0.5581679318752024,52.50587526789027,1,0,10.532022476196289,17.173055555555557
2023,202.3,-233.77080402153783,354.4746545331231,-228.4929241788495,341.8125713889982,-0.5581679318752024,54.93886520396691,1,0,10.411365509033203,17.16
2024,202.4,-234.55304866822556,356.0108635058302,-229.05374641937584,342.71074883758183,-0.5581679318752024,57.62096079299945,1,0,10.766399383544922,17.153888888888886
2025,202.5,-235.32860746318397,357.52480858090945,-229.63521515010876,343.6419923997321,-0.5581679318752024,60.42637895950802,1,0,11.191018104553223,17.066944444444445
2026,202.6,-236.09748040648728,359.0498856044071,-230.2422812101145,344.61423102633495,-0.5581679318752024,63.3998623578426,1,0,11.73300552368164,17.023888888888887
2027,202.701,-236.85966749810584,360.56383067948633,-230.87429130582828,345.62641844371433,-0.5581679318752024,66.3226449450435,1,0,11.896657943725586,16.996111111111112
2028,202.8,-237.62185458970956,362.08890770377496,-231.50243005374506,346.63240575518563,-0.5581679318752024,69.26731581143082,1,0,12.062705993652344,16.94388888888889
2029,202.9,-238.3773558296285,363.60285277806327,-232.13837235897483,347.65089075075497,-0.5581679318752024,72.16596700544241,1,0,11.951742172241211,16.93388888888889
2030,203.0,-239.13285706959198,365.1167978531425,-232.78278709329854,348.6829446531846,-0.5581679318752024,75.44254210905629,1,0,12.382641792297363,16.91611111111111
2031,203.101,-239.86830075450118,366.63074292743073,-233.44136059269684,349.7376743387249,-0.5581679318752024,78.521807714485,1,0,12.240177154541016,16.853055555555557
2032,203.201,-240.5970585877107,368.15581995092845,-234.10173974052137,350.7952958366423,-0.5581679318752024,82.00817041696354,1,0,12.697054862976074,16.82611111111111
2033,203.3,-241.3057588658659,369.66976502679864,-234.76944219166666,351.8646458742226,-0.5581679318752024,85.35096082431188,1,0,12.771404266357422,16.76388888888889
2034,203.4,-242.0144591440657,371.1948420510873,-235.45875387782755,352.96860389659673,-0.5581679318752024,89.11483913990728,1,0,13.258378028869629,16.83111111111111
2035,203.501,-242.716473570551,372.71991907458494,-236.16635850887133,354.1018587431242,-0.5581679318752024,92.68211921874187,1,0,13.197622299194336,16.74888888888889
2036,203.6,-243.41180214536638,374.23386414887324,-236.87240057444166,355.2326110835654,-0.5581679318752024,96.70779727908844,1,0,13.733241081237793,16.69388888888889
2037,203.7,-244.10044486848213,375.7700731215803,-237.59396414794207,356.38822168993016,-0.5581679318752024,100.37234737867702,1,0,13.514436721801758,16.72888888888889
2038,203.8,-244.77571588825808,377.2951501466599,-238.3010357428136,357.5206228594195,-0.5581679318752024,104.00668075777726,1,0,13.185995101928711,16.723055555555558
2039,203.9,-245.44430105634922,378.8313591185761,-239.00042440118187,358.64071952347473,-0.5581679318752024,107.9677017105297,1,0,13.224313735961914,16.718055555555555
2040,204.0,-246.10620037274077,380.3675680920741,-239.69833711425102,359.75845240683935,-0.5581679318752024,111.92287604756649,1,0,13.130260467529297,16.66
2041,204.1,-246.74804213412247,381.90377706478125,-240.3977060485633,360.87851748209334,-0.5581679318752024,116.15709362706221,1,0,13.279303550720215,16.653055555555554
2042,204.2,-247.38988389547458,383.45111798669774,-241.1160022223347,362.0288952275977,-0.5581679318752024,120.88948040008594,1,0,13.844990730285645,16.66111111111111
2043,204.3,-248.02503980515667,384.9761950101954,-241.8417020137119,363.1911301390468,-0.5581679318752024,125.09615715085644,1,0,13.558878898620605,16.578055555555554
2044,204.4,-248.64682401148409,386.52353593290286,-242.5687343784729,364.35549921579,-0.5581679318752024,129.91480207391368,1,0,13.89531135559082,16.59611111111111
2045,204.5,-249.26860821779673,388.0708768548194,-243.29805819364324,365.52353813465703,-0.5581679318752024,134.3788594887772,1,0,13.645408630371094,16.596944444444446
2046,204.6,-249.87702072076945,389.60708582752653,-244.0217729772422,366.68259398312887,-0.5581679318752024,139.16807986665853,1,0,13.683503150939941,16.52111111111111
2047,204.7,-250.47874737202773,391.1432948010246,-244.74522884788118,367.841235172971,-0.5581679318752024,143.9983375583473,1,0,13.635631561279297,16.491944444444446
2048,204.8,-251.06710231994614,392.67950377373165,-245.46264296995167,368.9902002802292,-0.5581679318752024,148.80240940919313,1,0,13.455354690551758,16.455
2049,204.9,-251.65545726786456,394.2157127464388,-246.17160602855074,370.1256306984575,-0.5581679318752024,153.71422544367127,1,0,13.316502571105957,16.451944444444443
2050,205.001,-252.22375466074354,395.7630536683553,-246.884981356701,371.26812752868153,-0.5581679318752024,158.93142375441658,1,0,13.355253219604492,16.39388888888889
2051,205.1,-252.7853662019377,397.29926264106234,-247.58359425658347,372.3869817869848,-0.5581679318752024,164.06528623129958,1,0,13.292236328125,16.34111111111111
2052,205.2,-253.3402918914323,398.83547161456045,-248.29105593822612,373.5200076947878,-0.5581679318752024,169.55246304226628,1,0,13.42292594909668,16.326944444444443
2053,205.3,-253.89521758094168,400.37168058726746,-249.011545396715,374.6738980664492,-0.5581679318752024,175.4477359610754,1,0,13.784191131591797,16.288888888888888
2054,205.4,-254.443457418796,401.8967576107652,-249.74014303326157,375.84077398353713,-0.5581679318752024,181.1331977575712,1,0,13.729106903076172,16.206944444444442
2055,205.501,-254.98501140492104,403.4107026858444,-250.4819910466422,377.0288708665525,-0.5581679318752024,187.3651272587216,1,0,14.00718879699707,16.16
2056,205.601,-255.52656539109066,404.9246477609237,-251.22585091019536,378.220189801627,-0.5581679318752024,193.53637055225602,1,0,14.082441329956055,16.015
2057,205.7,-256.0614335255606,406.4385928352119,-251.97229008147542,379.4156395929084,-0.5581679318752024,200.0863393318481,1,0,14.38930606842041,16.05
2058,205.802,-256.58961580834574,407.9636698595006,-252.74927671623118,380.66001227066374,-0.5581679318752024,206.70585894587714,1,0,14.375951766967773,16.053055555555556
2059,205.9,-257.11111223944613,409.46648298537036,-253.50276839242363,381.86675690799547,-0.5581679318752024,213.56800856055136,1,0,14.658075332641602,15.913055555555555
2060,206.0,-257.6326086705465,410.9581641620308,-254.27610635008386,383.1052860951622,-0.5581679318752024,220.33236682394343,1,0,14.544706344604492,15.781944444444443
2061,206.1,-258.1407333983071,412.44984533869126,-255.05094694744415,384.3462218150847,-0.5581679318752024,227.5752929088447,1,0,14.714818000793457,15.803888888888888
2062,206.2,-258.642172274368,413.9415265145606,-255.8411543774958,385.6117680828459,-0.5581679318752024,235.37460158799976,1,0,15.124988555908203,15.741944444444446
2063,206.3,-259.1302394470594,415.42207574280263,-256.6379190080782,386.88781594847,-0.5581679318752024,242.74010498352624,1,0,14.962430953979492,15.543888888888889
2064,206.4,-259.61830661978047,416.89149302104414,-257.4409507869723,388.1739008826583,-0.5581679318752024,250.99303109518834,1,0,15.361648559570312,15.49888888888889
2065,206.5,-260.0930020891172,418.3497783500763,-258.2460040921911,389.46322336561934,-0.5581679318752024,258.58180644250274,1,0,15.03876781463623,15.356944444444443
2066,206.6,-260.561011706784,419.8080636798994,-259.0418190890315,390.73775035787247,-0.5581679318752024,266.6340263463472,1,0,15.012791633605957,15.283055555555555
2067,206.7,-261.0290213244359,421.25521705972216,-259.83183478408586,392.0029895549824,-0.5581679318752024,274.61601044036144,1,0,14.819774627685547,15.16611111111111
2068,206.8,-261.48365923873314,422.69123849112646,-260.61971093679335,393.26480219631867,-0.5581679318752024,283.1309702586896,1,0,14.931998252868652,15.063888888888888
2069,206.9,-261.92492544967564,424.1272599225307,-261.41780809024976,394.54298414634366,-0.5581679318752024,292.1270350689302,1,0,15.205739974975586,15.02388888888889
2070,207.0,-262.3595058089334,425.52988550630675,-262.2302003858536,395.8440602923782,-0.5581679318752024,301.4465730329051,1,0,15.471811294555664,14.766944444444444
2071,207.1,-262.78071446482164,426.93251109087385,-263.04541243855914,397.14965238313846,-0.5581679318752024,310.4403385456549,1,0,15.312219619750977,14.591944444444445
2072,207.2,-263.1952372690251,428.32400472544043,-263.8416204012264,398.4248087246189,-0.5581679318752024,318.9373986263835,1,0,14.754179000854492,14.498055555555556
2073,207.3,-263.5963883698887,429.6932344623792,-264.64775999430606,399.71587093754925,-0.5581679318752024,329.6856862350156,1,0,15.687257766723633,14.34
2074,207.4,-263.9908536190675,431.05133225010854,-265.47760386187355,401.0448964180562,-0.5581679318752024,339.5946295286747,1,0,15.649299621582031,14.113055555555556
2075,207.5,-264.37863301656154,432.39829808862845,-266.32452108442374,402.40126550462764,-0.5581679318752024,350.92446252105736,1,0,16.331981658935547,13.963888888888889
2076,207.6,-264.7597265623708,433.7230000295205,-267.2025079631896,403.8073937885553,-0.5581679318752024,362.58206229700636,1,0,16.822551727294922,13.816944444444445
2077,207.7,-265.12076255312576,435.0254380712028,-268.0704708797269,405.197468328233,-0.5581679318752024,372.35135245069716,1,0,15.95345687866211,13.59888888888889
2078,207.8,-265.48179854389565,436.30561221525727,-268.90050443664717,406.5267976032164,-0.5581679318752024,382.4143826742917,1,0,15.390263557434082,13.23388888888889
2079,207.9,-265.8160911279263,437.541258563265,-269.7095563206836,407.8225239572455,-0.5581679318752024,392.9437550278933,1,0,15.161147117614746,12.851944444444445
2080,208.001,-266.15038371197187,438.732377115226,-270.52115032363605,409.1223216082329,-0.5581679318752024,404.0925242253451,1,0,15.182819366455078,12.518055555555554
2081,208.101,-266.4646187409929,439.91236371718657,-271.3281727765725,410.4147977537008,-0.5581679318752024,415.5166569565884,1,0,15.291955947875977,12.18
2082,208.201,-266.7654820666146,441.04782252310054,-272.1304006928529,411.6995952723424,-0.5581679318752024,426.5244417083765,1,0,15.001768112182617,11.768055555555556
2083,208.3,-267.0596595405812,442.14988548217724,-272.90306780253866,412.93705007180023,-0.5581679318752024,437.0224922492637,1,0,14.470402717590332,11.453888888888889
2084,208.4,-267.3337794594935,443.2185525936256,-273.65788151275126,414.14591199524756,-0.5581679318752024,447.6594850730458,1,0,14.032866477966309,11.043888888888889
2085,208.5,-267.60789937842065,444.25382385823673,-274.3848418758688,415.3101657587101,-0.5581679318752024,457.9019236221158,1,0,13.418604850769043,10.818055555555555
2086,208.601,-267.88870514901777,445.2668312244291,-275.08549009729796,416.4322796593416,-0.5581679318752024,467.9862335555014,1,0,12.777308464050293,10.49
2087,208.701,-268.1093382544816,446.22417884536526,-275.7577091842628,417.5088632553356,-0.5581679318752024,478.45601063960424,1,0,12.607023239135742,9.92
2088,208.801,-268.343343063315,447.14813061867324,-276.43075655530373,418.5867733787467,-0.5581679318752024,489.57895046231073,1,0,12.808586120605469,9.615
2089,208.9,-268.5840337238183,448.0498184943533,-277.0975646232984,419.6546910288106,-0.5581679318752024,500.2628238384587,1,0,12.625758171081543,9.343055555555555
2090,209.0,-268.79129512594227,448.95150636924234,-277.7574191263873,420.71147228888424,-0.5581679318752024,510.83453015161547,1,0,12.291662216186523,9.17
2091,209.1,-269.01192823139127,449.7641386520382,-278.4133123521062,421.7619094175305,-0.5581679318752024,522.1776318106586,1,0,12.47617244720459,8.541944444444445
2092,209.2,-269.2125037818008,450.5656389856244,-279.08783041543256,422.8421749087376,-0.5581679318752024,534.4187371181187,1,0,12.994973182678223,8.248055555555556
2093,209.3,-269.4063934805998,451.322611523164,-279.76614317498553,423.9285177455431,-0.5581679318752024,545.6809254086112,1,0,12.619467735290527,7.908055555555555
2094,209.4,-269.60028317932455,452.06845211228523,-280.43792345852864,425.00439858171546,-0.5581679318752024,557.7045225562355,1,0,12.74829387664795,7.63611111111111
2095,209.5,-269.7874870263794,452.7808968529872,-281.1010877642786,426.0664806125051,-0.5581679318752024,568.9741417844639,1,0,12.294111251831055,7.325
2096,209.6,-269.96800502174943,453.437681848433,-281.7492357749771,427.1045134943811,-0.5581679318752024,580.6393658633183,1,0,12.181248664855957,6.853055555555555
2097,209.7,-270.15520886881916,454.07220294625097,-282.38283624632544,428.1192479568428,-0.5581679318752024,591.8076688061003,1,0,11.744767189025879,6.648888888888889
2098,209.8,-270.3424127158888,454.6733281964407,-283.0003124408259,429.10815879678563,-0.5581679318752024,603.2210304815038,1,0,11.57236385345459,6.298055555555555
2099,209.9,-270.5296165629585,455.2521895482116,-283.60989403773084,430.08442614826896,-0.5581679318752024,614.7155390986285,1,0,11.446651458740234,6.041111111111111
2100,210.0,-270.7101345583434,455.79765505393624,-284.21022646666194,431.04588061700275,-0.5581679318752024,626.0779719962617,1,0,11.22309684753418,5.733888888888889
2101,210.1,-270.9107101087826,456.29859276203223,-284.7993372210034,431.98936316108114,-0.5581679318752024,637.4260902301278,1,0,11.02289867401123,5.445
2102,210.201,-271.1112856591773,456.78839852091875,-285.3842342411707,432.92609725487347,-0.5581679318752024,648.8901308340678,1,0,10.845295906066895,5.286944444444445
2103,210.3,-271.3252329129712,457.2559403829684,-285.946487913767,433.82656719457367,-0.5581679318752024,659.9792821674431,1,0,10.600985527038574,5.093055555555556
2104,210.4,-271.5458660184647,457.70121834501725,-286.5039656261816,434.7193882583547,-0.5581679318752024,671.253000416978,1,0,10.450483322143555,4.938055555555556
2105,210.5,-271.7664991239286,458.1131004618108,-287.04843821537145,435.59138113888537,-0.5581679318752024,682.1918861549256,1,0,10.109886169433594,4.716944444444444
2106,210.6,-272.0005039327323,458.50271867939455,-287.5713908493105,436.42890901944986,-0.5581679318752024,692.7199084032682,1,0,9.637846946716309,4.5249999999999995
2107,210.7,-272.25456629662,458.8812049485598,-288.07120688780105,437.22938279130193,-0.5581679318752024,703.0353380426995,1,0,9.236202239990234,4.506944444444445
2108,210.8,-272.508628660478,459.21516342088745,-288.540948488864,437.9816912452968,-0.5581679318752024,712.5615397273536,1,0,8.502176284790039,4.335
2109,210.9,-272.80949198611455,459.5602538424245,-288.9817375497309,438.6876311411209,-0.5581679318752024,722.0585529412291,1,0,8.14289665222168,4.411111111111111
2110,211.0,-273.0902977567265,459.86081646712387,-289.394706069583,439.3490154171046,-0.5581679318752024,730.8110959812711,1,0,7.451617240905762,4.1819444444444445
2111,211.1,-273.3911610823482,460.17251104103264,-289.7789565154818,439.96440664123054,-0.5581679318752024,739.3950114394013,1,0,7.058444976806641,4.213055555555555
2112,211.2,-273.7120819630391,460.46194171652263,-290.13212385694504,440.5300171301812,-0.5581679318752024,747.1446307370501,1,0,6.277857303619385,4.248888888888889
2113,211.3,-274.02631699206006,460.70684459754784,-290.45685451425226,441.05008522338545,-0.5581679318752024,754.818310142586,1,0,5.984619140625,4.081111111111111
2114,211.4,-274.3472378727212,460.9517474769911,-290.76839522054513,441.5490291248354,-0.5581679318752024,762.3535694843727,1,0,5.779778480529785,4.01
2115,211.5,-274.6681587534121,461.14099061117827,-291.07363189378384,442.0378768854491,-0.5581679318752024,769.936484150143,1,0,5.746566295623779,3.8150000000000004
2116,211.6,-274.9890796340881,461.319101796947,-291.3768612718189,442.5235098889539,-0.5581679318752024,777.515066700529,1,0,5.703979015350342,3.6761111111111116
2117,211.7,-275.33005806981845,461.49721298192475,-291.6758507607229,443.00235255404704,-0.5581679318752024,784.9962065744897,1,0,5.586459636688232,3.7280555555555552
2118,211.8,-275.65766480216445,461.6419283208562,-291.96699878828485,443.4686368303453,-0.5581679318752024,792.3181011474203,1,0,5.407869815826416,3.6538888888888894
2119,211.901,-275.9852715345252,461.76437975978683,-292.2498504369586,443.92163415066375,-0.5581679318752024,799.4895141956326,1,0,5.167418956756592,3.5330555555555554
2120,212.001,-276.346307525295,461.8756992502991,-292.5198744804265,444.3540875893694,-0.5581679318752024,806.490491665748,1,0,5.029226779937744,3.7119444444444443
2121,212.101,-276.68728596102534,461.953622894765,-292.7826289591557,444.7748985527282,-0.5581679318752024,813.3813917635038,1,0,4.8929057121276855,3.5880555555555556
2122,212.201,-277.0416361001253,462.02041458923054,-293.0435295912908,445.192740512571,-0.5581679318752024,820.4013765906825,1,0,4.959221839904785,3.641111111111111
2123,212.301,-277.4026720908654,462.0538104360678,-293.3108850533279,445.620920119949,-0.5581679318752024,827.6661987309868,1,0,5.136652946472168,3.6711111111111108
2124,212.401,-277.77707978501957,462.087206283696,-293.5835197182927,446.05755456501606,-0.5581679318752024,834.9703374473701,1,0,5.158575057983398,3.795
2125,212.501,-278.1648591824988,462.09833823211443,-293.8589816915661,446.4987170483447,-0.5581679318752024,842.4158142086728,1,0,5.243417739868164,3.8838888888888885
2126,212.601,-278.56601028336235,462.087206283696,-294.13713666773265,446.94419247487133,-0.5581679318752024,849.907410513448,1,0,5.260268211364746,4.0088888888888885
2127,212.7,-278.9537896808416,462.0760743336956,-294.41343415504724,447.38669306467204,-0.5581679318752024,857.3811625685858,1,0,5.278664588928223,3.95
2128,212.8,-279.3683124850599,462.04267848685834,-294.69429904224455,447.83650851340116,-0.5581679318752024,865.0337200720244,1,0,5.327353000640869,4.1338888888888885
2129,212.9,-279.7761494375934,461.9758867923928,-294.9831830083071,448.29916681192236,-0.5581679318752024,873.0577730952726,1,0,5.581480979919434,4.196944444444445
2130,213.001,-280.2307873518906,461.8979631487179,-295.28810458394315,448.7875099321343,-0.5581679318752024,881.4886284092847,1,0,5.818960666656494,4.5249999999999995
2131,213.101,-280.66536771113357,461.77551170899625,-295.60596611778095,449.296576871415,-0.5581679318752024,890.3535881697447,1,0,6.184123992919922,4.583055555555556
2132,213.201,-281.1066339220909,461.6419283208562,-295.9387954068039,449.8296152212279,-0.5581679318752024,899.4713025109819,1,0,6.3841729164123535,4.623888888888889
2133,213.301,-281.5880152431124,461.49721298192475,-296.2847499564834,450.3836741588075,-0.5581679318752024,909.0389387051013,1,0,6.679759979248047,4.961111111111111
2134,213.4,-282.08276826745885,461.36362959299373,-296.63584245997373,450.94596171841965,-0.5581679318752024,918.518025744807,1,0,6.712110996246338,5.055
2135,213.5,-282.5641495884951,461.2189142548532,-296.9953562753056,451.521736318732,-0.5581679318752024,928.3925853467405,1,0,6.863846778869629,5.088055555555555
2136,213.6,-283.0789601679405,461.0296711206661,-297.35800054581654,452.1025244581705,-0.5581679318752024,938.2194540866112,1,0,6.830323219299316,5.401111111111112
2137,213.7,-283.5670273406319,460.8404279864789,-297.72672807128026,452.69305515419416,-0.5581679318752024,948.5645197911163,1,0,7.093562602996826,5.38
2138,213.8,-284.12195303015613,460.6623168007102,-298.1058329882955,453.3002056245298,-0.5581679318752024,959.0890907843101,1,0,7.222194194793701,5.69
2139,213.9,-284.6434494612714,460.46194171652263,-298.49630796490777,453.92556566356853,-0.5581679318752024,970.1556911011355,1,0,7.522918701171875,5.686944444444444
2140,214.0,-285.17831759574136,460.2393027354982,-298.89709174083583,454.5674356239306,-0.5581679318752024,981.3164751452156,1,0,7.611474990844727,5.865
2141,214.1,-285.7399291369207,460.02779570368324,-299.30388319650865,455.21892710440204,-0.5581679318752024,992.7696284643628,1,0,7.749780654907227,5.956111111111111
2142,214.201,-286.3416557882383,459.81628867107725,-299.7154118559821,455.8780053910227,-0.5581679318752024,1004.148520414746,1,0,7.63649845123291,6.336944444444444
2143,214.301,-286.9567541428513,459.58251774084334,-300.1200008089089,456.5259694823253,-0.5581679318752024,1015.572360825916,1,0,7.6415863037109375,6.499999999999999
2144,214.4,-287.57853834916386,459.3487468098185,-300.5274953810868,457.1785870297444,-0.5581679318752024,1027.4526004917777,1,0,7.901652812957764,6.579999999999999
2145,214.5,-288.1401498903581,459.10384392958423,-300.95360372102976,457.8610152109645,-0.5581679318752024,1039.9561206781284,1,0,8.189046859741211,6.430000000000001
2146,214.6,-288.72181898659176,458.8255452025128,-301.3977028876162,458.57225636286387,-0.5581679318752024,1053.1691501300475,1,0,8.581022262573242,6.536944444444445
2147,214.7,-289.31017393451015,458.5583784254416,-301.8623118145258,459.3163446503918,-0.5581679318752024,1067.0296091245475,1,0,8.963536262512207,6.496944444444444
2148,214.801,-289.9119005857833,458.2689477491607,-302.35270296921135,460.10172412412675,-0.5581679318752024,1081.757798497346,1,0,9.371262550354004,6.695
2149,214.9,-290.57379990218965,457.99064902208914,-302.83642874108654,460.8764287420984,-0.5581679318752024,1095.3829140954517,1,0,9.079695701599121,6.936111111111111
2150,215.0,-291.2356992186109,457.71235029501764,-303.31320445570526,461.64000258770943,-0.5581679318752024,1109.1869068075391,1,0,8.924304962158203,7.098888888888889
2151,215.1,-291.92434194172665,457.44518351715556,-303.79213453728164,462.40702673125355,-0.5581679318752024,1123.7536752661676,1,0,9.161048889160156,7.42
2152,215.201,-292.5795554064482,457.14462089166517,-304.2867036291264,463.1990973250384,-0.5581679318752024,1138.7983721224666,1,0,9.329955101013184,7.356944444444444
2153,215.3,-293.29494153631794,456.8997180122219,-304.786268198531,463.9991683598987,-0.5581679318752024,1154.4511937537084,1,0,9.725149154663086,7.436944444444445
2154,215.4,-294.00364181447316,456.5880234375221,-305.31283783540863,464.84248900372427,-0.5581679318752024,1171.1079477199924,1,0,10.15916919708252,7.6930555555555555
2155,215.5,-294.67891283423427,456.29859276203223,-305.84820329003145,465.69989647323126,-0.5581679318752024,1187.2844289014151,1,0,10.057296752929688,7.496111111111111
2156,215.6,-295.4143565191434,455.975766238123,-306.3869047366189,466.5626466565872,-0.5581679318752024,1204.2865048140136,1,0,10.28514289855957,7.856944444444444
2157,215.701,-296.1631719073924,455.6529397150048,-306.94645158811807,467.45878152272746,-0.5581679318752024,1222.302128173627,1,0,10.63525676727295,8.191944444444443
2158,215.801,-296.8986155923016,455.2967173442583,-307.519178041437,468.37602400600616,-0.5581679318752024,1240.9049076877463,1,0,10.992034912109375,8.123888888888889
2159,215.901,-297.6808602389893,454.9627588719307,-308.1109105799293,469.32370543384707,-0.5581679318752024,1260.2963048182335,1,0,11.352964401245117,8.366944444444444
2160,216.001,-298.4029322204844,454.5620087051375,-308.71031830167846,470.2836789500127,-0.5581679318752024,1279.3014322851195,1,0,11.281865119934082,8.35388888888889
2161,216.101,-299.15843346043306,454.2725780296476,-309.31092386206313,471.2455708488168,-0.5581679318752024,1298.929061849137,1,0,11.398197174072266,8.221944444444444
2162,216.201,-299.9072488486969,453.92748760811054,-309.9201634574753,472.22129047232863,-0.5581679318752024,1319.2321944894866,1,0,11.607903480529785,8.333055555555555
2163,216.3,-300.69617934699517,453.5378693897358,-310.53666914886946,473.2086470158459,-0.5581679318752024,1340.168899530665,1,0,11.907735824584961,8.671111111111111
2164,216.4,-301.4851098453825,453.18164701978037,-311.15019770363125,474.1912355655296,-0.5581679318752024,1359.335446934756,1,0,11.260324478149414,8.545
2165,216.5,-302.2940978987499,452.79202880219657,-311.7513382885045,475.1539843257335,-0.5581679318752024,1380.0245872743264,1,0,11.43994140625,8.818888888888889
2166,216.6,-303.0830283970927,452.41354253303126,-312.3564993481705,476.12317202421497,-0.5581679318752024,1400.653393585403,1,0,11.412145614624023,8.656944444444443
2167,216.7,-303.9120740055293,452.03505626465693,-312.95402742547253,477.0801352206541,-0.5581679318752024,1420.8005412070988,1,0,11.151704788208008,8.93388888888889
2168,216.8,-304.7478054656358,451.6231741494454,-313.54695111005896,478.02972431278215,-0.5581679318752024,1441.7241719364142,1,0,11.238274574279785,9.10888888888889
2169,216.901,-305.556793519018,451.22242398186125,-314.14769140216157,478.9918319893887,-0.5581679318752024,1462.9414989903664,1,0,11.222270011901855,9.061944444444446
2170,217.0,-306.37246742409997,450.82167381506804,-314.7364434133022,479.9347399930343,-0.5581679318752024,1484.0146831502568,1,0,11.234748840332031,9.096944444444444
2171,217.1,-307.20151303250685,450.420923648275,-315.33123901434436,480.8873270282265,-0.5581679318752024,1505.4926766572573,1,0,11.22591781616211,9.16388888888889
2172,217.2,-308.0372444926133,450.0201734806908,-315.9253708162995,481.83885096476234,-0.5581679318752024,1527.1620558774068,1,0,11.20968246459961,9.201111111111112
2173,217.3,-308.90640521114375,449.6416872123165,-316.5208586029063,482.7925465605989,-0.5581679318752024,1549.2829303673811,1,0,11.277122497558594,9.37111111111111
2174,217.4,-309.7621942262897,449.22980509710493,-317.1234434129579,483.7576083005532,-0.5581679318752024,1572.1685617741286,1,0,11.477680206298828,9.428055555555556
2175,217.5,-310.6647842031697,448.8735827255675,-317.7121237232406,484.70040147263734,-0.5581679318752024,1592.8777548710386,1,0,10.752060890197754,9.491111111111111
2176,217.6,-311.54063077339964,448.4950964571931,-318.2680087623322,485.59067181150357,-0.5581679318752024,1613.1421403076295,1,0,10.239265441894531,9.488888888888887
2177,217.701,-312.40979149191514,448.1054782396094,-318.8019917439824,486.4458651996893,-0.5581679318752024,1632.8834990472144,1,0,9.725349426269531,9.503055555555555
2178,217.801,-313.3257531721796,447.726991971235,-319.31430596462815,487.2663552700204,-0.5581679318752024,1652.7844012729167,1,0,9.62065601348877,9.758888888888889
2179,217.9,-314.2417148524588,447.34850570127884,-319.82731328380214,488.0879553631408,-0.5581679318752024,1673.6723570364018,1,0,9.947200775146484,9.853055555555555
2180,218.0,-315.16436238443765,446.9700194336954,-320.3588524483522,488.9392348883425,-0.5581679318752024,1695.1777049414557,1,0,10.124776840209961,9.84611111111111
2181,218.101,-316.09369576807154,446.6026651137396,-320.9092301979071,489.82068510042484,-0.5581679318752024,1717.9050412261897,1,0,10.452807426452637,9.93388888888889
2182,218.201,-317.02971500339027,446.2353107937837,-321.46688969489895,490.71379729889344,-0.5581679318752024,1740.759523814758,1,0,10.605525970458984,10.01
2183,218.3,-317.9724200903789,445.85682452540937,-322.034577722726,491.62297055840367,-0.5581679318752024,1764.8164035780992,1,0,11.048040390014648,10.056111111111111
2184,218.4,-318.90843932571244,445.5006021546629,-322.62727125965284,492.57219106058875,-0.5581679318752024,1789.7742043138528,1,0,11.333248138427734,10.00388888888889
2185,218.5,-319.8377727093463,445.1221158862886,-323.223261416197,493.5266912203602,-0.5581679318752024,1814.1269411006347,1,0,11.172527313232422,10.008888888888889
2186,218.6,-320.78716364803455,444.74362961712325,-323.81775522150446,494.47879491858146,-0.5581679318752024,1839.2547265028538,1,0,11.276742935180664,10.206944444444444
2187,218.7,-321.73655458670794,444.3762752979584,-324.42069438268186,495.4444241648988,-0.5581679318752024,1865.2221381521783,1,0,11.491440773010254,10.139999999999999
2188,218.8,-322.69263137708094,444.0200529272119,-325.02886195923696,496.41842691077574,-0.5581679318752024,1891.1343330747316,1,0,11.474178314208984,10.206944444444444
2189,218.9,-323.64870816745395,443.65269860804705,-325.647557256976,497.40929018940096,-0.5581679318752024,1918.7477635421096,1,0,11.888988494873047,10.243888888888888
2190,219.0,-324.6114708094969,443.29647623730057,-326.2773001727186,498.4178466346562,-0.5581679318752024,1946.127043421929,1,0,11.891358375549316,10.228055555555555
2191,219.101,-325.58760515490934,442.92912191655375,-326.9439650599774,499.48553497550455,-0.5581679318752024,1978.2189067420265,1,0,13.033982276916504,10.356944444444443
2192,219.201,-326.55705364862223,442.56176759817976,-327.64378944067283,500.60632946489517,-0.5581679318752024,2010.1010920584943,1,0,13.392780303955078,10.41
2193,219.301,-327.5398738457046,442.20554522743333,-328.3937485833958,501.8074166199279,-0.5581679318752024,2047.9543244463127,1,0,14.927170753479004,10.39611111111111
2194,219.4,-328.5293798944867,441.84932285668685,-329.18900314303164,503.0810460513817,-0.5581679318752024,2085.2267592479443,1,0,15.406562805175781,10.495
2195,219.5,-329.5188859432538,441.5042324351498,-330.02279439778886,504.4163934176814,-0.5581679318752024,2125.365484722227,1,0,16.079055786132812,10.471944444444444
2196,219.6,-330.5217636953906,441.1591420136128,-330.88453441255206,505.7965017512525,-0.5581679318752024,2166.3728518333023,1,0,16.461963653564453,10.573055555555555
2197,219.7,-331.53132729916746,440.8029196436573,-331.7626047334189,507.20276367077446,-0.5581679318752024,2208.1863520420907,1,0,16.695720672607422,10.686944444444444
2198,219.8,-332.53420505130424,440.4578292221202,-332.67908655468744,508.67054302119334,-0.5581679318752024,2255.931094746352,1,0,17.912458419799805,10.653888888888888
2199,219.9,-333.55045450681047,440.0904749021644,-333.6041422033655,510.152053671605,-0.5581679318752024,2297.0359514232027,1,0,17.019485473632812,10.731944444444444
2200,220.0,-334.566703962287,439.72312058299946,-334.53592504312553,511.64433816600064,-0.5581679318752024,2346.625186763538,1,0,18.16649055480957,10.796111111111111
2201,220.1,-335.59632512116286,439.36689821225303,-335.5085788038579,513.2020789438093,-0.5581679318752024,2396.125674682942,1,0,18.56285285949707,10.903055555555556
2202,220.2,-336.61926042832414,438.99954389229714,-336.49055605765597,514.7747516387361,-0.5581679318752024,2445.082442757339,1,0,18.518564224243164,10.808055555555555
2203,220.3,-337.6622532905398,438.6433215223416,-337.4625942055997,516.3315064900178,-0.5581679318752024,2493.154742479347,1,0,18.187532424926758,10.995
2204,220.4,-338.7119320044402,438.28709915159516,-338.4271000371038,517.8761980594379,-0.5581679318752024,2543.048682868475,1,0,18.234128952026367,11.086944444444443
2205,220.5,-339.75492486665587,437.9197448308483,-339.4015674512996,519.4368434699852,-0.5581679318752024,2595.2909534538144,1,0,18.563701629638672,11.03611111111111
2206,220.6,-340.8179752839259,437.5635224608928,-340.34484130887193,520.9475312521153,-0.5581679318752024,2639.523740571223,1,0,17.056198120117188,11.208055555555555
2207,220.7,-341.88771155286577,437.19616814172787,-341.2298952588032,522.3649777104833,-0.5581679318752024,2684.685909278484,1,0,16.365201950073242,11.25388888888889
2208,220.8,-342.95744782177593,436.828813821772,-342.07600960367995,523.7200609589262,-0.5581679318752024,2728.175521455083,1,0,15.585761070251465,11.31888888888889
2209,220.901,-344.0271840907455,436.4614595026071,-342.9439252185974,525.1100597433198,-0.5581679318752024,2780.6874055512317,1,0,16.863964080810547,11.278888888888888
2210,221.001,-345.11029206302527,436.0941051826513,-343.8417873289974,526.5480189418389,-0.5581679318752024,2831.5183936815524,1,0,17.04109764099121,11.446944444444446
2211,221.101,-346.2000858870195,435.71561891427694,-344.7594163276255,528.0176355389992,-0.5581679318752024,2885.6009436428953,1,0,17.610401153564453,11.493888888888888
2212,221.2,-347.2898797109989,435.348264594321,-345.6838015175065,529.4980724249839,-0.5581679318752024,2938.679745901891,1,0,17.64881706237793,11.483055555555556
2213,221.3,-348.3997310900325,434.98091027515613,-346.5733476274973,530.9227132429357,-0.5581679318752024,2983.921053952378,1,0,15.942215919494629,11.678055555555554
2214,221.4,-349.5296400240908,434.61355595520024,-347.4052750221031,532.2550755686392,-0.5581679318752024,3031.2329966692237,1,0,15.47301959991455,11.81
2215,221.5,-350.6595489581491,434.26846553366323,-348.2090152254451,533.5422950706409,-0.5581679318752024,3077.08127187849,1,0,14.877811431884766,11.821944444444444
2216,221.6,-351.78945789222223,433.9345070605446,-348.9883608628501,534.7904457779171,-0.5581679318752024,3122.967957385543,1,0,14.55183219909668,11.766944444444443
2217,221.7,-352.9327385296353,433.5894166397985,-349.7493282512294,536.0091630433172,-0.5581679318752024,3168.1398782653137,1,0,14.183812141418457,11.911111111111111
2218,221.8,-354.07601916706307,433.2443262190524,-350.47303323593775,537.1682031985054,-0.5581679318752024,3209.5118274573147,1,0,13.144729614257812,11.938888888888888
2219,221.9,-355.23267150786046,432.888103848306,-351.17502819721943,538.2924739525517,-0.5581679318752024,3253.906150004016,1,0,13.363998413085938,12.046944444444444
2220,222.0,-356.40269555202735,432.55414537597835,-351.88226205465105,539.4251349915,-0.5581679318752024,3298.291466847263,1,0,13.342560768127441,12.136944444444445
2221,222.1,-357.58609129953413,432.20905495444134,-352.5888828500359,540.5568141890284,-0.5581679318752024,3343.111030335709,1,0,13.340847969055176,12.253055555555555
2222,222.201,-358.7628011953562,431.8862284305322,-353.2973355008289,541.6914271703795,-0.5581679318752024,3387.881971021036,1,0,13.146858215332031,12.208055555555555
2223,222.301,-359.93951109120786,431.55226995820453,-353.98689597274563,542.7957836322934,-0.5581679318752024,3431.690107156626,1,0,12.892318725585938,12.26
2224,222.4,-361.1362785420842,431.2294434350863,-354.66454434856126,543.8810624341036,-0.5581679318752024,3476.088838023928,1,0,12.955512046813965,12.378055555555557
2225,222.501,-362.33304599294564,430.8843530135493,-355.3537723615391,544.9848864507969,-0.5581679318752024,3521.02361454909,1,0,12.813421249389648,12.47111111111111
2226,222.602,-363.51644174046726,430.5392625920122,-356.0365101640528,546.0783161566835,-0.5581679318752024,3566.064055466379,1,0,12.712855339050293,12.319999999999999
2227,222.7,-364.7065233396588,430.20530411968457,-356.6910569640897,547.1265969350706,-0.5581679318752024,3609.3077168934437,1,0,12.508563995361328,12.336944444444443
2228,222.801,-365.9032907905351,429.89360954577575,-357.35771106170904,548.1942679959144,-0.5581679318752024,3654.098324269336,1,0,12.416373252868652,12.389999999999999
2229,222.901,-367.1201157964361,429.55965107344815,-358.0318056765768,549.2738553188381,-0.5581679318752024,3701.9055924804366,1,0,13.038782119750977,12.575000000000001
2230,223.001,-368.3369408023667,429.2256926011205,-358.7178312996574,550.3725505903082,-0.5581679318752024,3748.4705436701393,1,0,12.866911888122559,12.588055555555556
2231,223.1,-369.5403941049278,428.8806021795835,-359.3971954849913,551.4605773241794,-0.5581679318752024,3796.0686139454433,1,0,13.046365737915039,12.553888888888888
2232,223.2,-370.7705908142131,428.5132478596276,-360.0776343260438,552.5503251587163,-0.5581679318752024,3842.3572036026408,1,0,12.648360252380371,12.751944444444444
2233,223.301,-371.9874158201141,428.1570254888812,-360.7465023913639,553.6215419702759,-0.5581679318752024,3888.6280472381723,1,0,12.359353065490723,12.705
2234,223.401,-373.1841832709904,427.8119350681351,-361.3924002433709,554.6559711402332,-0.5581679318752024,3933.584629321819,1,0,12.031036376953125,12.493055555555555
2235,223.501,-374.4143799802758,427.45571269738866,-362.0275572483188,555.6731984485131,-0.5581679318752024,3978.907981135169,1,0,11.953757286071777,12.743055555555555
2236,223.601,-375.6579483929009,427.0883583774327,-362.66650109522743,556.6964905234958,-0.5581679318752024,4025.729988465578,1,0,12.17403507232666,12.898055555555555
2237,223.7,-376.8881451022011,426.74326795589565,-363.3073575505064,557.7228457111406,-0.5581679318752024,4072.6666398832685,1,0,12.270425796508789,12.806944444444444
2238,223.8,-378.1116559598016,426.3870455859402,-363.96352683724433,558.773724961664,-0.5581679318752024,4121.512726414273,1,0,12.507833480834961,12.758055555555556
2239,223.9,-379.34853852075685,426.04195516440313,-364.63021157129776,559.841445087884,-0.5581679318752024,4171.265671240875,1,0,12.667510032653809,12.79888888888889
2240,224.0,-380.5921069333969,425.68573279365665,-365.31494788259215,560.9380754790999,-0.5581679318752024,4223.907421356131,1,0,13.189496994018555,12.916944444444445
2241,224.1,-381.84236119770685,425.32951042291023,-366.0078626562565,562.0478039786539,-0.5581679318752024,4275.181040777553,1,0,12.97634506225586,12.93611111111111
2242,224.2,-383.09930131370163,424.9732880529547,-366.7045639940781,563.1635967999979,-0.5581679318752024,4329.041974430533,1,0,13.33248519897461,13.043888888888889
2243,224.3,-384.36292728141075,424.63932957983616,-367.42036044050116,564.309971140199,-0.5581679318752024,4384.826766486214,1,0,13.69741439819336,13.046111111111111
2244,224.4,-385.6131815457207,424.3053711075085,-368.1358349883103,565.4558299479285,-0.5581679318752024,4438.511789745324,1,0,13.320329666137695,12.95
2245,224.5,-386.8701216617303,423.9714126351809,-368.8426507513162,566.587821393274,-0.5581679318752024,4493.467281980006,1,0,13.370441436767578,12.998055555555554
2246,224.6,-388.1538051844641,423.6263222136438,-369.53401444643373,567.6950657834773,-0.5581679318752024,4545.4137235837015,1,0,12.736828804016113,13.228055555555557
2247,224.7,-389.42411700382837,423.2923637413162,-370.2188406650767,568.7918401646192,-0.5581679318752024,4600.690116708048,1,0,13.123573303222656,13.14388888888889
2248,224.8,-390.69442882319265,422.96953721898893,-370.90838110987914,569.8961645523729,-0.5581679318752024,4654.779226126738,1,0,12.914847373962402,13.133888888888887
2249,224.9,-391.9580547908573,422.6355787450794,-371.6076769565884,571.0161125751421,-0.5581679318752024,4712.738140127733,1,0,13.49195671081543,13.066111111111109
2250,225.0,-393.2350524619064,422.30162027275173,-372.3215060988993,572.1593362054384,-0.5581679318752024,4770.226181268296,1,0,13.463653564453125,13.15611111111111
2251,225.1,-394.5187359846105,421.9787937504245,-373.0385604400461,573.3077251103124,-0.5581679318752024,4829.0712103494225,1,0,13.613746643066406,13.191944444444445
2252,225.2,-395.81579121074344,421.6559672273063,-373.7619669626629,574.4662872674816,-0.5581679318752024,4888.695435911121,1,0,13.703524589538574,13.343055555555555
2253,225.3,-397.0994747334922,421.33314070339713,-374.4879877939881,575.6290363362172,-0.5581679318752024,4948.7313870319185,1,0,13.712468147277832,13.25
2254,225.4,-398.3764724045115,421.01031418027884,-375.216434204354,576.7956700590137,-0.5581679318752024,5009.726435143988,1,0,13.795119285583496,13.151111111111112
2255,225.5,-399.65347007554567,420.6652237587419,-375.9504471928495,577.9712188614566,-0.5581679318752024,5071.846547123628,1,0,13.922673225402832,13.225
2256,225.6,-400.94383944996423,420.33126528720516,-376.68444235140447,579.1467391085939,-0.5581679318752024,5133.53506489452,1,0,13.794445991516113,13.301944444444445
2257,225.7,-402.22752297268323,420.008438763296,-377.41475370788123,580.3163596111908,-0.5581679318752024,5195.857362609541,1,0,13.783565521240234,13.273888888888889
2258,225.8,-403.511206495417,419.67448029096835,-378.1397725016028,581.4775038798433,-0.5581679318752024,5257.588955401319,1,0,13.594588279724121,13.213055555555556
2259,225.9,-404.8015758698208,419.35165376785017,-378.8568751300672,582.6259701186327,-0.5581679318752024,5319.441078549332,1,0,13.484635353088379,13.311944444444444
2260,226.0,-406.10531694756435,419.0065633463131,-379.5653076342902,583.7605508345108,-0.5581679318752024,5380.658876988876,1,0,13.267187118530273,13.441944444444445
2261,226.1,-407.3956863219978,418.6948687724043,-380.26823010604477,584.8863070306988,-0.5581679318752024,5442.6997960049075,1,0,13.276565551757812,13.346944444444444
2262,226.2,-408.6793698447167,418.36091029928576,-380.9679841266635,586.0069888358383,-0.5581679318752024,5504.445722239215,1,0,13.147540092468262,13.23611111111111
2263,226.3,-409.9630533674505,418.03808377616747,-381.66654940040127,587.1257668191188,-0.5581679318752024,5567.325773577551,1,0,13.23167610168457,13.24888888888889
2264,226.401,-411.26010859352425,417.7152572530493,-382.3676882570912,588.2486664901688,-0.5581679318752024,5629.730328997773,1,0,12.98258113861084,13.315
2265,226.5,-412.56384967131237,417.3924307299311,-383.05066395318636,589.3424771913773,-0.5581679318752024,5692.160325319639,1,0,13.068451881408691,13.4
2266,226.602,-413.8675907490856,417.0807361552313,-383.7451878471574,590.4547827562953,-0.5581679318752024,5754.327223790875,1,0,12.643906593322754,13.363055555555555
2267,226.701,-415.1713318268292,416.78017353053195,-384.4097229288329,591.519060135155,-0.5581679318752024,5815.913493455573,1,0,12.70373821258545,13.386944444444445
2268,226.8,-416.48175875628726,416.4796109050416,-385.05934254882146,592.5594498534437,-0.5581679318752024,5874.21308888012,1,0,12.074979782104492,13.431944444444444
2269,226.9,-417.78549983406054,416.19018022955163,-385.7042250286516,593.5922528675083,-0.5581679318752024,5935.35433797218,1,0,12.277067184448242,13.421111111111111
2270,227.001,-419.0892409118338,415.9007495532707,-386.3653920461889,594.6511361677532,-0.5581679318752024,5998.314662990956,1,0,12.442718505859375,13.343888888888888
2271,227.101,-420.39966784127694,415.60018692857125,-387.03754223785967,595.7276094253994,-0.5581679318752024,6063.9065366661625,1,0,12.939011573791504,13.411944444444444
2272,227.201,-421.71009477073505,415.3107562514994,-387.7191048450046,596.8191570126721,-0.5581679318752024,6128.560919656734,1,0,12.798150062561035,13.47888888888889
2273,227.3,-423.0138358485232,415.0213255760095,-388.3958880153823,597.903050156146,-0.5581679318752024,6194.518089011797,1,0,13.016678810119629,13.353888888888887
2274,227.4,-424.31089107459684,414.73189489972845,-389.0780326463348,598.9955298759569,-0.5581679318752024,6259.669570417534,1,0,12.742461204528809,13.27888888888889
2275,227.501,-425.64137555907945,414.44246422344753,-389.76196789477075,600.0908773355371,-0.5581679318752024,6326.789374985606,1,0,12.828585624694824,13.524999999999999
2276,227.6,-426.96517419189223,414.1530335471666,-390.4440391317786,601.1832395122458,-0.5581679318752024,6395.18842184409,1,0,13.187948226928711,13.538055555555555
2277,227.7,-428.28897282470496,413.8747348200951,-391.14884842036423,602.3120175149971,-0.5581679318752024,6465.866998386543,1,0,13.427054405212402,13.516111111111112
2278,227.8,-429.5927139024634,413.5964360938146,-391.8600010512144,603.450954613731,-0.5581679318752024,6536.764862995252,1,0,13.427485466003418,13.408888888888889
2279,227.9,-430.8964549802516,413.31813736674303,-392.5667923927579,604.5829069472062,-0.5581679318752024,6607.11465742966,1,0,13.26236343383789,13.346944444444444
2280,228.0,-432.2135677613647,413.0287066904621,-393.2714234071937,605.7113994373486,-0.5581679318752024,6678.717979452801,1,0,13.345907211303711,13.418888888888889
2281,228.1,-433.53736639419225,412.75040796339056,-393.979129126676,606.844816180729,-0.5581679318752024,6750.946127711246,1,0,13.378470420837402,13.518888888888888
2282,228.2,-434.861165027005,412.47210923631906,-394.693987506089,607.9896881721058,-0.5581679318752024,6825.219527408509,1,0,13.616005897521973,13.528888888888886
2283,228.3,-436.19164951145797,412.18267856003814,-395.41893697518367,609.1507214148181,-0.5581679318752024,6900.68963681776,1,0,13.759530067443848,13.571944444444444
2284,228.4,-437.50876229261564,411.91551178217605,-396.1609561373042,610.3390923988363,-0.5581679318752024,6979.93577752844,1,0,14.260591506958008,13.50611111111111
2285,228.5,-438.8258750737585,411.6372130558954,-396.9242389177126,611.5615178497451,-0.5581679318752024,7061.174399032803,1,0,14.56248664855957,13.453055555555554
2286,228.6,-440.13630200320165,411.35891432882397,-397.69695755011753,612.799055164733,-0.5581679318752024,7142.961688030048,1,0,14.616908073425293,13.43111111111111
2287,228.7,-441.45341478434443,411.08061560175247,-398.4743725282316,614.0441138501336,-0.5581679318752024,7226.168665519261,1,0,14.739830017089844,13.45111111111111
2288,228.8,-442.7705275654725,410.79118492547155,-399.2597192791145,615.3018755614014,-0.5581679318752024,7311.094695714363,1,0,14.916427612304688,13.451944444444443
2289,228.9,-444.0943261982703,410.5128861984,-400.05115697505886,616.5693921452463,-0.5581679318752024,7396.7834015345,1,0,14.969836235046387,13.521944444444445
2290,229.001,-445.4248106827679,410.23458747132844,-400.84084573971865,617.8341077513028,-0.5581679318752024,7480.9010383454315,1,0,14.555134773254395,13.565000000000001
2291,229.1,-446.7352376122259,409.95628874425694,-401.6248535537469,619.0897251059438,-0.5581679318752024,7570.420387083936,1,0,15.349609375,13.483055555555556
2292,229.201,-448.0523503933836,409.67799001718544,-402.4657425501978,620.436439766663,-0.5581679318752024,7666.771062300386,1,0,16.089641571044922,13.441111111111113
2293,229.301,-449.3761490261667,409.3885593416955,-403.3703366501056,621.8851804940217,-0.5581679318752024,7777.571766950027,1,0,18.06963348388672,13.521944444444445
2294,229.4,-450.71331936233406,409.11026061462394,-404.31608147578737,623.3998256224759,-0.5581679318752024,7883.261682140173,1,0,18.004314422607422,13.665000000000001
2295,229.5,-452.04380384681673,408.8319618875524,-405.28122898310954,624.9455448593234,-0.5581679318752024,7994.882085326867,1,0,18.441577911376953,13.571111111111112
2296,229.6,-453.34754492460485,408.57592705889977,-406.2208877571136,626.4504429521346,-0.5581679318752024,8094.651475226239,1,0,17.04180908203125,13.338888888888889
2297,229.7,-454.6579718540629,408.2976283318282,-407.1308730148018,627.9078178169974,-0.5581679318752024,8201.013503669252,1,0,17.321046829223633,13.419999999999998
2298,229.801,-455.9884563385456,408.00819765554724,-408.0474649276184,629.3757734830804,-0.5581679318752024,8305.635016598675,1,0,16.948593139648438,13.566944444444445
2299,229.901,-457.31894082302824,407.7187669792663,-408.9354889011471,630.7979765434948,-0.5581679318752024,8407.922499315255,1,0,16.5849609375,13.571944444444444
2300,230.001,-458.62936775247147,407.4293363037763,-409.8083620721694,632.1959150363587,-0.5581679318752024,8510.115693817032,1,0,16.376468658447266,13.473888888888888
2301,230.1,-459.92642297854513,407.11764172907664,-410.65130351524374,633.5459167658466,-0.5581679318752024,8607.674492753864,1,0,15.776206016540527,13.388055555555557
2302,230.2,-461.24353575970275,406.8170791043773,-411.48389849716756,634.8793482571976,-0.5581679318752024,8707.24122041875,1,0,15.664238929748535,13.501944444444444
2303,230.3,-462.5606485408308,406.5165164788869,-412.30166156986934,636.1890259003237,-0.5581679318752024,8804.190690730655,1,0,15.216123580932617,13.485000000000001
2304,230.4,-463.87776132195876,406.23821775181534,-413.10386890342807,637.4737904549794,-0.5581679318752024,8901.499276934697,1,0,15.076823234558105,13.431944444444444
2305,230.5,-465.1881882514465,405.95991902474384,-413.8834546894222,638.7223257690553,-0.5581679318752024,8994.138343243749,1,0,14.361888885498047,13.416944444444445
2306,230.601,-466.4852434775053,405.6816202984633,-414.6888750800315,640.0122361527729,-0.5581679318752024,9100.501001646933,1,0,15.75125789642334,13.315
2307,230.7,-467.8090421103477,405.40332157139176,-415.52771904216394,641.3556756158027,-0.5581679318752024,9207.603073814871,1,0,16.24512481689453,13.483888888888888
2308,230.801,-469.1395265948007,405.13615479352967,-416.4179275061577,642.7813772180556,-0.5581679318752024,9323.600785489485,1,0,17.038087844848633,13.576944444444445
2309,230.901,-470.46332522761344,404.8912519132954,-417.31060458905256,644.2110324042891,-0.5581679318752024,9434.655365179608,1,0,16.67117691040039,13.468888888888888
2310,231.001,-471.78043800875633,404.6574809830616,-418.23271319606806,645.6878232590684,-0.5581679318752024,9560.479782089578,1,0,18.14948081970215,13.43111111111111
2311,231.101,-473.10423664156895,404.40144615361794,-419.1717146362327,647.191668607555,-0.5581679318752024,9676.488876950147,1,0,17.309083938598633,13.47888888888889
2312,231.2,-474.4280352743669,404.13427937575574,-420.0949040149394,648.670190357955,-0.5581679318752024,9799.558573293498,1,0,17.904521942138672,13.531111111111112
2313,231.301,-475.76520561054923,403.8671125978937,-421.0396493365862,650.1832347439295,-0.5581679318752024,9920.315680317137,1,0,17.417720794677734,13.608055555555554
2314,231.4,-477.07563254000723,403.5999458200316,-421.95501078753244,651.6492197800634,-0.5581679318752024,10041.426946689055,1,0,17.49730110168457,13.45
2315,231.5,-478.3994311728051,403.33277904216953,-422.877251224986,653.1262217661388,-0.5581679318752024,10163.027040723082,1,0,17.32833480834961,13.473888888888888
2316,231.6,-479.7299156573026,403.0767442143078,-423.80611667230465,654.6138339492204,-0.5581679318752024,10289.817504273955,1,0,17.747474670410156,13.548055555555557
2317,231.7,-481.0470284384158,402.8207093848642,-424.7559084590797,656.1349604347369,-0.5581679318752024,10420.190646901663,1,0,18.118555068969727,13.466111111111111
2318,231.8,-482.3574553678887,402.56467455621146,-425.71871832482975,657.6769358526142,-0.5581679318752024,10551.921325307687,1,0,18.239063262939453,13.358888888888888
2319,231.9,-483.68793985240103,402.27524387993054,-426.6864494561893,659.2267928583985,-0.5581679318752024,10685.077106454231,1,0,18.304391860961914,13.541111111111112
2320,232.0,-485.0251101885685,401.9858132036495,-427.65473154786235,660.7775322473926,-0.5581679318752024,10818.744268456827,1,0,18.259868621826172,13.678888888888888
2321,232.1,-486.3489088213664,401.69638252736866,-428.6131423177605,662.3124623514382,-0.5581679318752024,10950.45540860817,1,0,17.931631088256836,13.578055555555554
2322,232.2,-487.65933575080953,401.40695185187866,-429.56219095463695,663.8323986550546,-0.5581679318752024,11083.739883893966,1,0,17.906335830688477,13.381944444444443
2323,232.3,-488.98982023530704,401.1397850740166,-430.48647031902306,665.3126660576164,-0.5581679318752024,11209.497257518142,1,0,16.996294021606445,13.59111111111111
2324,232.4,-490.31361886813465,400.85035439773566,-431.3631830389266,666.716753729255,-0.5581679318752024,11329.90605240815,1,0,16.110124588012695,13.533888888888889
2325,232.5,-491.6441033526026,400.572055671455,-432.1981026056534,668.0539081286801,-0.5581679318752024,11446.495261488762,1,0,15.41810131072998,13.581111111111111
2326,232.6,-492.97458783710005,400.2937569443836,-432.99277383454177,669.3266033344835,-0.5581679318752024,11557.614739682293,1,0,14.590267181396484,13.531111111111112
2327,232.7,-494.2850147665432,399.99319431889325,-433.7667250310328,670.5661146461964,-0.5581679318752024,11670.855565723901,1,0,14.635671615600586,13.458888888888888
2328,232.8,-495.60212754768605,399.7037636426122,-434.53735907569495,671.8003134172307,-0.5581679318752024,11783.274112865953,1,0,14.465004920959473,13.435000000000002
2329,232.901,-496.9326120321688,399.42546491474974,-435.3098777488532,673.0375304901293,-0.5581679318752024,11897.300630836595,1,0,14.418008804321289,13.523055555555555
2330,233.001,-498.2630965166514,399.1360342400508,-436.0757087459667,674.2640370038298,-0.5581679318752024,12011.676564438743,1,0,14.50129508972168,13.623055555555554
2331,233.101,-499.5935810011638,398.85773551218836,-436.8456071161725,675.4970575651598,-0.5581679318752024,12127.302527496639,1,0,14.571600914001465,13.56611111111111
2332,233.2,-500.9040079306219,398.5794367851168,-437.5974616909214,676.7011803243074,-0.5581679318752024,12238.32863506676,1,0,14.106708526611328,13.478055555555555
2333,233.3,-502.22112071173495,398.3011380588363,-438.363235561512,677.92759534778,-0.5581679318752024,12357.871597852436,1,0,14.81043815612793,13.45111111111111
2334,233.4,-503.5382334928778,398.0339712809741,-439.1506830127468,679.1887214079376,-0.5581679318752024,12478.518498196718,1,0,14.925146102905273,13.501944444444444
2335,233.501,-504.86871797733073,397.73340865548374,-439.9303970745557,680.4374621604494,-0.5581679318752024,12594.695208456194,1,0,14.226889610290527,13.565000000000001
2336,233.6,-506.1925166101732,397.4439779792028,-440.67058944007164,681.6229074625049,-0.5581679318752024,12707.954238206226,1,0,14.006583213806152,13.56611111111111
2337,233.7,-507.50962939128624,397.17681120134074,-441.4148321927573,682.81483960861,-0.5581679318752024,12824.033402199206,1,0,14.097505569458008,13.46111111111111
2338,233.8,-508.8200563207444,396.8762485766414,-442.16587368358086,684.0176601839411,-0.5581679318752024,12942.216200837702,1,0,14.263317108154297,13.43888888888889
2339,233.9,-510.1371691018872,396.59794984956983,-442.9173164238295,685.2211233749867,-0.5581679318752024,13059.604837404722,1,0,14.11265754699707,13.476111111111111
2340,234.001,-511.46096773471476,396.3196511224983,-443.6703485234567,686.4271319835433,-0.5581679318752024,13178.350051649642,1,0,14.041790008544922,13.526944444444444
2341,234.1,-512.7847663675127,396.04135239463585,-444.408072434481,687.608623964926,-0.5581679318752024,13295.972966815498,1,0,14.097527503967285,13.536944444444444
2342,234.2,-514.0951932969558,395.7519217199369,-445.15823861665444,688.8100427012547,-0.5581679318752024,13416.645088019884,1,0,14.230241775512695,13.446944444444444
2343,234.3,-515.4123060780986,395.47362299286533,-445.9019746050548,690.0011632457151,-0.5581679318752024,13534.49015288847,1,0,13.854710578918457,13.446111111111112
2344,234.4,-516.7227330075419,395.1953242650028,-446.6460109749167,691.1927648621361,-0.5581679318752024,13656.829220408415,1,0,14.241584777832031,13.43111111111111
2345,234.5,-518.0264740853152,394.91702553872227,-447.3946015308065,692.3916601750108,-0.5581679318752024,13777.618913798779,1,0,14.02668571472168,13.331944444444444
2346,234.6,-519.3302151630736,394.6498587608602,-448.1989129741252,693.6797945388488,-0.5581679318752024,13921.65601853724,1,0,16.34571647644043,13.258055555555554
2347,234.701,-520.627270389162,394.39382393220745,-449.03581776228634,695.0201283434292,-0.5581679318752024,14051.652962131406,1,0,14.944572448730469,13.198055555555557
2348,234.801,-521.904268060211,394.16005300118263,-449.8234327038402,696.281522645494,-0.5581679318752024,14181.400019705945,1,0,14.79733657836914,13.003055555555557
2349,234.901,-523.1612081762504,393.9374140193673,-450.61165121160866,697.5438835810543,-0.5581679318752024,14313.71199004751,1,0,14.967364311218262,12.79888888888889
2350,235.001,-524.3847190338212,393.7259069867613,-451.4035046280206,698.8120659565208,-0.5581679318752024,14446.342432497135,1,0,14.934597969055176,12.489999999999998
2351,235.101,-525.5748006330128,393.52553190336465,-452.1903329307842,700.0722004276258,-0.5581679318752024,14578.271041469332,1,0,14.777606010437012,12.138055555555557
2352,235.201,-526.7515105288496,393.31402487075866,-452.97329680861657,701.3261458800469,-0.5581679318752024,14711.23364071976,1,0,14.78866958618164,11.966944444444445
2353,235.3,-527.9014770179326,393.12478173657155,-453.7356619605317,702.5471017151676,-0.5581679318752024,14838.812743103188,1,0,14.290549278259277,11.71
2354,235.401,-529.0180142486511,392.9578025008032,-454.4972315728289,703.7667834643257,-0.5581679318752024,14969.090393694638,1,0,14.183099746704102,11.343055555555555
2355,235.501,-530.1144939243152,392.8019552134533,-455.25210698069674,704.9757441988374,-0.5581679318752024,15100.221514294888,1,0,14.32249927520752,11.103888888888887
2356,235.601,-531.1976018966097,392.634975976894,-455.99911842513046,706.172110506626,-0.5581679318752024,15227.783508744911,1,0,13.886140823364258,10.966944444444445
2357,235.7,-532.2740240172344,392.47912869033513,-456.72194577622497,707.329745099297,-0.5581679318752024,15353.08807442106,1,0,13.68497085571289,10.858055555555556
2358,235.8,-533.3437602861742,392.32328140298523,-457.46060846467896,708.5127405672672,-0.5581679318752024,15485.516909020951,1,0,14.208403587341309,10.80111111111111
2359,235.901,-534.413496555129,392.17856606484474,-458.208591778255,709.7106633592384,-0.5581679318752024,15615.333467424689,1,0,13.757279396057129,10.834999999999999
2360,236.001,-535.4832328240541,392.0449826759137,-458.9319553928422,710.8691567976199,-0.5581679318752024,15742.839607940201,1,0,13.558371543884277,10.78111111111111
2361,236.101,-536.5462832413092,391.9113992861916,-459.64451295228787,712.0103439411812,-0.5581679318752024,15869.081000632978,1,0,13.349221229553223,10.738888888888887
2362,236.201,-537.6093336585792,391.8000797964704,-460.34799934010596,713.1370032696891,-0.5581679318752024,15994.756504514715,1,0,13.215826034545898,10.703055555555554
2363,236.3,-538.6723840758342,391.67762835595784,-461.03022679163723,714.2296156297035,-0.5581679318752024,16115.951369606446,1,0,12.806666374206543,10.653888888888888
2364,236.401,-539.7287486414046,391.5663088654456,-461.7120408683734,715.3215659547772,-0.5581679318752024,16239.11345662282,1,0,12.685073852539062,10.666111111111112
2365,236.501,-540.7917990586598,391.46612132414276,-462.3832940322032,716.396602589338,-0.5581679318752024,16361.43405672307,1,0,12.662782669067383,10.69
2366,236.6,-541.8548494759445,391.3770657312584,-463.03512945819455,717.4405410024507,-0.5581679318752024,16478.7776653238,1,0,12.200453758239746,10.64611111111111
2367,236.7,-542.9045281898153,391.31027403679286,-463.6824432246669,718.47723781151,-0.5581679318752024,16598.217137613927,1,0,12.243403434753418,10.546944444444444
2368,236.8,-543.9608927554004,391.25461429153677,-464.3286936599585,719.5122316565678,-0.5581679318752024,16717.44346185553,1,0,12.160300254821777,10.591944444444444
2369,236.9,-545.0038856176013,391.2212184439085,-464.9760746549033,720.5490361344988,-0.5581679318752024,16838.393168053484,1,0,12.28609561920166,10.47
2370,237.0,-546.0468784798319,391.1989545462807,-465.6250177647745,721.5883423969484,-0.5581679318752024,16959.307912280605,1,0,12.21928882598877,10.456111111111111
2371,237.1,-547.0965571937173,391.18782259707126,-466.2788093557109,722.6354136801799,-0.5581679318752024,17083.161562731828,1,0,12.469183921813965,10.441944444444445
2372,237.2,-548.139550055933,391.18782259707126,-466.97142723308605,723.744666689405,-0.5581679318752024,17219.69346930193,1,0,13.685446739196777,10.428055555555554
2373,237.3,-549.169171214794,391.2100864946991,-467.7208615037797,724.9449132425748,-0.5581679318752024,17366.507171149304,1,0,14.614684104919434,10.331944444444444
2374,237.4,-550.1921065219702,391.23235039311794,-468.48557338169746,726.1696274457154,-0.5581679318752024,17510.042373253353,1,0,14.262359619140625,10.258888888888889
2375,237.5,-551.2284135325011,391.2880101375831,-469.21744384777077,727.3417449196845,-0.5581679318752024,17645.39500146026,1,0,13.374526977539062,10.36
2376,237.6,-552.2513488396625,391.3770657312584,-469.91434510316856,728.457857916381,-0.5581679318752024,17777.3083487568,1,0,12.941852569580078,10.31
2377,237.7,-553.2742841468386,391.46612132414276,-470.594615266923,729.5473356080201,-0.5581679318752024,17907.91194056381,1,0,12.746503829956055,10.286944444444444
2378,237.8,-554.3306487124237,391.6108366614923,-471.24656832834603,730.591462418604,-0.5581679318752024,18030.52456000346,1,0,11.872542381286621,10.533888888888887
2379,237.9,-555.3602698712699,391.73328810200485,-471.85732473144213,731.5696112654189,-0.5581679318752024,18146.85913074793,1,0,11.190835952758789,10.44111111111111
2380,238.0,-556.3564617717218,391.9002673377732,-472.4557396588712,732.52799478496,-0.5581679318752024,18265.27951332836,1,0,11.406503677368164,10.19
2381,238.1,-557.3860829305828,392.0783785235419,-473.05286406228015,733.4843114828099,-0.5581679318752024,18381.84674732968,1,0,11.14210319519043,10.326944444444445
2382,238.2,-558.4023323861038,392.25648970851967,-473.63988684472554,734.4244500630887,-0.5581679318752024,18497.579355555812,1,0,11.025046348571777,10.331944444444444
2383,238.3,-559.4185818415656,392.47912869033513,-474.20684586790856,735.3324557948443,-0.5581679318752024,18607.680424635324,1,0,10.384455680847168,10.363888888888889
2384,238.4,-560.4548888521114,392.70176767135956,-474.7735785064081,736.2400989632017,-0.5581679318752024,18723.489757979496,1,0,11.016497611999512,10.463055555555556
2385,238.5,-561.4711383075879,392.980066398431,-475.3330223612105,737.1360688763432,-0.5581679318752024,18831.916193791236,1,0,10.109216690063477,10.493888888888888
2386,238.6,-562.4740160597246,393.2472331770841,-475.893388094649,738.0335152120326,-0.5581679318752024,18948.618267786565,1,0,11.051309585571289,10.39
2387,238.7,-563.4702079601617,393.54779580178354,-476.4871098079733,738.9843823765406,-0.5581679318752024,19069.91307173471,1,0,11.368804931640625,10.451944444444445
2388,238.8,-564.486457415668,393.85949037569225,-477.09970140693986,739.9654703570513,-0.5581679318752024,19195.88945560819,1,0,11.763874053955078,10.551944444444445
2389,238.9,-565.516078574514,394.1934488480199,-477.7494166593041,741.0060132341074,-0.5581679318752024,19332.952688711008,1,0,12.770668029785156,10.661944444444446
2390,239.001,-566.6192441018629,394.5608031679758,-478.43341289598584,742.1014583686068,-0.5581679318752024,19472.8533090875,1,0,12.802659034729004,11.155
2391,239.101,-567.6622369640786,394.96155333476895,-479.1192762817611,743.1998938110643,-0.5581679318752024,19615.127972824343,1,0,13.096908569335938,11.141944444444443
2392,239.2,-568.7319732330334,395.3956993483994,-479.80120895588675,744.2920340742199,-0.5581679318752024,19754.79294232057,1,0,12.914340019226074,11.415000000000001
2393,239.3,-569.7682802435792,395.7964495159835,-480.49299544283656,745.3999555810955,-0.5581679318752024,19899.639704044785,1,0,13.208895683288574,11.191944444444443
2394,239.4,-570.8380165124893,396.19719968277667,-481.20598236038137,746.5418303574469,-0.5581679318752024,20050.732813217364,1,0,13.714910507202148,11.35888888888889
2395,239.501,-571.9077527814292,396.5534220527322,-481.9495160827547,747.7326269654245,-0.5581679318752024,20208.24171365892,1,0,14.084410667419434,11.293055555555556
2396,239.601,-572.9908607537238,396.9319083218975,-482.7170870648666,748.9619201291069,-0.5581679318752024,20374.233738991144,1,0,14.900598526000977,11.375
2397,239.701,-574.0873404293731,397.29926264106234,-483.50788856530033,750.2284178224386,-0.5581679318752024,20541.559510127943,1,0,14.961641311645508,11.473055555555554
2398,239.802,-575.1303332916035,397.74454060469316,-484.29542644211375,751.4896887024868,-0.5581679318752024,20705.89909675858,1,0,14.482912063598633,11.383055555555556
2399,239.9,-576.2669280773466,398.12302687306754,-485.04208413598275,752.6854884657329,-0.5581679318752024,20864.124861100467,1,0,14.2877836227417,11.733055555555554
2400,240.0,-577.2831775328528,398.5460409374885,-485.80016784717634,753.8995874160413,-0.5581679318752024,21027.059023791036,1,0,14.338967323303223,11.241944444444444
2401,240.1,-578.3261703950241,398.9356591558632,-486.54534828804873,755.0930213042712,-0.5581679318752024,21184.68169254379,1,0,13.800530433654785,11.191944444444443
2402,240.2,-579.3424198505451,399.45886076237804,-487.289042025046,756.2840741815554,-0.5581679318752024,21348.63159668156,1,0,14.28282642364502,11.336944444444445
2403,240.301,-580.4723287846034,399.83734703154335,-488.0842212112601,757.5575828997016,-0.5581679318752024,21528.856181618987,1,0,15.447421073913574,11.798888888888891
2404,240.4,-581.6289811254156,400.2937569443836,-488.89880086754584,758.8621621843323,-0.5581679318752024,21708.23850169674,1,0,15.623437881469727,12.27
2405,240.5,-582.792319317883,400.7056390595951,-489.7329125561341,760.1980227372,-0.5581679318752024,21893.384437646288,1,0,15.87428092956543,12.306111111111111
2406,240.6,-583.8887989935322,401.0062016850855,-490.5608903411214,761.5240596178091,-0.5581679318752024,22073.473282137355,1,0,15.391809463500977,11.666944444444445
2407,240.7,-585.0521371860144,401.35129210662257,-491.38140978119293,762.8381516846733,-0.5581679318752024,22257.306054477693,1,0,15.592638969421387,11.938055555555554
2408,240.8,-586.2221612301665,401.61845888448465,-492.19935254231746,764.1481171054185,-0.5581679318752024,22438.36961226808,1,0,15.294508934020996,11.981944444444444
2409,240.9,-587.3721277192642,402.00807710206834,-492.9975574835727,765.4264716815683,-0.5581679318752024,22615.116123263168,1,0,14.847299575805664,12.081944444444444
2410,241.0,-588.5488376150713,402.31977167597717,-493.8002762535684,766.7120553204916,-0.5581679318752024,22800.502371785748,1,0,15.464960098266602,12.148055555555555
2411,241.1,-589.8057777311107,402.53127870858316,-494.6224938060585,768.0288669768609,-0.5581679318752024,22988.129745246046,1,0,15.583612442016602,12.556111111111111
2412,241.2,-590.9490583685235,402.85410523170145,-495.45210285381506,769.3575163848026,-0.5581679318752024,23178.724007024462,1,0,15.744077682495117,12.084999999999999
2413,241.3,-592.1057107093359,403.2548553984945,-496.28246939623835,770.6873789483183,-0.5581679318752024,23368.602687662456,1,0,15.61221694946289,12.18111111111111
2414,241.4,-593.275734753488,403.5999458200316,-497.11606260227995,772.0224091323146,-0.5581679318752024,23562.791666167268,1,0,15.865922927856445,12.178055555555556
2415,241.5,-594.4190153909158,403.98956403840634,-497.953614206636,773.3637788368248,-0.5581679318752024,23756.56797889355,1,0,15.761693954467773,12.096944444444444
2416,241.6,-595.6024111384078,404.41257810361833,-498.7972859254323,774.7149501297454,-0.5581679318752024,23955.761506735787,1,0,16.097030639648438,12.405
2417,241.7,-596.8794088094716,404.60182123701446,-499.65181042088545,776.0835025437117,-0.5581679318752024,24156.817531901757,1,0,16.17151641845703,12.651944444444442
2418,241.8,-598.0962338153873,404.90238386250485,-500.4991546528318,777.440555501539,-0.5581679318752024,24354.43971493163,1,0,15.825889587402344,12.57388888888889
2419,241.9,-599.2528861561699,405.25860623325127,-501.3267151768042,778.7659241232835,-0.5581679318752024,24548.153961555305,1,0,15.424444198608398,12.233888888888888
2420,242.0,-600.48976871714,405.5925647055789,-502.14691420829956,780.0795030440264,-0.5581679318752024,24744.631405370787,1,0,15.547904968261719,12.63888888888889
2421,242.101,-601.519389875986,406.00444682158144,-502.98907140826105,781.42824877932,-0.5581679318752024,24949.194678075186,1,0,15.938761711120605,11.536944444444444
2422,242.201,-602.6426129583597,406.4385928352119,-503.83605214681734,782.7847195891117,-0.5581679318752024,25154.080509203126,1,0,16.044918060302734,11.89888888888889
2423,242.301,-603.7190350789992,406.8727388496333,-504.6798294562384,784.1360599893021,-0.5581679318752024,25357.01370880334,1,0,15.817793846130371,11.69111111111111
2424,242.401,-604.8222006063331,407.1510375767049,-505.50775918120223,785.4620199000158,-0.5581679318752024,25556.250015738417,1,0,15.446481704711914,11.448055555555555
2425,242.501,-605.9654812437611,407.4404682529858,-506.3240833069939,786.7693930167322,-0.5581679318752024,25755.75400795136,1,0,15.37954330444336,11.678055555555554
2426,242.601,-607.0753326227948,407.7187669792663,-507.1186038905637,788.0418469585162,-0.5581679318752024,25946.492194616276,1,0,14.623136520385742,11.516944444444446
2427,242.7,-608.205241556853,408.0193296047567,-507.8773200032282,789.2569587230438,-0.5581679318752024,26132.348949449835,1,0,14.316895484924316,11.589999999999998
2428,242.8,-609.3418363425961,408.2419685865721,-508.637566971095,790.4745222084919,-0.5581679318752024,26321.867100739506,1,0,14.391544342041016,11.57
2429,242.9,-610.5319179418025,408.34215612787494,-509.4131091740874,791.7165815756434,-0.5581679318752024,26518.809781367527,1,0,14.894474029541016,11.593055555555555
2430,243.0,-611.655141024176,408.3532880770843,-510.1798772280159,792.9445888203036,-0.5581679318752024,26706.044476702977,1,0,14.06021499633789,11.198055555555555
2431,243.101,-612.8117933649586,408.42007977154987,-510.92486015456586,794.1377063820804,-0.5581679318752024,26892.37559499555,1,0,13.793289184570312,11.443888888888889
2432,243.201,-613.9417022990317,408.4868714660154,-511.63265022532465,795.271258217133,-0.5581679318752024,27066.787303086316,1,0,12.934273719787598,11.36111111111111
2433,243.3,-615.0782970847748,408.4534756191781,-512.3037653187425,796.3460737268501,-0.5581679318752024,27236.188999875078,1,0,12.664355278015137,11.344999999999999
2434,243.4,-616.2148918705178,408.4534756191781,-512.9660576999955,797.4067593384833,-0.5581679318752024,27403.832205235365,1,0,12.345124244689941,11.334999999999999
2435,243.501,-617.2979998428273,408.5870590081091,-513.6263824369535,798.4642936953962,-0.5581679318752024,27573.416999944675,1,0,12.343170166015625,11.08611111111111
2436,243.601,-618.4479663319547,408.59819095652756,-514.2987025686659,799.5410391182706,-0.5581679318752024,27750.677583295153,1,0,13.044977188110352,11.333055555555555
2437,243.701,-619.4909591941704,408.60932290573703,-515.0382956213932,800.7255245988489,-0.5581679318752024,27953.36855023076,1,0,14.883529663085938,10.64111111111111
2438,243.801,-620.5673813147803,408.64271875415625,-515.834927487107,802.0013598366521,-0.5581679318752024,28162.42372734761,1,0,15.19887638092041,10.798055555555557
2439,243.901,-621.6371175837498,408.7206423970402,-516.6532708157753,803.3119667810537,-0.5581679318752024,28379.481800132893,1,0,15.703397750854492,10.783055555555556
2440,244.0,-622.680110445921,408.59819095652756,-517.4656997721106,804.6131016405983,-0.5581679318752024,28589.70139851287,1,0,15.285426139831543,10.511111111111111
2441,244.101,-623.7498467148756,408.5536631604809,-518.3029747494861,805.9540283168233,-0.5581679318752024,28815.516180224462,1,0,16.01870346069336,10.72111111111111
2442,244.201,-624.7527244669975,408.5870590081091,-519.1263277610749,807.2726584527081,-0.5581679318752024,29027.073392084967,1,0,15.072746276855469,10.258055555555556
2443,244.3,-625.8157748842526,408.60932290573703,-519.9394047776606,808.5748312045831,-0.5581679318752024,29249.565333346585,1,0,15.940796852111816,10.568055555555556
2444,244.4,-626.8186526364042,408.5647951088993,-520.7765142702065,809.915492850766,-0.5581679318752024,29471.587679296485,1,0,15.670125007629395,10.194999999999999
2445,244.5,-627.8415879435656,408.53139926206205,-521.6105672664694,811.2512594057156,-0.5581679318752024,29696.930802779196,1,0,15.825377464294434,10.271944444444443
2446,244.6,-628.8912666574658,408.4646075675966,-522.4534957596024,812.6012403953963,-0.5581679318752024,29925.969261173977,1,0,16.005281448364258,10.373888888888887
2447,244.7,-629.9543170747063,408.37555197550313,-523.2894264556872,813.9400141556836,-0.5581679318752024,30149.80247136074,1,0,15.561126708984375,10.481944444444444
2448,244.8,-630.9638806785426,408.3310241786655,-524.1194426877645,815.2693156842936,-0.5581679318752024,30377.88491609933,1,0,15.781939506530762,10.141111111111112
2449,244.9,-631.9801301340191,408.2864963826188,-524.9662712909646,816.625542843716,-0.5581679318752024,30613.108322828488,1,0,16.195995330810547,10.201944444444443
2450,245.0,-632.9027776659682,408.2308366373627,-525.8372611050736,818.0204650712019,-0.5581679318752024,30856.847949686016,1,0,16.69431495666504,9.584999999999999
2451,245.101,-633.8855978630655,408.1417810444783,-526.7322850642377,819.4538788661125,-0.5581679318752024,31105.311713365703,1,0,16.768939971923828,9.653888888888888
2452,245.2,-634.875103911803,407.91914206266296,-527.6107501349355,820.8607729920102,-0.5581679318752024,31349.65170350331,1,0,16.738727569580078,9.761944444444444
2453,245.3,-635.7776938887573,407.8634823174068,-528.4971074888725,822.2803068998403,-0.5581679318752024,31597.64502344546,1,0,16.731891632080078,9.166111111111112
2454,245.4,-636.6869697173369,407.74103087768515,-529.3821957854313,823.6978083655958,-0.5581679318752024,31846.30181042094,1,0,16.690805435180664,9.305000000000001
2455,245.5,-637.5227011774433,407.62971138717296,-530.2913082347021,825.1537853956709,-0.5581679318752024,32110.80168576737,1,0,17.63909149169922,8.635
2456,245.6,-638.385176044289,407.551787743498,-531.2235594513404,826.6468200128667,-0.5581679318752024,32375.13328076981,1,0,17.564571380615234,8.70888888888889
2457,245.7,-639.2008499493411,407.5406557942886,-532.1565323007253,828.1410103514521,-0.5581679318752024,32642.52865514766,1,0,17.66634178161621,8.373055555555556
2458,245.8,-640.016523854423,407.41820435456697,-533.0747512531915,829.611571781386,-0.5581679318752024,32901.02350935989,1,0,17.007434844970703,8.42611111111111
2459,245.9,-640.7853967977263,407.32914876168263,-533.9634806963477,831.0349046773603,-0.5581679318752024,33154.164418125365,1,0,16.552759170532227,7.831111111111111
2460,246.0,-641.6077565544633,407.206697321961,-534.8200513921366,832.4067341564358,-0.5581679318752024,33397.13714890801,1,0,15.79305648803711,8.0
2461,246.1,-642.390001201151,406.98405834093654,-535.6448549931318,833.7276874646163,-0.5581679318752024,33634.60738136348,1,0,15.353170394897461,7.84
2462,246.2,-643.1187590343308,406.88387079884274,-536.4724848922409,835.0531671931942,-0.5581679318752024,33881.20010282305,1,0,15.89978313446045,7.533055555555555
2463,246.3,-643.814087609176,406.79481520595846,-537.3102049213466,836.3948066361365,-0.5581679318752024,34126.688088423274,1,0,15.734193801879883,7.20888888888889
2464,246.4,-644.496044480607,406.73915546070225,-538.1441044437452,837.7303273970466,-0.5581679318752024,34373.5999478918,1,0,15.755513191223145,6.883055555555555
2465,246.5,-645.131200390289,406.70575961307406,-538.9723407628693,839.0567783295865,-0.5581679318752024,34618.11376281746,1,0,15.520339965820312,6.706944444444444
2466,246.6,-645.7396128932321,406.5833081741434,-539.7862922438343,840.3603515683329,-0.5581679318752024,34859.05214241936,1,0,15.216089248657227,6.34
2467,246.7,-646.3613970995596,406.494252581259,-540.6032923415618,841.6688072789709,-0.5581679318752024,35107.257757212334,1,0,15.635461807250977,6.378055555555555
2468,246.801,-646.943066195808,406.60557207177123,-541.4845736160008,843.0802116587568,-0.5581679318752024,35385.91421126847,1,0,17.313980102539062,5.885
2469,246.901,-647.4913060336476,406.46085673363075,-542.3829753220217,844.5190350395122,-0.5581679318752024,35652.344683359224,1,0,16.61145782470703,5.611944444444444
2470,247.001,-648.0930326849058,406.3829330899558,-543.2575533990235,845.9197040020189,-0.5581679318752024,35917.00185757928,1,0,16.414352416992188,6.08
2471,247.1,-648.6279008193907,406.41632893758407,-544.1063478362494,847.2790795169485,-0.5581679318752024,36173.13774810817,1,0,15.961575508117676,5.413055555555555
2472,247.2,-649.1627689538607,406.282745548653,-544.9465003137211,848.6246146154292,-0.5581679318752024,36429.85513081435,1,0,15.76425552368164,5.575
2473,247.3,-649.6240927198278,406.13803021130354,-545.7647321168694,849.9350429476079,-0.5581679318752024,36677.870807330895,1,0,15.133807182312012,5.3
2474,247.4,-650.0921023374946,406.0601065660466,-546.5701455060702,851.2249421183121,-0.5581679318752024,36928.77227662344,1,0,15.280206680297852,4.933055555555556
2475,247.5,-650.5667978068311,405.97105097395325,-547.3955126190509,852.5467979116669,-0.5581679318752024,37190.440130137424,1,0,15.887299537658691,4.716944444444444
2476,247.6,-651.0147498694436,405.94878707632535,-548.2325214456723,853.8872983376685,-0.5581679318752024,37451.10309118062,1,0,15.719820976257324,4.51
2477,247.7,-651.5161887455195,405.88199538185984,-549.0641824266208,855.2192339920996,-0.5581679318752024,37712.29956285668,1,0,15.685354232788086,4.631944444444445
2478,247.8,-651.9708266598166,405.8040717381849,-549.9242435984339,856.5966535969283,-0.5581679318752024,37992.541261814076,1,0,16.792268753051758,3.8530555555555557
2479,247.9,-652.351920205611,405.77067589134765,-550.8291751034476,858.0459346909757,-0.5581679318752024,38284.43426519582,1,0,17.37974739074707,3.8988888888888886
2480,248.0,-652.8065581199231,405.7150161453006,-551.7938749428876,859.590936971242,-0.5581679318752024,38606.606714652764,1,0,19.049240112304688,3.5519444444444446
2481,248.1,-653.1943375174172,405.61482860399775,-552.8264472540319,861.2446395116964,-0.5581679318752024,38945.8248588731,1,0,19.942747116088867,3.2338888888888886
2482,248.2,-653.5620593598718,405.55916885874166,-553.8922630598569,862.9515827317754,-0.5581679318752024,39292.67442154465,1,0,20.304580688476562,3.361944444444444
2483,248.3,-653.8495509821388,405.514641061904,-555.0248091604916,864.7653969737297,-0.5581679318752024,39682.00797892613,1,0,22.462615966796875,2.803888888888889
2484,248.4,-654.2239586762632,405.42558546901967,-556.1772160469727,866.6110189948149,-0.5581679318752024,40042.64494937548,1,0,21.054563522338867,3.005
2485,248.5,-654.5047644468752,405.48124521427576,-557.3372714223099,868.46889035216,-0.5581679318752024,40441.19427564718,1,0,22.75143814086914,2.693888888888889
2486,248.6,-654.7655126624032,405.43671741902,-558.5076357358646,870.3432718532847,-0.5581679318752024,40813.18748227005,1,0,21.443849563598633,2.395
2487,248.7,-654.9393448061182,405.4144535198102,-559.6344792356224,872.1479531701591,-0.5581679318752024,41183.77313857536,1,0,21.10800552368164,1.6919444444444445
2488,248.8,-655.2201505767005,405.38105767297293,-560.7482782903182,873.9317433284143,-0.5581679318752024,41554.11308088665,1,0,20.951265335083008,2.041111111111111
2489,248.9,-655.3739251653907,405.3921896221824,-561.8369906692768,875.6753562526391,-0.5581679318752024,41911.82645446401,1,0,20.160682678222656,1.4619444444444445
2490,249.0,-655.5745007158002,405.40332157139176,-562.969641577635,877.4893383480179,-0.5581679318752024,42320.30756072927,1,0,22.610471725463867,1.6049999999999998
2491,249.1,-655.6814743427269,405.40332157139176,-564.1609091476921,879.3971971833773,-0.5581679318752024,42722.47859699957,1,0,22.374164581298828,1.43
2492,249.2,-655.9154791515306,405.38105767297293,-565.3341605983502,881.2762025407792,-0.5581679318752024,43118.7506415537,1,0,21.930147171020508,1.6980555555555557
2493,249.3,-656.0959971469155,405.3699257245545,-566.4934131717786,883.1327881813356,-0.5581679318752024,43516.59563699427,1,0,21.845539093017578,1.4799999999999998
2494,249.4,-656.2832009939704,405.3587937745541,-567.6143564260221,884.9280200379728,-0.5581679318752024,43890.15526020231,1,0,20.483510971069336,1.675
2495,249.501,-656.47040484104,405.34766182534463,-568.699936335473,886.6666161970501,-0.5581679318752024,44264.16150097765,1,0,20.104270935058594,1.7438888888888888
2496,249.6,-656.6977237981887,405.31426597850736,-569.7221352190709,888.3037053116923,-0.5581679318752024,44610.0540856961,1,0,18.885896682739258,2.011111111111111
2497,249.7,-656.9451003103471,405.3031340300889,-570.6787483470952,889.8357564261489,-0.5581679318752024,44931.75193177096,1,0,17.237720489501953,2.3280555555555558
2498,249.8,-657.17910511921,405.26973818246074,-571.533263397226,891.2042937130841,-0.5581679318752024,45216.10542769351,1,0,15.03046989440918,2.1888888888888887
2499,249.9,-657.399738224674,405.25860623325127,-572.2800040336546,892.4002263118904,-0.5581679318752024,45468.26275277895,1,0,13.167943954467773,2.246111111111111
2500,250.0,-657.6471147368769,405.26973818246074,-572.8907104826114,893.3782951553137,-0.5581679318752024,45667.29293518312,1,0,9.893548011779785,2.2730555555555556
2501,250.1,-657.8543761389712,405.2808701308792,-573.3886072012491,894.1756950658173,-0.5581679318752024,45841.15629900741,1,0,8.908023834228516,2.3130555555555556
2502,250.2,-658.1351819095681,405.3031340300889,-573.8635801977645,894.9363817920711,-0.5581679318752024,46012.50077572806,1,0,9.027902603149414,2.396111111111111
2503,250.3,-658.3357574599926,405.38105767297293,-574.3512861457364,895.7174608084762,-0.5581679318752024,46189.94440085351,1,0,9.388845443725586,2.3369444444444443
2504,250.4,-658.6165632305897,405.42558546901967,-574.8621074245533,896.5355598775492,-0.5581679318752024,46376.92675256474,1,0,9.90078353881836,2.696111111111111
2505,250.5,-658.9374841113103,405.4144535198102,-575.3900303690658,897.3810478933348,-0.5581679318752024,46568.70348286949,1,0,10.034638404846191,3.1319444444444446
2506,250.6,-659.2784625469961,405.48124521427576,-575.930917624928,898.2472987306513,-0.5581679318752024,46766.83020197154,1,0,10.390341758728027,3.3599999999999994
2507,250.7,-659.6060692793866,405.4923771642761,-576.4934062577522,899.1481449677998,-0.5581679318752024,46973.93994414509,1,0,10.850349426269531,3.421111111111111
2508,250.801,-660.0339637869448,405.52577301111336,-577.0555390261786,900.0484212750245,-0.5581679318752024,47175.35126535266,1,0,10.166732788085938,3.6761111111111116
2509,250.9,-660.3682563709904,405.61482860399775,-577.5953553127762,900.9129569156671,-0.5581679318752024,47374.214905829984,1,0,10.423709869384766,3.856111111111111
2510,251.0,-660.8228942852876,405.648224450835,-578.1464061398059,901.7954850860851,-0.5581679318752024,47576.16556988353,1,0,10.385066986083984,4.411111111111111
2511,251.1,-661.1772444243578,405.79293978897545,-578.699620172999,902.6814777107493,-0.5581679318752024,47780.313415851,1,0,10.505396842956543,3.793055555555555
2512,251.2,-661.6786833004336,405.8040717381849,-579.2490490563076,903.5614082786334,-0.5581679318752024,47981.582936359446,1,0,10.242132186889648,4.538055555555555
2513,251.3,-662.1065778080213,405.94878707632535,-579.7904929043203,904.4285505187537,-0.5581679318752024,48181.67627300175,1,0,10.203866004943848,4.858055555555556
2514,251.4,-662.5344723156093,406.1268982605122,-580.3198824750838,905.2763873904313,-0.5581679318752024,48375.914733111684,1,0,9.786938667297363,5.098055555555556
2515,251.5,-663.0693404500495,406.26048165023417,-580.8359563887017,906.1028987473612,-0.5581679318752024,48567.470241036535,1,0,9.701040267944336,5.265
2516,251.6,-663.6042085845194,406.40519698837466,-581.3590293116017,906.9406192751217,-0.5581679318752024,48764.33811795546,1,0,10.05123519897461,5.473888888888888
2517,251.7,-664.1123333122799,406.6389679186085,-581.8985222459149,907.8046370551862,-0.5581679318752024,48967.445970443936,1,0,10.32109260559082,5.55
2518,251.8,-664.707374111883,406.85047495200547,-582.4433432765903,908.6771879775738,-0.5581679318752024,49171.28170721217,1,0,10.252434730529785,6.273888888888888
2519,251.9,-665.2154988396139,407.10650977986717,-582.9837040946209,909.5425957053375,-0.5581679318752024,49373.83990605746,1,0,10.152666091918945,5.978055555555556
2520,252.0,-665.8239113425719,407.31801681326414,-583.5183525381389,910.3988548551841,-0.5581679318752024,49574.72180437648,1,0,10.036724090576172,6.366944444444444
2521,252.1,-666.3922087354509,407.5963155395447,-584.0480522892549,911.2471884921066,-0.5581679318752024,49774.519016959806,1,0,9.96579360961914,6.333055555555555
2522,252.2,-666.9738778316696,407.87461426740714,-584.583724994665,912.105088035052,-0.5581679318752024,49979.03357630896,1,0,10.262274742126465,6.416111111111111
2523,252.3,-667.6023478896819,408.1417810444783,-585.1186412408584,912.9617760807348,-0.5581679318752024,50180.5012246642,1,0,9.937228202819824,6.828055555555555
2524,252.4,-668.237503799364,408.4534756191781,-585.644258516468,913.803571482956,-0.5581679318752024,50380.57526465648,1,0,9.911127090454102,6.928055555555555
2525,252.5,-668.8258587472824,408.78743409150576,-586.1553343644067,914.6220782538422,-0.5581679318752024,50573.12517941842,1,0,9.388114929199219,6.978055555555555
2526,252.6,-669.5011297670435,409.09912866541447,-586.6313167476939,915.3843815501423,-0.5581679318752024,50751.672153316926,1,0,8.585927963256836,7.409999999999999
2527,252.7,-670.1764007868195,409.4108232393233,-587.0905462098293,916.1198544269457,-0.5581679318752024,50928.84927303643,1,0,8.755491256713867,7.42
2528,252.8,-670.8449859548956,409.74478171165094,-587.5424838324282,916.843649154494,-0.5581679318752024,51100.84699394256,1,0,8.31057357788086,7.543888888888889
2529,252.9,-671.5603720847803,410.089872133188,-587.9992094506707,917.5751120331967,-0.5581679318752024,51279.945853219695,1,0,8.936295509338379,7.918055555555555
2530,253.0,-672.2490148078961,410.434962554725,-588.4813626349286,918.34729809425,-0.5581679318752024,51467.951911071075,1,0,9.270769119262695,7.863888888888888
2531,253.101,-672.9911443444603,410.79118492547155,-588.997017615659,919.1731385147498,-0.5581679318752024,51671.47885094758,1,0,10.008596420288086,8.241944444444444
2532,253.201,-673.7466455843941,411.1696711938458,-589.530627654556,920.0277346213971,-0.5581679318752024,51879.34228972844,1,0,10.141581535339355,8.406944444444445
2533,253.3,-674.4754034176184,411.5926852598488,-590.0613746979882,920.8777455354896,-0.5581679318752024,52085.70025523917,1,0,10.10292911529541,8.545
2534,253.4,-675.2643339159612,411.9823034766415,-590.5942378997751,921.7311455550321,-0.5581679318752024,52293.19237752967,1,0,10.019046783447266,8.866944444444444
2535,253.501,-676.0666361176736,412.36078974580687,-591.1209586633292,922.5747082337894,-0.5581679318752024,52497.48240383485,1,0,9.674047470092773,8.84611111111111
2536,253.601,-676.8756241710558,412.7949357594373,-591.6373199521491,923.4016798326767,-0.5581679318752024,52700.8633217983,1,0,9.824783325195312,9.126944444444444
2537,253.701,-677.7046697794775,413.2402137230681,-592.1548611738995,924.230541137557,-0.5581679318752024,52903.86849971964,1,0,9.71860408782959,9.47111111111111
2538,253.8,-678.5604587946236,413.6632277882801,-592.6778889246707,925.0681893204915,-0.5581679318752024,53112.844906544226,1,0,10.231466293334961,9.503055555555555
2539,253.9,-679.3025883312323,414.20869329321374,-593.2552904843503,925.9929191585852,-0.5581679318752024,53348.87855557111,1,0,11.572366714477539,9.355
2540,254.0,-680.1383197913092,414.73189489972845,-593.8597064494925,926.9609135607778,-0.5581679318752024,53586.30520760434,1,0,11.25158405303955,9.661944444444444
2541,254.101,-680.9941088064551,415.23283260782443,-594.468059533698,927.9352134039812,-0.5581679318752024,53829.49120306648,1,0,11.4935884475708,9.90611111111111
2542,254.2,-681.9501855968281,415.6335827746176,-595.071530988302,928.901695137802,-0.5581679318752024,54070.12519215388,1,0,11.524880409240723,10.208055555555555
2543,254.3,-682.8661472771074,416.1345204835045,-595.6950925212823,929.9003518711752,-0.5581679318752024,54322.469809226204,1,0,12.022045135498047,10.459999999999999
2544,254.4,-683.775423105687,416.6131942939726,-596.3432306320705,930.9383688979807,-0.5581679318752024,54585.063052145204,1,0,12.452940940856934,10.296111111111111
2545,254.5,-684.7181281926905,417.1141320028596,-597.0194523891424,932.0213629173933,-0.5581679318752024,54861.233965578984,1,0,13.082539558410645,10.64388888888889
2546,254.6,-685.6541474280389,417.62620165937403,-597.720561712531,933.1442152897748,-0.5581679318752024,55146.146704850005,1,0,13.392745018005371,10.623888888888889
2547,254.7,-686.6102242183822,418.1382713174703,-598.4204293548243,934.2650790642057,-0.5581679318752024,55426.67936516036,1,0,13.035651206970215,10.803888888888888
2548,254.8,-687.5729868604399,418.63920902635726,-599.1084007901198,935.3668906255167,-0.5581679318752024,55705.292749908556,1,0,12.943520545959473,10.9
2549,254.9,-688.5357495024681,419.16241063287197,-599.7720379681155,936.4297299786028,-0.5581679318752024,55969.91270937204,1,0,12.116741180419922,10.963888888888889
2550,255.0,-689.5118838478804,419.69674418859626,-600.4439170992323,937.5057691228006,-0.5581679318752024,56252.42795961769,1,0,13.254753112792969,11.076944444444445
2551,255.1,-690.4947040449777,420.25334164273926,-601.166759023904,938.6634270555916,-0.5581679318752024,56554.612222714924,1,0,14.041197776794434,11.283055555555555
2552,255.201,-691.4708383903902,420.8099390968823,-601.9130294885904,939.8586066570573,-0.5581679318752024,56860.116218836476,1,0,13.860445022583008,11.29
2553,255.301,-692.4804019941968,421.39993239786264,-602.640750023391,941.024077863434,-0.5581679318752024,57158.63372565123,1,0,13.619731903076172,11.536111111111111
2554,255.4,-693.4297929328404,421.9676618004241,-603.3511495940778,942.1618089086141,-0.5581679318752024,57451.797159003014,1,0,13.477341651916504,11.183055555555555
2555,255.5,-694.4527282400464,422.546523152986,-604.0584599990301,943.2945925412326,-0.5581679318752024,57743.948081833456,1,0,13.232108116149902,11.608055555555556
2556,255.601,-695.4088050304046,423.16991230159454,-604.7641735863347,944.4248188116479,-0.5581679318752024,58037.68719734796,1,0,13.153189659118652,11.471944444444444
2557,255.701,-696.4250544858961,423.7710375517843,-605.4639554630785,945.5455452293966,-0.5581679318752024,58331.38409592599,1,0,13.271967887878418,11.736944444444445
2558,255.801,-697.4279322380327,424.34989890434616,-606.158447933926,946.6578004690265,-0.5581679318752024,58620.630942596756,1,0,12.953451156616211,11.604999999999999
2559,255.901,-698.4374958418541,424.98442000137317,-606.8506374381423,947.7663674228795,-0.5581679318752024,58913.9087613612,1,0,13.185003280639648,11.865
2560,256.001,-699.4336877422912,425.63007304840056,-607.543186647517,948.8755104577759,-0.5581679318752024,59204.99901018162,1,0,12.967034339904785,11.788888888888888
2561,256.101,-700.4298796427285,426.26459414542757,-608.2323042499776,949.9791576479645,-0.5581679318752024,59497.84835078427,1,0,13.055418968200684,11.875
2562,256.201,-701.4394432465499,426.910247192455,-608.9317664505368,951.0993720925438,-0.5581679318752024,59797.63887904109,1,0,13.357666969299316,11.981944444444444
2563,256.301,-702.4490068503713,427.5670321879008,-609.6443728023972,952.2406373789522,-0.5581679318752024,60103.22876691729,1,0,13.55176830291748,11.981944444444444
2564,256.401,-703.4318270474389,428.2349491333471,-610.3731283071563,953.4077661277898,-0.5581679318752024,60418.4949598006,1,0,13.967491149902344,11.92
2565,256.501,-704.4614482062999,428.91399802642076,-611.1012073348817,954.573811473773,-0.5581679318752024,60727.871399604584,1,0,13.526223182678223,12.216944444444444
2566,256.601,-705.4776976617914,429.62644276791366,-611.8278751708032,955.7375967441703,-0.5581679318752024,61044.17038564039,1,0,13.914201736450195,12.43388888888889
2567,256.701,-706.4605178588886,430.35001945782506,-612.5821787830872,956.9456417270206,-0.5581679318752024,61375.74441729645,1,0,14.569805145263672,12.183055555555555
2568,256.8,-707.4500239076557,431.0847280969458,-613.3498480031201,958.1750922223473,-0.5581679318752024,61710.11726154487,1,0,14.711729049682617,12.291111111111112
2569,256.9,-708.4595875114624,431.8083047876482,-614.1307732823333,959.4257727840879,-0.5581679318752024,62050.83393927127,1,0,14.777565002441406,12.455
2570,257.0,-709.4958945219931,432.543013426769,-614.8811116774872,960.62746732584,-0.5581679318752024,62369.017866171904,1,0,13.556707382202148,12.584999999999999
2571,257.1,-710.3917986472478,433.3779096071925,-615.5969963139274,961.7739829055978,-0.5581679318752024,62682.53925983309,1,0,13.476522445678711,12.34388888888889
2572,257.2,-711.4147339544091,434.2016738399887,-616.2965504927344,962.8943446567243,-0.5581679318752024,62986.497805796855,1,0,12.94003677368164,12.821944444444444
2573,257.3,-712.3975541515065,434.9586463767373,-616.9790639206003,963.9874150183587,-0.5581679318752024,63287.22566354548,1,0,12.833029747009277,12.549999999999999
2574,257.401,-713.3937460519434,435.7490147619052,-617.6668357148604,965.0889068472073,-0.5581679318752024,63592.39701140031,1,0,12.881458282470703,12.66388888888889
2575,257.5,-714.336451138947,436.6061748407476,-618.3441205068735,966.1736033561831,-0.5581679318752024,63894.02957441789,1,0,12.95250415802002,12.713888888888889
2576,257.6,-715.2724703742656,437.4522029703806,-619.0171087815114,967.2514188345308,-0.5581679318752024,64190.579664233184,1,0,12.4608736038208,12.703055555555556
2577,257.7,-716.2887198297572,438.28709915159516,-619.6647583367775,968.2886534216957,-0.5581679318752024,64477.08233632151,1,0,11.9956636428833,13.07611111111111
2578,257.8,-717.2046815100363,439.1331272812281,-620.2888835585273,969.2882129233693,-0.5581679318752024,64754.33478324564,1,0,11.572547912597656,12.526111111111112
2579,257.9,-718.2209309655426,439.97915541165213,-620.9120728346763,970.2862734737336,-0.5581679318752024,65037.50760096282,1,0,11.960320472717285,13.193055555555555
2580,258.001,-719.1101492390975,440.9142391341695,-621.5374987250763,971.2879160440965,-0.5581679318752024,65316.20982550861,1,0,11.423171997070312,12.903888888888886
2581,258.1,-720.0929694361799,441.7491353153841,-622.1616920561887,972.2875846254198,-0.5581679318752024,65605.45263967892,1,0,12.385700225830078,12.813055555555556
2582,258.2,-721.0958471882723,442.595163445017,-622.8148135090648,973.3335826578959,-0.5581679318752024,65901.15817511968,1,0,12.277466773986816,13.17611111111111
2583,258.3,-722.1522117538573,443.3743998809755,-623.4744773126064,974.3900585056296,-0.5581679318752024,66204.08070930534,1,0,12.632752418518066,13.083055555555553
2584,258.401,-723.1952046161027,444.153636316143,-624.152075165543,975.4752563931904,-0.5581679318752024,66514.01138630258,1,0,12.701351165771484,13.17111111111111
2585,258.501,-724.1646531098155,445.01079639498545,-624.8265686811325,976.5554825702939,-0.5581679318752024,66823.46120535726,1,0,12.768867492675781,13.076944444444443
2586,258.6,-725.2210176753861,445.83456062699054,-625.4986327377754,977.6318178795244,-0.5581679318752024,67132.96120333308,1,0,12.865958213806152,13.28611111111111
2587,258.702,-726.2172095758527,446.7028526550424,-626.1908718511489,978.7404642842678,-0.5581679318752024,67451.20943710186,1,0,12.76181411743164,13.398055555555555
2588,258.8,-727.2602024380534,447.4709571417914,-626.851740189403,979.7988692386534,-0.5581679318752024,67756.28396109928,1,0,12.703190803527832,13.010000000000002
2589,258.9,-728.2497084868355,448.3169852722154,-627.5345015948684,980.8923367455354,-0.5581679318752024,68075.73116851236,1,0,13.079239845275879,13.055000000000001
2590,259.001,-729.232528683918,449.19640924947663,-628.2279699616669,982.0029518448581,-0.5581679318752024,68396.50819689251,1,0,12.84823226928711,13.07
2591,259.101,-730.3022649528577,450.13149297199396,-628.9537006144991,983.1652361820627,-0.5581679318752024,68748.91478446849,1,0,14.556802749633789,13.888055555555555
2592,259.201,-731.3118285566645,451.0331808468831,-629.7428345609111,984.4290632262858,-0.5581679318752024,69124.23058772796,1,0,15.242466926574707,13.493055555555555
2593,259.301,-732.3815648256043,451.8680770280977,-630.5581026289251,985.7347450276233,-0.5581679318752024,69509.80601838655,1,0,15.543679237365723,13.596944444444443
2594,259.401,-733.4111859844505,452.71410515852165,-631.3676458970294,987.0312583513132,-0.5581679318752024,69886.63994892935,1,0,15.026287078857422,13.393055555555556
2595,259.5,-734.5344090668536,453.47107769527025,-632.1577096740792,988.2965745535075,-0.5581679318752024,70261.10460933192,1,0,15.109452247619629,13.463888888888889
2596,259.6,-735.7178048143455,454.1612585383443,-632.9783128088008,989.6108006604325,-0.5581679318752024,70657.74036584479,1,0,15.878156661987305,13.59
2597,259.7,-736.8343420450344,454.94049497430285,-633.8088469930718,990.9409317085342,-0.5581679318752024,71049.73392274936,1,0,15.484468460083008,13.59888888888889
2598,259.8,-737.8973924623192,455.76425920630794,-634.6315631272687,992.2585418618477,-0.5581679318752024,71444.07272671051,1,0,15.582931518554688,13.505
2599,259.9,-738.9805004346138,456.63255123515074,-635.4467244176789,993.5640526549246,-0.5581679318752024,71831.78089002326,1,0,15.199182510375977,13.739999999999998
2600,260.0,-739.9900640384352,457.4117876703183,-636.2598393562245,994.8662861402134,-0.5581679318752024,72226.2947844996,1,0,15.505657196044922,13.025
2601,260.1,-741.0330569006657,458.23555190153246,-637.0913229974536,996.1979377785603,-0.5581679318752024,72631.91946933448,1,0,15.892821311950684,13.321944444444444
2602,260.201,-742.162965834724,459.0259202859093,-637.9307263651293,997.542273150146,-0.5581679318752024,73035.42226700374,1,0,15.490884780883789,13.543888888888889
2603,260.301,-743.2327021036639,459.81628867107725,-638.7326385449849,998.8265650052884,-0.5581679318752024,73419.60248847847,1,0,14.790916442871094,13.348888888888888
2604,260.401,-744.3291817792983,460.6289209538729,-681.7820622013058,973.3693638890769,-0.66766397543666,22240.90146740464,0,1,14.538579940795898,13.596944444444443
2605,260.5,-745.4390331583766,461.397025439831,-703.2793876710327,960.3462515268162,-0.6838731128957087,14235.807194814048,0,1,14.161340713500977,13.446944444444444
2606,260.6,-746.5020835755872,462.14286602816117,-724.2865937907862,946.5949715016624,-0.7001259987354078,8499.67306658089,0,1,14.195662498474121,13.114999999999998
2607,260.7,-747.5985632512512,462.9109705149102,-744.2039510640203,931.4354408728086,-0.7164197339544921,4791.696955493168,0,1,13.699949264526367,13.346944444444444
2608,260.8,-748.7017287786002,463.63454720561253,-761.7269325607753,913.7937338255699,-0.7326039594248928,2597.7340622581037,0,1,13.423117637634277,13.188055555555554
2609,260.9,-749.7982084542645,464.3915197423612,-774.7286454483095,892.918039533221,-0.7481225876358703,1378.7017289994346,0,1,13.468999862670898,13.323888888888888
2610,261.0,-750.8612588715195,465.126228381482,-781.9718600902156,869.7264211116586,-0.7624476316032226,715.8948845891747,0,1,13.729997634887695,12.981944444444444
2611,261.1,-751.9978536572775,465.7162216832533,-784.8086012491024,845.7731138502321,-0.7764654325580328,354.7081864230847,0,1,13.203251838684082,12.771944444444443
2612,261.2,-753.1344484430205,466.38413862790856,-785.2679323075382,821.7164606817086,-0.7926682997904378,165.18723734706592,0,1,13.12187671661377,13.155
2613,261.3,-754.2041847119751,467.06318752177316,-784.651449297951,797.6837056439847,-0.8159195815829533,73.28798266098713,0,1,13.066427230834961,12.751111111111111
2614,261.4,-755.3207219426787,467.7088405680096,-783.677679341939,773.6052174781271,-0.9169039435714272,32.382638658499886,0,1,12.988576889038086,12.896944444444445
2615,261.5,-756.4439450250375,468.3322297166182,-782.6086346038571,749.4726276885086,-0.96609054250253,22.17529657537898,0,1,12.579553604125977,12.86888888888889
2616,261.6,-757.4936237389527,469.05580640652954,-781.5317811522606,725.2635794381177,-1.0528541164250216,17.654915605568252,0,1,12.138350486755371,12.828888888888887
2617,261.7,-758.6369043763805,469.6791955551381,-780.5492221452912,700.9554919477868,-1.186742868994057,15.495645250683264,0,1,12.36469554901123,12.938055555555554
2618,261.8,-759.7467557553994,470.26918885690935,-779.6959737417723,676.4965043609034,-1.37517978868126,14.081492839899356,0,1,12.12905502319336,12.658055555555556
2619,261.9,-760.8766646894725,470.85918215788973,-778.9228287424489,651.8112497714404,-1.6215208433201629,13.20874603663986,0,1,11.95315170288086,12.76888888888889
2620,262.001,-761.9932019201613,471.4603074080794,-778.1276540700109,626.8335868362868,-1.925540230668612,12.670024348717702,0,1,11.829751014709473,12.683055555555555
2621,262.101,-763.1164250025645,472.02803681064097,-777.1296352002649,601.4964917938395,-2.2838254002817964,12.857057415808148,0,1,12.831552505493164,12.601944444444444
2622,262.202,-764.2730773433321,472.5512384179467,-775.7504440994383,576.7536137752932,-2.6662958637315612,12.325054500015009,0,1,12.162958145141602,12.638055555555555
2623,262.3,-765.4297296841443,473.06330807604303,-774.25952108082,556.9480086733647,-2.9741979691060716,12.183663892132023,0,1,12.232088088989258,12.66388888888889
2624,262.4,-766.5262093597937,473.6310374786046,-772.9928075415361,541.5082785067841,-3.064092001536654,10.980854221014962,0,1,12.207481384277344,12.466944444444444
2625,262.5,-767.6828617005763,474.15423908511934,-771.9333182430547,528.8823332901305,-3.173469267843434,10.986283182042069,0,1,12.430753707885742,12.681944444444444
2626,262.6,-768.8194564863045,474.64404484479684,-771.1650177128932,518.6203521984978,-3.247024977428381,11.189370136673647,0,1,12.943387985229492,12.371944444444445
2627,262.701,-769.9894805304862,475.11158670605556,-770.694159421044,510.2302240443486,-3.292221884930211,11.276546138198068,0,1,13.026690483093262,12.538888888888888
2628,262.8,-771.2129913880867,475.5123368728487,-770.5201733008738,503.39721993571686,-3.315931808476287,11.375147970744624,0,1,13.179288864135742,12.584999999999999
2629,262.9,-772.3963871356085,475.91308703964177,-770.6016274777398,497.79273915154,-3.324070470806854,11.319476496959574,0,1,12.879568099975586,12.488055555555555
2630,263.0,-773.5797828831003,476.36949695169113,-770.9062734034443,493.2203810280782,-3.3213521688426066,11.328417716103019,0,1,12.747042655944824,12.715
2631,263.1,-774.7832361856763,476.73685127164697,-771.3948084403628,489.4437561103081,-3.311136323725095,11.64977695079051,0,1,13.361932754516602,12.535
2632,263.2,-775.9933753399221,477.08194169318404,-772.0362350659003,486.311527554262,-3.2958051757061524,11.758719332126654,0,1,13.459318161010742,12.538055555555555
2633,263.3,-777.2436296042322,477.4047682163022,-772.8148186949742,483.7320733979595,-3.2770070820880597,11.865822436928816,0,1,13.562564849853516,12.788055555555555
2634,263.4,-778.4136536483841,477.71646279021104,-774.3915099785033,481.5780642860994,-3.116653344447593,10.918387785144246,0,1,13.410050392150879,12.295
2635,263.5,-779.6304786543,478.01702541570137,-775.3535638791519,479.8476782929577,-3.1030005840081696,11.05665507006536,0,1,13.764318466186523,12.489999999999998
2636,263.6,-780.840617808531,478.28419219356346,-776.381031979555,478.43812420695735,-3.088563938099218,11.125779425898365,0,1,13.761165618896484,12.431111111111111
2637,263.7,-782.044071111107,478.5402270222162,-777.4597513168721,477.30264493804793,-3.0733261120061215,11.19783140749952,0,1,13.777925491333008,12.396944444444443
2638,263.8,-783.2943253754167,478.78512990165945,-778.5909709829566,476.3912033505587,-3.057143310722305,11.291786798905006,0,1,13.865155220031738,12.653055555555556
2639,263.9,-784.497778677978,478.97437303663753,-779.7585785657923,475.65882254112785,-3.0401848590863,11.355845890028375,0,1,13.875877380371094,12.318888888888889
2640,264.0,-785.6678027221004,479.0968244763592,-780.9504538902765,475.07209667381466,-3.022604073949161,11.388589466367376,0,1,13.812409400939941,12.008055555555554
2641,264.1,-786.8846277280456,479.20814396687143,-782.1701372562815,474.6138453267179,-3.0043277072636427,11.372930586778713,0,1,13.632773399353027,12.158888888888889
2642,264.2,-788.0880810306218,479.3305954065931,-783.4088210012894,474.2735491471959,-2.9855075505749946,11.32108506572478,0,1,13.371997833251953,12.121944444444445
2643,264.3,-789.2982201848379,479.44191489789625,-784.667429579698,474.0106504218418,-2.966152682034383,11.476676155486667,0,1,13.676065444946289,12.163888888888888
2644,264.4,-790.4816159323595,479.486442693943,-786.7020252995474,473.8678163282669,-2.806756524763698,10.748100039614139,0,1,13.586283683776855,11.976111111111111
2645,264.5,-791.6716975315362,479.6088941336646,-787.9717171262988,473.73200917812744,-2.7936343540287973,10.797799677702004,0,1,13.70082950592041,11.971944444444443
2646,264.6,-792.9420093509005,479.6645538789207,-789.2582859508318,473.65090609049093,-2.779594232888607,10.77042318186329,0,1,13.412428855895996,12.446944444444444
2647,264.701,-794.1320909501069,479.76474142180547,-790.552353441872,473.5989971423682,-2.7648583350002203,10.938056804720704,0,1,13.724554061889648,12.11
2648,264.801,-795.375659362747,479.80926921785215,-791.8567811249885,473.5730896742808,-2.749375241933621,10.975352761911077,0,1,13.6653470993042,12.341944444444444
2649,264.901,-796.619227775387,479.7202136249678,-793.1726363034848,473.54103415554596,-2.7332916634102022,11.101424359653311,0,1,13.874284744262695,12.251111111111111
2650,265.001,-797.8627961880418,479.6645538789207,-794.4968485088367,473.51404869035906,-2.71665433492866,11.104097479989438,0,1,13.707159996032715,12.401944444444444
2651,265.1,-799.0796211939428,479.58663023603674,-795.8105377985876,473.5107262436212,-2.699689205463018,11.088039781208572,0,1,13.540817260742188,12.246111111111112
2652,265.202,-800.316503754898,479.486442693943,-797.1399325208941,473.49038954924004,-2.682359482198622,11.096325974663946,0,1,13.317994117736816,12.416944444444445
2653,265.3,-801.6135589809865,479.44191489789625,-798.4527676577156,473.5291031375543,-2.66467585705798,11.039212126395125,0,1,13.121564865112305,12.786111111111111
2654,265.4,-802.7367820633897,479.274935661337,-800.4489650617129,473.8109085027109,-2.507600166472618,10.485722568915357,0,1,13.146047592163086,11.93
2655,265.5,-804.0137797344239,479.15248422161534,-801.7510728092969,473.81926359400694,-2.495976752096225,10.51349510388906,0,1,13.168654441833496,12.528055555555557
2656,265.6,-805.2439764437094,479.01890083189323,-803.0691719411158,473.7987788614641,-2.483949573100023,10.775860216583967,0,1,13.868168830871582,12.46
2657,265.7,-806.460801449625,478.86305354533437,-804.3967787134728,473.74875377687584,-2.4715728074659697,10.811641205421795,0,1,13.749404907226562,12.353055555555555
2658,265.8,-807.6976840105951,478.7183382071939,-805.7177061919058,473.69994258031875,-2.458848223125192,10.87373269757356,0,1,13.72884464263916,12.431944444444445
2659,265.9,-808.9679958299446,478.51796312379736,-807.0410947111498,473.6397273491413,-2.445830716899106,10.934536050371632,0,1,13.710783004760742,12.696111111111112
2660,266.0,-810.191506687545,478.52909507379775,-808.3748679576875,473.5881256149972,-2.4323211038367134,11.173247037552333,0,1,14.234515190124512,12.438055555555556
2661,266.101,-811.4350751001851,478.3621158372385,-809.732475949003,473.5030841565162,-2.418531760723958,11.297417451954027,0,1,14.346783638000488,12.431944444444445
2662,266.201,-812.5850415892828,478.17287270305127,-811.0632369286158,473.4183719162899,-2.4047905541014774,11.365626234168289,0,1,14.358469009399414,11.948055555555557
2663,266.302,-813.8085524468835,477.95023372123586,-812.3957959981155,473.3175875359904,-2.3909852446779545,11.42314367703462,0,1,14.305118560791016,12.238888888888889
2664,266.4,-815.0454350078536,477.81665033230485,-814.3103864631158,473.725958377978,-2.2373914354098527,10.833509409810357,0,1,14.523576736450195,12.283055555555556
2665,266.5,-816.2221449036904,477.66080304495495,-815.6162384109124,473.65273464781933,-2.2287725825721907,10.804972868370504,0,1,14.297804832458496,12.01388888888889
2666,266.6,-817.5392576848036,477.6162752489082,-816.922263661561,473.60816502060055,-2.2195986390692823,10.891523025494664,0,1,14.34049129486084,12.54611111111111
2667,266.7,-818.9098572793948,477.5272196560238,-818.2253271255935,473.5840953823627,-2.2099575378890477,10.765166335937153,0,1,13.677837371826172,13.261111111111111
2668,266.8,-820.1066247302712,477.39363626709286,-819.4902702781209,473.5710810549652,-2.2003397486209457,10.79521503216784,0,1,13.574321746826172,12.428888888888888
2669,266.9,-821.396994104675,477.08194169318404,-820.7430167850695,473.53251043285866,-2.190941378174397,10.703352094778218,0,1,13.07536792755127,12.941944444444445
2670,267.0,-822.667305924039,476.7257193224376,-822.0080793594844,473.4454692536288,-2.1818490278583873,10.964534782771178,0,1,13.746502876281738,13.038055555555555
2671,267.1,-823.910874336694,476.5364761882504,-823.2811878287213,473.34612522910834,-2.1727316488027846,10.87239212607121,0,1,13.268216133117676,12.80888888888889
2672,267.201,-825.1945578594278,476.3249691556444,-824.549072044837,473.24657495301284,-2.1635968323671877,10.895523051147135,0,1,13.131396293640137,12.95111111111111
2673,267.301,-826.4849272337871,476.1134621230384,-825.8058412659815,473.15016843942743,-2.154476125523511,10.888502355969687,0,1,12.971078872680664,12.965
2674,267.4,-827.7953541632598,475.90195509122333,-827.3693581238293,473.46333605296127,-2.047822352381941,10.351637612491816,0,1,12.91528034210205,13.056944444444445
2675,267.501,-829.1525820544668,475.67931610861694,-828.6495885042694,473.35260253910695,-2.0420859711961814,10.36765967054419,0,1,12.824591636657715,13.563055555555554
2676,267.601,-830.5231816490582,475.4789410252204,-829.9252842783047,473.24656756946854,-2.0362427262881106,10.372682421159627,0,1,12.641424179077148,13.628888888888886
2677,267.7,-831.8001793201072,475.28969789103326,-831.1786994365217,473.1437166234701,-2.030418430940525,10.356161124471715,0,1,12.433402061462402,13.168055555555556
2678,267.8,-833.0437477327621,475.11158670605556,-832.4263927295086,473.0367983582359,-2.024623799689851,10.358451544800902,0,1,12.234612464904785,12.876944444444444
2679,267.9,-834.2405151836383,474.97800331712443,-833.6541874919207,472.9374731940856,-2.0188241562831806,10.366505933826657,0,1,12.075434684753418,12.50111111111111
2680,268.0,-835.3436807109724,474.82215602977465,-834.8508788087142,472.8392557408541,-2.0131751911835587,10.370210988002823,0,1,11.911669731140137,11.743055555555555
2681,268.1,-836.6741651954699,474.6106489979596,-836.0714440551799,472.7277558663596,-2.0074946207659283,10.465127036162126,0,1,12.075857162475586,12.63111111111111
2682,268.201,-837.9244194597799,474.3100863724692,-837.2888680137046,472.59392493578866,-2.0020866042128613,10.34135492842679,0,1,11.429417610168457,12.668055555555554
2683,268.3,-839.1746737241194,474.0095237461879,-838.4671696603891,472.4563656086442,-1.9969528393559606,10.337833560510086,0,1,11.346092224121094,12.706944444444444
2684,268.4,-840.4650430985084,473.6755652746512,-839.7816036651466,472.5343270877658,-1.9346718062068642,9.871122972936144,0,1,11.042070388793945,13.056111111111111
2685,268.5,-841.7019256594784,473.3972665483707,-840.9607160512314,472.36250868867063,-1.9317061542816867,9.854172468278644,0,1,10.892024040222168,12.816111111111113
2686,268.6,-842.9454940721185,473.10783587129873,-842.145141420671,472.1763298156289,-1.9288684940189513,9.90134690091469,0,1,10.9122896194458,12.648055555555555
2687,268.7,-844.2559210015618,472.8518010426461,-843.3421725298602,471.9842385978873,-1.9260224042299878,9.888689787360338,0,1,10.672198295593262,13.104999999999999
2688,268.8,-845.3925157873197,472.50671062110905,-844.544405102942,471.7624159977956,-1.9234707814673317,10.085944072544837,0,1,11.296845436096191,12.229999999999999
2689,268.901,-846.6895710134081,472.2618077416658,-845.7887230646857,471.5302456602953,-1.9208299971333338,10.099853459750985,0,1,11.098194122314453,12.841111111111111
2690,269.001,-847.9531969810877,471.91671732012867,-847.0620513106944,471.2719571854459,-1.918329968474269,10.443149299671399,0,1,12.169244766235352,12.966944444444444
2691,269.101,-849.1700219870035,471.59389079701054,-848.3757719088326,470.98725660213273,-1.9159278142198284,10.559086690897077,0,1,12.347475051879883,12.741944444444444
2692,269.201,-850.3801611412345,471.2821962223107,-849.6937565213025,470.69292524228763,-1.9135878276645855,10.731181018552263,0,1,12.691889762878418,12.576944444444445
2693,269.301,-851.5301276303471,470.9037099539364,-851.0098907048915,470.3769698353225,-1.9115083632587953,10.896558616444894,0,1,12.991289138793945,12.266944444444444
2694,269.4,-852.7135233778688,470.5697514816088,-852.3540194950396,470.15210596478715,-1.8881956920438614,10.445732086359019,0,1,13.27511978149414,12.313888888888888
2695,269.5,-853.8835474220208,470.30258470453765,-853.6533050891425,469.8395145284885,-1.8868872077527203,10.430523080774334,0,1,13.063175201416016,12.095
2696,269.6,-855.1003724279366,470.0688137727219,-854.938115423653,469.5430515183886,-1.8854320165468594,10.551764031803215,0,1,13.232525825500488,12.196944444444444
2697,269.7,-856.21690965864,469.82391089327854,-856.2007978876705,469.2552206269451,-1.8839420349034397,10.61176794505791,0,1,13.185532569885254,11.723055555555556
2698,269.8,-857.3401327410285,469.51221631857885,-857.4563273839537,468.95957385279917,-1.8825572308532614,10.814108726441711,0,1,13.619134902954102,11.71
2699,269.9,-858.4432982683626,469.1225981009951,-858.6990315449067,468.64459180796575,-1.8814583213439344,10.848326226920477,0,1,13.491786003112793,11.73111111111111
2700,270.0,-859.5865789057904,468.87769522155185,-860.0102544989244,468.223613737072,-1.8814583213439344,12.91336961983276,0,0,14.051104545593262,11.658888888888889
2701,270.101,-860.6763727297846,468.5548686984336,-861.3608699924276,467.78998839303057,-1.8814583213439344,14.867912416961161,0,0,14.038359642028809,11.501111111111111
2702,270.201,-861.8330250705523,468.2320421745244,-862.7565421284203,467.34189727231563,-1.8814583213439344,17.340594324728507,0,0,15.278436660766602,11.76388888888889
2703,270.301,-862.8559603777434,467.93147954982504,-864.2122163062501,466.8745420411563,-1.8814583213439344,19.44103158486366,0,0,15.29873275756836,11.123888888888889
2704,270.401,-863.8989532399589,467.68657666959075,-865.6916477326524,466.3995593652243,-1.8814583213439344,21.811720739180398,0,0,15.777469635009766,10.83888888888889
2705,270.501,-864.9352602504899,467.41940989172866,-867.1835331976894,465.9205782257669,-1.8814583213439344,23.95577853650056,0,0,15.560336112976074,10.748055555555556
2706,270.6,-865.9047087442176,467.15224311386663,-868.6335103017407,465.4550520833372,-1.8814583213439344,26.066811219002297,0,0,15.204814910888672,10.20111111111111
2707,270.701,-866.9075864963395,466.8962082852139,-870.0874600203337,464.98825050288997,-1.8814583213439344,28.364081914740517,0,0,15.033745765686035,10.306944444444444
2708,270.8,-867.8770349900672,466.66243735498006,-871.5063743273325,464.5326973069602,-1.8814583213439344,30.773015373270802,0,0,15.072324752807617,10.033888888888889
2709,270.9,-868.8197400770855,466.4620622715835,-872.9248635899979,464.0772805747362,-1.8814583213439344,33.08402920378402,0,0,14.723756790161133,9.805
2710,271.0,-869.8092461258378,466.2505552389774,-874.3588199395334,463.61689801700703,-1.8814583213439344,35.98394758837259,0,0,15.397218704223633,9.998055555555556
2711,271.101,-870.7720087678658,466.08357600241817,-875.8257678120033,463.14592328071063,-1.8814583213439344,38.51699709992403,0,0,15.111671447753906,9.830000000000002
2712,271.2,-871.694656299815,465.7496175300906,-877.2591956443207,462.6857104074413,-1.8814583213439344,41.321605619289464,0,0,15.302342414855957,9.838888888888889
2713,271.3,-872.6306755351634,465.5381104974845,-878.717421004346,462.217536099896,-1.8814583213439344,44.16037904042719,0,0,15.328415870666504,9.68111111111111
2714,271.4,-873.5132079570484,465.22641592357576,-880.1625466757848,461.7535675466882,-1.8814583213439344,46.88681313938105,0,0,15.027176856994629,9.435
2715,271.5,-874.3890545272488,465.01490889096976,-881.6070526667402,461.2897979465978,-1.8814583213439344,50.035989414552,0,0,15.315399169921875,9.11
2716,271.6,-875.3250737625525,464.79226990915436,-883.0608667588909,460.8230399100481,-1.8814583213439344,53.06243101907874,0,0,15.222698211669922,9.411944444444446
2717,271.7,-876.2744647012408,464.6030267749672,-884.4505810817657,460.3768615904046,-1.8814583213439344,55.42705567390855,0,0,13.968951225280762,9.56611111111111
2718,271.8,-877.1636829747958,464.36925584394237,-885.7558965026363,459.9577801781298,-1.8814583213439344,58.21471100331934,0,0,13.449856758117676,9.308055555555555
2719,271.9,-878.0328436933113,464.20227660817403,-887.0714033497441,459.53542673119404,-1.8814583213439344,61.81170498431932,0,0,14.183027267456055,8.996944444444445
2720,272.0,-878.9153761151815,464.04642932082413,-888.4153478967987,459.10394314508653,-1.8814583213439344,65.02019923894728,0,0,14.047204971313477,8.928055555555554
2721,272.1,-879.6708773551153,463.7792625437531,-889.7623986552752,458.67146228625194,-1.8814583213439344,68.52737630761054,0,0,14.248274803161621,8.278888888888888
2722,272.2,-880.3996351883397,463.45643601984386,-891.1125937621503,458.2379719105247,-1.8814583213439344,71.91705581477585,0,0,14.113253593444824,7.856944444444444
2723,272.3,-881.2019373900372,463.3005887332849,-892.4464572077951,457.80972493845593,-1.8814583213439344,75.32483549404202,0,0,13.905220031738281,7.795
2724,272.4,-881.9440669266014,463.1336094967256,-893.7504469146829,457.39106915670635,-1.8814583213439344,78.63950485064142,0,0,13.485740661621094,7.655000000000001
2725,272.5,-882.7062540182349,462.9554983109569,-895.0463373717627,456.9750137005131,-1.8814583213439344,82.46135343894274,0,0,13.735091209411621,7.711944444444445
2726,272.6,-883.4283259997745,462.799651024398,-896.2818205816178,456.57835244902606,-1.8814583213439344,85.14185556485384,0,0,12.216856002807617,7.401111111111111
2727,272.701,-884.1102828712203,462.6883315330948,-897.464363605098,456.198688045747,-1.8814583213439344,88.88631879049801,0,0,12.377116203308105,7.068888888888889
2728,272.801,-884.8323548527451,462.5770120425826,-898.6232035213479,455.82663370475217,-1.8814583213439344,92.29300573447922,0,0,11.964900016784668,7.1899999999999995
2729,272.901,-885.5343692792452,462.4768245004888,-899.7972600462472,455.4496939561839,-1.8814583213439344,96.52889214521967,0,0,12.696748733520508,7.031944444444445
2730,273.001,-886.2163261506912,462.376636959186,-900.9348966201899,455.0844471089925,-1.8814583213439344,99.3601774138379,0,0,11.199880599975586,6.75111111111111
2731,273.101,-886.8849113187823,462.3543730615582,-901.9446324406414,454.7602637684042,-1.8814583213439344,102.26933245893592,0,0,10.01012897491455,6.806111111111111
2732,273.201,-887.5668681902281,462.2875813663016,-902.8856555973748,454.4581411494558,-1.8814583213439344,105.63552440204371,0,0,9.756536483764648,6.781111111111111
2733,273.301,-888.2220816549498,462.243053570255,-903.8528696412611,454.14760974761765,-1.8814583213439344,109.7041611918935,0,0,10.560281753540039,6.595
2734,273.4,-888.8973526747257,462.2207896718361,-904.8387319811671,453.8310911689581,-1.8814583213439344,113.2802966397719,0,0,10.357430458068848,6.688888888888888
2735,273.5,-889.5859953978563,462.2207896718361,-905.812223416963,453.5185443628546,-1.8814583213439344,116.87120302450975,0,0,10.09124755859375,6.825
2736,273.601,-890.2545805659324,462.243053570255,-906.7766246126796,453.20891604724727,-1.8814583213439344,120.60024483120229,0,0,9.965913772583008,6.698055555555556
2737,273.7,-891.0234535092507,462.27644941709224,-907.6728349584138,452.92118092102385,-1.8814583213439344,123.74476955511176,0,0,9.049591064453125,7.539999999999999
2738,273.8,-891.7187820840512,462.3543730615582,-908.5134281076156,452.6513021174156,-1.8814583213439344,127.10895603628896,0,0,8.607491493225098,6.981944444444444
2739,273.9,-892.3806814004577,462.5213522973264,-909.2677202503553,452.4091309062333,-1.8814583213439344,129.87180573004966,0,0,7.236794948577881,6.966944444444444
2740,274.0,-893.1161250853372,462.6326717878387,-909.9617417125716,452.1863100539824,-1.8814583213439344,133.2361920711585,0,0,7.341475486755371,7.366944444444444
2741,274.1,-893.8448829185467,462.78851907597954,-910.6510747782097,451.9649944469986,-1.8814583213439344,136.48088096615814,0,0,7.138312816619873,7.378055555555555
2742,274.2,-894.5602690484164,462.9777622093757,-911.3289779873649,451.74734848209545,-1.8814583213439344,139.8054695165199,0,0,7.101385593414307,7.241944444444445
2743,274.3,-895.2622834749017,463.20040119119113,-912.0196071654264,451.5256167483915,-1.8814583213439344,143.35841409657445,0,0,7.405628204345703,7.48
2744,274.4,-896.0177847148503,463.3896443253783,-912.7234163467317,451.2996534747203,-1.8814583213439344,146.8241874715586,0,0,7.378238201141357,7.711111111111111
2745,274.501,-896.806715213193,463.5900194087749,-913.4317375728749,451.0722415748453,-1.8814583213439344,150.3575251010576,0,0,7.353092670440674,7.945
2746,274.6,-897.4485569745452,463.9462417795213,-914.1295230971178,450.8482122419431,-1.8814583213439344,153.924514937481,0,0,7.452297687530518,7.456944444444444
2747,274.7,-898.1840006594394,464.20227660817403,-914.8516035000711,450.61638285403643,-1.8814583213439344,157.70781463622689,0,0,7.715364933013916,7.720000000000001
2748,274.8,-898.8860150859248,464.58076287654836,-915.5721442133577,450.3850477951705,-1.8814583213439344,161.22951843901296,0,0,7.419955730438232,7.879999999999999
2749,274.9,-899.6348304741739,464.8701935528293,-916.2717099067893,450.1604469254537,-1.8814583213439344,164.80985702245377,0,0,7.274774074554443,7.946944444444445
2750,275.0,-900.3435307523588,465.21528397357537,-916.9653821432538,449.93773819477815,-1.8814583213439344,168.49820204051147,0,0,7.296160697937012,7.938055555555556
2751,275.101,-901.1458329540562,465.5715063451128,-917.6662797145568,449.71270971557294,-1.8814583213439344,172.24568542109625,0,0,7.280776500701904,8.528888888888888
2752,275.2,-901.8812766389653,465.92772871506827,-918.3591628978631,449.4902543163961,-1.8814583213439344,176.05546356028677,0,0,7.420597553253174,8.215
2753,275.3,-902.6902646923477,466.317346933443,-919.0473912169832,449.26929339665764,-1.8814583213439344,179.62546392616733,0,0,7.035984992980957,8.934999999999999
2754,275.4,-903.4591376356362,466.70696515102674,-919.748623904945,449.0441573257084,-1.8814583213439344,183.85397161791514,0,0,7.693760871887207,8.63
2755,275.5,-904.241382282309,467.08545141940107,-920.468709085655,448.81296851902994,-1.8814583213439344,187.66554170940415,0,0,7.431991100311279,8.728055555555555
2756,275.6,-905.023626928967,467.54186133224135,-921.2096783930896,448.575074705131,-1.8814583213439344,192.1713204774635,0,0,8.132442474365234,8.97111111111111
2757,275.701,-905.845986685704,467.9426114990344,-921.9954109507046,448.3228093103838,-1.8814583213439344,196.52168796907827,0,0,8.208852767944336,9.158888888888889
2758,275.8,-906.6616605907859,468.3878894626652,-922.7807893951325,448.07065760636,-1.8814583213439344,201.00348701732233,0,0,8.455056190490723,9.298055555555555
2759,275.9,-907.510763754262,468.79977157787687,-923.6036825374279,447.8064615241637,-1.8814583213439344,205.7955759432525,0,0,8.830228805541992,9.328055555555556
2760,276.001,-908.3264376593143,469.27844538834495,-924.4740596218838,447.5270203623316,-1.8814583213439344,210.90536479248155,0,0,9.271463394165039,9.538055555555557
2761,276.101,-909.1822266745046,469.73485530039426,-925.388971479704,447.23328097386525,-1.8814583213439344,216.4458054099539,0,0,9.946721076965332,9.678055555555556
2762,276.201,-910.0447015413057,470.1912652124435,-926.3642880876846,446.9201481823941,-1.8814583213439344,222.27255885956043,0,0,10.540295600891113,9.678055555555556
2763,276.301,-910.8670612980575,470.6922029213304,-927.3866837956476,446.5919002889378,-1.8814583213439344,228.22642490315295,0,0,10.935641288757324,9.73388888888889
2764,276.4,-911.769651274982,471.19314063021733,-928.4327786904503,446.2560435918684,-1.8814583213439344,234.30804297412368,0,0,11.260066032409668,10.143888888888888
2765,276.501,-912.6388119934975,471.68294638910385,-929.5143041840129,445.9088116324458,-1.8814583213439344,240.34242131262556,0,0,11.232991218566895,9.946944444444444
2766,276.6,-913.5480878220772,472.1727521487814,-930.5885173879313,445.56392733905244,-1.8814583213439344,246.77485617369516,0,0,11.559321403503418,10.375
2767,276.7,-914.4373060956322,472.7070857045056,-931.6647022154758,445.2184100409459,-1.8814583213439344,252.50634009253397,0,0,11.046483039855957,10.33
2768,276.8,-915.3800111826356,473.2080234141835,-932.7575703362652,444.86753644505666,-1.8814583213439344,259.8309825362513,0,0,11.909762382507324,10.61
2769,276.901,-916.3026587145848,473.73122501990736,-933.9001649729007,444.50069777424756,-1.8814583213439344,266.5717524655889,0,0,11.853382110595703,10.65
2770,277.001,-917.2453638015882,474.2432946780036,-935.0540241998801,444.1302425213047,-1.8814583213439344,274.1306779187907,0,0,12.384012222290039,10.709999999999999
2771,277.101,-918.2081264436757,474.7776282337279,-936.270823968221,443.73957973036653,-1.8814583213439344,282.4826604219098,0,0,13.175479888916016,11.005
2772,277.2,-919.1642032340043,475.3453576370803,-937.524632642764,443.3370349495047,-1.8814583213439344,290.5329277844627,0,0,13.4274320602417,11.080000000000002
2773,277.3,-920.1336517277467,475.8796911920136,-938.8054462359771,442.92582003476286,-1.8814583213439344,298.6523215444045,0,0,13.476702690124512,10.950000000000001
2774,277.4,-921.1298436281838,476.4028927993193,-940.0913283697118,442.5129778266588,-1.8814583213439344,306.98085775345345,0,0,13.533899307250977,11.286944444444446
2775,277.5,-922.1460930836605,476.98175415109023,-941.3741519632474,442.1011175860744,-1.8814583213439344,315.2360954696962,0,0,13.412456512451172,11.678055555555554
2776,277.6,-923.1690283908811,477.6162752489082,-942.6902089816584,441.6785875024705,-1.8814583213439344,325.1171165688411,0,0,14.23198413848877,11.935
2777,277.7,-924.2387646597913,478.15060880463244,-944.0609452094659,441.238502244133,-1.8814583213439344,334.8608210573034,0,0,14.561020851135254,11.976111111111111
2778,277.8,-925.2015273018641,478.7406021056127,-945.4715593678688,440.7856138738385,-1.8814583213439344,345.3284453821168,0,0,15.069640159606934,11.396111111111113
2779,277.9,-926.2712635707592,479.37512320343075,-946.8992463160994,440.3272441549305,-1.8814583213439344,355.1429508394987,0,0,14.91964340209961,12.27
2780,278.0,-927.3209422846597,479.9762484536204,-948.3037018520378,439.8763330570706,-1.8814583213439344,364.76003395077976,0,0,14.581652641296387,12.143055555555556
2781,278.1,-928.3706209985751,480.6107695506475,-949.6990541368317,439.428344627008,-1.8814583213439344,375.2673629136664,0,0,14.728425025939941,12.214999999999998
2782,278.2,-929.4804723775939,481.2007628524188,-951.0746164175458,438.9867099277955,-1.8814583213439344,384.8054715702164,0,0,14.165953636169434,12.536111111111111
2783,278.3,-930.5234652397946,481.85754784786457,-952.4274223183444,438.5523813368851,-1.8814583213439344,395.3741757317327,0,0,14.250415802001953,12.428888888888888
2784,278.4,-931.6199449154587,482.503200894892,-953.7741894103488,438.119991551322,-1.8814583213439344,405.67300422140033,0,0,14.039105415344238,12.733055555555556
2785,278.5,-932.7231104428224,483.1599858903378,-955.097748380858,437.6950529091201,-1.8814583213439344,415.92789367429543,0,0,13.762917518615723,12.758055555555556
2786,278.6,-933.8998203386296,483.72771529289935,-956.4112733763654,437.27333575066626,-1.8814583213439344,426.82277735299914,0,0,13.828336715698242,13.028055555555556
2787,278.7,-935.089901937836,484.3065766454612,-957.7161977116107,436.8543798993966,-1.8814583213439344,437.3978539122693,0,0,13.582256317138672,13.136944444444444
2788,278.8,-936.1195230966822,485.0301533353726,-959.031053324426,436.4322355361678,-1.8814583213439344,449.30305486063816,0,0,14.036948204040527,12.798055555555555
2789,278.9,-937.2494320307553,485.75373002607495,-960.3212393522829,436.0180115302254,-1.8814583213439344,459.08968889088624,0,0,13.064059257507324,13.39388888888889
2790,279.0,-938.3726551131435,486.43277891914863,-961.5767281763437,435.6149273246226,-1.8814583213439344,470.62157497887813,0,0,13.30811595916748,13.123888888888889
2791,279.1,-939.4958781955321,487.1563556098509,-962.8442794994038,435.20797036226287,-1.8814583213439344,482.0992610437433,0,0,13.317438125610352,13.311944444444444
2792,279.201,-940.6926456464231,487.790876706878,-964.1526247292555,434.7879162068438,-1.8814583213439344,494.9953056190658,0,0,13.892909049987793,13.46
2793,279.3,-941.782439470373,488.5701131428364,-965.4519378107252,434.3707618911411,-1.8814583213439344,506.7695410397073,0,0,13.675500869750977,13.461944444444445
2794,279.401,-942.9390918111703,489.2491620367011,-966.7540447649486,433.9527105814088,-1.8814583213439344,518.7359666533446,0,0,13.405105590820312,13.418055555555554
2795,279.5,-944.155916817086,489.9170789813563,-967.979720792235,433.55919800023975,-1.8814583213439344,529.4352345511898,0,0,12.600896835327148,13.7
2796,279.602,-945.2991974545138,490.6406556712677,-969.2209486186058,433.1606923960668,-1.8814583213439344,542.2675295234038,0,0,12.960491180419922,13.571111111111112
2797,279.701,-946.4892790536907,491.36423236197004,-970.4398707070245,432.769348218177,-1.8814583213439344,554.4213449926116,0,0,12.90220832824707,13.87611111111111
2798,279.801,-947.6659889495124,492.08780905188144,-971.6971068402737,432.3657030257119,-1.8814583213439344,568.1756486771862,0,0,13.506669998168945,13.821111111111112
2799,279.9,-948.8293271420245,492.8893093854677,-972.9684737152737,431.9575210514738,-1.8814583213439344,581.2397507206226,0,0,13.468786239624023,14.098888888888888
2800,280.001,-950.0127228895312,493.6017541269607,-974.2666420767708,431.5407342567971,-1.8814583213439344,594.9654845013379,0,0,13.5299072265625,13.884999999999998
2801,280.101,-951.2562913021711,494.24740717319713,-975.5698000343391,431.1223455144726,-1.8814583213439344,609.3702705668545,0,0,13.843582153320312,13.976944444444444
2802,280.201,-952.4731163081018,494.9375880162712,-976.9056293503753,430.69346738481016,-1.8814583213439344,624.443606749107,0,0,14.216185569763184,13.90611111111111
2803,280.301,-953.6631979072787,495.6834286046014,-978.2552818679421,430.2601512114941,-1.8814583213439344,639.110247138461,0,0,14.13394546508789,14.116944444444446
2804,280.401,-954.8933946165638,496.3624774984661,-979.6128396815469,429.82429698295005,-1.8814583213439344,654.693687189214,0,0,14.382240295410156,13.98611111111111
2805,280.501,-956.1235913258492,497.1528458836339,-981.0347705340309,429.367775302222,-1.8814583213439344,672.8305961641038,0,0,15.486133575439453,14.571944444444444
2806,280.6,-957.3471021834499,497.92095036959194,-982.5026743602396,428.8964936497301,-1.8814583213439344,689.9856037682599,0,0,15.659380912780762,14.356944444444444
2807,280.7,-958.5371837826414,498.73358265238767,-983.9775077383788,428.4229872120536,-1.8814583213439344,706.520634430289,0,0,15.320237159729004,14.49
2808,280.8,-959.8141814536903,499.42376349546174,-985.4514638298314,427.94976243391915,-1.8814583213439344,724.6639682703212,0,0,15.640953063964844,14.42111111111111
2809,280.9,-961.0310064596061,500.169604083792,-986.9726701382522,427.4613676153939,-1.8814583213439344,744.3992785618243,0,0,16.31275177001953,14.34
2810,281.0,-962.2946324272856,500.9043127229128,-988.5250874767091,426.9629522590454,-1.8814583213439344,763.3961052738332,0,0,16.29655647277832,14.541944444444447
2811,281.101,-963.5382008399255,501.6278894128242,-990.1048721881241,426.4557504001197,-1.8814583213439344,783.6785912567385,0,0,16.55906105041504,14.413055555555555
2812,281.201,-964.8018268076053,502.36259805194493,-991.6892418668183,425.94707650268754,-1.8814583213439344,804.1540212501063,0,0,16.72142219543457,14.563888888888888
2813,281.301,-966.0520810719299,503.1084386402751,-993.3174753350762,425.4243198030574,-1.8814583213439344,826.9074988821961,0,0,17.48044204711914,14.601944444444444
2814,281.4,-967.3290787429642,503.7206958396743,-994.9895572182489,424.88748523737695,-1.8814583213439344,850.0805382067572,0,0,17.997257232666016,14.14888888888889
2815,281.501,-968.606076414028,504.36634888670164,-996.7300482701643,424.3286873894194,-1.8814583213439344,873.8303427901258,0,0,18.200654983520508,14.333055555555553
2816,281.601,-969.8964457884317,505.06766167819416,-998.4742303177437,423.7687045193201,-1.8814583213439344,898.1586242577764,0,0,18.436767578125,14.571111111111112
2817,281.701,-971.1065849426627,505.81350226652444,-1000.2040541564778,423.2133314610291,-1.8814583213439344,920.8232910615802,0,0,17.8990535736084,14.173055555555557
2818,281.801,-972.2832948385146,506.57047480327304,-1001.8951996541655,422.67037637737553,-1.8814583213439344,944.0917652214254,0,0,17.624309539794922,14.003055555555555
2819,281.901,-973.5068056961002,507.1716000550448,-1003.564882659704,422.13431198954686,-1.8814583213439344,967.7503116635115,0,0,17.448223114013672,13.868888888888888
2820,282.001,-974.6968872953066,507.6948016615595,-1005.2480494476728,421.5939185311401,-1.8814583213439344,993.5991598015315,0,0,17.907543182373047,13.266944444444444
2821,282.101,-975.8535396360743,508.2847949625398,-1006.9421305846109,421.0500209382482,-1.8814583213439344,1018.3237996795384,0,0,17.6774845123291,13.223888888888888
2822,282.201,-977.070364642005,508.70780902696083,-1008.5913928731034,420.52051277644927,-1.8814583213439344,1041.6729308152385,0,0,16.966100692749023,13.06
2823,282.3,-978.2136452794624,509.17535088821955,-1010.2095643329573,420.0009865609036,-1.8814583213439344,1067.7220900891577,0,0,17.36774444580078,12.89
2824,282.4,-979.3769834719002,509.7096844447347,-1011.876652298776,419.46575533025157,-1.8814583213439344,1094.661023757312,0,0,17.650278091430664,12.938888888888888
2825,282.5,-980.5403216643673,510.2328860512495,-1013.5244652913185,418.9367124759054,-1.8814583213439344,1119.3059225818806,0,0,16.96286392211914,12.851111111111111
2826,282.6,-981.656858895071,510.9119349451141,-1015.1182618860537,418.42501199560695,-1.8814583213439344,1144.1834693872117,0,0,16.515636444091797,12.821944444444444
2827,282.7,-982.8201970875384,511.5019282460945,-1016.7054171077491,417.9154437784753,-1.8814583213439344,1171.2188728381252,0,0,16.8233585357666,12.741944444444444
2828,282.8,-983.889933356493,512.1030534954933,-1018.3258854333633,417.3951801367633,-1.8814583213439344,1199.432661242129,0,0,17.215394973754883,12.843055555555555
2829,282.9,-985.0265281422212,512.6373870527993,-1019.9058944664798,416.88790625765466,-1.8814583213439344,1223.3528513546805,0,0,15.973490715026855,12.461944444444445
2830,283.001,-986.1430653729396,513.2385123021982,-1021.4304368519612,416.39844036629626,-1.8814583213439344,1249.2870608335609,0,0,15.733222961425781,12.718055555555555
2831,283.1,-987.232859196919,513.8285056039695,-1022.916878322019,415.9212070627012,-1.8814583213439344,1275.681178260977,0,0,15.805617332458496,12.308055555555555
2832,283.2,-988.3226530208984,514.4407628033686,-1024.4168978141563,415.43961443217415,-1.8814583213439344,1302.2748825258047,0,0,15.703047752380371,12.421111111111111
2833,283.301,-989.3990751415082,515.0196241559305,-1025.8961557377409,414.96468746063726,-1.8814583213439344,1327.6389712170442,0,0,15.061861038208008,12.203055555555554
2834,283.401,-990.4554397070933,515.6207494053292,-1027.314680186309,414.50925943171245,-1.8814583213439344,1353.0530008351939,0,0,14.734959602355957,11.969999999999999
2835,283.5,-991.4917467176392,516.1550829610535,-1028.7203308134488,414.0579646407616,-1.8814583213439344,1380.1380034559222,0,0,15.089686393737793,11.693888888888889
2836,283.601,-992.5949122449731,516.7562082112432,-1030.1805620491004,413.58914633163863,-1.8814583213439344,1408.2065943597304,0,0,15.27951431274414,12.084999999999999
2837,283.7,-993.5509890353463,517.3239376145956,-1031.6355049594658,413.1220258794429,-1.8814583213439344,1436.818953787819,0,0,15.590999603271484,11.405
2838,283.8,-994.5271233807438,517.9027989671575,-1033.152672561963,412.6349277180743,-1.8814583213439344,1467.9438040672303,0,0,16.277870178222656,11.286111111111111
2839,283.9,-995.5233152811958,518.4148686252538,-1034.667332340376,412.14863471264135,-1.8814583213439344,1495.822828361166,0,0,15.538321495056152,11.241944444444444
2840,284.0,-996.4994496265933,518.9714660786059,-1036.1628349161317,411.6684922723642,-1.8814583213439344,1526.458133707182,0,0,15.875463485717773,11.165000000000001
2841,284.1,-997.475583972006,519.5725913287956,-1037.6566149717337,411.1889028602418,-1.8814583213439344,1555.6661228244932,0,0,15.5021390914917,11.351111111111111
2842,284.2,-998.4985192791969,520.1069248845198,-1039.137433312886,410.71347490481423,-1.8814583213439344,1586.2147986879709,0,0,15.603196144104004,11.41611111111111
2843,284.3,-999.5013970313188,520.6412584402441,-1040.6387813338786,410.2314557400258,-1.8814583213439344,1618.1576775128817,0,0,15.933375358581543,11.226111111111111
2844,284.4,-1000.3772436015042,521.2535156396432,-1042.1330173079664,409.75171995181694,-1.8814583213439344,1648.282089704483,0,0,15.453804016113281,11.11111111111111
2845,284.5,-1001.2464043200198,521.8769047882519,-1043.578170901122,409.28774243413034,-1.8814583213439344,1677.663936382754,0,0,14.902375221252441,10.806944444444445
2846,284.6,-1002.1356225935746,522.5670856313259,-1044.9748970705327,408.83931290799524,-1.8814583213439344,1706.6735355770627,0,0,14.436561584472656,11.061111111111112
2847,284.7,-1003.0448984221694,523.1570789323061,-1046.3757296390024,408.3895649913091,-1.8814583213439344,1738.6149061469357,0,0,14.988632202148438,10.78611111111111
2848,284.8,-1003.907373288985,523.7804680809147,-1047.800858731068,407.9320164915155,-1.8814583213439344,1769.9728308572492,0,0,14.946922302246094,10.805000000000001
2849,284.9,-1004.7765340075156,524.4817808731982,-1049.2213179956307,407.47596727524666,-1.8814583213439344,1801.5704739955406,0,0,14.89054012298584,11.033055555555556
2850,285.0,-1005.5988937642674,525.1830936646908,-1050.6267032111996,407.0247576966929,-1.8814583213439344,1832.7077820952823,0,0,14.630284309387207,10.968055555555555
2851,285.1,-1006.4546827794132,525.9178023030206,-1052.0082165402582,406.58121236829084,-1.8814583213439344,1863.7466136903836,0,0,14.38909912109375,11.068888888888889
2852,285.2,-1007.2837283878498,526.6859067905606,-1053.3845883691235,406.1393177575067,-1.8814583213439344,1895.9596094044573,0,0,14.522284507751465,11.305
2853,285.3,-1008.0927164412319,527.487407124147,-1054.7562926405458,405.69892170142737,-1.8814583213439344,1927.5218238604164,0,0,14.291054725646973,11.236944444444445
2854,285.4,-1008.9284479013238,528.1887199164304,-1056.0969032439405,405.26850850320864,-1.8814583213439344,1958.2805406262355,0,0,13.869146347045898,11.12888888888889
2855,285.5,-1009.7909227681694,529.0570119444823,-1057.384376416059,404.8551554801688,-1.8814583213439344,1987.55619631877,0,0,13.17487621307373,11.64
2856,285.6,-1010.6065966732364,529.8251164304404,-1058.5970162119668,404.46582827991955,-1.8814583213439344,2015.0925064460264,0,0,12.297233581542969,11.316944444444443
2857,285.7,-1011.4757573917519,530.5932209163984,-1059.7061211509554,404.1097417304461,-1.8814583213439344,2039.7856694481025,0,0,11.00007438659668,11.455
2858,285.8,-1012.4318341820951,531.2388739642169,-1060.7321897222657,403.78031463636586,-1.8814583213439344,2064.5718588763934,0,0,10.55301284790039,11.608055555555556
2859,285.9,-1013.2274505321375,532.0069784501748,-1061.6968855906034,403.47059171387946,-1.8814583213439344,2087.4377897193644,0,0,9.710909843444824,11.118888888888888
2860,286.0,-1014.0899253989832,532.8418746313894,-1062.6389613279177,403.16813115595534,-1.8814583213439344,2112.1201845556534,0,0,10.077865600585938,11.793888888888889
2861,286.101,-1014.8186832321927,533.7435625062784,-1063.600663854851,402.8593692684211,-1.8814583213439344,2136.538818865375,0,0,9.92317008972168,11.646944444444445
2862,286.201,-1015.6076137305206,534.5895906367025,-1064.5915911081809,402.54122456090664,-1.8814583213439344,2163.943210000227,0,0,10.891756057739258,11.51888888888889
2863,286.301,-1016.3898583771787,535.4467507155449,-1065.6337156648551,402.2066425709949,-1.8814583213439344,2191.187528548656,0,0,10.998595237731934,11.675
2864,286.401,-1017.1721030238517,536.3039107951782,-1066.6933228022626,401.86644766599255,-1.8814583213439344,2219.40224295308,0,0,11.258986473083496,11.646944444444445
2865,286.5,-1017.9810910772338,537.2278625692772,-1067.784665096176,401.5160639483901,-1.8814583213439344,2249.4513188880082,0,0,11.89676570892334,12.10111111111111
2866,286.6,-1018.8168225373404,538.1072865449565,-1068.918394400564,401.1520715597127,-1.8814583213439344,2279.5158625381646,0,0,11.917789459228516,12.061111111111112
2867,286.7,-1019.6191247390232,538.9867105230087,-1070.060307718733,400.7854516313628,-1.8814583213439344,2310.3417912687805,0,0,12.06867504119873,11.983055555555556
2868,286.8,-1020.4214269407798,539.8995303478982,-1071.2192960059867,400.41334965473226,-1.8814583213439344,2342.012019972641,0,0,12.276457786560059,12.11111111111111
2869,286.9,-1021.2103574390782,540.845746019625,-1072.3808024233872,400.0404392133266,-1.8814583213439344,2373.1964571307035,0,0,12.121569633483887,12.201944444444443
2870,287.0,-1022.0394030474852,541.7808297421424,-1073.5728439836985,399.6577252327836,-1.8814583213439344,2407.704241982401,0,0,12.917863845825195,12.485000000000001
2871,287.101,-1022.8684486559513,542.749309311497,-1074.825806387359,399.2554521536047,-1.8814583213439344,2442.803965150458,0,0,13.140657424926758,12.616944444444446
2872,287.201,-1023.6908084126883,543.650997187177,-1076.083889161511,398.8515351406589,-1.8814583213439344,2478.168412618392,0,0,13.286005020141602,12.330000000000002
2873,287.302,-1024.5332257244943,544.6083448081133,-1077.365067997098,398.4402029620838,-1.8814583213439344,2514.3295054735654,0,0,13.35934829711914,12.663055555555555
2874,287.401,-1025.3422137778618,545.5656924290495,-1078.6732912671655,398.02018796277815,-1.8814583213439344,2554.141036684217,0,0,14.398115158081055,12.54888888888889
2875,287.501,-1026.1712593862835,546.5675678460324,-1080.0504049510469,397.57805517381667,-1.8814583213439344,2593.8196848600887,0,0,14.528851509094238,12.88111111111111
2876,287.601,-1026.9936191430354,547.5917071614341,-1081.4299003799806,397.1351577075487,-1.8814583213439344,2633.3757268198237,0,0,14.448144912719727,13.036944444444444
2877,287.702,-1027.836036454797,548.593582578417,-1082.8120179204388,396.69141839249585,-1.8814583213439344,2673.2330027894996,0,0,14.296483993530273,12.97388888888889
2878,287.8,-1028.638338656554,549.6288538430281,-1084.1066494677166,396.27576711883904,-1.8814583213439344,2709.084026221181,0,0,13.45289134979248,13.258055555555554
2879,287.901,-1029.4807559683302,550.6418612092203,-1085.3967652935703,395.861565651782,-1.8814583213439344,2747.3303573201447,0,0,13.378329277038574,13.106944444444444
2880,288.001,-1030.3164874284219,551.6548685754127,-1086.6672244703668,395.4536751009339,-1.8814583213439344,2785.362936511498,0,0,13.308305740356445,12.995
2881,288.101,-1031.1388471851737,552.7346676360705,-1087.921510208989,395.05097715503257,-1.8814583213439344,2822.7532400791374,0,0,13.03859806060791,13.555
2882,288.201,-1031.9612069419109,553.7365430538445,-1089.1495350518633,394.65671046881124,-1.8814583213439344,2859.694457275573,0,0,12.756682395935059,13.006944444444445
2883,288.301,-1032.8303676604264,554.7495504192458,-1090.363134174361,394.2670752694871,-1.8814583213439344,2897.2164652333026,0,0,12.735578536987305,13.31611111111111
2884,288.401,-1033.76638689576,555.762557785438,-1091.6009155457252,393.8696761758238,-1.8814583213439344,2937.245413815293,0,0,13.264642715454102,13.67
2885,288.5,-1034.6689768726844,556.7866971008398,-1092.8547333445401,393.46712846554533,-1.8814583213439344,2976.8940807836993,0,0,13.338462829589844,13.523055555555555
2886,288.601,-1035.5515092945398,557.8108364162415,-1094.1341385019423,393.0563657397988,-1.8814583213439344,3017.3294739496887,0,0,13.270002365112305,13.496111111111112
2887,288.7,-1036.4006124580158,558.87950352769,-1095.402632444872,392.6491061421833,-1.8814583213439344,3058.986448343353,0,0,13.64449691772461,13.601944444444444
2888,288.8,-1037.2162863630829,559.9815664867665,-1096.705587096029,392.23078267292357,-1.8814583213439344,3101.2958123924172,0,0,13.724721908569336,13.54888888888889
2889,288.9,-1038.098818784968,560.9834419029585,-1098.0596789847905,391.79604120582775,-1.8814583213439344,3148.317590180953,0,0,14.718660354614258,13.396944444444443
2890,289.0,-1038.9479219484588,562.0521090159889,-1099.4416813297842,391.3523388751522,-1.8814583213439344,3192.479648055218,0,0,14.310995101928711,13.54
2891,289.1,-1039.7569100018113,563.1319080766467,-1100.8339296278134,390.9053470035737,-1.8814583213439344,3240.55788179465,0,0,14.933881759643555,13.49388888888889
2892,289.2,-1040.539154648484,564.2339710349323,-1102.2717993760605,390.4437080195182,-1.8814583213439344,3289.7289296317786,0,0,15.269296646118164,13.438055555555556
2893,289.3,-1041.4083153669849,565.258110350334,-1103.7133611469465,389.98088368360305,-1.8814583213439344,3337.6096748993587,0,0,15.011434555053711,13.266111111111112
2894,289.401,-1042.3309628989489,566.2822496657358,-1105.1884979742065,389.5072798212857,-1.8814583213439344,3390.076325158901,0,0,15.667765617370605,13.768055555555554
2895,289.5,-1043.2803538376222,567.3286528787654,-1106.6545008055618,389.036608497604,-1.8814583213439344,3439.809323877575,0,0,15.437414169311523,14.041944444444445
2896,289.6,-1044.1227711494282,568.4418477870514,-1108.1267573044486,388.56392938654847,-1.8814583213439344,3491.2129073395436,0,0,15.488075256347656,13.753055555555555
2897,289.7,-1045.0320469780227,569.4771190516626,-1109.6524102028493,388.0741069565978,-1.8814583213439344,3548.4936565004123,0,0,16.559032440185547,13.84611111111111
2898,289.8,-1045.9012076965234,570.4901264178549,-1111.290864835108,387.5480686747722,-1.8814583213439344,3611.3847352526573,0,0,17.857532501220703,13.343055555555555
2899,289.9,-1046.7302533049601,571.5699254785128,-1113.0802198602096,386.9735826777552,-1.8814583213439344,3683.03434448094,0,0,19.728771209716797,13.513055555555555
2900,290.0,-1047.6328432818846,572.6051967423329,-1114.973902945963,386.36560136589026,-1.8814583213439344,3752.9138249298994,0,0,20.048995971679688,13.585
2901,290.1,-1048.5421191104642,573.6182041085251,-1116.9172365628128,385.7416793745854,-1.8814583213439344,3827.2983473212003,0,0,20.771705627441406,13.71111111111111
2902,290.2,-1049.4112798289946,574.7202670668108,-1118.9390568059166,385.092558656866,-1.8814583213439344,3906.5697047320805,0,0,21.697647094726562,13.793055555555556
2903,290.3,-1050.3339273609436,575.6998785869569,-1121.0110854696186,384.4273181450524,-1.8814583213439344,3984.9875052563007,0,0,21.826358795166016,13.605
