row,t,ref_E,ref_N,ekf_E,ekf_N,ekf_psi_rad,cov_trace,in_outage,gnss_used,gru_speed,ref_speed
594,59.4,-510.0034520682808,397.04322781240967,-510.0034520682808,397.04322781240967,4.516824837698725,58.121846967914685,0,0,12.731860160827637,12.70888888888889
595,59.5,-511.25370633259075,396.7760610345476,-511.2574164231026,396.7948224627212,4.516824837698725,72.13662821816895,0,0,12.857744216918945,12.760000000000002
596,59.6,-512.5039605969156,396.5200262066858,-512.5558372638378,396.5376104600471,4.516824837698725,76.69265318070856,0,0,13.615296363830566,12.741111111111111
597,59.7,-513.7542148612256,396.26399137724223,-513.8990344773753,396.27152843606746,4.516824837698725,79.79334492272453,0,0,13.770673751831055,12.761944444444445
598,59.8,-514.9977832738804,396.01908849700794,-515.2217939659974,396.00949504408027,4.516824837698725,80.90763150974549,0,0,13.198598861694336,12.693055555555555
599,59.9,-516.24803753822,395.7519217199369,-516.5280103380816,395.7507387776611,4.516824837698725,85.11443710570573,0,0,13.433382034301758,12.810000000000002
600,60.0,-517.5049776542147,395.4958868904931,-517.6567229545828,395.4907797092315,4.515939709219796,48.350431915491384,0,1,13.294527053833008,12.828888888888887
601,60.1,-518.7485460668399,395.22872011263104,-518.8875124947376,395.22783969239947,4.515399186270015,38.49160085972928,0,1,13.446017265319824,12.718055555555555
602,60.2,-520.0121720345343,394.9726852839783,-520.1630567939571,394.9633840237008,4.5150325001984095,34.50889950009379,0,1,13.797298431396484,12.806944444444444
603,60.3,-521.269112150529,394.72778240453505,-521.4437672361018,394.7032154364099,4.514855517333242,30.560093390202148,0,1,13.454267501831055,12.81111111111111
604,60.4,-522.5193664148686,394.4940114735102,-522.7357183450562,394.44625038666214,4.5149373695554065,29.999190931820788,0,1,14.097599029541016,12.738888888888889
605,60.5,-523.7763065308634,394.2713724916949,-524.0446258650602,394.1928424720662,4.515384849483705,27.81526622134396,0,1,13.93686294555664,12.758888888888889
606,60.6,-525.0198749435033,394.07099740829824,-525.3428380213096,393.951797897153,4.516368395216782,26.478645868251313,0,1,14.029531478881836,12.633055555555554
607,60.7,-526.2567575044438,393.85949037569225,-526.6400833534142,393.71605245939367,4.51756192345365,25.240945571240072,0,1,14.103180885314941,12.586111111111112
608,60.8,-527.5070117687982,393.6591152922957,-527.9308893500385,393.4890454465411,4.519055876022333,23.7789798198541,0,1,14.000977516174316,12.626944444444444
609,60.9,-528.7505801814384,393.46987215810856,-529.193271833627,393.2758396588046,4.520839971862441,21.85827023947295,0,1,13.543580055236816,12.575000000000001
610,61.0,-529.9740910390241,393.30289292154924,-530.4390800620048,393.12449898471476,-1.7515147037143528,13.976016406683344,0,1,13.480956077575684,12.396111111111113
611,61.1,-531.18423019327,393.12478173657155,-531.6465483725353,392.93070495871916,-1.7508342168924813,13.386317244098285,0,1,12.937179565429688,12.236944444444443
612,61.2,-532.3676259407766,392.96893445001257,-532.8418329617639,392.7464411993639,-1.7499816652364004,13.465909396354597,0,1,13.259084701538086,11.968055555555555
613,61.301,-533.5376499849287,392.82421911108116,-534.0937891870424,392.55976419052695,-1.7489490105379588,13.938580228562756,0,1,14.128955841064453,11.799999999999999
614,61.4,-534.6876164740265,392.67950377373165,-535.3803656067338,392.3727142683164,-1.7477934633591314,14.451696382985931,0,1,15.053716659545898,11.616111111111111
615,61.501,-535.8108395563852,392.54592038480064,-536.6902069632591,392.18791440141615,-1.7465095582156003,14.177016757499498,0,1,14.746391296386719,11.363888888888887
616,61.601,-536.9140050837638,392.423468944288,-537.9279532953823,392.0226447160693,-1.7451019250651023,13.86290144595774,0,1,14.406163215637207,11.10611111111111
617,61.7,-537.9837413526888,392.3010175045664,-539.1153401028931,391.8704556139785,-1.743644856373171,13.788821730680622,0,1,14.458931922912598,10.846944444444444
618,61.801,-539.0267342149193,392.17856606484474,-540.3052504553797,391.72053149883976,-1.742181637008497,13.723209066046476,0,1,14.461772918701172,10.553055555555556
619,61.901,-540.0764129288198,392.05611462512314,-541.4595615949455,391.57912176454846,-1.7407219148527833,13.616855461011646,0,1,14.429910659790039,10.543888888888889
620,62.001,-541.1194057910354,391.9447951338199,-542.608897050542,391.4424725298215,-1.7392233001044923,13.741765608722309,0,1,14.771658897399902,10.468055555555557
621,62.101,-542.1557128015663,391.8557395417265,-543.7676094837996,391.4095136897015,-1.7220831585179623,11.999174802924907,0,1,14.684054374694824,10.421944444444444
622,62.201,-543.1853339604124,391.7778158980516,-544.9092079654215,391.2867499539135,-1.7212722423761977,12.172473068005106,0,1,15.214795112609863,10.326944444444445
623,62.3,-544.2149551192733,391.73328810200485,-546.0646555039974,391.1747761028461,-1.7202234914021333,12.415956343797097,0,1,15.749855041503906,10.288055555555555
624,62.4,-545.2245187230949,391.67762835595784,-547.2969782426445,391.0594623085303,-1.719016759165566,13.188126321767648,0,1,17.334068298339844,10.148888888888889
625,62.5,-546.2407681785714,391.6442325091205,-548.5569412776047,390.95167602945673,-1.7175849319938008,13.20503033661598,0,1,17.261962890625,10.158888888888889
626,62.6,-547.2570176340777,391.62196861149266,-549.7753066008536,390.86210751989927,-1.7159272047847218,13.253476114556591,0,1,17.279958724975586,10.211944444444446
627,62.701,-548.2866387929238,391.59970471307383,-550.9573453359784,390.7884754595875,-1.7140819452388987,13.065157407724378,0,1,16.794343948364258,10.243055555555555
628,62.801,-549.2962023967305,391.6108366614923,-552.0825071651594,390.73755982253005,-1.711981203022948,13.132390188505115,0,1,16.908489227294922,10.161944444444444
629,62.901,-550.3057660005371,391.62196861149266,-553.1833309350988,390.7021444469413,-1.7096818215627263,13.019166801342134,0,1,16.645322799682617,10.108055555555556
630,63.0,-551.3353871593831,391.67762835595784,-554.2318292530819,390.6928687727735,-1.7070588737966337,12.809995814778357,0,1,16.21525764465332,10.243888888888888
631,63.1,-552.3315790598202,391.73328810200485,-555.2774318618024,390.6988609104991,-1.7042013152521294,12.920598346973676,0,1,16.44019889831543,10.084999999999999
632,63.201,-553.3411426636566,391.8334756433077,-556.2974904291256,390.7296538810796,-1.7009946661589537,12.481822028317426,0,1,15.424030303955078,10.128055555555555
633,63.3,-554.3573921191777,391.9447951338199,-557.2404350276342,391.01015763007916,-1.6640971995807916,11.163913114329054,0,1,14.424026489257812,10.19111111111111
634,63.4,-555.3803274263241,392.0672465743325,-558.1864226091304,391.0811661859116,-1.6620071567997172,11.510575575131224,0,1,15.539207458496094,10.311944444444446
635,63.5,-556.4099485851702,392.25648970851967,-559.2040957822643,391.1727396268903,-1.6594590540182896,11.66025523081458,0,1,15.813943862915039,10.291944444444445
636,63.6,-557.3994546339522,392.423468944288,-560.224412106193,391.28144916835,-1.6566049527948425,11.680875236278263,0,1,15.704747200012207,10.118888888888888
637,63.7,-558.3822748310347,392.60158013005673,-561.1462158292167,391.4146828084939,-1.653500244512577,11.022648232600277,0,1,13.589097023010254,10.055
638,63.8,-559.3985242865261,392.8353510602906,-561.9837009155224,391.5782178893443,-1.6500587799265622,10.955840722828288,0,1,13.302067756652832,10.306944444444444
639,63.9,-560.4214595936875,393.10251783815266,-562.8642398975238,391.76366612947396,-1.6462376238481973,11.171759797938401,0,1,13.88471794128418,10.440000000000001
640,64.0,-561.4176514941097,393.3696846160148,-563.7535756742525,391.9691053934742,-1.642117656945818,10.935824283887227,0,1,13.050992012023926,10.335
641,64.1,-562.4138433945914,393.6702472415052,-564.6317267378226,392.19840781304515,-1.6376700697415076,11.009618528611083,0,1,13.188983917236328,10.42
642,64.2,-563.4501504050926,394.0153376638332,-565.5249640018609,392.4543457899278,-1.6328188359384297,10.909717666781363,0,1,12.783193588256836,10.713888888888889
643,64.3,-564.4730857123133,394.33816418616044,-566.4324221484982,392.7280983156352,-1.6277052660435778,11.017282856750677,0,1,13.01438045501709,10.688888888888888
644,64.401,-565.4893351677899,394.67212265848804,-567.3786682073063,393.01778743224855,-1.6223250383999073,11.073624991867913,0,1,13.030937194824219,10.773888888888889
645,64.5,-566.5189563266507,395.0617408760718,-568.3085559600245,393.7116758561388,-1.5460504180844319,10.238252317893554,0,1,12.103752136230469,10.908055555555555
646,64.6,-567.5552633371817,395.41796324760924,-569.2009839928957,394.03627122130297,-1.54256449526458,10.25199110309257,0,1,12.120888710021973,10.973055555555556
647,64.7,-568.598256199427,395.8521092612396,-570.0831113484311,394.3841168262531,-1.5387385315347382,10.090762628673495,0,1,11.310918807983398,11.25
648,64.8,-569.5610188414402,396.3196511224983,-570.9730035157017,394.75665462552035,-1.5345561382294262,10.303183640675947,0,1,12.000542640686035,10.938055555555556
649,64.9,-570.6106975553407,396.7426651877103,-571.9583450752127,395.14532642357244,-1.5301125248430665,10.630387908060229,0,1,12.98005485534668,11.245
650,65.0,-571.6536904175564,397.2769987434345,-573.025161505737,395.5687530287339,-1.5251164542469127,10.931127219644328,0,1,13.735963821411133,11.556944444444444
651,65.1,-572.7234266864963,397.67774891022765,-574.1407026929301,395.99775320998435,-1.519930868550662,11.143654233502707,0,1,14.14875316619873,11.408055555555556
652,65.2,-573.8265922138452,398.01170738255524,-575.2488495960268,396.4171775029644,-1.5147704452821877,11.04038926636673,0,1,13.621774673461914,11.473888888888888
653,65.3,-574.903014334455,398.4458533961857,-576.3294248088082,396.84530027533503,-1.5093890445458538,11.10622083975915,0,1,13.627578735351562,11.51388888888889
654,65.4,-575.9593789000253,398.83547161456045,-577.4038731429829,397.2736873973529,-1.5039478582909032,11.152133553309117,0,1,13.585055351257324,11.31111111111111
655,65.5,-576.9890000588714,399.3475412718658,-578.4375563854171,397.7219655708862,-1.498141898267259,10.952491470733639,0,1,12.84338665008545,11.50611111111111
656,65.6,-578.0253070694172,399.8930067767994,-579.4263063464472,398.59116395385786,-1.416445476117603,10.428011330931927,0,1,12.921757698059082,11.6
657,65.7,-579.0749857833027,400.3939444856864,-580.45823797365,399.07777366759365,-1.4126404056006017,10.586816798700841,0,1,13.426985740661621,11.61888888888889
658,65.8,-580.2048947173759,400.7946946524795,-581.5552604090196,399.5636774592838,-1.408879880743735,10.876391320002732,0,1,14.182021141052246,11.88
659,65.9,-581.3816046132126,401.2622365137382,-582.6884707599963,400.05560107750597,-1.40499984419085,10.902522524433472,0,1,14.015998840332031,12.443888888888889
660,66.0,-582.5181993989559,401.6852505789502,-583.793619403704,400.53600848197186,-1.4011358478963112,10.818205919719814,0,1,13.51431941986084,12.251111111111111
661,66.1,-583.641422481359,402.0414729489056,-584.8892892229813,400.9972864059661,-1.3974587825593885,10.95028026027101,0,1,13.735983848571777,11.92
662,66.2,-584.8047606738114,402.53127870858316,-586.0219253643977,401.4732678239177,-1.3935981797006667,11.158565417753856,0,1,14.170001029968262,12.435
663,66.3,-586.0015281246878,402.95429277379515,-587.1738271730084,401.94665455792824,-1.389770863094245,11.159875213207316,0,1,13.973341941833496,12.60888888888889
664,66.4,-587.238410685643,403.27711929691344,-588.3393918002779,402.39797503067655,-1.3862722794226765,11.295032884077745,0,1,14.181561470031738,12.726944444444444
665,66.5,-588.5354659117463,403.47749438030996,-589.5399782197786,402.8108746522043,-1.3834327550638916,11.403809003764614,0,1,14.30919075012207,12.963055555555556
666,66.6,-589.8191494344801,403.56654997319436,-590.7459113019748,403.3144334571804,-1.3554116746249125,10.855339911791148,0,1,14.544910430908203,12.751111111111111
667,66.7,-591.0961471055143,403.8671125978937,-591.9791925045113,403.6680662590623,-1.3544344254439984,10.804299249897198,0,1,14.258528709411621,12.993055555555555
668,66.8,-592.393202331588,404.2122030194308,-593.2311900557058,404.02390697139816,-1.353458273501464,11.029633539606536,0,1,14.763571739196777,13.24888888888889
669,66.9,-593.6568282992972,404.63521708464276,-594.4872647974128,404.3937750264837,-1.3522809096615127,10.971793429998819,0,1,14.325106620788574,13.218055555555555
670,67.0,-594.9271401186465,405.091626996692,-595.7164541956363,404.77441416077903,-1.3508545347306629,10.959371507612484,0,1,14.06411361694336,13.368888888888888
671,67.1,-596.1640226796168,405.514641061904,-596.918036392748,405.15812699952426,-1.349288803602592,10.887178419322359,0,1,13.632018089294434,13.19
672,67.2,-597.3875335372173,405.8374675850222,-598.0986767125695,405.5272199803019,-1.347860096596508,10.89135126242396,0,1,13.468951225280762,12.876111111111111
673,67.3,-598.644473653212,406.1268982605122,-599.2657600740858,405.87746948468487,-1.3466570682929366,10.794801949300483,0,1,12.995497703552246,12.89888888888889
674,67.4,-599.9348430276157,406.494252581259,-600.43037730406,406.22657990351814,-1.3454618967888365,10.816420861351796,0,1,12.920875549316406,13.266944444444444
675,67.5,-601.1917831436402,407.0285861369833,-601.5861388356718,406.60457542949405,-1.3438174342367712,10.705819766892121,0,1,12.42901611328125,13.406944444444445
676,67.6,-602.5022100730686,407.50725994745136,-602.7847539951393,407.0962400438224,-1.3254054934153967,10.597111028710941,0,1,13.828408241271973,13.78111111111111
677,67.7,-603.8460662609356,407.83008647056954,-604.0887874319292,407.5054928483484,-1.3244160182198204,10.695943447534026,0,1,14.06583309173584,13.728055555555557
678,67.8,-605.143121487024,408.1417810444783,-605.40440946368,407.9023505902388,-1.3236072305086024,10.796488834790724,0,1,14.148033142089844,13.366944444444444
679,67.9,-606.4000616030337,408.59819095652756,-606.6913189951592,408.3063480655452,-1.3226052540594953,10.712339237519105,0,1,13.607489585876465,13.245000000000001
680,68.0,-607.6436300156588,408.898753582809,-607.9542086915897,408.6890587770102,-1.3217949452421827,10.814825566546986,0,1,13.731048583984375,12.816111111111113
681,68.1,-608.8270257631805,409.34403154485784,-609.2107614519871,409.0860598153487,-1.3207651438588206,10.898199272721003,0,1,13.785893440246582,12.496944444444443
682,68.2,-610.0438507690963,409.7781775584882,-610.4932549430226,409.49963367688196,-1.3195861168695482,11.213168959861399,0,1,14.544929504394531,12.681111111111111
683,68.3,-611.2740474783964,410.00081654109465,-611.7685094729395,409.88103237267836,-1.318829320126957,11.042314791816068,0,1,13.81196403503418,12.426944444444445
684,68.4,-612.5644168527854,410.00081654109465,-613.0052789350098,410.1839618087344,-1.3190650004752766,10.999742603038793,0,1,13.502297401428223,12.608055555555556
685,68.501,-613.82135696878,410.089872133188,-614.2476684754756,410.4483477472737,-1.3198883189502328,11.092808265333208,0,1,13.577544212341309,12.558055555555557
686,68.601,-615.0314961230259,410.05647628635074,-615.5135751093665,410.60289309339515,-1.3325926924663762,10.684886304170899,0,1,14.08365535736084,12.225
687,68.701,-616.30849379406,410.089872133188,-616.8199732381623,410.79448446206646,-1.33412794851632,10.922439886775114,0,1,14.80520248413086,12.553055555555556
688,68.8,-617.5654339100696,410.16779577686293,-618.1577351052248,410.97305565575437,-1.3359528053106122,11.154606569984134,0,1,15.32919979095459,12.59
689,68.9,-618.882546691168,410.10100408239737,-619.5165114062478,411.1105408756523,-1.338420569469422,11.164672484322082,0,1,15.066239356994629,12.988055555555555
690,69.0,-620.1194292521528,409.95628874425694,-620.8673594458701,411.1964570770831,-1.3416045766176605,11.42075068020106,0,1,15.579111099243164,12.5
691,69.1,-621.4164844782711,409.588934425092,-622.2534761115551,411.20531220399886,-1.3460524938768996,11.685598881145243,0,1,16.075992584228516,12.82
692,69.2,-622.6600528908963,409.3328995964394,-623.6479790788682,411.1659631726552,-1.3512992965709751,11.857380292267733,0,1,16.292400360107422,12.658888888888889
693,69.3,-623.9303647102605,409.05460086936785,-625.0302592597507,411.07604501723137,-1.357319044428691,11.912843231419867,0,1,16.205543518066406,12.823055555555554
694,69.4,-625.1271321611368,408.97667722569287,-626.6242333705111,411.42158743816134,-1.357319044428691,13.98848554873184,1,0,16.414113998413086,12.34
695,69.5,-626.297156205289,408.8542257859712,-628.246531956731,411.7732699901973,-1.357319044428691,16.210118866939165,1,0,16.785484313964844,11.95111111111111
696,69.601,-627.4604943977563,408.5647951088993,-629.8971101038659,412.13108299703214,-1.357319044428691,18.323071600995124,1,0,16.658403396606445,11.93388888888889
697,69.701,-628.5904033318145,408.2864963826188,-631.534318310532,412.4859976626956,-1.357319044428691,20.625138795561043,1,0,16.8463134765625,11.793055555555554
698,69.801,-629.6868830074935,408.052725451594,-633.1912816477861,412.8451948536599,-1.357319044428691,23.031346385904396,1,0,17.06268310546875,11.418888888888889
699,69.901,-630.7231900180094,407.89687816503505,-634.8543837745049,413.2057228139189,-1.357319044428691,25.37687761156277,1,0,16.971940994262695,10.691944444444443
700,70.0,-631.6859526600674,407.8078225729417,-636.4814802732293,413.5584454593929,-1.357319044428691,27.658857960298945,1,0,16.662185668945312,9.973888888888888
701,70.1,-632.6420294504404,407.7298989284758,-638.0873099594503,413.9065578765412,-1.357319044428691,29.947861507674556,1,0,16.20038414001465,9.64111111111111
702,70.201,-633.55130527902,407.62971138717296,-639.7005262604816,414.2562715670738,-1.357319044428691,32.717052575708074,1,0,16.486480712890625,9.21111111111111
703,70.301,-634.4940103660234,407.551787743498,-641.3478779860703,414.6133851489242,-1.357319044428691,35.84007546430588,1,0,17.225818634033203,9.401111111111112
704,70.401,-635.3765427878936,407.4070724053575,-643.0295155941104,414.9779312384164,-1.357319044428691,38.66183458658478,1,0,17.188125610351562,9.028055555555556
705,70.501,-636.2590752097786,407.34028071010107,-644.6999940544605,415.34005824330137,-1.357319044428691,41.48332613995937,1,0,16.997451782226562,8.77
706,70.601,-637.0145764497272,407.34028071010107,-646.3178040965092,415.6907677668934,-1.357319044428691,43.94949590070651,1,0,16.11029052734375,8.12111111111111
707,70.701,-637.7901352447007,407.3514126601014,-647.9061013478254,416.0350794956215,-1.357319044428691,47.167289663850774,1,0,16.39348602294922,7.8549999999999995
708,70.801,-638.4854638195159,407.2734890156355,-649.5236133279491,416.3857244052273,-1.357319044428691,50.54081045099645,1,0,16.70815658569336,7.406111111111111
709,70.901,-639.2409650594349,407.2289612203798,-651.148845279702,416.73804285344505,-1.357319044428691,53.73334863844313,1,0,16.551471710205078,7.318888888888889
710,71.001,-639.983094596014,407.21782927117033,-652.771617521552,417.0898280847425,-1.357319044428691,57.19829121691638,1,0,16.657819747924805,7.3388888888888895
711,71.1,-640.6449939123908,407.1955653727515,-654.3791833840028,417.4383168708851,-1.357319044428691,60.61163024724648,1,0,16.57258415222168,6.75111111111111
712,71.201,-641.1798620468903,407.206697321961,-655.9909967966536,417.78772644269986,-1.357319044428691,63.90233710680835,1,0,16.08585548400879,5.976944444444444
713,71.301,-641.6478716645422,407.25122511879863,-657.5577679747172,418.12737174045094,-1.357319044428691,67.4783923233192,1,0,15.977399826049805,5.32
714,71.401,-642.1894256506969,407.21782927117033,-659.1202890208687,418.46609569286517,-1.357319044428691,71.24608673000716,1,0,15.998878479003906,5.561111111111111
715,71.5,-642.6908645267728,407.206697321961,-660.6782499441817,418.80383109998263,-1.357319044428691,75.23449606928875,1,0,16.20612907409668,5.083888888888889
716,71.601,-643.2056751061735,407.18443342354215,-662.2898731107467,419.153199430173,-1.357319044428691,79.48671989014,1,0,16.448455810546875,5.21
717,71.7,-643.7004281305942,407.1733014743327,-663.8604279528772,419.4936649521703,-1.357319044428691,83.25983671826157,1,0,16.016883850097656,4.906944444444444
718,71.8,-644.1884953032857,407.206697321961,-665.4028723194596,419.8280366737639,-1.357319044428691,87.09452860359573,1,0,15.548534393310547,5.021111111111111
719,71.901,-644.6631907726222,407.16216952591424,-666.9595827560267,420.1655009998524,-1.357319044428691,91.77168830793995,1,0,15.993412971496582,4.685
720,72.0,-645.0843994285253,407.1510375767049,-668.5455590104084,420.50930958191435,-1.357319044428691,96.89983043751509,1,0,16.790706634521484,4.4030555555555555
721,72.1,-645.5390373428522,407.1399056274954,-670.2222237003481,420.87277764018376,-1.357319044428691,102.3460785448491,1,0,17.521469116210938,4.413888888888889
722,72.2,-645.953560147026,407.10650977986717,-671.9365115783551,421.2444016685734,-1.357319044428691,107.43037510739649,1,0,17.56064796447754,4.226111111111111
723,72.3,-646.2744810277021,407.0397180854017,-673.6704121733719,421.62027734979006,-1.357319044428691,113.01438740692093,1,0,17.922834396362305,3.6280555555555556
724,72.401,-646.6087736117477,406.995190289355,-675.4244936046632,422.0005278409606,-1.357319044428691,118.20658548296929,1,0,17.618228912353516,3.2249999999999996
725,72.501,-647.0299822676507,407.00632223856434,-677.1565850439481,422.3760113326566,-1.357319044428691,123.9870903154707,1,0,17.828229904174805,3.8519444444444444
726,72.6,-647.41107581346,406.9283985948894,-678.8369223116358,422.74027553383456,-1.357319044428691,128.7162787116843,1,0,16.906450271606445,3.416111111111111
727,72.7,-647.8189127660082,406.8393430020051,-680.4914593055189,423.09894674108904,-1.357319044428691,134.47659505220344,1,0,16.952892303466797,3.496111111111111
728,72.8,-648.1398336466696,406.8393430020051,-682.1432344266589,423.4570192284389,-1.357319044428691,140.24742667433335,1,0,16.849929809570312,3.2469444444444444
729,72.9,-648.5209271924788,406.7168915622834,-683.7494885575354,423.8052236568735,-1.357319044428691,145.3671074625032,1,0,16.021326065063477,3.416111111111111
730,73.001,-648.8619056281943,406.60557207177123,-685.3471326375134,424.1515615949475,-1.357319044428691,151.73106405871616,1,0,16.35001564025879,2.775
731,73.1,-649.1694548055157,406.56104427572456,-686.9925439231146,424.50825452742265,-1.357319044428691,159.38440510682972,1,0,17.662700653076172,3.0180555555555557
732,73.2,-649.5238049446305,406.5499123265151,-688.7989461708021,424.8998471466029,-1.357319044428691,168.2362975354671,1,0,19.304494857788086,3.3519444444444444
733,73.3,-649.89821263874,406.5499123265151,-690.7764461226824,425.3285303961819,-1.357319044428691,178.33475672872854,1,0,21.16413688659668,3.5019444444444443
734,73.401,-650.112159892519,406.56104427572456,-692.7864792345264,425.76426619750396,-1.357319044428691,184.4581355058478,1,0,19.562999725341797,3.0219444444444443
735,73.501,-650.3862798114611,406.5499123265151,-694.6899731505171,426.176906388309,-1.357319044428691,192.28127237907722,1,0,19.391132354736328,2.8649999999999998
736,73.6,-650.6871431370828,406.53878037809665,-696.5744780780949,426.5854301384278,-1.357319044428691,200.69292160667567,1,0,19.563949584960938,2.8569444444444443
737,73.7,-650.9813206110346,406.5499123265151,-698.376290563584,426.97602778707864,-1.357319044428691,206.11054231018954,1,0,17.30931854248047,2.7380555555555555
738,73.8,-651.2086395681981,406.494252581259,-700.1114829466823,427.35218350264466,-1.357319044428691,215.26310712050932,1,0,18.200599670410156,2.5938888888888885
739,73.9,-651.4159009703221,406.46085673363075,-701.7855324647768,427.7150846428903,-1.357319044428691,220.85733184113846,1,0,16.05805778503418,2.295
740,74.0,-651.6097906690616,406.40519698837466,-703.305583973896,428.0446020316706,-1.357319044428691,227.41725028423207,1,0,15.049100875854492,2.0461111111111108
741,74.101,-651.8304237745256,406.41632893758407,-704.7521653192209,428.3581925282492,-1.357319044428691,234.12313287653578,1,0,14.261419296264648,2.0980555555555553
742,74.201,-652.1179153967777,406.41632893758407,-706.1197007873583,428.65464742719286,-1.357319044428691,240.89753627905196,1,0,13.724568367004395,1.9069444444444446
743,74.301,-652.2850616888079,406.3940650399562,-707.4896701948791,428.95162995651305,-1.357319044428691,248.9369697471633,1,0,14.31122875213623,1.9719444444444445
744,74.402,-652.5190664976413,406.4274608867935,-708.8908415127659,429.25537644874305,-1.357319044428691,256.44943072875816,1,0,14.07919692993164,1.7530555555555556
745,74.5,-652.7731288615289,406.37180114074647,-710.3766306544503,429.5774664274765,-1.357319044428691,267.9524549995283,1,0,16.947328567504883,2.1419444444444444
746,74.6,-652.9803902636233,406.27161359944364,-712.0883455813911,429.9485326904801,-1.357319044428691,278.9496241593784,1,0,18.082134246826172,1.7330555555555556
747,74.7,-653.1341648522838,406.23821775181534,-713.8095996083722,430.3216668434977,-1.357319044428691,287.5022227394032,1,0,17.142541885375977,1.4700000000000002
748,74.801,-653.3347404027082,406.18255800655925,-715.4733811727486,430.68234209253046,-1.357319044428691,296.5223286901066,1,0,16.568872451782227,1.8119444444444444
749,74.9,-653.5018866947386,406.21595385418743,-717.0889822338777,431.03257275233386,-1.357319044428691,306.55393365624303,1,0,16.82762908935547,1.406111111111111
750,75.0,-653.6824046901086,406.1602941081404,-718.752373195464,431.3931633263337,-1.357319044428691,317.2467655070871,1,0,17.212905883789062,1.9849999999999999
751,75.1,-653.809435872045,406.1714260581408,-720.4060407022608,431.7516460458215,-1.357319044428691,326.81960311706916,1,0,16.628643035888672,1.7580555555555555
752,75.2,-653.9498387573658,406.11576631209374,-722.0027845327018,432.0977888274321,-1.357319044428691,336.3249829279709,1,0,16.047988891601562,1.441111111111111
753,75.3,-654.0835557909721,406.13803021130354,-723.5283441292693,432.42850026166565,-1.357319044428691,345.29073071925836,1,0,15.171890258789062,1.4469444444444444
754,75.4,-654.2975030447514,406.0935024136749,-725.051569000625,432.75870557321144,-1.357319044428691,356.60863227320567,1,0,16.00020980834961,1.6319444444444444
755,75.5,-654.4312200783576,406.0489746176282,-726.6178700647575,433.09824895947196,-1.357319044428691,367.3957165366372,1,0,16.053424835205078,1.4749999999999999
756,75.6,-654.5716229636784,406.0601065660466,-728.0859668545103,433.41650358290667,-1.357319044428691,375.12631713844536,1,0,13.990504264831543,1.268888888888889
757,75.7,-654.7120258489547,406.0489746176282,-729.331240079696,433.686454422743,-1.357319044428691,381.5665299591966,1,0,11.49344253540039,1.3080555555555555
758,75.8,-654.8591145859453,406.0489746176282,-730.4686650309317,433.93302586957634,-1.357319044428691,390.46029307545075,1,0,11.783438682556152,1.2419444444444445
759,75.9,-654.9861457678818,406.0601065660466,-731.5412573193025,434.16554286519755,-1.357319044428691,397.22712754687586,1,0,10.166671752929688,1.0988888888888888
760,76.0,-655.1332345048577,405.9821829231626,-732.4282811507923,434.3578322547247,-1.357319044428691,402.707476295568,1,0,7.985865116119385,1.366111111111111
761,76.101,-655.2201505767005,406.0155787707909,-733.2431705364512,434.53448430953745,-1.357319044428691,409.94368779343586,1,0,8.525361061096191,0.8869444444444444
762,76.201,-655.3003807968731,405.94878707632535,-734.0843765506866,434.7168412938726,-1.357319044428691,417.12707006375285,1,0,8.689535140991211,0.88
763,76.301,-655.3605534620064,405.91539122869716,-734.9563505617143,434.9058681771554,-1.357319044428691,424.83388126073066,1,0,9.155014038085938,0.8730555555555555
764,76.4,-655.487584643928,405.9265231779066,-735.8504948996696,435.09970115299086,-1.357319044428691,432.5153031228186,1,0,9.328071594238281,0.706111111111111
765,76.5,-655.5009563473122,405.94878707632535,-736.7647864808848,435.2979016564728,-1.357319044428691,440.33080412774945,1,0,9.382487297058105,0.36194444444444446
766,76.6,-655.5878724191699,405.9265231779066,-737.6747589136603,435.49516585318673,-1.357319044428691,448.0246063067693,1,0,9.2396821975708,0.4111111111111111
767,76.7,-655.6279875292339,405.9265231779066,-738.5624756366035,435.687605448007,-1.357319044428691,455.49974101173376,1,0,8.927034378051758,0.1488888888888889
768,76.8,-655.6614167876578,405.9265231779066,-739.4199880987003,435.8734973507889,-1.357319044428691,462.8515933276181,1,0,8.621565818786621,0.056944444444444436
769,76.901,-655.6747884910274,405.91539122869716,-740.2642048692502,436.0565070081112,-1.357319044428691,470.34193317783746,1,0,8.48388957977295,0.15388888888888888
770,77.001,-655.6814743427269,405.91539122869716,-741.063320191735,436.22973955504784,-1.357319044428691,477.18198759404123,1,0,7.869639873504639,0.19388888888888886
771,77.1,-655.7082177494215,405.91539122869716,-741.8182328421585,436.393389828629,-1.357319044428691,484.134750159687,1,0,7.735352039337158,0.07194444444444445
772,77.2,-655.7215894527762,405.91539122869716,-742.576667581679,436.55780362212727,-1.357319044428691,491.3340229008655,1,0,7.785667896270752,0.09888888888888889
773,77.3,-655.7349611561457,405.90425927948775,-743.3265859799262,436.7203712396759,-1.357319044428691,498.31596572735543,1,0,7.561069011688232,0.10305555555555555
774,77.4,-655.7483328595004,405.90425927948775,-744.0419007214462,436.8754374623451,-1.357319044428691,504.9097952683234,1,0,7.07751989364624,0.06805555555555555
775,77.5,-655.7617045628996,405.90425927948775,-744.718502899571,437.0221115596643,-1.357319044428691,511.4031441944711,1,0,6.768834114074707,0.06805555555555555
776,77.6,-655.7750762662247,405.90425927948775,-745.3385077036538,437.1565164550557,-1.357319044428691,517.1719489601104,1,0,5.919280529022217,0.08805555555555555
777,77.7,-655.7884479695941,405.8931273302783,-745.8982151534491,437.277850065286,-1.357319044428691,522.8430194002337,1,0,5.534876346588135,0.06694444444444445
778,77.8,-655.8018196729489,405.8931273302783,-746.4273087169565,437.3925471847069,-1.357319044428691,528.4014532624537,1,0,5.292781352996826,0.043055555555555555
779,77.9,-655.8085055246337,405.8931273302783,-746.8932925376225,437.4935633482241,-1.357319044428691,533.1015324568169,1,0,4.243364334106445,0.06194444444444444
780,78.0,-655.8218772279885,405.8931273302783,-747.3123833092014,437.5844140173521,-1.357319044428691,538.0294386631664,1,0,4.333136558532715,0.045
781,78.1,-655.8285630796582,405.88199538185984,-747.7346782464771,437.6759592868324,-1.357319044428691,542.9499355328537,1,0,4.30893611907959,0.056111111111111084
782,78.2,-655.8419347830428,405.88199538185984,-748.1496742082824,437.76592228142044,-1.357319044428691,547.7857322722163,1,0,4.1837663650512695,0.04805555555555555
783,78.3,-655.8486206347424,405.88199538185984,-748.5574060523909,437.8543105575987,-1.357319044428691,552.6303090776734,1,0,4.160279273986816,0.031111111111111082
784,78.4,-655.8553064863826,405.88199538185984,-748.9459047004899,437.93852945366785,-1.357319044428691,557.1860579932934,1,0,3.790167808532715,0.041111111111111105
785,78.501,-655.8619923380821,405.88199538185984,-749.3300842667891,438.0218120574153,-1.357319044428691,561.9950228236379,1,0,3.994049072265625,0.036111111111111115
786,78.601,-655.8753640414517,405.8708634326505,-749.724729766378,438.1073634704683,-1.357319044428691,566.8382663716723,1,0,4.08219051361084,0.036944444444444446
787,78.701,-655.8820498931216,405.859731483441,-750.1084823981142,438.1905535231663,-1.357319044428691,571.432797808013,1,0,3.7711315155029297,0.018055555555555557
788,78.801,-655.8887357447917,405.859731483441,-750.4597662719536,438.26670498522776,-1.357319044428691,575.7703520609831,1,0,3.4177322387695312,0.034999999999999996
789,78.9,-655.9021074481759,405.84859953423165,-750.7905797280982,438.3384188617564,-1.357319044428691,580.0827412940652,1,0,3.4205970764160156,0.03194444444444444
790,79.001,-655.908793299831,405.84859953423165,-751.1268430736558,438.41131416754433,-1.357319044428691,584.4793554111207,1,0,3.392745018005371,0.021944444444444444
791,79.101,-655.9154791515306,405.84859953423165,-751.4431800721811,438.4798898316605,-1.357319044428691,588.5933708115391,1,0,3.080946922302246,0.011944444444444443
792,79.201,-655.9288508549001,405.8374675850222,-751.7361799310682,438.5434064610867,-1.357319044428691,592.5857218576397,1,0,2.9151611328125,0.013055555555555555
793,79.3,-655.9355367065551,405.8374675850222,-751.9990647570872,438.60039474135226,-1.357319044428691,596.2469812444848,1,0,2.518998146057129,0.011944444444444443
794,79.4,-655.9422225582548,405.8263356358128,-752.242268655305,438.6531165820275,-1.357319044428691,599.8812526342435,1,0,2.4580583572387695,0.016111111111111083
795,79.5,-655.9489084099248,405.8263356358128,-752.485688270948,438.70588518601454,-1.357319044428691,603.5611211365848,1,0,2.5234127044677734,0.008888888888888889
796,79.6,-655.9622801132795,405.8152036873944,-752.727619487618,438.7583311342625,-1.357319044428691,607.186890400234,1,0,2.4275989532470703,0.008888888888888889
797,79.7,-655.968965964979,405.8152036873944,-752.9638729881017,438.80954626486994,-1.357319044428691,610.7947458756057,1,0,2.4072208404541016,0.018055555555555557
798,79.801,-655.975651816649,405.8040717381849,-753.2037797976272,438.8615533613079,-1.357319044428691,614.4794025695605,1,0,2.4537525177001953,0.021111111111111112
799,79.901,-655.989023519989,405.8040717381849,-753.4431548396998,438.91344518097964,-1.357319044428691,618.1302727127785,1,0,2.444948196411133,0.01888888888888889
800,80.001,-655.9957093717032,405.79293978897545,-753.6839089540917,438.9656359565136,-1.357319044428691,621.8168960919018,1,0,2.4819746017456055,0.03
801,80.1,-656.0023952233732,405.79293978897545,-753.9255276726852,439.0180141613006,-1.357319044428691,625.4989960988005,1,0,2.512587547302246,0.03194444444444444
802,80.2,-656.0157669267428,405.79293978897545,-754.1711937972764,439.0712697644176,-1.357319044428691,629.2350672528428,1,0,2.514857292175293,0.01388888888888889
803,80.3,-656.0224527784126,405.79293978897545,-754.4181597253728,439.1248071394709,-1.357319044428691,632.9959519903572,1,0,2.539187431335449,0.008055555555555528
804,80.4,-656.0224527784126,405.79293978897545,-754.6691899393903,439.1792255720909,-1.357319044428691,636.8126121317329,1,0,2.5980310440063477,0.015
805,80.5,-656.0358244817822,405.79293978897545,-754.9204020848894,439.23368344389206,-1.357319044428691,640.6011075584624,1,0,2.542910575866699,0.01388888888888889
806,80.6,-656.042510333467,405.7818078397661,-755.1680254175479,439.2873633313756,-1.357319044428691,644.379092352257,1,0,2.524587631225586,0.0061111111111111106
807,80.701,-656.049196185137,405.7818078397661,-755.4210959195015,439.34222405845014,-1.357319044428691,648.2650304958242,1,0,2.603107452392578,0.011111111111111112
808,80.801,-656.0558820368217,405.7818078397661,-755.672182847303,439.39665478550756,-1.357319044428691,652.0719832169958,1,0,2.535271644592285,0.004999999999999999
809,80.9,-656.0625678885065,405.77067589134765,-755.9153109741344,439.4493602004306,-1.357319044428691,655.8088229675049,1,0,2.4904918670654297,0.011944444444444443
810,81.0,-656.0692537402061,405.77067589134765,-756.1619821489979,439.5028336787573,-1.357319044428691,659.6442182978068,1,0,2.557520866394043,0.009999999999999998
811,81.1,-656.0759395918465,405.77067589134765,-756.4095808761692,439.5565082322533,-1.357319044428691,663.4548935762556,1,0,2.5094738006591797,0.026944444444444417
812,81.2,-656.082625443546,405.77067589134765,-756.6559696005436,439.6099204808473,-1.357319044428691,667.2883501086081,1,0,2.5327587127685547,0.0011111111111111111
813,81.301,-656.0893112952307,405.77067589134765,-756.9076235645953,439.66447413025526,-1.357319044428691,671.200256399424,1,0,2.566234588623047,0.006944444444444445
814,81.4,-656.0959971469155,405.75954394134726,-757.1585370213816,439.7188672521949,-1.357319044428691,675.0846723598809,1,0,2.6204614639282227,0.013055555555555555
815,81.5,-656.1026829985855,405.75954394134726,-757.417437775834,439.7749918637943,-1.357319044428691,679.0752429527297,1,0,2.677824020385742,0.023888888888888887
816,81.6,-656.1093688502702,405.75954394134726,-757.6821579610311,439.8323780139743,-1.357319044428691,683.1297367987813,1,0,2.739553451538086,0.023888888888888887
817,81.7,-656.116054701955,405.75954394134726,-757.9533639755863,439.89117016489917,-1.357319044428691,687.2591665853399,1,0,2.810553550720215,0.03
818,81.8,-656.1227405536397,405.75954394134726,-758.2342885517942,439.95206910959996,-1.357319044428691,691.5148402076981,1,0,2.93843936920166,0.011111111111111112
819,81.9,-656.1294264053097,405.7484119929288,-758.5255035808285,440.0151988228796,-1.357319044428691,695.861346177887,1,0,3.0211429595947266,0.008055555555555528
820,82.0,-656.1361122569796,405.7484119929288,-758.8284115754634,440.0808633420317,-1.357319044428691,700.3657809617428,1,0,3.1777305603027344,0.013055555555555555
821,82.1,-656.1427981086792,405.7484119929288,-759.1435681630182,440.1491831161742,-1.357319044428691,704.9735839128359,1,0,3.2718048095703125,0.011944444444444443
822,82.2,-656.1494839603492,405.7484119929288,-759.4697250344261,440.2198875363562,-1.357319044428691,709.7213100104739,1,0,3.402846336364746,0.006944444444444445
823,82.301,-656.1561698120042,405.73728004371935,-759.8107418963598,440.2938133113713,-1.357319044428691,714.6340888213698,1,0,3.5068111419677734,0.0061111111111111106
824,82.401,-656.1628556637187,405.73728004371935,-760.1570135206002,440.36887821591165,-1.357319044428691,719.5807871117111,1,0,3.579479217529297,0.003888888888888861
825,82.5,-656.1628556637187,405.73728004371935,-760.5061928353864,440.4445734507995,-1.357319044428691,724.5520567809741,1,0,3.638495445251465,0.01888888888888889
826,82.6,-656.1695415154035,405.72614809451,-760.8628750040076,440.521895157415,-1.357319044428691,729.6155906703882,1,0,3.660841941833496,0.036111111111111115
827,82.701,-656.1762273670735,405.72614809451,-761.2302112964211,440.60152646935023,-1.357319044428691,734.8762388616791,1,0,3.782097816467285,0.028055555555555525
828,82.801,-656.182913218773,405.72614809451,-761.6052743698461,440.68283279603816,-1.357319044428691,740.2115066570477,1,0,3.8933963775634766,0.01888888888888889
829,82.9,-656.1895990704429,405.72614809451,-761.9848629296922,440.76512015952613,-1.357319044428691,745.5689354965428,1,0,3.9531755447387695,0.011111111111111112
830,83.0,-656.1962849221277,405.72614809451,-762.3849104521671,440.85184262531305,-1.357319044428691,751.3162602997363,1,0,4.233613967895508,0.04388888888888889
831,83.101,-656.2029707737977,405.7150161453006,-762.8134785204409,440.94474778670065,-1.357319044428691,757.3603008461047,1,0,4.4499993324279785,0.023888888888888887
832,83.201,-656.2096566254974,405.7150161453006,-763.2643703697673,441.04249230648895,-1.357319044428691,763.7317659744845,1,0,4.77729606628418,0.016111111111111083
833,83.301,-656.2163424771524,405.7038841968821,-763.746662292641,441.1470437470827,-1.357319044428691,770.4677608691946,1,0,5.092587471008301,0.026944444444444417
834,83.401,-656.2230283288519,405.7038841968821,-764.2326117186735,441.25238806270943,-1.357319044428691,776.8414564710693,1,0,4.852145195007324,0.021944444444444444
835,83.501,-656.2297141805368,405.69275224767273,-764.7189636401484,441.35781963146303,-1.357319044428691,783.6495246295348,1,0,5.100824356079102,0.021111111111111112
836,83.6,-656.2364000322067,405.69275224767273,-765.2241545544261,441.4673351247931,-1.357319044428691,790.6814714487281,1,0,5.342105865478516,0.03888888888888889
837,83.701,-656.2497717355761,405.6816202984633,-765.7647016241436,441.5845151399818,-1.357319044428691,798.2021972895634,1,0,5.610417366027832,0.03194444444444444
838,83.8,-656.2631434389458,405.67048834925384,-766.3186144942703,441.70459259885797,-1.357319044428691,805.8517416889761,1,0,5.839656829833984,0.033888888888888885
839,83.9,-656.2698292906008,405.67048834925384,-766.902782524583,441.8312287837522,-1.357319044428691,813.9567839156847,1,0,6.115074634552002,0.016944444444444443
840,84.0,-656.2765151422857,405.6593564000445,-767.518206001303,441.9646405371212,-1.357319044428691,822.5672182575669,1,0,6.47928524017334,0.019999999999999997
841,84.1,-656.2898868456699,405.6593564000445,-768.1601035376798,442.1037913479868,-1.357319044428691,831.3481497077607,1,0,6.656854152679443,0.013055555555555555
842,84.201,-656.2965726973399,405.6593564000445,-768.8303375328306,442.24908494799246,-1.357319044428691,840.6421186225191,1,0,6.923375606536865,0.016944444444444443
843,84.3,-656.3032585490099,405.648224450835,-769.5082537544206,442.3960439041923,-1.357319044428691,849.9578890803768,1,0,7.090003490447998,0.015
844,84.4,-656.3166302523794,405.648224450835,-770.2068287258758,442.54748127265003,-1.357319044428691,859.5540440315876,1,0,7.2060136795043945,0.01388888888888889
845,84.5,-656.3233161040641,405.648224450835,-770.9189124127478,442.70184706596916,-1.357319044428691,869.4491255041235,1,0,7.366453170776367,0.008888888888888889
846,84.6,-656.3300019557341,405.63709250162566,-771.6454396371475,442.8593439352698,-1.357319044428691,879.5755269623434,1,0,7.501594066619873,0.004999999999999999
847,84.701,-656.3433736591037,405.63709250162566,-772.3943600629282,443.0216952119383,-1.357319044428691,890.129329334127,1,0,7.672974109649658,0.0030555555555555553
848,84.8,-656.3433736591037,405.6259605532072,-773.091029495043,443.1727194967973,-1.357319044428691,898.7222074588879,1,0,6.728057384490967,0.006944444444444445
849,84.901,-656.3500595108032,405.6259605532072,-773.7649021936888,443.31880189643704,-1.357319044428691,908.5862229130311,1,0,6.925899505615234,0.015
850,85.001,-656.3567453624435,405.6259605532072,-774.4350080571629,443.4640677200053,-1.357319044428691,918.0643296741365,1,0,6.787510395050049,0.036944444444444446
851,85.101,-656.3634312141431,405.6259605532072,-775.0917980181055,443.6064469167684,-1.357319044428691,927.4716855350224,1,0,6.653395652770996,0.015
852,85.201,-656.3701170658278,405.61482860399775,-775.7484940541245,443.7488057524481,-1.357319044428691,937.2747175216412,1,0,6.785588264465332,0.018055555555555557
853,85.301,-656.3768029175275,405.61482860399775,-776.4025532952944,443.89059298266034,-1.357319044428691,946.7451383356306,1,0,6.599434852600098,0.016111111111111083
854,85.4,-656.3834887691826,405.61482860399775,-777.0245489566137,444.02542945689885,-1.357319044428691,955.703035659384,1,0,6.257996082305908,0.031111111111111082
855,85.5,-656.3834887691826,405.61482860399775,-777.6332873601104,444.1573920173563,-1.357319044428691,964.9132520884697,1,0,6.199556827545166,0.021111111111111112
856,85.601,-656.3901746208672,405.61482860399775,-778.2303262682324,444.2868183564141,-1.357319044428691,973.7939993803012,1,0,5.897599697113037,0.006944444444444445
857,85.701,-656.3968604725818,405.6036966547884,-778.8016824589928,444.41067718548226,-1.357319044428691,982.6133358328273,1,0,5.794943332672119,0.01388888888888889
858,85.801,-656.4102321759069,405.6036966547884,-779.3806806108038,444.5361926419972,-1.357319044428691,991.9874954274571,1,0,6.053988933563232,0.03
859,85.901,-656.4102321759069,405.6036966547884,-780.0001403893632,444.67047938653235,-1.357319044428691,1002.3414595945234,1,0,6.622972011566162,0.036944444444444446
860,86.001,-656.4169180275767,405.6036966547884,-780.6576445851554,444.8130134154187,-1.357319044428691,1012.8710510418509,1,0,6.832550525665283,0.018055555555555557
861,86.101,-656.4236038792762,405.6036966547884,-781.3729426434091,444.9680760214826,-1.357319044428691,1025.326023846204,1,0,7.805696964263916,0.011111111111111112
862,86.201,-656.4302897309464,405.5925647055789,-782.1516431472801,445.1368830356779,-1.357319044428691,1037.8985826197345,1,0,8.13005256652832,0.008888888888888889
863,86.301,-656.4369755826013,405.5925647055789,-782.9735429412664,445.3150548096794,-1.357319044428691,1051.5862705589886,1,0,8.689750671386719,0.023888888888888887
864,86.4,-656.443661434301,405.5925647055789,-783.8370262738918,445.50224108022024,-1.357319044428691,1065.8762860438578,1,0,9.159533500671387,0.01388888888888889
865,86.5,-656.443661434301,405.5925647055789,-784.7497528901954,445.7001023299676,-1.357319044428691,1080.8729462736148,1,0,9.518999099731445,0.045
866,86.6,-656.4503472860006,405.5925647055789,-785.709421603456,445.9081397067214,-1.357319044428691,1097.1958583144635,1,0,10.120182037353516,0.008055555555555528
867,86.701,-656.4570331376704,405.5925647055789,-786.7231404822518,446.1278941004996,-1.357319044428691,1113.9673224227563,1,0,10.41971206665039,0.021944444444444444
868,86.8,-656.4637189893405,405.5925647055789,-787.7417410356635,446.3487067457006,-1.357319044428691,1130.8313229421792,1,0,10.636039733886719,0.011944444444444443
869,86.9,-656.47040484104,405.5925647055789,-788.7848481212723,446.5748319269895,-1.357319044428691,1148.0062798252745,1,0,10.71066951751709,0.008888888888888889
870,87.0,-656.47040484104,405.5814327571605,-789.8417318564816,446.80394361602185,-1.357319044428691,1165.893014719869,1,0,10.917972564697266,0.019999999999999997
871,87.101,-656.4770906927248,405.5814327571605,-790.9268478508866,447.039175505767,-1.357319044428691,1184.3467000128576,1,0,11.068564414978027,0.0061111111111111106
872,87.201,-656.4837765444096,405.5814327571605,-792.0101337399442,447.2740106645253,-1.357319044428691,1202.7408272836083,1,0,11.100385665893555,0.0030555555555555553
873,87.3,-656.4904623960647,405.5814327571605,-793.0931585330931,447.50878922280555,-1.357319044428691,1221.7024894195988,1,0,11.28709602355957,0.04805555555555555
874,87.4,-656.4971482477642,405.5814327571605,-794.1925229430459,447.7471098899095,-1.357319044428691,1240.6040614812794,1,0,11.210893630981445,0.016111111111111083
875,87.5,-656.4971482477642,405.5814327571605,-795.2945455844466,447.9860068095156,-1.357319044428691,1260.2650412311878,1,0,11.341495513916016,0.011111111111111112
876,87.6,-656.503834099449,405.5814327571605,-796.3883161139545,448.2231148329254,-1.357319044428691,1279.0765963610297,1,0,11.042017936706543,0.008888888888888889
877,87.7,-656.5105199511338,405.5814327571605,-797.4586579322666,448.45514397072543,-1.357319044428691,1298.0235020648438,1,0,10.862037658691406,0.003888888888888861
878,87.801,-656.5172058028186,405.5814327571605,-798.4593313046616,448.6720703542824,-1.357319044428691,1313.467390780127,1,0,9.413529396057129,0.004999999999999999
879,87.901,-656.5172058028186,405.5814327571605,-799.3531634698174,448.8658356571705,-1.357319044428691,1329.2550187220793,1,0,8.878336906433105,0.04611111111111111
880,88.001,-656.5172058028186,405.5814327571605,-800.1847833166981,449.0461145482199,-1.357319044428691,1343.8496930374154,1,0,8.140382766723633,0.06111111111111111
881,88.101,-656.5305775061585,405.5703008071601,-800.9835090290005,449.21926263530156,-1.357319044428691,1359.4134122657424,1,0,8.20517349243164,0.11888888888888888
882,88.201,-656.537263357858,405.5703008071601,-801.7772319983694,449.3913262257209,-1.357319044428691,1374.6369198416971,1,0,8.038003921508789,0.009999999999999998
883,88.3,-656.537263357858,405.5703008071601,-802.5513229498673,449.55913397926463,-1.357319044428691,1389.7868528841275,1,0,7.963427543640137,0.056944444444444436
884,88.4,-656.543949209528,405.5703008071601,-803.3101900329638,449.72364149638037,-1.357319044428691,1404.2933964802526,1,0,7.566440105438232,0.0011111111111111111
885,88.5,-656.5506350611979,405.5703008071601,-803.9991330978866,449.87299085619463,-1.357319044428691,1416.7717297969484,1,0,6.532464504241943,0.021944444444444444
886,88.601,-656.5506350611979,405.5703008071601,-804.634586183133,450.0107446363044,-1.357319044428691,1429.6668526372725,1,0,6.343037128448486,0.026944444444444417
887,88.7,-656.5640067645675,405.55916885874166,-805.2352126246567,450.1409486823226,-1.357319044428691,1441.8754843302756,1,0,6.072665214538574,0.02611111111111111
888,88.801,-656.5640067645675,405.55916885874166,-805.7817516694673,450.2594276403263,-1.357319044428691,1452.2962117053194,1,0,5.001266956329346,0.003888888888888861
889,88.901,-656.5706926162671,405.5703008071601,-806.2816235372728,450.36779006858336,-1.357319044428691,1463.4030075408184,1,0,5.228382110595703,0.019999999999999997
890,89.0,-656.5706926162671,405.55916885874166,-806.7757529163447,450.4749076377806,-1.357319044428691,1473.928538666994,1,0,4.985892295837402,0.015
891,89.1,-656.577378467937,405.55916885874166,-807.1917666039764,450.56509125539014,-1.357319044428691,1481.9869287389463,1,0,3.527637481689453,0.013055555555555555
892,89.2,-656.5840643196069,405.55916885874166,-807.5154951747585,450.6352692675678,-1.357319044428691,1489.369364119984,1,0,3.0973196029663086,0.011944444444444443
893,89.3,-656.5840643196069,405.55916885874166,-807.8198829005242,450.7012545634406,-1.357319044428691,1496.7413838095113,1,0,3.1318359375,0.023888888888888887
894,89.401,-656.5974360230063,405.55916885874166,-808.1293281374033,450.76833622864416,-1.357319044428691,1504.2294993380258,1,0,3.138119697570801,0.04805555555555555
895,89.5,-656.5974360230063,405.55916885874166,-808.4279008698004,450.8330609478726,-1.357319044428691,1511.4194177223387,1,0,3.0337533950805664,0.028055555555555525
896,89.6,-656.6041218746612,405.55916885874166,-808.7252598144427,450.89752254169434,-1.357319044428691,1518.7110784408992,1,0,3.0515613555908203,0.026944444444444417
897,89.7,-656.6108077263311,405.55916885874166,-809.0245427404244,450.96240121697895,-1.357319044428691,1526.0608781119304,1,0,3.073126792907715,0.006944444444444445
898,89.8,-656.6174935780308,405.55916885874166,-809.3139131035347,451.02513104282394,-1.357319044428691,1533.07800743549,1,0,2.848705291748047,0.03194444444444444
899,89.9,-656.6174935780308,405.55916885874166,-809.5939521618089,451.0858380245844,-1.357319044428691,1540.103368314092,1,0,2.8821659088134766,0.03194444444444444
900,90.0,-656.6241794297007,405.55916885874166,-809.8771086141562,451.14722079630894,-1.357319044428691,1547.205909170566,1,0,2.912501335144043,0.019999999999999997
901,90.1,-656.6241794297007,405.55916885874166,-810.1602692606207,451.2086044772359,-1.357319044428691,1554.2879404392984,1,0,2.882251739501953,0.008888888888888889
902,90.2,-656.6308652813855,405.55916885874166,-810.4420918439112,451.2696980922799,-1.357319044428691,1561.3843967356509,1,0,2.8851184844970703,0.0011111111111111111
903,90.3,-656.6375511330554,405.55916885874166,-810.7186783981522,451.3296566388018,-1.357319044428691,1568.3244177553377,1,0,2.7750988006591797,0.023055555555555555
904,90.4,-656.6442369847402,405.55916885874166,-810.99224099393,451.3889596503694,-1.357319044428691,1575.3247041506338,1,0,2.8232345581054688,0.0011111111111111111
905,90.501,-656.6442369847402,405.55916885874166,-811.2656096518667,451.44822062001236,-1.357319044428691,1582.25803706843,1,0,2.715740203857422,0.0061111111111111106
906,90.601,-656.6509228364249,405.55916885874166,-811.5259340760842,451.5046538553266,-1.357319044428691,1588.9355910665208,1,0,2.611680030822754,0.016111111111111083
907,90.701,-656.6576086880948,405.55916885874166,-811.7831185977999,451.56040642129034,-1.357319044428691,1595.6571287864876,1,0,2.6514835357666016,0.006944444444444445
908,90.8,-656.6576086880948,405.55916885874166,-812.0381264691808,451.61568713210295,-1.357319044428691,1602.2898288621684,1,0,2.61984920501709,0.004999999999999999
909,90.9,-656.66429453975,405.55916885874166,-812.2929761724819,451.67093355517443,-1.357319044428691,1608.9596896798653,1,0,2.5955333709716797,0.008888888888888889
910,91.0,-656.6709803914645,405.55916885874166,-812.5452940736662,451.72563113314595,-1.357319044428691,1615.5908841772657,1,0,2.5680370330810547,0.041944444444444444
911,91.1,-656.6709803914645,405.55916885874166,-812.7995415017449,451.780746994748,-1.357319044428691,1622.3340910726258,1,0,2.6350202560424805,0.03305555555555555
912,91.2,-656.6776662431492,405.55916885874166,-813.0593350905355,451.8370651553409,-1.357319044428691,1629.1933430911351,1,0,2.6815366744995117,0.011111111111111112
913,91.302,-656.684352094819,405.55916885874166,-813.330428448308,451.8958328844823,-1.357319044428691,1636.3536613504682,1,0,2.7574844360351562,0.004999999999999999
914,91.4,-656.6910379465039,405.5480369095322,-813.5969929312789,451.9536188422891,-1.357319044428691,1643.3497489101744,1,0,2.808964729309082,0.021944444444444444
915,91.5,-656.6910379465039,405.55916885874166,-813.8698723519747,452.0127737548826,-1.357319044428691,1650.4794534613861,1,0,2.775387763977051,0.046944444444444414
916,91.6,-656.6977237981887,405.5480369095322,-814.1406624499127,452.07147574323284,-1.357319044428691,1657.5974965373696,1,0,2.766207695007324,0.023888888888888887
917,91.7,-656.6977237981887,405.55916885874166,-814.4122091199829,452.1303417415998,-1.357319044428691,1664.7721277278483,1,0,2.7908706665039062,0.021111111111111112
918,91.8,-656.7044096498734,405.55916885874166,-814.6895631044592,452.1904666519625,-1.357319044428691,1672.133067321995,1,0,2.885051727294922,0.021944444444444444
919,91.901,-656.7044096498734,405.5480369095322,-814.9805749452943,452.25355231802104,-1.357319044428691,1679.839402904087,1,0,3.0114078521728516,0.028055555555555525
920,92.001,-656.7177813532281,405.5480369095322,-815.2832693195625,452.31917052846256,-1.357319044428691,1687.8288718847605,1,0,3.183094024658203,0.023888888888888887
921,92.101,-656.7177813532281,405.5480369095322,-815.6017326888802,452.38820714811015,-1.357319044428691,1696.1628206519624,1,0,3.334113121032715,0.009999999999999998
922,92.2,-656.7177813532281,405.5480369095322,-815.9322607059942,452.4598591470488,-1.357319044428691,1704.774526170954,1,0,3.4983158111572266,0.011944444444444443
923,92.3,-656.724467204898,405.5480369095322,-816.2841204321179,452.53613544260435,-1.357319044428691,1713.9254988230991,1,0,3.7023324966430664,0.011944444444444443
924,92.401,-656.7311530565977,405.53690496032283,-816.658849258173,452.6173693110105,-1.357319044428691,1723.6025130731628,1,0,3.8903942108154297,0.004999999999999999
925,92.501,-656.7311530565977,405.53690496032283,-817.0412418775222,452.7002645396662,-1.357319044428691,1733.325320440545,1,0,3.93509578704834,0.021111111111111112
926,92.601,-656.7311530565977,405.53690496032283,-817.4286300632044,452.7842427092378,-1.357319044428691,1743.2080485425633,1,0,3.992626190185547,0.045
927,92.7,-656.7445247599376,405.53690496032283,-817.8186254523755,452.86878606944964,-1.357319044428691,1753.188328214702,1,0,4.06906795501709,0.021111111111111112
928,92.8,-656.7445247599376,405.53690496032283,-818.2212507258505,452.95606734115427,-1.357319044428691,1763.527923027124,1,0,4.170474052429199,0.028055555555555525
929,92.9,-656.7512106116371,405.53690496032283,-818.6190841738833,453.04230983897673,-1.357319044428691,1773.4945810450902,1,0,3.971005439758301,0.019999999999999997
930,93.0,-656.7512106116371,405.53690496032283,-819.0112029508974,453.12731350807496,-1.357319044428691,1783.6681094885882,1,0,4.053525924682617,0.013055555555555555
931,93.1,-656.7578964633219,405.52577301111336,-819.4098564886364,453.2137337852798,-1.357319044428691,1793.994380251947,1,0,4.104736328125,0.018055555555555557
932,93.2,-656.7578964633219,405.52577301111336,-819.8053021325745,453.29945865395257,-1.357319044428691,1804.1187323191498,1,0,3.98787784576416,0.018055555555555557
933,93.3,-656.7645823149918,405.52577301111336,-820.1918444114294,453.38325344749563,-1.357319044428691,1814.1433261227464,1,0,3.9225330352783203,0.006944444444444445
934,93.4,-656.7645823149918,405.52577301111336,-820.5695700502235,453.4651369661949,-1.357319044428691,1823.9647098485136,1,0,3.8074493408203125,0.021944444444444444
935,93.5,-656.7712681666618,405.514641061904,-820.9446551660642,453.54644807124674,-1.357319044428691,1833.9409842631446,1,0,3.8684959411621094,0.021944444444444444
936,93.6,-656.7712681666618,405.514641061904,-821.323383897876,453.6285490408613,-1.357319044428691,1843.9898354384434,1,0,3.882014274597168,0.016944444444444443
937,93.7,-656.7712681666618,405.514641061904,-821.6843548308883,453.7068004675782,-1.357319044428691,1853.3031253027661,1,0,3.5050907135009766,0.0030555555555555553
938,93.8,-656.7779540183614,405.50350911269453,-822.0256204035029,453.78078015819654,-1.357319044428691,1862.5464640034377,1,0,3.478753089904785,0.008055555555555528
939,93.901,-656.7846398700312,405.50350911269453,-822.3328075859614,453.8473723214379,-1.357319044428691,1870.494329769201,1,0,2.745450019836426,0.015
940,94.001,-656.7846398700312,405.4923771642761,-822.5924576427429,453.9036593671031,-1.357319044428691,1877.844506040124,1,0,2.568169593811035,0.016111111111111083
941,94.1,-656.7913257217308,405.4923771642761,-822.8380827498004,453.9569060784223,-1.357319044428691,1884.9627698017819,1,0,2.509209632873535,0.013055555555555555
942,94.2,-656.7913257217308,405.4923771642761,-823.0803720508723,454.0094296523536,-1.357319044428691,1892.0416350714079,1,0,2.449130058288574,0.011111111111111112
943,94.301,-656.798011573386,405.48124521427576,-823.3212068866409,454.0616379267007,-1.357319044428691,1899.1470572876426,1,0,2.4306468963623047,0.009999999999999998
944,94.4,-656.798011573386,405.48124521427576,-823.5478223632393,454.11076372254246,-1.357319044428691,1905.8058870106872,1,0,2.253779411315918,0.004999999999999999
945,94.5,-656.8046974250708,405.48124521427576,-823.7687594605148,454.15865855698866,-1.357319044428691,1912.4894768728363,1,0,2.267597198486328,0.024999999999999998
946,94.6,-656.8113832767556,405.48124521427576,-823.9867466021941,454.2059138988523,-1.357319044428691,1919.0638782072067,1,0,2.1934099197387695,0.011944444444444443
947,94.7,-656.8113832767556,405.47011326585726,-824.2008308848611,454.25232317734066,-1.357319044428691,1925.6026299538898,1,0,2.1877269744873047,0.02611111111111111
948,94.8,-656.8180691284551,405.47011326585726,-824.4146712097141,454.29867957055416,-1.357319044428691,1932.1524854249196,1,0,2.188417434692383,0.028055555555555525
949,94.902,-656.8180691284551,405.45898131664785,-824.6346328243111,454.34636293946573,-1.357319044428691,1938.9149581292124,1,0,2.224733352661133,0.034999999999999996
950,95.001,-656.8247549801102,405.45898131664785,-824.8523785609956,454.39356594945576,-1.357319044428691,1945.5916664023648,1,0,2.2763442993164062,0.023055555555555555
951,95.1,-656.8314408318099,405.45898131664785,-825.0720284394473,454.44118174007804,-1.357319044428691,1952.2930265244615,1,0,2.264094352722168,0.013055555555555555
952,95.202,-656.8314408318099,405.45898131664785,-825.2994806410186,454.49048892150216,-1.357319044428691,1959.2747382084156,1,0,2.299342155456543,0.011944444444444443
953,95.301,-656.8381266834797,405.4478493674385,-825.5257561466752,454.53954101830385,-1.357319044428691,1966.2126137645973,1,0,2.378056526184082,0.021944444444444444
954,95.4,-656.8381266834797,405.4478493674385,-825.7560086987522,454.5894552608576,-1.357319044428691,1973.2164458549837,1,0,2.3815526962280273,0.023055555555555555
955,95.5,-656.8448125351645,405.4478493674385,-825.991818834452,454.6405742786656,-1.357319044428691,1980.4247127511612,1,0,2.4441938400268555,0.008055555555555528
956,95.6,-656.8514983868789,405.43671741902,-826.233483072265,454.6929623511276,-1.357319044428691,1987.7834293200126,1,0,2.501354217529297,0.008888888888888889
957,95.7,-656.8514983868789,405.43671741902,-826.4773259209296,454.7458227037424,-1.357319044428691,1995.1628335546177,1,0,2.4887781143188477,0.016944444444444443
958,95.8,-656.8514983868789,405.42558546901967,-826.7225771541322,454.7989883665343,-1.357319044428691,2002.631248928493,1,0,2.5301761627197266,0.016111111111111083
959,95.901,-656.858184238534,405.42558546901967,-826.9727079728143,454.8532118278651,-1.357319044428691,2010.2284659260167,1,0,2.5379552841186523,0.018055555555555557
960,96.001,-656.858184238534,405.42558546901967,-827.2197977671705,454.90677605469693,-1.357319044428691,2017.731893571713,1,0,2.5186243057250977,0.023055555555555555
961,96.1,-656.864870090204,405.4144535198102,-827.465388365032,454.96001528509856,-1.357319044428691,2025.2435698509505,1,0,2.558041572570801,0.013055555555555555
962,96.2,-656.8715559418887,405.4144535198102,-827.7141689944156,455.0139460518402,-1.357319044428691,2032.8236988979872,1,0,2.533140182495117,0.015
963,96.3,-656.8715559418887,405.40332157139176,-827.9641287299331,455.06813242569257,-1.357319044428691,2040.5027958317937,1,0,2.5821714401245117,0.023055555555555555
964,96.4,-656.8782417936031,405.40332157139176,-828.2204791815522,455.1237041815991,-1.357319044428691,2048.381558280831,1,0,2.6639232635498047,0.013055555555555555
965,96.5,-656.8782417936031,405.40332157139176,-828.4817048749433,455.18033279441397,-1.357319044428691,2056.3513061234303,1,0,2.681941032409668,0.021944444444444444
966,96.6,-656.8849276452584,405.3921896221824,-828.752425863151,455.23901980112856,-1.357319044428691,2064.701029088961,1,0,2.8582401275634766,0.009999999999999998
967,96.7,-656.8916134969282,405.3921896221824,-829.0407092509006,455.3015139920097,-1.357319044428691,2073.5195386154737,1,0,3.0413475036621094,0.041944444444444444
968,96.8,-656.8916134969282,405.3921896221824,-829.3422849143217,455.3668896878555,-1.357319044428691,2082.614135453479,1,0,3.130260467529297,0.026944444444444417
969,96.9,-656.8982993486131,405.38105767297293,-829.6543869263581,455.4345472898659,-1.357319044428691,2092.0349320168953,1,0,3.2567644119262695,0.018055555555555557
970,97.0,-656.8982993486131,405.38105767297293,-829.9810158223503,455.50535403573065,-1.357319044428691,2101.8955565008255,1,0,3.427546501159668,0.015
971,97.101,-656.9049852003276,405.3699257245545,-830.3242223028291,455.5797544771508,-1.357319044428691,2112.1543479999623,1,0,3.5264768600463867,0.011111111111111112
972,97.2,-656.9049852003276,405.3699257245545,-830.6752226235925,455.6558444704603,-1.357319044428691,2122.7225516057065,1,0,3.729140281677246,0.0019444444444444166
973,97.3,-656.9116710519677,405.3587937745541,-831.0413147600469,455.7352060737571,-1.357319044428691,2133.551107129237,1,0,3.762767791748047,0.01888888888888889
974,97.4,-656.9183569036525,405.3587937745541,-831.4101960310057,455.8151723067743,-1.357319044428691,2144.478819449168,1,0,3.7862186431884766,0.016944444444444443
975,97.5,-656.9183569036525,405.34766182534463,-831.7937143979987,455.89831157546524,-1.357319044428691,2156.1167479056558,1,0,4.062309265136719,0.031111111111111082
976,97.6,-656.925042755352,405.34766182534463,-832.2010529737227,455.986614598762,-1.357319044428691,2168.349439368646,1,0,4.273688316345215,0.01888888888888889
977,97.7,-656.925042755352,405.3365298769262,-832.6257429382947,456.0786790632406,-1.357319044428691,2181.0035319644167,1,0,4.417397499084473,0.01888888888888889
978,97.8,-656.9317286070221,405.3365298769262,-833.0633911171074,456.17355261471016,-1.357319044428691,2194.02513610185,1,0,4.538872241973877,0.03194444444444444
979,97.9,-656.9317286070221,405.32539792771684,-833.5162439259062,456.2717222320961,-1.357319044428691,2207.603166820863,1,0,4.728553295135498,0.011111111111111112
980,98.0,-656.9317286070221,405.31426597850736,-833.9901398320675,456.37445358074785,-1.357319044428691,2221.8837157541716,1,0,4.969509601593018,0.019999999999999997
981,98.1,-656.925042755352,405.31426597850736,-834.4810292057796,456.480868780256,-1.357319044428691,2236.491256425785,1,0,5.076316833496094,0.07999999999999999
982,98.2,-656.9116710519677,405.31426597850736,-834.9841777509072,456.58994152796515,-1.357319044428691,2251.562377757712,1,0,5.220387935638428,0.1411111111111111
983,98.3,-656.8849276452584,405.29200208008854,-835.5018168076746,456.7021555347231,-1.357319044428691,2267.120442686674,1,0,5.37285852432251,0.26
984,98.4,-656.8448125351645,405.2808701308792,-836.0027560316928,456.81074934489715,-1.357319044428691,2281.2952188731597,1,0,4.878633499145508,0.4180555555555555
985,98.5,-656.7913257217308,405.26973818246074,-836.4955925009899,456.9175866365838,-1.357319044428691,2296.6169323577556,1,0,5.2070393562316895,0.5249999999999999
986,98.6,-656.7445247599376,405.25860623325127,-837.0225710877231,457.0318252704733,-1.357319044428691,2313.0479970992587,1,0,5.577336311340332,0.5580555555555555
987,98.7,-656.684352094819,405.2808701308792,-837.5760983194964,457.15181913050924,-1.357319044428691,2329.980177242892,1,0,5.750345230102539,0.6561111111111111
988,98.8,-656.6108077263311,405.2808701308792,-838.1374884024898,457.2735175026534,-1.357319044428691,2346.9030329458587,1,0,5.738245964050293,0.7188888888888889
989,98.9,-656.5573209128826,405.2808701308792,-838.7079391998615,457.39718006017193,-1.357319044428691,2364.5589995084083,1,0,5.9357686042785645,0.655
990,99.0,-656.4102321759069,405.29200208008854,-839.2891831616008,457.5231823642831,-1.357319044428691,2382.306132230912,1,0,5.959123134613037,1.1730555555555555
991,99.1,-656.3433736591037,405.2808701308792,-839.9093802659548,457.657628946606,-1.357319044428691,2402.749500006206,1,0,6.732926845550537,0.9088888888888889
992,99.2,-656.2430858838766,405.26973818246074,-840.5926891636077,457.80575692933166,-1.357319044428691,2424.7017505407207,1,0,7.250677108764648,0.9738888888888888
993,99.3,-656.1628556637187,405.22521038562303,-841.2896206003567,457.9568380116625,-1.357319044428691,2445.522392554394,1,0,7.0117058753967285,1.1219444444444444
994,99.4,-656.0157669267428,405.2474742840419,-842.0198506942828,458.1151375905358,-1.357319044428691,2470.1701562004246,1,0,7.932118892669678,1.3080555555555555
995,99.5,-655.9288508549001,405.2474742840419,-842.8170875648998,458.28796292590704,-1.357319044428691,2495.930413829183,1,0,8.38296890258789,1.0930555555555554
996,99.6,-655.7951338212641,405.25860623325127,-843.6958080463655,458.47845231181486,-1.357319044428691,2526.601489935894,1,0,9.59964370727539,1.278888888888889
997,99.701,-655.6614167876578,405.26973818246074,-844.6990179234145,458.69592855988975,-1.357319044428691,2561.413310763871,1,0,10.727317810058594,1.1949999999999998
998,99.801,-655.6413592326035,405.25860623325127,-845.8235927055276,458.93971434179707,-1.357319044428691,2602.2719172902907,1,0,12.286590576171875,0.7469444444444444
999,99.901,-655.5544431607608,405.23634233483244,-847.0634833871715,459.2084983516396,-1.357319044428691,2644.5875611031493,1,0,13.087204933166504,0.8311111111111111
1000,100.001,-655.5009563473122,405.22521038562303,-848.4070239382982,459.499751622645,-1.357319044428691,2693.208893845292,1,0,14.407737731933594,0.5488888888888889
1001,100.101,-655.4407836821791,405.25860623325127,-849.8417754928728,459.81077765233914,-1.357319044428691,2742.0502484564236,1,0,14.95379638671875,0.6169444444444444
1002,100.201,-655.4207261271545,405.25860623325127,-851.2940989070536,460.12561291695636,-1.357319044428691,2788.664541688027,1,0,14.767337799072266,0.355
1003,100.3,-655.4140402754548,405.2474742840419,-852.7260572984416,460.43603344359076,-1.357319044428691,2836.531660647317,1,0,14.833039283752441,0.12
1004,100.4,-655.4006685721149,405.25860623325127,-854.0531021072196,460.723710760813,-1.357319044428691,2870.2537647196214,1,0,12.324325561523438,0.18888888888888888
1005,100.502,-655.4006685721149,405.25860623325127,-855.254234312934,460.9840926923676,-1.357319044428691,2909.348143307702,1,0,11.774322509765625,0.021944444444444444
1006,100.601,-655.4207261271545,405.2474742840419,-856.3159827104881,461.21425894489573,-1.357319044428691,2940.6038741222646,1,0,10.173349380493164,0.16999999999999998
1007,100.701,-655.4340978305091,405.2474742840419,-857.2801226788371,461.42326560215906,-1.357319044428691,2972.7134823872448,1,0,9.557333946228027,0.13805555555555554
1008,100.8,-655.4474695338638,405.23634233483244,-858.1598241340129,461.61396764394954,-1.357319044428691,3001.443048470273,1,0,8.627199172973633,0.18499999999999997
1009,100.9,-655.474212940588,405.22521038562303,-858.9726009775827,461.79016174102287,-1.357319044428691,3029.2285631420814,1,0,8.00590705871582,0.3111111111111111
1010,101.0,-655.541071457421,405.22521038562303,-859.7359381274341,461.95563828104076,-1.357319044428691,3056.2193687393224,1,0,7.615438461303711,0.6069444444444444
1011,101.1,-655.6012441225245,405.22521038562303,-860.4417115786526,462.1086361388902,-1.357319044428691,3080.5174103408117,1,0,6.827892303466797,0.5038888888888889
1012,101.201,-655.6213016775789,405.23634233483244,-861.1039143602358,462.2521887291289,-1.357319044428691,3104.829556722431,1,0,6.589609622955322,0.4761111111111111
1013,101.301,-655.6948460460519,405.2140784364137,-861.7363622011696,462.3892910311456,-1.357319044428691,3128.2421733750984,1,0,6.353146076202393,0.6830555555555555
1014,101.4,-655.7550187111852,405.1806825903673,-862.313924850679,462.5144952988836,-1.357319044428691,3148.7976558878077,1,0,5.585798740386963,0.7419444444444445
1015,101.5,-655.7951338212641,405.1806825903673,-862.8487804321275,462.630441510914,-1.357319044428691,3169.080056987507,1,0,5.359776020050049,0.4469444444444444
1016,101.6,-655.8753640414517,405.16955064036694,-863.3139175537439,462.7312741266644,-1.357319044428691,3185.4399839806865,1,0,4.1590423583984375,0.6638888888888889
1017,101.701,-655.8887357447917,405.1584186911576,-863.7213008825619,462.81958685155524,-1.357319044428691,3201.6465278432656,1,0,4.095327377319336,0.1911111111111111
1018,101.8,-655.8753640414517,405.16955064036694,-864.0728422318549,462.89579412925104,-1.357319044428691,3214.7998676516027,1,0,3.171473503112793,0.09805555555555555
1019,101.9,-655.8486206347424,405.16955064036694,-864.3956972612378,462.9657827747664,-1.357319044428691,3228.411984877229,1,0,3.4356069564819336,0.27305555555555555
1020,102.0,-655.7951338212641,405.16955064036694,-864.7656791617387,463.04598760270653,-1.357319044428691,3244.3863472727908,1,0,4.135903358459473,0.45888888888888885
1021,102.1,-655.7550187111852,405.1806825903673,-865.2008662326092,463.1403276341883,-1.357319044428691,3262.860132130932,1,0,4.77000093460083,0.5399999999999999
1022,102.2,-655.7416470078157,405.1806825903673,-865.6843997539623,463.24514822900903,-1.357319044428691,3282.8188091709253,1,0,5.125291347503662,0.485
1023,102.3,-655.6948460460519,405.1806825903673,-866.2306480954262,463.3635641682222,-1.357319044428691,3306.365680868121,1,0,6.053431034088135,0.805
1024,102.4,-655.6213016775789,405.1584186911576,-866.8729927013903,463.502811895016,-1.357319044428691,3334.1704177992274,1,0,7.091857433319092,0.665
1025,102.5,-655.541071457421,405.19181453878576,-867.6250268220326,463.66583815973206,-1.357319044428691,3367.0988816796307,1,0,8.298176765441895,0.8511111111111112
1026,102.6,-655.4340978305091,405.2140784364137,-868.4944300256541,463.8543077423323,-1.357319044428691,3405.1549415636964,1,0,9.493762016296387,1.0530555555555554
1027,102.7,-655.3471817586665,405.23634233483244,-869.4831921179327,464.0686519937067,-1.357319044428691,3448.7493001045623,1,0,10.740801811218262,0.9538888888888889
1028,102.8,-655.2134647250305,405.25860623325127,-870.5976106589679,464.31023610151306,-1.357319044428691,3498.4373814839405,1,0,12.065263748168945,1.2161111111111111
1029,102.901,-655.0864335431089,405.3365298769262,-871.8737781080275,464.58688420385545,-1.357319044428691,3557.4695408105736,1,0,13.792343139648438,1.466111111111111
1030,103.001,-654.9727740645271,405.34766182534463,-873.308143524217,464.89782652631226,-1.357319044428691,3624.6552663605776,1,0,15.561288833618164,1.24
1031,103.101,-654.8992296960392,405.3699257245545,-874.940610141644,465.25171330831824,-1.357319044428691,3704.9023696500726,1,0,17.846393585205078,0.9388888888888889
1032,103.2,-654.7788843657727,405.43671741902,-876.7546376950767,465.6449589444013,-1.357319044428691,3792.0700515906387,1,0,19.651832580566406,1.218888888888889
1033,103.3,-654.7521409590485,405.4478493674385,-878.7422018504639,466.07582391613903,-1.357319044428691,3885.6317269931824,1,0,21.02275848388672,0.5538888888888889
1034,103.4,-654.7387692556789,405.47011326585726,-880.8229353357983,466.5268861733861,-1.357319044428691,3978.8014385917268,1,0,21.558500289916992,0.3019444444444444
1035,103.5,-654.7253975523241,405.48124521427576,-882.9220146351562,466.9819254437119,-1.357319044428691,4069.1031560316046,1,0,21.398197174072266,0.2061111111111111
1036,103.6,-654.7320834040091,405.48124521427576,-884.9784351029945,467.4277171150672,-1.357319044428691,4155.040573042662,1,0,20.68550682067871,0.028055555555555525
1037,103.7,-654.7454551073785,405.4923771642761,-886.9588309529614,467.8570281386197,-1.357319044428691,4238.38817323071,1,0,19.842388153076172,0.08194444444444444
1038,103.8,-654.758826810748,405.50350911269453,-888.8544019020525,468.2679507854149,-1.357319044428691,4319.242845121364,1,0,18.949604034423828,0.1438888888888889
1039,103.9,-654.7922560691273,405.514641061904,-890.6552336165473,468.65833582212787,-1.357319044428691,4396.347949775575,1,0,17.903593063354492,0.21611111111111111
1040,104.001,-654.8123136241817,405.514641061904,-892.2800204755403,469.0105577829548,-1.357319044428691,4456.2415330064305,1,0,15.01771354675293,0.2038888888888889
1041,104.101,-654.839057030906,405.514641061904,-893.6899088842532,469.3161939697047,-1.357319044428691,4517.9034564121075,1,0,13.835007667541504,0.2211111111111111
1042,104.201,-654.8524287342607,405.514641061904,-894.9709815555664,469.5939054281365,-1.357319044428691,4573.421526786677,1,0,12.381558418273926,0.13305555555555554
1043,104.301,-654.8658004376302,405.514641061904,-896.08856171531,469.83617491294154,-1.357319044428691,4620.717403805466,1,0,10.489208221435547,0.09305555555555556
1044,104.401,-654.8724862893298,405.514641061904,-897.0814685273563,470.05141765836487,-1.357319044428691,4667.859679187403,1,0,9.830175399780273,0.058055555555555555
1045,104.501,-654.8858579926698,405.52577301111336,-898.011773620651,470.2530895775547,-1.357319044428691,4712.592189082299,1,0,9.20809268951416,0.015
1046,104.6,-654.8992296960392,405.52577301111336,-898.8111136082438,470.42637082748547,-1.357319044428691,4747.622325315149,1,0,7.315268039703369,0.02611111111111111
1047,104.7,-654.912601399379,405.53690496032283,-899.5244456507842,470.58100723985774,-1.357319044428691,4784.306156366473,1,0,7.282745838165283,0.041944444444444444
1048,104.8,-654.9259731027635,405.53690496032283,-900.2159788626533,470.730918092788,-1.357319044428691,4819.108568724479,1,0,6.869164943695068,0.055
1049,104.9,-654.9527165095026,405.5480369095322,-900.888227430676,470.87664841272596,-1.357319044428691,4854.25828950711,1,0,6.888094425201416,0.12388888888888888
1050,105.001,-654.979459916197,405.55916885874166,-901.5233742253723,471.0143357950449,-1.357319044428691,4885.525987930904,1,0,5.981201171875,0.15
1051,105.101,-655.0329467296455,405.5703008071601,-902.0434967354059,471.1270881658191,-1.357319044428691,4910.682606165876,1,0,4.662868022918701,0.2819444444444444
1052,105.201,-655.0931193947936,405.5703008071601,-902.489526903939,471.2237787684536,-1.357319044428691,4934.466207252827,1,0,4.464935302734375,0.3811111111111111
1053,105.3,-655.1532920599121,405.5480369095322,-902.9467793318393,471.3229021370705,-1.357319044428691,4960.137606389831,1,0,4.987046241760254,0.5599999999999999
1054,105.4,-655.2000930216758,405.55916885874166,-903.433377028579,471.42838698508666,-1.357319044428691,4986.454495574589,1,0,4.970952987670898,0.4411111111111111
1055,105.5,-655.2535798351244,405.514641061904,-903.9322299356235,471.53652852261257,-1.357319044428691,5014.030961097589,1,0,5.2378435134887695,0.5488888888888889
1056,105.6,-655.3204383519127,405.47011326585726,-904.4471497598389,471.64815305302403,-1.357319044428691,5042.1420447103155,1,0,5.299755096435547,0.7938888888888889
1057,105.702,-655.3806110170458,405.45898131664785,-904.9760305898025,471.7628040559802,-1.357319044428691,5071.013726886877,1,0,5.3113274574279785,0.6569444444444444
1058,105.8,-655.4608412372037,405.40332157139176,-905.4843105603677,471.87298919619764,-1.357319044428691,5098.813962062191,1,0,5.302669525146484,0.8269444444444444
1059,105.9,-655.5343856057214,405.3365298769262,-906.010666087698,471.9870927630146,-1.357319044428691,5128.0564258626355,1,0,5.4689555168151855,0.84
1060,106.0,-655.6012441225245,405.2474742840419,-906.5486070481253,472.10370782476383,-1.357319044428691,5157.818674938106,1,0,5.539760112762451,0.9469444444444444
1061,106.101,-655.6881601943821,405.13615479352967,-907.1210665808566,472.22780583675643,-1.357319044428691,5190.524660010728,1,0,6.059370994567871,1.0180555555555555
1062,106.201,-655.7750762662247,405.08049504748254,-907.7506383525579,472.3642846633069,-1.357319044428691,5227.0863168263295,1,0,6.824527263641357,1.0130555555555554
1063,106.3,-655.8285630796582,405.02483530222645,-908.4552376795546,472.51702799402653,-1.357319044428691,5268.43737698734,1,0,7.740425109863281,0.8688888888888889
1064,106.4,-655.908793299831,404.93577971013315,-909.2571243115458,472.6908613065731,-1.357319044428691,5315.565897027552,1,0,8.669817924499512,0.9780555555555557
1065,106.5,-655.9823376683487,404.8912519132954,-910.1361412238913,472.8814149528884,-1.357319044428691,5366.40955165036,1,0,9.31886100769043,0.9238888888888889
1066,106.6,-656.1093688502702,404.8244602188299,-911.058921558409,473.08145565178836,-1.357319044428691,5418.581036664659,1,0,9.56541633605957,1.185
1067,106.7,-656.2163424771524,404.7020087791083,-911.99853218602,473.285144828519,-1.357319044428691,5471.478767273894,1,0,9.663285255432129,1.3830555555555555
1068,106.8,-656.2765151422857,404.6463490338521,-912.9428090485652,473.48984555357,-1.357319044428691,5524.617451394616,1,0,9.660908699035645,1.0169444444444444
1069,106.9,-656.3500595108032,404.5238975941305,-913.8751112872429,473.691950414754,-1.357319044428691,5576.565983783217,1,0,9.418230056762695,1.2519444444444443
1070,107.0,-656.443661434301,404.45710589966495,-914.7840597962189,473.8889926448473,-1.357319044428691,5627.618309917099,1,0,9.182985305786133,1.1119444444444444
1071,107.1,-656.4770906927248,404.34578640915277,-915.6694061905555,474.0809183988613,-1.357319044428691,5677.6638443562515,1,0,8.935223579406738,1.1311111111111112
1072,107.2,-656.5506350611979,404.2010710702213,-916.5277861824836,474.2669983651154,-1.357319044428691,5726.34334030935,1,0,8.63113021850586,1.548888888888889
1073,107.3,-656.6241794297007,404.13427937575574,-917.3524835458097,474.4457765973443,-1.357319044428691,5773.1877762678405,1,0,8.24592399597168,1.0669444444444445
1074,107.4,-656.684352094819,403.95616819077804,-918.1436123139191,474.617277815752,-1.357319044428691,5818.71561524687,1,0,7.944164276123047,1.69
1075,107.5,-656.7512106116371,403.8559806494752,-918.9046833356745,474.782263103593,-1.357319044428691,5862.779309054946,1,0,7.630805969238281,1.2930555555555556
1076,107.6,-656.8180691284551,403.7223972597532,-919.634314765979,474.9404329039212,-1.357319044428691,5905.261262573814,1,0,7.300767421722412,1.405
1077,107.7,-656.858184238534,403.58881387082215,-920.3299999441183,475.0912438218002,-1.357319044428691,5945.945677874468,1,0,6.9361114501953125,1.426111111111111
1078,107.8,-656.8916134969282,403.42183463505387,-920.9914707495033,475.2346377339389,-1.357319044428691,5984.969545223392,1,0,6.6005859375,1.6961111111111111
1079,107.9,-656.925042755352,403.27711929691344,-921.6214285896881,475.3712002525733,-1.357319044428691,6022.444303473475,1,0,6.291213035583496,1.535
1080,108.0,-656.9718437171009,403.12127201035446,-922.2250209279482,475.5020472469009,-1.357319044428691,6058.76612483522,1,0,6.061028003692627,1.5888888888888888
1081,108.1,-656.9852154204854,402.95429277379515,-922.7721940955437,475.62066367030167,-1.357319044428691,6090.413998646836,1,0,5.13662052154541,1.645
1082,108.2,-656.9919012721256,402.7984454872363,-923.2602430500191,475.7264631225642,-1.357319044428691,6120.196962006,1,0,4.851078033447266,1.6780555555555556
1083,108.3,-657.0186446788795,402.58693845383925,-923.7096998821636,475.82389655874005,-1.357319044428691,6147.433010027461,1,0,4.346850395202637,2.0999999999999996
1084,108.4,-657.0387022339041,402.40882726886156,-924.1285224632516,475.91468908942363,-1.357319044428691,6173.655849291688,1,0,4.2241621017456055,1.9411111111111112
1085,108.5,-656.9718437171009,402.208452185465,-924.5387113143876,476.00360999659176,-1.357319044428691,6199.559059531277,1,0,4.170165061950684,2.0700000000000003
1086,108.6,-656.9451003103471,401.96354930523074,-924.9521053098476,476.0932257162593,-1.357319044428691,6226.022066882892,1,0,4.2897539138793945,2.5580555555555553
1087,108.7,-656.858184238534,401.76317422183416,-925.3809287166724,476.1861862300426,-1.357319044428691,6253.6272855423995,1,0,4.4859209060668945,2.1888888888888887
1088,108.801,-656.8381266834797,401.496007443972,-925.834915299956,476.28460162752583,-1.357319044428691,6282.916866678348,1,0,4.7127203941345215,2.6750000000000003
1089,108.901,-656.7779540183614,401.22884066610993,-926.3008654977829,476.38561050227014,-1.357319044428691,6312.785735331292,1,0,4.822737216949463,2.736944444444444
1090,109.001,-656.6576086880948,400.9950697358761,-926.771337396607,476.4875995932088,-1.357319044428691,6342.774421423695,1,0,4.805254936218262,2.775
1091,109.101,-656.5506350611979,400.7167710088046,-927.2452593295952,476.59033658396675,-1.357319044428691,6373.277512080711,1,0,4.893340587615967,2.975
1092,109.201,-656.4503472860006,400.46073618015186,-927.731655499006,476.695777744806,-1.357319044428691,6404.804600477544,1,0,5.060534477233887,2.9338888888888888
1093,109.3,-656.2965726973399,400.1824374530804,-928.2276131272954,476.80329164261747,-1.357319044428691,6436.935359908387,1,0,5.191532135009766,3.1288888888888886
1094,109.402,-656.182913218773,399.90413872600885,-928.7636227680764,476.91948803210266,-1.357319044428691,6472.234345968239,1,0,5.562577724456787,3.1569444444444446
1095,109.501,-655.9957093717032,399.6258399989373,-929.2962273861914,477.0349462793796,-1.357319044428691,6506.300755499474,1,0,5.447028160095215,3.325
1096,109.6,-655.8486206347424,399.3141454250285,-929.833296470051,477.1513723353694,-1.357319044428691,6541.514992939857,1,0,5.6548638343811035,3.466944444444444
1097,109.7,-655.6814743427269,399.0024508503288,-930.3949335632437,477.2731242544858,-1.357319044428691,6578.359251367803,1,0,5.83878231048584,3.596944444444445
1098,109.8,-655.4808987923025,398.7352840724667,-930.9769887138408,477.39930240844984,-1.357319044428691,6616.754106010643,1,0,6.072710037231445,3.5150000000000006
1099,109.9,-655.2736373901638,398.4347214477673,-931.5830007081853,477.5306739368145,-1.357319044428691,6656.881135339834,1,0,6.329048156738281,3.681111111111111
1100,110.0,-655.0998052464487,398.0896310262303,-932.2032224413272,477.6651258581761,-1.357319044428691,6697.489888394279,1,0,6.363505840301514,3.9149999999999996
1101,110.1,-654.9192872510787,397.7890684015308,-932.8336639331209,477.80179322300444,-1.357319044428691,6739.295376013986,1,0,6.538190841674805,3.7319444444444443
1102,110.201,-654.6785965905752,397.4885057760405,-933.4838438163149,477.94273948440565,-1.357319044428691,6782.3434227235875,1,0,6.635704040527344,3.916944444444445
1103,110.3,-654.4847068918209,397.0988875576658,-934.1306857526596,478.0829621443216,-1.357319044428691,6825.338980617368,1,0,6.735330581665039,4.378888888888889
1104,110.401,-654.1972152695539,396.7983249329664,-934.7993565246225,478.2279168681642,-1.357319044428691,6869.898820788522,1,0,6.813225269317627,4.146111111111111
1105,110.501,-653.956524609006,396.48663035826667,-935.4778674221606,478.37500473845967,-1.357319044428691,6915.808566069076,1,0,7.072189807891846,4.136111111111111
1106,110.6,-653.6757188384387,396.17493578435784,-936.1710396609919,478.5252709003262,-1.357319044428691,6962.654363302121,1,0,7.256550312042236,4.411944444444444
1107,110.701,-653.4483998813049,395.8409773120302,-936.8951720149088,478.68224860862256,-1.357319044428691,7011.699425970879,1,0,7.415763854980469,4.151944444444444
1108,110.8,-653.1408507039985,395.51815078891195,-937.6267724347889,478.8408452473175,-1.357319044428691,7061.872099979428,1,0,7.707334995269775,4.506944444444445
1109,110.901,-652.8333015266473,395.12853257053735,-938.3978454922837,479.00799878056307,-1.357319044428691,7114.671268682358,1,0,7.916088104248047,4.891111111111111
1110,111.002,-652.565867459405,394.72778240453505,-939.1957083004,479.1809598069218,-1.357319044428691,7169.96330184954,1,0,8.250146865844727,4.84
1111,111.101,-652.2650041337683,394.47174757509146,-940.0007863414477,479.35548495443084,-1.357319044428691,7225.334478782278,1,0,8.391826629638672,4.496111111111111
1112,111.201,-651.9574549564471,394.07099740829824,-940.8331751098053,479.535930532593,-1.357319044428691,7283.25586339682,1,0,8.64262866973877,4.928888888888888
1113,111.3,-651.6766491858499,393.6591152922957,-941.6848726293289,479.720561869742,-1.357319044428691,7343.065900082246,1,0,8.963027954101562,5.003055555555555
1114,111.4,-651.3624141568588,393.269497073921,-942.5447571442804,479.90696798711343,-1.357319044428691,7401.305120369856,1,0,8.634115219116211,4.996944444444445
1115,111.5,-651.0281215728429,392.8687469079188,-943.397389424867,480.09180196214857,-1.357319044428691,7461.321659440861,1,0,8.814614295959473,5.156944444444445
1116,111.6,-650.7205723955067,392.5013925879629,-944.256764354585,480.2780976114243,-1.357319044428691,7521.283742867229,1,0,8.772100448608398,5.003888888888889
1117,111.7,-650.4263949215401,392.0338507267043,-945.1284183078731,480.4670551124592,-1.357319044428691,7583.73117739819,1,0,9.065898895263672,5.343055555555555
1118,111.8,-650.0921023374946,391.6664964075394,-946.0283942954342,480.66215227568495,-1.357319044428691,7648.491627095585,1,0,9.35169792175293,5.13611111111111
1119,111.901,-649.7778673084736,391.23235039311794,-946.9626926817609,480.864689862574,-1.357319044428691,7715.820254076153,1,0,9.578984260559082,5.276944444444444
1120,112.001,-649.4435747244427,390.8538641247436,-947.9065388550765,481.0692972226374,-1.357319044428691,7783.924469372912,1,0,9.736395835876465,5.236944444444445
1121,112.101,-649.1560831021609,390.3529264158567,-948.8677621411586,481.27767160032414,-1.357319044428691,7853.854558986512,1,0,9.934598922729492,5.56
1122,112.201,-648.8017329630611,389.95217624906354,-949.852778048001,481.49120375208514,-1.357319044428691,7926.322965519824,1,0,10.22330093383789,5.3869444444444445
1123,112.301,-648.4874979341142,389.54029413306097,-950.8478001397301,481.7069050487045,-1.357319044428691,7998.293891325641,1,0,10.139370918273926,5.348888888888889
1124,112.401,-648.1665770533938,389.10614811863957,-951.8399442282724,481.9219824506142,-1.357319044428691,8071.006397115193,1,0,10.164403915405273,5.458055555555556
1125,112.5,-647.8189127660082,388.7053979518464,-952.8066967448135,482.13155545714477,-1.357319044428691,8140.681792729351,1,0,9.819583892822266,5.511111111111111
1126,112.601,-647.4645626268936,388.24898803979715,-953.7825687958956,482.3431054001086,-1.357319044428691,8213.60790829815,1,0,9.953460693359375,5.658055555555555
1127,112.7,-647.1302700428331,387.75918228091064,-954.7574928408926,482.554449833925,-1.357319044428691,8287.38734959627,1,0,10.199442863464355,5.993055555555555
1128,112.8,-646.8026633104872,387.2805084696515,-955.7566546194487,482.7710485335504,-1.357319044428691,8362.533058482508,1,0,10.247945785522461,5.733055555555556
1129,112.9,-646.4282556163777,386.8352305068117,-956.762497207209,482.9890955017317,-1.357319044428691,8438.824776669837,1,0,10.336162567138672,5.8711111111111105
1130,113.0,-646.053847922253,386.3565566971346,-957.7844640783425,483.2106378986673,-1.357319044428691,8517.52181522228,1,0,10.577921867370605,6.073888888888889
1131,113.1,-645.6861260797837,385.86675093666605,-958.8333281489515,483.4380110815227,-1.357319044428691,8599.085323282055,1,0,10.886601448059082,6.038888888888888
1132,113.2,-645.3585193474377,385.3435493301513,-959.8971177310507,483.6686198228726,-1.357319044428691,8680.79074866616,1,0,10.883365631103516,6.15
1133,113.3,-644.9640540982589,384.88713941810204,-960.9786932591355,483.9030842088786,-1.357319044428691,8766.235107790406,1,0,11.250582695007324,5.981944444444444
1134,113.4,-644.6297615142281,384.31941001474956,-962.0865627794477,484.1432486172901,-1.357319044428691,8853.290211840962,1,0,11.421460151672363,6.553888888888889
1135,113.501,-644.2419821167192,383.8407362042815,-963.2296990291659,484.39105816174794,-1.357319044428691,8944.466359005884,1,0,11.740678787231445,6.286944444444445
1136,113.6,-643.9611763461221,383.2173470556729,-964.366659896213,484.6375290042208,-1.357319044428691,9034.184881641313,1,0,11.76172924041748,6.428888888888888
1137,113.7,-643.6803705755251,382.5939579078553,-965.531470335363,484.8900370883417,-1.357319044428691,9128.309896984654,1,0,12.075583457946777,6.566111111111112
1138,113.8,-643.3260204364549,382.0484924029217,-966.6978492811234,485.1428851939681,-1.357319044428691,9219.966999304821,1,0,11.793828010559082,6.546944444444445
1139,113.9,-642.9917278524093,381.447367152732,-967.8805322048763,485.399267682622,-1.357319044428691,9318.509987093012,1,0,12.409236907958984,6.803055555555555
1140,114.0,-642.5237182347425,380.9798252906823,-969.1166316842266,485.66722983407846,-1.357319044428691,9421.36090519982,1,0,12.88697338104248,6.721111111111111
1141,114.1,-642.1292529855637,380.43435978653963,-970.4013180068739,485.94572466132666,-1.357319044428691,9529.213136054997,1,0,13.403544425964355,6.683888888888889
1142,114.2,-641.7347877363998,379.8777623323966,-971.7299272213479,486.2337411110565,-1.357319044428691,9640.703365013715,1,0,13.785835266113281,6.758055555555556
1143,114.3,-641.3336366355659,379.31003292904416,-973.0995320668858,486.53064461048064,-1.357319044428691,9756.964459552008,1,0,14.242501258850098,6.876944444444445
1144,114.407,-640.9525430897119,378.7645674233196,-974.5901746078463,486.8537867110972,-1.357319044428691,9881.459888243515,1,0,14.267141342163086,6.709999999999999
1145,114.5,-640.5580778405778,378.2079699699675,-975.8839767658235,487.1342576728622,-1.357319044428691,9989.804774647393,1,0,14.202825546264648,6.709999999999999
1146,114.6,-640.1636125914137,377.6513725166154,-977.2887038473735,487.43877498499563,-1.357319044428691,10111.10498572393,1,0,14.544271469116211,6.793055555555555
1147,114.701,-639.7557756388654,377.09477506247237,-978.7527795016805,487.7561579050413,-1.357319044428691,10240.099552883745,1,0,15.12071704864502,6.953888888888889
1148,114.8,-639.3746820930561,376.51591370991054,-980.2251846083326,488.07534648717814,-1.357319044428691,10368.224760938647,1,0,15.315744400024414,6.948055555555555
1149,114.9,-638.9668451405374,375.94818430734904,-981.6971850493198,488.39444734572646,-1.357319044428691,10492.437029257831,1,0,14.80807113647461,6.9961111111111105
1150,115.0,-638.5723798913585,375.3470590571593,-983.1502144266191,488.7094356493177,-1.357319044428691,10620.463459976174,1,0,14.927510261535645,7.1450000000000005
1151,115.1,-638.1645429388102,374.7793296530159,-984.6017418439666,489.0240983574153,-1.357319044428691,10747.51679114253,1,0,14.777334213256836,7.028055555555555
1152,115.2,-637.776763541331,374.15594050519826,-986.0308310607846,489.3338969032112,-1.357319044428691,10872.547255530217,1,0,14.46832275390625,7.266111111111111
1153,115.3,-637.388984143837,373.5548152550086,-987.4279097037033,489.63675618368524,-1.357319044428691,10995.529321806158,1,0,14.122252464294434,7.1211111111111105
1154,115.4,-637.0212623013824,372.9202941579815,-988.798397410901,489.93385107022164,-1.357319044428691,11118.109820441057,1,0,13.924151420593262,7.308055555555556
1155,115.5,-636.6535404589574,372.2523772125353,-990.1841970475816,490.23426528310335,-1.357319044428691,11247.743007061548,1,0,14.435604095458984,7.538055555555555
1156,115.6,-636.2724469131334,371.66238391234594,-991.6000337862396,490.5411909512553,-1.357319044428691,11378.341252670201,1,0,14.538846969604492,7.093055555555555
1157,115.7,-635.958211884142,370.93880722164363,-993.0202398629393,490.8490638062977,-1.357319044428691,11509.53173891243,1,0,14.525020599365234,7.6130555555555555
1158,115.8,-635.5771183383329,370.3265500222445,-994.4197907981126,491.1524590312993,-1.357319044428691,11637.125988059963,1,0,14.116148948669434,7.3661111111111115
1159,115.9,-635.2361399026024,369.62523722996093,-995.756936485622,491.4423260211504,-1.357319044428691,11757.008430190037,1,0,13.247925758361816,7.688055555555556
1160,116.0,-634.8550463567784,368.990716132934,-997.0663686120535,491.7261852538791,-1.357319044428691,11882.777181987498,1,0,13.549003601074219,7.441944444444444
1161,116.101,-634.4605811076143,368.3450630859066,-998.4068646544747,492.0167785350403,-1.357319044428691,12010.835972743806,1,0,13.612024307250977,7.543055555555556
1162,116.201,-634.0928592651597,367.6994100396701,-999.7528115104126,492.3085534457884,-1.357319044428691,12142.002855719815,1,0,13.932162284851074,7.441111111111111
1163,116.301,-633.7184515710502,367.02036114659643,-1001.1239670608641,492.60579310765894,-1.357319044428691,12275.70132513804,1,0,14.127908706665039,7.688055555555556
1164,116.401,-633.3373580252409,366.37470809877806,-1002.4915481516757,492.9022578967046,-1.357319044428691,12406.869468223973,1,0,13.859012603759766,7.531111111111111
1165,116.501,-632.9495786277616,365.6956592057044,-1003.8770041037569,493.20259760549806,-1.357319044428691,12546.874141349554,1,0,14.493709564208984,7.731944444444444
1166,116.601,-632.548427526898,365.0277422610491,-1005.2619829051105,493.50283387736135,-1.357319044428691,12679.043284366713,1,0,13.849247932434082,7.803888888888889
1167,116.701,-632.160648129404,364.38208921402173,-1006.5739925495355,493.78725186549656,-1.357319044428691,12803.887255846268,1,0,13.000429153442383,7.59
1168,116.8,-631.739439473501,363.69190837094766,-1007.8259178500289,494.05864474494285,-1.357319044428691,12928.384858659701,1,0,12.878437995910645,8.06611111111111
1169,116.9,-631.3316025209972,363.03512337550177,-1009.0891676671255,494.33249255773705,-1.357319044428691,13056.191669653577,1,0,12.97339153289795,7.79111111111111
1170,117.0,-630.9170797167492,362.4006022776838,-1010.3550299065904,494.6069066925224,-1.357319044428691,13184.214307814884,1,0,12.931900024414062,7.665
1171,117.101,-630.502556912516,361.7104214346097,-1011.6465052466643,494.8868732457492,-1.357319044428691,13317.86686091445,1,0,13.23587417602539,7.9030555555555555
1172,117.2,-630.0612907016032,361.0202405915356,-1012.943521009898,495.168040854178,-1.357319044428691,13453.186426022005,1,0,13.575069427490234,8.136944444444445
1173,117.302,-629.6467678973997,360.31892780004307,-1014.2748453364367,495.45664588701334,-1.357319044428691,13587.831710155055,1,0,13.135659217834473,8.11888888888889
1174,117.401,-629.1988158347723,359.6398789061784,-1015.5588947306677,495.73500264065854,-1.357319044428691,13723.10889870748,1,0,13.40725326538086,8.174999999999999
1175,117.501,-628.7642354755147,358.9051702670576,-1016.8473970941025,496.01432471079175,-1.357319044428691,13855.05111089466,1,0,12.961358070373535,8.398055555555555
1176,117.601,-628.2761683028084,358.2372533216114,-1018.1183283901531,496.28983771774006,-1.357319044428691,13989.46201064891,1,0,13.047669410705566,8.348888888888888
1177,117.7,-627.8549596469202,357.513676632491,-1019.39255848796,496.5660658402843,-1.357319044428691,14126.077245032964,1,0,13.292265892028809,8.338055555555556
1178,117.8,-627.3535207708444,356.80123189099805,-1020.7205697145312,496.8539526579516,-1.357319044428691,14271.637051563386,1,0,13.884876251220703,8.584999999999999
1179,117.901,-626.8520818947836,356.14444689476124,-1022.0910512605706,497.1510462088696,-1.357319044428691,14418.654279345326,1,0,13.883715629577637,8.373888888888889
1180,118.001,-626.3506430187226,355.44313410326873,-1023.4527614728007,497.4462383064516,-1.357319044428691,14566.386973529485,1,0,13.983060836791992,8.528055555555556
1181,118.1,-625.8558899943464,354.74182131098524,-1024.7616038327312,497.72996968935666,-1.357319044428691,14702.538301352917,1,0,13.07235336303711,8.543888888888889
1182,118.2,-625.2742208981127,354.1073002139582,-1026.029091758604,498.00473624110737,-1.357319044428691,14839.914755405369,1,0,12.866207122802734,8.54111111111111
1183,118.301,-624.7126093569036,353.4727791161402,-1027.3003093264506,498.2803113061729,-1.357319044428691,14980.049440130793,1,0,12.891105651855469,8.43
1184,118.401,-624.1576836674092,352.80486217148496,-1028.5635074627035,498.5541479155727,-1.357319044428691,15120.416074120145,1,0,12.95966625213623,8.695
1185,118.5,-623.5760145711754,352.14807717524815,-1029.818196912879,498.82614000851936,-1.357319044428691,15260.329348885658,1,0,12.976339340209961,8.696111111111112
1186,118.6,-623.0144030299814,351.4912921798023,-1031.082770206942,499.1002747251925,-1.357319044428691,15401.599141998564,1,0,12.90257453918457,8.655
1187,118.7,-622.4394197854176,350.85677108277525,-1032.352679536448,499.3755661898146,-1.357319044428691,15545.986682804105,1,0,13.085538864135742,8.479999999999999
1188,118.8,-621.9045516509477,350.23338193416674,-1033.6182791775782,499.64992339842536,-1.357319044428691,15687.76906573488,1,0,12.81437873840332,8.256944444444445
1189,118.9,-621.3295684064135,349.6211247347676,-1034.8832801783876,499.92415083354217,-1.357319044428691,15833.800920358992,1,0,13.073287963867188,8.256111111111112
1190,119.0,-620.7813285685593,349.03113143378727,-1036.154783039403,500.19978774457763,-1.357319044428691,15978.895967749759,1,0,12.947436332702637,8.063888888888888
1191,119.1,-620.2330887307346,348.4745339796442,-1037.4195060168468,500.47395490967534,-1.357319044428691,16124.818602651083,1,0,12.934540748596191,7.891944444444444
1192,119.201,-619.691534744565,347.87340872945447,-1038.6617788806043,500.74325532993225,-1.357319044428691,16264.634102748441,1,0,12.236296653747559,8.011944444444445
1193,119.3,-619.1366090550705,347.3279432245209,-1039.8733874289414,501.0059083273319,-1.357319044428691,16409.81571534508,1,0,12.809172630310059,7.746944444444444
1194,119.4,-618.6017409206154,346.7602138211684,-1041.146984179642,501.28199915263104,-1.357319044428691,16562.331711075167,1,0,13.254402160644531,7.7749999999999995
1195,119.5,-618.053501082761,346.23701221465365,-1042.4419200857742,501.5627158887855,-1.357319044428691,16715.19497697114,1,0,13.245868682861328,7.536944444444445
1196,119.601,-617.5453763550153,345.71381060813883,-1043.735066268451,501.84304464795616,-1.357319044428691,16866.871675114715,1,0,12.95576000213623,7.361111111111111
1197,119.701,-616.9837648138656,345.20174095004245,-1044.9858703691216,502.1141944732456,-1.357319044428691,17014.28763351961,1,0,12.641373634338379,7.561944444444445
1198,119.801,-616.4622683827207,344.7008032411556,-1046.2222474990272,502.3822168139032,-1.357319044428691,17163.018371979833,1,0,12.660518646240234,7.208055555555556
1199,119.9,-615.9340860999207,344.1887335838502,-1047.446960084068,502.647710509747,-1.357319044428691,17311.0027896687,1,0,12.655827522277832,7.348888888888888
1200,120.001,-615.419275520505,343.6989278241727,-1048.7186645162174,502.92339111745554,-1.357319044428691,17468.564292666197,1,0,13.111350059509277,7.106944444444444
1201,120.1,-614.8977790894047,343.1979901160767,-1049.9839410462905,503.197678281919,-1.357319044428691,17622.69440935605,1,0,13.043503761291504,7.203055555555555
1202,120.2,-614.3762826582895,342.73044825481804,-1051.2339044594796,503.4686458626319,-1.357319044428691,17772.93866555608,1,0,12.536425590515137,7.016111111111112
1203,120.3,-613.8748437822137,342.22951054672205,-1052.4549514853943,503.7333449370669,-1.357319044428691,17923.297794119437,1,0,12.451743125915527,7.011944444444444
1204,120.4,-613.3533473511281,341.7619686846724,-1053.668735884854,503.9964696163641,-1.357319044428691,18073.709532703917,1,0,12.387799263000488,7.096111111111111
1205,120.5,-612.8184792166581,341.29442682341374,-1054.8888554982648,504.2609676459366,-1.357319044428691,18227.384961507298,1,0,12.581390380859375,7.048888888888889
1206,120.6,-612.3036686372425,340.8268849621551,-1056.1001977099106,504.5235629067592,-1.357319044428691,18377.101643364455,1,0,12.208173751831055,6.976944444444444
1207,120.7,-611.8089156128367,340.34821115168694,-1057.2827765263557,504.7799228269883,-1.357319044428691,18525.07018159438,1,0,11.99276065826416,6.916111111111112
1208,120.801,-611.294105033421,339.86953734121886,-1058.4706490349029,505.0374303159596,-1.357319044428691,18676.378578989155,1,0,12.075820922851562,6.918888888888889
1209,120.901,-610.7726086023207,339.4131274291696,-1059.6499684631087,505.2930836646711,-1.357319044428691,18826.72711396835,1,0,12.058411598205566,6.953888888888889
1210,121.001,-610.2444263195207,338.92332166949205,-1060.82630792448,505.5480910149516,-1.357319044428691,18977.297944677583,1,0,12.014837265014648,7.14111111111111
1211,121.101,-609.7162440367355,338.4557798082334,-1062.0321107792042,505.8094854517117,-1.357319044428691,19136.885193010494,1,0,12.66136646270752,7.0569444444444445
1212,121.201,-609.1880617539355,337.95484210013745,-1063.2738231989317,506.0786643786822,-1.357319044428691,19298.279677971783,1,0,12.749710083007812,7.27
1213,121.301,-608.666565322835,337.48730023808776,-1064.5373436297868,506.3525708552379,-1.357319044428691,19465.2051156066,1,0,13.107657432556152,7.055000000000001
1214,121.401,-608.1049537816259,337.0086264276197,-1065.7909713965262,506.62433279601436,-1.357319044428691,19625.46706069144,1,0,12.547261238098145,7.243055555555555
1215,121.501,-607.563399795501,336.5299526171516,-1067.047502284554,506.8967240766129,-1.357319044428691,19795.02965276832,1,0,13.167068481445312,7.226111111111111
1216,121.601,-607.0485892160705,336.00675101142775,-1068.3264939747423,507.17398441910404,-1.357319044428691,19963.07278053423,1,0,13.006911277770996,7.3469444444444445
1217,121.701,-606.4736059715216,335.56147304779694,-1069.613312493345,507.4529414646648,-1.357319044428691,20136.428210887614,1,0,13.327240943908691,7.248888888888889
1218,121.801,-605.9387378370368,335.0494033904916,-1070.8970234973503,507.7312248619383,-1.357319044428691,20305.352180628226,1,0,12.943317413330078,7.4111111111111105
1219,121.901,-605.3704404441727,334.5595976300231,-1072.172660080226,508.0077578828919,-1.357319044428691,20478.342757592345,1,0,13.162001609802246,7.428055555555555
1220,122.0,-604.7887713479093,334.06979187113654,-1073.4403183445745,508.28256136068717,-1.357319044428691,20648.787853585425,1,0,13.042085647583008,7.543888888888889
1221,122.1,-604.2137881033754,333.57998611145905,-1074.7150491845516,508.5588980343242,-1.357319044428691,20821.969248566304,1,0,13.044697761535645,7.581944444444445
1222,122.201,-603.6321190071416,333.10131230099097,-1075.999584166676,508.8373600539118,-1.357319044428691,20996.95710871719,1,0,12.982451438903809,7.516111111111112
1223,122.301,-603.0638216142331,332.600374592104,-1077.2905068619139,509.1172068045647,-1.357319044428691,21177.39384770638,1,0,13.435690879821777,7.553888888888889
1224,122.4,-602.4687808146891,332.0883049347986,-1078.5865209818962,509.3981572763592,-1.357319044428691,21355.64041056824,1,0,13.354547500610352,7.793055555555555
1225,122.5,-601.8536824600317,331.6096311243305,-1079.9526708069307,509.6943117950234,-1.357319044428691,21554.562495548485,1,0,14.603083610534668,7.79611111111111
1226,122.6,-601.2853850671528,331.08642951781576,-1081.3743577331925,510.0025056692404,-1.357319044428691,21751.9210261401,1,0,14.4910888671875,7.683888888888888
1227,122.7,-600.6836584158945,330.5854918081379,-1082.7883937975553,510.3090409864811,-1.357319044428691,21949.89267574375,1,0,14.446512222290039,7.803055555555556
1228,122.801,-600.0886176162763,330.0845541000419,-1084.1486338253972,510.6039143768891,-1.357319044428691,22131.83077048151,1,0,13.114566802978516,7.7619444444444445
1229,122.901,-599.4735192616338,329.57248444273654,-1085.4119876565987,510.87778473790365,-1.357319044428691,22308.477644492352,1,0,12.739391326904297,7.933888888888889
1230,123.001,-598.9119077204545,329.0381508870123,-1086.6475156641873,511.1456230054775,-1.357319044428691,22483.39430673523,1,0,12.545124053955078,7.758055555555555
1231,123.101,-598.3703537342997,328.4704214836599,-1087.8314581279208,511.4022785377243,-1.357319044428691,22647.468095922373,1,0,11.683716773986816,7.851111111111111
1232,123.201,-597.7819987863812,327.9472198771451,-1088.9670856203509,511.64846033070154,-1.357319044428691,22810.328030652414,1,0,11.556380271911621,7.9030555555555555
1233,123.301,-597.2070155418472,327.4017543722114,-1090.095491728478,511.8930766690316,-1.357319044428691,22973.57167165313,1,0,11.535934448242188,7.876944444444444
1234,123.401,-596.5584879287808,326.9008166633245,-1091.2291508285284,512.1388317531024,-1.357319044428691,23139.25204891168,1,0,11.663880348205566,8.121944444444445
1235,123.501,-595.9634471291923,326.37761505680976,-1092.3847747064851,512.3893483707249,-1.357319044428691,23310.137726591453,1,0,11.985433578491211,7.938055555555556
1236,123.601,-595.4085214396681,325.76535785741055,-1093.548355989703,512.6415899979193,-1.357319044428691,23479.81660749013,1,0,11.826725006103516,8.196944444444444
1237,123.701,-594.8001089367102,325.21989235326794,-1094.745930452597,512.901200680528,-1.357319044428691,23662.086694489983,1,0,12.6810884475708,8.219999999999999
1238,123.801,-594.2518690989152,324.6187671022872,-1095.9647060844686,513.1654073612319,-1.357319044428691,23839.61510510902,1,0,12.260597229003906,8.128888888888888
1239,123.901,-593.6702000026817,324.0287738013069,-1097.1849439719829,513.429931030313,-1.357319044428691,24024.24595727577,1,0,12.711012840270996,8.248055555555556
1240,124.0,-593.035044092955,323.4610443979544,-1098.3983640224278,513.6929767258815,-1.357319044428691,24203.22942162039,1,0,12.371902465820312,8.466944444444445
1241,124.1,-592.4266315900119,322.88218304618357,-1099.6159114303935,513.956917151704,-1.357319044428691,24387.265986242932,1,0,12.544648170471191,8.303888888888888
1242,124.2,-591.7781039769602,322.35898143966875,-1100.8514735035335,514.2247628040221,-1.357319044428691,24575.051361589987,1,0,12.740564346313477,8.36611111111111
1243,124.3,-591.1696914740024,321.75785618868804,-1102.10280876584,514.4960277747487,-1.357319044428691,24765.63249608679,1,0,12.867439270019531,8.405000000000001
1244,124.401,-590.5479072676897,321.22352263296386,-1103.3625361666986,514.7691119967079,-1.357319044428691,24956.007666889593,1,0,12.657060623168945,8.268888888888888
1245,124.5,-589.9662381714412,320.61126543356465,-1104.5810720670283,515.03326670831,-1.357319044428691,25141.627195383895,1,0,12.53160572052002,8.398055555555555
1246,124.6,-589.3511398168134,320.0546679802126,-1105.8021189065378,515.2979657423359,-1.357319044428691,25328.88111687514,1,0,12.456559181213379,8.243055555555555
1247,124.701,-588.7026122037616,319.5425983221163,-1107.0374180416195,515.565754394834,-1.357319044428691,25520.56338798977,1,0,12.572977066040039,8.26388888888889
1248,124.801,-588.0875138491191,318.99713281718266,-1108.2630410357474,515.8314454495327,-1.357319044428691,25710.361076288675,1,0,12.50883674621582,8.153888888888888
1249,124.901,-587.4389862360673,318.5073270575051,-1109.4816985799205,516.095626531137,-1.357319044428691,25899.868352383783,1,0,12.430432319641113,8.121944444444445
1250,125.0,-586.8172020297696,317.98412545099035,-1110.6719248521754,516.353644269969,-1.357319044428691,26084.569985170052,1,0,12.173038482666016,8.10388888888889
1251,125.1,-586.2221612301665,317.4831877428944,-1111.8733559921916,516.6140910046239,-1.357319044428691,26275.348832130214,1,0,12.413700103759766,7.813055555555555
1252,125.203,-585.5803194687995,316.9933819832169,-1113.0998381693917,516.8799683133808,-1.357319044428691,26466.121209075274,1,0,11.954646110534668,8.008055555555556
1253,125.301,-585.0187079276053,316.48131232512054,-1114.2858406678968,517.1370704208092,-1.357319044428691,26660.515401004126,1,0,12.811678886413574,7.566111111111112
1254,125.401,-584.4370388313716,316.00263851465246,-1115.5051917792423,517.4014018541892,-1.357319044428691,26850.28489283907,1,0,12.141783714294434,7.485
1255,125.501,-583.8419980317685,315.5350966533938,-1116.6661741078678,517.6530800789426,-1.357319044428691,27032.84247654436,1,0,11.617188453674316,7.578888888888889
1256,125.601,-583.2603289355349,315.08981869055395,-1117.8009490760858,517.8990770613719,-1.357319044428691,27215.48881395406,1,0,11.605462074279785,7.233055555555556
1257,125.701,-582.6719739876164,314.63340877850464,-1118.955691350618,518.149402564643,-1.357319044428691,27405.03523038145,1,0,12.025810241699219,7.441944444444444
1258,125.801,-582.117048298107,314.18813081487383,-1120.1196514558171,518.4017263130216,-1.357319044428691,27592.444348359237,1,0,11.794100761413574,7.181111111111111
1259,125.901,-581.5621226085829,313.7539848012434,-1121.2873864062526,518.6548683738969,-1.357319044428691,27784.981495511674,1,0,12.103060722351074,6.968055555555556
1260,126.0,-581.0071969190882,313.3087068376126,-1122.4503410021564,518.9069741475587,-1.357319044428691,27974.27377709359,1,0,11.936670303344727,7.126944444444444
1261,126.1,-580.4723287846034,312.8856927731916,-1123.6268828529805,519.1620253719077,-1.357319044428691,28169.186925342616,1,0,12.14072036743164,6.773888888888888
1262,126.2,-579.9307747984784,312.473810657189,-1124.804793710243,519.4173733700331,-1.357319044428691,28362.519299269454,1,0,11.964686393737793,6.741944444444444
1263,126.3,-579.4025925157081,312.07306049039585,-1125.9898106135872,519.6742618197388,-1.357319044428691,28561.34121608035,1,0,12.286142349243164,6.646111111111111
1264,126.4,-578.8744102329081,311.6723103228117,-1127.2014098780132,519.9369128045684,-1.357319044428691,28764.762147205038,1,0,12.508682250976562,6.595
1265,126.5,-578.3662855051474,311.28269210522797,-1128.42996288238,520.2032390280867,-1.357319044428691,28971.204949230578,1,0,12.633092880249023,6.383055555555555
1266,126.6,-577.8447890740471,310.8819419392258,-1129.6494151651514,520.4675923934499,-1.357319044428691,29173.8840890042,1,0,12.322440147399902,6.521111111111111
1267,126.7,-577.3366643462865,310.5034556700605,-1130.8501722173394,520.7278929990694,-1.357319044428691,29376.067640999852,1,0,12.250503540039062,6.3630555555555555
1268,126.8,-576.8285396185408,310.11383745168575,-1132.0337652645132,520.9844727846512,-1.357319044428691,29574.778413243275,1,0,11.971186637878418,6.381944444444445
1269,126.9,-576.3137290391401,309.72421923410207,-1133.211874177308,521.239863717336,-1.357319044428691,29776.56500581148,1,0,12.138273239135742,6.331111111111111
1270,127.0,-575.7989184596946,309.34573296572773,-1134.400417540951,521.4975166345498,-1.357319044428691,29980.12968986694,1,0,12.184722900390625,6.393888888888889
1271,127.101,-575.2774220285794,308.956114748144,-1135.6130439269577,521.7603902792164,-1.357319044428691,30189.804774996992,1,0,12.385419845581055,6.3838888888888885
1272,127.201,-574.762611449149,308.56649653056024,-1136.82421343418,522.0229481011032,-1.357319044428691,30398.78075838741,1,0,12.400609970092773,6.378055555555555
1273,127.3,-574.2478008697334,308.1768783121855,-1138.0283616295353,522.2839838401276,-1.357319044428691,30607.982209796482,1,0,12.490644454956055,6.416111111111111
1274,127.4,-573.7263044386182,307.77612814539236,-1139.2462696849743,522.5480024472571,-1.357319044428691,30819.39610422704,1,0,12.433286666870117,6.543055555555555
1275,127.5,-573.2114938591876,307.37537797859926,-1140.4638073532678,522.8119407617095,-1.357319044428691,31032.446452573327,1,0,12.483064651489258,6.461111111111111
1276,127.6,-572.689997428117,306.96349586259663,-1141.669901745735,523.073398398141,-1.357319044428691,31241.9792354317,1,0,12.199105262756348,6.631944444444445
1277,127.701,-572.1685009969572,306.55161374659406,-1142.8683895810925,523.3332070820064,-1.357319044428691,31452.34325676255,1,0,12.084563255310059,6.6480555555555565
1278,127.801,-571.640318714157,306.12859968138207,-1144.0427235088466,523.5877796718878,-1.357319044428691,31659.17615648412,1,0,11.947643280029297,6.711944444444445
1279,127.9,-571.0920788763473,305.69445366775165,-1145.2060627807869,523.8399688357783,-1.357319044428691,31866.970447492393,1,0,12.1000394821167,6.941111111111112
1280,128.0,-570.5438390385227,305.26030765333024,-1146.3821942605489,524.0949310997204,-1.357319044428691,32075.868651460903,1,0,11.968953132629395,6.968055555555556
1281,128.1,-569.9955992006832,304.8150296904904,-1147.5459366444666,524.3472076503905,-1.357319044428691,32283.48946161674,1,0,11.846502304077148,7.058055555555555
1282,128.2,-569.4540452145582,304.380883676069,-1148.6922007441917,524.595695251454,-1.357319044428691,32488.050742555304,1,0,11.611268043518066,6.956111111111111
1283,128.3,-568.8857478216643,303.9244737640197,-1149.8153994830702,524.8391827341453,-1.357319044428691,32689.310272535535,1,0,11.374480247497559,7.208055555555556
1284,128.4,-568.3308221321549,303.46806385197044,-1150.9075776461011,525.0759455636979,-1.357319044428691,32884.73020527453,1,0,10.976446151733398,7.186111111111111
1285,128.5,-567.7625247392908,303.0005219907118,-1151.9764335819104,525.3076525912803,-1.357319044428691,33078.82088016945,1,0,10.897201538085938,7.291944444444445
1286,128.6,-567.1808556430572,302.53298012866213,-1153.0484975979257,525.5400550678039,-1.357319044428691,33275.68638941452,1,0,11.042098045349121,7.408055555555555
1287,128.7,-566.6058723984934,302.054306318985,-1154.1306566675096,525.7746459541752,-1.357319044428691,33474.572050699346,1,0,11.103792190551758,7.42
1288,128.801,-566.0308891539446,301.5756325085169,-1155.2332487087785,526.0136663085179,-1.357319044428691,33678.4367488645,1,0,11.23684310913086,7.431944444444444
1289,128.9,-565.4492200577108,301.0858267488394,-1156.3584459537979,526.257587028189,-1.357319044428691,33891.805508037025,1,0,12.022396087646484,7.608055555555556
1290,129.0,-564.8608651097925,300.60715293916223,-1157.5241418642802,526.5102870651481,-1.357319044428691,34106.58567702099,1,0,11.833037376403809,7.573055555555555
1291,129.1,-564.2658243101893,300.12847912790323,-1158.6653344375507,526.7576752586294,-1.357319044428691,34316.84593579787,1,0,11.520946502685547,7.601111111111111
1292,129.2,-563.69084106567,299.63867336822574,-1159.7850012171764,527.0003970817472,-1.357319044428691,34525.2447085514,1,0,11.392521858215332,7.541944444444444
1293,129.3,-563.0958002660371,299.1599995577576,-1160.9062287675968,527.2434572493971,-1.357319044428691,34736.741207725805,1,0,11.552886962890625,7.598888888888889
1294,129.4,-562.5074453181187,298.6701937988711,-1162.0484862738124,527.4910762994786,-1.357319044428691,34953.780029660316,1,0,11.822890281677246,7.628888888888889
1295,129.5,-561.9057186668457,298.18038803919353,-1170.7999586374672,478.41975578114415,-1.5120922906035266,9977.673079007665,0,1,12.588318824768066,7.706944444444445
1296,129.6,-561.3173637189273,297.69058227872506,-1161.434494365474,461.2887047033164,-1.5282149597653798,7068.106527114308,0,1,12.766932487487793,7.678055555555555
1297,129.7,-560.7223229193388,297.2007765206295,-1143.2187188429982,445.7338408749607,-1.5408894814272274,4736.410283932814,0,1,13.480340957641602,7.651111111111111
1298,129.801,-560.1205962680509,296.710970760161,-1121.910917935886,435.2920181335675,-1.547696050612582,3023.0722276356196,0,1,14.01605224609375,7.76
1299,129.901,-559.518869616763,296.22116500127447,-1099.652876737219,427.3278380492194,-1.5520233055914079,1853.8932429703884,0,1,14.558231353759766,7.791944444444444
1300,130.001,-558.9171429655047,295.7313592415969,-1077.1096442671658,420.5025490041947,-1.5555553366197004,1095.4354159196844,0,1,15.427541732788086,7.699999999999999
1301,130.101,-558.3221021659015,295.2415534819194,-1054.4373239583272,414.21775499422404,-1.5591351119944847,615.5032331627601,0,1,14.951702117919922,7.6819444444444445
1302,130.201,-557.740433069653,294.75174772224193,-1031.8037025312865,408.19236860874724,-1.5634664420045106,324.7152622249746,0,1,17.544361114501953,7.573888888888888
1303,130.301,-557.1587639734341,294.28420586098326,-1009.2218002290055,402.28717774835803,-1.5695492975698047,157.42111194680973,0,1,16.608726501464844,7.50611111111111
1304,130.401,-556.5704090255158,293.8055320505152,-986.6087783614228,396.4287317305666,-1.5793360780981385,73.39491422433545,0,1,17.198001861572266,7.515
1305,130.5,-556.0021116326517,293.32685824004705,-963.9874745526397,390.5718488604007,-1.5976372662247111,37.03898428668325,0,1,16.871498107910156,7.395
1306,130.6,-555.4338142397726,292.8704483287887,-941.3393064513083,384.6559449531555,-1.6348252290561096,26.805957176952223,0,1,16.18863868713379,7.32
1307,130.7,-554.8655168468788,292.4029064667391,-918.6326355498331,378.61484527391286,-1.699826106612696,21.897950839240362,0,1,15.413177490234375,7.343055555555555
1308,130.8,-554.3105911573695,291.9464965546898,-895.9119266944984,372.36392006957,-1.8025927565004844,19.788455203570937,0,1,15.526901245117188,7.204999999999999
1309,130.9,-553.7556654678748,291.501218591059,-873.1812104422241,365.80487275205496,-1.954683606722269,17.95668153285434,0,1,14.928579330444336,7.130000000000001
1310,131.0,-553.2074256300355,291.03367672980033,-850.4283522711696,358.82475849721516,-2.17100663823033,17.500844645368016,0,1,15.330686569213867,7.116111111111111
1311,131.1,-552.6658716438807,290.58839876775147,-827.5882256766204,351.33449281924595,-2.467328319538902,16.62015930568676,0,1,14.949491500854492,7.0
1312,131.201,-552.1243176577408,290.1653847017485,-804.2447090524365,342.80435397369354,-2.993227152715243,13.27871120924104,0,1,14.536006927490234,6.946944444444444
1313,131.301,-551.5894495232708,289.7312386881181,-780.2411901545452,335.2716196152077,-3.2898097923283385,13.008677420006073,0,1,14.594803810119629,6.833888888888889
1314,131.401,-551.0746389438551,289.28596072448727,-755.6855856809138,328.1495579095425,-3.638793237964886,12.531199800332246,0,1,13.942996978759766,6.793055555555555
1315,131.501,-550.5598283644248,288.8629466592753,-730.5659796150693,321.71985408785315,-4.018273002842014,12.16908926766827,0,1,13.41602611541748,6.671944444444444
1316,131.601,-550.0316460816396,288.4399325948542,-704.9356279521246,316.1812749865061,-4.402361537452227,12.153884351181837,0,1,13.543900489807129,6.743055555555555
1317,131.7,-549.5302072055638,288.02805047885164,-678.9836466096908,311.5346570339685,-4.7599761802771585,12.003012984497582,0,1,13.357244491577148,6.518055555555556
1318,131.801,-549.0220824778032,287.6161683628491,-655.4394277207824,307.89802346140925,-5.0248531534157,11.999386223507562,0,1,13.355056762695312,6.54
1319,131.901,-548.5139577500576,287.20428624684655,-636.3350103981794,305.11534778607245,-5.171213642613047,12.04131575405034,0,1,13.42444896697998,6.526111111111111
1320,132.001,-548.0192047256517,286.80353608005333,-620.6809631756017,302.74609242378386,-5.2269526790807,12.033488525110712,0,1,13.331344604492188,6.418055555555555
1321,132.102,-547.5244517013052,286.3916539640508,-607.6624646112841,300.5854483454541,-5.22127976952451,11.937052643309904,0,1,12.991338729858398,6.416111111111111
1322,132.201,-547.0363845286287,285.99090379725766,-596.7786540198882,298.5653108265972,-5.180012537289207,11.85418236217806,0,1,12.718222618103027,6.28
1323,132.301,-546.5550032076072,285.61241752809235,-587.5553163449343,296.695782907601,-5.120351444376797,12.017834981772106,0,1,12.882267951965332,6.228888888888888
1324,132.404,-546.080307738226,285.2227993105086,-579.5984704742585,294.98332992233816,-5.052231367730638,12.848177976322818,0,1,14.177116394042969,6.1611111111111105
1325,132.5,-545.6056122688892,284.82204914371545,-572.8961645833581,293.3960399819873,-4.984924483400575,12.78603591001527,0,1,14.049321174621582,6.141944444444444
1326,132.6,-545.1376026512224,284.45469482455053,-567.1521114042845,291.94650485139977,-4.9227568773246055,12.746150319145567,0,1,13.84371566772461,6.0569444444444445
1327,132.7,-544.6629071819007,284.0762085553853,-562.2706703813861,290.6201530703796,-4.868192676329795,12.743939054005264,0,1,13.7510347366333,6.011111111111111
1328,132.8,-544.1948975642488,283.70885423622036,-558.1190704592351,289.41832538632514,-4.821840930617971,12.724865869840729,0,1,13.660588264465332,5.9911111111111115
1329,132.9,-543.7402596499218,283.34149991626447,-554.5746085615374,288.3336338564685,-4.783149883520009,12.840650155203472,0,1,13.840165138244629,5.856111111111111
1330,133.0,-543.2722500322699,282.97414559630863,-551.5365147218738,287.35344021625133,-4.751089662333999,12.812368003460975,0,1,13.777483940124512,5.916944444444444
1331,133.1,-542.8109262662879,282.60679127714366,-548.9224555376368,286.46430974282305,-4.724533075274565,12.915684575251824,0,1,13.970345497131348,5.94388888888889
1332,133.2,-542.3429166486212,282.2283050079784,-546.562896264273,284.8752333083731,1.7204430580012353,11.423719715778667,0,1,13.682631492614746,5.933055555555556
1333,133.3,-541.8882787343239,281.86095068960446,-544.6080273293771,284.144434762574,1.730184307582342,11.82646913305251,0,1,14.76226806640625,5.928888888888889
1334,133.4,-541.4269549683419,281.4824644196482,-542.8419161521322,283.4573154548753,1.7382110058542986,12.11994501355951,0,1,15.340902328491211,5.954999999999999
1335,133.5,-540.95894535069,281.11511009969234,-541.2569010871788,282.81322553343887,1.7451091034279702,12.297453966408858,0,1,15.61739444732666,5.938055555555555
1336,133.6,-540.4842498813384,280.73662383210893,-539.8035988401829,282.1980110396554,1.7513540841827695,12.813440721099942,0,1,16.62968635559082,6.008055555555556
1337,133.701,-540.0162402636865,280.34700561452524,-538.4694563702674,281.6042191530547,1.7572720670583166,12.776863278461832,0,1,16.38596534729004,6.078055555555555
1338,133.801,-539.5415447943647,279.9573873961505,-537.2723170430262,281.03513888159557,1.7630253130796287,13.166946966280078,0,1,17.109630584716797,6.12611111111111
1339,133.901,-539.0534776216435,279.5789011277762,-536.1110944021922,280.47282442054416,1.7687102329857582,13.867256098353112,0,1,18.396785736083984,6.251111111111111
1340,134.001,-538.5654104489522,279.1670190117736,-534.9812258696915,279.9081312097905,1.7745493496650018,14.292471707579098,0,1,19.096418380737305,6.315
1341,134.1,-538.0840291279159,278.75513689577105,-533.9803056863506,279.362052512826,1.7805165285444746,13.866258176532455,0,1,18.252117156982422,6.3630555555555555
1342,134.2,-537.5959619551949,278.3543867289779,-533.0172120886784,278.8183876842131,1.7865732047348681,14.797091362030281,0,1,19.92261505126953,6.348055555555556
1343,134.3,-537.0945230791339,277.9425046129753,-532.1493254425575,278.2889594397016,1.792706500628925,13.703314959907361,0,1,17.84397315979004,6.526944444444444
1344,134.4,-536.5797124997182,277.5194905477633,-531.4307046180387,277.78710674945404,1.7988587307549753,13.644091556530366,0,1,17.74791717529297,6.68
1345,134.5,-536.0515302169331,277.09647648255134,-530.7371050414093,277.28700473683193,1.8050080606595036,13.78821325577359,0,1,18.059059143066406,6.75111111111111
1346,134.6,-535.5233479341479,276.6400665705021,-530.0489421288203,276.7778831237467,1.811291721068845,13.926182462711997,0,1,18.350353240966797,6.938055555555556
1347,134.7,-534.9951656513479,276.19478860766225,-529.3955231759102,276.27083768143143,1.81761213924074,13.6951937895944,0,1,17.917373657226562,6.9719444444444445
1348,134.8,-534.4602975168779,275.738378694822,-528.7980850227193,275.77116085247815,1.823956839263374,13.479749221129804,0,1,17.51654624938965,7.013055555555555
1349,134.9,-533.9053718273833,275.2819687827727,-528.2484599518334,275.2800044716232,1.830257721791605,13.198128988755377,0,1,16.972023010253906,7.1688888888888895
1350,135.0,-533.3370744345044,274.8032949723046,-527.7308748369942,274.7911661543215,1.8365620899808235,13.05450144724231,0,1,16.71213722229004,7.386944444444445
1351,135.1,-532.7821487449801,274.31348921262713,-527.4132054974867,273.6020929685378,1.9455484234468692,11.728736056141345,0,1,16.069969177246094,7.391944444444444
1352,135.2,-532.213851352116,273.8125515045312,-526.9503106179652,273.12848385728245,1.947903175586397,11.683989923230635,0,1,16.01152992248535,7.553888888888889
1353,135.3,-531.6321822558823,273.32274574485365,-526.5364359877267,272.67081636907045,1.950610125920463,11.216079755591561,0,1,14.477531433105469,7.603055555555555
1354,135.4,-531.0438273079935,272.82180803596674,-526.1766948470555,272.2338978897197,1.9535899897775304,11.066022051196098,0,1,13.9345064163208,7.691944444444444
1355,135.5,-530.4354148049912,272.32087032787075,-525.8118651560939,271.79635580901925,1.9567488909969928,10.984758551992378,0,1,13.606902122497559,7.823888888888889
1356,135.6,-529.8270023020481,271.81993261898384,-525.428000344117,271.3526758363951,1.960036815970201,10.956703767205237,0,1,13.442059516906738,7.896111111111111
1357,135.7,-529.2052180957355,271.296731012469,-525.0238606436378,270.8992021890974,1.9634645676911033,10.898983205098538,0,1,13.170985221862793,8.106944444444444
1358,135.8,-528.5700621860237,270.7846613551637,-524.5956967039143,270.43783325306447,1.9669550367692201,10.913991539368572,0,1,13.12826156616211,8.181944444444444
1359,135.9,-527.914848721317,270.26145974785794,-524.1405492229666,269.9665412531208,1.9705009027555693,10.889243997433866,0,1,12.950213432312012,8.311111111111112
1360,136.001,-527.2529494049106,269.74939009055254,-523.6541697646869,269.48549516093004,1.9740541984393805,10.91004240206945,0,1,12.868416786193848,8.433888888888887
1361,136.1,-526.5843642368343,269.2261884840377,-523.16845464624,269.0071440854643,1.97761867175669,10.863522228069066,0,1,12.679784774780273,8.48388888888889
1362,136.2,-525.8957215136888,268.702986876732,-522.6602239195249,268.5224129841054,1.9811670445303293,10.800154566961455,0,1,12.375203132629395,8.605
1363,136.301,-525.1937070872333,268.21318111784547,-522.120433006039,268.0336060469328,1.984598988153915,10.881812514362302,0,1,12.482796669006348,8.64611111111111
1364,136.4,-524.4850068090185,267.7011114597491,-521.5671408362313,267.54428612462374,1.9879783765036283,10.907839367009757,0,1,12.512959480285645,8.698055555555555
1365,136.5,-523.7763065308634,267.18904180244374,-520.9840869684048,267.04591825820063,1.991317503871273,10.902751623809365,0,1,12.384320259094238,8.733055555555556
1366,136.601,-523.0475486976538,266.6992360427662,-520.4948539389896,266.26431778868294,2.0533521809974733,10.34268232473186,0,1,12.33063793182373,8.768055555555556
1367,136.7,-522.3254767161291,266.2094302830887,-519.8922131186363,265.77358831641027,2.05490375118772,10.336503659494138,0,1,12.326019287109375,8.705
1368,136.8,-521.6100905862594,265.71962452341114,-519.2671505007617,265.27803807776195,2.0564594117785684,10.368886650490767,0,1,12.250816345214844,8.70111111111111
1369,136.9,-520.881332753035,265.24095071294306,-518.6239671904542,264.7831669652419,2.057981037137559,10.455677246112343,0,1,12.378118515014648,8.73611111111111
1370,137.0,-520.1525749198403,264.76227690326596,-517.9709968135962,264.2916923970212,2.0594714229885125,10.445268937773848,0,1,12.156795501708984,8.70888888888889
1371,137.1,-519.4238170866159,264.3058669904257,-517.3174796046519,263.8111148053259,2.060882853604291,10.470309469408148,0,1,12.07280158996582,8.653055555555556
1372,137.2,-518.6883734017216,263.80492928232974,-516.6230612208418,263.31072376013253,2.0623251491166257,10.78113905691824,0,1,12.924160957336426,8.855
1373,137.3,-517.9395580134577,263.3485193694895,-515.7990840908323,262.75145218180916,2.0637033598428896,11.71208811368128,0,1,15.363980293273926,8.748888888888889
1374,137.4,-517.1773709218392,262.88097750823084,-514.8853236027692,262.1515614329988,2.065050485189226,11.92692764734169,0,1,15.659248352050781,8.906944444444443
1375,137.5,-516.4352413852599,262.41343564776315,-513.9929159234732,261.56747582002146,2.0663886589497547,11.98389348622092,0,1,15.57298469543457,8.815
1376,137.601,-515.6797401453262,261.95702573492287,-513.1631346522885,261.0242535756804,2.0676536973297783,11.57597393049737,0,1,14.305154800415039,8.871944444444445
1377,137.7,-514.9242389053925,261.5340116697109,-512.3826180280499,260.5202750543648,2.068751416724687,11.941476374572648,0,1,15.141749382019043,8.623888888888889
1378,137.8,-514.1754235171286,261.0887337068711,-511.519610867525,259.9769494564786,2.0697907336518604,12.552108095688055,0,1,16.413738250732422,8.753888888888888
1379,137.9,-513.4266081288795,260.6657196416591,-510.5728532920607,259.39647051764575,2.070722296145457,13.348811190191862,0,1,17.944475173950195,8.546111111111111
1380,138.0,-512.6711068889309,260.25383752565654,-509.6265987718974,258.7292786164683,2.084967689350486,12.409234923512045,0,1,18.35519027709961,8.61
1381,138.1,-511.9289773523667,259.8419554096539,-508.6615971927492,258.15197366559954,2.085198702930661,12.507666859486683,0,1,18.50682830810547,8.471944444444444
1382,138.201,-511.1868478157728,259.4412052428608,-507.74618774493615,257.61082612664586,2.0853478140448845,12.300487418385401,0,1,17.662273406982422,8.455
1383,138.301,-510.4514041308933,259.05158702527706,-506.95645005247377,257.1494129648202,2.0854076618374098,11.838203480768453,0,1,16.212432861328125,8.336111111111112
1384,138.401,-509.70927459429936,258.6619688076933,-506.2241574246749,256.72846654744984,2.0853834640436455,11.918637495529364,0,1,16.285768508911133,8.36111111111111
1385,138.501,-508.98051676110464,258.283482539319,-505.4902704339884,256.31397147332956,2.085278727958299,11.964213683934215,0,1,16.26009178161621,8.225
1386,138.601,-508.2517589278951,257.9161282193631,-504.76995099587185,255.91537416128972,2.0850767091754765,11.891659053660184,0,1,15.92208194732666,8.173888888888888
1387,138.701,-507.5296869463703,257.55990584861667,-504.0640195607709,255.53315465755614,2.0847738362230728,11.909839681230599,0,1,15.84176254272461,8.036111111111111
1388,138.801,-506.8209866681705,257.2148154262886,-503.3683224212111,255.1642701830226,2.0843774781426454,11.870393638821401,0,1,15.612964630126953,7.883888888888889
1389,138.901,-506.12565809337,256.88085695475195,-502.69279708136446,254.81372850477885,2.0838947823630902,11.785882016756291,0,1,15.27364730834961,7.703055555555556
1390,139.001,-505.4503870735941,256.5691623808432,-502.0390147343278,254.48326740110986,2.083311806128218,11.72158250559317,0,1,14.999130249023438,7.486944444444445
1391,139.101,-504.8018594605869,256.25746780693436,-501.412264481218,254.17169405464057,2.0826904693786945,11.587391517078355,0,1,14.542280197143555,7.216944444444445
1392,139.201,-504.1733894025599,255.97916907986283,-500.80024282920505,253.8755523267509,2.081976958424209,11.627639148745512,0,1,14.568916320800781,6.896111111111111
1393,139.301,-503.56497689960196,255.70087035200038,-500.15411454043965,253.5642197209191,2.081214253521088,12.013585136908272,0,1,15.477568626403809,6.666944444444445
1394,139.4,-502.9833078033535,255.45596747334807,-499.51475922073814,253.26339511053007,2.080357962985984,11.828124993370364,0,1,14.929566383361816,6.293055555555556
1395,139.5,-502.4484396688836,255.22219654153224,-498.9448622153578,253.00418821974773,2.079475106344692,11.414456978566058,0,1,13.730583190917969,5.933055555555556
1396,139.6,-501.93362908948274,254.9995575605078,-498.45404012222815,252.79120777902673,2.0785806433288183,11.175408176261193,0,1,13.003279685974121,5.573055555555555
1397,139.7,-501.4589336201164,254.79918247711126,-497.97504478457023,252.67217392573872,2.0646767541847453,10.407451117893363,0,1,12.469427108764648,5.163888888888889
1398,139.8,-501.0109815575039,254.6210712921335,-497.56053211370806,252.50389133261933,2.0641814892758408,10.342814892034076,0,1,12.231204986572266,4.906111111111111
1399,139.9,-500.5830870499161,254.46522400478364,-497.1778753659351,252.3571478472303,2.0636187276806566,10.196432342115765,0,1,11.534613609313965,4.501944444444445
1400,140.0,-500.2019935041217,254.3093767182247,-496.8476846033485,252.23741377344467,2.0630573839240904,10.04232481802927,0,1,10.810407638549805,4.178055555555556
1401,140.1,-499.8476433650218,254.1757933285027,-496.5438779637552,252.13222288394346,2.0624817508200923,10.037454846764563,0,1,10.706406593322754,3.761944444444444
1402,140.2,-499.53340833604534,254.06447383799048,-496.26221106265467,252.03932627998984,2.0618937354963918,9.926288954328346,0,1,10.158382415771484,3.3769444444444443
1403,140.3,-499.24591671374867,253.9642862958967,-496.00580309466636,251.95972002634,2.061302773481895,9.905552025417483,0,1,9.990923881530762,3.0280555555555555
1404,140.4,-498.99854020156056,253.87523070301233,-495.77538629889057,251.89198055468808,2.060731129578582,9.805589567578174,0,1,9.490660667419434,2.6261111111111113
1405,140.5,-498.7779070960967,253.7973070601284,-495.572584017677,251.83672664740692,2.0601823411413114,9.773866402408364,0,1,9.283126831054688,2.3761111111111113
1406,140.6,-498.5639598423177,253.73051536566282,-495.38331716303287,251.78813670501037,2.059636385171248,9.741406213574098,0,1,9.070597648620605,2.225
1407,140.7,-498.3633842918932,253.65259172198787,-495.2113013555425,251.74507772270977,2.059129276350874,9.686549441027406,0,1,8.764052391052246,2.1469444444444443
1408,140.801,-498.1694945931389,253.5858000275224,-495.0486386842141,251.70533090223196,2.0586383749475314,9.670620479395755,0,1,8.56690788269043,2.036944444444444
1409,140.901,-497.9756048943844,253.51900833305683,-494.90220300589016,251.67272257897437,2.058161470710305,9.630768655354583,0,1,8.349910736083984,2.0330555555555554
1410,141.0,-497.7884010473147,253.4522166385913,-494.7814616515878,251.65180949255492,2.057705221469118,9.507545651932134,0,1,7.823824405670166,1.9300000000000002
1411,141.102,-497.6145689036295,253.3854249441258,-494.67159730015567,251.633987672582,2.0572803694538626,9.454370418229177,0,1,7.3991780281066895,1.8719444444444444
1412,141.2,-497.4407367599144,253.31863324966025,-494.59131682997946,251.62931356118622,2.0568842830682597,9.401262448250948,0,1,7.284852504730225,1.8519444444444446
1413,141.301,-497.2802763195987,253.2407096059853,-494.49421395226,251.6107207468357,2.05654452226879,9.38794410874481,0,1,7.088091850280762,1.7638888888888888
1414,141.4,-497.1198158792384,253.1739179115198,-494.42429421843127,251.6040827542965,2.056232106599595,9.25937973581166,0,1,6.526548385620117,1.701111111111111
1415,141.501,-496.9660412905777,253.10712621705426,-494.3596274927818,251.59768835470157,2.0559491151291995,9.242441919352643,0,1,6.333457946777344,1.708888888888889
1416,141.6,-496.7988949985624,253.04033452258875,-494.3134124117084,251.60001331368795,2.0556790780440553,9.12350185836059,0,1,5.802511692047119,1.7761111111111112
1417,141.701,-496.62506285484744,252.9624108789138,-494.2724114398488,251.60300709760236,2.0554346151748257,9.069039534082062,0,1,5.415489673614502,1.88
1418,141.801,-496.4378590077925,252.87335528602944,-494.2644709781545,251.62090273026843,2.0552217682034777,8.886786236868272,0,1,4.371861457824707,2.0819444444444444
1419,141.901,-496.23059760566855,252.77316774472663,-494.27392517170324,251.64574263436515,2.055037741025799,8.830649325407244,0,1,4.062507629394531,2.2111111111111112
1420,142.001,-496.0166503518895,252.66184825342344,-494.27549384954324,251.6632997935879,2.054889710723062,8.757003146042045,0,1,3.5967655181884766,2.408055555555556
1421,142.101,-495.7759596914159,252.55052876291123,-494.2619534162101,251.67266661274115,2.054749237341408,8.722181053103087,0,1,3.3988704681396484,2.618055555555556
1422,142.2,-495.52189732751333,252.4280773231896,-494.22733777510655,251.67003486380145,2.05462168493445,8.671528471323644,0,1,3.158771514892578,2.8469444444444445
1423,142.3,-495.2477774086158,252.29449393425855,-494.16498145991466,251.65198558727064,2.054505540074017,8.654882054728791,0,1,3.0277299880981445,3.0349999999999993
1424,142.4,-494.9535999346344,252.13864664690863,-494.06325616017233,251.61059876838945,2.054413486231099,8.674153793105706,0,1,3.200181007385254,3.2738888888888886
1425,142.501,-494.6393649056431,251.96053546193093,-493.92145581302316,251.5440101574991,2.0543549853344887,8.677090840090417,0,1,3.114938735961914,3.5330555555555554
1426,142.601,-494.30507232158266,251.78242427616217,-493.75342800172695,251.4619196981974,2.0543100939690104,8.673153884939744,0,1,3.119574546813965,3.7969444444444447
1427,142.701,-493.9574080341825,251.593181141975,-493.5752380520812,251.37236719076986,2.054281511550907,8.60861428630813,0,1,2.594834327697754,3.9430555555555555
1428,142.801,-493.5963720434275,251.41506995699729,-493.38024249356647,251.27522989587456,2.054244537961168,8.625218649797706,0,1,2.764638900756836,4.041944444444444
1429,142.901,-493.215278497633,251.2146948736007,-493.1492551741364,251.1582841153645,2.054214366618431,8.622379187133744,0,1,2.744288444519043,4.245
1430,143.002,-492.8208132484394,251.02545173862256,-492.8809942831121,251.0240271533737,2.054168509160998,8.668152414222451,0,1,2.9905900955200195,4.3630555555555555
1431,143.1,-492.4129762958909,250.82507665522598,-492.58032853694715,250.87393400674858,2.054113877569329,8.66693620499802,0,1,3.1851930618286133,4.571944444444444
1432,143.2,-491.9917676400176,250.613569623411,-492.2372778789692,250.70192451082715,2.0540555233438997,8.726172739543069,0,1,3.47885799407959,4.7299999999999995
1433,143.301,-491.5505014290751,250.402062590805,-491.8623873594613,250.51524220462198,2.0539800731355897,8.760214724628401,0,1,3.537899971008301,4.864999999999999
1434,143.401,-491.1025493664626,250.190555558199,-491.46825029470114,250.3207358741965,2.053884321729633,8.801762063719323,0,1,3.74538516998291,4.963055555555556
1435,143.501,-490.6345397487958,249.97904852480204,-491.0580625827571,250.1214648106155,2.0537559552746085,8.792164460430072,0,1,3.643993377685547,5.119999999999999
1436,143.601,-490.14647257610443,249.767541492987,-490.6216304981398,249.95419985082313,2.0301614008973985,8.653018641868272,0,1,3.6533098220825195,5.298055555555556
1437,143.701,-489.64503370002865,249.54490251117159,-490.1924170555109,249.75404155228753,2.0300786520298013,8.641486378012113,0,1,3.5320587158203125,5.463055555555556
1438,143.8,-489.1235372689134,249.32226353014715,-489.7512787071395,249.55190120409466,2.0299735768815133,8.648118619789983,0,1,3.644346237182617,5.656944444444444
1439,143.901,-488.5886691344583,249.08849259912233,-489.2812380860553,249.33797339828354,2.0298525136025956,8.686648454079844,0,1,3.741715431213379,5.8119444444444435
1440,144.0,-488.03374344493403,248.8547216688885,-488.7984284139229,249.12141088106537,2.0297071985397097,8.682194426001798,0,1,3.7683334350585938,6.003055555555555
1441,144.1,-487.46544605207004,248.62095073786367,-488.28730180092384,248.89506844382498,2.02953198472089,8.734607873182288,0,1,4.046599388122559,6.141944444444444
1442,144.2,-486.8770911041515,248.39831175604826,-487.74168288886875,248.65871658651403,2.029304160814636,8.794096102428801,0,1,4.348536491394043,6.283888888888889
1443,144.3,-486.27536445286364,248.15340887660494,-487.1652100026867,248.41044495522002,2.0290425141194337,8.854958229141173,0,1,4.622094631195068,6.451111111111111
1444,144.4,-485.66026609825064,247.90850599716168,-486.56269578835736,248.1532202254557,2.028738302768604,8.91692222094337,0,1,4.871567249298096,6.609999999999999
1445,144.5,-485.03179604022347,247.66360311692745,-485.93834739108365,247.88962013281915,2.0283828809389925,8.977197290369089,0,1,5.087711811065674,6.709999999999999
1446,144.6,-484.3899542788715,247.4187002374842,-485.2916238999823,247.61981152806024,2.0279669583084265,9.059690592637702,0,1,5.387844085693359,6.85
1447,144.7,-483.734740814135,247.17379735724992,-484.6062353999052,247.33617924226195,2.027476605202032,9.24343986143671,0,1,6.076295852661133,6.983055555555556
1448,144.8,-483.0594697943592,246.92889447780667,-483.8689120677406,247.03315830861644,2.0268872663518716,9.469245956384155,0,1,6.809150695800781,7.180000000000001
1449,144.901,-482.3708270712434,246.672859649154,-483.08537658442754,246.7120842323672,2.026199288489133,9.685805114152675,0,1,7.364461898803711,7.3069444444444445
1450,145.001,-481.6688126447581,246.41682482050132,-482.26141538804063,246.3762851987248,2.0253925666897308,10.06462527990759,0,1,8.37415599822998,7.46
1451,145.101,-480.9534265149032,246.1607899910576,-481.3771244172294,246.01667253995893,2.024438690767105,10.525473612119804,0,1,9.430608749389648,7.6049999999999995
1452,145.201,-480.22466868167885,245.91588711161435,-480.4449543631039,245.64191008450197,2.0232843795735698,10.968161659691892,0,1,10.30650520324707,7.73
1453,145.301,-479.47585329344463,245.64872033296132,-479.46273364712994,245.2480234472425,2.02195548731371,11.63491131463409,0,1,11.536638259887695,7.885
1454,145.402,-478.7136662018113,245.38155355589015,-478.3600341928784,244.9220817105041,1.991961846661022,11.12671234874533,0,1,12.931867599487305,8.08
1455,145.5,-477.93810740682324,245.11438677802806,-477.28526427448236,244.50652529789323,1.9911562434057586,11.525329128466836,0,1,13.908795356750488,8.191111111111113
1456,145.601,-477.1558627601651,244.83608805016556,-476.1474221074405,244.06614399950942,1.9902575784632823,12.128144139559872,0,1,15.00260066986084,8.290000000000001
1457,145.7,-476.36024641013756,244.55778932388503,-475.01143979674674,243.63027253269712,1.9892495916293083,12.641437688815902,0,1,15.89330005645752,8.398055555555555
1458,145.8,-475.5579442084252,244.29062254681386,-473.8538581724125,243.1909399186454,1.9880910573886283,13.1370849250307,0,1,16.661640167236328,8.431944444444444
1459,145.9,-474.74227030338784,244.001191869742,-472.7125381766038,242.76131790229635,1.9868494811177058,13.361438951226656,0,1,16.906038284301758,8.658888888888889
1460,146.0,-473.91322469493645,243.711761194252,-471.6020323728953,242.34864770890013,1.9855220563427693,13.57669628820641,0,1,17.16471290588379,8.793888888888889
1461,146.101,-473.0708073831896,243.4223305179711,-470.4989284863715,241.94338062058196,1.9841038270941596,13.833499349557023,0,1,17.50066375732422,8.88
1462,146.201,-472.22839007136866,243.1217678932717,-469.41379140754015,241.54731079488562,1.9826577059851844,14.220027544759741,0,1,18.1249942779541,8.965
1463,146.301,-471.365915204538,242.82120526778135,-468.3278520061849,241.15377113540148,1.9811602355834201,14.42576401474626,0,1,18.439451217651367,9.083888888888888
1464,146.4,-470.5034403377072,242.49837874387217,-467.23000136250687,240.7531365314986,1.979712606572847,15.180487034875895,0,1,19.722225189208984,9.22888888888889
1465,146.5,-469.62090791583705,242.1866841691724,-466.1085731814338,240.34482557256297,1.9782305335895114,15.090431009236902,0,1,19.56416130065918,9.30611111111111
1466,146.6,-468.73837549395193,241.88612154447304,-465.0227464837471,239.9562102450274,1.9766890876237864,15.203475602655915,0,1,19.78287696838379,9.366111111111111
1467,146.701,-467.85584307208177,241.57442697056422,-463.94186319310614,239.57116210002022,1.975156090616465,15.258882231826544,0,1,19.90563201904297,9.393055555555554
1468,146.8,-466.9666247985267,241.26273239665542,-462.87435083473474,239.33260656387634,1.9567703970612795,13.400932043108435,0,1,19.65068817138672,9.353055555555555
1469,146.9,-466.08409237665654,240.95103782274663,-461.89331435798226,238.99036521430094,1.9561798268435517,13.156662602824614,0,1,19.166492462158203,9.406111111111109
1470,147.001,-465.1881882514465,240.62821129883744,-460.9557932239137,238.66510734807645,1.9555603944187736,12.948897605326161,0,1,18.530311584472656,9.473055555555556
1471,147.1,-464.2922841261919,240.31651672492862,-460.0837876472508,238.36725992385192,1.954886793870924,12.888879742939409,0,1,18.348621368408203,9.49611111111111
1472,147.2,-463.40306585263687,239.99369020101943,-459.18556402413776,238.05693435271738,1.9542144566123105,13.098835965575969,0,1,18.76007080078125,9.491111111111111
1473,147.3,-462.51384757906703,239.68199562631972,-458.29064351132405,237.74852731614442,1.9535096845884403,12.94104113366942,0,1,18.29204559326172,9.386111111111111
1474,147.4,-461.6179434538273,239.37030105320187,-457.42139464182435,237.45141306321185,1.9527736879016468,12.887286789787769,0,1,18.083694458007812,9.48388888888889
1475,147.5,-460.72872518028714,239.03634258087425,-456.568621867457,237.15682703928277,1.9520970061287934,12.791387045800516,0,1,17.779510498046875,9.538055555555557
1476,147.6,-459.8328210550326,238.70238410854662,-455.72844639190845,236.86434912277844,1.951462578058156,12.733817160628133,0,1,17.572669982910156,9.53888888888889
1477,147.7,-458.9369169297928,238.34616173780017,-454.8816138187356,236.5624364896322,1.9509363111133926,12.822728253538662,0,1,17.717050552368164,9.621944444444445
1478,147.8,-458.041012804553,237.97880741784425,-454.0774932823519,236.26975454933404,1.9505378133098321,12.260362613451347,0,1,16.26979637145996,9.711944444444445
1479,147.9,-457.1451086792984,237.61145309867936,-453.3457980665737,235.999384486498,1.9502457484734468,11.963127897792143,0,1,15.469484329223633,9.69
1480,148.0,-456.2358328507337,237.23296682951406,-452.62098770893846,235.7251513133702,1.9500576353576327,11.92541189512576,0,1,15.349390029907227,9.834999999999999
1481,148.101,-455.3265570221392,236.84334861193034,-451.8543068797434,235.45285423756968,1.9463019596119775,11.170114137512318,0,1,15.260815620422363,9.938888888888888
1482,148.2,-454.4039094901752,236.45373039434656,-451.07288426254013,235.1432986887795,1.9463832161276395,11.334285224056057,0,1,15.858779907226562,10.045
1483,148.301,-453.48126195822607,236.04184827834402,-450.22453965786997,234.79888276200865,1.946565195684146,11.393908729786691,0,1,15.791473388671875,10.049999999999999
1484,148.401,-452.55861442626207,235.64109811155086,-449.40097750138426,234.45913823463835,1.9468035753061543,11.27333154772827,0,1,15.226049423217773,10.11
1485,148.501,-451.6225951909285,235.2292159955483,-448.6016783130206,234.12366527922916,1.947102997802034,11.159770011458985,0,1,14.697453498840332,10.168888888888889
1486,148.601,-450.67989010391017,234.8173338787547,-447.80337868195454,233.784668423866,1.9474465167148716,11.177581412360498,0,1,14.60041618347168,10.335
1487,148.7,-449.73049916523684,234.39431981433373,-446.996881712389,233.43765288566206,1.9478487195488492,11.19714688897077,0,1,14.550817489624023,10.421111111111111
1488,148.801,-448.7677365232087,233.97130574912174,-446.1385897872878,233.06700325955052,1.948289318488123,11.324564715972079,0,1,14.720582962036133,10.501111111111111
1489,148.9,-447.8116597328357,233.52602778549092,-445.2752860449413,232.68727438579154,1.948827595726127,11.407096381772202,0,1,14.847757339477539,10.561944444444444
1490,149.003,-446.8355253874381,233.0918817718605,-444.3361046539962,232.2747077882092,1.9494030105993292,11.590409970362366,0,1,15.068790435791016,10.673055555555555
1491,149.101,-445.85270519035566,232.6466038098116,-443.4474421706074,231.87873563393993,1.9500272402327332,11.518961004217745,0,1,14.82180404663086,10.796111111111111
1492,149.2,-444.86988499325844,232.19019389697138,-442.55224814792484,231.4751513259167,1.950722907197633,11.456444794898268,0,1,14.533025741577148,10.821944444444446
1493,149.3,-443.88037894447643,231.75604788254998,-441.65300729209093,231.0163444239628,1.959939064224482,10.891775061279782,0,1,14.724761009216309,10.841111111111111
1494,149.4,-442.8908728957241,231.29963797050073,-440.74268685343054,230.60337314382713,1.960371241091412,10.7280073695031,0,1,14.054746627807617,10.858888888888888
1495,149.5,-441.8879951435874,230.84322805845147,-439.792305892696,230.17206609880003,1.9608379271039884,11.189506830065145,0,1,15.38119888305664,11.021944444444445
1496,149.6,-440.8717456880663,230.39795009482063,-438.79765712581724,229.72414088845377,1.961298185623807,11.129480299103548,0,1,14.92760944366455,11.124999999999998
1497,149.7,-439.8554962326046,229.94154018277135,-437.8197060645685,229.28239593838558,1.9617778893961049,11.183724468205398,0,1,14.86623764038086,11.168888888888889
1498,149.8,-438.8258750737585,229.48513027072207,-436.85512709753897,228.846608813889,1.9622593231202465,11.09365621416065,0,1,14.369865417480469,11.235
1499,149.9,-437.7895680632128,229.0175884094634,-435.88599282073324,228.40781358519027,1.962762478999343,11.259925537198194,0,1,14.688207626342773,11.408055555555556
1500,150.0,-436.74657520099703,228.55004654820473,-434.52793135214785,227.84645189333747,1.962762478999343,13.192217495844,0,0,14.70197868347168,11.436944444444444
1501,150.1,-435.7102681904811,228.0825046861551,-433.17080789942435,227.2854779351312,1.962762478999343,15.158086747975258,0,0,14.667909622192383,11.378055555555557
1502,150.201,-434.65390362489586,227.60383087647793,-431.8025108605733,226.71988531763884,1.962762478999343,17.20267498939225,0,0,14.650604248046875,11.546944444444446
1503,150.3,-433.5908532076407,227.1362890144283,-430.4519889283803,226.16164013189226,1.962762478999343,19.352575068849564,0,0,14.871641159057617,11.67
1504,150.401,-432.5144310870013,226.64648325554177,-429.04821265729083,225.58138199130178,1.962762478999343,21.669812630219845,0,0,15.207086563110352,11.773888888888889
1505,150.501,-431.4446948180762,226.16780944507366,-427.5992417853641,224.98244243004143,1.962762478999343,24.33332833560519,0,0,16.150497436523438,11.741944444444444
1506,150.601,-430.3682726974664,225.67800368539616,-426.14285649003523,224.38043807873908,1.962762478999343,26.305809772698005,0,0,15.367544174194336,11.873888888888889
1507,150.7,-429.2717930217874,225.1770659765092,-424.76097516390166,223.8092303262411,1.962762478999343,28.404568380182166,0,0,14.840213775634766,12.001944444444444
1508,150.8,-428.17531334613807,224.67612826841327,-423.39964266024924,223.24651653518828,1.962762478999343,30.71091510558381,0,0,14.620763778686523,12.093888888888888
1509,150.9,-427.0721478187892,224.1751905603173,-422.03474144864504,222.68232760035147,1.962762478999343,33.324708915917824,0,0,14.917445182800293,12.133055555555556
1510,151.0,-425.95561058808556,223.6742528514304,-420.65737758775333,222.11298716534236,1.962762478999343,35.8666605979369,0,0,14.890471458435059,12.245
1511,151.1,-424.8323875056824,223.16218319333402,-419.29414177025564,221.5494866297238,1.962762478999343,38.34505949407308,0,0,14.611696243286133,12.278055555555556
1512,151.2,-423.7158502749788,222.66124548523808,-417.9372052513224,220.98858994156103,1.962762478999343,41.10262008726228,0,0,14.754146575927734,12.328055555555554
1513,151.3,-422.5792554892505,222.16030777635115,-416.5649115177994,220.42134526977296,1.962762478999343,43.978542839055486,0,0,14.944046020507812,12.423055555555555
1514,151.4,-421.4426607034926,221.63710616983633,-415.1546280083207,219.83839732873074,1.962762478999343,47.22527424678084,0,0,15.5762939453125,12.541944444444445
1515,151.5,-420.2926942143949,221.11390456253056,-413.7125148126235,219.24229242320558,1.962762478999343,50.273471058050035,0,0,15.632881164550781,12.621944444444441
1516,151.6,-419.1293560219276,220.60183490443424,-412.2742097429083,218.6477616261384,1.962762478999343,53.29339434745006,0,0,15.493881225585938,12.718055555555555
1517,151.7,-417.9727036811153,220.06750134950101,-410.8387530558895,218.05440822270663,1.962762478999343,56.534971190522086,0,0,15.57123851776123,12.778888888888888
1518,151.8,-416.80267963696326,219.55543169140464,-409.43134745424584,217.47264987966767,1.962762478999343,59.36778145548469,0,0,14.886819839477539,12.81388888888889
1519,151.9,-415.6192838894565,219.03223008568085,-408.0506757201743,216.9019421182689,1.962762478999343,62.7463655820163,0,0,14.992683410644531,12.908055555555556
1520,152.0,-414.42920229027976,218.5090284783751,-406.6753219483696,216.33343256392078,1.962762478999343,66.00601436335565,0,0,14.771732330322266,13.023055555555556
1521,152.1,-413.2458065427433,217.97469492265085,-405.3275917203013,215.77634134343054,1.962762478999343,69.22060599466465,0,0,14.394874572753906,13.001944444444444
1522,152.201,-412.06241079523653,217.45149331613607,-403.9819778506679,215.22012493058273,1.962762478999343,72.80682863256143,0,0,14.437606811523438,12.976111111111111
1523,152.301,-410.87232919604503,216.9282917096213,-402.6492228612122,214.66922380198332,1.962762478999343,76.40156131133699,0,0,14.404916763305664,13.005
1524,152.401,-409.6755617451687,216.40509010310652,-401.33155715672626,214.124559906923,1.962762478999343,79.89434328450548,0,0,14.111055374145508,13.075
1525,152.501,-408.47879429429236,215.8707565465913,-400.0249717962167,213.5844761290261,1.962762478999343,83.69283590377556,0,0,14.16512393951416,13.10388888888889
1526,152.6,-407.28871269510086,215.34755494007652,-398.71738014890445,213.04397639730445,1.962762478999343,87.71136158359766,0,0,14.418670654296875,13.043055555555554
1527,152.7,-406.0919452442245,214.81322138356134,-397.38864115122243,212.49473529955696,1.962762478999343,91.65229148064066,0,0,14.336941719055176,13.09388888888889
1528,152.801,-404.88849194166346,214.301151726256,-396.0459693078907,211.93973498841035,1.962762478999343,95.86565107973057,0,0,14.432500839233398,13.091111111111111
1529,152.901,-403.6850386391172,213.77795011974118,-394.73805320089394,211.39910113960957,1.962762478999343,99.62227410573502,0,0,13.872477531433105,13.163888888888888
1530,153.001,-402.4615277815166,213.26588046164483,-393.453357381799,210.8680655162236,1.962762478999343,103.88071601705133,0,0,13.929984092712402,13.25111111111111
1531,153.101,-401.2513886272707,212.73154690592065,-392.16992202173316,210.33755091005924,1.962762478999343,108.13382654801396,0,0,13.845199584960938,13.22111111111111
1532,153.2,-400.0345636213252,212.21947724861528,-390.90644704372295,209.81528703046408,1.962762478999343,112.4376329219389,0,0,13.774209976196289,13.203888888888889
1533,153.3,-398.7976810603997,211.69627564210046,-389.6302420376478,209.28776112830394,1.962762478999343,116.9976134092242,0,0,13.844499588012695,13.421111111111111
1534,153.4,-397.5541126477449,211.18420598400414,-388.3551509665916,208.76069567691235,1.962762478999343,121.53327028739155,0,0,13.750102996826172,13.48111111111111
1535,153.5,-396.31054423510477,210.67213632669876,-387.0791003725868,208.23323360177557,1.962762478999343,126.34266146999632,0,0,13.865264892578125,13.411944444444444
1536,153.601,-395.06697582249444,210.1711986178118,-385.8060507286882,207.7070119847976,1.962762478999343,130.821078435035,0,0,13.412382125854492,13.395
1537,153.701,-393.81003570647005,209.6702609089249,-384.5529818418351,207.18904951649566,1.962762478999343,135.93130877071567,0,0,13.705632209777832,13.578888888888887
1538,153.8,-392.539723887091,209.1581912516195,-383.29808601033164,206.67033187122743,1.962762478999343,140.92336740969438,0,0,13.726238250732422,13.668055555555554
1539,153.9,-391.2827837710962,208.6572535427326,-382.0056982755958,206.13611675495554,1.962762478999343,146.5763054452947,0,0,14.24268627166748,13.556944444444444
1540,154.0,-390.03252950678626,208.16744778384603,-380.6906273020159,205.59252540525864,1.962762478999343,151.954021728542,0,0,14.217132568359375,13.508055555555554
1541,154.1,-388.7689035390919,207.66651007495912,-379.3480686884735,205.03757189822772,1.962762478999343,158.1327615252823,0,0,14.837553977966309,13.59388888888889
1542,154.2,-387.4985917197277,207.1767043152816,-378.00308799998726,204.48161721406322,1.962762478999343,163.3585969744735,0,0,14.269549369812012,13.623055555555554
1543,154.301,-386.22827990036336,206.69803050481352,-376.6820462655216,203.9355578196495,1.962762478999343,168.97125340709496,0,0,14.03642463684082,13.581944444444446
1544,154.401,-384.9713397843538,206.21935669434544,-375.35707379422234,203.38787363495175,1.962762478999343,175.49481277523745,0,0,14.637675285339355,13.491944444444446
1545,154.5,-383.71439966835914,205.7518148330867,-374.03038578147016,202.83948032237222,1.962762478999343,181.31304508878384,0,0,14.363563537597656,13.413888888888888
1546,154.6,-382.45745955236436,205.28427297261902,-372.69126680254857,202.2859486060002,1.962762478999343,187.8458025121931,0,0,14.616684913635254,13.463888888888889
1547,154.7,-381.19383358468485,204.83899500977915,-371.33219447031723,201.72416906842724,1.962762478999343,194.52748973547537,0,0,14.795379638671875,13.418055555555554
1548,154.8,-379.9435793203749,204.39371704535736,-369.9878563722429,201.16848000231406,1.962762478999343,200.61718547440353,0,0,14.29781723022461,13.27
1549,154.9,-378.70669675939,203.94843908251752,-368.6415994045411,200.61199776157255,1.962762478999343,207.9223464091367,0,0,14.836906433105469,13.151944444444444
1550,155.0,-377.4497566433953,203.51429306809612,-367.301077012037,200.05788593697912,1.962762478999343,214.11105710346752,0,0,14.173713684082031,13.301944444444445
1551,155.1,-376.1995023790705,203.09127900367508,-365.98979191041644,199.5158594969255,1.962762478999343,221.049810306087,0,0,14.204174041748047,13.245000000000001
1552,155.201,-374.96261981810034,202.65713298925368,-364.6652572735725,198.9683562933514,1.962762478999343,228.14850535394777,0,0,14.176642417907715,13.145
1553,155.301,-373.7324231088299,202.22298697483228,-363.34553371096916,198.42284177205568,1.962762478999343,235.610546282672,0,0,14.383864402770996,13.049999999999999
1554,155.401,-372.48885469618983,201.78884096120186,-362.027321130402,197.87795182295486,1.962762478999343,242.74060795149796,0,0,14.143942832946777,13.173055555555555
1555,155.5,-371.23860043186505,201.35469494678046,-360.74250432081305,197.34686618752602,1.962762478999343,249.89588434643784,0,0,13.941996574401855,13.226944444444444
1556,155.601,-370.001717870895,200.93168088235947,-359.4389459251418,196.80803362111124,1.962762478999343,257.5906218717231,0,0,13.989361763000488,13.091944444444444
1557,155.701,-368.7715211616245,200.49753486793804,-358.1389327283614,196.2706664808892,1.962762478999343,265.52513280465575,0,0,14.144587516784668,13.073055555555555
1558,155.801,-367.52795274896965,200.0522569050982,-356.8378086812784,195.732840164982,1.962762478999343,273.30438854991786,0,0,14.013401985168457,13.163888888888888
1559,155.901,-366.30444189138393,199.6069789406764,-355.53571422660553,195.19461272610724,1.962762478999343,281.56624673116215,0,0,14.16558837890625,13.063888888888888
1560,156.001,-365.07424518209854,199.15056902941814,-354.25460064414585,194.66505783865614,1.962762478999343,289.02229304445734,0,0,13.559349060058594,13.14888888888889
1561,156.1,-363.83067676945853,198.6830271681594,-352.99862509549746,194.14589388675358,1.962762478999343,297.54965348510916,0,0,13.896123886108398,13.28
1562,156.2,-362.5937942084885,198.20435335769133,-351.7323018449592,193.62245265906165,1.962762478999343,305.48080494978456,0,0,13.508731842041016,13.256944444444445
1563,156.3,-361.37028335088786,197.7034156495954,-350.48448979892817,193.1066631329469,1.962762478999343,313.8918611877229,0,0,13.49551773071289,13.178055555555556
1564,156.4,-360.1467724933022,197.21360988991785,-349.23292100947083,192.58932073761775,1.962762478999343,322.6032443069367,0,0,13.590032577514648,13.195
1565,156.5,-358.9098899323469,196.72380413024035,-347.9637509626615,192.0647027720475,1.962762478999343,331.80515213180803,0,0,13.876431465148926,13.274999999999999
1566,156.6,-357.6730073713768,196.24513031977224,-346.6750606126028,191.53201598874577,1.962762478999343,341.11380054728994,0,0,14.012476921081543,13.223888888888888
1567,156.7,-356.43612481040674,195.73306066167592,-345.3751915601948,190.99470843134134,1.962762478999343,350.62738101557755,0,0,14.118352890014648,13.398055555555555
1568,156.801,-355.18587054609674,195.23212295357993,-344.04129216357364,190.44333425615494,1.962762478999343,360.8537962194433,0,0,14.463122367858887,13.441944444444445
1569,156.901,-353.92893043007234,194.75344914390283,-342.70366724481755,189.89042011723552,1.962762478999343,370.86277953341386,0,0,14.484792709350586,13.495
1570,157.001,-352.67199031409245,194.2413794850155,-341.3636563422953,189.33651971965642,1.962762478999343,381.0896228938508,0,0,14.514758110046387,13.533055555555556
1571,157.1,-351.4217360497677,193.72930982771013,-340.00915692043225,188.7766304181004,1.962762478999343,392.3413473588547,0,0,15.09443473815918,13.541944444444445
1572,157.2,-350.16479593378784,193.20610822119534,-338.5875821164699,188.18901516241775,1.962762478999343,404.30276693476054,0,0,15.670263290405273,13.635000000000002
1573,157.3,-348.9011699660786,192.67177466547113,-337.15304608497763,187.59604231668234,1.962762478999343,415.32000447484154,0,0,15.374932289123535,13.733055555555554
1574,157.4,-347.61080059166,192.14857305816537,-335.7411076253595,187.01241029348938,1.962762478999343,426.5526846333519,0,0,15.181222915649414,13.896944444444445
1575,157.5,-346.3271170689559,191.62537145165058,-334.35060688439523,186.43763966154572,1.962762478999343,437.7419508561508,0,0,14.910992622375488,13.863888888888887
1576,157.6,-345.0367476945373,191.1021698451358,-332.9885958754231,185.87464540682976,1.962762478999343,448.83168153128526,0,0,14.564668655395508,13.91388888888889
1577,157.7,-343.7463783201336,190.5678362894116,-331.64680557650405,185.3200094865995,1.962762478999343,460.3438356749587,0,0,14.473390579223633,13.95611111111111
1578,157.8,-342.44932309405993,190.03350273368738,-330.2939314963537,184.76079202839878,1.962762478999343,472.75933676363564,0,0,14.804535865783691,14.008888888888889
1579,157.9,-341.1522678679566,189.48803722875374,-328.9181059833363,184.19208747739447,1.962762478999343,485.3371303871372,0,0,14.970088958740234,14.13111111111111
1580,158.0,-339.84184093851337,188.94257172382012,-327.52564195283367,183.61650530962388,1.962762478999343,498.3220411424557,0,0,15.1646146774292,14.203888888888887
1581,158.1,-338.53809986074015,188.3859742696771,-326.1225432316838,183.03652723778524,1.962762478999343,511.38467059251775,0,0,15.200237274169922,14.191944444444445
1582,158.2,-337.22767293128203,187.80711291711523,-324.6977535366956,182.44758309036445,1.962762478999343,525.4995064406858,0,0,15.634035110473633,14.316944444444443
1583,158.3,-335.91724600183886,187.2171196161349,-323.2628042413927,181.8544394199077,1.962762478999343,538.9151372843048,0,0,15.420104026794434,14.416944444444445
1584,158.4,-334.593447369041,186.62712631515458,-321.82856910191396,181.2615909494334,1.962762478999343,553.243495097341,0,0,15.618579864501953,14.473055555555556
1585,158.5,-333.2830204395829,186.0148691165464,-320.3769788654208,180.66156866035945,1.962762478999343,567.9530222595048,0,0,15.795690536499023,14.46888888888889
1586,158.6,-331.9659076584401,185.39147996793784,-318.9213920708649,180.0598943734579,1.962762478999343,582.5148193620073,0,0,15.705070495605469,14.578055555555556
1587,158.7,-330.6487948773121,184.77922276774774,-317.4604401619546,179.45600238894778,1.962762478999343,597.8971972070383,0,0,15.911798477172852,14.6
1588,158.8,-329.3116245411446,184.1447016707207,-315.94949426066677,178.83144513059372,1.962762478999343,615.2311406121808,0,0,16.787004470825195,14.74388888888889
1589,158.9,-327.9744542049624,183.5101805736937,-314.3760227522783,178.18104259100596,1.962762478999343,632.8047054119615,0,0,17.26493263244629,14.84388888888889
1590,159.0,-326.6439697204797,182.8645275266663,-312.7588578280309,177.51257915327903,1.962762478999343,651.1468448142618,0,0,17.732585906982422,14.786944444444444
1591,159.101,-325.31348523598217,182.21887447884794,-311.07264836721936,176.81557580130098,1.962762478999343,670.9849227416715,0,0,18.39784049987793,14.84111111111111
1592,159.2,-323.96962904813,181.55095753498364,-309.37462128886517,176.11368757633943,1.962762478999343,690.623339883984,0,0,18.7208251953125,14.966111111111111
1593,159.3,-322.619087008593,180.8941725395378,-307.5657659423123,175.36598791678233,1.962762478999343,714.9561686399421,0,0,20.425119400024414,15.004999999999999
1594,159.4,-321.2551732657014,180.2485194925104,-305.61330516729544,174.55892821487708,1.962762478999343,740.9069627468814,0,0,21.828630447387695,15.128888888888888
