row,t,ref_E,ref_N,ekf_E,ekf_N,ekf_psi_rad,cov_trace,in_outage,gnss_used,gru_speed,ref_speed
3380,338.0,-1424.3538420920404,549.7401733335403,-1424.3538420920404,549.7401733335403,4.3044008144384955,33.121846967914685,0,1,12.166778564453125,12.703055555555556
3381,338.1,-1425.5506095429168,549.2169717270255,-1425.523891514561,549.2323717376968,4.30439006220116,36.66968467007693,0,1,12.480539321899414,12.953055555555554
3382,338.2,-1426.7406911421233,548.7494298657668,-1426.7094209803104,548.7320662448055,4.304623014341525,34.97813950250346,0,1,13.088420867919922,12.83
3383,338.3,-1427.8839717795513,548.226228259252,-1427.9107630073363,548.2135028044504,4.304635949814477,33.3814665207497,0,1,13.263301849365234,12.60388888888889
3384,338.401,-1429.0606816753732,547.7586863972024,-1429.1474214524624,547.6894520348825,4.305093744092862,33.74894239772046,0,1,13.89908218383789,12.698888888888888
3385,338.5,-1430.2240198678553,547.2688806383159,-1430.3605000421614,547.1766009232543,4.305648324743519,30.977647502809532,0,1,13.500201225280762,12.671111111111113
3386,338.6,-1431.3539288019138,546.7011512349635,-1431.5532275211056,546.651388465969,4.304993231890132,29.456874482139682,0,1,13.485236167907715,12.686111111111112
3387,338.7,-1432.4838377359868,546.267005220542,-1432.7237841894382,546.1504137222819,4.30523726472445,27.10698730571636,0,1,13.13729476928711,12.306111111111111
3388,338.8,-1433.6806051868632,545.8217272577022,-1433.8823196149158,545.6711800687609,4.306426109758548,25.341420603080707,0,1,12.965178489685059,12.571111111111112
3389,338.9,-1434.8573150826849,545.3096576003968,-1435.0264345101457,545.193332806128,4.307219315188158,23.441166471651588,0,1,12.6600923538208,12.79888888888889
3390,339.0,-1436.034024978507,544.8866435359757,-1436.1746337077936,544.7634832575006,-1.9682211001019576,13.711804978770173,0,1,12.552576065063477,12.541111111111112
3391,339.101,-1437.1906773193193,544.4191016739262,-1437.3163624300294,544.30027434527,-1.9678166502710461,13.469739331776585,0,1,12.48713207244873,12.53111111111111
3392,339.201,-1438.3740730668114,543.9738237110863,-1438.4603995340537,543.8434931967515,-1.9672318473420283,13.479346652270987,0,1,12.664017677307129,12.538888888888888
3393,339.301,-1439.4170659290419,543.3726984601055,-1439.5921933229388,543.3559120363981,-1.9675940345231266,13.374470505578877,0,1,12.648018836975098,12.26
3394,339.401,-1440.5269173080608,542.8383649043814,-1440.725800099288,542.8562250663737,-1.9682344003494148,13.401322394435413,0,1,12.822206497192383,12.273055555555555
3395,339.501,-1441.6969413522127,542.3374271962854,-1441.8750115798393,542.3520258838388,-1.9687966567022994,13.369578443221364,0,1,12.89811897277832,12.52111111111111
3396,339.6,-1442.7934210278916,541.8030936397702,-1443.0174547245988,541.8398277932474,-1.969613966804938,13.439622950445239,0,1,13.150322914123535,12.351944444444444
3397,339.701,-1443.9567592203439,541.3244198293021,-1444.1899847773795,541.3222516382715,-1.9702118492271943,13.33126426935154,0,1,13.064866065979004,12.443055555555556
3398,339.801,-1445.1067257094714,540.7900862735779,-1445.3424270038518,540.8073211456259,-1.9709302540644575,13.21428925458146,0,1,13.000190734863281,12.65388888888889
3399,339.901,-1446.1497185716723,540.2557527186447,-1446.4687986508566,540.2897653926939,-1.9719567838227656,13.067564412747053,0,1,12.8798189163208,11.975
3400,340.001,-1447.2662558023758,539.7214191621296,-1447.5639516045835,539.7193712121726,-1.9830474083239011,11.41881102272505,0,1,12.81369400024414,12.23611111111111
3401,340.101,-1448.3894788847792,539.1870856064053,-1448.670717249414,539.2038779185773,-1.9835717587832105,11.28808336776838,0,1,12.579113006591797,12.368888888888888
3402,340.2,-1449.4859585604431,538.6861478975184,-1449.7600398311542,538.6972479318981,-1.9840623644046498,11.316308796660834,0,1,12.657793998718262,12.08
3403,340.3,-1450.6225533461864,538.2297379854691,-1450.877788510956,538.1906857950833,-1.9843324737404269,11.416526697391621,0,1,12.858831405639648,12.163888888888888
3404,340.401,-1451.7658339835994,537.7955919718387,-1452.0239704302473,537.6867540734294,-1.9843414331476306,11.519414929728923,0,1,13.020988464355469,12.171111111111111
3405,340.501,-1452.889057065958,537.3614459574173,-1453.1567029387095,537.1997446160433,-1.9841625087809651,11.471175416303236,0,1,12.852384567260742,11.910000000000002
3406,340.601,-1454.0256518517308,536.8382443509025,-1454.3073672920546,536.6986948298902,-1.9840940903050635,11.749073570346734,0,1,13.47743034362793,12.31111111111111
3407,340.701,-1455.1355032307943,536.348438591225,-1455.4754521969792,536.1888580823737,-1.9840468458849976,11.778666079454732,0,1,13.482051849365234,12.051111111111108
3408,340.8,-1456.252040461483,535.9142925768036,-1456.621964640105,535.6983756947161,-1.98382667288967,11.749436834249508,0,1,13.388715744018555,11.861944444444445
3409,340.901,-1457.3418342854623,535.4801465631732,-1457.7617364639311,535.216990793545,-1.9835025017677572,11.630800663339219,0,1,13.009737014770508,11.683055555555555
3410,341.002,-1458.4316281093973,535.0571324987521,-1458.8890949313852,534.7753097437607,-1.9785590796092505,10.811538043163523,0,1,13.01435661315918,11.54
3411,341.1,-1459.5414794884605,534.5561947890743,-1459.9498176381421,534.3282766349276,-1.9784122725276072,10.571570601323272,0,1,12.329935073852539,11.803055555555558
3412,341.2,-1460.664702570834,534.0886529278156,-1461.005890941787,533.8846520866683,-1.978248554619896,10.550559551040248,0,1,12.118253707885742,11.915
3413,341.3,-1461.7745539498526,533.6211110665569,-1462.0598779710258,533.4419747290376,-1.978085242536345,10.566078585584233,0,1,12.04568862915039,11.838888888888889
3414,341.401,-1462.871033625532,533.1313053076703,-1463.1324890568608,532.9862814185761,-1.9779908644529165,10.660736638999868,0,1,12.184825897216797,11.85388888888889
3415,341.5,-1464.0210001146295,532.6637634456207,-1464.2015309435558,532.5360818684228,-1.977841725670932,10.656083706577308,0,1,12.10221004486084,12.113888888888889
3416,341.6,-1465.1174797902936,532.1628257375247,-1465.289018333387,532.0711162084197,-1.9777884088675197,10.765471502799146,0,1,12.309932708740234,11.963888888888889
3417,341.7,-1466.2340170209975,531.6618880286378,-1466.3996488294695,531.5920251418689,-1.9777940429619851,10.901556560110642,0,1,12.584220886230469,12.09
3418,341.8,-1467.3238108449766,531.1498183713325,-1467.5290962531174,531.0972571837953,-1.9779096051954559,11.057614587398076,0,1,12.895401000976562,12.03611111111111
3419,341.901,-1468.413604668971,530.6266167648176,-1468.6839169178716,530.583142399598,-1.9781503938419192,11.219780794577277,0,1,13.1641206741333,12.056111111111111
3420,342.0,-1469.5368277513446,530.1034151583028,-1469.8254495986894,530.0536374153127,-1.9814138257679055,10.631074864260539,0,1,13.372801780700684,12.265
3421,342.1,-1470.619935723654,529.580213550997,-1470.9908510605997,529.5236629335799,-1.9816839381065228,10.73977434919057,0,1,13.646932601928711,12.13111111111111
3422,342.2,-1471.743158806057,529.0458799952728,-1472.1624144911764,528.9864979319818,-1.9820124115428437,10.833567999267949,0,1,13.721247673034668,12.328055555555554
3423,342.3,-1472.8596960367754,528.5449422863859,-1473.3382033162627,528.4491897365834,-1.9823232209758361,10.990591785355194,0,1,13.995046615600586,12.258055555555554
3424,342.402,-1473.9695474157795,528.0106087306617,-1474.543538781133,527.8937876379816,-1.9827064032757513,11.167640031315,0,1,14.225957870483398,12.306944444444444
3425,342.5,-1475.126199756562,527.4762751757286,-1475.713232568228,527.3534243963956,-1.983101077100448,11.263143807796066,0,1,14.405184745788574,12.628888888888888
3426,342.6,-1476.2828520973446,526.9642055176322,-1476.9227032658641,526.799117278295,-1.983451768019362,11.462208745612653,0,1,14.750115394592285,12.608055555555556
3427,342.7,-1477.4194468830876,526.4410039103263,-1478.1330001808792,526.2437266013698,-1.983815575318461,11.533889742155813,0,1,14.744121551513672,12.60611111111111
3428,342.8,-1478.5760992238702,525.9400662022305,-1479.3488638601605,525.6909459729055,-1.9841066770361813,11.747301481623545,0,1,15.125137329101562,12.549999999999999
3429,342.9,-1479.7193798612977,525.4168645957157,-1480.5760070764272,525.1323135529751,-1.9844129116489602,11.906616456339558,0,1,15.354172706604004,12.583888888888888
3430,343.0,-1480.8693463504255,524.871399090782,-1481.8514820112186,524.5200676621707,-1.9891406238464033,11.709877907794716,0,1,16.995136260986328,12.671111111111113
3431,343.1,-1482.052742097947,524.3704613811041,-1483.1549328694418,523.92993195143,-1.9892608952637787,11.507902114618178,0,1,16.260530471801758,12.665
3432,343.201,-1483.222766142099,523.8249958769615,-1484.3920619712867,523.3662475751532,-1.9894224555890312,11.369289392624943,0,1,15.52752685546875,12.79111111111111
3433,343.301,-1484.399476037921,523.3017942712377,-1485.5921254378243,522.8212564518342,-1.9895574218177896,11.554401455458802,0,1,15.86516284942627,12.764999999999997
3434,343.4,-1485.5828717854279,522.7674607147225,-1486.789581211543,522.2777957626282,-1.9896901049311095,11.606624543471492,0,1,15.839354515075684,12.793055555555554
3435,343.5,-1486.7462099779102,522.2553910566261,-1488.0270899435334,521.7192340297047,-1.989786527792294,12.016576519400848,0,1,16.743032455444336,12.628888888888888
3436,343.6,-1487.9296057254314,521.7321894501113,-1489.3028798847506,521.1455102583344,-1.9898576440584812,12.232269306900466,0,1,17.073627471923828,12.776944444444444
3437,343.7,-1489.092943917899,521.1978558943871,-1490.546204221,520.5841173726553,-1.9899619420271513,12.045135483774628,0,1,16.379165649414062,12.705
3438,343.8,-1490.2696538137359,520.6412584402441,-1491.7031807428482,520.0563892948597,-1.990139113685237,11.633838953740998,0,1,15.106216430664062,12.80888888888889
3439,343.9,-1491.4396778578878,520.0957929353104,-1492.8176129488365,519.5451466358271,-1.9903523980347217,11.717506707103134,0,1,15.214994430541992,12.756944444444443
3440,344.0,-1492.60970190204,519.5391954811674,-1493.938722544714,519.0169791563496,-1.9920787502182928,11.027651167826887,0,1,15.145977020263672,12.811944444444446
3441,344.1,-1493.7797259461775,519.0159938746526,-1495.0397629978324,518.5106087538438,-1.9922300273973828,10.831834394360824,0,1,14.398036003112793,12.681944444444444
3442,344.201,-1494.9430641386446,518.470528369719,-1496.1431337479626,518.0009009002711,-1.9924102533568904,10.980566292003205,0,1,14.662267684936523,12.711944444444445
3443,344.3,-1496.1264598861515,517.9361948139948,-1497.2335526423687,517.4988226587359,-1.9925684004955628,10.91183694816917,0,1,14.285321235656738,12.801111111111112
3444,344.4,-1497.2964839303183,517.4018612582705,-1498.3326155865566,516.9932771436369,-1.992722002015634,10.964700892174092,0,1,14.26034164428711,12.696111111111112
3445,344.5,-1498.4731938261402,516.8675277025463,-1499.4432618043768,516.4834181893386,-1.9928648019949453,11.023646876582928,0,1,14.257533073425293,12.835
3446,344.6,-1499.6365320186223,516.3665899936594,-1500.5532416055448,515.9795657531491,-1.9929325686290351,11.006130079436986,0,1,14.013566970825195,12.57
3447,344.7,-1500.8065560627745,515.8433883871446,-1501.6762315690914,515.4711530677544,-1.9929837970119595,11.168854904916236,0,1,14.340923309326172,12.676944444444445
3448,344.8,-1501.9899518102961,515.375846525886,-1502.8298165092963,514.9612770448383,-1.9928669604269666,11.299393667789273,0,1,14.545378684997559,12.643888888888888
3449,344.9,-1503.166661706148,514.9083046646273,-1503.9937279502278,514.4565303620956,-1.9926136938155796,11.346875461501993,0,1,14.501363754272461,12.478055555555557
3450,345.0,-1504.3366857502701,514.4296308549501,-1505.178382803097,513.9628582708779,-1.9899243493268215,10.884853006700336,0,1,14.909611701965332,12.555
3451,345.1,-1505.5334532011464,513.97322094211,-1506.3701576653582,513.4620067152476,-1.9895762007069493,10.871494503388607,0,1,14.743456840515137,12.696944444444444
3452,345.2,-1506.7235348003383,513.5390749276885,-1507.5457761408884,512.9807645457295,-1.989077066794681,10.870566337373965,0,1,14.478214263916016,12.52388888888889
3453,345.3,-1507.9136163995297,513.1383247608953,-1508.681746550543,512.5334466083478,-1.9883778545232167,10.692615396504333,0,1,13.623795509338379,12.430000000000001
3454,345.4,-1509.110383850391,512.7264426448928,-1509.778006275938,512.1158154950728,-1.9875319310128128,10.616753378782679,0,1,13.161126136779785,12.528055555555557
3455,345.5,-1510.3071513012674,512.3590883249369,-1510.8847240165292,511.7115818170384,-1.9864611566218298,10.749755623741857,0,1,13.442802429199219,12.428888888888888
3456,345.6,-1511.5172904555134,511.991734005772,-1512.003157974535,511.31829321806373,-1.9851860759339657,10.673512235748097,0,1,12.999815940856934,12.49611111111111
3457,345.7,-1512.7274296097441,511.66890748265376,-1513.1257785922314,510.94459976613115,-1.9836354782861414,10.761980857181118,0,1,13.128310203552246,12.418888888888889
3458,345.8,-1513.9308829123054,511.3349490103261,-1514.246112882167,510.58723776618007,-1.9818883921282686,10.642178901270972,0,1,12.565768241882324,12.411944444444444
3459,345.901,-1515.1343362148664,510.9787266395797,-1515.3393882750304,510.25046517309323,-1.9800413671085393,10.472682778237834,0,1,11.80162525177002,12.406944444444443
3460,346.001,-1516.3444753691124,510.66703206487995,-1516.468497305765,510.0435951244467,-1.9546535534997949,10.088420444295704,0,1,11.961021423339844,12.398888888888889
3461,346.101,-1517.5546145233434,510.3887333385994,-1517.5617065627825,509.73943087573514,-1.9531862505166164,10.008913046506349,0,1,11.558557510375977,12.33388888888889
3462,346.201,-1518.7513819742196,510.09930266231845,-1518.658526078843,509.44561414748415,-1.9515902043771127,10.059834346773505,0,1,11.598200798034668,12.155000000000001
3463,346.301,-1519.9815786834902,509.8543997820842,-1519.779001920526,509.16189956686003,-1.9497664439123021,10.100411988975129,0,1,11.580751419067383,12.401944444444444
3464,346.401,-1521.1783461343664,509.5983649526405,-1520.9077414169485,508.8869666318469,-1.9477947430517129,10.118197611442241,0,1,11.46743392944336,12.08111111111111
3465,346.5,-1522.4219145470065,509.3534620739883,-1522.0426323486865,508.624663081219,-1.9456344431622288,10.148900254031474,0,1,11.462204933166504,12.511111111111111
3466,346.6,-1523.645425404607,509.1530869905917,-1523.2076379022064,508.369909722383,-1.94322674080021,10.24034183569267,0,1,11.60866928100586,12.266944444444444
3467,346.7,-1524.8956796689467,508.95271190719507,-1524.4045433524254,508.1209461642058,-1.940570047768335,10.371852488912673,0,1,11.889542579650879,12.571111111111112
3468,346.8,-1526.1325622299019,508.7412048745891,-1525.6102159241395,507.8810849633545,-1.9377308947647962,10.352994533987149,0,1,11.633198738098145,12.38888888888889
3469,346.9,-1527.376130642557,508.54082979119255,-1526.8137111817625,507.65492223162903,-1.934706997373585,10.405333496163935,0,1,11.641101837158203,12.45111111111111
3470,347.0,-1528.6263849068519,508.3627186054238,-1528.1015448383594,507.6150334477102,-1.8908201850593973,10.027493145247716,0,1,11.766538619995117,12.55888888888889
3471,347.1,-1529.8833250228763,508.1623435220272,-1529.3097816069712,507.4123736457822,-1.8886796210123253,9.924135919021877,0,1,11.214276313781738,12.57
3472,347.201,-1531.1536368422258,508.0064962354683,-1530.5243569658949,507.2226758188021,-1.8863676234189324,10.036397031399288,0,1,11.42380428314209,12.69111111111111
3473,347.3,-1532.450692068314,507.9508364902122,-1531.745252247852,507.06111414596694,-1.8836927102574188,10.079521428399795,0,1,11.464166641235352,12.843888888888888
3474,347.401,-1533.7343755910479,507.8506489481185,-1533.0118122554643,506.9024582142523,-1.880776191764272,10.241914856229881,0,1,11.818577766418457,12.746944444444445
3475,347.501,-1535.0314308171364,507.7170655591874,-1534.2835388437031,506.7516294593127,-1.8777037667340961,10.256438260498498,0,1,11.676226615905762,12.93
3476,347.6,-1536.3284860432248,507.62800996709404,-1535.560653646136,506.6145973779066,-1.8743957596202547,10.40467931765188,0,1,12.062292098999023,12.896944444444445
3477,347.7,-1537.645598824353,507.5612182726285,-1536.8653529069068,506.48759782041805,-1.8708025131770933,10.428453472195919,0,1,11.930153846740723,12.969999999999999
3478,347.8,-1538.9627116054958,507.53895437420965,-1538.1772801622978,506.3820198674501,-1.8668555042328179,10.552657700163927,0,1,12.151466369628906,13.033055555555555
3479,347.9,-1540.3065677933182,507.4832946281626,-1539.517334097059,506.28349704959817,-1.8626426766610338,10.709893994630704,0,1,12.462960243225098,13.263055555555555
3480,348.0,-1541.6571098328704,507.4832946281626,-1540.7182491052654,505.9227125443192,-1.8626426766610338,12.614293040387908,1,0,12.615703582763672,13.261944444444445
3481,348.1,-1543.0143377240918,507.4610307305347,-1541.9506575287858,505.55246665651055,-1.8626426766610338,14.696098265963386,1,0,13.120749473571777,13.38611111111111
3482,348.2,-1544.3581939119442,507.4387668329069,-1543.2024618912812,505.1763937502325,-1.8626426766610338,16.618851546222658,1,0,13.020750045776367,13.348888888888888
3483,348.3,-1545.7087359514812,507.4832946281626,-1544.4676228193707,504.7963082022099,-1.8626426766610338,18.776824256603582,1,0,13.399675369262695,13.309999999999999
3484,348.4,-1547.0525921393187,507.49442657737194,-1545.7186970518696,504.4204546449914,-1.8626426766610338,20.57239912250944,1,0,12.726576805114746,13.331944444444444
3485,348.5,-1548.4231917339098,507.5278224250002,-1546.934383041567,504.0552325887624,-1.8626426766610338,22.639175747162188,1,0,12.660660743713379,13.523055555555555
3486,348.6,-1549.7737337734766,507.5612182726285,-1548.1543500280277,503.68872441551474,-1.8626426766610338,24.847495512526695,1,0,12.815977096557617,13.368055555555555
3487,348.7,-1551.1510192197081,507.6614058139313,-1549.3790571967102,503.32079217461103,-1.8626426766610338,27.024387875591312,1,0,12.759650230407715,13.571944444444444
3488,348.8,-1552.5082471108853,507.73932945760623,-1550.620431633027,502.94785267541135,-1.8626426766610338,29.466762278244396,1,0,13.164040565490723,13.46111111111111
3489,348.9,-1553.858789150467,507.80612115207174,-1551.9003391959461,502.56333687455987,-1.8626426766610338,32.00152934519486,1,0,13.564339637756348,13.43111111111111
3490,349.0,-1555.2360745966982,507.9508364902122,-1553.2335480296333,502.1628080572926,-1.8626426766610338,34.80677443425582,1,0,14.27713394165039,13.575
3491,349.1,-1556.606674191275,508.09555182756174,-1554.6164781315351,501.7473417446773,-1.8626426766610338,37.53953040167787,1,0,14.60267162322998,13.575
3492,349.2,-1557.9572162308264,508.1957393696555,-1556.0793687935545,501.3078533075736,-1.8626426766610338,41.019644984011414,1,0,15.946954727172852,13.43611111111111
3493,349.3,-1559.3211299737332,508.3404547077959,-1557.6357491126305,500.84027827156547,-1.8626426766610338,44.28411747206397,1,0,16.555021286010742,13.585
3494,349.401,-1560.6783578649402,508.4963019951458,-1559.2545344206733,500.3539552376512,-1.8626426766610338,47.58737005339854,1,0,16.915456771850586,13.511111111111111
3495,349.5,-1562.0422716078317,508.685545129333,-1560.869337255018,499.8688286370636,-1.8626426766610338,50.891080732621866,1,0,17.147186279296875,13.556944444444444
3496,349.6,-1563.412871202408,508.8636563151017,-1562.488901127876,499.3822717030755,-1.8626426766610338,53.840787078722535,1,0,16.67425537109375,13.63888888888889
3497,349.7,-1564.77009909363,508.96384385640454,-1564.0721272875305,498.9066315144043,-1.8626426766610338,56.9967638516038,1,0,16.388343811035156,13.588888888888889
3498,349.8,-1566.1340128365216,509.1530869905917,-1565.6341734665264,498.4373543143277,-1.8626426766610338,60.33280452625391,1,0,16.231952667236328,13.616944444444444
3499,349.901,-1567.4912407277582,509.3423301239879,-1567.1696863241452,497.9760483784377,-1.8626426766610338,63.37085592645939,1,0,15.516759872436523,13.594999999999999
3500,350.001,-1568.85515447065,509.54270520817545,-1568.6699614412767,497.52532872892994,-1.8626426766610338,67.1737604546826,1,0,15.813568115234375,13.533888888888889
3501,350.101,-1570.2324399168963,509.74308029157197,-1570.1895099718167,497.0688188706549,-1.8626426766610338,70.98604063414375,1,0,15.9192476272583,13.731111111111112
3502,350.201,-1571.6164112148274,509.95458732417796,-1571.7278904492475,496.60665143104353,-1.8626426766610338,75.08790820360994,1,0,16.206836700439453,13.823055555555557
3503,350.3,-1572.9736391060492,510.1549624075746,-1573.2666856850872,496.1443593877761,-1.8626426766610338,79.11541874017513,1,0,16.25250244140625,13.631944444444445
3504,350.4,-1574.357610403995,510.37760138938995,-1574.8383187248457,495.6722020582662,-1.8626426766610338,83.56322217918836,1,0,16.567996978759766,13.818888888888889
3505,350.5,-1575.7348958502564,510.6225042688332,-1576.4538074238005,495.1868694070328,-1.8626426766610338,88.48058443320089,1,0,17.16834259033203,13.886944444444445
3506,350.6,-1577.105495444818,510.80061545381096,-1578.1177171494603,494.68698988507157,-1.8626426766610338,93.49403578793967,1,0,17.57917594909668,13.748888888888889
3507,350.7,-1578.4827808910939,511.11231002851076,-1579.7658171037915,494.1918600083658,-1.8626426766610338,97.59823369649163,1,0,16.838186264038086,13.866944444444446
3508,350.801,-1579.8533804856706,511.3126851119073,-1581.369599550148,493.710044204148,-1.8626426766610338,101.98972539286171,1,0,16.32208824157715,13.85111111111111
3509,350.901,-1581.2106083768776,511.59098383897884,-1582.9263883182286,493.24234645998445,-1.8626426766610338,106.74870377428726,1,0,16.188417434692383,13.565000000000001
3510,351.0,-1582.5878938231535,511.8358867184221,-1584.4362131694613,492.78875783480817,-1.8626426766610338,111.1813887320392,1,0,15.659820556640625,13.898888888888889
3511,351.1,-1583.9518075660453,512.1141854462845,-1585.9174823926703,492.3437480246155,-1.8626426766610338,115.82927279874653,1,0,15.273606300354004,13.776944444444444
3512,351.2,-1585.3090354572523,512.3813522233557,-1587.3202424106146,491.9223243161157,-1.8626426766610338,119.7026449294642,1,0,14.020308494567871,13.831111111111111
3513,351.3,-1586.6729492001587,512.6819148488461,-1588.655415078442,491.5212055146346,-1.8626426766610338,124.44709113765117,1,0,13.862175941467285,13.785
3514,351.4,-1588.010119536326,512.9490816267082,-1590.012837119856,491.1134024525468,-1.8626426766610338,130.01452496635272,1,0,14.484943389892578,13.556111111111111
3515,351.5,-1589.3606615758927,513.2496442514076,-1591.3921759393634,490.69901504974183,-1.8626426766610338,135.097119741013,1,0,14.319865226745605,13.724999999999998
3516,351.6,-1590.7045177637153,513.5502068768978,-1592.7863546464816,490.28016937867244,-1.8626426766610338,140.91264499516592,1,0,14.794845581054688,13.724999999999998
3517,351.7,-1592.0283163965428,513.8285056039695,-1594.1639573293812,489.8663035541264,-1.8626426766610338,145.6550008224522,1,0,13.97370719909668,13.415
3518,351.8,-1593.3855442877498,514.1735960255065,-1595.538905733094,489.4532351405159,-1.8626426766610338,151.9442180326584,1,0,14.739416122436523,13.773055555555555
3519,351.901,-1594.716028772203,514.4852905994153,-1596.9411360939698,489.0319705540635,-1.8626426766610338,157.32200014126582,1,0,14.253508567810059,13.63
3520,352.001,-1596.046513256745,514.7858532249057,-1598.2703263356311,488.6326490209594,-1.8626426766610338,162.36080459824757,1,0,13.504044532775879,13.61111111111111
3521,352.101,-1597.3435684828185,515.1198116972333,-1599.53589128299,488.25244209558315,-1.8626426766610338,167.48755964964354,1,0,12.92481803894043,13.35
3522,352.201,-1598.6673671156166,515.3981104243047,-1600.7558478116218,487.88593706412524,-1.8626426766610338,172.76250130893513,1,0,12.55160140991211,13.545
3523,352.3,-1599.9711081934045,515.6764091505854,-1601.907419944191,487.5399763919474,-1.8626426766610338,177.54186243559087,1,0,11.739655494689941,13.315
3524,352.4,-1601.2681634194928,516.0882912665879,-1603.0133752228119,487.2077201478363,-1.8626426766610338,182.64091283385073,1,0,11.356069564819336,13.428888888888888
3525,352.5,-1602.5585327938968,516.4222497389155,-1604.098195548806,486.8818133647885,-1.8626426766610338,188.01392976177306,1,0,11.298293113708496,13.35111111111111
3526,352.6,-1603.8555880199851,516.7562082112432,-1605.1422544999534,486.56815230412485,-1.8626426766610338,192.75968436735818,1,0,10.504847526550293,13.323888888888888
3527,352.7,-1605.1660149494282,517.0679027859429,-1606.1679738441828,486.26000091372623,-1.8626426766610338,198.4490113459698,1,0,10.915306091308594,13.481944444444443
3528,352.8,-1606.4764418788866,517.4241251566893,-1607.2362308414893,485.93907016315103,-1.8626426766610338,204.45762437666247,1,0,11.393163681030273,13.478055555555555
3529,352.9,-1607.773497104975,517.7246877813888,-1608.3794731667106,485.59561197055535,-1.8626426766610338,211.42397199405121,1,0,12.481228828430176,13.313888888888888
3530,353.0,-1609.0638664793785,518.1031740505541,-1609.5796102827953,485.2350611794729,-1.8626426766610338,217.86291453254103,1,0,12.581300735473633,13.37888888888889
3531,353.1,-1610.3676075571223,518.4593964205096,-1610.769765286983,484.8775092610133,-1.8626426766610338,223.99450349129145,1,0,12.272771835327148,13.43
3532,353.2,-1611.6446052281863,518.7933548928372,-1611.9608819547593,484.5196684350923,-1.8626426766610338,230.8513456180649,1,0,12.601383209228516,13.233055555555556
3533,353.3,-1612.9349746026046,519.0493897222809,-1613.158929194748,484.15974549433594,-1.8626426766610338,237.36585880017523,1,0,12.417503356933594,13.196944444444442
3534,353.401,-1614.2320298286932,519.3499523469802,-1614.3574021871095,483.79969464706556,-1.8626426766610338,244.1460185102049,1,0,12.36247444152832,13.273055555555555
3535,353.5,-1615.5223992030822,519.7061747177266,-1615.5364933051335,483.44546659290063,-1.8626426766610338,251.12611454157982,1,0,12.509267807006836,13.323055555555555
3536,353.6,-1616.799396874146,520.0067373424262,-1616.7531346563221,483.0799575225156,-1.8626426766610338,258.6746067904233,1,0,12.897920608520508,13.204999999999998
3537,353.7,-1618.0630228418256,520.3184319171258,-1618.0026304873284,482.70457815603686,-1.8626426766610338,266.4286991787203,1,0,13.195369720458984,13.006111111111112
3538,353.801,-1619.3467063645594,520.6635223386629,-1619.2812432769497,482.3204513370197,-1.8626426766610338,274.2156241528544,1,0,13.241601943969727,13.216111111111111
3539,353.901,-1620.6771908490123,520.9863488625721,-1620.5421189612098,481.9416531819391,-1.8626426766610338,281.8260974449952,1,0,13.089334487915039,13.561944444444444
3540,354.001,-1621.9475026684213,521.3091753848994,-1621.8046511381738,481.56235737559285,-1.8626426766610338,289.9672555497532,1,0,13.27619457244873,13.163055555555555
3541,354.101,-1623.2245003394553,521.6208699595991,-1623.0968095225287,481.17416112581526,-1.8626426766610338,298.701697287528,1,0,13.708020210266113,13.196111111111112
3542,354.201,-1624.514869713859,521.9436964835082,-1624.4145618220364,480.7782758326513,-1.8626426766610338,307.3547011593495,1,0,13.810673713684082,13.216111111111111
3543,354.301,-1625.7784956815535,522.2442591074167,-1625.754987242706,480.3755789746572,-1.8626426766610338,316.6289198661537,1,0,14.181504249572754,13.043888888888889
3544,354.401,-1627.0488075009175,522.5114258852788,-1627.1194646652689,479.96565630205106,-1.8626426766610338,325.9231425582026,1,0,14.312952995300293,13.003055555555557
3545,354.5,-1628.3324910236513,522.8787802052346,-1628.46780941391,479.5605802826039,-1.8626426766610338,334.8891395523741,1,0,14.129024505615234,13.21888888888889
3546,354.6,-1629.5894311396464,523.1904747791435,-1629.8248817802319,479.1528822715385,-1.8626426766610338,344.4402456059773,1,0,14.210792541503906,13.001111111111111
3547,354.7,-1630.8597429590104,523.5021693538432,-1631.1762631239094,478.7468939840446,-1.8626426766610338,353.7751494198396,1,0,14.010178565979004,13.066111111111109
3548,354.8,-1632.1367406300449,523.813863927752,-1632.520380340867,478.3430880193873,-1.8626426766610338,363.5695600488626,1,0,14.05909538269043,13.106944444444444
3549,354.9,-1633.3803090426998,524.1478224000797,-1633.8782900641818,477.93513844562784,-1.8626426766610338,373.8866637917597,1,0,14.298208236694336,12.953888888888887
3550,355.0,-1634.6439350103792,524.4372530755696,-1635.2654754521147,477.51839374013207,-1.8626426766610338,384.77346610891095,1,0,14.67046070098877,12.975
3551,355.101,-1635.920932681428,524.7600795994788,-1636.6859668775028,477.0916430794906,-1.8626426766610338,395.6286977972656,1,0,14.700035095214844,13.078055555555556
3552,355.2,-1637.1845586491077,525.082906122597,-1638.0880259181333,476.67042996186547,-1.8626426766610338,406.74433669454146,1,0,14.874991416931152,13.068888888888889
3553,355.3,-1638.448184616787,525.3834687480874,-1639.4944797417302,476.2478965430398,-1.8626426766610338,417.3259568390585,1,0,14.496061325073242,12.963055555555556
3554,355.4,-1639.7118105844813,525.6840313735777,-1640.8858341043542,475.829899374719,-1.8626426766610338,428.6416527674684,1,0,14.55966854095459,12.99
3555,355.5,-1640.9821224038456,525.9734620490677,-1642.273758162083,475.4129327545973,-1.8626426766610338,439.8558378040275,1,0,14.424426078796387,13.005
3556,355.6,-1642.2390625198107,526.2740246745581,-1643.631174175404,475.0051315034973,-1.8626426766610338,450.53700778426276,1,0,13.922567367553711,12.94888888888889
3557,355.7,-1643.5561753009683,526.5300595032107,-1644.961582731304,474.6054439587462,-1.8626426766610338,461.84190273126444,1,0,13.860427856445312,13.301111111111108
3558,355.802,-1644.7863720102537,526.8640179755383,-1646.3122486891548,474.1996705907997,-1.8626426766610338,473.5214753577267,1,0,13.7925443649292,12.866111111111111
3559,355.9,-1646.1369140497757,527.0977889065632,-1647.6010500300426,473.81248287968117,-1.8626426766610338,484.7791340713975,1,0,13.670832633972168,13.508888888888889
3560,356.0,-1647.3938541657853,527.3538237360068,-1648.90861809385,473.41965718211594,-1.8626426766610338,496.5314773778097,1,0,13.635183334350586,12.988055555555555
3561,356.1,-1648.6574801334796,527.6655183099156,-1650.2174700045794,473.02644578526923,-1.8626426766610338,508.62690464945075,1,0,13.697643280029297,13.013055555555555
3562,356.2,-1649.934477804529,527.8547614441028,-1651.530040198673,472.63211732438833,-1.8626426766610338,520.8823597629117,1,0,13.7128324508667,12.99611111111111
3563,356.3,-1651.2181613272476,528.1664560180116,-1652.8090660159105,472.2478664216879,-1.8626426766610338,532.0124740540692,1,0,12.9971342086792,13.111944444444445
3564,356.4,-1652.5152165533214,528.4336227966647,-1654.088663360349,471.8634438181195,-1.8626426766610338,545.4091108444102,1,0,13.724767684936523,13.151944444444444
3565,356.5,-1653.8457010378338,528.600602031642,-1655.4123441985191,471.46577744571374,-1.8626426766610338,558.6242689153547,1,0,13.917732238769531,13.498055555555556
3566,356.6,-1655.1694996706462,528.8566368610857,-1656.7632905147802,471.0599198511857,-1.8626426766610338,572.5827773580936,1,0,14.294154167175293,13.40611111111111
3567,356.7,-1656.4799266000896,529.0458799952728,-1658.1322437054616,470.6486525474419,-1.8626426766610338,586.3397465977957,1,0,14.293770790100098,13.34
3568,356.801,-1657.7970393812177,529.2685189778792,-1659.5365764466178,470.22675635409803,-1.8626426766610338,601.3946107530578,1,0,14.742623329162598,13.363888888888889
3569,356.9,-1659.1475814207547,529.4688940604848,-1660.9062376793565,469.81527633705633,-1.8626426766610338,614.637744412615,1,0,14.149003982543945,13.558055555555555
3570,357.0,-1660.4780659052524,529.7026649907187,-1662.247508311809,469.4123255565955,-1.8626426766610338,628.3673353986235,1,0,13.860824584960938,13.515
3571,357.101,-1661.8219220930894,529.9586998193713,-1663.5697294987322,469.0150976994267,-1.8626426766610338,642.0097026814283,1,0,13.47780704498291,13.59388888888889
3572,357.201,-1663.1657782809566,530.1813388011868,-1664.8744078680322,468.62314013736585,-1.8626426766610338,656.7386460674326,1,0,13.767863273620605,13.666944444444445
3573,357.3,-1664.502948617139,530.4151097322116,-1666.1655656454864,468.2352444945812,-1.8626426766610338,670.5988238306813,1,0,13.467812538146973,13.573055555555555
3574,357.4,-1665.8066896948972,530.58208896798,-1667.4936248432634,467.83626275495715,-1.8626426766610338,686.8440330542426,1,0,14.266120910644531,13.274999999999999
3575,357.5,-1667.1171166243405,530.7379362553298,-1668.8177793434502,467.43845408279867,-1.8626426766610338,700.5303432373344,1,0,13.386270523071289,13.256944444444445
3576,357.6,-1668.4743445155625,530.8937835426797,-1670.1199102495534,467.0472618415154,-1.8626426766610338,716.3370982985391,1,0,13.806200981140137,13.524999999999999
3577,357.7,-1669.8182007034145,530.9939710839825,-1671.4366049383154,466.6516942807054,-1.8626426766610338,731.6472900132461,1,0,13.690406799316406,13.48611111111111
3578,357.8,-1671.1687427429513,531.2054781165886,-1672.721651724983,466.2656345302808,-1.8626426766610338,746.1449531639427,1,0,13.145296096801758,13.581944444444446
3579,357.9,-1672.4791696724096,531.2722698110541,-1673.9806255913977,465.88740772818943,-1.8626426766610338,761.4638227379452,1,0,13.14592456817627,13.26388888888889
3580,358.0,-1673.7962824535523,531.3724573531478,-1675.222709607392,465.51425505375283,-1.8626426766610338,776.2390614575831,1,0,12.792584419250488,13.248055555555556
3581,358.1,-1675.1133952346656,531.48377684366,-1676.4545340821844,465.14418459854517,-1.8626426766610338,791.8943360402795,1,0,12.931674003601074,13.271944444444445
3582,358.2,-1676.4037646090692,531.5394365889161,-1677.6822624217477,464.7753447233916,-1.8626426766610338,807.1252674798238,1,0,12.70704460144043,12.955000000000002
3583,358.3,-1677.7141915385273,531.6284921818005,-1678.9058927993883,464.40773597707584,-1.8626426766610338,823.1007004391813,1,0,12.84609603881836,13.095
3584,358.401,-1679.0313043196552,531.6396241310099,-1680.1477466129936,464.0346524611149,-1.8626426766610338,839.2667452822953,1,0,12.830836296081543,13.191944444444445
3585,358.5,-1680.328359545714,531.7064158254755,-1681.3423992092821,463.675749355055,-1.8626426766610338,854.3230677393799,1,0,12.369159698486328,13.025
3586,358.6,-1681.6120430684775,531.7620755707316,-1682.5478819199836,463.31359261550045,-1.8626426766610338,871.1869723223822,1,0,12.805002212524414,12.878055555555555
3587,358.7,-1682.875669036157,531.8177353159876,-1683.7630082103285,462.94853870676195,-1.8626426766610338,887.2778846911204,1,0,12.570547103881836,12.708055555555555
3588,358.8,-1684.152666707206,531.8733950612437,-1684.964190515632,462.58767391505853,-1.8626426766610338,903.6981946884714,1,0,12.513809204101562,12.773055555555555
3589,358.9,-1685.4096068232154,531.8511311628249,-1686.145862850523,462.23267039968096,-1.8626426766610338,919.5985435922765,1,0,12.163119316101074,12.59388888888889
3590,359.001,-1686.713347900974,531.8845270096622,-1687.3156074789265,461.8812502615294,-1.8626426766610338,935.9098004358941,1,0,12.022862434387207,12.943055555555555
3591,359.1,-1687.9970314237078,531.8177353159876,-1688.4461686613195,461.54160179701995,-1.8626426766610338,951.7835883348047,1,0,11.825189590454102,12.921944444444444
3592,359.2,-1689.2673432430722,531.8511311628249,-1689.6106864120147,461.191751941853,-1.8626426766610338,969.7282387141232,1,0,12.493498802185059,12.72
3593,359.3,-1690.5175975073823,531.828867265197,-1690.8181601746123,460.8289970411995,-1.8626426766610338,987.7427166949504,1,0,12.72224235534668,12.56111111111111
3594,359.4,-1691.8012810301009,531.8399992144065,-1692.0547593104945,460.45749216003327,-1.8626426766610338,1006.649839230608,1,0,13.101725578308105,12.743055555555555
3595,359.501,-1693.07827870115,531.8399992144065,-1693.3275326110086,460.07511966757505,-1.8626426766610338,1025.8350070570998,1,0,13.214507102966309,12.76388888888889
3596,359.6,-1694.3485905205291,531.7954714175688,-1694.612986199459,459.6889377038611,-1.8626426766610338,1046.4978482936635,1,0,13.90084457397461,12.739999999999998
3597,359.7,-1695.6055306365388,531.7175477738939,-1695.9699600612516,459.2812692859859,-1.8626426766610338,1068.2161778615591,1,0,14.436915397644043,12.641111111111112
3598,359.8,-1696.8624707525632,531.6841519270566,-1697.3761276417401,458.8588218616502,-1.8626426766610338,1090.8789013059186,1,0,14.928159713745117,12.57388888888889
3599,359.9,-1698.132782571898,531.6062282833817,-1698.8068091039545,458.4290098626086,-1.8626426766610338,1113.2328291791484,1,0,14.948840141296387,12.67388888888889
3600,360.0,-1699.3629792811832,531.5283046404977,-1700.2513006544673,457.99504897241604,-1.8626426766610338,1136.6436103916005,1,0,15.216556549072266,12.453888888888889
3601,360.1,-1700.5998618421236,531.4169851491945,-1701.7097434054672,457.5568967974904,-1.8626426766610338,1160.066158314496,1,0,15.24018383026123,12.45611111111111
3602,360.2,-1701.8634878098178,531.3390615055196,-1703.1495012128566,457.12435804048994,-1.8626426766610338,1182.583652596927,1,0,14.8263578414917,12.57611111111111
3603,360.3,-1703.0201401506154,531.1720822689603,-1704.590718321225,456.6913808734817,-1.8626426766610338,1207.3291807022376,1,0,15.270658493041992,12.10111111111111
3604,360.4,-1704.2035358981218,531.0273669316108,-1706.0620388153875,456.2493599068802,-1.8626426766610338,1232.3225989114212,1,0,15.455008506774902,11.993888888888888
3605,360.5,-1705.4003033489982,530.8269918482142,-1707.5586729183537,455.79973410783333,-1.8626426766610338,1258.4495137672566,1,0,15.799283981323242,12.148055555555555
3606,360.6,-1706.6171283548845,530.6934084592832,-1709.0295973393709,455.3578321313738,-1.8626426766610338,1281.71069146692,1,0,14.918111801147461,12.161111111111111
3607,360.7,-1707.820581657475,530.5152972735144,-1710.4539569754866,454.92991936482025,-1.8626426766610338,1306.3649017035827,1,0,14.826869010925293,12.226111111111111
3608,360.8,-1708.997291553312,530.3037902416994,-1711.866166532398,454.50565678174166,-1.8626426766610338,1330.9899860906428,1,0,14.66438102722168,12.083055555555555
3609,360.9,-1710.1539438940797,530.081151259884,-1713.2430349752374,454.0920115410197,-1.8626426766610338,1354.449663447451,1,0,14.088838577270508,11.856944444444444
3610,361.0,-1711.3172820865618,529.813984482022,-1714.5834561031743,453.68931597266834,-1.8626426766610338,1378.4558072995267,1,0,13.903249740600586,11.931944444444444
3611,361.1,-1712.493991982384,529.5913455002064,-1715.9132371436708,453.2898169490221,-1.8626426766610338,1402.8952126938768,1,0,13.8666410446167,11.931944444444444
3612,361.2,-1713.657330174866,529.2796509255068,-1717.1932790143408,452.9052607988096,-1.8626426766610338,1424.7617543871118,1,0,12.864543914794922,11.971944444444443
3613,361.3,-1714.827354219033,529.0013521992262,-1718.4013510652223,452.54232615759884,-1.8626426766610338,1446.7099503728887,1,0,12.363691329956055,12.03888888888889
3614,361.4,-1716.0441792249337,528.7564493197829,-1719.599716835153,452.1823075225914,-1.8626426766610338,1470.2989216178119,1,0,12.661847114562988,12.203888888888887
3615,361.5,-1717.1874598623617,528.467018642711,-1720.7949332458809,451.8232350327674,-1.8626426766610338,1492.7765678616408,1,0,12.29792308807373,11.910000000000002
3616,361.6,-1718.417656571662,528.2777755085239,-1721.8892058508836,451.49448855196465,-1.8626426766610338,1511.1971173989198,1,0,10.553832054138184,12.08611111111111
3617,361.701,-1719.621109874208,528.0662684759178,-1722.9063950486438,451.1888998279617,-1.8626426766610338,1531.4408773872522,1,0,10.477869033813477,12.15111111111111
3618,361.801,-1720.8847358418727,527.8102336472651,-1723.9262812533577,450.88250085654806,-1.8626426766610338,1552.6103588283734,1,0,10.820470809936523,12.59611111111111
3619,361.901,-1721.8608701872852,527.4206154296814,-1724.9496776808753,450.5750473276245,-1.8626426766610338,1572.9800764254019,1,0,10.551173210144043,11.635
3620,362.0,-1723.077695193216,527.1311847526096,-1725.975804357999,450.26677356437756,-1.8626426766610338,1594.9890346677298,1,0,11.093937873840332,12.173055555555555
3621,362.101,-1724.1541173138255,526.6859067905606,-1727.0288192116425,449.9504219297066,-1.8626426766610338,1616.0459579103576,1,0,10.678504943847656,12.07611111111111
3622,362.2,-1725.170366769332,526.3296844198142,-1728.0484454488858,449.6441010589332,-1.8626426766610338,1637.6195225505708,1,0,10.829485893249512,11.366944444444444
3623,362.3,-1726.166558669769,525.9066703546022,-1729.0923357047488,449.33049067849385,-1.8626426766610338,1659.8637647801231,1,0,10.970131874084473,11.225
3624,362.4,-1727.2095515319847,525.5727118822746,-1730.1542945773238,449.0114520399314,-1.8626426766610338,1682.8457519260155,1,0,11.20681381225586,11.080000000000002
3625,362.5,-1728.3394604660577,525.1385658686442,-1731.2533423914256,448.68127096853465,-1.8626426766610338,1707.3735897435902,1,0,11.744662284851074,11.760000000000002
3626,362.6,-1729.375767476559,524.6932879050133,-1732.372382697427,448.345083659456,-1.8626426766610338,1731.2585536032834,1,0,11.62431812286377,11.613055555555556
3627,362.7,-1730.472247152238,524.3704613811041,-1733.4939319233597,448.0081426089474,-1.8626426766610338,1756.0044182061158,1,0,11.797056198120117,11.368055555555555
3628,362.8,-1731.548669272848,523.9029195206364,-1734.6214969583098,447.66939426102994,-1.8626426766610338,1780.670798993082,1,0,11.749946594238281,11.821944444444444
3629,362.9,-1732.4512592497872,523.4799054554244,-1735.757148543742,447.32821651389264,-1.8626426766610338,1806.2759040596075,1,0,11.965928077697754,10.68611111111111
3630,363.0,-1733.4474511502244,523.0568913902124,-1736.9060442616903,446.9830599026807,-1.8626426766610338,1832.0889872151301,1,0,12.026524543762207,10.843888888888888
3631,363.1,-1734.450328902376,522.5336897844886,-1738.058181449938,446.63692947383987,-1.8626426766610338,1858.1093916160462,1,0,12.03361988067627,11.31111111111111
3632,363.2,-1735.5334368746555,522.0772798716483,-1739.2006637330321,446.29369961664565,-1.8626426766610338,1883.724497785387,1,0,11.82490062713623,11.573055555555554
3633,363.3,-1736.5964872919255,521.6208699595991,-1740.3431548299302,445.9504671115673,-1.8626426766610338,1910.458291465153,1,0,12.033803939819336,11.516944444444446
3634,363.4,-1737.639480154156,521.1088003022937,-1741.5578118879937,445.58555417177973,-1.8626426766610338,1941.493787624874,1,0,13.33194637298584,11.63
3635,363.5,-1738.669101313002,520.6635223386629,-1742.8196018787748,445.20648133646887,-1.8626426766610338,1970.2313446867445,1,0,13.018083572387695,11.298055555555555
3636,363.6,-1739.5182044764335,520.084660986892,-1744.0626712597261,444.83303263409516,-1.8626426766610338,1999.4096053775622,1,0,12.94100284576416,10.936944444444446
3637,363.7,-1740.3539359365552,519.4390079406556,-1745.2736801338458,444.46921569874684,-1.8626426766610338,2026.996282187765,1,0,12.348562240600586,11.011944444444444
3638,363.8,-1741.129494731558,518.7933548928372,-1746.467628681233,444.11052410634227,-1.8626426766610338,2056.348808285395,1,0,12.584731101989746,10.696111111111112
3639,363.9,-1741.9852837467042,518.2033615918568,-1747.68487380079,443.74483364904745,-1.8626426766610338,2086.568609448875,1,0,12.835065841674805,10.636111111111111
3640,364.0,-1743.2689672694378,517.836007272692,-1748.9178981858686,443.37440271119397,-1.8626426766610338,2117.0615168407758,1,0,12.914250373840332,11.673055555555557
3641,364.1,-1744.2785308732298,517.2571459201301,-1750.165838403403,442.9994906893714,-1.8626426766610338,2148.578778293162,1,0,13.146553993225098,11.721944444444444
3642,364.2,-1745.294780328736,516.7673401604526,-1751.4332227389934,442.61873717489516,-1.8626426766610338,2180.742700513937,1,0,13.320302963256836,11.153055555555556
3643,364.301,-1746.3778883010305,516.3220621976127,-1752.7301180869338,442.22911782441923,-1.8626426766610338,2213.970382723084,1,0,13.494684219360352,11.418055555555554
3644,364.402,-1747.2938499813094,515.7209369474231,-1754.025914298785,441.8398286815347,-1.8626426766610338,2246.586978075212,1,0,13.297576904296875,11.26611111111111
3645,364.5,-1748.2164975132441,515.086415849605,-1755.2671357082938,441.4669351553626,-1.8626426766610338,2278.2753819259774,1,0,13.151907920837402,11.188888888888888
3646,364.6,-1749.299605485583,514.585478141509,-1756.540562659651,441.0843662900687,-1.8626426766610338,2312.202037986574,1,0,13.441137313842773,11.621111111111112
3647,364.7,-1750.2957973860052,514.0177487373657,-1757.8116723113822,440.7024935987388,-1.8626426766610338,2344.832662131819,1,0,13.103515625,11.42388888888889
3648,364.801,-1751.2585600280631,513.4054915395485,-1759.0767067805723,440.3224460420887,-1.8626426766610338,2378.3776054090395,1,0,13.052706718444824,11.526944444444444
3649,364.901,-1752.147778301633,512.7709704417305,-1760.3130901837742,439.9510059723407,-1.8626426766610338,2410.9199213897746,1,0,12.766756057739258,11.173055555555555
3650,365.001,-1753.1038550919911,512.1809771407501,-1761.5290950230851,439.5856881258233,-1.8626426766610338,2443.6155275130077,1,0,12.627140045166016,11.215
3651,365.1,-1753.9462724037676,511.4017407047917,-1762.7217055424064,439.22739851005224,-1.8626426766610338,2476.0932134193677,1,0,12.529780387878418,11.671111111111113
3652,365.201,-1754.92240674918,510.8451432506487,-1763.9411225429658,438.8610555661348,-1.8626426766610338,2510.226768675544,1,0,12.683241844177246,11.05111111111111
3653,365.3,-1755.8517401328286,510.17722630599343,-1765.1300166069866,438.5038824652025,-1.8626426766610338,2542.7441653252154,1,0,12.395283699035645,11.543055555555556
3654,365.4,-1756.69415744462,509.4425176668726,-1766.3093240568471,438.149589419618,-1.8626426766610338,2575.631932929973,1,0,12.232258796691895,11.293055555555556
3655,365.5,-1757.7104069000968,508.8747882635202,-1767.4854188981901,437.7962615208712,-1.8626426766610338,2609.352243880741,1,0,12.328194618225098,11.396111111111113
3656,365.6,-1758.6196827287208,508.2068713188649,-1768.6659198192376,437.44160992710516,-1.8626426766610338,2643.249999632728,1,0,12.324271202087402,11.331111111111111
3657,365.7,-1759.5557019640246,507.59461411946575,-1769.876092980389,437.0780440605454,-1.8626426766610338,2679.8477653139375,1,0,12.94784164428711,11.103055555555555
3658,365.801,-1760.505092902713,506.9489610724383,-1771.103400883262,436.70933049494363,-1.8626426766610338,2714.3819005866976,1,0,12.428335189819336,11.396111111111113
3659,365.901,-1761.347510214534,506.2476482809458,-1772.2775919430633,436.35657453912887,-1.8626426766610338,2748.2100261066976,1,0,12.092361450195312,11.088888888888889
3660,366.0,-1762.2634718947686,505.5574674378717,-1773.4452980570109,436.0057668209999,-1.8626426766610338,2784.0738811072765,1,0,12.539225578308105,11.438888888888888
3661,366.1,-1763.1393184649392,504.8784185440071,-1774.6381096694224,435.64741679190456,-1.8626426766610338,2819.4457586726435,1,0,12.370325088500977,11.12888888888889
3662,366.201,-1764.0485942935632,504.2105015993518,-1775.8343100837626,435.288048683125,-1.8626426766610338,2855.652886826846,1,0,12.362664222717285,11.203055555555556
3663,366.301,-1764.9311267154333,503.52032075627767,-1777.0379731778944,434.9264386012689,-1.8626426766610338,2893.454200601418,1,0,12.77349853515625,11.24388888888889
3664,366.401,-1765.94069031927,502.94145940450676,-1778.2551672869938,434.5607634687737,-1.8626426766610338,2930.591805222095,1,0,12.645233154296875,11.236111111111112
3665,366.501,-1766.7897934827308,502.1622229693393,-1779.4615677749362,434.198331006299,-1.8626426766610338,2967.8209721914213,1,0,12.548094749450684,11.528888888888888
3666,366.601,-1767.745870273089,501.5277018707303,-1780.6643008986377,433.83700031049784,-1.8626426766610338,3005.5734409903234,1,0,12.568647384643555,11.315
3667,366.701,-1768.574915881511,500.7929932316096,-1781.87587399318,433.4730138694181,-1.8626426766610338,3044.3018500148974,1,0,12.73270034790039,11.171944444444444
3668,366.8,-1769.4039614899475,500.0582845924888,-1783.1014979997262,433.1048061878062,-1.8626426766610338,3084.397267653542,1,0,13.120606422424316,11.181111111111111
3669,366.9,-1770.2731222084628,499.36810374941473,-1784.3721069543546,432.72308391823566,-1.8626426766610338,3126.018759816876,1,0,13.413590431213379,11.131944444444445
3670,367.0,-1771.0486810034508,498.61113121266607,-1785.6275740686874,432.3459106309638,-1.8626426766610338,3165.031634233185,1,0,12.804398536682129,10.956944444444444
3671,367.101,-1771.9445851286612,497.89868647117316,-1786.8574319396128,431.9764309920641,-1.8626426766610338,3204.815578020103,1,0,12.624502182006836,11.278888888888888
3672,367.2,-1772.7803165887678,497.20850562809903,-1788.062558318288,431.6143813034392,-1.8626426766610338,3245.077767886974,1,0,12.796427726745605,11.01
3673,367.3,-1773.6026763455343,496.4960608873971,-1789.297627825435,431.24333596047336,-1.8626426766610338,3286.7453887500574,1,0,12.995596885681152,10.966111111111111
3674,367.401,-1774.4918946190894,495.7836161459042,-1790.5636239349242,430.8629995033586,-1.8626426766610338,3329.760722561096,1,0,13.180508613586426,11.273055555555555
3675,367.5,-1775.2941968207867,495.08230335441164,-1791.817554587768,430.4862878070149,-1.8626426766610338,3372.458095285789,1,0,13.269898414611816,10.851944444444444
3676,367.6,-1776.1834150943419,494.4255183581748,-1793.092384714899,430.10329739310924,-1.8626426766610338,3416.2200943795447,1,0,13.352449417114258,10.99611111111111
3677,367.7,-1776.9656597409999,493.64628192300734,-1794.3748652234103,429.71800861594005,-1.8626426766610338,3460.6088724004903,1,0,13.429661750793457,11.028055555555556
3678,367.8,-1777.7545902393426,492.87817743704926,-1795.6664538159234,429.32998354568565,-1.8626426766610338,3505.8048228203056,1,0,13.542654037475586,11.043055555555556
3679,367.9,-1778.4766622208822,492.08780905188144,-1796.9685107865453,428.9388135164446,-1.8626426766610338,3551.7383169887703,1,0,13.648273468017578,10.75
3680,368.0,-1779.1853624990524,491.2529128706668,-1798.284676875439,428.543404760073,-1.8626426766610338,3598.8219420923165,1,0,13.837295532226562,10.891944444444444
3681,368.1,-1779.8940627772224,490.42914863866173,-1799.6361778676405,428.13738052721135,-1.8626426766610338,3648.693864753006,1,0,14.386174201965332,10.821111111111112
3682,368.2,-1780.6763074238952,489.70557194875033,-1801.006290552981,427.725764882673,-1.8626426766610338,3697.430635718569,1,0,14.225964546203613,10.751944444444444
3683,368.3,-1781.4719237738782,488.95973136042016,-1802.3614068942838,427.31865450976875,-1.8626426766610338,3746.120827022147,1,0,14.073004722595215,10.833055555555555
3684,368.401,-1782.247482568896,488.19162687367117,-1803.717512237493,426.91124701629803,-1.8626426766610338,3795.4594534671096,1,0,13.966225624084473,10.901944444444444
3685,368.501,-1783.0698423256333,487.45691823455036,-1805.0697886617268,426.50498982452797,-1.8626426766610338,3846.4109409832026,1,0,14.2734375,10.973888888888888
3686,368.601,-1783.818657713897,486.7333415446389,-1806.4389886845725,426.09364836631386,-1.8626426766610338,3897.600030137,1,0,14.319642066955566,10.536111111111111
3687,368.701,-1784.634331618964,486.00976485472756,-1807.808801928934,425.6821226812313,-1.8626426766610338,3949.017538396745,1,0,14.286243438720703,10.83611111111111
3688,368.801,-1785.403204562267,485.2082645211413,-1809.1878276985829,425.2678293263252,-1.8626426766610338,4002.0956125251455,1,0,14.512027740478516,11.066944444444445
3689,368.9,-1786.1185906921075,484.40676418676395,-1810.5720304561592,424.85198067655523,-1.8626426766610338,4055.6674487027285,1,0,14.686338424682617,10.80111111111111
3690,369.0,-1786.800547563568,483.5718680063404,-1812.0785411793854,424.3993876971751,-1.8626426766610338,4121.3464525626405,1,0,16.774208068847656,10.823055555555555
3691,369.1,-1787.4891902866987,482.7369718251258,-1813.6669137782337,423.922201391233,-1.8626426766610338,4181.69092648881,1,0,16.395864486694336,10.798888888888888
3692,369.2,-1788.331607598475,482.0356590328424,-1815.2376205922865,423.45032232277055,-1.8626426766610338,4243.481858028123,1,0,16.405292510986328,10.821944444444446
3693,369.3,-1789.000192766566,481.1673670055815,-1816.766197791262,422.99110002980524,-1.8626426766610338,4300.906623867071,1,0,15.516069412231445,10.913055555555555
3694,369.4,-1789.722264748091,480.3547347227858,-1818.2462348173494,422.54646040202,-1.8626426766610338,4359.881995269598,1,0,15.39162540435791,10.883055555555556
3695,369.5,-1790.4109074712364,479.49757464315235,-1819.7005790584176,422.1095395205677,-1.8626426766610338,4417.375459035359,1,0,14.979525566101074,10.876111111111111
3696,369.6,-1791.1463511561158,478.7183382071939,-1821.1145178561624,421.68475743089095,-1.8626426766610338,4473.760528244247,1,0,14.547836303710938,10.834999999999999
3697,369.7,-1791.8283080275912,477.86117812835147,-1822.5089245804847,421.2658432578294,-1.8626426766610338,4531.46221828611,1,0,14.571636199951172,10.876111111111111
3698,369.8,-1792.5303224540323,477.0374138963464,-1823.8850528921732,420.85242037076046,-1.8626426766610338,4587.451069138635,1,0,14.16612720489502,10.818888888888889
3699,369.9,-1793.178850067099,476.1691218682945,-1825.2489670076611,420.4426669294937,-1.8626426766610338,4645.333309481413,1,0,14.316566467285156,10.834999999999999
3700,370.0,-1793.8541210868746,475.3564895854988,-1826.59615375725,420.03793880152386,-1.8626426766610338,4700.804946936326,1,0,13.816808700561523,10.62888888888889
3701,370.1,-1794.4692194415172,474.47706560902856,-1827.9212971387817,419.6398330450186,-1.8626426766610338,4757.6527952151455,1,0,13.856233596801758,10.62111111111111
3702,370.2,-1795.157862164648,473.6533013770234,-1829.2473887120261,419.24144242833563,-1.8626426766610338,4814.806194232971,1,0,13.836609840393066,10.733055555555556
3703,370.3,-1795.7595888158912,472.7738773997621,-1830.5769173032718,418.842019246671,-1.8626426766610338,4872.946055092722,1,0,13.928009033203125,10.626944444444444
3704,370.4,-1796.3479437638098,471.8944534217099,-1831.9030642710425,418.44361198810606,-1.8626426766610338,4930.553884185274,1,0,13.7659912109375,10.575
3705,370.5,-1797.0098430802607,471.05955724128637,-1833.2018751132932,418.0534171758935,-1.8626426766610338,4986.6370926843465,1,0,13.357147216796875,10.604999999999999
3706,370.6,-1797.5915121764795,470.2023971616529,-1834.4684530087038,417.67290593593816,-1.8626426766610338,5042.266931943794,1,0,13.09286880493164,10.446111111111112
3707,370.7,-1798.1865529760678,469.3341051336011,-1835.7121975817984,417.299254389191,-1.8626426766610338,5097.503972362137,1,0,12.880317687988281,10.446944444444444
3708,370.8,-1798.7682220723016,468.4658131055492,-1836.9444763556403,416.92904745134354,-1.8626426766610338,5153.24815327225,1,0,12.85342788696289,10.52111111111111
3709,370.9,-1799.3231477618406,467.586389128288,-1838.1802378148573,416.5577942289089,-1.8626426766610338,5209.965535642352,1,0,12.953046798706055,10.326944444444445
3710,371.0,-1799.918188561429,466.77375684549224,-1839.4254715097265,416.18369531325135,-1.8626426766610338,5267.523139915238,1,0,13.051237106323242,10.261111111111111
3711,371.101,-1800.4396849924997,465.88320091981257,-1840.7040666799612,415.7995737875325,-1.8626426766610338,5327.820717353477,1,0,13.385370254516602,10.323055555555554
3712,371.201,-1801.021354088763,465.0371727893886,-1841.959677007183,415.4223574755764,-1.8626426766610338,5384.574388462989,1,0,12.835609436035156,10.296111111111111
3713,371.301,-1801.5227929648386,464.1243529644991,-1843.1880351911866,415.0533283796178,-1.8626426766610338,5442.265483379056,1,0,12.816262245178223,10.291944444444445
3714,371.401,-1802.0509752476537,463.2894567832845,-1844.4063380128239,414.68732016252983,-1.8626426766610338,5499.3549542291785,1,0,12.625622749328613,10.01611111111111
3715,371.501,-1802.5457282720001,462.42116475602364,-1845.6153433221866,414.3241051474525,-1.8626426766610338,5557.027741124878,1,0,12.622101783752441,9.99
3716,371.6,-1803.0003661863122,461.4526851858781,-1846.815470844013,413.96355723872193,-1.8626426766610338,5614.916785959726,1,0,12.693382263183594,10.305
3717,371.7,-1803.5151767657278,460.6066570554541,-1848.0523967756328,413.59195418005567,-1.8626426766610338,5676.209631052382,1,0,13.137410163879395,10.131944444444445
3718,371.8,-1803.902956163222,459.60478163847125,-1849.3271897751877,413.20897492018963,-1.8626426766610338,5739.452365762701,1,0,13.484162330627441,10.331944444444444
3719,371.9,-1804.3241648191101,458.6919618135817,-1850.625159470052,412.8190328093989,-1.8626426766610338,5803.557223789115,1,0,13.621410369873047,10.02111111111111
3720,372.001,-1804.758745178368,457.81253783711145,-1851.938266222012,412.4245431533007,-1.8626426766610338,5868.079004046479,1,0,13.528768539428711,9.983888888888888
3721,372.1,-1805.22006894435,456.8774541138031,-1853.2234148190698,412.0384528165238,-1.8626426766610338,5932.201623444337,1,0,13.58014965057373,10.228888888888887
3722,372.2,-1805.5811049351198,455.9312384420763,-1854.5343754208534,411.6446079168735,-1.8626426766610338,5998.67646151226,1,0,13.796712875366211,10.078055555555554
3723,372.3,-1805.9621984809144,455.0184186179778,-1855.8951313176678,411.2358032823938,-1.8626426766610338,6070.406948872845,1,0,14.620027542114258,9.955
3724,372.4,-1806.390092988502,454.10559879308823,-1857.2910552035328,410.81643331658404,-1.8626426766610338,6141.008771573788,1,0,14.5311279296875,10.166944444444445
3725,372.5,-1806.7043280175376,453.12598727452416,-1858.6837882642183,410.39802195335994,-1.8626426766610338,6212.439026556988,1,0,14.553393363952637,10.184999999999999
3726,372.6,-1807.058678156608,452.168639653588,-1860.0865833547077,409.97658770820254,-1.8626426766610338,6285.586587830333,1,0,14.741253852844238,10.173055555555557
3727,372.701,-1807.3261122238207,451.14450033818633,-1861.5149067819984,409.547484121013,-1.8626426766610338,6360.09294547498,1,0,14.791178703308105,10.403888888888888
3728,372.801,-1807.6202896977873,450.16488881883123,-1862.9302002110962,409.1222950666658,-1.8626426766610338,6434.20233942075,1,0,14.764472007751465,10.226111111111111
3729,372.901,-1807.9545822818477,449.19640924947663,-1864.340491418573,408.6986088030735,-1.8626426766610338,6508.4362723349095,1,0,14.68671703338623,10.336944444444445
3730,373.001,-1808.2220163490604,448.1834018832843,-1865.7568238261265,408.27310761397183,-1.8626426766610338,6584.691504950634,1,0,14.890630722045898,10.431944444444444
3731,373.101,-1808.556308933106,447.1815264655105,-1867.205426764771,407.83791156137704,-1.8626426766610338,6664.353722962701,1,0,15.360624313354492,10.508888888888889
3732,373.201,-1808.8170571486635,446.1573871508997,-1868.7129898469939,407.38500242739786,-1.8626426766610338,6749.109314863979,1,0,16.121898651123047,10.64388888888889
3733,373.301,-1809.1179204743003,445.1221158862886,-1870.2544009484513,406.92192451357846,-1.8626426766610338,6832.864876803867,1,0,16.067474365234375,10.738055555555555
3734,373.4,-1809.3652969864881,444.075712672468,-1871.755327881511,406.47100904248873,-1.8626426766610338,6913.301646379421,1,0,15.593070983886719,10.709999999999999
3735,373.5,-1809.5324432785185,443.018177510229,-1873.2703090808443,406.0158713231616,-1.8626426766610338,6999.210609809599,1,0,16.04436492919922,10.731944444444444
3736,373.6,-1809.8132490491155,441.9606423479901,-1874.8016363234933,405.55582284924685,-1.8626426766610338,7084.263720830917,1,0,15.934426307678223,10.906944444444445
3737,373.701,-1809.9937670444856,440.8697113381228,-1876.3152162733024,405.1011060998386,-1.8626426766610338,7167.054216972274,1,0,15.360795021057129,11.016944444444444
3738,373.801,-1810.1742850398705,439.7565164298367,-1877.8350526909755,404.6445097531681,-1.8626426766610338,7257.831826459549,1,0,16.378032684326172,11.183055555555555
3739,373.901,-1810.3414313319008,438.6655854199695,-1879.4038671403312,404.17319919773587,-1.8626426766610338,7347.624082917463,1,0,16.38360595703125,11.066944444444445
3740,374.001,-1810.3481171835856,437.4855988180089,-1880.992505523303,403.69593304368755,-1.8626426766610338,7441.162447791692,1,0,16.792016983032227,11.193055555555556
3741,374.101,-1810.374860590295,436.30561221525727,-1882.6077273421165,403.21068056983125,-1.8626426766610338,7535.800380283007,1,0,16.938749313354492,11.434999999999999
3742,374.2,-1810.3414313319008,435.0810978164589,-1884.233738813591,402.72218661818863,-1.8626426766610338,7633.1883577374765,1,0,17.360328674316406,11.660000000000002
3743,374.3,-1810.4350332554282,433.91224316291675,-1885.8961370404627,402.2227611877444,-1.8626426766610338,7731.476149243087,1,0,17.35562515258789,11.713055555555556
3744,374.4,-1810.5553785856648,432.7433885101655,-1887.5982744693185,401.71139712085585,-1.8626426766610338,7837.1873356215765,1,0,18.190204620361328,11.92388888888889
3745,374.5,-1810.6757239159465,431.57453385662336,-1889.3083098880654,401.1976603029999,-1.8626426766610338,7936.663924464918,1,0,17.520559310913086,11.978055555555557
3746,374.6,-1810.6957814709856,430.3166236109878,-1891.01135819839,400.6860225848512,-1.8626426766610338,8042.684340301767,1,0,18.044292449951172,12.466944444444444
3747,374.7,-1810.856241911346,429.18116480428284,-1892.743478085831,400.1656510478856,-1.8626426766610338,8149.146258912405,1,0,18.127662658691406,11.788888888888888
3748,374.8,-1810.869613614686,427.90099066022844,-1894.4622733291746,399.64928256265944,-1.8626426766610338,8253.435068054698,1,0,17.766033172607422,12.508055555555556
3749,374.9,-1810.9565296865433,426.6764762614302,-1896.1714862784913,399.13579283490657,-1.8626426766610338,8360.753832970162,1,0,17.927555084228516,12.483888888888888
3750,375.0,-1811.1370476819284,425.50762160867896,-1897.8687931037227,398.62588000049374,-1.8626426766610338,8465.318093246877,1,0,17.517396926879883,12.148888888888887
3751,375.1,-1811.07687501681,424.17178771857743,-1899.556319438519,398.11890546664364,-1.8626426766610338,8573.332566938549,1,0,17.723308563232422,12.76611111111111
3752,375.2,-1811.0969325718345,422.8582177276857,-1901.2718806096773,397.6035085764705,-1.8626426766610338,8684.95143863484,1,0,18.10284996032715,12.993888888888888
3753,375.3,-1811.07687501681,421.5780435836313,-1903.055526905345,397.0676572355735,-1.8626426766610338,8805.547416153388,1,0,19.14513397216797,12.801944444444445
3754,375.4,-1811.07687501681,420.2644735919487,-1904.8454474417053,396.5299209580181,-1.8626426766610338,8916.901752947646,1,0,18.233875274658203,13.07611111111111
3755,375.5,-1811.0969325718345,418.96203554947544,-1906.6506652701084,395.987588996625,-1.8626426766610338,9042.089079958201,1,0,19.464588165283203,13.01388888888889
3756,375.6,-1811.230649605441,417.7152572530493,-1908.5443618114768,395.41867584752754,-1.8626426766610338,9170.910859111886,1,0,20.081581115722656,12.888055555555555
3757,375.7,-1811.183848643692,416.3126316684823,-1910.4248064112078,394.8537439085575,-1.8626426766610338,9291.216333170187,1,0,19.187847137451172,13.739999999999998
3758,375.8,-1811.3175656772985,415.0658533720561,-1912.2212451433816,394.3140494042083,-1.8626426766610338,9407.446734614527,1,0,18.327281951904297,13.09888888888889
3759,375.9,-1811.4646544142893,413.819075074839,-1913.9589422046993,393.7920023466489,-1.8626426766610338,9523.576686384074,1,0,17.96114158630371,12.96
3760,376.001,-1811.5181412277375,412.5055050839473,-1915.6481125348657,393.2845339160404,-1.8626426766610338,9634.183138266568,1,0,16.964637756347656,13.078888888888889
3761,376.101,-1811.5582563378018,411.20306704147407,-1917.2435666822685,392.805220138246,-1.8626426766610338,9741.43325002624,1,0,16.35331916809082,13.166944444444445
3762,376.2,-1811.611743151265,409.8561012029541,-1918.7985577477261,392.33806246829073,-1.8626426766610338,9850.230051094664,1,0,16.447654724121094,13.423055555555555
3763,376.3,-1811.5649421895012,408.5202673136436,-1920.3722164095848,391.8652965919399,-1.8626426766610338,9960.508065633132,1,0,16.415145874023438,13.158055555555555
3764,376.401,-1811.6652299647433,407.21782927117033,-1921.9989004610293,391.376600580685,-1.8626426766610338,10079.583594423217,1,0,17.21864891052246,13.40611111111111
3765,376.501,-1811.611743151265,405.8152036873944,-1923.672298862595,390.8738704264432,-1.8626426766610338,10201.422977775246,1,0,17.727022171020508,13.703055555555556
3766,376.601,-1811.6719158163833,404.47936979808384,-1925.3606789033054,390.3666394182798,-1.8626426766610338,10321.50905617668,1,0,17.531511306762695,13.3
3767,376.7,-1811.584999744526,403.1324039587729,-1927.0056649445369,389.8724450378739,-1.8626426766610338,10438.537646411494,1,0,17.167816162109375,13.388055555555557
3768,376.8,-1811.5248270794223,401.74091032420625,-1928.645154954598,389.37990180079134,-1.8626426766610338,10557.502478480048,1,0,17.069744110107422,13.75111111111111
3769,376.9,-1811.5448846344468,400.4273403333146,-1930.3000889403093,388.8827188124974,-1.8626426766610338,10681.242684340674,1,0,17.490333557128906,13.356944444444444
3770,377.0,-1811.5716280411712,399.0581105955849,-1931.962187954538,388.3833832729112,-1.8626426766610338,10802.741157493625,1,0,17.219371795654297,13.72388888888889
3771,377.101,-1811.6184290029498,397.73340865548374,-1933.5742400738989,387.89908305495123,-1.8626426766610338,10917.222915227901,1,0,16.111888885498047,13.463888888888889
3772,377.2,-1811.6652299647433,396.3975747661732,-1935.0979052771986,387.44133644664134,-1.8626426766610338,11031.2695213768,1,0,16.028297424316406,13.483055555555556
3773,377.3,-1811.6451724096742,395.07287282528114,-1936.663917576405,386.97086772622896,-1.8626426766610338,11153.0057421122,1,0,16.674823760986328,13.37
3774,377.4,-1811.6719158163833,393.70364308834246,-1938.2784443377654,386.4858240647752,-1.8626426766610338,11277.87634129443,1,0,17.041427612304688,13.62
3775,377.501,-1811.5448846344468,392.3010175045664,-1939.9707423396987,385.97741600442384,-1.8626426766610338,11412.615627645973,1,0,17.949020385742188,13.456944444444444
3776,377.601,-1811.4579685626043,390.9317877676276,-1941.6845054949572,385.46255928257506,-1.8626426766610338,11544.371629129077,1,0,17.839590072631836,13.491111111111111
3777,377.7,-1811.4579685626043,389.5514260822704,-1943.5220181440134,384.91052516050524,-1.8626426766610338,11706.146424662114,1,0,20.9208927154541,13.881944444444445
3778,377.801,-1811.4913978210134,388.17106439691315,-1945.5651392607851,384.2967211833959,-1.8626426766610338,11869.001684909257,1,0,21.32327651977539,13.741111111111111
3779,377.901,-1811.5783138928707,386.8352305068117,-1947.6422290399516,383.67271218226534,-1.8626426766610338,12038.294419772921,1,0,22.052703857421875,13.739999999999998
3780,378.001,-1811.712030926492,385.4993966175012,-1949.7060053178584,383.052702885291,-1.8626426766610338,12196.089368378507,1,0,21.045249938964844,13.613055555555555
3781,378.1,-1811.7655177399256,384.1301668805624,-1943.611113691354,358.95930939656756,-1.9615823262948577,4498.245317153551,0,1,21.07105827331543,13.680000000000001
3782,378.2,-1811.96609329035,382.8945205333457,-1940.8247303897099,354.71294919334514,-1.9695193210824404,3171.649112088843,0,1,19.671119689941406,13.04888888888889
3783,378.3,-1812.079752768917,381.580950541663,-1935.8521227164817,351.7674030710824,-1.9765447562560474,2116.6249725889793,0,1,19.486621856689453,13.291944444444447
3784,378.4,-1812.1733546924445,380.2451166523525,-1927.322485569508,350.6382742761692,-1.9826610759245602,1348.4114918068797,0,1,19.524120330810547,13.443888888888889
3785,378.501,-1812.3471868361446,378.9760744567165,-1913.4231830788904,351.86596757774197,-1.988208396801486,826.3554378337843,0,1,19.416730880737305,13.145
3786,378.6,-1812.5210189798743,377.66250446503386,-1893.1577485413163,355.6034848165908,-1.9938861201192803,487.3441656385732,0,1,18.346961975097656,13.253888888888888
3787,378.7,-1812.5544482382684,376.3044066780955,-1870.5110892179343,360.5469758164545,-1.9999612404535547,274.30375348718127,0,1,18.797094345092773,13.353888888888887
3788,378.8,-1812.4541604630415,374.89064914431907,-1847.9195843499633,365.54602106185405,-2.007547027936702,145.3091943323124,0,1,19.225536346435547,13.478055555555555
3789,378.9,-1812.320443429435,373.4657596621242,-1830.9182958533859,368.94024471730233,-2.0163913069063772,72.15534593840421,0,1,18.132190704345703,13.72888888888889
3790,379.0,-1812.2335273575775,372.06313407913916,-1821.160196972039,369.93745068856765,-2.165994135144553,34.04282795201271,0,1,18.805355072021484,13.678888888888888
3791,379.1,-1812.3806160945683,370.78295993429373,-1818.9053356533286,369.5547946866653,-2.170626995496689,24.639947791779857,0,1,19.12990951538086,13.301111111111108
3792,379.2,-1812.6012492000323,369.51391773944874,-1818.2085398113704,368.75428670507966,-2.1765071516022063,20.40566382050884,0,1,18.902395248413086,13.201944444444445
3793,379.3,-1812.8553115639052,368.32279918748776,-1818.0583656399133,367.8209492974941,-2.1836851411823224,17.888693165030993,0,1,18.244075775146484,12.684999999999999
3794,379.4,-1812.8352540088656,366.9201736037117,-1818.0879957647294,366.76345862512153,-2.193206096901278,16.733566636410725,0,1,18.334819793701172,13.318888888888889
3795,379.5,-1812.7884530471017,365.59547166361057,-1818.1569545739037,365.65778503437815,-2.204889005873218,15.21645603919265,0,1,16.954830169677734,13.116111111111111
3796,379.6,-1812.8686832672597,364.2596377743001,-1818.2292080562377,364.52678202277866,-2.2183456051770456,14.601796070390826,0,1,16.663475036621094,13.183055555555557
3797,379.7,-1812.6413643101112,362.87927608815187,-1818.280892654965,363.3191582635102,-2.234262864527838,14.604158483130465,0,1,17.167999267578125,13.226944444444444
3798,379.8,-1812.6213067550718,361.46551855516645,-1818.3951287575592,361.99436177847076,-2.2522971546006403,15.354714627767585,0,1,18.701759338378906,13.623055555555554
3799,379.9,-1812.6681077168503,360.21874025874024,-1818.579725126308,360.581653148152,-2.271720390647088,15.991144163554281,0,1,19.842430114746094,12.798055555555555
3800,380.0,-1812.7750813437324,358.9496980638953,-1818.2348331264989,358.41302275984015,-2.4318297071330877,13.995703338634542,0,1,19.9130916595459,13.073055555555555
3801,380.1,-1812.9555993391025,357.74744756272486,-1818.4125694047907,356.94240621823855,-2.443384941792824,14.376051412184014,0,1,20.838329315185547,12.563055555555554
3802,380.201,-1813.069258817699,356.52293316392655,-1818.599105725809,355.44125147253993,-2.455791074266202,14.66986720574771,0,1,21.28630256652832,12.178888888888888
3803,380.301,-1813.0960022244083,355.23162707066274,-1818.7457856446374,353.94242843207513,-2.4692360495892918,14.878080514222464,0,1,21.59269142150879,12.581944444444444
3804,380.4,-1813.142803186187,353.92918902818946,-1818.8442062988636,352.4671600709072,-2.483416386696207,14.776703599788044,0,1,21.347442626953125,12.883055555555554
3805,380.501,-1813.136117334517,352.7714663246477,-1818.921148444606,350.99860579287474,-2.497920822653623,14.945241983774459,0,1,21.57400131225586,11.831111111111111
3806,380.601,-1813.1561748895563,351.4690282813835,-1818.95303492355,349.55174617099516,-2.5128736357781674,14.861644885406614,0,1,21.376220703125,12.678888888888888
3807,380.701,-1813.176232444581,350.1777221889106,-1818.95074119833,348.12327995364046,-2.5280403155413924,14.820273062831252,0,1,21.279220581054688,12.875
3808,380.801,-1813.0893163727235,348.9198119424841,-1818.886441211997,346.7385500878216,-2.543466335562664,14.388959008479967,0,1,20.432170867919922,12.46888888888889
3809,380.901,-1813.142803186187,347.6173739000108,-1818.8035782443283,345.37816168694724,-2.558657805102311,14.4616821519952,0,1,20.59662628173828,12.623055555555556
3810,381.001,-1813.2029758512756,346.326067806747,-1817.9749184060374,343.4263775196281,-2.6924968129522195,13.208254563898588,0,1,20.680688858032227,12.54611111111111
3811,381.101,-1813.2832060714632,345.1126853571581,-1817.9000982070484,342.1127226056086,-2.7001786616663677,13.03568873587026,0,1,20.28376579284668,12.223888888888888
3812,381.2,-1813.3500645882812,343.89930290836026,-1817.8201980619176,340.8337320052623,-2.708015073390921,13.21332417052034,0,1,20.599384307861328,12.139999999999997
3813,381.3,-1813.530582583666,342.7638441016553,-1817.802614629324,339.50975410350026,-2.7155693487941384,13.721998287745768,0,1,21.62738609313965,12.036944444444444
3814,381.401,-1813.6241845072084,341.5838574996947,-1817.7964167803943,338.1879824712517,-2.7231897782961876,13.412588293038748,0,1,20.651607513427734,11.860000000000001
3815,381.5,-1813.7913307992087,340.4929264898274,-1817.764175870274,337.00480362497956,-2.7304053674530526,13.082750677607779,0,1,19.731590270996094,11.668888888888889
3816,381.6,-1813.9517912395543,339.3797315815413,-1817.7320938114633,335.88338352268613,-2.737296695599299,12.799158067218453,0,1,18.886486053466797,11.476944444444444
3817,381.7,-1814.1256233832692,338.2442727756274,-1817.7016083161825,334.8155357136288,-2.7438662231474544,12.587952976355329,0,1,18.235050201416016,11.53111111111111
3818,381.8,-1814.3261989336936,337.15334176655114,-1817.6823133553219,333.79337713990066,-2.7499867745028794,12.374026355134156,0,1,17.578975677490234,11.348055555555556
3819,381.9,-1814.5334603358178,336.08467465431175,-1817.667845015089,332.8308164331116,-2.7556453577069644,11.99932003317937,0,1,16.479684829711914,11.221111111111112
3820,382.0,-1814.7540934412816,334.9937436444445,-1817.6341465600074,331.98199658907527,-2.760840664678189,11.213446481912525,0,1,14.094390869140625,11.241944444444444
3821,382.1,-1814.9680406950456,333.92507653299606,-1817.2960562311002,331.08325965245893,-2.814613828623346,10.47685796947818,0,1,13.365764617919922,11.045
3822,382.2,-1815.1953596522092,332.8341455231288,-1817.2895179671682,330.31778959042794,-2.8172103247346767,10.369208584069968,0,1,12.983040809631348,11.063055555555556
3823,382.301,-1815.4494220160968,331.7654784116805,-1817.3237970164225,329.5018839776476,-2.819614205217179,10.45057012469709,0,1,13.156448364257812,11.071944444444444
3824,382.4,-1815.6834268249004,330.6856793510226,-1817.38425100406,328.6597663866856,-2.8219077401242045,10.44251312986748,0,1,13.05852222442627,11.118888888888888
3825,382.5,-1815.9508608921578,329.65040808641146,-1817.4816160538414,327.77480692615484,-2.8240018918049206,10.518509212305943,0,1,13.181488037109375,10.943055555555556
3826,382.6,-1816.2182949593853,328.58174097496305,-1817.608028620419,326.85268259716565,-2.825959471800771,10.58202651044724,0,1,13.23543930053711,10.981944444444443
3827,382.7,-1816.4924148782827,327.5464697103519,-1817.7556754610532,325.9182292014231,-2.827756164167668,10.574727800694577,0,1,13.02411937713623,10.806111111111111
3828,382.8,-1816.7865923522643,326.4889345481129,-1817.9183806377025,324.98888545582184,-2.829383364760965,10.504950252197254,0,1,12.59918212890625,10.986944444444443
3829,382.9,-1817.0807698262013,325.4647952327112,-1818.0966517583856,324.0608787024419,-2.830835726673698,10.550797657785377,0,1,12.599991798400879,10.62
3830,383.0,-1817.361575596813,324.42952396810006,-1818.2905724991176,323.1163742360517,-2.8321804724754593,10.589033079510223,0,1,12.568928718566895,10.738055555555555
3831,383.1,-1817.6624389224496,323.4053846534893,-1818.5045478647019,322.14935605891344,-2.8333781964349063,10.71837133051185,0,1,12.836280822753906,10.809999999999999
3832,383.2,-1817.9499305447314,322.3923772865061,-1818.7335685078258,321.16325710009335,-2.834475003028643,10.776994159264058,0,1,12.855269432067871,10.535
3833,383.301,-1818.257479722038,321.3682379711043,-1818.9233915350703,320.14086943632617,-2.8467605787523804,10.324027751372878,0,1,12.876574516296387,10.706944444444444
3834,383.4,-1818.5449713443202,320.355230604912,-1819.1715517064104,319.14429786070104,-2.847311898105763,10.399161520554234,0,1,13.137580871582031,10.545
3835,383.501,-1818.8458346699565,319.36448713713855,-1819.4352694597917,318.12454295032796,-2.84778110845535,10.436287773005896,0,1,12.966846466064453,10.41
3836,383.601,-1819.1333262922235,318.4071395162024,-1819.6986931648626,317.12854451467945,-2.8481843732854606,10.5209219973887,0,1,13.058126449584961,10.263055555555557
3837,383.7,-1819.4275037661903,317.42752799684735,-1819.9633605161825,316.14762775647847,-2.8485314933800923,10.525918687548678,0,1,12.906420707702637,10.233888888888888
3838,383.8,-1819.7083095367873,316.48131232512054,-1820.2341805509989,315.16029534966617,-2.8488370882333975,10.64773437710056,0,1,13.101337432861328,9.953888888888889
3839,383.9,-1820.0292304174632,315.49056885734706,-1820.5248847107957,314.1343996991063,-2.8490468892066847,10.949519870417266,0,1,13.858560562133789,10.378055555555555
3840,384.0,-1820.3167220397454,314.5443531856203,-1820.8203578225014,313.1038651935809,-2.8492196219896146,10.921690432411754,0,1,13.5433988571167,9.936111111111112
3841,384.101,-1820.6175853653967,313.65379725994063,-1821.1190406123399,312.0900226185991,-2.8492836837524917,11.072357939693196,0,1,13.755014419555664,9.743055555555555
3842,384.2,-1820.925134542718,312.7187135358413,-1821.414776258887,311.10505005393503,-2.8492709871672464,11.094214677308718,0,1,13.681195259094238,9.788055555555554
3843,384.3,-1821.2193120166844,311.79476176332435,-1821.710637540394,310.1296844062458,-2.849218125403396,11.093187972970352,0,1,13.49315357208252,9.756944444444445
3844,384.4,-1821.5001177872518,310.9042058368537,-1821.9986691374068,309.1867637558229,-2.8491397507021468,11.055040602154026,0,1,13.219919204711914,9.42
3845,384.5,-1821.7408084477702,310.00251796196454,-1822.2773061533292,308.25428939619314,-2.849159545023025,11.16715794963204,0,1,13.397675514221191,9.283055555555556
3846,384.6,-1822.0617293284463,309.10083008549344,-1822.5763119179853,307.32116897788404,-2.847095302006298,10.587743437029888,0,1,13.443735122680664,9.553055555555554
3847,384.701,-1822.382650209152,308.18801026139494,-1822.8751953496917,306.3763506521842,-2.8469450812088053,10.63046299390511,0,1,13.45893669128418,9.496944444444445
3848,384.801,-1822.7303144965224,307.3197182333431,-1823.1822232019001,305.4478084083005,-2.8466287972221176,10.738546291427589,0,1,13.624822616577148,9.475
3849,384.901,-1823.0445495255433,306.5182178997568,-1823.4909257144068,304.54203689118435,-2.8461989271241204,10.739487240010119,0,1,13.41485595703125,8.796111111111111
3850,385.001,-1823.385527961274,305.6610578201234,-1823.8049858785514,303.64817704338543,-2.8456469966277163,10.835754688865652,0,1,13.533085823059082,9.090000000000002
3851,385.101,-1823.6797054352255,304.8150296904904,-1824.1154608050156,302.7653021416634,-2.8450948680530264,10.836186257803485,0,1,13.339105606079102,9.003055555555555
3852,385.2,-1824.0340555743253,304.08032105136965,-1824.4323531230932,301.91591991032703,-2.8443089321661303,10.953566578988234,0,1,13.570504188537598,8.703888888888889
3853,385.301,-1824.368348158371,303.30108461620216,-1824.7621552982105,301.0510114935755,-2.8434026611943852,11.010842686270257,0,1,13.50489616394043,8.64611111111111
3854,385.401,-1824.6758973356627,302.47732038340604,-1825.0929505771473,300.181316255084,-2.8424962106113716,11.283435381525372,0,1,14.135467529296875,8.719999999999999
3855,385.501,-1824.9968182163534,301.69808394823855,-1825.4349894941113,299.2900851147166,-2.8415112638902773,11.452789969297118,0,1,14.424736022949219,8.446944444444444
3856,385.601,-1825.3377966520839,300.8854516654428,-1825.7823593571447,298.40015103640576,-2.840429925598921,11.522619436064401,0,1,14.437692642211914,8.673055555555557
3857,385.7,-1825.7055184945384,300.09508328106597,-1826.1333633968854,297.53356159411607,-2.8391717765988864,11.60738814164756,0,1,14.538467407226562,8.61
3858,385.8,-1826.0866120403477,299.34924269273574,-1826.5207833366337,296.59693887320856,-2.8376618283696193,12.451255320225084,0,1,16.42559242248535,8.475
3859,385.9,-1826.4810772895264,298.5811382059867,-1826.9411506240563,295.5998720707628,-2.8358938503888127,12.692753278553688,0,1,16.776952743530273,8.568888888888889
3860,386.0,-1826.828741576912,297.8798254144942,-1827.4666368642227,294.74668137621256,-2.8112640297126137,11.188684681873525,0,1,15.076425552368164,8.073888888888888
3861,386.1,-1827.1964634193664,297.1562487237918,-1827.8469329389322,293.92525377911807,-2.810154605306655,11.410329776799173,0,1,15.701025009155273,8.145
3862,386.2,-1827.5842428168608,296.43267203388046,-1828.2335303241332,293.1146880898104,-2.808870812300424,11.33502946017144,0,1,15.238170623779297,8.183055555555555
3863,386.3,-1827.9452788076155,295.7090953431781,-1828.6094107742504,292.34384611894103,-2.8075100993307873,11.349239474870753,0,1,15.075496673583984,8.073888888888888
3864,386.4,-1828.3130006500703,294.9409908572201,-1828.982633044951,291.5833122234539,-2.806105311329416,11.390162084401243,0,1,15.0064697265625,8.235
3865,386.5,-1828.6940941958644,294.20628221809926,-1829.35536053211,290.83944337545535,-2.804599725498013,11.37446490956611,0,1,14.781580924987793,8.206944444444444
3866,386.6,-1829.0885594450435,293.48270552739694,-1829.7232430472052,290.130877338796,-2.8029693027833007,11.238403091737526,0,1,14.219053268432617,8.143055555555556
3867,386.701,-1829.5030822492618,292.78139273590443,-1830.1023418070993,289.42322471688504,-2.8011569562952596,11.41514874514373,0,1,14.550652503967285,8.136111111111111
3868,386.8,-1829.8975474984406,292.05781604520206,-1830.482529602159,288.7242406323721,-2.7992709603392645,11.432062291447444,0,1,14.504568099975586,8.213888888888889
3869,386.9,-1830.3187561543286,291.367635202128,-1830.8799962337516,288.0073061627931,-2.7972077994237945,11.587560510766155,0,1,14.784085273742676,8.078055555555554
3870,387.001,-1830.7466506619166,290.68858630826327,-1831.294814734306,287.2739206665605,-2.7949573819163103,11.678593032470578,0,1,14.841568946838379,8.061944444444444
3871,387.101,-1831.1745451694746,289.99840546598017,-1831.7053251017849,286.5762126926346,-2.7925720608223576,11.552536198782184,0,1,14.379558563232422,8.043888888888889
3872,387.201,-1831.6024396770624,289.3193565721155,-1832.1117917014217,285.9108846727408,-2.7900736262661434,11.497467699704782,0,1,14.122918128967285,7.973055555555556
3873,387.301,-1832.0503917396752,288.6514396274602,-1832.529280679484,285.24519163244616,-2.787408958738813,11.643476783655725,0,1,14.410944938659668,7.971111111111111
3874,387.4,-1832.4849720989328,287.96125878438613,-1832.9453779496348,284.5962972085085,-2.784679337939107,11.468678064662344,0,1,13.882102012634277,8.088055555555556
3875,387.5,-1832.9262383098753,287.2710779405211,-1833.5740530568362,284.0345129210419,-2.7428690045515425,10.740339236398029,0,1,13.71160888671875,8.06111111111111
3876,387.6,-1833.3474469657488,286.6142929458662,-1833.9828369920183,283.4218166456102,-2.741364645427971,10.608448493927384,0,1,13.200933456420898,7.836944444444445
3877,387.7,-1833.7753414733365,285.9575079496294,-1834.3877316069986,282.8259443411134,-2.7397633948834303,10.637276356965543,0,1,13.13213062286377,7.788055555555555
3878,387.8,-1834.2032359808945,285.28959100497417,-1834.790485270716,282.23728945164106,-2.738092878425231,10.570701075904445,0,1,12.730803489685059,7.904999999999999
3879,387.9,-1834.6177587851425,284.59941016190004,-1835.1895443324279,281.6493576806118,-2.736417975582118,10.606399927287608,0,1,12.701066017150879,7.888055555555555
3880,388.0,-1835.032281589346,283.9426251664542,-1835.5915561749746,281.0538540131506,-2.734706704599823,10.638547206275293,0,1,12.655754089355469,7.776944444444444
3881,388.101,-1835.4534902452492,283.26357627338047,-1836.0037561082272,280.433532253602,-2.732964513399331,10.736343500841905,0,1,12.778024673461914,7.911111111111111
3882,388.201,-1835.8680130494527,282.59565932793424,-1836.4155625173792,279.8118586481864,-2.7312018114432357,10.773598987596385,0,1,12.757363319396973,7.823055555555555
3883,388.301,-1836.2624782986165,281.927742383279,-1836.8264724170563,279.1821506923198,-2.729469120436299,10.834442732424607,0,1,12.80432415008545,7.793055555555555
3884,388.401,-1836.6770011028348,281.2820893362516,-1837.2407338517328,278.54871393271026,-2.727686368496407,10.882089632069663,0,1,12.806663513183594,7.741111111111111
3885,388.5,-1837.0781522036834,280.60304044238694,-1837.6473068308303,277.9241499498341,-2.7259350541579255,10.855406969465491,0,1,12.629669189453125,7.808888888888888
3886,388.6,-1837.4859891562319,279.9462554477321,-1838.0576227692732,277.29112376279437,-2.724166377458354,10.91440948717343,0,1,12.660977363586426,7.715
3887,388.7,-1837.8804544053808,279.2894704514952,-1838.464946394532,276.65938829362904,-2.722419552427954,10.910876836105379,0,1,12.516122817993164,7.761111111111111
3888,388.8,-1838.2949772095994,278.6438174044678,-1838.8739781955546,276.0293487820931,-2.7206258052843393,10.976035614799192,0,1,12.581828117370605,7.715
3889,388.9,-1838.6894424587633,277.99816435902244,-1839.2849316302152,275.3915649282282,-2.718844910956171,11.05071251304954,0,1,12.673382759094238,7.576944444444445
3890,389.0,-1839.0972794113115,277.3636432612044,-1839.6989051568523,274.7516426373775,-2.7170241976795015,11.093821766455045,0,1,12.676138877868652,7.586944444444444
3891,389.1,-1839.4917446604754,276.7068582649676,-1840.2660682634926,274.1771482674221,-2.6825877411340184,10.477172804268998,0,1,12.689969062805176,7.635
3892,389.201,-1839.8862099096395,276.08346911715,-1840.6797421708102,273.5371786343447,-2.681697047814327,10.458145288640337,0,1,12.509004592895508,7.451944444444445
3893,389.301,-1840.2873610105032,275.4378160701226,-1841.082791776121,272.91728844947244,-2.680768925747667,10.475882121573898,0,1,12.403823852539062,7.591111111111112
3894,389.401,-1840.681826259682,274.7921630238862,-1841.4838343371366,272.29661216388115,-2.679822833996022,10.53095285324741,0,1,12.4265775680542,7.541944444444444
3895,389.501,-1841.0896632122008,274.1687738752776,-1841.896206508211,271.65801808977494,-2.678804168771228,10.719777787808086,0,1,12.884997367858887,7.466944444444445
3896,389.601,-1841.4841284613797,273.53425277745964,-1842.309329373763,271.01535359176023,-2.6777640608689417,10.677233273854004,0,1,12.566231727600098,7.515
3897,389.7,-1841.891965413898,272.9108636288511,-1842.7334025952784,270.35536042173374,-2.6766566006203933,11.085977901358275,0,1,13.69430923461914,7.446944444444444
3898,389.8,-1842.2998023664466,272.2986064294519,-1843.1806252510432,269.65571382156344,-2.6754678694691916,11.125262064541257,0,1,13.599112510681152,7.3388888888888895
3899,389.9,-1842.7210110223348,271.6863492292618,-1843.6259473535197,268.97028475257747,-2.6741755970831855,11.234984349054972,0,1,13.72457504272461,7.493888888888889
3900,390.0,-1843.168963084962,271.10748787828186,-1844.091056189779,268.2703078024829,-2.6726744237474658,11.585689398935616,0,1,14.492612838745117,7.39
3901,390.1,-1843.5968575925203,270.5063626280922,-1844.5531797097553,267.5858988554861,-2.6710768732410526,11.380284813460504,0,1,13.772886276245117,7.39
3902,390.2,-1844.018066248423,269.9163693263209,-1844.9951389366124,266.94866597510367,-2.6694110464404948,11.394576168695433,0,1,13.671835899353027,7.341111111111111
3903,390.3,-1844.4259032009718,269.31524407613114,-1845.4296985535448,266.3252270192859,-2.6677435921791854,11.409538797619984,0,1,13.586458206176758,7.233055555555556
3904,390.4,-1844.8604835602296,268.74751467356964,-1845.8702239784834,265.70525455105553,-2.6659512274929433,11.55794641572385,0,1,13.857930183410645,7.161111111111111
3905,390.5,-1845.268320512748,268.1686533217988,-1846.3124506255133,265.0831414884712,-2.664145224023513,11.600743543185246,0,1,13.85299301147461,7.1338888888888885
3906,390.6,-1845.6761574652965,267.61205586686475,-1846.7680257396794,264.4405984245317,-2.662286606254847,12.003482111311278,0,1,14.728673934936523,6.9880555555555555
3907,390.7,-1846.0973661211847,267.04432646430325,-1847.2367892843233,263.78029723755657,-2.660354183966685,12.040783261249487,0,1,14.697526931762695,7.111111111111112
3908,390.8,-1846.5252606287577,266.5211248577885,-1847.8551616987302,263.23331138905576,-2.62747079984083,11.119104108765386,0,1,14.497354507446289,6.838055555555556
3909,390.9,-1846.9397834329463,265.9867913012733,-1848.2857744191156,262.66901631730326,-2.6264217843559865,10.806778324711997,0,1,13.44404411315918,6.816111111111111
3910,391.0,-1847.3476203854948,265.46358969475847,-1848.681179135307,262.171533811397,-2.6252934868650932,10.685885398440782,0,1,12.884281158447266,6.676944444444444
3911,391.1,-1847.7688290414276,264.973783935081,-1849.0535289057668,261.7271981815739,-2.6240345863954233,10.480519708255347,0,1,12.04350757598877,6.465
3912,391.2,-1848.163294290532,264.48397817619446,-1849.4174798285533,261.2993446201185,-2.622731954429735,10.568921661994356,0,1,12.245868682861328,6.333055555555555
3913,391.3,-1848.57113124311,264.01643631493573,-1849.7959009361825,260.85583842926167,-2.621328884405032,10.62764439994116,0,1,12.3207368850708,6.208888888888889
3914,391.4,-1848.9589106405895,263.54889445288615,-1850.1778027815542,260.40813330825836,-2.6198853347147626,10.653088143180279,0,1,12.275296211242676,6.058888888888889
3915,391.5,-1849.319946631359,263.05908869399957,-1850.5574627617411,259.95362517373144,-2.6184965251956873,10.711589234176726,0,1,12.333806037902832,6.096111111111111
3916,391.6,-1849.714411880538,262.6583385272064,-1850.944241195938,259.50432208437877,-2.6169524433576883,10.776748944759047,0,1,12.406089782714844,5.726944444444444
3917,391.7,-1850.0687620196081,262.2130605635756,-1851.3229930313864,259.06313720328353,-2.6154336715860063,10.735145879322399,0,1,12.14748764038086,5.68
3918,391.8,-1850.4565414171022,261.8234423467828,-1851.7005474658542,258.63954864653664,-2.613778203376765,10.786360034859452,0,1,12.184891700744629,5.53
3919,391.9,-1850.8242632595566,261.4115602291983,-1852.0762599444856,258.2219107731402,-2.612087015701945,10.784561574146197,0,1,12.06179428100586,5.506111111111111
3920,392.0,-1851.205356805366,261.02194201240553,-1852.446858844344,257.8233997409122,-2.6103034185386944,10.738199627913358,0,1,11.812739372253418,5.498055555555555
3921,392.1,-1851.566392796121,260.6211918456124,-1852.809677106561,257.4385439790091,-2.6085114356650645,10.733004024809773,0,1,11.697898864746094,5.321111111111111
3922,392.2,-1851.9341146385755,260.2649694748659,-1853.1690946714175,257.0697563540421,-2.606632083735361,10.707485324685466,0,1,11.527594566345215,5.1611111111111105
3923,392.3,-1852.288464777646,259.89761515491006,-1853.5227714546184,256.7131093564116,-2.6047321488857724,10.691904806926424,0,1,11.393548965454102,5.111944444444444
3924,392.402,-1852.6294432133907,259.552524733373,-1853.8812418746033,256.3510770120561,-2.6028105511270634,10.733939706331856,0,1,11.350160598754883,4.858888888888889
3925,392.502,-1852.9837933524611,259.2296982102548,-1854.2282573494113,256.0176165698656,-2.600809851567904,10.716956674651732,0,1,11.248748779296875,4.845
3926,392.6,-1853.2913425297975,258.9068716863456,-1854.5591458364966,255.70408077587672,-2.5988690517341175,10.71291967113321,0,1,11.256351470947266,4.496944444444444
3927,392.7,-1853.592205855419,258.6174410116466,-1854.8935860145343,255.38381527116402,-2.596935349542971,10.702510356796619,0,1,11.12868881225586,4.2380555555555555
3928,392.8,-1853.8730116260163,258.35027423299357,-1855.217960605334,255.0775647514264,-2.5950253965600982,10.733859561686044,0,1,11.136470794677734,3.9399999999999995
3929,392.9,-1854.1003305831648,258.09423940434084,-1855.5251505480464,254.783576280686,-2.5932586218868363,10.72540508565077,0,1,11.033662796020508,3.416944444444444
3930,393.0,-1854.3209636886286,257.860468473316,-1855.820463511399,254.49780250733383,-2.5915902903290173,10.811953022460791,0,1,11.201202392578125,3.206111111111111
3931,393.1,-1854.514853387383,257.67122533912885,-1856.1051408172652,254.22028532122155,-2.589999352219989,10.863183070593676,0,1,11.263879776000977,2.798888888888889
3932,393.2,-1854.695371382768,257.4931141533601,-1856.5748559315107,254.0887678578112,-2.5378958612858473,10.163920953719467,0,1,11.043172836303711,2.5180555555555553
3933,393.301,-1854.8558318231132,257.3372668668012,-1856.8134802998866,253.86895251094091,-2.5374975298711333,10.066965190311246,0,1,10.59515380859375,2.296111111111111
3934,393.4,-1854.9962347084193,257.1480237326141,-1857.0100378807922,253.69294103521344,-2.5371422750111488,10.012856442471806,0,1,10.334787368774414,2.2888888888888888
3935,393.5,-1855.1232658903557,257.014440343683,-1857.1922252984361,253.5287712751722,-2.536776745771605,10.024485928847389,0,1,10.251775741577148,1.906111111111111
3936,393.6,-1855.2636687756321,256.8585930563331,-1857.3741194333707,253.35710278318393,-2.5364007849051076,10.152407710167795,0,1,10.600255966186523,2.048888888888889
3937,393.7,-1855.404071660953,256.70274576977425,-1857.557886101327,253.17616231112436,-2.536013636561641,10.191916276828799,0,1,10.604434967041016,2.056111111111111
3938,393.8,-1855.5244169911896,256.5580304316337,-1857.7387104303791,252.9908841944692,-2.5356413236004034,10.319253556262687,0,1,10.904471397399902,1.963888888888889
3939,393.9,-1855.658134024796,256.4355789919121,-1857.9176859741794,252.80845616883587,-2.5352209690580674,10.339320755504298,0,1,10.8309965133667,1.8019444444444443
3940,394.0,-1855.7784793550773,256.2908636537716,-1858.1034661026347,252.6091133221131,-2.5348172157263966,10.621541299028019,0,1,11.58221435546875,1.9200000000000002
3941,394.1,-1855.9188822403833,256.1572802648406,-1858.2673937101774,252.44238884782877,-2.5343694433895694,10.232817340621741,0,1,10.205275535583496,1.851111111111111
3942,394.201,-1856.0459134222751,256.02369687590954,-1858.394729624449,252.32587254049403,-2.533918579394156,10.245849635281447,0,1,10.11104965209961,1.85
3943,394.301,-1856.1662587525716,255.89011348697846,-1858.4662552837449,252.2855584443538,-2.5334883407640274,9.710007894003864,0,1,8.10267448425293,1.8311111111111111
3944,394.401,-1856.293289934508,255.75653009804742,-1858.4972913221138,252.3015537604248,-2.5330670202046193,9.68704919298848,0,1,8.023092269897461,1.7730555555555552
3945,394.501,-1856.4136352647447,255.63407865753484,-1858.522431934641,252.3246287123979,-2.532653323964426,9.498050651976316,0,1,7.23488712310791,1.6938888888888888
3946,394.601,-1856.5206088916564,255.5116272178132,-1858.5044661735792,252.40488420257847,-2.5322811795916556,9.164460008409659,0,1,5.658919811248779,1.635
3947,394.7,-1856.640954221908,255.37804382888217,-1858.4686407214465,252.5080919153737,-2.5319357501851334,9.127985704649763,0,1,5.633828163146973,1.6869444444444446
3948,394.801,-1856.7679854038295,255.27785628757934,-1858.4520878380774,252.589020142972,-2.5315577851008317,9.047171045033698,0,1,5.1481709480285645,1.6169444444444445
3949,394.901,-1856.8682731790568,255.15540484706676,-1858.4402013575032,252.65717888378833,-2.531230975506358,9.031518980420202,0,1,5.138847827911377,1.5469444444444445
3950,395.001,-1856.9551892509141,255.04408535655452,-1858.4408119272327,252.701065297445,-2.5309532154904666,8.999291832997427,0,1,4.996222496032715,1.4799999999999998
3951,395.101,-1857.035419471072,254.91050196762347,-1858.4287384666345,252.75234121495427,-2.530752480369904,8.843894420255983,0,1,4.071422576904297,1.4919444444444445
3952,395.2,-1857.1290213946143,254.79918247711126,-1858.4097320740755,252.81154193214138,-2.5305688863744695,8.817501470039847,0,1,4.052911758422852,1.4711111111111113
3953,395.3,-1857.209251614787,254.69899493501748,-1858.401272497338,252.8527493031408,-2.5304073056770635,8.77333756320101,0,1,3.7585105895996094,1.3219444444444446
3954,395.4,-1857.2961676866446,254.56541154687739,-1858.383420258254,252.90089872399508,-2.5302883269340586,8.673045728690484,0,1,3.01711368560791,1.5138888888888888
3955,395.5,-1857.3697120551176,254.4540920555742,-1858.3625895117566,252.9484449661307,-2.530200153636346,8.665113808753393,0,1,3.0153121948242188,1.3669444444444445
3956,395.601,-1857.4432564236056,254.342772564271,-1858.3576427472785,252.96931608541638,-2.5301352834547255,8.67022998165214,0,1,2.988332748413086,1.3888888888888888
3957,395.7,-1857.5301724954481,254.25371697217764,-1858.3681212428926,252.97168870448021,-2.5300532810441365,8.667436362957645,0,1,3.1393566131591797,1.223888888888889
3958,395.8,-1857.6170885673057,254.1535294292929,-1858.3997091459642,252.94505530428137,-2.529966259904205,8.689940807870927,0,1,3.286020278930664,1.291111111111111
3959,395.9,-1857.677261232439,254.04220993957165,-1858.4421538692604,252.8956718478104,-2.5299151644596534,8.708946313522667,0,1,3.399287223815918,1.265
3960,396.0,-1857.7374338975724,253.9642862958967,-1858.4925911188996,252.8343756579048,-2.529865876578849,8.728121284900698,0,1,3.4983396530151367,1.073888888888889
3961,396.101,-1857.7842348593358,253.86409875459387,-1858.5497137507248,252.75625394508785,-2.5298522689629293,8.76966456899674,0,1,3.6417112350463867,1.1080555555555556
3962,396.201,-1857.8444075244693,253.7416473140813,-1858.616034157578,252.65837409282167,-2.529872064175568,8.820740620932549,0,1,3.931619644165039,1.281111111111111
3963,396.301,-1857.9045801896025,253.64145977277846,-1858.6923370469349,252.54440870605896,-2.5299018655168433,8.858656693695181,0,1,4.098573684692383,1.208888888888889
3964,396.4,-1857.9647528547505,253.5524041798941,-1858.7647416110287,252.43630775603648,-2.5299303889377325,8.826442854709732,0,1,3.949915885925293,1.0780555555555555
3965,396.5,-1858.0182396681694,253.4522166385913,-1858.8354967608304,252.32736414139046,-2.5299773155022773,8.864880075913419,0,1,4.081568717956543,1.221111111111111
3966,396.6,-1858.065040629933,253.363161045707,-1858.9132444044117,252.2060346283035,-2.5300396385275037,8.943467636397148,0,1,4.407143592834473,1.0919444444444444
3967,396.7,-1858.1185274433665,253.27410545361357,-1859.0007295655425,252.07037645670076,-2.530107000215592,9.01275120786646,0,1,4.654533863067627,1.041111111111111
3968,396.8,-1858.1452708500908,253.16278596231038,-1859.091123108893,251.92008182424047,-2.530244611825835,9.09907267877985,0,1,4.948667049407959,1.123888888888889
3969,396.9,-1858.198757663554,253.07373036942602,-1859.184638756448,251.76663243691763,-2.5303795875094415,9.13987296486951,0,1,5.038695335388184,1.0799999999999998
3970,397.0,-1858.2255010702784,252.97354282812321,-1859.2710853734877,251.61607154956988,-2.5305707126055594,9.177882693621166,0,1,5.116013526916504,1.028888888888889
3971,397.1,-1858.2589303286875,252.88448723523885,-1859.3477268046606,251.4769325842117,-2.5307868382432575,9.164015168719175,0,1,4.996829986572266,1.006111111111111
3972,397.202,-1858.2990454387811,252.8065635915639,-1859.4209889800002,251.3438602342084,-2.5309993393775785,9.220756912142548,0,1,5.051797866821289,0.9519444444444445
3973,397.3,-1858.3057312904364,252.69524410105168,-1859.4740601711453,251.22717304515504,-2.531313026852594,9.180785018657804,0,1,4.989203453063965,1.0419444444444443
3974,397.401,-1858.3057312904364,252.61732045737676,-1859.5220017359543,251.11120558650174,-2.5316843747066593,9.196183941104493,0,1,4.925185203552246,0.736111111111111
3975,397.501,-1858.3124171421211,252.5282648644924,-1859.5578346433279,251.0068311468348,-2.532106602918118,9.189732091940238,0,1,4.872027397155762,0.9361111111111111
3976,397.6,-1858.3391605488453,252.45034122081745,-1859.5856851964195,250.91591327624116,-2.532515961305341,9.149931401085514,0,1,4.739324569702148,0.8369444444444444
3977,397.7,-1858.3592181038848,252.36128562872406,-1859.610261625343,250.82779589366666,-2.5329433617039347,9.1532351658403,0,1,4.702364444732666,0.9630555555555556
3978,397.8,-1858.3926473622937,252.27223003583973,-1859.6340450290427,250.74248541056699,-2.533359097328855,9.149957914393008,0,1,4.652554512023926,0.9538888888888889
3979,397.901,-1858.4260766207028,252.19430639216478,-1859.6621095927096,250.6542425210714,-2.533750682339827,9.196116579094591,0,1,4.740591049194336,0.9080555555555556
3980,398.001,-1858.4461341757274,252.10525080007136,-1859.6908205051311,250.5626954532942,-2.5341663446633698,9.225857604898769,0,1,4.832635879516602,0.915
3981,398.101,-1858.4528200274272,252.03845910560588,-1859.7249260834074,250.46187812086671,-2.5346016178792943,9.318369099961988,0,1,5.123067855834961,0.7611111111111112
3982,398.2,-1858.4595058790972,251.96053546193093,-1859.7559793168757,250.36234698985496,-2.535071286192972,9.275749578575741,0,1,4.987094402313232,0.725
3983,398.3,-1858.4528200274272,251.89374376746537,-1859.783359001501,250.26401132454154,-2.5355843119536807,9.337123631128827,0,1,5.140604496002197,0.8111111111111111
3984,398.4,-1858.4528200274272,251.80468817537204,-1859.81401398162,250.15532854585544,-2.536157948824858,9.409943913904597,0,1,5.327957630157471,0.8480555555555556
3985,398.5,-1858.4728775824517,251.72676453169706,-1859.850928930331,250.03966846939792,-2.536724238997932,9.4770435407509,0,1,5.48698091506958,0.8111111111111111
3986,398.6,-1858.4661917307817,251.65997283723152,-1859.883367119924,249.92749416525783,-2.537329816735431,9.481513499937456,0,1,5.453810214996338,0.7088888888888889
3987,398.7,-1858.4728775824517,251.5820491927656,-1859.90929922734,249.82363437353976,-2.53795496449932,9.478255303245858,0,1,5.4032511711120605,0.7719444444444444
3988,398.8,-1858.4728775824517,251.5263894475095,-1859.9276878475657,249.73194857773646,-2.5385743571355026,9.464041734590573,0,1,5.325143337249756,0.6811111111111111
3989,398.9,-1858.4728775824517,251.47072970304436,-1859.939548894102,249.65079046936876,-2.5391877659549746,9.453908415294505,0,1,5.264676094055176,0.6588888888888889
3990,399.001,-1858.492935137521,251.40393800778787,-1859.9499847735087,249.5756047215071,-2.539764753087835,9.431250927673105,0,1,5.127609729766846,0.73
3991,399.101,-1858.492935137521,251.34827826253175,-1859.9502299625717,249.51556424996667,-2.5403390116414517,9.395609002762757,0,1,5.013935565948486,0.62
3992,399.201,-1858.492935137521,251.29261851727566,-1859.938354787823,249.47349477401124,-2.540906807617515,9.276840895871894,0,1,4.6209187507629395,0.6319444444444444
3993,399.301,-1858.492935137521,251.23695877122856,-1859.911526706999,249.45357135389787,-2.5414632170951057,9.183613441669273,0,1,4.302677154541016,0.6969444444444444
3994,399.4,-1858.5063068408756,251.19243097518188,-1859.8785683104431,249.44823958015888,-2.541955677559925,9.12432679005744,0,1,4.150763511657715,0.6319444444444444
3995,399.5,-1858.4996209891908,251.12563928071634,-1859.8462748054303,249.4377730891554,-2.542479484417854,9.10570456585927,0,1,4.075447082519531,0.7769444444444444
3996,399.601,-1858.5196785442452,251.0922434330881,-1859.8205612451654,249.4264743977017,-2.5429134242127893,9.099272093169635,0,1,4.001440048217773,0.5911111111111111
3997,399.7,-1858.5196785442452,251.0588475854599,-1859.7917261408486,249.42227304038778,-2.5433186654218582,9.05575346386472,0,1,3.909069061279297,0.58
3998,399.8,-1858.5263643959001,251.01431979020413,-1859.7649701218181,249.4168247057543,-2.543702392193166,9.02222078418006,0,1,3.7687063217163086,0.5819444444444445
3999,399.9,-1858.5330502475847,250.96979199415745,-1859.7365754478928,249.41530670374215,-2.5440669986008158,8.982574752328448,0,1,3.610942840576172,0.505
4000,400.0,-1858.5397360992847,250.91413224811035,-1859.7085593693935,249.41264166915715,-2.5444313686362907,8.965391979249723,0,1,3.545252799987793,0.6811111111111111
4001,400.1,-1858.5597936543093,250.89186834969152,-1859.6869014024178,249.40909244507586,-2.5447189493990376,8.964678087852239,0,1,3.545498847961426,0.45305555555555554
4002,400.2,-1858.566479505994,250.83620860443543,-1859.6695017948225,249.3973955752586,-2.5450203278977717,8.961916250424162,0,1,3.5331811904907227,0.69
4003,400.3,-1858.5597936543093,250.79168080838872,-1859.6495598846047,249.38643922914005,-2.54534394462114,8.922761880467766,0,1,3.3672256469726562,0.61
4004,400.4,-1858.5731653576786,250.75828496076048,-1859.6330124052993,249.3748238753945,-2.5456290696404307,8.941631652649658,0,1,3.4462051391601562,0.47388888888888886
4005,400.5,-1858.5731653576786,250.70262521629536,-1859.6191496382417,249.35581937417652,-2.545940938858258,8.924896578588946,0,1,3.3706960678100586,0.665
4006,400.6,-1858.5798512093636,250.6692293686671,-1859.607365196012,249.33628178561497,-2.5462308641338662,8.931695805613215,0,1,3.393037796020508,0.5469444444444445
4007,400.7,-1858.606594616058,250.63583352182982,-1859.6025875497305,249.31348693490244,-2.546463134871257,8.935580061383789,0,1,3.399801254272461,0.4961111111111111
4008,400.8,-1858.606594616058,250.59130572499214,-1859.6003713876776,249.28432727897925,-2.5467171986314994,8.956613360765923,0,1,3.4725685119628906,0.5930555555555554
4009,400.9,-1858.6199663194425,250.5579098773639,-1859.6041757075648,249.2492900616078,-2.546948519940152,8.980308678944713,0,1,3.5490188598632812,0.48305555555555557
4010,401.0,-1858.640023874482,250.53564597973605,-1859.613453429022,249.21220886672566,-2.5471325723442626,8.996686092957326,0,1,3.592182159423828,0.4469444444444444
4011,401.1,-1858.6533955778516,250.5022501321078,-1859.624131280588,249.1745844316753,-2.547306226117618,8.999226741147325,0,1,3.581526756286621,0.5338888888888889
4012,401.2,-1858.6734531328912,250.5022501321078,-1859.6360756520087,249.14363829148877,-2.5474102429502965,9.003540216692729,0,1,3.5782651901245117,0.2788888888888889
4013,401.3,-1858.6801389845755,250.4799862344799,-1859.646590830335,249.1148964718592,-2.54751505115083,9.003231395456696,0,1,3.5583934783935547,0.39694444444444443
4014,401.4,-1858.6868248362755,250.44659038764263,-1859.654983164709,249.0875009847966,-2.5476363959621025,8.996651410364272,0,1,3.5164756774902344,0.405
4015,401.501,-1858.6868248362755,250.43545843764227,-1859.6619622772694,249.062754680822,-2.547753989180639,9.009637677798581,0,1,3.4987268447875977,0.2511111111111111
4016,401.601,-1858.6935106879007,250.41319454001442,-1859.6670067368425,249.04115846443966,-2.5478701249434192,9.00974539539151,0,1,3.5037622451782227,0.2830555555555555
4017,401.701,-1858.6935106879007,250.3909306415956,-1859.6707385348852,249.02007699086977,-2.5479994812323903,9.004396799115787,0,1,3.477581024169922,0.2969444444444444
4018,401.801,-1858.6935106879007,250.37979869238617,-1859.6714178837778,249.0041964251064,-2.5481235335026193,8.985224577703145,0,1,3.39870548248291,0.27499999999999997
4019,401.9,-1858.700196539615,250.35753479396732,-1859.6683667192221,248.99422875937432,-2.548244517744358,8.955804972709286,0,1,3.332098960876465,0.2561111111111111
4020,402.001,-1858.7068823913,250.34640284554888,-1859.665493525925,248.9861464867479,-2.5483467964803985,8.946663613971841,0,1,3.218935012817383,0.21611111111111111
4021,402.101,-1858.7269399463394,250.34640284554888,-1859.6621624396814,248.98577111276845,-2.5483885679865272,8.943176628559511,0,1,3.213229179382324,0.2038888888888889
4022,402.201,-1858.740311649709,250.34640284554888,-1859.6605666266087,248.98702649268895,-2.548394693421659,8.933614663567257,0,1,3.1734304428100586,0.1511111111111111
4023,402.3,-1858.7603692047485,250.35753479396732,-1859.6598312910069,248.99404304973996,-2.548341298118168,8.914382029799842,0,1,3.1471996307373047,0.12
4024,402.4,-1858.780426759773,250.35753479396732,-1859.66283560909,248.999530584084,-2.5482545618726085,8.915388546346186,0,1,3.1249771118164062,0.13999999999999999
4025,402.501,-1858.7871126114576,250.35753479396732,-1859.667393957412,249.002762407283,-2.548168246661236,8.93589320543257,0,1,3.136415481567383,0.1261111111111111
4026,402.6,-1858.7937984631426,250.35753479396732,-1859.6690537588715,249.0102996607473,-2.5480825106904437,8.91099758861346,0,1,3.098552703857422,0.11388888888888887
4027,402.701,-1858.7937984631426,250.34640284554888,-1859.671844103791,249.01266880798931,-2.5480269869898207,8.927170766868567,0,1,3.0849409103393555,0.10111111111111111
4028,402.801,-1858.7937984631426,250.33527089633947,-1859.672142789427,249.01579526108134,-2.547996688384836,8.92232178270717,0,1,3.0725317001342773,0.1088888888888889
4029,402.9,-1858.7937984631426,250.33527089633947,-1859.6703920610983,249.02136891903402,-2.547971518405402,8.903833257314043,0,1,3.0493717193603516,0.08499999999999999
4030,403.0,-1858.8004843148424,250.34640284554888,-1859.669524870292,249.02866948603085,-2.5479206476419,8.895362985268052,0,1,2.990626335144043,0.06388888888888888
4031,403.1,-1858.8004843148424,250.34640284554888,-1859.666496577744,249.03818753709442,-2.5478783987291322,8.889212351088897,0,1,2.952469825744629,0.07999999999999999
4032,403.2,-1858.807170166512,250.34640284554888,-1859.6631044912274,249.04907885753508,-2.5478293078358685,8.880712896333776,0,1,2.907485008239746,0.09694444444444443
4033,403.3,-1858.813856018182,250.35753479396732,-1859.6593827611227,249.06301831268763,-2.5477589140247816,8.872903177397847,0,1,2.8671035766601562,0.10611111111111111
4034,403.4,-1858.820541869882,250.35753479396732,-1859.6557126826406,249.07715674755298,-2.5476866251235775,8.867307886835457,0,1,2.8367652893066406,0.15499999999999997
4035,403.5,-1858.8405994249065,250.36866674317673,-1859.655103479881,249.09216722692292,-2.547569404916809,8.867353628147203,0,1,2.8294382095336914,0.1088888888888889
4036,403.6,-1858.8606569799606,250.36866674317673,-1859.6582969187107,249.10420281469888,-2.5474303274852494,8.875372812821025,0,1,2.852932929992676,0.09805555555555555
4037,403.7,-1858.8740286833154,250.36866674317673,-1859.6639420947017,249.11317444951038,-2.547286638591496,8.880133196044225,0,1,2.861825942993164,0.09694444444444443
4038,403.8,-1858.880714535,250.36866674317673,-1859.6701125357754,249.12018733181674,-2.547152786686755,8.884298964044147,0,1,2.867527961730957,0.0961111111111111
4039,403.9,-1858.887400386685,250.35753479396732,-1859.6763733259208,249.12421725676367,-2.547042719500398,8.885743963804364,0,1,2.8622684478759766,0.09111111111111109
4040,404.0,-1858.894086238355,250.35753479396732,-1859.6827320560055,249.12758170392308,-2.546936710403694,8.890113433500645,0,1,2.8680858612060547,0.09
4041,404.1,-1858.894086238355,250.34640284554888,-1859.6878366898984,249.12884962189486,-2.54686392385062,8.889322313730021,0,1,2.8539915084838867,0.09111111111111109
4042,404.2,-1858.894086238355,250.34640284554888,-1859.6909582765884,249.1316067381661,-2.5468031395154553,8.88291116526693,0,1,2.8191299438476562,0.04805555555555555
4043,404.3,-1858.894086238355,250.34640284554888,-1859.69134606986,249.13719785765974,-2.5467524901113694,8.869667306680881,0,1,2.7591590881347656,0.03194444444444444
4044,404.4,-1858.894086238355,250.33527089633947,-1859.6895578342503,249.14313372743936,-2.546726236470555,8.863974705963082,0,1,2.7298145294189453,0.015
4045,404.5,-1858.894086238355,250.34640284554888,-1859.6871379013764,249.15132479885747,-2.5466885215666095,8.862955539149814,0,1,2.7189559936523438,0.01888888888888889
4046,404.6,-1858.9007720900395,250.34640284554888,-1859.685363264336,249.1594577360768,-2.546643053607112,8.858132282437156,0,1,2.693110466003418,0.018055555555555557
4047,404.7,-1858.894086238355,250.34640284554888,-1859.6823428599002,249.16687739393393,-2.546619277379922,8.861923775537953,0,1,2.7008066177368164,0.003888888888888861
4048,404.8,-1858.894086238355,250.33527089633947,-1859.6788033568462,249.17271937629965,-2.5466153287333717,8.850960742446128,0,1,2.650663375854492,0.008888888888888889
4049,404.9,-1858.894086238355,250.33527089633947,-1859.6749863810412,249.17887111140652,-2.5466120328610864,8.856156803283286,0,1,2.6642637252807617,0.004999999999999999
4050,405.0,-1858.894086238355,250.33527089633947,-1859.671772255298,249.18404829272362,-2.5466092784881442,8.854381955572231,0,1,2.649740219116211,0.016111111111111083
4051,405.101,-1858.887400386685,250.33527089633947,-1859.6685316618793,249.18754236983915,-2.5466210819187447,8.868321566961766,0,1,2.6440324783325195,0.003888888888888861
4052,405.201,-1858.887400386685,250.33527089633947,-1859.6644413607135,249.19250462449878,-2.546630911452021,8.864225335982406,0,1,2.641087532043457,0.0061111111111111106
4053,405.301,-1858.880714535,250.33527089633947,-1859.6592903820792,249.19756042786415,-2.5466532385581946,8.857311682704017,0,1,2.6157054901123047,0.036944444444444446
4054,405.401,-1858.8740286833154,250.32413894713005,-1859.6539003320313,249.19987742508474,-2.5467019900404972,8.864509285013781,0,1,2.6417131423950195,0.021111111111111112
4055,405.5,-1858.8673428316306,250.32413894713005,-1859.647752147027,249.20259837069526,-2.5467568495399746,8.850779549927164,0,1,2.636002540588379,0.03194444444444444
4056,405.6,-1858.8673428316306,250.31300699792064,-1859.6439795727495,249.20098898176084,-2.546818806258205,8.86158155567108,0,1,2.650191307067871,0.02611111111111111
4057,405.701,-1858.8606569799606,250.31300699792064,-1859.6412462974765,249.19735554726049,-2.546885109574603,8.881759803859572,0,1,2.6586265563964844,0.018055555555555557
4058,405.8,-1858.8606569799606,250.30187504871122,-1859.637170086054,249.19511556660325,-2.5469567764892886,8.870140045101673,0,1,2.6703577041625977,0.01388888888888889
4059,405.9,-1858.8472852766058,250.30187504871122,-1859.6322259250264,249.19220661454136,-2.5470457619293216,8.867448497139064,0,1,2.636033058166504,0.026944444444444417
4060,406.0,-1858.8405994249065,250.2907431002928,-1859.6259169141324,249.18947486246051,-2.5471510899724534,8.868694189615198,0,1,2.6267690658569336,0.06888888888888889
4061,406.1,-1858.8339135732363,250.2796111502924,-1859.6194623069998,249.18541833238893,-2.5472702198644543,8.874171021878675,0,1,2.634646415710449,0.1088888888888889
4062,406.2,-1858.820541869882,250.2573472526645,-1859.6125368204828,249.17725641181713,-2.547432399864429,8.88395049791743,0,1,2.6584367752075195,0.10388888888888889
4063,406.3,-1858.813856018182,250.2462153034551,-1859.6070539454295,249.1664530369273,-2.5475998747741606,8.897968303959907,0,1,2.6964893341064453,0.09805555555555555
4064,406.4,-1858.807170166512,250.2462153034551,-1859.6004227327594,249.1587875010818,-2.54775497356617,8.879500065771982,0,1,2.618790626525879,0.0811111111111111
4065,406.5,-1858.807170166512,250.2350833542457,-1859.593950576445,249.15188480832123,-2.5479014805429023,8.892949636503676,0,1,2.6579132080078125,0.03
4066,406.6,-1858.807170166512,250.2350833542457,-1859.5895188213724,249.144655298012,-2.548024162422216,8.896647953308024,0,1,2.6609020233154297,0.008888888888888889
4067,406.7,-1858.807170166512,250.2462153034551,-1859.5848999250663,249.14182082045303,-2.548109764851676,8.887279889077998,0,1,2.618227958679199,0.03
4068,406.801,-1858.807170166512,250.2462153034551,-1859.5803798716527,249.1404125900831,-2.548181296081593,8.894885258100645,0,1,2.589657783508301,0.021111111111111112
4069,406.9,-1858.807170166512,250.2462153034551,-1859.5737570230017,249.14346316864055,-2.5482408346020575,8.877802987654272,0,1,2.5890798568725586,0.02611111111111111
4070,407.0,-1858.813856018182,250.2462153034551,-1859.5702323746868,249.14468404552687,-2.548275336209009,8.879485028729619,0,1,2.5773696899414062,0.045
4071,407.1,-1858.813856018182,250.2573472526645,-1859.5667117237238,249.14841506314224,-2.548287031054018,8.878453568217015,0,1,2.5643653869628906,0.026944444444444417
4072,407.2,-1858.820541869882,250.2573472526645,-1859.5648511931765,249.1515853622469,-2.5482815649857833,8.884306828455463,0,1,2.5766496658325195,0.011944444444444443
4073,407.3,-1858.820541869882,250.2573472526645,-1859.563299651469,249.15423012543692,-2.548277016144115,8.883357796248687,0,1,2.5648365020751953,0.006944444444444445
4074,407.4,-1858.8272277215663,250.26847920187396,-1859.5627622797851,249.15883329245753,-2.5482407062014207,8.884512297723,0,1,2.561084747314453,0.021944444444444444
4075,407.5,-1858.8339135732363,250.26847920187396,-1859.56337938393,249.16275926515377,-2.5481950457238316,8.887258730371965,0,1,2.563098907470703,0.016944444444444443
4076,407.6,-1858.8339135732363,250.2796111502924,-1859.5641631833626,249.16750738925114,-2.5481395983473734,8.89197680375537,0,1,2.571831703186035,0.011944444444444443
4077,407.701,-1858.8472852766058,250.2907431002928,-1859.5681588175776,249.1717175526242,-2.5480448204300123,8.906328199040946,0,1,2.5670766830444336,0.021944444444444444
4078,407.801,-1858.8472852766058,250.2907431002928,-1859.5692431589232,249.17857914012413,-2.5479657997566103,8.890731916639815,0,1,2.524277687072754,0.019999999999999997
4079,407.901,-1858.8539711282758,250.30187504871122,-1859.5690222535382,249.18950479990076,-2.5478671611958554,8.8742155992648,0,1,2.468886375427246,0.023888888888888887
4080,408.001,-1858.8606569799606,250.31300699792064,-1859.5682384293284,249.20304309904606,-2.5477524040236665,8.8681388428104,0,1,2.449277877807617,0.006944444444444445
