row,t,ref_E,ref_N,ekf_E,ekf_N,ekf_psi_rad,cov_trace,in_outage,gnss_used,gru_speed,ref_speed
10989,1098.899,9918.374168282537,-1241.26798209033,9918.374168282537,-1241.26798209033,1.3938897538127513,33.121846967914685,0,1,11.229724884033203,10.391944444444444
10990,1098.999,9919.34659055605,-1241.1455306506082,9919.400492956798,-1241.1023886040987,1.3939785128619335,32.55368683702741,0,1,11.042866706848145,10.176944444444445
10991,1099.1,9920.44556093363,-1240.7781763306523,9920.486406233314,-1240.8697511720432,1.3932763314106358,29.21232030848206,0,1,11.116640090942383,10.711111111111112
10992,1099.199,9921.557852164251,-1240.5110095527903,9921.567093194779,-1240.6345694368563,1.391976945823327,27.221922761758286,0,1,11.13239860534668,11.09388888888889
10993,1099.299,9922.603539129585,-1240.266106672556,9922.661586464077,-1240.3945129700312,1.3901537885417585,26.705694249086324,0,1,11.445210456848145,10.80111111111111
10994,1099.399,9923.702509507151,-1239.998939895485,9923.776533853816,-1240.1440900108894,1.3877160884531414,26.07543255272247,0,1,11.617162704467773,11.068055555555555
10995,1099.499,9924.774838178608,-1239.4868702373885,9924.890981586825,-1239.8304275084836,1.3815015912609188,25.230161327510903,0,1,11.674375534057617,11.08611111111111
10996,1099.602,9925.827185570477,-1239.1640437142703,9926.013103433826,-1239.5036664069564,1.374702403081867,23.7057459156106,0,1,11.417045593261719,11.081944444444446
10997,1099.699,9926.892853815385,-1238.7966893943144,9927.079318291893,-1239.1697125788528,1.3671480027629792,23.91961108145,0,1,11.955523490905762,11.091944444444444
10998,1099.799,9927.978503339913,-1238.5629184640807,9928.21796823649,-1238.8369341400874,1.36113677065773,23.968998383489858,0,1,12.419625282287598,11.073055555555555
10999,1099.899,9929.004209025643,-1238.1844321949152,9929.36203254735,-1238.480031203159,1.3542800654683862,23.335864536445417,0,1,12.601757049560547,10.845
11000,1099.999,9930.029914711386,-1237.8838695694249,9930.471422123594,-1237.946625633912,1.3101588341458505,13.90567592555659,0,1,12.93567180633545,10.716111111111111
11001,1100.1,9931.075601676719,-1237.438591606585,9931.6343861789,-1237.5701509751184,1.308523762826812,13.93846420082011,0,1,13.21029281616211,11.075
11002,1100.203,9932.167911627752,-1237.1268970326764,9932.835740062248,-1237.189778367254,1.30709939883034,14.224422038946646,0,1,13.657462120056152,11.283055555555555
11003,1100.299,9933.2135985931,-1237.0823692366296,9933.95520705816,-1236.8875953199913,1.3072578707405023,14.057004936418519,0,1,13.644275665283203,10.553888888888888
11004,1100.399,9934.14605830739,-1236.592563476952,9935.083305909466,-1236.5364000140855,1.3061124521095138,13.938005107820523,0,1,13.576761245727539,10.308055555555557
11005,1100.499,9934.965290770664,-1236.1806813609496,9936.173475152353,-1236.1655185292307,1.3041866613858784,14.145265010928922,0,1,13.992692947387695,9.538055555555557
11006,1100.599,9935.857787925803,-1235.7131394988999,9937.255114930056,-1235.7644758198599,1.3014297116692575,14.21244194855546,0,1,14.212298393249512,9.72888888888889
11007,1100.699,9936.896814464602,-1235.3680490781537,9938.340412159156,-1235.3674469176942,1.2989057808595157,14.161200342446966,0,1,14.269702911376953,10.316111111111113
11008,1100.799,9937.84925545851,-1234.8782433184763,9939.387948860609,-1234.9517884982083,1.2956889944466798,13.795232845795347,0,1,13.86269474029541,10.47111111111111
11009,1100.899,9938.801696452405,-1234.4329653556363,9940.402298796713,-1234.5303669888556,1.2922062568853037,13.703117013097478,0,1,13.869227409362793,10.478888888888887
11010,1100.999,9939.727495740186,-1234.0099512904244,9941.383115670902,-1234.109244868884,1.2886365580927106,13.33134785598176,0,1,13.421442985534668,10.226111111111111
11011,1101.099,9940.766522278956,-1233.5869372252123,9942.352867095255,-1233.690396622191,1.285196550780751,13.216054404696742,0,1,13.380219459533691,10.785
11012,1101.199,9941.792227964715,-1233.2529787528847,9943.288469456415,-1233.1182139050238,1.2532450465057892,11.630385600524694,0,1,13.48587703704834,10.626944444444444
11013,1101.299,9942.784631517787,-1232.8299646884636,9944.283717626973,-1232.70860943211,1.252004145347023,11.664350105388916,0,1,13.687979698181152,10.701944444444445
11014,1101.399,9943.84363933619,-1232.5071381645546,9945.272154384546,-1232.319279429713,1.2510750401321398,11.433864581519968,0,1,13.058466911315918,10.851944444444444
11015,1101.499,9944.8626845954,-1232.095256048552,9946.224297391174,-1231.9384174670545,1.2500696021719042,11.291704133563485,0,1,12.659420013427734,10.863888888888889
11016,1101.599,9945.86840900154,-1231.7167697801776,9947.157847265506,-1231.566282642821,1.2491053129993064,11.19334502092618,0,1,12.37564754486084,10.753888888888888
11017,1101.699,9946.887454260735,-1231.2937557149658,9948.068304355285,-1231.1966453551775,1.2480504126148448,10.96842589525893,0,1,11.736669540405273,10.901111111111112
11018,1101.799,9947.879857813821,-1230.8596097013353,9948.96505461673,-1230.8237272704434,1.2468687369423763,10.96054158335087,0,1,11.705794334411621,10.845
11019,1101.899,9948.878921793443,-1230.4143317377043,9949.875892535068,-1230.4379779568392,1.2455608246788161,10.960657763551074,0,1,11.684358596801758,10.908888888888889
11020,1101.999,9949.884646199582,-1230.0247135201207,9950.797731695655,-1230.0524145734876,1.244335658473285,10.940798794867343,0,1,11.59781551361084,10.80888888888889
11021,1102.099,9950.903691458792,-1229.6684911493742,9951.726384746824,-1229.6747325038311,1.2432988297273935,10.902620007907347,0,1,11.455706596374512,10.715
11022,1102.199,9951.909415864933,-1229.3790604738842,9952.653700195779,-1229.3173749956222,1.2426125033911026,10.837886507603143,0,1,11.237735748291016,10.431111111111111
11023,1102.299,9952.921800697593,-1229.0562339499752,9953.579449934938,-1228.9714436024742,1.242117108763867,10.78783156683564,0,1,11.06117057800293,10.465
11024,1102.4,9953.927525103749,-1228.711143528438,9954.503217418285,-1228.5896110952824,1.2337759265884731,10.154838005768411,0,1,10.95035457611084,10.6
11025,1102.499,9954.906607803781,-1228.3437892092732,9955.419808235381,-1228.2502265438625,1.2335649770911807,10.103343842392308,0,1,10.826775550842285,10.466944444444444
11026,1102.599,9955.879030077262,-1227.943039041689,9956.347671643969,-1227.8991825008475,1.2332541981532066,10.128978632340079,0,1,10.794258117675781,10.475
11027,1102.699,9956.884754483417,-1227.5200249772681,9957.297825763211,-1227.5321186458723,1.2328345022537077,10.24113687520186,0,1,11.076078414916992,10.815
11028,1102.799,9957.857176756914,-1227.1638026065216,9958.255927791302,-1227.1651364835755,1.2324500095491961,10.232269666593748,0,1,10.90505599975586,10.433888888888887
11029,1102.9,9958.829599030396,-1226.7741843889378,9959.229553880223,-1226.789134824139,1.2320159834239373,10.369507915892727,0,1,11.197071075439453,10.475
11030,1102.999,9959.80202130388,-1226.4290939674008,9960.186412823265,-1226.4240323516688,1.2316466959247152,10.310904852441961,0,1,10.92426586151123,10.403888888888888
11031,1103.099,9960.754462297773,-1226.0840035458637,9961.134570023582,-1226.0648840158783,1.2313158174250554,10.306368461721322,0,1,10.774947166442871,10.193888888888889
11032,1103.199,9961.733544997816,-1225.7277811751173,9962.086166220708,-1225.7066304013786,1.2310128685119914,10.37626513649952,0,1,10.884666442871094,10.391944444444444
11033,1103.299,9962.685985991724,-1225.4494824488368,9963.045731070079,-1225.3594650966193,1.2309050051556352,10.440126575186438,0,1,10.967615127563477,10.116944444444444
11034,1103.399,9963.62510613255,-1225.1266559249275,9964.023451910582,-1225.0087968386588,1.230838202098744,10.630157178025707,0,1,11.429168701171875,10.056944444444444
11035,1103.499,9964.590867979496,-1224.8260933002282,9965.021330464093,-1224.6590843259296,1.2308896469085489,10.706903206304903,0,1,11.524016380310059,10.118888888888888
11036,1103.599,9965.543308973434,-1224.4030792342253,9966.031656260397,-1224.2697720472645,1.226783661847624,10.314379781338824,0,1,12.096505165100098,10.223888888888888
11037,1103.699,9966.522391673392,-1224.0579888134791,9967.067276458787,-1223.8925515123105,1.2267171555894782,10.360109078766074,0,1,12.171917915344238,10.383888888888889
11038,1103.799,9967.521455653026,-1223.6127108506394,9968.117458138668,-1223.4956614188288,1.2264728638245834,10.553476987383098,0,1,12.62781047821045,10.69388888888889
11039,1103.899,9968.480557073499,-1223.178564836218,9969.173434985776,-1223.0839995324534,1.2260627590261193,10.64379060790103,0,1,12.707799911499023,10.57
11040,1104.0,9969.446318920433,-1222.8780022115184,9970.241810503665,-1222.6812377538683,1.225819415984274,10.835372968546611,0,1,13.061697959899902,10.323055555555554
11041,1104.099,9970.465364179643,-1222.5663076368187,9971.303678335707,-1222.2935480655726,1.2257434396430151,10.948020724895697,0,1,13.25566291809082,10.501944444444446
11042,1104.199,9971.42446560007,-1222.1544255208162,9972.377080375867,-1221.890660688764,1.225510393453984,11.111140031378097,0,1,13.527706146240234,10.561944444444444
11043,1104.299,9972.396887873567,-1221.775939251651,9973.450384135944,-1221.485309759361,1.2252373178684748,11.232541113950703,0,1,13.67779541015625,10.408055555555556
11044,1104.399,9973.415933132761,-1221.330661288811,9974.518046995028,-1221.0708413222976,1.224794479153487,11.276898350742599,0,1,13.62173080444336,10.776944444444444
11045,1104.499,9974.46162009808,-1220.9521750212277,9975.585348338502,-1220.6609322867819,1.2244163412142715,11.38844068278203,0,1,13.761575698852539,10.908055555555555
11046,1104.599,9975.40074023893,-1220.4512373115497,9976.631106028775,-1220.2332764734936,1.223637422933349,11.396081619600327,0,1,13.632108688354492,10.65611111111111
11047,1104.699,9976.419785498128,-1220.0282232471286,9977.680730531098,-1219.8021863267593,1.2228256834882774,11.582317028639585,0,1,13.981067657470703,10.813888888888888
11048,1104.799,9977.325603506322,-1219.4938896914045,9978.684584565404,-1219.292333835839,1.2101959655270473,10.756633045734121,0,1,13.632986068725586,10.566944444444443
11049,1104.902,9978.2114402349,-1218.9929519817265,9979.696255685656,-1218.8255271618061,1.2091582422959297,10.771125475530479,0,1,13.471646308898926,10.245
11050,1104.999,9979.143899949231,-1218.4920142736307,9980.623268059766,-1218.3781038319335,1.2079501028777648,10.752580624112605,0,1,13.40265941619873,10.436111111111112
11051,1105.099,9980.003094971698,-1217.9799446163254,9981.551849119778,-1217.9123378018098,1.2065017010677421,10.700064357632131,0,1,13.016779899597168,10.223055555555554
11052,1105.199,9980.975517245195,-1217.4901388566477,9982.469491411222,-1217.44758546333,1.2050055079431896,10.735866319538317,0,1,12.958187103271484,10.388888888888888
11053,1105.299,9982.001222930927,-1217.0782567398542,9983.409117460387,-1216.9894305407072,1.2037056646236834,10.843044516805966,0,1,13.132475852966309,10.57611111111111
11054,1105.399,9982.953663924804,-1216.6107148793865,9984.3627012646,-1216.5233992418305,1.2023627745695131,10.944970636257638,0,1,13.278449058532715,10.563055555555556
11055,1105.499,9983.959388330959,-1216.198832763384,9985.328100748326,-1216.064393895382,1.2011756136459948,10.981574964815364,0,1,13.222662925720215,10.548055555555555
11056,1105.599,9984.965112737113,-1215.6644992076597,9986.28678989621,-1215.5956431605955,1.1998063778024992,10.945593209623969,0,1,12.959925651550293,10.841944444444444
11057,1105.699,9986.024120555501,-1215.1969573464012,9987.241918947753,-1215.133818584282,1.1985180759139575,10.91158171781996,0,1,12.719884872436523,11.1
11058,1105.799,9987.00986368204,-1214.773943281189,9988.15821655739,-1214.6948526941019,1.1973521926353474,10.66479373293979,0,1,11.840397834777832,10.656944444444445
11059,1105.899,9988.028908941233,-1214.373193114396,9989.040072211197,-1214.28235071453,1.19639032181247,10.554900134352152,0,1,11.403016090393066,10.68
11060,1105.999,9989.041293773924,-1213.9167832023468,9989.89806359834,-1213.7889175176083,1.1786361495627737,10.08608620698828,0,1,11.466034889221191,10.768888888888888
11061,1106.099,9990.03369732701,-1213.449241341088,9990.80692908848,-1213.36360379898,1.178108975533467,10.104825082193571,0,1,11.502711296081543,10.596944444444444
11062,1106.199,9991.052742586204,-1213.0707550719228,9991.733141293846,-1212.9465205769438,1.177753551604891,10.133627040736561,0,1,11.448250770568848,10.69
11063,1106.299,9992.085108698484,-1212.6700049051294,9992.664368165208,-1212.5375759532947,1.1775085837347674,10.107836153451087,0,1,11.180177688598633,10.766111111111112
11064,1106.399,9993.144116516873,-1212.1134074517774,9993.598032480935,-1212.1106677806358,1.177054573416006,10.097148420533578,0,1,10.983266830444336,11.088055555555556
11065,1106.499,9994.163161776067,-1211.7126572849843,9994.529803585045,-1211.6949264680454,1.176721014132046,10.079193638398284,0,1,10.767021179199219,10.803055555555554
11066,1106.599,9995.195527888347,-1211.3007751689818,9995.473874461204,-1211.2817628116118,1.1764771419529976,10.144775457723563,0,1,10.873756408691406,10.473055555555556
11067,1106.699,9996.201252294488,-1210.7775735616758,9996.431115581672,-1210.8480141645566,1.1760436988442713,10.18020830692194,0,1,10.85864543914795,10.52
11068,1106.8,9997.26692053941,-1210.4213511917205,9997.422958826026,-1210.4209738352888,1.175872319952393,10.298358828342922,0,1,11.082721710205078,11.069999999999999
11069,1106.899,9998.332588784333,-1210.0317329733457,9998.435809860968,-1209.997026462338,1.1758510533188067,10.457219043446477,0,1,11.528115272521973,11.165000000000001
11070,1106.999,9999.338313190488,-1209.697774501018,9999.486141275582,-1209.5728199764221,1.1760339697963258,10.611172671275547,0,1,11.847545623779297,10.816944444444445
11071,1107.099,10000.344037596644,-1209.297024334225,10000.555669351834,-1209.1497617951422,1.1778381606999702,10.205949937949784,0,1,12.138248443603516,10.92388888888889
11072,1107.199,10001.482970533403,-1208.9964617087346,10001.633592209635,-1208.7433158861504,1.1782778688746989,10.151501900088313,0,1,11.813360214233398,11.126111111111111
11073,1107.299,10002.42875110076,-1208.5734476443135,10002.668107981432,-1208.3429207724305,1.1785895333823189,10.146827408999334,0,1,11.576778411865234,10.68388888888889
11074,1107.399,10003.494419345683,-1208.1726974775204,10003.700138412754,-1207.9461139798532,1.1789340226351268,10.208865702219947,0,1,11.612528800964355,11.046944444444444
11075,1107.499,10004.553427164072,-1207.7608153615179,10004.739848697616,-1207.5458488903348,1.1792792920271506,10.273998645089495,0,1,11.658037185668945,11.045
11076,1107.599,10005.59911412939,-1207.5715722265397,10005.779842351829,-1207.1834245136765,1.1800862679674382,10.300900713409224,0,1,11.566926956176758,10.84611111111111
11077,1107.699,10006.611498962066,-1207.1374262129093,10006.814359156328,-1206.8095666366708,1.1807318581867032,10.370632096513136,0,1,11.63412094116211,10.83
11078,1107.799,10007.643865074377,-1206.83686358821,10007.846785467782,-1206.450106062108,1.1815545797784077,10.383313616429026,0,1,11.506604194641113,10.873888888888889
11079,1107.899,10008.776137584586,-1206.569696809557,10008.89023625572,-1206.1106325656826,1.1827007525285158,10.42029411383595,0,1,11.47220516204834,11.00611111111111
11080,1107.999,10009.788522417244,-1206.1355507959265,10009.92437238482,-1205.757264789965,1.183618183193319,10.44360159907854,0,1,11.398630142211914,10.866111111111111
11081,1108.1,10010.847530235633,-1205.9797035085767,10010.968707110958,-1205.437748554957,1.1850523051105781,10.492035739582333,0,1,11.368303298950195,10.89111111111111
11082,1108.199,10011.933179760146,-1205.6012172402022,10012.029257113905,-1205.1982423674629,1.2049466077703963,9.986519681613238,0,1,11.245373725891113,11.026944444444444
11083,1108.299,10012.998848005083,-1205.2338629202463,10013.06683113821,-1204.8714428636122,1.20571087254417,10.002463205277948,0,1,11.222208976745605,10.93388888888889
11084,1108.399,10014.091157956114,-1204.933300295547,10014.10122267904,-1204.5552245539818,1.206583802842564,9.977371693211811,0,1,10.922897338867188,11.191944444444443
11085,1108.499,10015.196788760202,-1204.6661335176848,10015.12269686429,-1204.2581265302263,1.207623796164914,9.936614923576386,0,1,10.578768730163574,11.103055555555555
11086,1108.599,10016.242475725565,-1204.354438942985,10016.126268339716,-1203.9678766246827,1.2086680436809856,9.921054997107564,0,1,10.356123924255371,10.964999999999998
11087,1108.699,10017.467994207214,-1204.1206680127514,10017.147681600802,-1203.6963798793133,1.2100144922150595,9.890587957418441,0,1,10.08503246307373,11.735000000000001
11088,1108.799,10018.440416480698,-1203.8089734380515,10018.143670792644,-1203.425397596567,1.211252294475602,9.880110742848979,0,1,9.907309532165527,10.6
11089,1108.9,10019.332913635795,-1203.4861469157242,10019.03696885824,-1203.089622600287,1.211252294475602,11.440375272208922,1,0,8.990104675292969,10.241944444444444
11090,1108.999,10020.311996335855,-1203.1855842894429,10019.84407129278,-1202.7862470226155,1.211252294475602,13.055741525988692,1,0,8.42880630493164,10.401944444444444
11091,1109.099,10021.32438116853,-1202.9184175115809,10020.622378660457,-1202.4936950029837,1.211252294475602,14.779934251904598,1,0,8.200674057006836,10.595
11092,1109.199,10022.330105574654,-1202.6623826829282,10021.374717005949,-1202.210904281013,1.211252294475602,16.491420108671317,1,0,7.873946666717529,10.440000000000001
11093,1109.299,10023.36913211347,-1202.4063478542755,10022.103052241979,-1201.937135904766,1.211252294475602,18.245381903540455,1,0,7.68781852722168,10.606111111111112
11094,1109.399,10024.494744197158,-1202.1948408216695,10022.81723738771,-1201.6686862980273,1.211252294475602,20.027873373529456,1,0,7.57161283493042,10.888055555555557
11095,1109.499,10025.640337560453,-1202.027861585901,10023.522170743594,-1201.4037142760026,1.211252294475602,21.832375181394912,1,0,7.490142822265625,11.118055555555555
11096,1109.599,10026.752628791091,-1201.8720142985512,10024.232444662784,-1201.136734830374,1.211252294475602,23.723482750222974,1,0,7.685720443725586,11.123888888888889
11097,1109.699,10027.87824087478,-1201.7272989604107,10024.955559804546,-1200.864928595544,1.211252294475602,25.611278494273833,1,0,7.7645111083984375,11.188055555555556
11098,1109.799,10029.003852958484,-1201.5825836222702,10025.691230707698,-1200.5884028713378,1.211252294475602,27.555262329528,1,0,7.953989505767822,11.291111111111112
11099,1109.899,10030.062860776889,-1201.5380558262236,10026.438575636204,-1200.3074890867888,1.211252294475602,29.492296348120473,1,0,8.013940811157227,10.700000000000001
11100,1109.999,10031.175152007523,-1201.3822085388738,10027.177229408924,-1200.029842154494,1.211252294475602,31.3610706842666,1,0,7.768292427062988,11.174999999999999
11101,1110.099,10032.28078281164,-1201.3265487936176,10027.921172839082,-1199.7502069332133,1.211252294475602,33.43030103182339,1,0,8.126960754394531,11.026111111111112
11102,1110.199,10033.40639489533,-1201.2374932007333,10028.704501609696,-1199.4557674567338,1.211252294475602,35.5938917217818,1,0,8.609807968139648,11.061944444444444
11103,1110.299,10034.498704846377,-1201.1595695570581,10029.538741335764,-1199.1421914495495,1.211252294475602,37.8724697220448,1,0,9.21473503112793,10.99388888888889
11104,1110.399,10035.591014797408,-1201.0148542197087,10030.415570950052,-1198.8126066541504,1.211252294475602,40.115010011307085,1,0,9.519792556762695,11.006944444444445
11105,1110.499,10036.72328730765,-1200.9591944736617,10031.304164483969,-1198.4786000087358,1.211252294475602,42.26665975592617,1,0,9.466085433959961,11.13888888888889
11106,1110.599,10037.802276405624,-1200.9146666784059,10032.193362416258,-1198.1443661806272,1.211252294475602,44.50323562968518,1,0,9.532706260681152,10.803055555555554
11107,1110.699,10038.901246783193,-1200.7922152378935,10033.098473419945,-1197.8041509094933,1.211252294475602,46.877297254450596,1,0,9.806087493896484,10.77611111111111
11108,1110.799,10040.08014227916,-1200.781083288684,10034.029068556829,-1197.4543566019202,1.211252294475602,49.31827937800032,1,0,10.077205657958984,11.15611111111111
11109,1110.899,10041.212414789368,-1200.6586318489624,10034.988281182346,-1197.0938054848345,1.211252294475602,51.866800096727694,1,0,10.417534828186035,11.108055555555554
11110,1110.999,10042.371329005719,-1200.6920276957997,10035.97167375998,-1196.7241655499895,1.211252294475602,54.414560334941996,1,0,10.593839645385742,11.20111111111111
11111,1111.1,10043.483620236353,-1200.5584443068685,10036.975725573448,-1196.3467601725715,1.211252294475602,56.99257355118986,1,0,10.646540641784668,10.726944444444444
11112,1111.199,10044.622553173114,-1200.5584443068685,10037.959256120932,-1195.9770683772908,1.211252294475602,59.50795350252734,1,0,10.580047607421875,11.071111111111112
11113,1111.299,10045.741504830297,-1200.6697637981717,10038.956912339521,-1195.602066991247,1.211252294475602,62.22656757026987,1,0,10.73608684539795,11.078888888888889
11114,1111.399,10046.840475207866,-1200.7476874418467,10039.942956128632,-1195.2314305127422,1.211252294475602,64.69391866859888,1,0,10.331933975219727,10.866111111111111
11115,1111.499,10047.939445585447,-1200.8701388807774,10040.897691135679,-1194.8725624535095,1.211252294475602,67.25286440395554,1,0,10.067136764526367,10.883888888888889
11116,1111.599,10049.038415963014,-1201.070513964965,10041.83013334542,-1194.5220738638097,1.211252294475602,69.86431404466293,1,0,9.855621337890625,10.995
11117,1111.7,10050.13072591406,-1201.0148542197087,10042.74163558764,-1194.179456238775,1.211252294475602,72.40811961978005,1,0,9.42690372467041,10.653055555555556
11118,1111.799,10051.2629984243,-1201.070513964965,10043.621451403475,-1193.848748982855,1.211252294475602,75.20777936924681,1,0,9.561309814453125,11.063888888888888
11119,1111.899,10052.361968801866,-1201.1039098118022,10044.50729454762,-1193.5157761604717,1.211252294475602,77.91502099852951,1,0,9.365802764892578,10.883055555555556
11120,1111.999,10053.454278752914,-1201.1929654046864,10045.376536487314,-1193.1890434381985,1.211252294475602,80.66395652622484,1,0,9.206604957580566,10.864999999999998
11121,1112.099,10054.533267850904,-1201.3599446404548,10046.198960562147,-1192.8799087260288,1.211252294475602,83.05405722135247,1,0,8.365482330322266,10.83388888888889
11122,1112.199,10055.598936095812,-1201.5380558262236,10046.979399057866,-1192.5865556529332,1.211252294475602,85.81138283049837,1,0,8.309532165527344,10.738888888888887
11123,1112.299,10056.704566899958,-1201.6159794698985,10047.731901502804,-1192.3037032488733,1.211252294475602,88.33630239269516,1,0,7.768594741821289,10.77888888888889
11124,1112.399,10057.79687685096,-1201.7718267564574,10048.455818819262,-1192.031595490715,1.211252294475602,91.07291995071385,1,0,7.6987762451171875,10.886944444444445
11125,1112.499,10058.855884669349,-1201.9054101453885,10049.179158161085,-1191.7597049830338,1.211252294475602,93.90313578436783,1,0,7.7562456130981445,10.604999999999999
11126,1112.599,10059.968175899985,-1201.9833337890634,10049.926135723754,-1191.4789292848277,1.211252294475602,97.00386607373919,1,0,8.203835487365723,10.851111111111111
11127,1112.7,10061.040504571456,-1202.1725769232507,10050.70561944858,-1191.1859350932802,1.211252294475602,100.04424656780284,1,0,8.285881996154785,10.825
11128,1112.799,10062.139474949023,-1202.3172922613912,10051.48863919045,-1190.8916117752578,1.211252294475602,103.23136484048148,1,0,8.613275527954102,10.841111111111111
11129,1112.899,10063.218464047015,-1202.4397437019036,10052.247070171503,-1190.6065309389799,1.211252294475602,105.72928245751312,1,0,7.591521739959717,10.735
11130,1112.999,10064.277471865404,-1202.6289868352999,10052.966594072836,-1190.3360745881207,1.211252294475602,108.8169105696413,1,0,7.781978607177734,10.623055555555556
11131,1113.099,10065.389763096055,-1202.7625702250218,10053.700171006329,-1190.0603359501972,1.211252294475602,111.93373366665404,1,0,7.891781806945801,10.93388888888889
11132,1113.2,10066.455431340946,-1202.9295494607902,10054.463520587695,-1189.7734062987656,1.211252294475602,115.31271143422713,1,0,8.256623268127441,10.618055555555555
11133,1113.299,10067.534420438953,-1203.1521884418146,10055.257365457965,-1189.4750140058018,1.211252294475602,118.93061990865874,1,0,8.8761625289917,10.735
11134,1113.399,10068.606749110397,-1203.3080357299557,10056.115164847819,-1189.1525823363058,1.211252294475602,122.76540245921592,1,0,9.451761245727539,10.698055555555557
11135,1113.499,10069.692398634907,-1203.5306747109798,10057.010622483327,-1188.8159955961019,1.211252294475602,126.53384882814416,1,0,9.680776596069336,10.68388888888889
11136,1113.599,10070.744746026776,-1203.719917845958,10057.940729361308,-1188.466384816444,1.211252294475602,130.65780106231628,1,0,10.192084312438965,10.696944444444444
11137,1113.699,10071.837055977794,-1203.931424877773,10058.903928177335,-1188.104335360614,1.211252294475602,134.71901720494708,1,0,10.387825965881348,10.74
11138,1113.799,10072.902724222731,-1204.165195808798,10059.887244161831,-1187.7347242157782,1.211252294475602,138.94330636865968,1,0,10.621912002563477,10.70111111111111
11139,1113.899,10073.9550716146,-1204.3989667398228,10060.901286936638,-1187.3535634121122,1.211252294475602,143.489605087829,1,0,11.044341087341309,10.62611111111111
11140,1113.999,10075.020739859523,-1204.6327376700565,10061.95188864925,-1186.95866074818,1.211252294475602,148.1874032117884,1,0,11.403038024902344,10.656944444444445
11141,1114.099,10076.086408104446,-1204.8776405494998,10063.018537292699,-1186.5577263258187,1.211252294475602,152.71067631690156,1,0,11.387203216552734,10.68611111111111
11142,1114.199,10077.132095069765,-1205.1336753781527,10064.100676049198,-1186.1509694430194,1.211252294475602,157.70082214315514,1,0,11.734003067016602,10.653888888888888
11143,1114.299,10078.191102888168,-1205.3674463091775,10065.202691660981,-1185.7367412007047,1.211252294475602,162.61820811729675,1,0,11.811896324157715,10.748055555555556
11144,1114.399,10079.236789853501,-1205.6234811378301,10066.332334094392,-1185.3121285231418,1.211252294475602,168.14746464243635,1,0,12.324283599853516,10.575
11145,1114.499,10080.28247681882,-1205.8683840180643,10067.494207775067,-1184.875400687899,1.211252294475602,173.58464063672923,1,0,12.500555992126465,10.62888888888889
11146,1114.599,10081.341484637207,-1206.1912105411825,10068.673646323212,-1184.4320705286054,1.211252294475602,179.23281354390832,1,0,12.699578285217285,10.748055555555556
11147,1114.699,10082.373850749473,-1206.469509267463,10069.858852700261,-1183.9865723441005,1.211252294475602,184.74911978588753,1,0,12.62379264831543,10.68
11148,1114.799,10083.432858567889,-1206.7478079945347,10071.050965358685,-1183.5384782101698,1.211252294475602,190.73592242974934,1,0,12.847139358520508,10.73111111111111
11149,1114.899,10084.465224680138,-1207.0595025684433,10072.266477219177,-1183.0815887286597,1.211252294475602,197.01008978210893,1,0,13.12374496459961,10.62888888888889
11150,1114.999,10085.497590792404,-1207.3600651947247,10073.504965100215,-1182.6160629660433,1.211252294475602,203.45396267984233,1,0,13.33804988861084,10.763055555555555
11151,1115.1,10086.536617331203,-1207.660627819424,10074.763702653165,-1182.1429257087134,1.211252294475602,209.8487998832096,1,0,13.290122032165527,10.625
11152,1115.199,10087.58896472307,-1208.0168501893795,10075.992343745602,-1181.681101180355,1.211252294475602,216.22405423608384,1,0,13.226449966430664,10.856944444444444
11153,1115.299,10088.63465168839,-1208.3174128156609,10077.234613613426,-1181.2141538355745,1.211252294475602,223.00282716472768,1,0,13.31615161895752,10.748888888888889
11154,1115.399,10089.653696947586,-1208.6291073895698,10078.486729403492,-1180.7435055821854,1.211252294475602,230.0170372634874,1,0,13.436820030212402,10.558055555555555
11155,1115.499,10090.65942135374,-1208.9853297603163,10079.747605153729,-1180.2695646141874,1.211252294475602,237.16701601036146,1,0,13.503318786621094,10.553055555555556
11156,1115.599,10091.678466612964,-1209.2636284873877,10081.01880196251,-1179.7917441422205,1.211252294475602,244.63701227603934,1,0,13.657341957092285,10.513055555555555
11157,1115.699,10092.730814004817,-1209.6532467049715,10082.297882463172,-1179.3109603294477,1.211252294475602,252.140890791208,1,0,13.67176342010498,10.903888888888888
11158,1115.799,10093.743198837496,-1210.0539968717646,10083.574410261117,-1178.8311360326275,1.211252294475602,259.6990867532786,1,0,13.602800369262695,10.773888888888889
11159,1115.899,10094.795546229334,-1210.2655039043707,10084.828358082148,-1178.3597991510935,1.211252294475602,266.8864754948602,1,0,13.189314842224121,10.698055555555557
11160,1115.999,10095.814591488543,-1210.7330457656294,10086.054880651827,-1177.8987709380947,1.211252294475602,274.4057574584056,1,0,13.016826629638672,10.818888888888889
11161,1116.1,10096.806995041643,-1211.122663983213,10087.262598233994,-1177.44481118841,1.211252294475602,281.6280289311008,1,0,12.532034873962402,10.633055555555556
11162,1116.199,10097.832700727373,-1211.4788863531685,10088.408638626002,-1177.0140348072707,1.211252294475602,288.8405737850606,1,0,12.2018461227417,10.738055555555555
11163,1116.299,10098.845085560017,-1211.868504571543,10089.549494365468,-1176.5852072456278,1.211252294475602,296.5492143365455,1,0,12.173919677734375,10.67611111111111
11164,1116.399,10099.844149539655,-1212.3471783820114,10090.688123056938,-1176.1572167920683,1.211252294475602,304.3989888112982,1,0,12.15426254272461,10.913888888888888
11165,1116.5,10100.889836504988,-1212.7145327011763,10091.827590649873,-1175.7289110102363,1.211252294475602,312.1963978472121,1,0,11.950793266296387,11.011944444444444
11166,1116.599,10101.855598351964,-1213.1375467663881,10092.942068499531,-1175.3099984323867,1.211252294475602,320.3856711932642,1,0,12.101903915405273,10.611111111111112
11167,1116.699,10102.801378919323,-1213.6496164244845,10094.068304725635,-1174.8866660881063,1.211252294475602,328.4544785974755,1,0,11.961498260498047,10.58611111111111
11168,1116.799,10103.827084605053,-1214.0948943873243,10095.166025988992,-1174.4740520156647,1.211252294475602,336.10294364283584,1,0,11.492647171020508,11.058888888888887
11169,1116.899,10104.866111143849,-1214.428852859652,10096.221687088662,-1174.0772476173236,1.211252294475602,343.6907159489059,1,0,11.06283187866211,10.74
11170,1116.999,10105.971741947951,-1214.9520544669576,10097.26644647707,-1173.6845409800726,1.211252294475602,352.0698315181418,1,0,11.259718894958496,11.60388888888889
11171,1117.1,10106.977466354107,-1215.2526170916572,10098.306369499227,-1173.29365224764,1.211252294475602,359.73409204134634,1,0,10.73950481414795,10.803888888888888
11172,1117.199,10107.929907348,-1215.775818698172,10099.293950880752,-1172.9224378152512,1.211252294475602,367.56139213829033,1,0,10.574508666992188,10.785
11173,1117.299,10109.002236019458,-1216.1431730181278,10100.278695175419,-1172.552289793801,1.211252294475602,375.572096590444,1,0,10.465746879577637,10.991111111111111
11174,1117.399,10109.987979146024,-1216.5105273380836,10101.242999235707,-1172.1898248961368,1.211252294475602,383.317488269296,1,0,10.137778282165527,10.696944444444444
11175,1117.499,10111.066968244002,-1216.9335414025047,10102.195405427658,-1171.8318321974464,1.211252294475602,391.5419696411003,1,0,10.21153450012207,11.253055555555557
11176,1117.599,10112.079353076677,-1217.3342915692979,10103.156108003854,-1171.470721034165,1.211252294475602,399.97380487907975,1,0,10.315040588378906,10.98111111111111
11177,1117.699,10113.178323454258,-1217.6682500424165,10104.130066057207,-1171.1046273706863,1.211252294475602,408.708501377734,1,0,10.49475383758545,11.215
11178,1117.799,10114.164066580794,-1218.135791903675,10105.11489136384,-1170.7344488982658,1.211252294475602,417.4980676693368,1,0,10.547232627868652,10.905000000000001
11179,1117.899,10115.249716105309,-1218.4920142736307,10106.113394391821,-1170.3591292114993,1.211252294475602,426.74151489680224,1,0,10.786994934082031,11.05
11180,1117.999,10116.335365629833,-1218.9372922372615,10107.1351115218,-1169.9750837530064,1.211252294475602,436.32061285055795,1,0,11.043230056762695,11.37111111111111
11181,1118.099,10117.447656860468,-1219.215590964333,10108.169055076089,-1169.5864425971408,1.211252294475602,445.8185566797956,1,0,11.048227310180664,11.313888888888888
11182,1118.2,10118.53996681153,-1219.5829452827068,10109.21751266036,-1169.1923458732558,1.211252294475602,455.68939536316776,1,0,11.131542205810547,11.403055555555556
11183,1118.299,10119.60563505644,-1220.0838829923848,10110.253323544513,-1168.803002821011,1.211252294475602,465.5824631765461,1,0,11.22336196899414,11.510000000000002
11184,1118.4,10120.704605434019,-1220.4289734131307,10111.314890695128,-1168.403978442231,1.211252294475602,475.75995036005327,1,0,11.233736038208008,11.430000000000001
11185,1118.499,10121.83687794423,-1220.8074596822962,10112.356174173348,-1168.0125783383462,1.211252294475602,485.8781671048373,1,0,11.239277839660645,11.683055555555555
11186,1118.599,10123.002452587112,-1221.1525501038334,10113.401039033532,-1167.6198320561136,1.211252294475602,495.9809030839809,1,0,11.085526466369629,12.0
11187,1118.699,10124.08810211164,-1221.5755641690453,10114.437566713359,-1167.2302195730101,1.211252294475602,506.33330769115753,1,0,11.06114387512207,11.706944444444446
11188,1118.799,10125.180412062673,-1222.0542379795133,10115.469508937293,-1166.8423306819457,1.211252294475602,516.7281059282806,1,0,10.987552642822266,11.854999999999999
11189,1118.899,10126.319344999416,-1222.4549881455155,10116.496616286671,-1166.4562591349982,1.211252294475602,527.2871926527692,1,0,10.957840919494629,12.013055555555555
11190,1118.999,10127.40499452396,-1222.9113980583559,10117.524696315277,-1166.0698219750752,1.211252294475602,538.1119605046807,1,0,11.00833511352539,11.76388888888889
11191,1119.099,10128.457341915813,-1223.4679955124986,10118.557413486746,-1165.6816417948926,1.211252294475602,549.127297408881,1,0,11.05691909790039,11.89388888888889
11192,1119.2,10129.542991440323,-1223.946669322967,10119.60163232626,-1165.289138340442,1.211252294475602,560.3193460598415,1,0,11.033181190490723,11.993055555555555
11193,1119.299,10130.661943097493,-1224.4030792342253,10120.620551817521,-1164.9061444650263,1.211252294475602,571.3205354409417,1,0,10.957172393798828,11.99888888888889
11194,1119.399,10131.78089475465,-1224.8260933002282,10121.64962403071,-1164.5193343604087,1.211252294475602,582.7979282441062,1,0,11.030202865600586,11.816944444444443
11195,1119.499,10132.839902573038,-1225.482878295674,10122.6892718541,-1164.1285490703413,1.211252294475602,594.648037343198,1,0,11.183133125305176,12.021944444444445
11196,1119.599,10133.965514656757,-1225.905892360886,10123.737308187743,-1163.7346106871414,1.211252294475602,606.5604746414069,1,0,11.209433555603027,12.30111111111111
11197,1119.699,10135.071145460859,-1226.351170323726,10124.782151444739,-1163.3418725251668,1.211252294475602,618.4278313597323,1,0,11.114909172058105,11.89
11198,1119.799,10136.183436691494,-1226.8743719310316,10125.827667748263,-1162.9488813768658,1.211252294475602,630.7628740835096,1,0,11.223814010620117,12.178055555555556
11199,1119.899,10137.34901133438,-1227.252858200197,10126.873751805078,-1162.5556768201106,1.211252294475602,642.965295718212,1,0,11.127039909362793,12.29
11200,1120.0,10138.514585977262,-1227.7204000606646,10127.941403363297,-1162.1543654197674,1.211252294475602,656.2215286655236,1,0,11.458771705627441,12.495
11201,1120.099,10139.646858487486,-1228.0877543806205,10129.016889107268,-1161.750109287099,1.211252294475602,669.659453098203,1,0,11.752396583557129,12.103055555555557
11202,1120.199,10140.759149718122,-1228.4551086989943,10130.132318247655,-1161.3308391358337,1.211252294475602,683.801249879797,1,0,12.080099105834961,11.861111111111112
11203,1120.299,10141.871440948757,-1229.0562339499752,10131.270564018096,-1160.902992615539,1.211252294475602,698.1240627650194,1,0,12.239901542663574,12.261111111111111
11204,1120.399,10142.957090473286,-1229.5571716588622,10132.438507258195,-1160.463983339902,1.211252294475602,713.532564664161,1,0,12.714621543884277,12.024999999999999
11205,1120.499,10144.082702556976,-1229.9579218256551,10133.630693385327,-1160.0158615903792,1.211252294475602,728.6964850322202,1,0,12.757880210876465,11.94
11206,1120.599,10145.221635493734,-1230.4477275845418,10134.838341371742,-1159.561928000511,1.211252294475602,744.705534256971,1,0,13.04498291015625,12.188055555555556
11207,1120.699,10146.33392672437,-1230.904137497382,10136.064990079063,-1159.1008523745961,1.211252294475602,760.875202681985,1,0,13.163853645324707,12.014999999999999
11208,1120.799,10147.512822220351,-1231.3160196133845,10137.304034956429,-1158.6351172468787,1.211252294475602,777.4905212702614,1,0,13.309842109680176,12.271944444444445
11209,1120.899,10148.631773877492,-1231.7835614746432,10138.547310890226,-1158.1677917396332,1.211252294475602,794.0281609016228,1,0,13.254255294799805,12.02
11210,1120.999,10149.784027667323,-1232.2399713866926,10139.788566791736,-1157.7012255269158,1.211252294475602,810.9208745680731,1,0,13.266681671142578,12.203055555555554
11211,1121.099,10150.909639751011,-1232.5961937574389,10141.030949897775,-1157.2342356178863,1.211252294475602,828.0791828334197,1,0,13.278339385986328,12.063055555555556
11212,1121.199,10152.088535246965,-1233.0414717202789,10142.268589273304,-1156.7690287935336,1.211252294475602,845.1920253572996,1,0,13.165326118469238,12.395
11213,1121.299,10153.400639273506,-1233.1416592623725,10143.491443540755,-1156.3093794306778,1.211252294475602,862.1955774275381,1,0,12.962437629699707,12.639999999999999
11214,1121.399,10154.606176475585,-1233.4756177347,10144.714894038432,-1155.8495059553904,1.211252294475602,880.2588773386309,1,0,13.178065299987793,12.451944444444443
11215,1121.5,10155.725128132754,-1233.8874998507029,10145.933682847735,-1155.3913847265874,1.211252294475602,897.0196418875464,1,0,12.60500431060791,12.2
11216,1121.599,10156.910684055227,-1234.3105139151237,10147.098035641458,-1154.9537250364515,1.211252294475602,914.1948525638286,1,0,12.52409553527832,12.441111111111109
11217,1121.699,10158.016314859327,-1234.7335279803358,10148.272028980262,-1154.5124416353622,1.211252294475602,931.9726459124664,1,0,12.55969524383545,12.153888888888888
11218,1121.799,10159.1352665165,-1235.2010698415945,10149.441859330536,-1154.0727230282757,1.211252294475602,949.6253140122777,1,0,12.435148239135742,12.263888888888888
11219,1121.899,10160.287520306312,-1235.612951957597,10150.602873525566,-1153.6363182585364,1.211252294475602,967.5032436083724,1,0,12.37132740020752,12.213888888888889
11220,1121.999,10161.466415802264,-1235.902382633878,10151.75712181533,-1153.2024566733182,1.211252294475602,985.4856529799952,1,0,12.290586471557617,12.066944444444445
11221,1122.099,10162.685273857398,-1236.2252091569962,10152.901084665029,-1152.7724612037105,1.211252294475602,1003.4410038465738,1,0,12.151566505432129,12.353055555555555
11222,1122.199,10163.797565088062,-1236.6816190698364,10154.042838052803,-1152.3432962318918,1.211252294475602,1022.0288878744199,1,0,12.243378639221191,12.069999999999999
11223,1122.3,10164.963139730915,-1237.0489733890013,10155.199258505956,-1151.9086181687462,1.211252294475602,1040.8684526339864,1,0,12.220309257507324,12.236944444444443
11224,1122.4,10166.075430961551,-1237.4497235557944,10156.36240717663,-1151.471411087238,1.211252294475602,1060.8775657308872,1,0,12.6317720413208,11.94388888888889
11225,1122.499,10167.260986884039,-1237.7725500789127,10157.5285562708,-1151.0330761994292,1.211252294475602,1080.1691202193426,1,0,12.53609561920166,12.081944444444444
11226,1122.599,10168.433221953472,-1238.095376602031,10158.717451303492,-1150.5861915142914,1.211252294475602,1100.9372681737043,1,0,12.866087913513184,12.1
11227,1122.699,10169.598796596327,-1238.4849948204055,10159.925734396953,-1150.13201919888,1.211252294475602,1121.7787263945265,1,0,12.950345039367676,12.228055555555555
11228,1122.799,10170.74438995959,-1238.8078213435238,10161.145452854063,-1149.6735485318536,1.211252294475602,1143.233666373312,1,0,13.110418319702148,11.993888888888888
11229,1122.899,10171.909964602502,-1239.186307612689,10162.37169864401,-1149.2126243554771,1.211252294475602,1164.6905435611745,1,0,13.08980941772461,12.114999999999998
11230,1123.0,10173.10884137803,-1239.4534743905513,10163.603689841517,-1148.7495405816778,1.211252294475602,1186.33277777094,1,0,12.972552299499512,12.214999999999998
11231,1123.099,10174.241113888269,-1239.7540370152506,10164.808138389053,-1148.2968096044854,1.211252294475602,1208.1127150928976,1,0,13.021895408630371,11.836944444444445
11232,1123.199,10175.439990663795,-1240.188183029672,10166.031511088464,-1147.836965372195,1.211252294475602,1230.606056554321,1,0,13.116945266723633,12.426111111111112
11233,1123.299,10176.585584027092,-1240.4887456543713,10167.256888465829,-1147.3763676168,1.211252294475602,1253.0972879598796,1,0,13.064727783203125,12.005
11234,1123.399,10177.791121229182,-1240.8449680251179,10168.481965228537,-1146.915882857155,1.211252294475602,1276.08084843398,1,0,13.110522270202637,12.343055555555555
11235,1123.499,10178.97001672509,-1241.1789264974454,10169.719407452627,-1146.4507501385526,1.211252294475602,1299.9544552853192,1,0,13.328930854797363,12.221111111111112
11236,1123.599,10180.128930941455,-1241.5017530205637,10170.960353276923,-1145.9843004783936,1.211252294475602,1323.3804788172909,1,0,13.185380935668945,12.046111111111113
11237,1123.699,10181.301166010873,-1241.8134475944726,10172.227275688989,-1145.5080866768037,1.211252294475602,1349.5015008445127,1,0,13.883952140808105,12.228055555555555
11238,1123.799,10182.486721933345,-1242.0694824239163,10173.55058631356,-1145.0106775401352,1.211252294475602,1376.5966035649385,1,0,14.390183448791504,12.268055555555556
11239,1123.899,10183.6056735905,-1242.4257047946626,10174.889649146095,-1144.5073474261708,1.211252294475602,1402.6935962155194,1,0,14.2205171585083,12.086944444444445
11240,1123.999,10184.777908659933,-1242.7373993685715,10176.214251945024,-1144.009452583939,1.211252294475602,1428.9429022082927,1,0,14.08122730255127,12.0
11241,1124.099,10185.93016244975,-1243.0156980956428,10177.505166173969,-1143.524220681308,1.211252294475602,1453.8391840029717,1,0,13.500720024108887,12.058055555555555
11242,1124.199,10187.115718372235,-1243.3719204663894,10178.783467174357,-1143.0437298689474,1.211252294475602,1480.947786307015,1,0,13.81173038482666,12.35
11243,1124.299,10188.281293015134,-1243.627955295042,10180.044658179426,-1142.5696704022153,1.211252294475602,1505.704436227315,1,0,13.135144233703613,12.046944444444444
11244,1124.399,10189.46018851104,-1243.9730457165792,10181.24584850776,-1142.1181641321848,1.211252294475602,1529.804758313759,1,0,12.529743194580078,12.246111111111112
11245,1124.499,10190.625763153941,-1244.2179485960223,10182.410636744604,-1141.6803407666555,1.211252294475602,1554.4467623637831,1,0,12.357369422912598,12.106944444444444
11246,1124.599,10191.758035664165,-1244.6409626612344,10183.576297545054,-1141.242189419848,1.211252294475602,1580.186211473921,1,0,12.548386573791504,11.911111111111111
11247,1124.699,10192.910289453977,-1245.0083169811903,10184.753588673497,-1140.7996664377658,1.211252294475602,1606.1499302264824,1,0,12.605865478515625,12.10111111111111
11248,1124.799,10194.095845376449,-1245.2309559622147,10185.944753469586,-1140.3519285885782,1.211252294475602,1633.1078640130993,1,0,12.84481430053711,11.973888888888888
11249,1124.899,10195.26142001935,-1245.5760463837516,10187.136007892139,-1139.904157050383,1.211252294475602,1659.2658178053052,1,0,12.607780456542969,12.069999999999999
11250,1124.999,10196.367050823452,-1245.954532652917,10188.311165080555,-1139.4624361787398,1.211252294475602,1685.6738449757866,1,0,12.500877380371094,11.943055555555555
11251,1125.099,10197.579248452063,-1246.2216994307792,10189.476041649454,-1139.0245796107486,1.211252294475602,1712.1336462469899,1,0,12.38812255859375,12.166944444444445
11252,1125.199,10198.75148352145,-1246.566789852316,10190.640879118364,-1138.5867377397535,1.211252294475602,1739.3903157612672,1,0,12.500041961669922,11.92388888888889
11253,1125.299,10199.91705816435,-1246.80056078255,10191.810014640378,-1138.1472803063627,1.211252294475602,1766.7255777480054,1,0,12.479955673217773,12.21
11254,1125.399,10201.149237072535,-1247.067727560412,10192.97329266239,-1137.7100246039672,1.211252294475602,1794.022107637412,1,0,12.374889373779297,12.31611111111111
11255,1125.499,10202.308151288882,-1247.3126304406464,10194.123328285215,-1137.2777464859907,1.211252294475602,1821.139914410882,1,0,12.197015762329102,11.959999999999999
11256,1125.599,10203.49370721137,-1247.6020611161364,10195.251472689068,-1136.8536968913318,1.211252294475602,1847.7898098243447,1,0,11.907156944274902,12.028055555555556
11257,1125.699,10204.619319295074,-1247.9805473845106,10196.339624363569,-1136.4446798586505,1.211252294475602,1873.2017913810673,1,0,11.342522621154785,11.7
11258,1125.799,10205.824856497138,-1248.203186366326,10197.401239463446,-1136.0456374565877,1.211252294475602,1899.4833202136613,1,0,11.340170860290527,12.103888888888887
11259,1125.899,10207.017072846143,-1248.5148809410257,10198.457375699421,-1135.6486544628854,1.211252294475602,1925.6381462144886,1,0,11.225460052490234,12.076944444444443
11260,1126.0,10208.16932663596,-1248.7931796680973,10199.516345821501,-1135.2506062613515,1.211252294475602,1952.2634215965043,1,0,11.176698684692383,11.92388888888889
11261,1126.099,10209.354882558431,-1249.0603464459596,10200.546317171564,-1134.863458187033,1.211252294475602,1978.2384380877834,1,0,11.052176475524902,12.161944444444444
11262,1126.199,10210.540438480903,-1249.3720410198682,10201.582035624411,-1134.4741498780863,1.211252294475602,2004.9276983369036,1,0,11.077203750610352,12.078055555555556
11263,1126.299,10211.71267355032,-1249.6169439001023,10202.616053629366,-1134.0854807375272,1.211252294475602,2031.625964975508,1,0,11.015844345092773,12.066944444444445
11264,1126.4,10212.904889899315,-1249.9286384740112,10203.648717206623,-1133.6973207024644,1.211252294475602,2058.2799970853475,1,0,10.829808235168457,12.133888888888889
11265,1126.499,10214.063804115678,-1250.2180691502922,10204.644589559099,-1133.3229898402471,1.211252294475602,2084.2623615506436,1,0,10.663141250610352,11.97888888888889
11266,1126.599,10215.2560204647,-1250.5408956734104,10205.646345875932,-1132.9464472995498,1.211252294475602,2111.152702788072,1,0,10.740596771240234,12.163888888888888
11267,1126.699,10216.434915960637,-1250.8303263496914,10206.63937240565,-1132.5731861319412,1.211252294475602,2137.3258294055136,1,0,10.476618766784668,12.108888888888888
11268,1126.8,10217.61381145659,-1251.1531528728096,10207.63027146514,-1132.2007246428893,1.211252294475602,2164.26055637102,1,0,10.485519409179688,12.133055555555556
11269,1126.899,10218.779386099473,-1251.4759793959277,10208.59329071044,-1131.8387426845302,1.211252294475602,2190.2527084387816,1,0,10.298393249511719,12.071111111111112
11270,1126.999,10219.978262874985,-1251.7765420214182,10209.548829141955,-1131.479572632202,1.211252294475602,2216.3007631179003,1,0,10.117843627929688,12.189999999999998
11271,1127.099,10221.157158370954,-1252.1327643913737,10210.489838534626,-1131.12586378946,1.211252294475602,2242.282175253301,1,0,9.98796272277832,12.246944444444443
11272,1127.199,10222.342714293427,-1252.4444589660734,10211.438901231011,-1130.7691278518141,1.211252294475602,2269.5707202253193,1,0,10.289912223815918,12.238055555555556
11273,1127.299,10223.528270215884,-1252.8229452344478,10212.403519117823,-1130.4065449922912,1.211252294475602,2296.9266749613403,1,0,10.320318222045898,12.141944444444446
11274,1127.399,10224.727146991409,-1253.1346398091475,10213.37561889501,-1130.0411498220658,1.211252294475602,2324.914847173184,1,0,10.449771881103516,12.318888888888889
11275,1127.499,10225.91270291391,-1253.490862179103,10214.36162327169,-1129.6705281579991,1.211252294475602,2353.5926114521317,1,0,10.617406845092773,12.28611111111111
11276,1127.599,10227.104919262918,-1253.8248206514306,10215.374704034963,-1129.2897289575103,1.211252294475602,2383.80275798761,1,0,11.028291702270508,12.165
11277,1127.699,10228.290475185393,-1254.1365152261303,10216.408461016237,-1128.9011579311516,1.211252294475602,2413.9786514395105,1,0,11.059179306030273,12.34111111111111
11278,1127.799,10229.48935196092,-1254.5038695452954,10217.453260754404,-1128.5084361271372,1.211252294475602,2445.1268951490333,1,0,11.264233589172363,12.413888888888888
11279,1127.899,10230.694889162995,-1254.9380155597166,10218.514381435789,-1128.10957956827,1.211252294475602,2476.8611973826423,1,0,11.407896041870117,12.41
11280,1127.999,10231.873784658948,-1255.2497101336255,10219.58091594833,-1127.7086880457048,1.211252294475602,2508.6108192053916,1,0,11.37990665435791,12.465
11281,1128.099,10233.072661434477,-1255.6949880972563,10220.646740858525,-1127.3080632501535,1.211252294475602,2540.713527158143,1,0,11.39273452758789,12.52111111111111
11282,1128.199,10234.264877783513,-1256.0623424164212,10221.717899302064,-1126.9054336734364,1.211252294475602,2573.462957106064,1,0,11.493864059448242,12.506944444444443
11283,1128.299,10235.463754559025,-1256.451960634796,10222.785490987302,-1126.5041447782905,1.211252294475602,2605.707519266202,1,0,11.316526412963867,12.45611111111111
11284,1128.399,10236.655970908003,-1256.8081830047513,10223.862631417,-1126.0992666784266,1.211252294475602,2639.8920918422405,1,0,11.697884559631348,12.47388888888889
11285,1128.499,10237.854847683557,-1257.2089331715447,10224.983808479217,-1125.6778359846687,1.211252294475602,2676.1810691360442,1,0,12.25742244720459,12.508888888888887
11286,1128.599,10239.053724459101,-1257.7098708804317,10226.149753290218,-1125.239577883302,1.211252294475602,2713.754771107631,1,0,12.654401779174805,12.60611111111111
11287,1128.699,10240.285903367301,-1258.2108085893185,10227.345377940175,-1124.7901636536626,1.211252294475602,2752.156468705884,1,0,12.891568183898926,13.048055555555555
11288,1128.799,10241.484780142813,-1258.644954602949,10228.562708173415,-1124.3325906778903,1.211252294475602,2791.567214010291,1,0,13.118167877197266,12.854999999999999
11289,1128.899,10242.716959051013,-1259.145892311836,10229.800088712358,-1123.8674811456476,1.211252294475602,2831.913614251744,1,0,13.319967269897461,13.126944444444444
11290,1128.999,10243.862552414323,-1259.624566122304,10231.057082806537,-1123.394999223736,1.211252294475602,2873.31892529922,1,0,13.537235260009766,12.523055555555555
11291,1129.099,10245.048108336781,-1260.0587121351434,10232.344094981372,-1122.9112340344604,1.211252294475602,2916.7256620918474,1,0,13.961339950561523,12.61111111111111
11292,1129.199,10246.333570657214,-1260.6264415392868,10233.631334257525,-1122.427383481802,1.211252294475602,2957.9790473166872,1,0,13.54208755493164,13.453055555555554
11293,1129.299,10247.485824447042,-1261.0939834013363,10234.912894438541,-1121.9456676008956,1.211252294475602,3001.671576278512,1,0,13.839999198913574,12.708055555555555
11294,1129.399,10248.698022075654,-1261.6060530578509,10236.19148261854,-1121.4650688427819,1.211252294475602,3043.662983556275,1,0,13.47858715057373,13.006944444444445
11295,1129.499,10249.923540557304,-1262.1515185627845,10237.472289232042,-1120.9836362146204,1.211252294475602,3088.5237046660172,1,0,13.887398719787598,13.225
11296,1129.6,10251.12907775938,-1262.6747201700903,10238.773546906064,-1120.4945163933176,1.211252294475602,3132.4705030033933,1,0,13.64027214050293,13.22111111111111
11297,1129.699,10252.347935814483,-1263.2090537258143,10240.017518217135,-1120.0269295060134,1.211252294475602,3174.3399510031027,1,0,13.207157135009766,13.296944444444444
11298,1129.799,10253.546812590039,-1263.7656511791665,10241.251624890632,-1119.5630505620804,1.211252294475602,3217.4821489762444,1,0,13.161027908325195,13.196111111111112
11299,1129.899,10254.765670645154,-1264.3222486333095,10242.490818178352,-1119.0972596495274,1.211252294475602,3261.807059251425,1,0,13.315838813781738,13.366111111111111
11300,1129.999,10255.971207847217,-1264.9011099858715,10243.745557506392,-1118.625625254461,1.211252294475602,3307.152256469637,1,0,13.49318790435791,13.311944444444444
11301,1130.099,10257.190065902363,-1265.50223523527,10244.999095580943,-1118.1544423894059,1.211252294475602,3351.691886907783,1,0,13.290172576904297,13.43611111111111
11302,1130.199,10258.395603104424,-1266.0922285370416,10246.23857292385,-1117.688544705515,1.211252294475602,3396.481596742538,1,0,13.192763328552246,13.318055555555555
11303,1130.299,10259.614461159557,-1266.7490135324872,10247.479948446335,-1117.221933529382,1.211252294475602,3442.4762317339387,1,0,13.330729484558105,13.538055555555555
11304,1130.399,10260.819998361618,-1267.3167429350488,10248.718420080342,-1116.7564138737384,1.211252294475602,3487.729319080975,1,0,13.130718231201172,13.41611111111111
11305,1130.499,10262.038856416746,-1267.9178681860294,10249.936346142098,-1116.29861693653,1.211252294475602,3532.536464200925,1,0,12.891748428344727,13.543055555555556
11306,1130.6,10263.251054045344,-1268.5189934362193,10251.141525751893,-1115.8456111659214,1.211252294475602,3577.155954299511,1,0,12.603423118591309,13.498055555555556
11307,1130.699,10264.483232953546,-1269.1757784324561,10252.300365695968,-1115.4100236587883,1.211252294475602,3620.70756236936,1,0,12.406698226928711,13.733888888888888
11308,1130.799,10265.675449302551,-1269.8993551231583,10253.455346396402,-1114.9758867733099,1.211252294475602,3664.6842043793226,1,0,12.270864486694336,13.74611111111111
11309,1130.899,10266.887646931133,-1270.4559525765105,10254.600124989745,-1114.5455846800457,1.211252294475602,3708.7997173963076,1,0,12.18871784210205,13.508055555555554
11310,1131.0,10268.133146692402,-1271.235189011678,10255.738005865327,-1114.1178753172967,1.211252294475602,3752.3843966479935,1,0,11.882771492004395,14.08
11311,1131.099,10269.378646453657,-1271.9031059563333,10256.832192028882,-1113.7065900265552,1.211252294475602,3795.0782558525116,1,0,11.731989860534668,14.10611111111111
11312,1131.199,10270.550881523062,-1272.6378145954538,10257.916059353127,-1113.2991834056108,1.211252294475602,3837.2962619981618,1,0,11.426149368286133,13.896944444444445
11313,1131.299,10271.783060431277,-1273.3057315409003,10258.998289521474,-1112.892392162709,1.211252294475602,3881.397204049825,1,0,11.697010040283203,14.098055555555556
11314,1131.399,10273.03522061905,-1274.018176281602,10260.029348335569,-1112.5048353298305,1.211252294475602,3919.3880639018803,1,0,10.33281135559082,14.273055555555556
11315,1131.499,10274.260739100688,-1274.7417529715135,10260.954806822743,-1112.1569717983357,1.211252294475602,3955.0323363499965,1,0,9.440731048583984,14.27888888888889
11316,1131.599,10275.459615876229,-1275.4875935598436,10261.856898691174,-1111.8178913669233,1.211252294475602,3993.0910847924365,1,0,9.833555221557617,14.146944444444445
11317,1131.7,10276.61186966606,-1276.3224897410582,10262.788073938467,-1111.4678790060736,1.211252294475602,4031.698157722451,1,0,9.865145683288574,14.17
11318,1131.799,10277.850709000777,-1277.0460664309696,10263.681245063195,-1111.1321517249662,1.211252294475602,4067.827949783716,1,0,9.41130256652832,14.268888888888888
11319,1131.899,10279.082887908962,-1277.6917194779971,10264.577673860347,-1110.79519994222,1.211252294475602,4106.212570696258,1,0,9.741985321044922,14.04111111111111
11320,1131.999,10280.26844383145,-1278.4820878623739,10265.503489603603,-1110.4472021244621,1.211252294475602,4145.963813351122,1,0,10.039190292358398,14.073055555555554
11321,1132.099,10281.51394359269,-1279.1834006546574,10266.465986672989,-1110.0854164428245,1.211252294475602,4187.981110153483,1,0,10.525726318359375,14.349999999999998
11322,1132.199,10282.746122500892,-1279.906977343778,10267.475646053159,-1109.7059032799323,1.211252294475602,4232.366956799599,1,0,11.046870231628418,14.33
11323,1132.299,10283.964980556022,-1280.6305540344802,10268.509634777756,-1109.3172451453438,1.211252294475602,4276.6337001985785,1,0,11.045552253723145,14.30888888888889
11324,1132.399,10285.1904990377,-1281.3875265720199,10269.563240628364,-1108.921213278896,1.211252294475602,4323.23684827758,1,0,11.46601390838623,14.336944444444445
11325,1132.499,10286.382715386695,-1282.1778949563968,10270.652336996136,-1108.5118411526664,1.211252294475602,4371.456691595135,1,0,11.803850173950195,14.32388888888889
11326,1132.599,10287.581592162209,-1282.9459994439367,10271.760230595244,-1108.0954034785325,1.211252294475602,4420.010312746459,1,0,11.867639541625977,14.301944444444445
11327,1132.699,10288.807110643887,-1283.7029719806853,10272.88490317879,-1107.6726588799254,1.211252294475602,4470.358336059673,1,0,12.162353515625,14.46888888888889
11328,1132.799,10290.01264784595,-1284.4822084158527,10274.034373860308,-1107.2405931134283,1.211252294475602,4521.981801887017,1,0,12.397480964660645,14.386944444444444
11329,1132.9,10291.191543341887,-1285.305972647858,10275.2388915452,-1106.7878361487226,1.211252294475602,4577.924109905077,1,0,13.083687782287598,14.196111111111112
11330,1132.999,10292.383759690896,-1286.1408688282816,10276.455811281205,-1106.3304174716245,1.211252294475602,4632.868868385118,1,0,13.179913520812988,14.318888888888889
11331,1133.099,10293.549334333778,-1286.9868969587055,10277.709895416587,-1105.8590293519287,1.211252294475602,4691.109101422018,1,0,13.615114212036133,14.401944444444444
11332,1133.199,10294.721569403197,-1287.8663209359668,10278.981336555678,-1105.381117040505,1.211252294475602,4748.840063849676,1,0,13.550766944885254,14.51388888888889
11333,1133.299,10295.813879354242,-1288.8459324553219,10280.251801221593,-1104.9035717681352,1.211252294475602,4807.395875529946,1,0,13.594250679016113,14.465
11334,1133.399,10296.939491437932,-1289.803280076258,10281.531322222036,-1104.42262237926,1.211252294475602,4867.2340981959815,1,0,13.744266510009766,14.66611111111111
11335,1133.499,10298.058443095117,-1290.7494957479848,10282.835418637971,-1103.9324355249125,1.211252294475602,4929.534209831826,1,0,14.11933422088623,14.635000000000002
11336,1133.6,10299.204036458397,-1291.6734475212927,10284.183579121582,-1103.4256857642802,1.211252294475602,4994.081416224114,1,0,14.40054988861084,14.77
11337,1133.699,10300.322988115551,-1292.6307951422289,10285.52605124881,-1102.9210741565387,1.211252294475602,5058.482712170619,1,0,14.57272720336914,14.695
11338,1133.799,10301.535185744166,-1293.4100315773965,10286.900344824595,-1102.4045014272278,1.211252294475602,5125.139060127686,1,0,14.79072093963623,14.578888888888889
11339,1133.899,10302.82730849113,-1294.1002124204706,10288.301948628132,-1101.877663264726,1.211252294475602,5194.28253906873,1,0,15.156243324279785,14.621111111111112
11340,1134.0,10304.01952484014,-1294.9351086008942,10289.732376103571,-1101.3399907920546,1.211252294475602,5263.74034536298,1,0,15.103971481323242,14.555
11341,1134.099,10305.131816070774,-1295.9258520694584,10291.160968842289,-1100.8030079645746,1.211252294475602,5336.527619657813,1,0,15.7279634475708,14.631944444444443
11342,1134.199,10306.383976258565,-1296.6494287601608,10292.667773001269,-1100.2366268429162,1.211252294475602,5414.406401344324,1,0,16.466733932495117,14.546944444444444
11343,1134.299,10307.5628717545,-1297.5065888390031,10294.231145250567,-1099.6489827732807,1.211252294475602,5494.685615119052,1,0,16.936609268188477,14.538055555555555
11344,1134.399,10308.815031942291,-1298.2858252741707,10295.830105543831,-1099.0479617852584,1.211252294475602,5576.716543209473,1,0,17.227115631103516,14.698888888888888
11345,1134.499,10309.973946158656,-1299.1541173030134,10297.455040639477,-1098.4371773269004,1.211252294475602,5660.757068512483,1,0,17.491592407226562,0.0
11346,1134.599,10310.300307058646,-1299.6773189095284,10299.090314469006,-1097.8225067207259,1.211252294475602,5744.681044904295,1,0,17.448015213012695,0.0
11347,1134.699,10310.813159901505,-1300.2784441597182,10300.7094910644,-1097.213886781103,1.211252294475602,5827.393995792006,1,0,17.147655487060547,0.0
11348,1134.799,10311.405937862746,-1300.723722122558,10302.299751341889,-1096.6161359756481,1.211252294475602,5909.3774393425565,1,0,16.830183029174805,0.0
11349,1134.9,10311.918790705604,-1301.1244722901422,10303.901936812186,-1096.0139027004323,1.211252294475602,5995.402626224947,1,0,17.063514709472656,6.938055555555556
11350,1134.999,10313.17095089341,-1301.625409998238,10305.489837596264,-1095.417038786958,1.211252294475602,6081.0435636437205,1,0,17.20661163330078,11.991944444444446
11351,1135.099,10314.42977150772,-1302.282194993684,10307.092513459893,-1094.814621181533,1.211252294475602,6166.792299328699,1,0,17.036500930786133,13.543055555555556
11352,1135.199,10315.675271268974,-1302.972375836758,10308.723646528977,-1094.201507014217,1.211252294475602,6259.533249795203,1,0,17.814634323120117,14.026944444444444
11353,1135.299,10316.894129324104,-1303.707084475879,10310.401081396598,-1093.570988817031,1.211252294475602,6352.9016701419905,1,0,18.025794982910156,14.113055555555556
11354,1135.399,10318.039722687385,-1304.5753765047216,10312.111624940273,-1092.9280256521513,1.211252294475602,6450.501454541585,1,0,18.52204132080078,14.186944444444444
11355,1135.499,10319.118711785375,-1305.5327241248667,10313.874944723219,-1092.265224829261,1.211252294475602,6552.794518247914,1,0,19.153423309326172,14.085
11356,1135.599,10320.10445491191,-1306.6793148799902,10315.635413241986,-1091.6034957463135,1.211252294475602,6648.8379389229085,1,0,18.46112060546875,14.241944444444444
11357,1135.699,10321.110179318039,-1307.7813778390666,10317.369766983982,-1090.9515827476068,1.211252294475602,6748.84177955506,1,0,18.595449447631836,0.0
11358,1135.799,10321.436540218057,-1308.2823155479537,10319.068355660816,-1090.313113206434,1.211252294475602,6842.383322719441,1,0,17.696956634521484,0.0
11359,1135.899,10322.015997326249,-1308.9057046965622,10320.69730341534,-1089.7008204603392,1.211252294475602,6934.575226385696,1,0,17.107486724853516,0.0
11360,1135.999,10322.502208462996,-1309.4956979975427,10322.261688872166,-1089.1127955438542,1.211252294475602,7023.015210663779,1,0,16.3175048828125,0.0
11361,1136.099,10323.13494898339,-1309.874184265917,10323.763385215441,-1088.5483343600795,1.211252294475602,7109.8396947893425,1,0,15.768057823181152,0.0
11362,1136.199,10323.741047797714,-1310.2415385858728,10325.239979855567,-1087.9933084640297,1.211252294475602,7198.544264682791,1,0,15.781176567077637,0.0
11363,1136.3,10324.3005236263,-1310.720212396341,10326.679995842742,-1087.452031838822,1.211252294475602,7280.850282131073,1,0,14.681879997253418,0.0
11364,1136.4,10324.89996201408,-1311.276809850484,10328.051856247524,-1086.9363736956,1.211252294475602,7364.397622545258,1,0,14.6295804977417,0.0
11365,1136.499,10325.412814856936,-1311.8000114569986,10329.413952507513,-1086.4243857222848,1.211252294475602,7448.788815366743,1,0,14.76722526550293,0.0
11366,1136.599,10326.025574097768,-1312.122837980117,10330.776805006406,-1085.9121134920965,1.211252294475602,7531.486087177088,1,0,14.351770401000977,0.0
11367,1136.699,10326.491803954916,-1312.701699331888,10332.053235099012,-1085.4323259209912,1.211252294475602,7605.494812178077,1,0,12.920705795288086,0.0
11368,1136.799,10326.858127414112,-1313.5365955131024,10333.29899758691,-1084.9640657618922,1.211252294475602,7687.003204271937,1,0,13.69651985168457,0.0
11369,1136.899,10327.157846607997,-1314.3937555919447,10334.570813121802,-1084.486012721687,1.211252294475602,7766.708049937227,1,0,13.477360725402832,0.0
11370,1136.999,10327.477547081478,-1315.195255926322,10335.837354085783,-1084.009942299708,1.211252294475602,7847.951493428634,1,0,13.583822250366211,0.0
11371,1137.1,10327.977079071285,-1315.7295894820463,10337.108637241268,-1083.5320893715366,1.211252294475602,7928.522824537265,1,0,13.309747695922852,0.0
11372,1137.199,10328.303439971289,-1316.2639230369796,10338.332527246948,-1083.0720506929383,1.211252294475602,8006.8854045203425,1,0,13.104286193847656,0.0
11373,1137.299,10328.769669828434,-1316.753728797448,10339.553300243311,-1082.6131836431966,1.211252294475602,8085.905844844626,1,0,12.979008674621582,0.0
11374,1137.399,10329.215918406004,-1317.2769304039628,10340.780628870903,-1082.151852447237,1.211252294475602,8167.410472691189,1,0,13.244355201721191,0.0
11375,1137.5,10329.742092101931,-1317.7222083668025,10342.027656308228,-1081.6831168159465,1.211252294475602,8249.244354523946,1,0,13.136093139648438,6.753055555555555
11376,1137.599,10330.56798499174,-1318.7574796314138,10343.25664096505,-1081.2211631477917,1.211252294475602,8331.857638919162,1,0,13.387893676757812,0.0
11377,1137.699,10330.787779067281,-1319.6035077610468,10344.507078669209,-1080.7511456573138,1.211252294475602,8415.16985905847,1,0,13.3292236328125,0.0
11378,1137.799,10331.160762952983,-1320.2380288588647,10345.753706713069,-1080.2825601509865,1.211252294475602,8498.922250640511,1,0,13.306495666503906,0.0
11379,1137.899,10331.420519587686,-1320.90594580352,10346.995764164389,-1079.815692649825,1.211252294475602,8582.701816363227,1,0,13.2315673828125,0.0
11380,1137.999,10331.780182620365,-1321.7408419847345,10348.225062878053,-1079.3536209332392,1.211252294475602,8665.67210314435,1,0,13.033889770507812,0.0
11381,1138.099,10332.173147785657,-1321.4291474108259,10349.438580058759,-1078.8974812166982,1.211252294475602,8748.351172375884,1,0,12.894375801086426,0.0
11382,1138.199,10332.586094230584,-1321.5738627481753,10350.647478084382,-1078.443077759127,1.211252294475602,8831.96206127271,1,0,12.935195922851562,0.0
11383,1138.299,10333.019021955057,-1321.907821220503,10351.857278177144,-1077.98833523042,1.211252294475602,8915.903218021054,1,0,12.913649559020996,0.0
11384,1138.399,10333.47859138571,-1322.7204535032986,10353.063899744164,-1077.5347874535087,1.211252294475602,9000.047076922081,1,0,12.86728286743164,0.0
11385,1138.499,10333.545195650995,-1322.7872451977642,10354.279389599755,-1077.0779062432528,1.211252294475602,9086.473675204972,1,0,13.103131294250488,0.0
11386,1138.599,10333.764989726522,-1323.2659190082322,10355.493676996719,-1076.6214770159975,1.211252294475602,9171.317631142709,1,0,12.841590881347656,0.0
11387,1138.699,10333.571837357122,-1324.1008151894468,10356.711612654934,-1076.163676471649,1.211252294475602,9259.410287359715,1,0,13.18108081817627,0.0
11388,1138.799,10333.871556550986,-1325.0804267088017,10357.929457079834,-1075.7059102202954,1.211252294475602,9345.230540039547,1,0,12.839641571044922,2.4569444444444444
11389,1138.899,10334.37774896734,-1326.90606635779,10359.137289630704,-1075.251907255902,1.211252294475602,9432.805853171441,1,0,12.967164993286133,5.926111111111111
11390,1138.999,10333.1322492061,-1331.9154434434954,10360.348813247496,-1074.7965168848946,1.211252294475602,9520.451318777486,1,0,12.918505668640137,13.421944444444446
11391,1139.099,10333.232155604062,-1335.9229451114268,10361.574276189565,-1074.335886967235,1.211252294475602,9611.284294706904,1,0,13.264995574951172,18.196944444444444
11392,1139.199,10333.871556550986,-1338.2383905200925,10362.80811411758,-1073.8721090399913,1.211252294475602,9701.114271666549,1,0,13.097447395324707,19.353888888888886
11393,1139.299,10334.204577877543,-1340.242141354849,10364.000111663132,-1073.4240581749602,1.211252294475602,9786.188895759336,1,0,12.371025085449219,19.556944444444444
11394,1139.399,10334.537599204068,-1342.7023021008642,10365.172249180676,-1072.9834723443678,1.211252294475602,9874.525552293244,1,0,12.673113822937012,20.55
11395,1139.499,10335.729815553075,-1343.5483302304972,10366.353677141715,-1072.5393943998365,1.211252294475602,9962.41017072887,1,0,12.569526672363281,19.63611111111111
11396,1139.599,10336.722219106205,-1344.360962514084,10367.537941057224,-1072.094250470011,1.211252294475602,10052.117990657493,1,0,12.733707427978516,18.393055555555556
11397,1139.699,10337.24839280212,-1345.4407615747416,10368.750738503511,-1071.6383812889505,1.211252294475602,10145.677873104432,1,0,13.179180145263672,16.983888888888888
11398,1139.8,10337.934416734774,-1346.6875398711677,10369.982276591485,-1071.1754678310372,1.211252294475602,10238.029474678933,1,0,12.87359619140625,16.523055555555555
11399,1139.899,10338.673724079676,-1348.0456376588972,10371.159913639241,-1070.732814823983,1.211252294475602,10326.76531612897,1,0,12.542204856872559,16.45
11400,1139.999,10339.373068865414,-1349.0252491782524,10372.333545481668,-1070.2916673030093,1.211252294475602,10417.079422794968,1,0,12.533862113952637,15.514999999999999
11401,1140.099,10340.105715783797,-1349.9492009515602,10373.477840636655,-1069.8615469257018,1.211252294475602,10503.214180375644,1,0,11.915390968322754,14.74388888888889
11402,1140.199,10340.80506056955,-1351.0735278090558,10374.583017812998,-1069.4461303070002,1.211252294475602,10588.481914313083,1,0,11.69805908203125,14.48611111111111
11403,1140.3,10341.491084502206,-1352.2423824618068,10375.683168202566,-1069.0326031688362,1.211252294475602,10674.2137763172,1,0,11.575254440307617,14.413055555555555
11404,1140.4,10342.137145875697,-1353.4668968606052,10376.761136962894,-1068.6274137140897,1.211252294475602,10758.685691945077,1,0,11.456854820251465,14.341944444444444
11405,1140.5,10342.76988639612,-1354.6691473609847,10377.812238673332,-1068.2323231097885,1.211252294475602,10840.25353303683,1,0,11.00120735168457,14.228055555555555
11406,1140.599,10343.309380945086,-1355.6264949819208,10378.826181363767,-1067.8511999260734,1.211252294475602,10920.5820409574,1,0,10.881736755371094,13.363055555555555
11407,1140.699,10343.82223378797,-1356.6506342973225,10379.828003159697,-1067.4746327729379,1.211252294475602,10999.518709052843,1,0,10.52340030670166,12.873888888888887
11408,1140.799,10344.375049190023,-1357.8974125945397,10380.78731514204,-1067.1140443093727,1.211252294475602,11074.8669059834,1,0,9.97346305847168,13.24111111111111
11409,1140.9,10344.90122288595,-1358.8658921638944,10381.719159301801,-1066.7637805161182,1.211252294475602,11149.520216759425,1,0,9.739388465881348,12.705
11410,1140.999,10345.507321700248,-1360.0570107150643,10382.61956330754,-1066.4253345225384,1.211252294475602,11222.589628103831,1,0,9.693160057067871,13.023055555555556
11411,1141.099,10346.013514116601,-1361.2592612162348,10383.520644691162,-1066.0866339145532,1.211252294475602,11295.762496562003,1,0,9.55953598022461,13.058055555555553
11412,1141.199,10346.51970653294,-1362.4837756150332,10384.427574112231,-1065.7457351323794,1.211252294475602,11371.007348918374,1,0,9.818110466003418,13.161944444444444
11413,1141.299,10347.092503214562,-1363.6414983193658,10385.347936835069,-1065.3997870088713,1.211252294475602,11446.901311623247,1,0,9.84655475616455,13.181111111111111
11414,1141.4,10347.492128806434,-1364.9216724634202,10386.282502942926,-1065.0485000833098,1.211252294475602,11524.462019982737,1,0,9.92387866973877,13.071944444444444
11415,1141.502,10347.998321222743,-1366.045999320125,10387.218239976779,-1064.6967730273075,1.211252294475602,11601.384759405717,1,0,9.677254676818848,12.876944444444444
11416,1141.6,10348.304700843173,-1367.8048472746475,10388.09934385299,-1064.365581612198,1.211252294475602,11674.45622030118,1,0,9.532798767089844,13.95111111111111
11417,1141.699,10348.517834492166,-1369.4746396370765,10388.991455783069,-1064.0302524636872,1.211252294475602,11749.863425083133,1,0,9.720789909362793,14.28111111111111
11418,1141.799,10348.770930700348,-1370.9885847113646,10389.934541447743,-1063.6757631868993,1.211252294475602,11831.657637042397,1,0,10.429378509521484,14.326944444444443
11419,1141.899,10349.110612453393,-1372.424606142769,10390.912386156235,-1063.308208598267,1.211252294475602,11914.342016200695,1,0,10.463459014892578,14.47888888888889
11420,1141.999,10349.390350367685,-1373.827231726545,10391.889926232952,-1062.940768515349,1.211252294475602,11997.109112252294,1,0,10.422869682312012,14.261111111111111
11421,1142.1,10349.576842310538,-1375.3745726492525,10392.876210346407,-1062.5700417031594,1.211252294475602,12081.221773916586,1,0,10.441640853881836,14.393055555555554
11422,1142.199,10349.596823590142,-1377.1000247561467,10393.847275096401,-1062.2050355814106,1.211252294475602,12164.609160874503,1,0,10.515910148620605,14.696111111111112
11423,1142.299,10349.583502737056,-1378.959060252763,10394.839582471948,-1061.832044731178,1.211252294475602,12250.550673691145,1,0,10.68593978881836,15.363055555555556
11424,1142.399,10349.543540177892,-1380.784699901751,10395.855168223448,-1061.450303949772,1.211252294475602,12339.481506382288,1,0,11.013280868530273,15.793888888888887
11425,1142.5,10349.590163163606,-1382.632603448367,10396.903063286505,-1061.056418667695,1.211252294475602,12430.90737849333,1,0,11.15458869934082,16.31611111111111
11426,1142.6,10349.83659894524,-1384.0240970829336,10397.95247088718,-1060.6619648493904,1.211252294475602,12522.782004996385,1,0,11.267276763916016,15.93111111111111
11427,1142.699,10350.149638992192,-1384.903521060986,10398.994759694458,-1060.2701868600343,1.211252294475602,12613.866304157737,1,0,11.227434158325195,14.646111111111113
11428,1142.799,10350.522622877896,-1385.9053964779687,10400.030067195688,-1059.881033020557,1.211252294475602,12703.647819481948,1,0,10.893165588378906,13.955
11429,1142.899,10350.815681645257,-1386.9295357933704,10401.074045700143,-1059.4886199038183,1.211252294475602,12798.000608283497,1,0,11.412700653076172,13.246944444444441
11430,1142.999,10351.108740412605,-1388.0427307008656,10402.134536184303,-1059.090000224979,1.211252294475602,12891.501455108233,1,0,11.245964050292969,12.935
11431,1143.099,10351.395138753447,-1389.0000783218018,10403.199409348945,-1058.6897331738041,1.211252294475602,12987.585355524276,1,0,11.506341934204102,12.338055555555556
11432,1143.199,10351.861368610591,-1390.1244051792974,10404.273782516962,-1058.2858952388247,1.211252294475602,13083.675136055763,1,0,11.448943138122559,12.53
11433,1143.299,10352.194389937116,-1391.248732036002,10405.33703995036,-1057.8862355125423,1.211252294475602,13178.750489664602,1,0,11.268840789794922,12.396111111111113
11434,1143.399,10352.380881879999,-1392.528906180056,10406.382125216656,-1057.4934063835371,1.211252294475602,13272.565905342919,1,0,11.060672760009766,12.393055555555556
11435,1143.499,10352.500769557533,-1393.953795663042,10407.414893048504,-1057.1052071610113,1.211252294475602,13366.347356199209,1,0,11.005663871765137,12.686944444444444
11436,1143.599,10352.567373822865,-1395.144914213421,10408.466577241683,-1056.7098976117159,1.211252294475602,13464.371542162226,1,0,11.46484375,12.291944444444445
11437,1143.699,10352.653959367772,-1396.4807481027315,10409.526667888265,-1056.3114282247736,1.211252294475602,13560.58795721056,1,0,11.185277938842773,12.51888888888889
11438,1143.799,10352.800488751416,-1397.7831861452048,10410.554725376349,-1055.9249995374357,1.211252294475602,13653.88471052878,1,0,10.780416488647461,12.663055555555555
11439,1143.899,10352.853772163679,-1399.1746797797714,10411.531533220928,-1055.5578346876705,1.211252294475602,13741.921600523106,1,0,10.090267181396484,12.828055555555554
11440,1143.999,10352.986980694297,-1400.4548539246168,10412.496170702372,-1055.1952444628707,1.211252294475602,13833.507081887548,1,0,10.520381927490234,12.810000000000002
11441,1144.099,10353.046924533048,-1401.8018197631368,10413.48900740074,-1054.8220546495204,1.211252294475602,13927.13017118417,1,0,10.692777633666992,12.891944444444444
11442,1144.199,10353.1201892249,-1403.2267092445406,10414.498407453346,-1054.4426389632886,1.211252294475602,14022.7528268431,1,0,10.87427806854248,13.178888888888888
11443,1144.299,10353.040264106558,-1404.774050167248,10415.516638122836,-1054.0599040038346,1.211252294475602,14118.93395868104,1,0,10.881454467773438,13.521944444444445
11444,1144.399,10352.953678561651,-1407.3789262521948,10416.53598082106,-1053.6767510523816,1.211252294475602,14215.696002452423,1,0,10.898037910461426,16.13388888888889
11445,1144.499,10353.020282826941,-1408.6924962430862,10417.563514297852,-1053.2905193316508,1.211252294475602,14314.24909333734,1,0,11.0564603805542,15.573055555555555
11446,1144.599,10353.10686837183,-1409.8056911513725,10418.611217924496,-1052.8967060071473,1.211252294475602,14415.64736801094,1,0,11.328997611999512,14.785000000000002
11447,1144.699,10353.133510077956,-1411.2639764804046,10419.659926724422,-1052.5025148557254,1.211252294475602,14515.418244631534,1,0,11.077937126159668,14.896944444444443
11448,1144.799,10353.11352879838,-1412.121136560038,10420.704103317643,-1052.1100272809113,1.211252294475602,14616.92518293756,1,0,11.232161521911621,13.598055555555556
11449,1144.9,10353.09354751879,-1413.657345532745,10421.782107601382,-1051.7048244735402,1.211252294475602,14722.97192700868,1,0,11.57265853881836,14.313055555555556
11450,1144.999,10353.03360368001,-1415.1044989133586,10422.872235816572,-1051.2950644940556,1.211252294475602,14830.884407570116,1,0,11.954524040222168,14.358888888888888
11451,1145.099,10352.986980694297,-1416.4737286495065,10423.997487535255,-1050.8721022087598,1.211252294475602,14941.638741669674,1,0,12.08784294128418,14.228055555555555
11452,1145.199,10352.940357708583,-1417.7650347427705,10425.147708749133,-1050.4397543303783,1.211252294475602,15056.6255360634,1,0,12.488027572631836,13.973055555555554
11453,1145.299,10352.93369728208,-1419.1120005812902,10426.314426588377,-1050.0012056613216,1.211252294475602,15171.7083146032,1,0,12.440313339233398,14.003055555555555
11454,1145.399,10352.793828324897,-1420.5925498087413,10427.479993031086,-1049.5630897819256,1.211252294475602,15287.604757099702,1,0,12.46342658996582,14.511111111111111
11455,1145.499,10352.720563633058,-1422.151022679867,10428.6384347056,-1049.1276519773,1.211252294475602,15402.450291759626,1,0,12.288084030151367,14.871944444444445
11456,1145.599,10352.600675955508,-1423.5647802136436,10429.789294597293,-1048.6950640311861,1.211252294475602,15518.020547633927,1,0,12.301432609558105,14.68
11457,1145.699,10352.607336382027,-1424.9896696950475,10430.939686315696,-1048.2626520631588,1.211252294475602,15633.950668761829,1,0,12.278080940246582,14.521944444444445
11458,1145.799,10352.66728022081,-1426.2921077375208,10432.12918409528,-1047.8155408160897,1.211252294475602,15758.695519764022,1,0,13.136981010437012,14.163055555555555
11459,1145.899,10352.640638514686,-1427.5611499323659,10433.325673676312,-1047.3658014741065,1.211252294475602,15877.067096383502,1,0,12.427469253540039,13.72388888888889
11460,1145.999,10352.727224059592,-1428.8969838224673,10434.478766864862,-1046.932374071073,1.211252294475602,15994.133123641568,1,0,12.20976448059082,13.93
11461,1146.099,10352.68060107388,-1430.0881023736374,10435.616666716434,-1046.5046575755835,1.211252294475602,16110.772744319835,1,0,12.102845191955566,13.368888888888888
11462,1146.199,10352.707242780005,-1431.346012620064,10436.74519814771,-1046.0804625041385,1.211252294475602,16227.094250634733,1,0,12.009596824645996,13.398888888888887
11463,1146.299,10352.647298941221,-1432.6818465093745,10437.848902423824,-1045.665599522669,1.211252294475602,16339.855853773894,1,0,11.572382926940918,13.47888888888889
11464,1146.399,10352.800488751416,-1433.616930231892,10438.923436455272,-1045.2617011219618,1.211252294475602,16451.320797323217,1,0,11.38633918762207,12.638055555555555
11465,1146.499,10352.873753443282,-1434.5520139544092,10439.98158111852,-1044.8639631958517,1.211252294475602,16561.70785973909,1,0,11.222204208374023,11.798055555555555
11466,1146.599,10353.026943253475,-1435.264458695111,10441.04862268117,-1044.4628810820893,1.211252294475602,16675.83635056473,1,0,11.576432228088379,10.68
11467,1146.699,10353.200114343272,-1435.8878478437196,10442.122675327459,-1044.0591636255776,1.211252294475602,16788.701019548505,1,0,11.372004508972168,9.621944444444445
11468,1146.799,10353.300020741233,-1436.6782162280965,10443.18305846518,-1043.660584296372,1.211252294475602,16901.17778028885,1,0,11.284366607666016,9.288055555555555
11469,1146.9,10353.1201892249,-1438.0697098634541,10444.24285375061,-1043.2622259304806,1.211252294475602,17013.84673514762,1,0,11.135248184204102,10.391111111111112
11470,1146.999,10352.880413869785,-1439.572522989324,10445.274848396652,-1042.8743173348698,1.211252294475602,17124.7069743471,1,0,11.137293815612793,11.536111111111111
11471,1147.099,10352.693921926935,-1440.919488827844,10446.31086067968,-1042.484898580338,1.211252294475602,17235.87754916944,1,0,10.998364448547363,12.08388888888889
11472,1147.199,10352.327598467735,-1442.6338089863198,10447.337472896414,-1042.0990131450235,1.211252294475602,17346.86820378722,1,0,10.936450004577637,13.471111111111112
11473,1147.3,10351.981256288142,-1444.1143582137706,10448.368827185033,-1041.7113452484798,1.211252294475602,17458.896989181274,1,0,10.881505012512207,13.996944444444445
11474,1147.399,10351.848047757567,-1445.4724560015002,10449.371925039068,-1041.334298447597,1.211252294475602,17568.06807934929,1,0,10.767385482788086,13.998888888888889
11475,1147.499,10351.701518373848,-1446.9418732797417,10450.401490688788,-1040.9473028688856,1.211252294475602,17683.13114714638,1,0,11.2305326461792,14.28
11476,1147.599,10351.501705577928,-1448.4558183548208,10451.45183789438,-1040.5524958696558,1.211252294475602,17798.812439273483,1,0,11.211408615112305,14.566944444444445
11477,1147.699,10351.201986384045,-1449.9808953783186,10452.503538959474,-1040.1571799785042,1.211252294475602,17915.453455327588,1,0,11.259459495544434,14.885000000000002
11478,1147.799,10350.98885273507,-1451.60615994391,10453.565838398461,-1039.7578803454337,1.211252294475602,18034.370764685722,1,0,11.43785572052002,15.366944444444446
11479,1147.899,10350.782379512613,-1453.2759523063391,10454.639741786334,-1039.3542189925292,1.211252294475602,18154.596021832847,1,0,11.507391929626465,15.866944444444444
11480,1147.999,10350.462679039128,-1454.6897098393247,10455.728777808003,-1038.9448695493368,1.211252294475602,18277.91119676553,1,0,11.76118278503418,15.621944444444443
11481,1148.099,10350.396074773826,-1456.3483702509623,10456.841288776808,-1038.5266962873277,1.211252294475602,18404.393929414295,1,0,12.008962631225586,15.915
11482,1148.199,10350.182941124836,-1457.5506207521328,10457.96454478911,-1038.1044841528803,1.211252294475602,18531.367632896727,1,0,11.990763664245605,15.036944444444444
11483,1148.299,10350.162959845245,-1458.8864546414434,10459.084476186319,-1037.6835216826407,1.211252294475602,18658.386264394805,1,0,11.937928199768066,14.718888888888888
11484,1148.399,10350.169620271769,-1460.1109690410326,10460.198096862856,-1037.2649313010572,1.211252294475602,18785.136434711745,1,0,11.855927467346191,14.168888888888889
11485,1148.499,10350.083034726875,-1461.4801987771802,10461.301020344294,-1036.8503618065436,1.211252294475602,18910.94304520632,1,0,11.709369659423828,14.003055555555555
11486,1148.6,10349.78997595953,-1463.216782833284,10462.421131987105,-1036.4293315851598,1.211252294475602,19041.36126067414,1,0,11.986217498779297,14.928888888888888
11487,1148.699,10349.52355889829,-1464.9533668901786,10463.531295286677,-1036.012040770631,1.211252294475602,19169.779779497854,1,0,11.973362922668457,15.66
11488,1148.799,10349.383689941136,-1466.389388321583,10464.658438088023,-1035.588367660698,1.211252294475602,19301.496823004585,1,0,12.10940933227539,15.325
11489,1148.899,10349.343727381975,-1467.7029583124745,10465.794682483474,-1035.1612734219818,1.211252294475602,19434.48277004246,1,0,12.167829513549805,14.83611111111111
11490,1149.0,10349.243820984013,-1469.061056100204,10466.943647840015,-1034.7293975982357,1.211252294475602,19569.131976425288,1,0,12.138148307800293,14.556944444444444
11491,1149.099,10349.290443969727,-1470.3078343974212,10468.059559778249,-1034.3099459717703,1.211252294475602,19699.69664946285,1,0,11.945499420166016,14.149999999999999
11492,1149.199,10349.370369088096,-1471.6881960835692,10469.180282593197,-1033.8886860215532,1.211252294475602,19832.67919683831,1,0,12.000102043151855,14.138055555555555
11493,1149.299,10349.696729988102,-1472.3115852313867,10470.299388650303,-1033.4680337821098,1.211252294475602,19965.349984449138,1,0,11.910955429077148,12.70888888888889
11494,1149.399,10349.83659894524,-1472.9349743799953,10471.425529447431,-1033.0447373078991,1.211252294475602,20101.109750666812,1,0,12.150407791137695,11.476944444444444
11495,1149.499,10350.023090888093,-1474.0370373390722,10472.527898075003,-1032.6303763731728,1.211252294475602,20229.735929287854,1,0,11.403034210205078,11.475
11496,1149.599,10350.249545390137,-1474.8830654687051,10473.605940973552,-1032.2251590511755,1.211252294475602,20360.852500215675,1,0,11.630659103393555,10.956111111111111
11497,1149.699,10350.409395626864,-1475.9406006309441,10474.701921037547,-1031.8131994648807,1.211252294475602,20494.34557063501,1,0,11.786283493041992,10.946944444444444
11498,1149.799,10350.475999892198,-1477.1094552844863,10475.801154568931,-1031.4000169575463,1.211252294475602,20627.611843767427,1,0,11.700173377990723,11.158888888888887
11499,1149.899,10350.416056053415,-1478.634532307984,10476.88561669509,-1030.9923867610478,1.211252294475602,20758.974636575855,1,0,11.470674514770508,12.15611111111111
11500,1149.999,10350.535943730978,-1479.9703661980855,10477.957695684534,-1030.5894111673526,1.211252294475602,20890.36182226962,1,0,11.435592651367188,12.515
11501,1150.099,10350.689133541173,-1481.2171444960936,10479.025478138448,-1030.188050565624,1.211252294475602,21021.678758631006,1,0,11.378873825073242,12.525
11502,1150.199,10350.775719086065,-1482.2969435551695,10480.08667760007,-1029.7891643946552,1.211252294475602,21152.613875644372,1,0,11.294939041137695,12.186944444444446
11503,1150.299,10350.749077379956,-1483.4101384634555,10481.131872801614,-1029.3962939429282,1.211252294475602,21281.301251517543,1,0,11.0369234085083,11.986944444444443
11504,1150.399,10350.78903993915,-1484.612388964626,10482.16777358718,-1029.006917098327,1.211252294475602,21410.89297567901,1,0,11.096352577209473,12.026944444444442
11505,1150.499,10350.84898377793,-1485.9482228539364,10483.19693529293,-1028.6200733550331,1.211252294475602,21538.92933833836,1,0,10.892934799194336,12.389999999999999
11506,1150.599,10350.948890175878,-1487.3285845392936,10484.198334175142,-1028.2436651677085,1.211252294475602,21663.191021564377,1,0,10.503166198730469,12.739999999999998
11507,1150.699,10350.895606763645,-1488.497439192836,10485.178282963054,-1027.8753196927128,1.211252294475602,21786.754012751837,1,0,10.434627532958984,12.538888888888888
11508,1150.799,10350.729096100367,-1489.721953591634,10486.141628404044,-1027.5132151231437,1.211252294475602,21907.740303734714,1,0,10.148415565490723,12.545
11509,1150.899,10350.755737806476,-1491.247030615923,10487.094215634306,-1027.1551543753433,1.211252294475602,22029.35720750469,1,0,10.204765319824219,13.14388888888889
11510,1150.999,10350.815681645257,-1492.3936213710463,10488.057641194573,-1026.7930196903508,1.211252294475602,22153.332063227455,1,0,10.379989624023438,12.831111111111111
11511,1151.099,10350.702454394243,-1493.4288926348663,10489.049163802953,-1026.4203238202629,1.211252294475602,22282.517080701127,1,0,10.805092811584473,12.381944444444445
11512,1151.199,10350.829002498327,-1494.6534070336647,10490.074902741922,-1026.0347666346656,1.211252294475602,22416.05623775537,1,0,11.111063003540039,12.35
11513,1151.299,10350.908927616683,-1495.5550949093447,10491.116925398775,-1025.6430886865633,1.211252294475602,22550.943924931227,1,0,11.153014183044434,11.636944444444444
11514,1151.399,10351.182005104456,-1496.4790466826526,10492.16246843848,-1025.2500874886032,1.211252294475602,22686.786725500806,1,0,11.186280250549316,11.19888888888889
11515,1151.499,10351.388478326897,-1497.1692275257267,10493.210572081243,-1024.8561238050918,1.211252294475602,22823.4514468518,1,0,11.207724571228027,10.36
11516,1151.599,10351.501705577928,-1498.182234891919,10494.25442886689,-1024.4637564403072,1.211252294475602,22959.460541684046,1,0,11.095541000366211,10.31388888888889
11517,1151.699,10351.54166813715,-1499.1061866652271,10495.29837362752,-1024.0713560072777,1.211252294475602,23097.14572835117,1,0,11.209604263305664,10.036111111111111
11518,1151.799,10351.701518373848,-1500.4197566569096,10496.347702314059,-1023.6769318514062,1.211252294475602,23235.527333408623,1,0,11.210575103759766,10.708055555555555
11519,1151.899,10351.568309843246,-1501.855778088314,10497.377784387172,-1023.2897421582448,1.211252294475602,23369.921191741138,1,0,10.79837703704834,11.323055555555557
11520,1151.999,10351.441761739161,-1502.9467090981811,10498.386672301313,-1022.910518975834,1.211252294475602,23503.88291289413,1,0,10.757736206054688,11.12
11521,1152.1,10351.375157473842,-1503.8595289222799,10499.411572066992,-1022.5252772206838,1.211252294475602,23641.494439570037,1,0,10.923675537109375,10.62
11522,1152.199,10351.43510131264,-1504.6165014598193,10500.426422916313,-1022.1438126760524,1.211252294475602,23777.740029412773,1,0,10.97886848449707,9.896944444444443
11523,1152.299,10351.501705577928,-1505.4847934870802,10501.452742374095,-1021.7580372836672,1.211252294475602,23915.646220215676,1,0,10.949690818786621,9.59611111111111
11524,1152.399,10351.408459606486,-1506.4532730580167,10502.475914773593,-1021.3734448150148,1.211252294475602,24053.625920509177,1,0,10.911627769470215,9.501944444444444
11525,1152.499,10351.415120033036,-1507.3438289836965,10503.493667673334,-1020.9908894407874,1.211252294475602,24191.221436571814,1,0,10.83389663696289,9.32111111111111
11526,1152.6,10351.64157453508,-1507.8002388965367,10504.510192012973,-1020.6087958606454,1.211252294475602,24328.78801155999,1,0,10.67033576965332,8.361944444444445
11527,1152.699,10351.88134989018,-1508.2121210133303,10505.48531979299,-1020.2422625175333,1.211252294475602,24460.63680128936,1,0,10.374903678894043,7.486111111111111
11528,1152.799,10351.848047757567,-1509.2362603279412,10506.446669215155,-1019.8809082162553,1.211252294475602,24591.556190025083,1,0,10.165492057800293,7.906944444444444
11529,1152.899,10351.754801786097,-1510.6277539625078,10507.40491603519,-1019.5207201284254,1.211252294475602,24724.169518976138,1,0,10.308612823486328,9.015
11530,1153.0,10351.841387331002,-1512.1750948844242,10508.372963019769,-1019.1568483314995,1.211252294475602,24857.306390852344,1,0,10.170097351074219,10.578055555555556
11531,1153.099,10351.87468946366,-1513.466400977688,10509.297816260507,-1018.8092123014708,1.211252294475602,24983.879439151762,1,0,9.790115356445312,11.013055555555555
11532,1153.199,10351.927972875908,-1514.7354431733238,10510.228776419912,-1018.4592807883671,1.211252294475602,25114.902321106878,1,0,10.100976943969727,11.366111111111111
11533,1153.299,10351.941293728964,-1516.0378812150063,10511.169073308982,-1018.1058397631685,1.211252294475602,25245.741916447158,1,0,9.989605903625488,11.665
11534,1153.401,10351.981256288142,-1517.3069234106422,10512.143157787423,-1017.7396985787275,1.211252294475602,25384.27106030846,1,0,10.414801597595215,11.886944444444444
11535,1153.5,10351.994577141197,-1518.6538892483711,10513.11432257983,-1017.3746548527993,1.211252294475602,25521.47327298766,1,0,10.54490852355957,12.274999999999999
11536,1153.599,10352.074502259567,-1519.8227439019133,10514.111403616129,-1016.9998696676391,1.211252294475602,25664.301042498042,1,0,10.974126815795898,11.986944444444443
11537,1153.699,10352.06784183306,-1521.0695221991305,10515.138364563718,-1016.6138531505436,1.211252294475602,25809.70445582732,1,0,10.968138694763184,11.983055555555556
11538,1153.799,10352.094483539171,-1522.3051685463472,10516.182959830358,-1016.221208203772,1.211252294475602,25960.155860773895,1,0,11.350905418395996,12.083055555555555
11539,1153.899,10352.241012922814,-1523.3960995570055,10517.248916100452,-1015.8205340323495,1.211252294475602,26112.61857943079,1,0,11.424542427062988,11.805000000000001
11540,1153.999,10352.440825718766,-1524.442502770035,10518.328311251656,-1015.4148084224167,1.211252294475602,26268.348216114948,1,0,11.638043403625488,11.530000000000001
11541,1154.1,10352.720563633058,-1525.3330586957147,10519.437297525004,-1014.9979600312975,1.211252294475602,26428.796552054973,1,0,11.822190284729004,10.94
11542,1154.199,10352.973659841227,-1526.2347465721857,10520.541703922694,-1014.5828331347053,1.211252294475602,26589.26479010983,1,0,12.013144493103027,10.491944444444444
11543,1154.299,10353.140170504505,-1527.4592609709841,10521.681506372679,-1014.1544014860107,1.211252294475602,26756.294875329448,1,0,12.340116500854492,10.868055555555555
11544,1154.399,10353.273379035107,-1528.7505670634569,10522.851280572511,-1013.7147039848862,1.211252294475602,26928.322098300567,1,0,12.65352725982666,11.281944444444445
11545,1154.499,10353.439889698386,-1529.9862134114646,10524.034508159728,-1013.2699495925982,1.211252294475602,27101.04458411294,1,0,12.627564430236816,11.510000000000002
11546,1154.599,10353.573098229004,-1531.1662000142162,10525.231806075046,-1012.819906412006,1.211252294475602,27278.689907034423,1,0,12.954156875610352,11.523055555555555
11547,1154.699,10353.626381641268,-1532.2237351764552,10526.438364126901,-1012.3663825093257,1.211252294475602,27455.713104501723,1,0,12.825418472290039,11.161944444444444
11548,1154.8,10353.772911024911,-1533.7710760983719,10527.65671745336,-1011.9084249708478,1.211252294475602,27636.80404491767,1,0,12.94843864440918,12.13111111111111
11549,1154.899,10353.839515290229,-1535.4631323584288,10528.823475816442,-1011.4698610695948,1.211252294475602,27806.022261201397,1,0,12.23257827758789,13.13111111111111
11550,1154.999,10353.919440408601,-1536.8323620945766,10529.953313526636,-1011.0451749909313,1.211252294475602,27972.92751773094,1,0,11.907773971557617,13.188888888888888
11551,1155.099,10354.245801308607,-1538.1236681894222,10531.073022732344,-1010.62429603856,1.211252294475602,28141.49238890355,1,0,12.016170501708984,13.245000000000001
11552,1155.199,10354.558841355556,-1539.1255436056142,10532.194803210972,-1010.20263853121,1.211252294475602,28310.065235384696,1,0,11.95202922821045,12.646944444444445
11553,1155.299,10354.798616710657,-1540.494773342553,10533.318904738257,-1009.7801085825854,1.211252294475602,28480.69017921503,1,0,12.065762519836426,12.878055555555555
11554,1155.399,10354.985108653555,-1541.9530586715853,10534.436219471238,-1009.3601296703033,1.211252294475602,28648.851299506285,1,0,11.807021141052246,13.161111111111111
11555,1155.499,10355.158279743306,-1543.355684256152,10535.545690371122,-1008.9430991166122,1.211252294475602,28818.50327301055,1,0,11.89816951751709,13.23
11556,1155.599,10355.211563155553,-1544.9252890764874,10536.664779645582,-1008.522453185469,1.211252294475602,28990.43016792549,1,0,12.012529373168945,13.55111111111111
11557,1155.699,10355.218223582104,-1546.7175328778474,10537.786845607705,-1008.1006883699057,1.211252294475602,29162.54890887103,1,0,11.961770057678223,0.0
11558,1155.799,10355.43135723111,-1547.8529916837613,10538.907934337863,-1007.6792908786119,1.211252294475602,29335.675912744555,1,0,11.991649627685547,0.0
11559,1155.899,10355.657811733092,-1549.1776936246533,10540.032140087156,-1007.2567217547718,1.211252294475602,29510.01560222888,1,0,12.028368949890137,0.0
11560,1155.999,10355.764378557635,-1550.279756582939,10541.144562947082,-1006.838581611338,1.211252294475602,29681.359688580775,1,0,11.739893913269043,0.0
11561,1156.099,10355.870945382128,-1551.0033332728503,10542.234525272526,-1006.4288839868846,1.211252294475602,29850.484481625164,1,0,11.54847240447998,0.0
11562,1156.2,10355.957530927033,-1551.9272850469492,10543.322611795551,-1006.0198914434945,1.211252294475602,30020.63317853479,1,0,11.469634056091309,0.0
11563,1156.299,10355.957530927033,-1553.2853828346786,10544.396159394486,-1005.6163638253801,1.211252294475602,30190.872990071086,1,0,11.699705123901367,0.0
11564,1156.399,10355.990833059665,-1554.0757512190553,10545.501226948021,-1005.2009884119597,1.211252294475602,30366.639447219368,1,0,11.911402702331543,0.0
11565,1156.5,10356.144022869872,-1554.7214042660828,10546.630738483502,-1004.7764249366209,1.211252294475602,30546.15061559681,1,0,11.983036041259766,0.0
11566,1156.599,10356.157343722942,-1555.3113975670633,10547.750778983076,-1004.3554214567255,1.211252294475602,30725.648456472885,1,0,12.189714431762695,0.0
11567,1156.699,10356.29721268008,-1556.1128979006494,10548.87626972054,-1003.9323693284829,1.211252294475602,30903.548383795765,1,0,11.857759475708008,0.0
11568,1156.8,10356.283891827024,-1556.1908215443245,10550.02182145059,-1003.5017766267597,1.211252294475602,31090.422853066528,1,0,12.376004219055176,0.0
11569,1156.899,10356.483704622962,-1557.2038289105167,10551.189999629412,-1003.0626790417982,1.211252294475602,31281.389290134262,1,0,12.835655212402344,0.0
11570,1156.999,10356.576950594372,-1557.7270305170316,10552.375093259228,-1002.617223236991,1.211252294475602,31470.813416799225,1,0,12.485306739807129,0.0
11571,1157.099,10356.643554859675,-1557.816086109916,10553.497961083605,-1002.1951570155419,1.211252294475602,31647.363488940613,1,0,11.506125450134277,0.0
11572,1157.199,10357.043180451534,-1559.007204661086,10554.562681686868,-1001.7949473094995,1.211252294475602,31819.537742401186,1,0,11.242920875549316,0.0
11573,1157.299,10357.262974527059,-1560.2762468567219,10555.609993465543,-1001.4012812737396,1.211252294475602,31990.404701056308,1,0,11.134164810180664,0.0
11574,1157.399,10357.54271244132,-1561.8013238802193,10556.646136305048,-1001.0118134453298,1.211252294475602,32159.961122761637,1,0,11.00428295135498,0.0
11575,1157.499,10357.729204384203,-1562.5582964177593,10557.68382765595,-1000.6217635587822,1.211252294475602,32331.999215519514,1,0,11.167250633239746,0.0
11576,1157.599,10358.062225710726,-1563.5935676823701,10558.73445686353,-1000.2268505599759,1.211252294475602,32506.5123936665,1,0,11.280715942382812,0.0
11577,1157.699,10358.368605331145,-1564.4618597112133,10559.784466139867,-999.8321705823968,1.211252294475602,32680.205094749715,1,0,11.15400505065918,0.0
11578,1157.799,10358.7016266577,-1566.2207076649445,10560.827825650402,-999.4399901345608,1.211252294475602,32854.05393817135,1,0,11.138635635375977,0.0
11579,1157.899,10359.061289690346,-1568.5695489204477,10561.837264892265,-999.0605597177777,1.211252294475602,33019.131467659456,1,0,10.4292573928833,0.0
11580,1157.999,10359.667388504646,-1573.6234538029905,10562.815724845364,-998.6927738695427,1.211252294475602,33183.72762076172,1,0,10.476725578308105,0.0
11581,1158.099,10359.840559594457,-1576.4287049713337,10563.792058357065,-998.3257873131456,1.211252294475602,33347.780073179645,1,0,10.38382339477539,0.0
11582,1158.2,10360.033711963844,-1578.26547656874,10564.700572673055,-997.98429279691,1.211252294475602,33493.98556042124,1,0,8.835493087768555,0.0
11583,1158.3,10360.3067894516,-1579.4677270691197,10565.479037422658,-997.6916816201864,1.211252294475602,33621.92192795524,1,0,7.79734992980957,0.0
11584,1158.399,10360.653131631198,-1580.5697900281962,10566.221952573047,-997.4124329111445,1.211252294475602,33750.36077268186,1,0,8.236268997192383,0.0
11585,1158.499,10360.906227839365,-1581.6273251904352,10567.002743861378,-997.118947229525,1.211252294475602,33884.64627590023,1,0,8.446283340454102,0.0
11586,1158.599,10361.139342767961,-1582.6737284042558,10567.823670531538,-996.8103753653758,1.211252294475602,34028.09186591098,1,0,9.093810081481934,0.0
11587,1158.699,10361.36579726999,-1583.7423955157042,10568.713358865198,-996.4759572040363,1.211252294475602,34184.71614324218,1,0,9.915459632873535,0.0
11588,1158.799,10361.525647506733,-1584.8667223724085,10569.675879992683,-996.1141624793831,1.211252294475602,34354.10485029305,1,0,10.649971008300781,0.0
11589,1158.899,10361.665516463887,-1586.091236771207,10570.711974894528,-995.7247126698946,1.211252294475602,34537.52061503461,1,0,11.487452507019043,0.0
11590,1158.999,10361.665516463887,-1587.3936748136805,10571.809968340245,-995.3119962889024,1.211252294475602,34730.374680999186,1,0,11.972508430480957,7.618055555555555
11591,1159.099,10361.991877363893,-1589.0857310737372,10572.959030034071,-994.8800842536684,1.211252294475602,34933.65499398541,1,0,12.578587532043457,10.893055555555556
11592,1159.199,10362.244973572047,-1590.8111831814226,10574.14806776388,-994.4331459312003,1.211252294475602,35142.4344498495,1,0,12.826644897460938,11.98388888888889
11593,1159.299,10362.664580443494,-1592.2694685112453,10575.337669988643,-993.9859954250288,1.211252294475602,35348.97124055055,1,0,12.590648651123047,12.793888888888889
11594,1159.399,10363.224056272078,-1593.4939829100438,10576.527592244154,-993.5387246249409,1.211252294475602,35559.54542873082,1,0,12.83348274230957,12.955000000000002
11595,1159.499,10363.723588261882,-1594.7852890025167,10577.736519059155,-993.0843103459504,1.211252294475602,35773.78561988235,1,0,12.9967041015625,12.96611111111111
11596,1159.599,10364.236441104755,-1596.1879145862927,10578.954153120749,-992.6266231664556,1.211252294475602,35989.486298076736,1,0,13.019523620605469,13.51
11597,1159.699,10364.676029255774,-1597.6128040684878,10580.17715155826,-992.1669196126155,1.211252294475602,36207.48543642507,1,0,13.111320495605469,13.566944444444445
11598,1159.799,10365.022371435385,-1599.2269366848695,10581.416570786796,-991.701043772893,1.211252294475602,36430.454233259254,1,0,13.370373725891113,14.088888888888889
11599,1159.899,10365.45529915987,-1600.7742776067862,10582.66104435867,-991.2332680946062,1.211252294475602,36652.401937799405,1,0,13.21931266784668,14.6
11600,1159.999,10365.948170723168,-1602.1323753945157,10583.91060909751,-990.763578736404,1.211252294475602,36879.04984474701,1,0,13.47915267944336,14.386944444444444
11601,1160.099,10366.461023566026,-1603.4570773354076,10585.157106450988,-990.295042354287,1.211252294475602,37101.99259534864,1,0,13.15377426147461,14.161944444444444
11602,1160.199,10366.947234702788,-1604.8485709699742,10586.38392360964,-989.8339034104864,1.211252294475602,37323.92910038771,1,0,13.058661460876465,14.188055555555554
11603,1160.299,10367.406804133383,-1606.3513840958442,10587.570970721416,-989.3877133262457,1.211252294475602,37535.177579739255,1,0,12.304039001464844,14.551944444444445
11604,1160.399,10367.912996549721,-1607.7874055272484,10588.70540236809,-988.9613004678401,1.211252294475602,37740.37310319127,1,0,11.934468269348145,14.656944444444445
11605,1160.499,10368.505774510966,-1608.9785240784183,10589.761197416476,-988.5644457205381,1.211252294475602,37926.537383899275,1,0,10.623872756958008,14.088055555555554
11606,1160.599,10369.058589912986,-1610.5147330511256,10590.743050588188,-988.1953844212422,1.211252294475602,38106.14189519797,1,0,10.354610443115234,14.783055555555556
11607,1160.699,10369.558121902832,-1611.8505669404362,10591.684491196627,-987.841513492094,1.211252294475602,38277.22984103127,1,0,9.760409355163574,14.351111111111111
11608,1160.799,10370.090956025264,-1613.3979078631435,10592.52430807219,-987.5258411327272,1.211252294475602,38425.782052483475,1,0,8.183296203613281,14.978055555555557
11609,1160.899,10370.717036119211,-1614.622422261942,10593.306391043892,-987.2318699300978,1.211252294475602,38573.1399131847,1,0,8.526854515075684,14.42111111111111
11610,1160.999,10371.369757919178,-1615.8358047107397,10594.131481595272,-986.9217329363979,1.211252294475602,38730.010223614474,1,0,9.102205276489258,14.13111111111111
11611,1161.1,10371.915912894709,-1617.2829580913535,10595.007075346779,-986.5926126800326,1.211252294475602,38895.56377460658,1,0,9.420687675476074,14.383055555555556
11612,1161.199,10372.601936827377,-1618.407284948849,10595.903699304663,-986.2555875398073,1.211252294475602,39066.52963365263,1,0,9.930279731750488,13.86611111111111
11613,1161.299,10373.261319053925,-1619.7208549397405,10596.85110288488,-985.899475234682,1.211252294475602,39246.92933942631,1,0,10.312146186828613,14.116111111111111
11614,1161.399,10373.834115735563,-1621.0900846766795,10597.83635083742,-985.5291378971157,1.211252294475602,39435.31213158618,1,0,10.738870620727539,14.21611111111111
11615,1161.499,10374.460195829479,-1622.3368629738966,10598.834614489546,-985.1539081875135,1.211252294475602,39623.47406725759,1,0,10.590242385864258,13.875
11616,1161.599,10375.112917629445,-1623.672696863207,10599.805012792245,-984.789152571555,1.211252294475602,39805.346774188045,1,0,10.14349365234375,14.221111111111112
11617,1161.699,10375.752318576435,-1625.019662701727,10600.772774612913,-984.4253879627161,1.211252294475602,39991.975321295155,1,0,10.533910751342773,14.424999999999999
11618,1161.799,10376.3717382438,-1626.3443646426192,10601.772111327686,-984.0497549077808,1.211252294475602,40184.63949162198,1,0,10.818129539489746,14.278055555555556
11619,1161.899,10376.997818337673,-1627.691330480348,10602.785154999528,-983.6689696493065,1.211252294475602,40378.941858706385,1,0,10.826776504516602,14.401944444444444
11620,1161.999,10377.677181843823,-1628.9715046251933,10603.794817504127,-983.2894553119967,1.211252294475602,40572.708752724284,1,0,10.74588680267334,14.328888888888889
11621,1162.099,10378.343224496903,-1630.2850746160852,10604.802447925067,-982.9107047991133,1.211252294475602,40767.41098683054,1,0,10.783358573913574,14.326944444444443
11622,1162.199,10379.015927576518,-1631.5095890148832,10605.822574765578,-982.5272571023983,1.211252294475602,40966.29186327216,1,0,11.012887954711914,13.966944444444445
11623,1162.299,10379.795197480598,-1632.667311719216,10606.846934537174,-982.1422183215053,1.211252294475602,41164.4441734449,1,0,10.873800277709961,13.923055555555557
11624,1162.399,10380.521183972449,-1633.8806941688051,10607.855448501856,-981.7631357001038,1.211252294475602,41359.83701245507,1,0,10.674323081970215,13.798055555555555
11625,1162.499,10381.193887052063,-1635.1608683128595,10608.853589988827,-981.3879519102295,1.211252294475602,41554.89516255251,1,0,10.652179718017578,13.818055555555555
11626,1162.599,10381.839948425555,-1636.4299105084954,10609.852027359175,-981.01265690301,1.211252294475602,41750.93021279183,1,0,10.680644989013672,13.78111111111111
11627,1162.699,10382.612557903116,-1637.6989527033404,10610.859613636405,-980.6339229829687,1.211252294475602,41950.20083474612,1,0,10.847657203674316,14.253888888888886
11628,1162.799,10383.278600556181,-1639.0236546434414,10611.84725423165,-980.2626862931864,1.211252294475602,42141.7613520705,1,0,10.254481315612793,14.156944444444445
11629,1162.899,10383.93798278274,-1640.359488533543,10612.752962447525,-979.9222465405188,1.211252294475602,42315.08155582967,1,0,9.09707260131836,14.256944444444445
11630,1162.999,10384.65064842155,-1641.6507946260158,10613.60612674771,-979.6015571195226,1.211252294475602,42484.903525433496,1,0,9.131816864013672,14.323055555555555
11631,1163.099,10385.363314060329,-1642.897572923233,10614.484321826521,-979.2714590700801,1.211252294475602,42662.55887979292,1,0,9.631885528564453,14.203888888888887
11632,1163.2,10386.175886097068,-1643.9885039331002,10615.408390408556,-978.9241179794265,1.211252294475602,42848.766415517974,1,0,9.916476249694824,13.921111111111113
11633,1163.299,10386.888551735861,-1645.0571710445486,10616.341672664641,-978.5733136311146,1.211252294475602,43037.50014352721,1,0,10.225651741027832,0.0
11634,1163.399,10387.248214768526,-1645.3132058732015,10617.304928613072,-978.2112427002209,1.211252294475602,43231.803952294475,1,0,10.35547924041748,0.0
11635,1163.499,10387.681142493011,-1646.0479145123222,10618.292386250712,-977.8400747809766,1.211252294475602,43433.076674339405,1,0,10.74275016784668,0.0
11636,1163.599,10388.08076808487,-1646.6935675593495,10619.316477009015,-977.4551371174384,1.211252294475602,43642.46890781161,1,0,11.138190269470215,0.0
11637,1163.7,10388.51369580937,-1647.0386579800956,10620.378977833043,-977.055761787281,1.211252294475602,43859.13458628864,1,0,11.338659286499023,4.211111111111111
11638,1163.799,10389.319607419588,-1647.8624222128917,10621.436956728841,-976.6580861702328,1.211252294475602,44075.30984573149,1,0,11.494675636291504,8.405000000000001
11639,1163.899,10390.05225433797,-1649.298443643505,10622.517491046672,-976.2519323676462,1.211252294475602,44296.43331188474,1,0,11.592249870300293,11.193055555555556
11640,1163.999,10390.758259550244,-1650.623145584397,10623.611210586652,-975.8408224724805,1.211252294475602,44521.567251459855,1,0,11.77639389038086,12.013055555555555
11641,1164.099,10391.604133719642,-1651.7920002379392,10624.711867295215,-975.427105017932,1.211252294475602,44747.439622440004,1,0,11.740470886230469,12.791944444444445
11642,1164.199,10392.390064050272,-1653.0944382796215,10625.821524321767,-975.0100045025071,1.211252294475602,44977.702061621385,1,0,11.968696594238281,13.416944444444445
11643,1164.299,10393.136031821708,-1654.430272168932,10626.94642802375,-974.5871730305539,1.211252294475602,45211.032292137905,1,0,12.066234588623047,13.688055555555556
11644,1164.399,10394.001887270711,-1655.5323351280085,10628.08468691679,-974.1593215777054,1.211252294475602,45448.5688809941,1,0,12.254046440124512,13.751944444444444
11645,1164.499,10394.921026131973,-1656.7345856291793,10629.233064048338,-973.7276668573653,1.211252294475602,45687.945413559035,1,0,12.28242301940918,14.27611111111111
11646,1164.599,10395.806862860565,-1657.8255166382555,10630.385611354592,-973.2944446418636,1.211252294475602,45929.2713697002,1,0,12.343147277832031,13.97611111111111
11647,1164.699,10396.659397456498,-1659.0388990886352,10631.54889834818,-972.8571855672109,1.211252294475602,46174.4707762455,1,0,12.511889457702637,14.081111111111111
11648,1164.799,10397.378723521811,-1660.3079412834802,10632.77319244155,-972.3969949991731,1.211252294475602,46440.6052503417,1,0,13.646637916564941,13.92388888888889
11649,1164.9,10398.091389160603,-1661.6215112743716,10634.076315073105,-971.9071741732083,1.211252294475602,46718.01574660469,1,0,13.920485496520996,14.083055555555555
11650,1164.999,10398.963905036142,-1662.6901783866113,10635.31569760121,-971.4413121285303,1.211252294475602,46972.51676191119,1,0,12.827908515930176,13.93
11651,1165.099,10399.803118779002,-1663.9926164282936,10636.4959715769,-970.9976679467495,1.211252294475602,47220.700370634455,1,0,12.39007568359375,14.358055555555554
11652,1165.199,10400.635672095363,-1665.2950544707667,10637.660187820156,-970.5600595835269,1.211252294475602,47470.21713438106,1,0,12.48481559753418,14.646111111111113
11653,1165.299,10401.55481095661,-1666.4750410735185,10638.850492327178,-970.1126451018351,1.211252294475602,47728.90118801261,1,0,12.94748306274414,14.75611111111111
11654,1165.399,10402.420666405598,-1667.6661596238976,10640.053160287018,-969.6605834161697,1.211252294475602,47986.31444673012,1,0,12.74897575378418,14.568888888888889
11655,1165.499,10403.346465693381,-1668.8238823290212,10641.21032000852,-969.2256274750829,1.211252294475602,48230.83760973852,1,0,11.975144386291504,14.566944444444445
11656,1165.599,10404.172358583175,-1670.1931120659601,10642.297184016767,-968.8170944534477,1.211252294475602,48461.70093646445,1,0,11.24702262878418,14.84888888888889
11657,1165.7,10405.118139150563,-1671.3174389226645,10643.293192831783,-968.4427122973669,1.211252294475602,48669.89018598141,1,0,9.823210716247559,14.67388888888889
11658,1165.799,10406.050598864897,-1672.4751616269973,10644.251934203323,-968.0823383163448,1.211252294475602,48885.560911006345,1,0,10.868376731872559,14.641944444444446
11659,1165.899,10407.056323271006,-1673.5660926368646,10645.278315747963,-967.6965395866042,1.211252294475602,49111.551680186705,1,0,11.061509132385254,14.75611111111111
11660,1165.999,10408.035405971026,-1674.6681555959412,10646.344562902354,-967.2957560769029,1.211252294475602,49350.08633330206,1,0,11.72015380859375,14.561111111111112
11661,1166.099,10408.941223979205,-1675.8926699947397,10647.442941545467,-966.8828949069996,1.211252294475602,49592.24705776023,1,0,11.748037338256836,14.606944444444444
11662,1166.199,10409.887004546577,-1676.9836010038157,10648.57977221761,-966.4555802972096,1.211252294475602,49849.10727760956,1,0,12.541728019714355,14.32111111111111
11663,1166.299,10410.839445540485,-1678.1635876073583,10649.77189072318,-966.0074839654402,1.211252294475602,50116.296601735405,1,0,12.929328918457031,14.618888888888888
11664,1166.399,10411.798546960898,-1679.2767825148533,10650.99852889671,-965.5464122989914,1.211252294475602,50391.88564135174,1,0,13.279282569885254,14.49888888888889
11665,1166.499,10412.737667101752,-1680.4679010660236,10652.196866800372,-965.0959782051135,1.211252294475602,50652.32968744902,1,0,12.32465934753418,14.55
11666,1166.599,10413.670126816056,-1681.6367557195658,10653.343754695392,-964.6648832625317,1.211252294475602,50908.378708167045,1,0,12.179990768432617,14.486944444444443
11667,1166.699,10414.58260525077,-1682.8167423215264,10654.472812771406,-964.2404902346126,1.211252294475602,51160.68113619763,1,0,11.943703651428223,14.391944444444446
11668,1166.799,10415.58166923039,-1684.0746525679529,10655.583870211442,-963.8228633284457,1.211252294475602,51410.43511583734,1,0,11.795385360717773,15.231111111111112
11669,1166.9,10416.580733209996,-1685.054264086517,10656.692056116013,-963.4063157818406,1.211252294475602,51660.406813172536,1,0,11.647916793823242,14.299999999999999
11670,1166.999,10417.60643889574,-1686.0338756050812,10657.788759203559,-962.994084423739,1.211252294475602,51912.20876409951,1,0,12.021164894104004,14.2
11671,1167.099,10418.665446714129,-1687.0914107681108,10658.907493676847,-962.5735718561023,1.211252294475602,52166.24386112376,1,0,11.881953239440918,14.573055555555555
11672,1167.2,10419.657850267215,-1688.1823417787691,10659.996691943392,-962.1641614279208,1.211252294475602,52410.462945363586,1,0,11.159671783447266,14.306944444444445
11673,1167.299,10420.703537232534,-1689.2398769402173,10661.023848009752,-961.7780715691184,1.211252294475602,52645.222354078345,1,0,11.008443832397461,14.47611111111111
11674,1167.399,10421.71592206521,-1690.3308079500844,10662.08098535725,-961.3807122752415,1.211252294475602,52892.417024443435,1,0,11.578577041625977,14.45111111111111
11675,1167.5,10422.768269457076,-1691.3549472654863,10663.126793799305,-960.987611317217,1.211252294475602,53127.13137444925,1,0,10.545150756835938,14.438888888888888
11676,1167.599,10423.793975142806,-1692.4458782753534,10664.0848289527,-960.6275027911457,1.211252294475602,53346.58540180361,1,0,10.131195068359375,14.476944444444444
11677,1167.699,10424.746416136713,-1693.6926565725705,10665.015998627352,-960.2774925249537,1.211252294475602,53560.84999516402,1,0,9.764373779296875,14.65111111111111
11678,1167.799,10425.872028220405,-1694.5720805498318,10665.932487415936,-959.9330005450429,1.211252294475602,53774.799159199814,1,0,9.817520141601562,14.379999999999999
11679,1167.9,10426.911054759204,-1695.663011558908,10666.869692026883,-959.5807218526804,1.211252294475602,53994.979936425785,1,0,10.008729934692383,14.558888888888887
11680,1167.999,10427.956741724538,-1696.742810620357,10667.788239679046,-959.2354559822429,1.211252294475602,54209.09003062772,1,0,9.81539535522461,14.583055555555555
11681,1168.099,10429.049051675585,-1697.7558179865491,10668.683585415378,-958.898911302967,1.211252294475602,54416.64757256144,1,0,9.314751625061035,14.56611111111111
11682,1168.199,10430.234607598057,-1698.601846116182,10669.508591964266,-958.588805884323,1.211252294475602,54605.83738517973,1,0,8.31251335144043,14.524999999999999
11683,1168.299,10431.38020096135,-1699.4590061950246,10670.28456056331,-958.2971329665925,1.211252294475602,54789.086829811524,1,0,8.266996383666992,14.173055555555557
11684,1168.399,10432.505813045042,-1700.4608816127984,10671.04664469311,-958.0106789760977,1.211252294475602,54968.476390526055,1,0,8.015854835510254,14.471944444444443
11685,1168.499,10433.67138768791,-1701.3291736400593,10671.823741880362,-957.7185818419542,1.211252294475602,55155.922399756295,1,0,8.5877685546875,14.364999999999998
11686,1168.599,10434.750376785903,-1702.297653210205,10672.650564436359,-957.4077938182506,1.211252294475602,55355.29022513077,1,0,9.07829761505127,14.086944444444445
11687,1168.699,10435.802724177742,-1703.4219800677006,10673.52674965959,-957.0784512380908,1.211252294475602,55567.40851966777,1,0,9.642461776733398,14.341111111111111
11688,1168.799,10436.821769436994,-1704.6464944657077,10674.459412453982,-956.7278797345089,1.211252294475602,55794.1665060441,1,0,10.285009384155273,14.671944444444446
11689,1168.899,10437.72092701861,-1706.0157242034375,10675.452447151847,-956.3546154966377,1.211252294475602,56036.20548968613,1,0,10.932380676269531,14.82611111111111
11690,1168.999,10438.766613983973,-1707.1511830085606,10693.855143467486,-1002.8517147577637,1.3368235967146482,18128.51303742069,0,1,11.09112548828125,14.991944444444442
11691,1169.099,10439.80564052276,-1708.3868293565683,10702.951987480672,-1026.276460805957,1.3543163796879631,12393.872975407881,0,1,11.621747970581055,15.383888888888889
11692,1169.199,10440.864648341147,-1709.444364519598,10711.577891656354,-1049.8793635320246,1.3718624131564194,7957.664210476347,0,1,11.876754760742188,15.021944444444442
11693,1169.299,10442.02356255751,-1710.3237884968594,10719.325253023659,-1073.765824687462,1.3894992801108887,4837.217243897786,0,1,12.889120101928711,14.896111111111113
11694,1169.399,10443.182476773887,-1711.2254763725393,10725.426442350385,-1098.0622357469974,1.4072759246035904,2816.2303769474734,0,1,13.665948867797852,14.65
11695,1169.499,10444.374693122894,-1712.182823992685,10728.643602909493,-1122.7672167212702,1.4252120634681285,1588.7797811864996,0,1,14.245511054992676,14.96
11696,1169.599,10445.493644780037,-1713.1290396644117,10727.834465254797,-1147.4551646068132,1.4433369838664143,868.6445122745143,0,1,14.8206787109375,14.481944444444444
11697,1169.699,10446.619256863742,-1714.1531789798132,10723.004259167616,-1171.476963029937,1.4621493359053916,449.90150916800064,0,1,13.929876327514648,14.751111111111111
11698,1169.8,10447.698245961717,-1715.2218460920526,10715.54371495815,-1195.1434564650997,1.6233082566024972,213.90598787030783,0,1,14.4036283493042,14.661944444444444
11699,1169.899,10448.877141457657,-1716.134665916151,10706.555746755872,-1217.928576426387,1.6405747275267852,95.11995954727702,0,1,15.009410858154297,14.698055555555554
11700,1169.999,10450.122641218895,-1716.947298198947,10696.984808124633,-1240.440059646005,1.6711998004913577,41.086338817571345,0,1,15.458198547363281,14.661944444444444
11701,1170.1,10451.39478268629,-1717.7599304809517,10687.299130339145,-1262.9212344063535,1.7367282320684023,26.651562619583412,0,1,15.772869110107422,14.943055555555556
11702,1170.199,10452.63362202101,-1718.4835071716539,10677.557499474038,-1285.4842916467571,1.8586551429269667,21.191492514854442,0,1,16.01099395751953,14.533888888888889
11703,1170.299,10453.872461355715,-1719.362931148915,10667.817181908278,-1308.2489452415068,2.053687905197441,18.497006438606235,0,1,16.110668182373047,14.816944444444445
11704,1170.399,10455.024715145546,-1720.3648065666891,10657.972528733184,-1331.3100480878916,2.3293343429060234,17.067584232473003,0,1,16.26323127746582,14.63888888888889
11705,1170.499,10456.230252347606,-1721.3332861360436,10647.799257283546,-1354.708169360265,2.6820333405045167,16.27926182094034,0,1,16.436511993408203,14.738055555555556
11706,1170.599,10457.362524857861,-1722.2795018077704,10636.941773525157,-1378.3753068222907,3.094665928573827,16.1141180087088,0,1,17.010717391967773,14.299999999999999
11707,1170.699,10458.534759927265,-1723.247981378707,10625.471378222494,-1401.6323069174916,-2.8909478581373342,13.477661066040184,0,1,16.527809143066406,14.50111111111111
11708,1170.799,10459.73363670279,-1724.2387248456894,10613.068169145772,-1425.1466691163607,-2.6005962023140023,12.689374545226427,0,1,15.418986320495605,14.843055555555555
11709,1170.9,10460.96581561102,-1725.017961281648,10600.2696687555,-1448.4467405800347,-2.3491676823978778,12.53164107124982,0,1,15.325653076171875,14.573055555555555
11710,1170.999,10462.078106841642,-1726.1534200875622,10587.454601207206,-1471.5767827498664,-2.159024893401105,12.138655860924699,0,1,14.635915756225586,14.96111111111111
11711,1171.099,10463.343587882471,-1726.9660523703576,10574.923318464136,-1494.6899904366903,-2.0466289519839016,12.053100202658174,0,1,14.509848594665527,15.018055555555554
11712,1171.199,10464.635710629424,-1727.7118929586877,10562.877126234202,-1517.9149802673403,-2.017125671693934,11.941291743153103,0,1,14.24657917022705,14.795
11713,1171.299,10465.92783337642,-1728.4799974454368,10551.388276284459,-1541.3589620130415,-2.065726129022636,12.034938882649474,0,1,14.387567520141602,14.755
11714,1171.399,10467.173333137662,-1729.326025574279,10540.46032527676,-1565.0885357143213,-2.1792999503416115,11.959320963608814,0,1,14.103174209594727,14.631944444444443
11715,1171.499,10468.31892650094,-1730.3724287888904,10530.53796630765,-1589.5766612484972,-2.4786791079110193,11.059191965357154,0,1,14.052862167358398,14.681944444444444
11716,1171.599,10469.451199011166,-1731.4522278487575,10520.40405364424,-1613.924750814083,-2.607442504721652,11.046447654907967,0,1,13.937338829040527,14.828888888888887
11717,1171.699,10470.636754933654,-1732.4541032657403,10512.075120893542,-1634.7622313185823,-2.712607197176035,10.954493345516921,0,1,13.445439338684082,14.963888888888889
11718,1171.802,10471.802329576522,-1733.4225828366768,10505.3186079017,-1652.3148531950558,-2.791264923900544,10.788409065431136,0,1,12.620454788208008,14.81611111111111
11719,1171.899,10472.981225072475,-1734.379930456822,10499.940885538628,-1666.8689448455184,-2.8473186226549765,10.515149685489199,0,1,11.786091804504395,14.84388888888889
11720,1171.999,10474.133478862288,-1735.470861466689,10495.626117286987,-1679.1299786204127,-2.886385936076196,10.303536552106678,0,1,10.940213203430176,15.10888888888889
11721,1172.099,10475.279072225598,-1736.5172646805097,10492.197000351522,-1689.48404921669,-2.9133696594113885,10.318367265670949,0,1,10.900847434997559,15.10888888888889
11722,1172.199,10476.34474047052,-1737.764042976936,10489.490129803535,-1698.329260300279,-2.932320048219202,10.388273620298687,0,1,11.036827087402344,15.391944444444444
11723,1172.299,10477.357125303195,-1738.932897630478,10487.968345145862,-1706.1787400409855,-3.0856474284235067,9.986124732537847,0,1,11.209412574768066,15.113055555555555
11724,1172.399,10478.349528856266,-1740.413446857929,10486.375300905593,-1712.692378265201,-3.091581400076721,9.756421638181338,0,1,10.149670600891113,15.851944444444444
11725,1172.499,10479.06885492158,-1742.2613504061271,10485.159740790185,-1718.3784069474877,-3.0952197055073456,9.738804590810568,0,1,9.937785148620605,16.15
11726,1172.599,10480.021295915487,-1743.6973718367403,10484.298092720657,-1723.346547989492,-3.0980549204905516,9.709890956550897,0,1,9.675053596496582,16.366944444444446
11727,1172.699,10480.913793070611,-1745.3003725039127,10483.723462919344,-1727.7883464196912,-3.1007979504056564,9.950678383120064,0,1,10.547884941101074,16.69611111111111
11728,1172.799,10481.45994804613,-1747.4154428291818,10483.331137701485,-1731.90358660871,-3.103399713248279,10.113613077821432,0,1,10.993975639343262,17.23
11729,1172.899,10482.345784774734,-1748.9850476487263,10483.151166445454,-1735.6642403558005,-3.106740851666964,10.4668839237242,0,1,12.031440734863281,17.403055555555557
11730,1172.999,10483.557982403361,-1750.0314508625468,10483.752514565536,-1739.1058661670813,3.0463202785004695,10.12255641301004,0,1,12.294214248657227,17.13
11731,1173.099,10484.723557046216,-1751.0889860255768,10484.027675404413,-1742.1120793461891,3.042836358006041,10.254555727066286,0,1,12.662793159484863,16.635
11732,1173.199,10485.902452542152,-1752.124257289397,10484.465655285265,-1744.832641867709,3.038477746849887,10.505864622791453,0,1,13.304366111755371,16.208888888888886
11733,1173.299,10487.221216995258,-1752.9591534706115,10485.064322189985,-1747.2811134240028,3.0327087200306506,10.66669129193245,0,1,13.567148208618164,16.066111111111113
11734,1173.399,10488.486698036086,-1753.816313549454,10485.78887010222,-1749.4851981434956,3.0255171883760212,10.80118114934693,0,1,13.7291259765625,15.629999999999999
11735,1173.499,10489.718876944302,-1754.7847931203905,10486.611976209044,-1751.4779758246257,3.0169799504849237,10.78018341284747,0,1,13.397994041442871,15.656944444444445
11736,1173.599,10491.090924809612,-1755.4749739618828,10487.543908545038,-1753.249897813538,3.006784725279702,10.920562263300033,0,1,13.605799674987793,15.39888888888889
11737,1173.699,10492.449651821897,-1756.1428909073288,10488.567728857926,-1754.8463761571766,2.9950636940838455,10.991439428660094,0,1,13.598790168762207,15.035
11738,1173.8,10493.73511414233,-1756.8887314956592,10490.374661320837,-1756.2501094097959,2.8425207551260385,10.492043714077013,0,1,13.569463729858398,14.761944444444444
11739,1173.899,10494.993934756641,-1757.8238152181766,10491.512715114237,-1757.5822942134319,2.833733662018034,10.506504523216826,0,1,13.563753128051758,15.096944444444443
11740,1173.999,10496.25275537095,-1758.770030889903,10492.68892519338,-1758.8523838013389,2.824379898426478,10.600298264237567,0,1,13.63155746459961,15.263055555555557
11741,1174.099,10497.478273852616,-1759.8609619005615,10493.886798422034,-1760.0913254968416,2.814598840795721,10.681601302843085,0,1,13.657427787780762,15.59
11742,1174.2,10498.823680011845,-1760.7849136730786,10495.128328820676,-1761.2829915749685,2.8040516020221378,10.759022647411483,0,1,13.625731468200684,15.973055555555556
11743,1174.299,10500.122463185347,-1761.7756571424338,10496.385039754852,-1762.415586536838,2.792985174637198,10.830783072200736,0,1,13.692618370056152,15.985000000000001
11744,1174.399,10501.341321240463,-1762.6884769657415,10497.65458761507,-1763.5204856235848,2.781568657632642,10.911581429979758,0,1,13.721831321716309,15.410000000000002
11745,1174.499,10502.673406546626,-1763.6012967906308,10498.947119124,-1764.5798229863278,2.769575756366718,10.910574589309938,0,1,13.507102966308594,15.805
11746,1174.599,10504.038793985428,-1764.5920402584045,10500.866984803013,-1765.421525919504,2.636833230730641,10.391073978531715,0,1,13.352910995483398,16.246944444444445
11747,1174.699,10505.270972893613,-1765.4492003372468,10502.17590490803,-1766.3929965356767,2.6286056484473885,10.421121457577728,0,1,13.351192474365234,15.59611111111111
11748,1174.799,10506.529793507923,-1766.4399438050202,10503.476978040753,-1767.3434433676834,2.6203382340319905,10.39629285437685,0,1,13.004326820373535,15.635
11749,1174.899,10507.828576681426,-1767.430687273585,10504.778573464344,-1768.2830430133529,2.611952853199225,10.466614606411085,0,1,13.035821914672852,15.841944444444445
11750,1174.999,10509.140680707984,-1768.4102987929398,10506.078123787805,-1769.2041015399864,2.603444929199233,10.37473393092766,0,1,12.471903800964355,15.956111111111111
11751,1175.099,10510.472766014143,-1769.323118617038,10507.388930211922,-1770.1142939313822,2.5947199517556228,10.55970614806058,0,1,12.938775062561035,15.91
11752,1175.199,10511.80485132029,-1770.2248064927182,10508.72313047229,-1771.0355217931078,2.58575803501141,10.638101743404079,0,1,12.995992660522461,15.931944444444444
11753,1175.299,10513.150257479507,-1771.1264943683982,10510.071677710554,-1771.9525361710068,2.5765495193941885,10.730231436609943,0,1,13.09632396697998,16.061944444444443
11754,1175.399,10514.528965771364,-1772.1172378361719,10511.806945684479,-1772.6851349121823,2.4851364331761836,10.3312820607942,0,1,13.25252914428711,16.503055555555555
11755,1175.499,10515.841069797907,-1773.0411896094797,10513.182800890994,-1773.6126207780783,2.4787681363553533,10.423003759909816,0,1,13.474432945251465,16.115000000000002
11756,1175.6,10517.219778089797,-1773.94287748516,10514.580069941816,-1774.5451033627505,2.472218253841169,10.526096595793005,0,1,13.530803680419922,16.165
11757,1175.699,10518.525221689817,-1774.822301463212,10515.95282933741,-1775.4459556048168,2.4656231397548694,10.565557104247219,0,1,13.475203514099121,15.773055555555555
11758,1175.799,10519.93723211435,-1775.768517133357,10517.34250912358,-1776.3537520321197,2.458853747838141,10.625293643824639,0,1,13.425643920898438,16.133055555555554
11759,1175.899,10521.25599656744,-1776.647941111409,10518.7257023113,-1777.2504455891483,2.4520235613024517,10.70235721239647,0,1,13.448668479919434,0.0
11760,1175.999,10521.555715761311,-1776.9485037368997,10519.929784267131,-1778.0458319001991,2.4463058167102503,10.74236459707179,0,1,13.35390853881836,0.0
11761,1176.1,10522.441552489943,-1777.727740172858,10521.085686379232,-1778.8366565645465,2.4410418859158387,10.781104216657848,0,1,13.22226333618164,0.0
11762,1176.199,10523.174199408282,-1778.328865422257,10522.160531252628,-1779.578351793786,2.4362147820515205,10.87480068487663,0,1,13.384997367858887,0.0
11763,1176.299,10523.846902487898,-1778.8409350803533,10523.192178491749,-1780.303540406823,2.4317066610461175,11.043029262693619,0,1,13.699195861816406,0.0
11764,1176.399,10524.706097510365,-1779.3752686360772,10524.428905257551,-1780.828248175751,2.3736558859252828,10.524732218382205,0,1,13.699769973754883,0.0
11765,1176.499,10525.332177604267,-1779.731491006033,10525.386240158277,-1781.4642351084674,2.370894227092508,10.563389842484511,0,1,13.716399192810059,0.0
11766,1176.599,10525.924955565495,-1780.0209216823137,10526.287389009738,-1782.0407859709087,2.368115219775773,10.642754078881428,0,1,13.73887825012207,0.0
11767,1176.699,10526.75750888184,-1780.7222344745971,10527.178461319865,-1782.6358052145356,2.3654943366520187,10.70658685745673,0,1,13.7098388671875,0.0
11768,1176.8,10527.170455326748,-1781.2343041319027,10527.994789234273,-1783.2213624745334,2.363454154569732,10.763239656955008,0,1,13.616203308105469,0.0
11769,1176.899,10528.06961290841,-1781.8131654836734,10528.81945021946,-1783.795183355759,2.3611406814302955,10.922383900364057,0,1,13.975110054016113,0.0
11770,1176.999,10528.555824045143,-1781.9912766686512,10529.621842808252,-1784.3322781474908,2.358652708931914,11.126716148603961,0,1,14.376007080078125,0.0
11771,1177.099,10529.581529730889,-1782.7148533593536,10530.477991437405,-1784.910734973006,2.35593693238453,11.228597894241013,0,1,14.45220947265625,0.0
11772,1177.199,10530.041099161514,-1782.970888188797,10531.272337428145,-1785.4351468279592,2.353272015997721,11.286899995105266,0,1,14.409485816955566,0.0
11773,1177.299,10530.77374607988,-1783.6388051334523,10532.065032403354,-1785.9891679130858,2.350886611940071,11.460192710142303,0,1,14.702449798583984,8.486944444444445
11774,1177.399,10532.01924584115,-1784.529361059923,10532.941783080087,-1786.6004966669393,2.348136500574605,11.498077826634459,0,1,14.617618560791016,0.0
11775,1177.499,10532.71193020031,-1784.9857709719727,10533.799385006703,-1787.19200542656,2.3453539648789636,11.699648562398044,0,1,14.983926773071289,0.0
11776,1177.599,10533.417935412597,-1785.5201045276965,10534.643161500957,-1787.7808061966227,2.3426787322560916,11.738936816426644,0,1,14.918495178222656,0.0
11777,1177.699,10533.977411241183,-1786.188021472352,10535.452990976952,-1788.3963969032382,2.340713180706181,12.003292659189482,0,1,15.433706283569336,0.0
11778,1177.8,10534.550207922824,-1786.7334869772856,10536.38759312463,-1788.910808537494,2.3090753978617204,11.391682376532325,0,1,15.88036823272705,0.0
11779,1177.899,10535.216250575904,-1787.2900844314286,10537.185300694444,-1789.5404694386764,2.3083838714640277,11.552496837069908,0,1,16.32360076904297,0.0
11780,1177.999,10535.729103418778,-1787.5683831585002,10537.947217746054,-1790.11799700947,2.307454707701455,11.483411472210937,0,1,15.84408187866211,0.0
11781,1178.099,10536.501712896354,-1788.225168153946,10538.736126311907,-1790.7299472129962,2.306559679501935,12.02111543000684,0,1,17.11794662475586,0.0
11782,1178.199,10537.15443469635,-1788.9598767938578,10539.525409650323,-1791.3848566550319,2.306091345596492,11.931043874993,0,1,16.616243362426758,0.0
11783,1178.299,10537.2276993882,-1788.9932726406948,10540.188471157968,-1791.9293336080793,2.3056604337708837,12.089929851095603,0,1,16.817825317382812,0.0
11784,1178.399,10537.667287539236,-1789.5164742472098,10540.79161542178,-1792.4517724447405,2.3055752381927226,11.824739897057732,0,1,15.906137466430664,3.8588888888888886
11785,1178.499,10538.679672371882,-1790.4515579697272,10541.421288485179,-1793.005294635253,2.3055206477403725,11.740731910475413,0,1,15.51695728302002,8.126111111111111
11786,1178.599,10539.925172133166,-1791.4423014375004,10542.125385941892,-1793.6032912012784,2.305143480288145,11.605207132162093,0,1,15.004716873168945,11.028055555555556
11787,1178.699,10541.443749382177,-1792.455308803693,10542.958336818161,-1794.2570751458493,2.30398998296025,11.736756537317351,0,1,15.24364185333252,13.52111111111111
11788,1178.799,10542.695909569953,-1793.3569966793732,10543.853882141495,-1794.94098645374,2.302507829082004,11.593942026892405,0,1,14.731122970581055,0.0
11789,1178.899,10543.668331843448,-1793.9915177763999,10544.738670509149,-1795.590802378455,2.3007383413214613,11.516389621555668,0,1,14.412879943847656,0.0
11790,1179.0,10545.226871651612,-1795.0824487870582,10545.741875081772,-1796.1962457339725,2.283852373632384,10.424122260428659,0,1,12.738421440124512,0.0
11791,1179.099,10546.079406247589,-1795.7503657317134,10546.552633386913,-1796.7658824236428,2.282603673412451,10.032631332197278,0,1,11.20955753326416,0.0
11792,1179.199,10546.632221649637,-1796.4850743708344,10547.278119845347,-1797.3298406542478,2.282049907571459,10.050691504936436,0,1,11.213920593261719,0.0
11793,1179.299,10547.191697478223,-1796.9971440281397,10547.994937927317,-1797.9020657191406,2.281656234896743,10.220495193706713,0,1,11.807211875915527,0.0
11794,1179.399,10547.91768397007,-1797.564873431492,10548.749335915412,-1798.5039385769478,2.2812293939675388,10.401035321455131,0,1,12.342232704162598,0.0
11795,1179.499,10548.450518092519,-1798.0435472419601,10549.490090598307,-1799.1054770856977,2.280914159298011,10.502155491544753,0,1,12.526748657226562,6.7061111111111105
11796,1179.6,10549.609432308896,-1799.1122143534087,10550.318934459303,-1799.8012153212524,2.2807655425959954,10.629219947797143,0,1,12.73032283782959,12.649999999999999
11797,1179.699,10550.954838468098,-1799.969374432251,10551.23572651271,-1800.521873650711,2.280067215209475,10.770684462834174,0,1,13.06833553314209,14.493055555555554
11798,1179.799,10552.220319508942,-1801.1270971365839,10552.233140406135,-1801.3350967906358,2.2796048817646106,10.885472339297236,0,1,13.22927474975586,15.540000000000001
11799,1179.899,10553.572386094691,-1802.006521113845,10553.312144884725,-1802.1747789485319,2.2786456312662673,11.120011089829031,0,1,13.739246368408203,15.49888888888889
11800,1179.999,10554.877829694728,-1802.9527367855717,10554.478796446334,-1803.0361669103058,2.272276512073498,10.705155464784887,0,1,14.211538314819336,15.466944444444444
11801,1180.099,10556.263198413106,-1803.832160762833,10555.70719890392,-1803.9477075298028,2.2710632978569483,10.961688564588712,0,1,14.948898315429688,15.731944444444444
11802,1180.199,10557.635246278433,-1804.7115847400944,10556.990953121738,-1804.8759215916807,2.2695241251936156,11.112300492449002,0,1,15.131928443908691,15.738055555555555
11803,1180.299,10558.960671158087,-1805.6578004118212,10558.311370589689,-1805.8285662094574,2.2678832072333375,11.43482266231891,0,1,15.826051712036133,15.666944444444445
11804,1180.399,10560.359360729537,-1806.5817521859199,10559.667389881064,-1806.7903883593376,2.265985436257731,11.512058295830169,0,1,15.762877464294434,16.041944444444447
11805,1180.499,10561.664804329559,-1807.3943844687158,10561.039875808206,-1807.7422805919855,2.263790899704497,11.872767164155022,0,1,16.502243041992188,15.223888888888888
11806,1180.6,10563.110116886734,-1808.3739959872796,10562.470934489898,-1808.73140377506,2.2614276657705976,12.093992748096237,0,1,16.786415100097656,16.235
11807,1180.699,10564.442202192897,-1809.2422880153315,10563.879557315993,-1809.6897011822462,2.2588973293687227,12.209978715467276,0,1,16.890790939331055,15.643055555555554
11808,1180.799,10565.787608352095,-1810.1662397894304,10565.396694925708,-1810.55665570022,2.2341486844869465,11.622204921940789,0,1,17.314802169799805,15.646944444444442
11809,1180.899,10567.146335364409,-1811.0790596135291,10566.834660771923,-1811.5274182463875,2.232497755855296,11.7028425907696,0,1,17.40640640258789,15.72888888888889
11810,1180.999,10568.558345788913,-1811.869427998697,10568.280007175683,-1812.470196586901,2.2304734865524445,11.864105350277896,0,1,17.561471939086914,15.64611111111111
11811,1181.1,10569.963695786895,-1812.8379075680514,10569.728892972675,-1813.421387779718,2.2285017717854303,11.896239108202037,0,1,17.312969207763672,16.113888888888887
11812,1181.199,10571.342404078725,-1813.7284634945222,10571.1193189268,-1814.3224284520588,2.2264732675950616,11.781560522980438,0,1,16.773906707763672,16.038888888888888
11813,1181.299,10572.714451944094,-1814.3407206947124,10572.502123083339,-1815.162955766067,2.2238013636749447,11.834805724068795,0,1,16.690540313720703,15.293055555555554
11814,1181.399,10574.033216397185,-1815.0420334862051,10573.866744275398,-1815.9678148018263,2.2208826152993173,11.822585258659267,0,1,16.441255569458008,14.941944444444443
11815,1181.499,10575.345320423743,-1815.7656101761163,10575.20342299939,-1816.7384666988776,2.2178313620183374,11.741618433138456,0,1,16.021041870117188,14.73111111111111
11816,1181.599,10576.637443170726,-1816.6784300010058,10576.597883844604,-1817.4070963124414,2.1934004367769973,11.072649708518604,0,1,15.831121444702148,14.87111111111111
11817,1181.699,10578.022811889106,-1817.5689859266854,10577.908461465551,-1818.1925320284624,2.1917653817515466,11.054933219227884,0,1,15.667057037353516,15.305
11818,1181.799,10579.328255489141,-1818.8380281223215,10579.210961231898,-1819.0570958995895,2.1910402794748594,11.142141346798443,0,1,15.701750755310059,16.016944444444444
11819,1181.9,10580.620378236094,-1819.7842437940483,10580.501971759397,-1819.928366863512,2.1904788215944637,11.046823985119222,0,1,15.077722549438477,15.59888888888889
11820,1181.999,10581.932482262668,-1820.7415914149844,10581.736838262213,-1820.7716533686832,2.1900500355398496,10.94130482103386,0,1,14.56295108795166,15.636111111111111
11821,1182.099,10583.264567568813,-1821.609883443036,10582.969434490362,-1821.6046557752823,2.1895238425566705,10.903121011192997,0,1,14.22790813446045,15.448055555555555
11822,1182.199,10584.663257140275,-1822.4893074202976,10584.206940818625,-1822.4273795446154,2.1888409107751854,10.855760913254613,0,1,13.881284713745117,15.823888888888888
11823,1182.299,10586.00866329949,-1823.2908077538837,10585.452235457846,-1823.236989277412,2.187947877446027,10.914480121990293,0,1,13.90185832977295,15.35
11824,1182.399,10587.4606362832,-1824.0477802906323,10586.726927100313,-1824.0042528693357,2.182858809316852,10.319422867801936,0,1,13.32267951965332,15.67
11825,1182.499,10588.859325854664,-1824.7936208797535,10587.945737638474,-1824.7342078317154,2.1816378557573075,10.024670922713149,0,1,11.954497337341309,15.356944444444443
11826,1182.599,10590.344600971019,-1825.4392739259902,10589.160064917509,-1825.4118483081963,2.179962476384869,10.039640469062448,0,1,11.85226058959961,15.563055555555556
11827,1182.699,10591.763271822085,-1826.1517186674828,10590.374200163315,-1826.0688808300347,2.1781112133412996,9.873467590773956,0,1,10.935449600219727,15.30611111111111
11828,1182.8,10593.155300966984,-1826.9866148479066,10591.58273627421,-1826.729794022616,2.1763595773807114,9.844199608180794,0,1,10.602794647216797,15.41111111111111
11829,1182.899,10594.613934377228,-1827.5432123020498,10592.800312093605,-1827.347295680849,2.174151907810673,9.806805340439148,0,1,10.387495040893555,15.181944444444444
11830,1182.999,10595.985982242537,-1828.400372380892,10594.044847399118,-1828.0048082021676,2.172167172517497,9.851045093730121,0,1,10.437271118164062,15.296111111111111
11831,1183.099,10597.324727975249,-1829.2909283073627,10595.307047514762,-1828.7020384872205,2.1704599994734304,9.889817179411809,0,1,10.453752517700195,15.241944444444444
11832,1183.199,10598.696775840603,-1830.0256369464835,10596.648451907535,-1829.3204922911275,2.145248761600813,9.61869505742811,0,1,10.475113868713379,15.078888888888889
11833,1183.299,10600.12876754471,-1830.6712899935108,10597.956566756546,-1830.011189440392,2.1438308854076435,9.633495374887518,0,1,10.447891235351562,15.121111111111112
11834,1183.399,10601.567419675352,-1831.3280749889566,10599.295431833181,-1830.699500499542,2.1422315411097532,9.73152763627598,0,1,10.708086013793945,15.205
11835,1183.499,10602.97943009984,-1832.0071238828211,10600.646174358986,-1831.384102505022,2.1405283265557378,9.71701543623654,0,1,10.418262481689453,15.068888888888889
11836,1183.599,10604.458044789702,-1832.5414574385456,10602.030720728093,-1832.0483825335969,2.138434129278106,9.900209286065145,0,1,11.022319793701172,15.04611111111111
11837,1183.7,10605.956640759128,-1833.07579099427,10603.485843109127,-1832.7195600378968,2.135940918242166,10.10941762852024,0,1,11.586423873901367,15.17388888888889
11838,1183.799,10607.395292889754,-1833.6769162444598,10604.944613756157,-1833.379737572961,2.1332617757031054,10.165388951174387,0,1,11.634147644042969,14.924999999999999
11839,1183.899,10608.714057342859,-1834.5006804764646,10606.4054567929,-1834.0812823089937,2.1309326349056086,10.34400159334551,0,1,12.046099662780762,14.841944444444444
11840,1183.999,10610.112746914321,-1835.1574654727017,10607.95246917109,-1834.6749206038905,2.0986377987790554,10.035949059606294,0,1,12.263848304748535,14.915000000000001
11841,1184.099,10611.511436485785,-1835.8142504681475,10609.437934811802,-1835.378339070875,2.096992726315314,10.15850608542398,0,1,12.60668659210205,14.858055555555554
11842,1184.199,10612.923446910305,-1836.4487715651742,10610.949379524922,-1836.0892230150919,2.0952656139103016,10.409783811814997,0,1,13.281357765197754,14.888055555555555
11843,1184.299,10614.342117761356,-1837.0387648669455,10612.474734172363,-1836.793720351509,2.093367009334523,10.518217366332244,0,1,13.369726181030273,14.801944444444445
11844,1184.399,10615.820732451191,-1837.5174386774138,10614.009966865035,-1837.4658883954826,2.091032663260425,10.69681395788574,0,1,13.699445724487305,14.90388888888889
11845,1184.5,10617.28602628794,-1838.0183763855096,10615.555749581035,-1838.1167395938116,2.0883521061448493,10.771892654581128,0,1,13.623533248901367,14.866944444444444
11846,1184.599,10618.671395006351,-1838.5861057888621,10617.053305415566,-1838.7376596055644,2.0856063713179793,10.826749044874125,0,1,13.60816478729248,14.52611111111111
11847,1184.699,10620.103386710442,-1839.1538351914237,10618.55712484229,-1839.3548568889246,2.0827394306148963,10.953780250127016,0,1,13.763687133789062,14.755
11848,1184.799,10621.46877414926,-1839.7883562892416,10620.119119700348,-1839.8579014853274,2.0531161347638394,10.5033499755963,0,1,13.872096061706543,14.586944444444445
11849,1184.899,10622.854142867669,-1840.3338217941755,10621.605899496033,-1840.4676284808995,2.051253799912399,10.586940782752137,0,1,14.027562141418457,14.341111111111111
11850,1184.999,10624.239511586047,-1840.9906067896209,10623.065014519098,-1841.0772123510121,2.049546929256974,10.539411120815302,0,1,13.558921813964844,14.646944444444443
11851,1185.099,10625.711465849346,-1841.4136208548332,10624.501027481381,-1841.6382106004776,2.0474329328094236,10.537576571018624,0,1,13.293499946594238,14.628055555555555
11852,1185.199,10627.090174141238,-1841.9590863597668,10625.903304569543,-1842.181511025299,2.0453164387873453,10.48715034366158,0,1,12.876721382141113,14.32111111111111
11853,1185.299,10628.4289198739,-1842.6158713552124,10627.272072582622,-1842.730905372285,2.043474565302471,10.486996563780282,0,1,12.667947769165039,14.34611111111111
11854,1185.399,10629.741023900473,-1843.4173716887988,10628.585174208638,-1843.2996442051003,2.042208997517296,10.261479685896276,0,1,11.653275489807129,14.533055555555556
11855,1185.499,10631.139713471923,-1843.717934314289,10629.872198759133,-1843.7985338866786,2.0402884142260707,10.26762026945331,0,1,11.531082153320312,14.165
11856,1185.599,10632.505100910741,-1844.396983208945,10631.164736106217,-1844.3231932660688,2.038658704062586,10.286872478425868,0,1,11.458846092224121,14.299999999999999
11857,1185.699,10633.910450908723,-1844.819997273366,10632.519532471473,-1844.7512415367783,2.0184585012408975,9.942342970770609,0,1,11.574640274047852,14.193888888888889
11858,1185.799,10635.282498774048,-1845.4211225235558,10633.851915075762,-1845.2760837108283,2.01722619460835,9.990528041146426,0,1,11.691983222961426,14.348055555555554
11859,1185.899,10636.661207065923,-1845.9888519269082,10635.20517668639,-1845.8128774262996,2.0160188800273104,10.097032877491294,0,1,11.9157075881958,14.406944444444445
11860,1185.999,10637.999952798633,-1846.5565813294695,10636.562238140577,-1846.356780212153,2.0148658515135027,10.136651342281525,0,1,11.847336769104004,14.151111111111112
11861,1186.099,10639.338698531285,-1847.1688385288687,10637.884414932989,-1846.896339418618,2.0138463054922675,9.997085170068885,0,1,11.068638801574707,14.21
11862,1186.201,10640.730727676228,-1847.6586442885464,10639.19203551081,-1847.4132083636634,2.0126622466215056,9.973727171240377,0,1,10.68277359008789,14.246944444444445
11863,1186.299,10642.162719380349,-1848.0371305569206,10640.484632231077,-1847.8877329328375,2.0110908685590885,10.053825344121378,0,1,10.996167182922363,14.00388888888889
11864,1186.399,10643.601371510977,-1848.4156168260859,10641.85474930437,-1848.3682271424723,2.0091599733571894,10.275180483136587,0,1,11.628355979919434,13.966944444444445
11865,1186.499,10645.000061082439,-1848.8831586873443,10643.267025403802,-1848.861479674378,2.007121245629012,10.427048279290164,0,1,11.957891464233398,14.156944444444445
11866,1186.6,10646.43871321308,-1849.3284366501844,10644.759507358302,-1849.2758831585031,1.9846837897755965,10.121713046537337,0,1,12.278552055358887,14.043888888888889
11867,1186.7,10647.837402784544,-1849.7291868169775,10646.201677592695,-1849.7525736210143,1.9830094560675118,10.114384450906405,0,1,12.126038551330566,13.978888888888887
11868,1186.799,10649.23609235602,-1850.1744647798173,10647.632678200693,-1850.2199721086163,1.9812779135501246,10.234301451930834,0,1,12.410197257995605,14.033055555555555
11869,1186.899,10650.614800647882,-1850.619742744239,10649.084390556383,-1850.6942209273973,1.9795001573634454,10.361691444363299,0,1,12.621405601501465,13.778055555555557
11870,1186.999,10651.95354638056,-1851.0872846047068,10650.527850462118,-1851.1698923350814,1.9777559157409692,10.442525258202428,0,1,12.658438682556152,13.80888888888889
11871,1187.099,10653.33225467242,-1851.5882223135939,10651.957236016422,-1851.646497849786,1.9760736273594488,10.469674072663,0,1,12.51494026184082,13.751944444444444
11872,1187.2,10654.704302537773,-1852.0001044288056,10653.383603802404,-1852.1122913260633,1.9742626864023392,10.554369850718055,0,1,12.538103103637695,13.813888888888888
11873,1187.299,10656.016406564317,-1852.4453823924362,10654.76169159115,-1852.5604187127644,1.9724800180629343,10.507268900456678,0,1,12.238293647766113,13.436944444444446
11874,1187.399,10657.341831443942,-1852.9240562029042,10656.125564152158,-1853.0096968184973,1.970785125495605,10.532263418758152,0,1,12.1310453414917,13.51
11875,1187.5,10658.667256323568,-1853.5474453507218,10657.51369534508,-1853.4208717452832,1.954294080603944,10.094974485798241,0,1,12.02361011505127,13.763055555555555
11876,1187.599,10659.952718643988,-1854.0372511111905,10658.836111067647,-1853.8900385237441,1.9535532301323137,10.093009332118507,0,1,11.986526489257812,13.31611111111111
11877,1187.699,10661.258162244023,-1854.582716616124,10660.17189683248,-1854.3780411417063,1.9529646803270795,10.206034066485167,0,1,12.199897766113281,13.553055555555554
11878,1187.799,10662.543624564472,-1855.1949738147323,10661.510623051287,-1854.891910825203,1.9526535366435698,10.2891830452552,0,1,12.284153938293457,13.498888888888887
11879,1187.899,10663.79578475226,-1855.7515712688753,10662.82772806039,-1855.4103959218328,1.9525010653122814,10.277227152925327,0,1,12.013218879699707,13.413888888888888
11880,1188.0,10665.074586646158,-1856.3749604174839,10664.140560157828,-1855.9482138943004,1.9526020375780047,10.371308598914025,0,1,12.10018253326416,13.558055555555555
11881,1188.099,10666.380030246182,-1856.8536342279517,10665.4243867541,-1856.4646241883456,1.9525912391588482,10.318464196232805,0,1,11.779993057250977,13.435000000000002
11882,1188.199,10667.692134272738,-1857.3100441400013,10666.70028252447,-1856.9652776434493,1.952429302495003,10.300373056729502,0,1,11.528940200805664,13.346111111111112
11883,1188.299,10669.044200858489,-1857.5660789686538,10667.977071305664,-1857.4175390198134,1.9516572889739383,10.324028202264259,0,1,11.447707176208496,13.303888888888888
11884,1188.399,10670.28304019321,-1858.2117320156813,10669.241532812226,-1857.9023964084408,1.9516433579284822,9.926737648733543,0,1,11.401902198791504,13.181944444444444
11885,1188.499,10671.72169232385,-1858.4900307419618,10670.525971104782,-1858.3459781426475,1.9509086127729889,9.901353434475956,0,1,11.19136905670166,13.506944444444445
11886,1188.599,10672.980512938175,-1858.890780909546,10671.792877378857,-1858.7761492578552,1.9501036278791728,9.916261790257993,0,1,11.04870891571045,12.935
11887,1188.699,10674.265975258608,-1859.3917186176418,10673.051260030403,-1859.2131631626405,1.9494034239679225,9.925866172552697,0,1,10.892687797546387,13.083888888888888
11888,1188.799,10675.49149374026,-1859.8369965812728,10674.294897541175,-1859.6473412044597,1.9487330673850505,9.94924471109019,0,1,10.80354118347168,12.70611111111111
11889,1188.899,10676.750314354584,-1860.4603857298814,10675.526506271208,-1860.1080300040878,1.948407494396141,9.92620588444459,0,1,10.531068801879883,13.085
11890,1188.999,10678.022455821947,-1860.8833997943025,10676.756281282238,-1860.5583075782458,1.947971951292538,9.97873076268981,0,1,10.577857971191406,12.718888888888888
11891,1189.099,10679.287936862806,-1861.4066014016082,10677.980409747615,-1861.0161931760235,1.947649352292469,9.933631600172662,0,1,10.237619400024414,12.811944444444446
11892,1189.199,10680.640003448541,-1861.8630113136574,10679.208201762383,-1861.4661381839549,1.9472165820477334,9.942131474723498,0,1,10.126078605651855,13.193055555555555
11893,1189.299,10681.852201077138,-1862.3082892764971,10680.445847465746,-1861.8821446715206,1.9385027825722023,9.646515601641404,0,1,10.219666481018066,12.703055555555556
11894,1189.399,10683.184286383283,-1862.8648867306401,10681.698606105769,-1862.3522466747772,1.9383502499163714,9.702692996847423,0,1,10.394551277160645,13.471111111111112
11895,1189.499,10684.449767424172,-1863.2879007950612,10682.960010532537,-1862.8164515227497,1.938112688503639,9.74530622973235,0,1,10.381978034973145,13.09388888888889
11896,1189.599,10685.688606758846,-1863.766574605529,10684.229589481904,-1863.2875856913997,1.9379145548557302,9.864557741450433,0,1,10.698633193969727,12.854999999999999
11897,1189.699,10686.920785667047,-1864.3565679073006,10685.494362282026,-1863.779741606566,1.9379563800264274,9.849057175905982,0,1,10.424993515014648,12.996944444444445
11898,1189.799,10688.126322869124,-1864.9465612082809,10686.741836564115,-1864.286214666358,1.938228935715001,9.917033393248312,0,1,10.514472961425781,12.748888888888889
11899,1189.9,10689.3784830569,-1865.4697628155866,10688.001983286777,-1864.8005102432614,1.938542222832188,9.977861718842936,0,1,10.514301300048828,12.85388888888889
11900,1189.999,10690.630643244675,-1865.9373046760543,10689.249481768606,-1865.302645536664,1.9387799095301412,10.043076770478931,0,1,10.65726375579834,12.708055555555555
11901,1190.1,10691.876143005942,-1866.4827701817792,10690.522562522483,-1865.8226478381498,1.939118273948255,10.132543028527515,0,1,10.748818397521973,12.866111111111111
11902,1190.199,10692.981773810028,-1867.1506871256433,10691.738536633335,-1866.4019377281177,1.94960842683186,9.760918542591966,0,1,10.738251686096191,12.389999999999999
11903,1190.299,10694.13402759986,-1867.8519999179266,10692.959138443117,-1866.9734209259232,1.950464661035846,9.765037688170997,0,1,10.629075050354004,12.553888888888888
11904,1190.399,10695.339564801934,-1868.575576607838,10694.180434996359,-1867.573587979797,1.9516154081856365,9.864051546388865,0,1,10.84170913696289,12.96888888888889
11905,1190.499,10696.545102003996,-1869.1099101651441,10695.408605568355,-1868.1674850611553,1.9526927199061155,9.925632787188741,0,1,10.878539085388184,12.663055555555555
11906,1190.599,10697.757299632593,-1869.6999034653336,10696.640682387562,-1868.7646164740668,1.953806804238266,10.013875415568865,0,1,11.02061939239502,12.79888888888889
11907,1190.699,10698.96283683467,-1870.156313377383,10697.886764576831,-1869.346099026876,1.9547061543782354,10.155338237170945,0,1,11.351430892944336,12.445
11908,1190.799,10700.201676169389,-1870.735174729945,10699.149353169589,-1869.9354144192696,1.9556366454891005,10.250540556449817,0,1,11.486788749694824,12.808055555555555
11909,1190.899,10701.340609106135,-1871.4030916746,10700.402986977879,-1870.5447956101652,1.9568667274155618,10.360227359377062,0,1,11.665846824645996,12.783055555555555
11910,1190.999,10702.572788014333,-1872.093272516883,10701.660928483241,-1871.1732295757288,1.958332865660804,10.43253024569112,0,1,11.712406158447266,13.308055555555555
11911,1191.099,10703.804966922533,-1872.4717587860484,10702.887794593104,-1871.826977682814,1.9753870993676497,10.005319387009894,0,1,11.660320281982422,12.525
11912,1191.199,10705.003843698063,-1873.1953354767509,10704.127738208557,-1872.4382932717483,1.9762558315524288,10.02658479665279,0,1,11.62830638885498,13.245000000000001
11913,1191.3,10706.202720473604,-1873.6851412356375,10705.355663571412,-1873.0277232422247,1.9769474362308328,10.015550661050277,0,1,11.291494369506836,12.51
11914,1191.399,10707.454880661393,-1874.2640025874082,10706.552777345974,-1873.6008888173535,1.9776092220231078,10.023343220007616,0,1,11.1901216506958,12.918055555555556
11915,1191.5,10708.66707828999,-1874.865127838389,10707.761663338495,-1874.1836622567678,1.978322395820417,10.064046819563924,0,1,11.088322639465332,12.73611111111111
11916,1191.599,10709.89925719819,-1875.4773850377883,10708.950240648286,-1874.7617159962526,1.979083934035571,10.07719565652395,0,1,11.023053169250488,12.775
11917,1191.699,10711.091473547196,-1875.9894546950934,10710.139032828769,-1875.3288484989414,1.9797193246776277,10.083225059048226,0,1,10.856983184814453,12.801944444444445
11918,1191.799,10712.31699202885,-1876.5794479968647,10711.323782996815,-1875.8961062095823,1.9803775769838583,10.104566241736038,0,1,10.767641067504883,12.911944444444444
11919,1191.899,10713.535850083965,-1877.1360454502167,10712.505618920646,-1876.4583073543754,1.980990181104026,10.112770995602064,0,1,10.638803482055664,12.788888888888888
11920,1191.999,10714.694764300328,-1877.6369831591037,10713.657069846955,-1877.0347903979434,1.9890467937510525,9.710411638573698,0,1,10.410416603088379,12.60111111111111
11921,1192.099,10715.940264061583,-1878.226976460084,10714.819386027235,-1877.582158743633,1.9893776902690248,9.693876306272394,0,1,10.245984077453613,12.93611111111111
11922,1192.199,10717.14580126366,-1878.8281017102738,10715.96955291565,-1878.1304981697372,1.989767076422687,9.663091507747703,0,1,9.91458797454834,12.93611111111111
11923,1192.299,10718.331357186118,-1879.4069630628358,10717.061942959803,-1878.6559414725243,1.9901793637456824,9.426230229597795,0,1,8.586033821105957,12.59
11924,1192.399,10719.556875667815,-1879.996956363816,10718.090567757994,-1879.154075859577,1.9905940731319895,9.275485427323625,0,1,7.677446365356445,12.818055555555556
11925,1192.499,10720.709129457597,-1880.5535538179588,10719.110294412047,-1879.6489824467405,1.9910065719530188,9.314040415357393,0,1,7.825333595275879,12.401944444444444
11926,1192.599,10721.927987512727,-1881.1992068641953,10720.181139243115,-1880.1775373334356,1.9915201538440361,9.398364525384087,0,1,8.169700622558594,12.584999999999999
11927,1192.699,10723.126864288253,-1881.7780682159664,10721.295713368825,-1880.7247926852035,1.9920242661982828,9.475388926623559,0,1,8.424844741821289,12.721111111111112
11928,1192.799,10724.305759784222,-1882.3346656709002,10722.411633353131,-1881.2696579908534,1.9924971085824856,9.397549367993358,0,1,7.9311299324035645,12.591944444444445
11929,1192.899,10725.49131570668,-1882.93579092109,10723.511095485446,-1881.8426289738513,2.0011303387035593,9.196657675517464,0,1,7.9992194175720215,12.75388888888889
11930,1192.999,10726.71017376181,-1883.4812564260237,10724.650346550472,-1882.394565100789,2.0014067348616957,9.24495685475508,0,1,8.214567184448242,0.0
11931,1193.099,10727.116459780158,-1883.703895407048,10725.689513432579,-1882.9020110776216,2.0016796782909183,9.331511510786184,0,1,8.524513244628906,0.0
11932,1193.199,10727.882408831243,-1884.0044580325384,10726.710430864829,-1883.3874528206693,2.00183529934912,9.441860976204081,0,1,8.907815933227539,0.0
11933,1193.299,10728.428563806745,-1884.3606804032852,10727.684983631285,-1883.8668625055238,2.0021232550734145,9.577799801105959,0,1,9.355804443359375,0.0
11934,1193.399,10728.961397929206,-1884.6946388756128,10728.632800707333,-1884.3441494462315,2.002513238331992,9.802806221968265,0,1,10.11373519897461,0.0
11935,1193.499,10729.594138449627,-1884.9172778566372,10729.565088064383,-1884.7959880585242,2.0027359738748003,9.905479881069873,0,1,10.300589561462402,0.0
11936,1193.599,10730.12031214557,-1885.2846321765928,10730.459906240552,-1885.248527663608,2.0031555548223947,10.122187451546708,0,1,10.88842487335205,6.896944444444444
11937,1193.699,10731.312528494578,-1885.685382344177,10731.409220284053,-1885.6941143659697,2.0032379809579766,10.057447544470882,0,1,10.442668914794922,11.29611111111111
11938,1193.799,10732.52472612316,-1886.1974520006916,10732.395855949175,-1886.147524702438,2.0032157036153504,10.193827828776653,0,1,10.734268188476562,12.27388888888889
11939,1193.899,10733.7236028987,-1886.7540494540435,10733.423251177745,-1886.62063435532,2.0032043169769906,10.20829961421403,0,1,10.601845741271973,12.51
11940,1193.999,10734.889177541583,-1887.299514959768,10734.4739046495,-1887.1059649340061,2.0032114154388947,10.3035156103043,0,1,10.752180099487305,12.281111111111112
11941,1194.099,10736.094714743662,-1887.822716566283,10735.555817339175,-1887.5998391965595,2.00314281712298,10.353150564995948,0,1,10.753839492797852,12.54
11942,1194.199,10737.293591519201,-1888.3459181735886,10736.666100076827,-1888.0994990378363,2.0023966465268987,9.95423263958056,0,1,10.9625825881958,12.56111111111111
11943,1194.299,10738.472487015126,-1888.857987830894,10737.79610363393,-1888.6072035856369,2.002264370160359,9.987401969640038,0,1,10.998470306396484,12.36111111111111
11944,1194.4,10739.684684643737,-1889.3700574889904,10738.949435309236,-1889.1196342206713,2.002064994079098,10.052678909137363,0,1,10.992437362670898,12.573055555555557
11945,1194.499,10740.890221845815,-1889.837599349458,10740.090725031601,-1889.6143262468556,2.0017273309080226,10.059131195277557,0,1,10.892706871032715,12.46111111111111
11946,1194.599,10742.10241947441,-1890.3608009567638,10741.247616718807,-1890.1150849598841,2.0013719992038395,10.105801817016491,0,1,10.874098777770996,12.563055555555554
11947,1194.699,10743.301296249938,-1890.817210868813,10742.39988303225,-1890.6022013052545,2.000878411338715,10.073799114069345,0,1,10.57884407043457,12.311944444444444
11948,1194.799,10744.506833452042,-1891.2958846792812,10743.55110500396,-1891.0825493778088,2.0003057125540558,10.124988023992163,0,1,10.608014106750488,12.421944444444444
11949,1194.9,10745.758993639804,-1891.6855028968648,10744.7336079903,-1891.5524962790014,1.9994254078484697,10.215104898321034,0,1,10.724245071411133,12.528888888888888
11950,1194.999,10746.94454956226,-1892.2087045041706,10745.90982494215,-1892.0278149702026,1.9986403563821153,10.281336217848937,0,1,10.864627838134766,12.34388888888889
11951,1195.099,10748.176728470447,-1892.620586620173,10747.113433717863,-1892.4990811822993,1.9976349299102951,10.360035056464529,0,1,10.967171669006348,12.441944444444443
11952,1195.2,10749.395586525592,-1893.0992604298503,10748.361698553415,-1892.927299779693,1.983747468477496,9.97261695830784,0,1,11.112871170043945,12.428055555555558
11953,1195.299,10750.634425860311,-1893.488878647434,10749.582445980399,-1893.386744001068,1.9829231354471273,10.00584655955523,0,1,11.230616569519043,12.461944444444445
11954,1195.399,10751.81998178277,-1893.9564205094837,10750.807914711251,-1893.8512021062854,1.982127209725176,10.042783574607967,0,1,11.154816627502441,12.155000000000001
11955,1195.499,10753.072141970573,-1894.3794345746958,10752.036618613005,-1894.3069088752093,1.9812114723223238,10.103625765521299,0,1,11.186501502990723,12.584999999999999
11956,1195.599,10754.277679172652,-1894.7913166899075,10753.2649645725,-1894.755518435931,1.9802082084001664,10.167555055530864,0,1,11.230497360229492,12.246944444444443
11957,1195.699,10755.503197654272,-1895.2143307551194,10754.488268550236,-1895.196530426677,1.9791328957868741,10.170249796813422,0,1,11.05348014831543,12.41
11958,1195.799,10756.728716135953,-1895.6373448211223,10755.69709393194,-1895.626771191636,1.9779976211510424,10.155817691685911,0,1,10.830462455749512,12.401944444444444
11959,1195.899,10757.960895044152,-1896.0603588847523,10756.896295617278,-1896.0486254411119,1.976806910435595,10.159833878417823,0,1,10.690086364746094,12.406944444444443
11960,1195.999,10759.186413525818,-1896.4722410015459,10758.102674649332,-1896.4685720977325,1.9755492639850185,10.2587090375814,0,1,10.890998840332031,12.35
11961,1196.099,10760.431913287059,-1896.895255065967,10759.316083289343,-1896.8877862173836,1.9742393030466852,10.243489861148285,0,1,10.692383766174316,12.536944444444444
11962,1196.199,10761.66409219523,-1897.3294010803884,10760.562792128178,-1897.2387173750487,1.9557310634694076,9.882329043938842,0,1,10.88014030456543,12.511111111111111
11963,1196.299,10762.889610676908,-1897.7524151456003,10761.780712872836,-1897.6576459895246,1.9549038001425163,9.85579392059844,0,1,10.677486419677734,12.466944444444444
11964,1196.399,10764.148431291218,-1898.164297260812,10763.007450669924,-1898.074938494752,1.9540234483221601,9.96083279541341,0,1,10.924945831298828,12.658055555555556
11965,1196.499,10765.373949772884,-1898.5873113260236,10764.23335201508,-1898.4920889364987,1.9531427037159979,9.942519795668247,0,1,10.654097557067871,12.476944444444445
11966,1196.599,10766.62610996066,-1898.9880614928172,10765.46571239384,-1898.9062325206237,1.9521945301113293,10.06885527712594,0,1,10.970251083374023,12.63111111111111
11967,1196.699,10767.864949295395,-1899.4222075072382,10766.710580567593,-1899.3274127615493,1.9512621535390904,10.110819783961398,0,1,10.942002296447754,12.474999999999998
11968,1196.799,10769.143751189295,-1899.8452215724506,10767.956858714766,-1899.7460944133434,1.9502867124217709,10.134877331615591,0,1,10.85363483428955,12.803055555555556
11969,1196.899,10770.422553083206,-1900.2014439431969,10769.207362079178,-1900.1522048738384,1.9491317683548093,10.19317429833488,0,1,10.896854400634766,12.77
11970,1197.0,10771.661392417911,-1900.6689858036646,10770.482347628438,-1900.5782310976547,1.9480940558727364,10.371307052359043,0,1,11.2983980178833,12.59388888888889
11971,1197.099,10772.973496444483,-1901.0474720736208,10771.767695924078,-1900.9963367514376,1.9468897664308937,10.44986069989898,0,1,11.449870109558105,13.071944444444444
11972,1197.199,10774.265619191436,-1901.425958341204,10773.115540232964,-1901.3589339885236,1.9308199300431994,10.145327117700694,0,1,11.99402141571045,12.944999999999999
11973,1197.299,10775.557741938419,-1901.8267085087882,10774.46449473146,-1901.788006097004,1.9299216086741844,10.235597882775265,0,1,12.219165802001953,12.941944444444445
11974,1197.399,10776.86984596499,-1902.2163267255812,10775.839830545441,-1902.221053972313,1.9289473326293056,10.465744930467963,0,1,12.80865478515625,13.08
11975,1197.5,10778.188610418067,-1902.5836810455369,10777.2390643762,-1902.653743490563,1.927847470057048,10.547623153079169,0,1,12.787212371826172,13.158055555555555
11976,1197.599,10779.500714444624,-1902.98443121233,10778.61380866578,-1903.0759983039043,1.9267137575909141,10.681278445209756,0,1,13.057543754577637,13.166111111111112
11977,1197.699,10780.82613932425,-1903.3295216330764,10779.992860268112,-1903.4878474411505,1.9254120011656892,10.682470365890874,0,1,12.82414722442627,13.138888888888888
11978,1197.799,10782.17154548345,-1903.7302718006604,10781.355452087184,-1903.8920500471818,1.9240770415200714,10.728582297064344,0,1,12.76343822479248,13.285
11979,1197.899,10783.543593348806,-1904.0642302729882,10782.705242986593,-1904.27665663054,1.9225347456409274,10.684944784393018,0,1,12.435053825378418,13.441111111111113
11980,1198.0,10784.882339081516,-1904.4204526437345,10784.043520667186,-1904.6506201624336,1.920903368941329,10.691656498345147,0,1,12.244888305664062,13.258888888888889
11981,1198.099,10786.24772652029,-1904.7655430652715,10785.380139788796,-1904.9207166226704,1.9011188072219412,10.125783384921425,0,1,11.962614059448242,13.466944444444444
11982,1198.199,10787.613113959094,-1905.1328973844365,10786.678501044762,-1905.2687889984968,1.899981416316779,10.053000528530701,0,1,11.567214965820312,13.318055555555555
11983,1198.299,10789.018463957076,-1905.5002517043922,10787.973272206069,-1905.6111355443861,1.8987996629368507,10.064431050062431,0,1,11.41910457611084,13.6
11984,1198.399,10790.430474381597,-1905.8453421259292,10789.273360044888,-1905.9476252516297,1.8975316855675366,10.057244391260541,0,1,11.204951286315918,13.646944444444443
11985,1198.499,10791.835824379594,-1906.201564495885,10790.579036212031,-1906.281995264453,1.8962188273542817,10.078299486531836,0,1,11.114882469177246,13.763055555555555
11986,1198.599,10793.254495230645,-1906.5243910197937,10791.897847628168,-1906.6108170673965,1.8947879421748262,10.106378764777325,0,1,11.055861473083496,13.655
11987,1198.699,10794.666505655165,-1906.8806133905405,10793.215742350203,-1906.9372893017237,1.8933351059030834,10.054910803572275,0,1,10.696783065795898,13.578888888888887
11988,1198.799,10796.105157785818,-1907.2257038112864,10794.52969695747,-1907.2573113749634,1.891825026259206,10.027289553496335,0,1,10.446715354919434,13.716111111111111
11989,1198.899,10797.53714948994,-1907.5373983859863,10795.8473361331,-1907.568894736471,1.8902023366499052,10.02081682649883,0,1,10.288980484008789,13.761944444444444
