row,t,ref_E,ref_N,ekf_E,ekf_N,ekf_psi_rad,cov_trace,in_outage,gnss_used,gru_speed,ref_speed
22483,2248.299,11650.544635711036,3047.8719981738777,11650.544635711036,3047.8719981738777,1.9521682216481775,33.121846967914685,0,1,15.927534103393555,24.866944444444442
22484,2248.4,11652.842482864116,3046.9591783497794,11652.575031382392,3047.060809931059,1.9521484439185746,46.61761061609272,0,1,15.411221504211426,24.813888888888886
22485,2248.499,11655.140330017222,3046.035226577262,11654.287486258392,3046.375018185623,1.9521285488800943,40.76854335144354,0,1,14.821037292480469,24.806944444444447
22486,2248.599,11657.424856317291,3045.122406752373,11656.083640307403,3045.6562176579187,1.9520759975733475,39.04478247366498,0,1,15.008995056152344,24.660000000000004
22487,2248.699,11659.716043043865,3044.1984549782737,11657.934177023442,3044.913963655764,1.9520930227892244,35.72693353172724,0,1,14.618586540222168,24.74611111111111
22488,2248.799,11662.00056934392,3043.274503205757,11659.828981178685,3044.1514406443184,1.9523750220151301,17.281496881890643,0,1,14.864280700683594,24.678888888888885
22489,2248.899,11664.278435217439,3042.350551431658,11661.762191039212,3043.372535565084,1.9524495382918385,16.33163247218551,0,1,14.474262237548828,24.593888888888888
22490,2248.999,11666.549640664423,3041.4154677083493,11663.763839914747,3042.561932535061,1.9526319630475257,17.055469988267905,0,1,15.6303071975708,24.585
22491,2249.099,11668.820846111408,3040.4803839858323,11665.836799987093,3041.719164177325,1.9529121708875532,16.705557418154793,0,1,15.52505111694336,24.59
22492,2249.199,11671.098711984927,3039.5341683141055,11667.908792408049,3040.8720983884978,1.9533186401672933,16.02145280370498,0,1,15.001659393310547,24.691944444444445
22493,2249.299,11673.36325700539,3038.6102165407974,11669.972055371016,3040.012945140124,1.9563133469078702,12.956271090208283,0,1,14.81496810913086,24.52611111111111
22494,2249.399,11675.621141599308,3037.6528689198612,11672.04939380372,3039.156691994791,1.9566126525023786,12.719137223676654,0,1,14.577081680297852,24.54
22495,2249.499,11677.88568661977,3036.695521298925,11674.132340016056,3038.293041022367,1.9569958231741575,12.548227912363501,0,1,14.280500411987305,24.571944444444444
22496,2249.599,11680.143571213703,3035.760437577199,11676.230312093645,3037.4227999290365,1.9573725935598167,12.541508943146594,0,1,14.306623458862305,24.504999999999995
22497,2249.699,11682.394795381095,3034.814221904681,11678.367759551864,3036.5334742757855,1.9577920482383522,12.731503069393982,0,1,14.716794967651367,24.448055555555552
22498,2249.799,11684.639359121971,3033.8568742837447,11680.53610913881,3035.6059051755183,1.961524680238,11.620594656762409,0,1,14.888773918151855,24.47388888888889
22499,2249.899,11686.890583289369,3032.8995266628085,11682.731403937538,3034.6846979869547,1.961852791432473,11.62800588404078,0,1,14.94345474243164,24.516944444444448
22500,2250.0,11689.135147030227,3031.9644429410823,11684.943967863928,3033.757130424961,1.9621503553098336,11.646787446059799,0,1,14.824825286865234,24.331111111111113
22501,2250.099,11691.373050344568,3031.0182272685643,11687.137616260492,3032.8355645190736,1.9624597533428172,11.740433224667298,0,1,15.000436782836914,24.368888888888886
22502,2250.199,11693.610953658908,3030.083143546047,11689.358072571038,3031.9034611265197,1.9627459973130803,11.807974938162467,0,1,15.043432235717773,24.27388888888889
22503,2250.299,11695.848856973236,3029.1257959251107,11691.564967711109,3030.9626436843546,1.9647343243703377,10.978667715484432,0,1,14.684638977050781,24.349999999999998
22504,2250.399,11698.080099861043,3028.146184405756,11693.75349194038,3030.032924310421,1.9650399083996801,10.91040260117771,0,1,14.394855499267578,24.338055555555556
22505,2250.499,11700.291361469259,3027.199968734029,11695.967886576615,3029.090799122561,1.9653549148835259,11.242957302434139,0,1,15.265840530395508,24.166944444444447
22506,2250.599,11702.522604357095,3026.242621113093,11698.194861836417,3028.1415730663316,1.9656848490197665,11.122397753931242,0,1,14.656180381774902,24.26888888888889
22507,2250.699,11704.747186818337,3025.3186693397847,11700.42120171472,3027.1966156575877,1.9659519189598722,11.386867721120332,0,1,15.260749816894531,24.163888888888888
22508,2250.799,11706.958448426554,3024.3835856180585,11702.65207188897,3026.2394422122015,1.9678929112028616,10.762877158609788,0,1,14.938405990600586,24.093055555555555
22509,2250.899,11709.169710034756,3023.4485018947503,11704.877001560082,3025.2957203892997,1.9680560985599123,10.846936922989574,0,1,15.111272811889648,24.056944444444444
22510,2250.999,11711.380971642973,3022.5245501206514,11707.08408016916,3024.361795802259,1.9681838465019483,10.766926758981642,0,1,14.53393840789795,23.991944444444446
22511,2251.1,11713.592233251191,3021.589466398134,11709.28103992569,3023.4320970716885,1.9683049085369178,10.847424379472178,0,1,14.512077331542969,24.003888888888888
22512,2251.199,11715.790174006323,3020.665514624826,11711.435765309756,3022.521136479756,1.9684077969402012,10.766082420929298,0,1,14.049915313720703,23.88611111111111
22513,2251.299,11717.981454334951,3019.7415628515178,11713.586006316786,3021.612392718021,1.9685012988512394,10.803890021290567,0,1,13.953022003173828,23.868888888888886
22514,2251.399,11720.166074237044,3018.81761107821,11715.731570454014,3020.7041316373625,1.9688032735142205,10.356449549266284,0,1,13.793462753295898,23.768055555555556
22515,2251.499,11722.344033712603,3017.9047912533206,11717.872197630675,3019.8005829878966,1.9688566665618803,10.36184502448184,0,1,13.675569534301758,23.683055555555555
22516,2251.599,11724.515332761626,3016.9808394792217,11719.994851664178,3018.9032193599664,1.9689217455203643,10.312227843589046,0,1,13.197501182556152,23.608888888888888
22517,2251.7,11726.679971384146,3016.0568877059136,11722.091514742962,3018.0151457488187,1.969002087149344,10.224442641871553,0,1,12.534897804260254,23.593055555555555
22518,2251.799,11728.831289153564,3015.144067881024,11724.145895222991,3017.1444920527633,1.9690841934969152,10.22897643084196,0,1,12.417503356933594,23.43
22519,2251.899,11730.975946496466,3014.242380006135,11726.213700888657,3016.2693457333244,1.9691513462848844,10.240611244423413,0,1,12.247143745422363,23.345
22520,2251.999,11733.113943412845,3013.3295601820364,11728.267325494633,3015.39601591345,1.969727864076794,9.835969934805062,0,1,11.775518417358398,23.288055555555555
22521,2252.099,11735.238619476157,3012.427872306356,11730.314676255064,3014.527767535439,1.9697889459496358,9.857884408134819,0,1,11.76091480255127,23.13388888888889
22522,2252.199,11737.356635112947,3011.5261844306765,11732.374038389895,3013.653761848837,1.969854841532717,9.916354811322163,0,1,11.78692626953125,23.105
22523,2252.299,11739.461329896654,3010.6356285049965,11734.442903002926,3012.7761394415184,1.9699156308547552,9.977398286119803,0,1,11.814481735229492,22.935
22524,2252.401,11741.546043400785,3009.745072577735,11736.53507808368,3011.8875232111427,1.969987121940287,10.054174348647388,0,1,11.783540725708008,22.748055555555556
22525,2252.501,11743.624096478401,3008.843384702846,11738.619507265566,3010.998776727361,1.9700935925516856,10.19626897934815,0,1,12.168594360351562,22.733888888888888
22526,2252.599,11745.708809982518,3007.9305648779564,11740.719978590203,3010.0933567803795,1.9713591039207472,10.018815792498131,0,1,12.838505744934082,22.763055555555557
22527,2252.699,11747.786863060115,3007.040008952277,11742.868766246827,3009.172805590226,1.9714737630199934,10.099029098714684,0,1,12.965901374816895,22.631944444444443
22528,2252.799,11749.844934858109,3006.149453025806,11744.997687264762,3008.2590364754583,1.9716032002677462,10.11589149482719,0,1,12.702669143676758,22.49694444444444
22529,2252.899,11751.916327509189,3005.2588970993356,11747.106761076171,3007.3533147379007,1.9717362296118444,10.186454419816771,0,1,12.69124698638916,22.548055555555557
22530,2252.999,11753.967738880663,3004.346077275237,11749.20186584236,3006.447841632688,1.9719280971835023,10.231511246254554,0,1,12.586019515991211,22.47
22531,2253.099,11756.012489825604,3003.444389398766,11751.282636089127,3005.5451300687237,1.972156715981069,10.286611230879926,0,1,12.534518241882324,22.453055555555554
22532,2253.199,11758.057240770542,3002.531569574667,11753.348728544139,3004.6328947230277,1.974563567092484,9.96364935199058,0,1,12.464178085327148,22.403888888888886
22533,2253.299,11760.075350009374,3001.6187497497776,11755.41775352632,3003.724397290056,1.9748217270659159,10.062715915215309,0,1,12.735142707824707,22.23611111111111
22534,2253.399,11762.086798821654,3000.672534078051,11757.486001286663,3002.8050235761593,1.9751871898705167,10.125856483547567,0,1,12.697611808776855,22.266944444444444
22535,2253.499,11764.098247633949,2999.770846203162,11759.56246721447,3001.8805043985153,1.975572734512976,10.32099634640768,0,1,13.19517707824707,22.133055555555554
22536,2253.599,11766.06973388705,2998.8580263782724,11761.641742768947,3000.9484281005903,1.9760297741467403,10.407049879808293,0,1,13.225699424743652,21.78111111111111
22537,2253.699,11768.047880566675,2997.9897343502207,11763.711060747544,3000.02356340389,1.976460520654304,10.523518964919697,0,1,13.370136260986328,21.646944444444443
22538,2253.799,11769.98606468715,2997.1103103729592,11765.752549944425,2999.0860216549527,1.9810406070630755,10.15742432881099,0,1,13.274292945861816,21.325
22539,2253.899,11771.91092795454,2996.230886395698,11767.780735182969,2998.1728016642633,1.981392543363901,10.221648786338749,0,1,13.358409881591797,21.22
22540,2253.999,11773.822470368845,2995.384858265274,11769.791657475183,2997.269438634252,1.9817157016749638,10.291753081614496,0,1,13.325218200683594,21.01388888888889
22541,2254.099,11775.720691930124,2994.5276981864317,11771.775045783465,2996.37717687043,1.982044341263568,10.317548920563832,0,1,13.125213623046875,20.848055555555554
22542,2254.199,11777.592271785266,2993.7150659036356,11773.738307355165,2995.4987187651573,1.9823164302173795,10.43000014325801,0,1,13.277681350708008,20.545
22543,2254.299,11779.457191213874,2992.891301671631,11775.693014897539,2994.6257374045094,1.982566380350455,10.51627791164468,0,1,13.32362174987793,20.383055555555554
22544,2254.4,11781.308789789444,2992.078669389626,11777.640809528326,2993.7513392765204,1.9840284463065112,10.183510510654692,0,1,13.311423301696777,20.291944444444443
22545,2254.499,11783.153727938445,2991.277169055249,11779.527468735434,2992.9139672286155,1.984153428433748,10.060358302431458,0,1,12.67260456085205,20.208055555555553
22546,2254.599,11784.99866608748,2990.464536772453,11781.387870544551,2992.089090435976,1.9842642509951676,10.097725889242161,0,1,12.542640686035156,20.135
22547,2254.699,11786.836943809962,2989.651904489657,11783.242662471786,2991.267016293148,1.9843682626524313,10.180742774829636,0,1,12.619738578796387,20.131944444444443
22548,2254.799,11788.668561105911,2988.8392722068616,11785.07914499135,2990.452751537508,1.9844717999174122,10.133512375255012,0,1,12.16343879699707,20.099999999999998
22549,2254.899,11790.50683882841,2988.015507974856,11786.899763502188,2989.643823799367,1.9845904245792023,10.20042761706247,0,1,12.198943138122559,20.118888888888886
22550,2255.0,11792.338456124375,2987.1917437428515,11788.736579531584,2988.8225785066543,1.9853601611848664,9.941057548051873,0,1,12.302772521972656,20.116944444444446
22551,2255.099,11794.163412993803,2986.3679795116373,11790.564294920374,2988.006630724852,1.985481662598882,10.003757399819813,0,1,12.513110160827637,20.038888888888888
22552,2255.201,11795.981709436699,2985.5442152796318,11792.426620909917,2987.1731773020497,1.9856242078065707,10.087240777939849,0,1,12.45020866394043,20.015
22553,2255.299,11797.800005879593,2984.7204510476267,11794.219174700556,2986.3686484388472,1.9857843606980545,9.994948540198433,0,1,11.930757522583008,20.015
22554,2255.399,11799.618302322486,2983.8855548664123,11795.987031636894,2985.571518610627,1.9859790254011864,9.890224148833878,0,1,11.205161094665527,20.035
22555,2255.499,11801.429938338862,2983.0506586859888,11797.717499393439,2984.787466606264,1.9862073812225023,9.839059881782216,0,1,10.76625919342041,19.92888888888889
22556,2255.599,11803.24157435522,2982.2157625047744,11799.442593019961,2984.0029566406643,1.9864641703688477,9.871061977046896,0,1,10.71835708618164,19.965
22557,2255.7,11805.053210371598,2981.3808663235595,11801.194510559266,2983.191451377804,1.9893818846350806,9.680283232102967,0,1,10.97773265838623,19.978055555555557
22558,2255.799,11806.858185961435,2980.5348381939266,11802.966751169926,2982.3792800061833,1.9896198117775288,9.775076077876172,0,1,11.400157928466797,19.96888888888889
22559,2255.9,11808.669821977795,2979.6888100635024,11804.812710624723,2981.5311219254622,1.9898872123567495,10.041433376018965,0,1,12.252241134643555,20.005
22560,2255.999,11810.481457994169,2978.8427819338694,11806.67015945125,2980.6752754162985,1.990182914704567,10.122700830417198,0,1,12.36769962310791,20.001944444444444
22561,2256.099,11812.293094010533,2977.9967538034457,11808.51970799913,2979.8207255382968,1.9905046223939673,10.103798130862131,0,1,11.996014595031738,20.028055555555554
22562,2256.199,11814.104730026906,2977.1507256738128,11810.346541881041,2978.974444593092,1.9908487719868506,10.153909172094911,0,1,11.937262535095215,20.078055555555558
22563,2256.3,11815.9230264698,2976.3046975433886,11812.186871179712,2978.121037747234,1.991208240820642,10.279609197220035,0,1,12.121866226196289,20.058055555555555
22564,2256.4,11817.761304192285,2975.469801362965,11814.024240779048,2977.2560416814085,1.994626203110296,9.98317926755783,0,1,12.269248962402344,20.201111111111107
22565,2256.499,11819.599581914781,2974.623773232541,11815.85211010813,2976.410931162604,1.9948546599441952,9.949376628982556,0,1,12.0222749710083,20.235
22566,2256.599,11821.444520063786,2973.7888770513264,11817.67680471771,2975.5700507266456,1.9950523252688868,9.980089409654196,0,1,11.866497039794922,20.276944444444442
22567,2256.699,11823.296118639353,2972.9539808709033,11819.503923168531,2974.7310214438985,1.9952179017114378,10.066325445030332,0,1,11.967308044433594,20.365
22568,2256.799,11825.161038067961,2972.1302166388978,11821.33582829718,2973.8952930104224,1.9953245704879294,10.094009590218958,0,1,11.825833320617676,20.451944444444443
22569,2256.899,11827.032617923074,2971.3064524068927,11823.1711690517,2973.0631298730473,1.9953736159637614,10.168337621404495,0,1,11.883279800415039,20.47
22570,2256.999,11828.91085820478,2970.4826881748877,11825.015302541864,2972.235963580181,1.9945423121492327,9.855058297680053,0,1,11.827828407287598,20.52
22571,2257.099,11830.802419339512,2969.658923942882,11826.86812377325,2971.405916373893,1.9944961567831014,9.912575468378122,0,1,11.936389923095703,20.625
22572,2257.199,11832.700640900777,2968.8462916600865,11828.730940882835,2970.578018179885,1.99438512458674,9.964925721685436,0,1,11.890115737915039,20.67611111111111
22573,2257.299,11834.605522888578,2968.033659377291,11830.626647814885,2969.741396081413,1.9942100113511076,10.202781982709967,0,1,12.613215446472168,20.75611111111111
22574,2257.4,11836.517065302913,2967.2098951460766,11832.59481539627,2968.875907311751,1.9939885282614567,10.508631604781254,0,1,13.429620742797852,20.835
22575,2257.499,11838.441928570302,2966.4083948124903,11834.571770418444,2968.014580874333,1.9936703426924443,10.619438769509292,0,1,13.586967468261719,20.906944444444445
22576,2257.6,11840.373452264213,2965.5957625296946,11836.574477851444,2967.168578606693,1.9892782751083598,10.250195099271606,0,1,13.51078987121582,20.941111111111113
22577,2257.699,11842.311636384671,2964.7719982976896,11838.558820812674,2966.3132230016013,1.9889788409856182,10.433270071406364,0,1,14.124189376831055,21.14388888888889
22578,2257.799,11844.263141358198,2963.9482340656846,11840.564787987836,2965.451777620041,1.98864349178054,10.476976548568864,0,1,13.93017292022705,21.163888888888888
22579,2257.899,11846.221306758232,2963.12446983447,11842.546574276066,2964.6044519744723,1.9882707150564018,10.498749831632876,0,1,13.686985969543457,21.243055555555554
22580,2257.999,11848.179472158266,2962.3118375508834,11844.51574693495,2963.767523184625,1.9878433304182932,10.580530830424872,0,1,13.691460609436035,21.30611111111111
22581,2258.099,11850.14429798485,2961.476941369669,11846.489218584278,2962.9293209098846,1.9874060624145489,10.693193717156014,0,1,13.810922622680664,21.326944444444443
22582,2258.199,11852.115784237953,2960.653177138455,11848.470517587615,2962.1109221685733,1.9833416746787167,10.288442859968061,0,1,13.699075698852539,21.385
22583,2258.299,11854.100591344124,2959.8294129064498,11849.718828178571,2961.564468188236,1.9833416746787167,12.05113707239102,1,0,13.5543794631958,21.53611111111111
22584,2258.399,11856.092058876802,2959.016780623654,11850.962756210538,2961.020049728144,1.9833416746787167,13.927051689037198,1,0,13.602560043334961,21.553055555555556
22585,2258.499,11858.110168115647,2958.1818844424392,11852.202656738165,2960.4773939485713,1.9833416746787167,15.788847407912607,1,0,13.466452598571777,21.768055555555552
22586,2258.599,11860.121616927929,2957.358120210434,11853.44153765606,2959.935184412147,1.9833416746787167,17.752922013498306,1,0,13.580300331115723,21.77194444444444
22587,2258.699,11862.139726166744,2956.534355978429,11854.688573617168,2959.3894057334937,1.9833416746787167,19.745389286533467,1,0,13.644490242004395,21.82111111111111
22588,2258.799,11864.164495832094,2955.6994597980056,11855.934250506334,2958.844221867269,1.9833416746787167,21.7306535052674,1,0,13.550629615783691,21.946944444444444
22589,2258.899,11866.18926549746,2954.875695566,11857.17842888676,2958.299693839485,1.9833416746787167,23.804574585118573,1,0,13.611775398254395,21.913888888888888
22590,2258.999,11868.234016442399,2954.0407993847857,11858.417668137998,2957.7573274746255,1.9833416746787167,25.845339823012107,1,0,13.442800521850586,22.081111111111113
22591,2259.099,11870.278767387337,2953.205903204362,11859.654725369357,2957.215916094195,1.9833416746787167,28.026131077204596,1,0,13.564138412475586,22.156944444444445
22592,2259.199,11872.336839185347,2952.3932709215665,11860.888643874907,2956.675878410818,1.9833416746787167,30.144059556662306,1,0,13.374277114868164,22.151944444444442
22593,2259.299,11874.40823183641,2951.580638638771,11862.098353540172,2956.146435986338,1.9833416746787167,32.24133518600379,1,0,13.03562068939209,22.3
22594,2259.399,11876.49294534053,2950.7791383043937,11863.28805293293,2955.625751272485,1.9833416746787167,34.45894050711742,1,0,12.937420845031738,22.353888888888886
22595,2259.499,11878.570998418125,2949.9776379708073,11864.470070808435,2955.1084284571402,1.9833416746787167,36.72910921073134,1,0,12.867920875549316,22.333055555555557
22596,2259.599,11880.662372348792,2949.1872695864304,11865.642502185707,2954.5953012756836,1.9833416746787167,39.01384063840532,1,0,12.728132247924805,22.37611111111111
22597,2259.699,11882.740425426393,2948.4191650996813,11866.7784772182,2954.0981296049754,1.9833416746787167,41.12280289718751,1,0,12.072020530700684,22.22388888888889
22598,2259.799,11884.838459783594,2947.651060613723,11867.871833865347,2953.619610328237,1.9833416746787167,43.39328315734073,1,0,11.797704696655273,22.386111111111113
22599,2259.899,11886.936494140766,2946.9052200253927,11868.9468153898,2953.149133121252,1.9833416746787167,45.75007836556458,1,0,11.670862197875977,22.303055555555556
22600,2259.999,11889.027868071433,2946.1927752839,11870.00340916711,2952.6867035092455,1.9833416746787167,48.07847318999638,1,0,11.396270751953125,22.208055555555553
22601,2260.099,11891.125902428605,2945.4803305431983,11871.042976322335,2952.2317257812206,1.9833416746787167,50.50577394783548,1,0,11.29914379119873,22.191111111111113
22602,2260.2,11893.223936785793,2944.790149700124,11872.080120689374,2951.7778084124607,1.9833416746787167,52.95918087033162,1,0,11.119194030761719,22.183055555555555
22603,2260.299,11895.32863156956,2944.09996885705,11873.089050058468,2951.336239640515,1.9833416746787167,55.47243223172308,1,0,11.129838943481445,22.181944444444444
22604,2260.4,11897.43332635325,2943.4320519123944,11874.114888444847,2950.8872704555915,1.9833416746787167,58.0447370679169,1,0,11.04411506652832,22.10194444444444
22605,2260.499,11899.531360710438,2942.7975308145765,11875.122894676813,2950.4461057045223,1.9833416746787167,60.705430953415714,1,0,11.184560775756836,22.013055555555557
22606,2260.599,11901.62273464109,2942.174141666759,11876.142188586624,2950.000000780041,1.9833416746787167,63.33423948881072,1,0,11.068256378173828,21.881111111111107
22607,2260.699,11903.714108571743,2941.584148364988,11877.134016592534,2949.565916603322,1.9833416746787167,65.81735095140806,1,0,10.584936141967773,21.82888888888889
22608,2260.799,11905.792161649355,2941.0164189624265,11878.093172311495,2949.1461318038105,1.9833416746787167,68.42098042077663,1,0,10.354968070983887,21.605
22609,2260.899,11907.8568938739,2940.4932173551206,11879.054514506028,2948.7253900697883,1.9833416746787167,71.2980850856014,1,0,10.632670402526855,21.394999999999996
22610,2260.999,11909.90164481884,2939.9811476978152,11880.029167192211,2948.298822856171,1.9833416746787167,74.12211964847764,1,0,10.645557403564453,21.133888888888887
22611,2261.099,11911.919754057655,2939.5136058365565,11881.025502300396,2947.862766097746,1.9833416746787167,77.2433395895969,1,0,11.106032371520996,20.846944444444443
22612,2261.199,11913.924542443401,2939.0683278729257,11882.050968603697,2947.413959758976,1.9833416746787167,80.32612607178157,1,0,11.281538009643555,20.568055555555556
22613,2261.3,11915.889368269984,2938.6675777069236,11883.110672429224,2946.9501690009724,1.9833416746787167,83.62807966514778,1,0,11.624432563781738,20.206944444444446
22614,2261.399,11917.834212816962,2938.3002233869674,11884.165054992724,2946.488707150433,1.9833416746787167,86.76850278582255,1,0,11.62693977355957,19.91111111111111
22615,2261.499,11919.752415657835,2937.96626491464,11885.226754463292,2946.024042976949,1.9833416746787167,89.96011505093219,1,0,11.551658630371094,19.556944444444444
22616,2261.6,11921.643976792564,2937.643438390731,11886.310303140528,2945.549816263557,1.9833416746787167,93.49630431776755,1,0,11.869729042053223,19.258888888888887
22617,2261.699,11923.502235794651,2937.3651396644505,11887.382004363652,2945.080774715672,1.9833416746787167,96.79940926874204,1,0,11.763556480407715,18.858055555555556
22618,2261.799,11925.3338530906,2937.120236785007,11888.464237912065,2944.6071235825307,1.9833416746787167,100.33455588825878,1,0,11.863333702087402,18.576944444444443
22619,2261.899,11927.125507827386,2936.8864658539824,11889.559002949496,2944.1279879086615,1.9833416746787167,104.01273121102552,1,0,12.037138938903809,18.185000000000002
22620,2261.999,11928.890520858035,2936.6860907705855,11890.656239626474,2943.647770495205,1.9833416746787167,107.58590147120053,1,0,11.917293548583984,17.801111111111112
22621,2262.099,11930.628892182556,2936.5191115340263,11891.746362624213,2943.170666459852,1.9833416746787167,111.27546294030734,1,0,11.8818359375,17.55111111111111
22622,2262.199,11932.34728222749,2936.3632642466764,11892.841126569563,2942.6915312639435,1.9833416746787167,115.16571635506175,1,0,12.0186128616333,17.27611111111111
22623,2262.299,11934.032370139765,2936.240812806955,11893.956161314069,2942.2035243351233,1.9833416746787167,119.29893935558665,1,0,12.324379920959473,16.97611111111111
22624,2262.399,11935.697476772468,2936.1294933164427,11895.091437546296,2941.7066585018547,1.9833416746787167,123.44921038128167,1,0,12.460516929626465,16.738055555555555
22625,2262.499,11937.32928127251,2936.040437723558,11896.23916174525,2941.2043446822863,1.9833416746787167,127.71968034746997,1,0,12.596138954162598,16.423055555555557
22626,2262.599,11938.941104492964,2935.9736460298836,11897.387835223984,2940.701615400229,1.9833416746787167,131.90039903682222,1,0,12.481241226196289,16.213055555555556
22627,2262.699,11940.519625580742,2935.929118233046,11898.54464679685,2940.195324393891,1.9833416746787167,136.50295348709733,1,0,12.77380657196045,15.91
22628,2262.799,11942.0715049624,2935.8845904362083,11899.712679144102,2939.684122495158,1.9833416746787167,140.97196087381676,1,0,12.726208686828613,15.576944444444443
22629,2262.899,11943.596742637948,2935.8623265385804,11900.855380385792,2939.1840070267713,1.9833416746787167,145.1187450332226,1,0,12.22078800201416,15.296111111111111
22630,2262.999,11945.075357327782,2935.851194589371,11901.976712719865,2938.693243890256,1.9833416746787167,149.7255188670126,1,0,12.25969123840332,14.908055555555555
22631,2263.099,11946.533990738011,2935.828930691743,11903.108167326716,2938.198050632369,1.9833416746787167,154.57041606073457,1,0,12.441773414611816,14.58388888888889
22632,2263.199,11947.946001162545,2935.8177987417425,11904.248942532118,2937.698778114445,1.9833416746787167,159.41441491705223,1,0,12.463174819946289,14.226944444444444
22633,2263.299,11949.338030307474,2935.8177987417425,11905.395787693893,2937.1968490149366,1.9833416746787167,164.45291020236976,1,0,12.57429027557373,13.95
22634,2263.399,11950.683436466674,2935.8177987417425,11906.549625226646,2936.691859629188,1.9833416746787167,169.56067331755207,1,0,12.615829467773438,13.553055555555554
22635,2263.499,11951.995540493244,2935.8177987417425,11907.71270376715,2936.1828258171704,1.9833416746787167,174.9084028097943,1,0,12.776036262512207,13.14
22636,2263.599,11953.26768196061,2935.8177987417425,11908.890298455832,2935.6674388570336,1.9833416746787167,180.41521152425676,1,0,12.932740211486816,12.811944444444446
22637,2263.699,11954.506521295343,2935.8400626401612,11910.07861239199,2935.1473605031383,1.9833416746787167,186.00459104736157,1,0,13.010054588317871,12.42
22638,2263.799,11955.705398070873,2935.851194589371,11911.265017371994,2934.628117624402,1.9833416746787167,191.52635875359033,1,0,12.891064643859863,12.068888888888889
22639,2263.899,11956.870972713756,2935.87345848779,11912.44518797203,2934.1116032890004,1.9833416746787167,197.23868528576534,1,0,12.873948097229004,11.698055555555555
22640,2263.999,11957.99658479746,2935.8957223854177,11913.624990278948,2933.5952501410375,1.9833416746787167,203.09408027205617,1,0,12.883024215698242,11.35388888888889
22641,2264.099,11959.095555175027,2935.929118233046,11914.813766820276,2933.0749693230223,1.9833416746787167,209.27586944343938,1,0,13.069869995117188,11.016944444444444
22642,2264.199,11960.16122341995,2935.9736460298836,11916.011808569847,2932.5506334871325,1.9833416746787167,215.45531259180976,1,0,13.085298538208008,10.719999999999999
22643,2264.299,11961.200249958747,2936.007041876721,11917.221463805836,2932.02121488421,1.9833416746787167,222.03356602284813,1,0,13.323410987854004,10.456111111111111
22644,2264.4,11962.199313938354,2936.0515696727675,11918.451288061295,2931.4829690933484,1.9833416746787167,228.5417439344369,1,0,13.259788513183594,10.04
22645,2264.5,11963.165075785331,2936.096097468814,11919.663377718738,2930.9524850397365,1.9833416746787167,235.10150191787494,1,0,13.202068328857422,9.768055555555556
22646,2264.6,11964.110856352689,2936.140625265652,11920.875224628599,2930.4221072272103,1.9833416746787167,241.91217841215786,1,0,13.254488945007324,9.48388888888889
22647,2264.7,11965.016674360884,2936.185153060908,11922.090255651116,2929.8903358535904,1.9833416746787167,248.83922968597616,1,0,13.27158260345459,9.103055555555555
22648,2264.799,11965.889190236407,2936.240812806955,11923.295575977925,2929.3628144702175,1.9833416746787167,255.8674789541295,1,0,13.308287620544434,8.805
22649,2264.899,11966.728403979285,2936.274208654583,11924.535553912196,2928.8201248127966,1.9833416746787167,263.67997665449286,1,0,13.762414932250977,8.47111111111111
22650,2264.999,11967.547636442572,2936.329868399839,11925.784182781455,2928.2736489807867,1.9833416746787167,270.8835197768887,1,0,13.497151374816895,8.228055555555555
22651,2265.099,11968.326906346667,2936.3743961950945,11927.018883959036,2927.733268752592,1.9833416746787167,278.4268826682955,1,0,13.458351135253906,7.87611111111111
22652,2265.199,11969.092855397708,2936.4189239927236,11928.22737119343,2927.204361338109,1.9833416746787167,285.4379375856971,1,0,12.924859046936035,7.680000000000001
22653,2265.3,11969.83216274261,2936.4745837379796,11929.415737745141,2926.684259956452,1.9833416746787167,292.92457853825465,1,0,12.762213706970215,7.453055555555555
22654,2265.399,11970.558149234474,2936.5191115340263,11930.567233200989,2926.180295605809,1.9833416746787167,300.3593017544588,1,0,12.630703926086426,7.284999999999999
22655,2265.499,11971.270814873267,2936.5525073816543,11931.694255796998,2925.6870420650566,1.9833416746787167,307.25479234869715,1,0,11.974002838134766,7.153888888888889
22656,2265.601,11971.970159658977,2936.585903228492,11932.788655566812,2925.208066254482,1.9833416746787167,314.29786820382344,1,0,11.4500150680542,7.0311111111111115
22657,2265.699,11972.656183591676,2936.6304310245387,11933.811588956132,2924.760368472714,1.9833416746787167,321.42180226810126,1,0,11.338018417358398,6.91
22658,2265.799,11973.335547097797,2936.6526949229574,11934.83569317335,2924.312158265545,1.9833416746787167,328.4961797059937,1,0,11.019815444946289,6.784999999999999
22659,2265.899,11973.994929324313,2936.674958821376,11935.84215199585,2923.8716707548447,1.9833416746787167,335.8318656636376,1,0,10.952791213989258,6.611111111111111
22660,2265.999,11974.62100941823,2936.6860907705855,11936.833451172854,2923.4378180257754,1.9833416746787167,342.9912191345849,1,0,10.68885612487793,6.323055555555555
22661,2266.099,11975.240429085596,2936.674958821376,11937.815032321487,2923.008218496171,1.9833416746787167,350.5155025270551,1,0,10.740631103515625,6.186944444444445
22662,2266.199,11975.83986747336,2936.6860907705855,11938.788903165627,2922.5819934641186,1.9833416746787167,357.8272744285418,1,0,10.520527839660645,6.045
22663,2266.299,11976.43930586114,2936.6526949229574,11939.735142197049,2922.1678617916036,1.9833416746787167,364.915444557288,1,0,10.137384414672852,5.958055555555556
22664,2266.4,11977.032083822338,2936.61929907612,11940.661150523512,2921.7625843043447,1.9833416746787167,372.12090575616236,1,0,9.878698348999023,5.966944444444445
22665,2266.499,11977.611540930542,2936.585903228492,11941.551891182056,2921.372742090644,1.9833416746787167,379.2995093292446,1,0,9.764022827148438,5.823888888888889
22666,2266.599,11978.204318891785,2936.5302434840264,11942.43647459907,2920.985594659814,1.9833416746787167,386.4544468135629,1,0,9.54784870147705,5.8869444444444445
22667,2266.699,11978.76379472037,2936.4634517887703,11943.289019834567,2920.6124690831402,1.9833416746787167,393.2438034413848,1,0,9.06457805633545,5.703055555555555
22668,2266.799,11979.329930975491,2936.3743961950945,11944.105937395732,2920.2549363406965,1.9833416746787167,400.05990947656665,1,0,8.770039558410645,5.675
22669,2266.899,11979.88940680406,2936.240812806955,11944.90670549361,2919.9044715842683,1.9833416746787167,407.05632479209794,1,0,8.71200942993164,5.6930555555555555
22670,2266.999,11980.415580500001,2936.140625265652,11945.71269159427,2919.5517231128924,1.9833416746787167,414.37258651156037,1,0,8.883956909179688,5.498888888888889
22671,2267.099,11980.948414622466,2935.9625140798835,11946.540819052705,2919.18928423854,1.9833416746787167,422.0610941891843,1,0,9.195390701293945,5.534999999999999
22672,2267.199,11981.454607038802,2935.795534844115,11947.380517537478,2918.821781180265,1.9833416746787167,429.571331491658,1,0,9.136570930480957,5.393055555555555
22673,2267.299,11981.967459881658,2935.584027811509,11948.227517408235,2918.451082592014,1.9833416746787167,437.4907223439311,1,0,9.354791641235352,5.476111111111111
22674,2267.399,11982.466991871475,2935.372520778903,11949.101342393924,2918.0686437041736,1.9833416746787167,445.85896591213236,1,0,9.722206115722656,5.396111111111111
22675,2267.499,11982.966523861282,2935.138749847878,11950.00616655604,2917.67263769391,1.9833416746787167,454.5131956993818,1,0,10.031553268432617,5.51
22676,2267.599,11983.472716277602,2934.8715830700157,11950.937050284887,2917.2652264344483,1.9833416746787167,463.4298437239569,1,0,10.291128158569336,5.63111111111111
22677,2267.699,11983.965587840887,2934.604416292154,11951.879733022728,2916.852651212006,1.9833416746787167,472.263426807231,1,0,10.289144515991211,5.628888888888889
22678,2267.799,11984.465119830704,2934.2815897698265,11952.829595925654,2916.436933513216,1.9833416746787167,481.4527555707069,1,0,10.447882652282715,5.851944444444444
22679,2267.899,11984.971312247028,2933.9587632459175,11953.784515727695,2916.019002608228,1.9833416746787167,490.56469399088814,1,0,10.399544715881348,6.016111111111111
22680,2267.999,11985.490825516446,2933.6025408751707,11954.73634061819,2915.6024262245114,1.9833416746787167,499.80584222217055,1,0,10.380315780639648,6.22
22681,2268.099,11986.003678359304,2933.2240546067965,11955.685354450623,2915.18708013054,1.9833416746787167,509.11801442678114,1,0,10.338174819946289,6.368055555555555
22682,2268.2,11986.50987077563,2932.8233044400035,11956.645070575332,2914.767050063436,1.9833416746787167,518.7888093545614,1,0,10.406517028808594,6.449999999999999
22683,2268.3,11987.002742338926,2932.355762578745,11957.599116844283,2914.349501469585,1.9833416746787167,528.455720687336,1,0,10.421839714050293,6.654999999999999
22684,2268.399,11987.508934755264,2931.888220717486,11958.546368881853,2913.9349264440525,1.9833416746787167,538.2094838938116,1,0,10.467077255249023,6.853888888888888
22685,2268.499,11988.00846674505,2931.4206788554366,11959.50476411986,2913.5154744771967,1.9833416746787167,548.136280371394,1,0,10.45622444152832,6.901111111111112
22686,2268.6,11988.52798001446,2930.908609198131,11960.466837401791,2913.0944127749235,1.9833416746787167,558.110103180225,1,0,10.339418411254883,7.208055555555556
22687,2268.699,11989.034172430796,2930.3854075916165,11961.399786695456,2912.6860974988394,1.9833416746787167,567.9284714831914,1,0,10.234092712402344,7.266944444444444
22688,2268.799,11989.560346126738,2929.87333793352,11962.344446884721,2912.2726568235485,1.9833416746787167,578.3184309848557,1,0,10.389350891113281,7.3069444444444445
22689,2268.9,11990.166444941036,2929.4280599706804,11963.325419161958,2911.8433237730487,1.9833416746787167,589.5440093748979,1,0,10.814802169799805,7.619999999999999
22690,2268.999,11990.692618636964,2928.8825944657465,11964.315419289927,2911.4100395867376,1.9833416746787167,600.6831796567161,1,0,11.016800880432129,7.4911111111111115
22691,2269.1,11991.192150626766,2928.292601164766,11965.34075761978,2910.9612892569216,1.9833416746787167,612.2506269610057,1,0,11.146344184875488,7.643055555555556
22692,2269.2,11991.778268161474,2927.702607862995,11966.372896139834,2910.5095627508463,1.9833416746787167,624.1782508057945,1,0,11.38689136505127,8.218055555555555
22693,2269.299,11992.364385696168,2927.101482613596,11967.398880279165,2910.060529775578,1.9833416746787167,635.6423591467166,1,0,11.238235473632812,8.301944444444445
22694,2269.399,11992.983805363538,2926.4446976173595,11968.434229777047,2909.6073979505773,1.9833416746787167,647.7655207103937,1,0,11.365100860595703,8.75
22695,2269.5,11993.603225030904,2925.8992321124256,11969.505074971374,2909.1387310528867,1.9833416746787167,660.8598088104742,1,0,11.781695365905762,8.541944444444445
22696,2269.599,11994.22930512479,2925.3871624551202,11970.562427479692,2908.675969374108,1.9833416746787167,672.9758439731839,1,0,11.535170555114746,8.36
22697,2269.699,11994.848724792158,2924.8083011017675,11971.654874380365,2908.197848257682,1.9833416746787167,687.2141677903155,1,0,12.314693450927734,8.548055555555557
22698,2269.799,11995.494786165636,2924.2294397507876,11972.785124684871,2907.7031820756474,1.9833416746787167,700.9219170837716,1,0,12.360479354858398,8.766944444444444
22699,2269.899,11996.154168392182,2923.7507659403195,11973.933174236352,2907.200725862052,1.9833416746787167,715.5096550049503,1,0,12.703279495239258,8.48388888888889
22700,2269.999,11996.813550618741,2923.2498282314327,11975.108397713173,2906.6863766882466,1.9833416746787167,730.4681824187397,1,0,12.953729629516602,8.433888888888887
22701,2270.099,11997.486253698327,2922.6487029820337,11976.295691602765,2906.1667447686837,1.9833416746787167,745.3811429455541,1,0,12.966795921325684,8.796944444444444
22702,2270.199,11998.192258910583,2922.069841629472,11977.483675031777,2905.6468110647893,1.9833416746787167,760.5061390011416,1,0,12.968783378601074,9.12
22703,2270.299,11998.878282843269,2921.513244175329,11978.671110891788,2905.1271170103487,1.9833416746787167,775.8219569238189,1,0,12.954841613769531,9.01611111111111
22704,2270.399,11999.590948482064,2920.9232508743485,11979.859671201235,2904.606930828538,1.9833416746787167,791.4693482078175,1,0,12.993331909179688,9.181111111111111
22705,2270.499,12000.270311988199,2920.3332575733684,11981.05440980141,2904.08404065145,1.9833416746787167,807.5237527848793,1,0,13.089723587036133,8.966111111111111
22706,2270.599,12000.98297762699,2919.6876045263407,11982.222119853965,2903.572979808452,1.9833416746787167,822.1063967148084,1,0,12.403255462646484,9.44388888888889
22707,2270.699,12001.695643265786,2919.0530834285228,11983.325818019903,2903.0899344549707,1.9833416746787167,836.129976663082,1,0,11.692241668701172,9.48
22708,2270.799,12002.428290184167,2918.429694279914,11984.378026134258,2902.629424275448,1.9833416746787167,850.2262723050858,1,0,11.279145240783691,9.626111111111111
22709,2270.899,12003.154276676016,2917.8063051320964,11985.396730102351,2902.183577545294,1.9833416746787167,864.2412910136361,1,0,10.960792541503906,9.618055555555555
22710,2270.999,12003.85362146174,2917.2163118303256,11986.398782687105,2901.7450184718555,1.9833416746787167,878.640159871298,1,0,10.915618896484375,9.286111111111111
22711,2271.099,12004.572947527067,2916.5595268348793,11987.403157645893,2901.3054429864846,1.9833416746787167,893.4579698311337,1,0,11.011493682861328,9.586944444444446
22712,2271.199,12005.278952739342,2915.8804779410148,11988.392470110632,2900.87245976337,1.9833416746787167,907.4411504225363,1,0,10.586780548095703,9.69
22713,2271.299,12005.978297525053,2915.2348248947783,11989.36269026178,2900.4478324963056,1.9833416746787167,922.0021915965096,1,0,10.594677925109863,9.57388888888889
22714,2271.399,12006.677642310775,2914.5335121017038,11990.351536277232,2900.01505341973,1.9833416746787167,937.5915786954814,1,0,10.993412971496582,9.738055555555555
22715,2271.499,12007.303722404693,2913.809935412584,11991.372874124305,2899.5680539441596,1.9833416746787167,953.6814057750922,1,0,11.30402660369873,9.58888888888889
22716,2271.599,12007.969765057756,2913.075226772672,11992.379640083438,2899.1274320118137,1.9833416746787167,968.2284321335416,1,0,10.675285339355469,9.761944444444444
22717,2271.699,12008.59584515166,2912.340518133551,11993.341763246348,2898.7063484785945,1.9833416746787167,982.7981392183996,1,0,10.329402923583984,9.708055555555555
22718,2271.799,12009.168641833285,2911.572413647593,11994.27692744898,2898.2970638238176,1.9833416746787167,997.3132347152756,1,0,10.0867280960083,9.523888888888889
22719,2271.899,12009.821363633295,2910.737517465587,11995.215553283684,2897.886264148595,1.9833416746787167,1012.8916082086648,1,0,10.404975891113281,10.158055555555556
22720,2271.999,12010.39416031495,2909.9026212851636,11996.178676093108,2897.4647431093454,1.9833416746787167,1028.8422199858526,1,0,10.621536254882812,10.123888888888889
22721,2272.099,12010.973617423124,2909.0343292571124,11997.13721557307,2897.045228013449,1.9833416746787167,1044.0457019356832,1,0,10.304914474487305,10.288055555555555
22722,2272.199,12011.559734957833,2908.132641381432,11998.078957068845,2896.6330647357036,1.9833416746787167,1059.5876187502247,1,0,10.254809379577637,10.578888888888889
22723,2272.3,12012.112550359885,2907.2198215573335,11999.032055761227,2896.215930858913,1.9833416746787167,1075.7055619238283,1,0,10.346843719482422,10.603055555555555
22724,2272.399,12012.632063629291,2906.2958697840254,11999.971505849997,2895.8047704400474,1.9833416746787167,1091.6365513350027,1,0,10.370023727416992,10.540000000000001
22725,2272.499,12013.151576898685,2905.3496541122986,12000.919899861397,2895.389695617406,1.9833416746787167,1107.7960593812275,1,0,10.334935188293457,10.713055555555556
22726,2272.599,12013.66442974154,2904.3923064913624,12001.87199488885,2894.973001005349,1.9833416746787167,1124.4249571447424,1,0,10.450822830200195,10.77
22727,2272.699,12014.16396173136,2903.423826921217,12002.843270601017,2894.5479117606706,1.9833416746787167,1141.846318019169,1,0,10.753680229187012,10.825
22728,2272.799,12014.643512441571,2902.444215402653,12003.817717015096,2894.1214348242543,1.9833416746787167,1158.5960779639279,1,0,10.520044326782227,10.863888888888889
22729,2272.899,12015.143044431388,2901.4423399848793,12004.774601556748,2893.7026440298796,1.9833416746787167,1175.3844457062842,1,0,10.37027645111084,11.101944444444444
22730,2273.0,12015.602613862,2900.440464567896,12005.744039885076,2893.2783589359674,1.9833416746787167,1193.181271823731,1,0,10.584565162658691,11.073055555555555
22731,2273.101,12016.068843719158,2899.4051933032847,12006.732149814026,2892.8459020155533,1.9833416746787167,1211.4340487980135,1,0,10.773871421813965,11.20111111111111
22732,2273.2,12016.508431870181,2898.369922039465,12007.695460009118,2892.4242989649542,1.9833416746787167,1228.5711138143795,1,0,10.469161987304688,11.238055555555556
22733,2273.299,12016.95468044775,2897.301254928016,12008.653597721515,2892.0049597069465,1.9833416746787167,1246.65859228671,1,0,10.659807205200195,11.508888888888889
22734,2273.399,12017.36762689269,2896.2437197657773,12009.616276010622,2891.5836332167864,1.9833416746787167,1264.1678929248742,1,0,10.357000350952148,11.41
22735,2273.499,12017.760592057968,2895.152788755119,12010.570731897003,2891.165905349469,1.9833416746787167,1282.45065823225,1,0,10.48029899597168,11.53111111111111
22736,2273.599,12018.160217649825,2894.0507257968334,12011.514101072766,2890.7530297000994,1.9833416746787167,1299.8798916166227,1,0,10.114959716796875,11.693055555555555
22737,2273.699,12018.513220255956,2892.9375308885474,12012.439092068005,2890.348197458775,1.9833416746787167,1317.7248495245144,1,0,10.079073905944824,11.671111111111113
22738,2273.799,12018.88620414166,2891.790940133424,12013.383779297175,2889.934744949179,1.9833416746787167,1336.9643000933654,1,0,10.544960021972656,11.92111111111111
22739,2273.899,12019.232546321271,2890.644349378301,12014.352282873013,2889.5108689597314,1.9833416746787167,1356.1036726765672,1,0,10.59902286529541,11.928055555555556
22740,2273.999,12019.558907221275,2889.4977586231776,12015.318700095191,2889.0879060853654,1.9833416746787167,1375.1187946414386,1,0,10.499411582946777,11.978055555555557
22741,2274.099,12019.871947268226,2888.328903969635,12016.285575947366,2888.6647424866565,1.9833416746787167,1394.70966999183,1,0,10.60903549194336,11.99888888888889
22742,2274.199,12020.178326888643,2887.137785418465,12017.236497512818,2888.248561452844,1.9833416746787167,1413.1757048854088,1,0,10.151103973388672,12.169999999999998
22743,2274.299,12020.47138565599,2885.9355349172947,12018.174857622573,2887.8378780749986,1.9833416746787167,1432.734715435777,1,0,10.334798812866211,12.261111111111111
22744,2274.399,12020.737802717227,2884.7444163669156,12019.14563442883,2887.4130071818486,1.9833416746787167,1453.7379816769444,1,0,10.85881233215332,12.27
22745,2274.499,12020.977578072327,2883.508770018117,12020.169769136926,2886.9647836300187,1.9833416746787167,1476.2581257525528,1,0,11.499687194824219,12.411111111111111
22746,2274.599,12021.217353427424,2882.2731236709,12021.233670503241,2886.4991557732174,1.9833416746787167,1498.9866073026046,1,0,11.726982116699219,12.56611111111111
22747,2274.699,12021.45046835602,2881.0040814752642,12022.320199508786,2886.0236246871395,1.9833416746787167,1522.4972106987439,1,0,11.993684768676758,12.788888888888888
22748,2274.799,12021.630299872353,2879.7350392812104,12023.435613074063,2885.5354519633406,1.9833416746787167,1547.0660175065316,1,0,12.35757827758789,12.823055555555554
22749,2274.9,12021.776829256027,2878.454865136365,12024.584116949685,2885.0327969099067,1.9833416746787167,1572.04412184999,1,0,12.46784496307373,12.838888888888889
22750,2274.999,12021.896716933576,2877.163559043101,12025.720785472313,2884.5353217257953,1.9833416746787167,1597.0757732194074,1,0,12.59810733795166,12.953055555555554
22751,2275.099,12022.003283758071,2875.8611210014187,12026.88286821043,2884.026723737384,1.9833416746787167,1623.0385657707411,1,0,12.772018432617188,12.976111111111111
22752,2275.199,12022.083208876444,2874.5586829589456,12028.074873028132,2883.5050300295497,1.9833416746787167,1650.658532950904,1,0,13.251354217529297,13.010000000000002
22753,2275.299,12022.136492288691,2873.245112966472,12029.290959699036,2882.9727966400787,1.9833416746787167,1678.0788268831172,1,0,13.29776382446289,13.126944444444444
22754,2275.399,12022.156473568266,2871.93154297558,12030.541288194521,2882.425576948401,1.9833416746787167,1708.2103259813662,1,0,13.998908042907715,13.161111111111111
22755,2275.499,12022.156473568266,2870.606841035479,12031.823906923624,2881.8642250892585,1.9833416746787167,1737.6419525213541,1,0,14.002711296081543,13.155
22756,2275.599,12022.129831862141,2869.2932710437963,12033.113305417543,2881.2999059932463,1.9833416746787167,1767.955026105834,1,0,14.146921157836914,13.17111111111111
22757,2275.699,12022.083208876444,2867.9685691036952,12034.416575382853,2880.7295158988313,1.9833416746787167,1798.993619312223,1,0,14.305547714233398,13.208888888888888
22758,2275.799,12022.02326503766,2866.6438671628034,12035.733323233864,2880.1532270630178,1.9833416746787167,1830.6629009446697,1,0,14.44116497039795,13.259999999999998
22759,2275.899,12021.943339919304,2865.296901325074,12037.074909094394,2879.566067605636,1.9833416746787167,1864.0529607767644,1,0,14.847801208496094,13.368055555555555
22760,2275.999,12021.850093947849,2863.961067434973,12038.451158715605,2878.9637371811837,1.9833416746787167,1898.5338944568045,1,0,15.197930335998535,13.379999999999999
22761,2276.099,12021.750187549902,2862.614101596453,12039.882288336334,2878.3373879356586,1.9833416746787167,1936.2753453671235,1,0,16.04591941833496,13.453888888888887
22762,2276.199,12021.650281151942,2861.2560038087236,12041.400226755328,2877.6730458874476,1.9833416746787167,1977.3734985776537,1,0,17.09310531616211,13.52388888888889
22763,2276.299,12021.55037475398,2859.8867740725755,12043.014051124635,2876.9667383234896,1.9833416746787167,2021.569055093996,1,0,18.139263153076172,13.596944444444443
22764,2276.399,12021.45046835602,2858.517544335637,12044.62606517447,2876.261223065287,1.9833416746787167,2059.0665378974845,1,0,17.0535831451416,13.651944444444444
22765,2276.499,12021.343901531525,2857.1371826494888,12046.117756407366,2875.6083683799066,1.9833416746787167,2092.948827377494,1,0,15.512423515319824,13.75388888888889
22766,2276.599,12021.230674280494,2855.779084861759,12047.494047221848,2875.006019926777,1.9833416746787167,2126.4155055229303,1,0,14.534207344055176,13.66611111111111
22767,2276.699,12021.11078660296,2854.3764592779835,12048.82713565018,2874.4225794618396,1.9833416746787167,2162.1859728637937,1,0,14.569246292114258,13.89611111111111
22768,2276.8,12020.977578072327,2852.9738336934165,12050.14134433396,2873.8474019198293,1.9833416746787167,2195.7443379343385,1,0,13.837960243225098,13.95611111111111
22769,2276.899,12020.831048688653,2851.5712081096403,12051.384973770235,2873.303114143348,1.9833416746787167,2229.1823870589496,1,0,13.58670711517334,14.010000000000002
22770,2276.999,12020.66453802539,2850.157450576655,12052.616332308793,2872.7641968570133,1.9833416746787167,2262.5822636375387,1,0,13.295820236206055,14.098055555555556
22771,2277.099,12020.484706509058,2848.7436930436693,12053.824190854475,2872.235564594896,1.9833416746787167,2295.9016657584075,1,0,13.073664665222168,14.131944444444445
22772,2277.199,12020.291554139658,2847.3188035614744,12055.04791474786,2871.6999886929993,1.9833416746787167,2332.120662602435,1,0,13.642186164855957,14.238055555555555
22773,2277.299,12020.085080917217,2845.8939140792795,12056.296590532884,2871.1534923278014,1.9833416746787167,2367.791670696941,1,0,13.618404388427734,14.295
22774,2277.399,12019.865286841692,2844.446760698666,12057.521599673591,2870.6173539236133,1.9833416746787167,2401.9050878938297,1,0,13.125505447387695,14.431944444444444
22775,2277.499,12019.638832339646,2843.0107392680525,12058.701595628167,2870.1009160236736,1.9833416746787167,2435.1674897374537,1,0,12.63569450378418,14.51388888888889
22776,2277.599,12019.405717411068,2841.563585886648,12059.845937480075,2869.6000825246083,1.9833416746787167,2468.3059354936286,1,0,12.347119331359863,14.596944444444444
22777,2277.699,12019.15928162943,2840.1053005584067,12060.949274953771,2869.11719503196,1.9833416746787167,2499.8219910603057,1,0,11.740503311157227,14.67388888888889
22778,2277.799,12018.90618542128,2838.635883280165,12062.001957642491,2868.6564771498715,1.9833416746787167,2530.4902351446394,1,0,11.241244316101074,14.78
22779,2277.899,12018.653089213094,2837.155334052714,12063.038957011426,2868.202623241089,1.9833416746787167,2562.5346048842503,1,0,11.398111343383789,14.9
22780,2277.999,12018.38667215187,2835.6859167736816,12064.078164260703,2867.747803029767,1.9833416746787167,2594.2836186894483,1,0,11.289445877075195,14.913888888888888
22781,2278.099,12018.120255090635,2834.1942355970214,12065.113493664316,2867.2946799992396,1.9833416746787167,2626.5024564294577,1,0,11.313451766967773,15.036111111111111
22782,2278.199,12017.86049845593,2832.7025544203607,12066.145155818995,2866.8431619795856,1.9833416746787167,2658.575963449087,1,0,11.209383964538574,15.036944444444444
22783,2278.299,12017.60074182124,2831.199741294491,12067.169425115053,2866.3948795238894,1.9833416746787167,2690.8060885380746,1,0,11.152053833007812,15.213888888888889
22784,2278.4,12017.340985186538,2829.6746642709936,12068.189985377012,2865.9482203667926,1.9833416746787167,2722.767551068558,1,0,10.907811164855957,15.33
22785,2278.499,12017.0745681253,2828.160719196705,12069.17501407468,2865.517111980334,1.9833416746787167,2754.2234587793528,1,0,10.81416130065918,15.305
22786,2278.599,12016.808151064077,2826.646774120835,12070.168804330262,2865.082169003976,1.9833416746787167,2786.594651208932,1,0,10.88187026977539,15.36111111111111
22787,2278.699,12016.548394429388,2825.121697097337,12071.166169444785,2864.645661452217,1.9833416746787167,2819.196167944099,1,0,10.892206192016602,15.45111111111111
22788,2278.799,12016.28197736815,2823.5743561754207,12072.160457252092,2864.210500717004,1.9833416746787167,2851.7505161656272,1,0,10.814687728881836,15.62111111111111
22789,2278.899,12016.01556030691,2822.0158833042947,12073.154561939395,2863.7754201262273,1.9833416746787167,2884.912019063225,1,0,10.888208389282227,15.71888888888889
22790,2278.999,12015.735822392619,2820.457410433169,12074.155501170248,2863.337348324079,1.9833416746787167,2918.5569093287,1,0,10.963896751403809,15.725
22791,2279.099,12015.456084478328,2818.898937562043,12075.163065571041,2862.896376945166,1.9833416746787167,2952.6634883369284,1,0,11.032846450805664,15.758888888888889
22792,2279.199,12015.163025710965,2817.3293327417077,12076.162569895903,2862.458933145032,1.9833416746787167,2986.017052284799,1,0,10.787932395935059,15.895
22793,2279.299,12014.883287796687,2815.748595972163,12077.165314335294,2862.0200712739834,1.9833416746787167,3021.0981102702376,1,0,11.103583335876465,15.948888888888888
22794,2279.399,12014.610210308929,2814.167859203409,12078.17635513308,2861.577578412599,1.9833416746787167,3055.6221847330576,1,0,10.96905517578125,15.951944444444443
22795,2279.499,12014.350453674211,2812.5648585354456,12079.189155665186,2861.1343153845946,1.9833416746787167,3091.236291280178,1,0,11.142001152038574,16.121944444444445
22796,2279.6,12014.104017892592,2810.9729898174824,12080.226286972698,2860.680403731477,1.9833416746787167,3127.8695190513567,1,0,11.276054382324219,16.085
22797,2279.699,12013.844261257873,2809.3811210987283,12081.24086211282,2860.2363640272188,1.9833416746787167,3163.202594350932,1,0,11.097479820251465,16.11
22798,2279.799,12013.577844196649,2807.7781204315556,12082.25651454679,2859.79185283374,1.9833416746787167,3199.2665378841366,1,0,11.075838088989258,16.10611111111111
22799,2279.899,12013.331408415015,2806.163987815173,12083.287718464626,2859.340535366361,1.9833416746787167,3237.1250644775346,1,0,11.436993598937988,16.265
22800,2279.999,12013.071651780312,2804.5609871480005,12084.367932713103,2858.8677680015194,1.9833416746787167,3277.9623231976516,1,0,12.145812034606934,16.26388888888889
22801,2280.099,12012.818555572143,2802.935722582409,12085.500932438676,2858.3718985058326,1.9833416746787167,3320.317664941565,1,0,12.589385032653809,16.313055555555554
22802,2280.199,12012.558798937454,2801.321589966027,12086.661150428039,2857.8641166447374,1.9833416746787167,3363.1682988732773,1,0,12.740030288696289,16.32388888888889
22803,2280.299,12012.305702729285,2799.696325400436,12087.834616354701,2857.3505366816307,1.9833416746787167,3406.8341906554588,1,0,12.878608703613281,16.35388888888889
22804,2280.399,12012.059266947637,2798.059928885635,12089.025463829512,2856.82934949734,1.9833416746787167,3451.825132630718,1,0,13.119497299194336,16.471111111111114
22805,2280.499,12011.819491592521,2796.434664320044,12090.205121064499,2856.3130598416656,1.9833416746787167,3494.614304651384,1,0,12.634307861328125,16.441111111111113
22806,2280.599,12011.579716237424,2794.7871358560333,12091.411506612434,2855.7850722528287,1.9833416746787167,3543.5357229843353,1,0,13.703019142150879,16.531111111111112
22807,2280.699,12011.339940882324,2793.150739341232,12092.691485740059,2855.2248756436165,1.9833416746787167,3594.0622814265266,1,0,14.240973472595215,16.446944444444444
22808,2280.799,12011.10016552721,2791.5143428264314,12094.004276241963,2854.6503187841327,1.9833416746787167,3645.1126366348726,1,0,14.419343948364258,16.53388888888889
22809,2280.899,12010.86705059863,2789.855682414003,12095.329099807492,2854.0704955251467,1.9833416746787167,3696.79018174246,1,0,14.503674507141113,16.610000000000003
22810,2280.999,12010.633935670063,2788.1970220007834,12096.649791160035,2853.4924807735442,1.9833416746787167,3747.9176686661795,1,0,14.329131126403809,16.64388888888889
22811,2281.1,12010.407481168018,2786.5494935375636,12097.936280149659,2852.929435053327,1.9833416746787167,3796.006972470451,1,0,13.478901863098145,16.586944444444445
22812,2281.2,12010.174366239438,2784.890833125135,12099.157632263308,2852.3948971862987,1.9833416746787167,3843.9057259757997,1,0,13.185169219970703,16.675
22813,2281.299,12009.934590884342,2783.221040762706,12100.345568023024,2851.8749843453843,1.9833416746787167,3891.29734793071,1,0,13.011334419250488,16.74111111111111
22814,2281.4,12009.674834249636,2781.551248401068,12101.582250959187,2851.3337367792656,1.9833416746787167,3943.907554471954,1,0,13.720118522644043,16.791944444444443
22815,2281.499,12009.401756761878,2779.892587987848,12102.844295956138,2850.7813892349136,1.9833416746787167,3996.9661113749953,1,0,14.110651016235352,16.77611111111111
22816,2281.599,12009.108697994518,2778.22279562621,12104.14638647486,2850.2115153379627,1.9833416746787167,4051.513121432943,1,0,14.316068649291992,16.86888888888889
22817,2281.7,12008.80897880062,2776.5530032637807,12105.49901449176,2849.619523162279,1.9833416746787167,4110.088696410051,1,0,14.921588897705078,16.906944444444445
22818,2281.799,12008.48927832715,2774.8832109021428,12106.853657416255,2849.0266491406505,1.9833416746787167,4167.187273408799,1,0,14.95116138458252,16.851944444444445
22819,2281.899,12008.142936147557,2773.2245504897137,12108.234313712044,2848.4223900877523,1.9833416746787167,4226.709293372872,1,0,15.190774917602539,16.921944444444442
22820,2281.999,12007.79659396796,2771.5658900764943,12109.636657016565,2847.808639482614,1.9833416746787167,4287.6998476580075,1,0,15.424623489379883,16.89888888888889
22821,2282.099,12007.44359136183,2769.8849657648557,12111.071404087364,2847.180707021222,1.9833416746787167,4351.60825804158,1,0,15.898200988769531,17.023055555555555
22822,2282.199,12007.083928329168,2768.2151734040085,12112.53841216771,2846.538655182594,1.9833416746787167,4416.58807870501,1,0,16.12893295288086,17.036944444444444
22823,2282.299,12006.730925723037,2766.5453810415793,12114.014777540506,2845.8925080244503,1.9833416746787167,4481.58449561713,1,0,16.10248565673828,17.016111111111112
22824,2282.399,12006.384583543428,2764.87558867915,12115.497046786122,2845.2437769729727,1.9833416746787167,4548.233987210617,1,0,16.257823944091797,17.046111111111113
22825,2282.499,12006.018260084244,2763.2057963183033,12117.022534973818,2844.5761306874224,1.9833416746787167,4620.145356233881,1,0,17.046024322509766,17.111944444444443
22826,2282.599,12005.65859705158,2761.5248720074555,12118.547238523752,2843.9088278070135,1.9833416746787167,4685.995639714305,1,0,16.240694046020508,17.119999999999997
22827,2282.699,12005.292273592397,2759.843947696608,12120.047724540436,2843.2521239900716,1.9833416746787167,4756.020134186276,1,0,16.517316818237305,17.183055555555555
22828,2282.799,12004.93261055973,2758.1630233849696,12121.519249202309,2842.608095421041,1.9833416746787167,4820.51505842268,1,0,15.608421325683594,17.141944444444444
22829,2282.899,12004.606249659728,2756.4709671249125,12122.948875028624,2841.982404327289,1.9833416746787167,4887.4587085118455,1,0,15.602598190307617,17.135
22830,2282.999,12004.293209612775,2754.7789108648553,12124.393767000092,2841.3500318411866,1.9833416746787167,4957.142515745379,1,0,15.941705703735352,17.21388888888889
22831,2283.1,12003.980169565824,2753.07572265638,12125.857829706123,2840.7092690772542,1.9833416746787167,5026.032813372136,1,0,15.704662322998047,17.246944444444445
22832,2283.2,12003.660469092338,2751.383666395532,12127.288770265925,2840.0830025762743,1.9833416746787167,5094.28326206269,1,0,15.535059928894043,17.201944444444443
22833,2283.299,12003.340768618882,2749.680478187057,12128.694545801538,2839.467749818344,1.9833416746787167,5162.357885193218,1,0,15.465272903442383,17.186944444444446
22834,2283.399,12003.047709851535,2747.9772899777904,12130.102723828362,2838.8514455843383,1.9833416746787167,5230.706869780492,1,0,15.277506828308105,17.23888888888889
22835,2283.499,12002.767971937243,2746.2852337177333,12131.505374269513,2838.237560557556,1.9833416746787167,5300.432148805818,1,0,15.344596862792969,17.196944444444444
22836,2283.599,12002.49489444947,2744.5931774576766,12132.88664243599,2837.6330337128807,1.9833416746787167,5367.330374786941,1,0,14.810697555541992,17.103055555555557
22837,2283.699,12002.208496108642,2742.9011211976194,12134.22579134144,2837.046940815057,1.9833416746787167,5433.374456667353,1,0,14.425065994262695,17.12388888888889
22838,2283.799,12001.92209776783,2741.1868010391436,12135.539753164863,2836.4718713141333,1.9833416746787167,5499.594421979786,1,0,14.260823249816895,17.281944444444445
22839,2283.899,12001.622378573935,2739.494744779087,12136.825991615566,2835.9089352449655,1.9833416746787167,5563.940542695552,1,0,13.819820404052734,17.185000000000002
22840,2283.999,12001.329319806588,2737.79155656982,12138.084985898331,2835.3579228784347,1.9833416746787167,5628.517093415334,1,0,13.66603946685791,17.16111111111111
22841,2284.099,12001.02960061269,2736.088368360554,12139.317244573063,2834.8186116378383,1.9833416746787167,5691.244823539158,1,0,13.236139297485352,17.211944444444445
22842,2284.199,12000.736541845345,2734.3851801512874,12140.512511128481,2834.295490395469,1.9833416746787167,5752.778666433039,1,0,12.858442306518555,17.29388888888889
22843,2284.299,12000.443483077981,2732.6708599936023,12141.68894008709,2833.780613629616,1.9833416746787167,5815.007520313267,1,0,12.824884414672852,17.24388888888889
22844,2284.399,12000.143763884114,2730.9788037335456,12142.859775804163,2833.2681848059783,1.9833416746787167,5877.200421366799,1,0,12.736332893371582,17.16
22845,2284.499,11999.850705116753,2729.2867474734885,12144.018725975804,2832.7609578189226,1.9833416746787167,5938.9300231988545,1,0,12.565403938293457,17.21
22846,2284.599,11999.55098592287,2727.572427315804,12145.153884044963,2832.2641437009906,1.9833416746787167,5999.243341718884,1,0,12.216913223266602,17.26888888888889
22847,2284.7,11999.251266728988,2725.8692391057466,12146.280187422735,2831.771204933822,1.9833416746787167,6060.4079725077245,1,0,12.128636360168457,17.241111111111113
22848,2284.799,11998.944887108573,2724.1660508964796,12147.38470338986,2831.2878016608697,1.9833416746787167,6121.412597308737,1,0,12.228283882141113,17.21388888888889
22849,2284.899,11998.645167914688,2722.451730738795,12148.50858935686,2830.795920899484,1.9833416746787167,6183.82160790226,1,0,12.307945251464844,17.32111111111111
22850,2284.999,11998.338788294273,2720.759674478738,12149.627986131703,2830.306004881248,1.9833416746787167,6245.528932081118,1,0,12.130277633666992,17.231944444444444
22851,2285.1,11998.025748247323,2719.056486269472,12150.732255476545,2829.822709545186,1.9833416746787167,6306.140143132765,1,0,11.738996505737305,17.25
22852,2285.199,11997.71936862692,2717.3532980602054,12151.777096938276,2829.365423460286,1.9833416746787167,6363.734903920201,1,0,11.301974296569824,17.268055555555556
22853,2285.299,11997.406328579957,2715.661241800148,12152.801449057695,2828.9171047560562,1.9833416746787167,6421.227771930249,1,0,11.061271667480469,17.238055555555555
22854,2285.399,11997.086628106485,2713.9691855400915,12153.816524567548,2828.472846059612,1.9833416746787167,6479.4261711067875,1,0,11.099451065063477,17.169999999999998
22855,2285.499,11996.773588059576,2712.265997330825,12154.839994854063,2828.0249132990216,1.9833416746787167,6538.781328894402,1,0,11.244543075561523,17.253055555555555
22856,2285.599,11996.460548012596,2710.5628091215585,12155.878417815042,2827.5704363398945,1.9833416746787167,6599.46012327452,1,0,11.425891876220703,17.281111111111112
22857,2285.699,11996.14750796566,2708.8596209130833,12156.945061569417,2827.103608247512,1.9833416746787167,6662.967065350557,1,0,11.860648155212402,17.291944444444447
22858,2285.801,11995.83446791871,2707.1453007546074,12158.050857026416,2826.619644992078,1.9833416746787167,6727.517242651693,1,0,11.80727767944336,17.31888888888889
22859,2285.9,11995.521427871758,2705.442112545341,12159.126810579113,2826.1487423664944,1.9833416746787167,6791.272372317235,1,0,11.919780731201172,17.318055555555556
22860,2285.999,11995.208387824821,2703.7389243368657,12160.212642382321,2825.673516418505,1.9833416746787167,6855.980648286164,1,0,12.025114059448242,17.261944444444445
22861,2286.099,11994.895347777872,2702.035736126808,12161.312965190526,2825.191948326579,1.9833416746787167,6921.495753257488,1,0,11.99669361114502,17.275
22862,2286.2,11994.59562858399,2700.3325479183327,12162.425112918416,2824.7052049315803,1.9833416746787167,6988.397107266735,1,0,12.042875289916992,17.246111111111112
22863,2286.299,11994.295909390108,2698.640491658276,12163.515494197047,2824.2279878568215,1.9833416746787167,7054.100587620232,1,0,12.002345085144043,17.169999999999998
22864,2286.399,11993.996190196212,2696.948435398219,12164.607028817622,2823.750266009577,1.9833416746787167,7119.838947955115,1,0,11.82760238647461,17.16111111111111
22865,2286.499,11993.703131428865,2695.2452471889524,12165.689683952667,2823.276430364519,1.9833416746787167,7185.998116179731,1,0,11.808491706848145,17.186944444444446
22866,2286.599,11993.416733088037,2693.5643228781046,12166.783160947056,2822.797858416518,1.9833416746787167,7254.178348171191,1,0,12.063860893249512,17.056944444444444
22867,2286.699,11993.13033474721,2691.883398566466,12167.868656451601,2822.3227796532497,1.9833416746787167,7319.90166320068,1,0,11.63424301147461,17.01888888888889
22868,2286.799,11992.857257259451,2690.213606204828,12168.960238293723,2821.8450371389877,1.9833416746787167,7389.8854294886105,1,0,12.196735382080078,16.966944444444444
22869,2286.9,11992.597500624763,2688.5326818939807,12170.112614805792,2821.340687184629,1.9833416746787167,7463.967135310689,1,0,12.712396621704102,16.959999999999997
22870,2286.999,11992.33774399006,2686.8628895323423,12171.27760542274,2820.8308165318244,1.9833416746787167,7538.377419435393,1,0,12.978117942810059,16.85611111111111
22871,2287.099,11992.091308208426,2685.1930971699135,12172.46383553887,2820.3116501841396,1.9833416746787167,7613.370295071515,1,0,12.919183731079102,16.845
22872,2287.199,11991.851532853312,2683.5233048082755,12173.648408707264,2819.793209017424,1.9833416746787167,7689.073908264155,1,0,12.941944122314453,16.78
22873,2287.299,11991.62507835128,2681.875776344265,12174.874706415218,2819.2565066579446,1.9833416746787167,7771.39336261727,1,0,13.830097198486328,16.63111111111111
22874,2287.399,11991.39862384922,2680.2393798294643,12176.186172529646,2818.6825294308605,1.9833416746787167,7860.291357464835,1,0,14.80130672454834,16.599999999999998
22875,2287.499,11991.185490200232,2678.5807194178265,12177.585529300655,2818.0700859141816,1.9833416746787167,7955.633660252047,1,0,15.74889087677002,16.593888888888888
22876,2287.599,11990.979016977792,2676.933190953025,12179.052823899165,2817.4279086778033,1.9833416746787167,8054.306781616391,1,0,16.28449821472168,16.553055555555556
22877,2287.699,11990.779204181868,2675.3079263882246,12180.52893634619,2816.7818722153384,1.9833416746787167,8150.055453694767,1,0,15.941398620605469,16.463055555555556
22878,2287.799,11990.586051812468,2673.6603979242145,12181.976028116609,2816.1485369636057,1.9833416746787167,8244.965878531593,1,0,15.650930404663086,16.455
22879,2287.899,11990.39289944308,2672.0351333586227,12183.410630464938,2815.5206678415575,1.9833416746787167,8341.293800292486,1,0,15.668734550476074,16.384999999999998
22880,2287.999,11990.213067926748,2670.4210007422407,12184.832322372426,2814.898449112571,1.9833416746787167,8435.998035956216,1,0,15.369074821472168,16.266944444444444
22881,2288.099,11990.039896836952,2668.7957361766494,12186.235277984468,2814.284430524471,1.9833416746787167,8531.09152538846,1,0,15.25969123840332,16.26388888888889
22882,2288.199,11989.873386173675,2667.181603559476,12187.648640989572,2813.665857029047,1.9833416746787167,8629.733062374426,1,0,15.596284866333008,16.206944444444442
22883,2288.299,11989.713535936946,2665.5563389938848,12189.08206721123,2813.0385026514655,1.9833416746787167,8729.371029017273,1,0,15.69770336151123,16.23111111111111
22884,2288.399,11989.560346126738,2663.9422063775028,12169.93964036221,2766.8445005615868,2.211892325769419,3324.7446175036252,0,1,15.413148880004883,16.205
22885,2288.499,11989.407156316529,2662.328073761121,12159.247295594829,2743.955788752325,2.2600612763787122,2303.8072119713124,0,1,14.971250534057617,16.15388888888889
22886,2288.599,11989.267287359375,2660.725073093948,12147.146898950814,2721.805589081574,2.308239720065688,1514.3747521926527,0,1,15.183550834655762,16.093888888888888
22887,2288.699,11989.114097549183,2659.1220724259847,12132.730200081094,2701.2003978627295,2.356149387252812,953.4830079975126,0,1,15.489871978759766,16.093055555555555
22888,2288.799,11988.96090773896,2657.519071758812,12114.991781769913,2683.6630624311238,2.4027762174025877,577.6675814286205,0,1,15.149270057678223,16.076944444444443
22889,2288.899,11988.82103878182,2655.8938071940115,12093.966328490615,2670.7356709365786,2.446644043398499,334.4585611116289,0,1,14.432929992675781,16.23
22890,2289.0,11988.701151104271,2654.268542626838,12070.98412014813,2662.290031712346,2.488498637862091,182.15810348050562,0,1,13.774496078491211,16.265
22891,2289.099,11988.587923853256,2652.654410011247,12047.183877644653,2656.8445103580625,2.532734879666765,92.7558510713448,0,1,13.223021507263184,16.2
22892,2289.199,11988.481357028746,2651.029145446447,12022.862327883522,2652.6688721730807,2.7276611405554263,43.682065855209245,0,1,13.229828834533691,16.174999999999997
22893,2289.299,11988.38811105732,2649.4150128292736,12007.488865458117,2650.2555768258535,2.762375540522063,25.741191347670043,0,1,12.876132011413574,16.2
22894,2289.399,11988.288204659359,2647.789748263682,12001.493201986372,2648.5699828527877,2.7853791124903817,19.18622889387039,0,1,12.439873695373535,16.223055555555554
22895,2289.499,11988.201619114454,2646.164483698091,11998.259617800722,2647.0354693977356,2.8050188074023135,16.0161901280911,0,1,12.263091087341309,16.23
22896,2289.599,11988.135014849151,2644.5392191324995,11996.215017231298,2645.5341191981365,2.82323865683878,14.346538901518192,0,1,12.374136924743652,16.261944444444445
22897,2289.699,11988.068410583848,2642.9028226176983,11994.786597822102,2644.035148230854,2.8406714128443498,13.271914565837212,0,1,12.223978042602539,16.286944444444444
22898,2289.799,11988.00846674505,2641.2775580521065,11993.720022339528,2642.530348559039,2.8575026065409315,12.710839829001587,0,1,12.357526779174805,16.258055555555558
22899,2289.899,11987.948522906283,2639.641161537306,11992.885597077695,2641.007052758806,2.873817380782195,12.33572364722859,0,1,12.367507934570312,16.294999999999998
22900,2290.0,11987.91522077364,2637.9936330740866,11991.89866946844,2639.348667788767,2.9765879136859743,11.24312817395344,0,1,12.343570709228516,16.41611111111111
22901,2290.1,11987.881918640982,2636.357236559286,11991.329646876877,2637.81620669899,2.9862893754648154,10.99543349410348,0,1,12.12978744506836,16.33111111111111
22902,2290.2,11987.868597787912,2634.6985761460664,11990.851853091006,2636.304703759256,2.995341817112174,10.723581887604587,0,1,11.5031099319458,16.476944444444445
22903,2290.299,11987.868597787912,2633.0399157336374,11990.447682386017,2634.8300072351344,3.003674486714909,10.507124604281039,0,1,10.978909492492676,16.558888888888887
22904,2290.399,11987.868597787912,2631.3812553204175,11990.109938087655,2633.3255501916565,3.0113659798557717,10.602878121352889,0,1,11.336532592773438,16.566944444444445
22905,2290.499,11987.875258214448,2629.722594907989,11989.82705621209,2631.7967175813264,3.018459130180294,10.506261806830391,0,1,11.010113716125488,16.578888888888887
22906,2290.599,11987.901899920571,2628.05280254556,11989.605033102602,2630.135215844457,3.025086629208967,11.61293486848401,0,1,14.017580032348633,16.621944444444445
22907,2290.699,11987.935202053228,2626.3718782347123,11989.431142714511,2628.3714538578406,3.0313320722046773,11.439476641981768,0,1,13.42103099822998,16.771944444444443
22908,2290.799,11987.988485465461,2624.690953924656,11989.16990779558,2626.555655790355,3.0626902194709906,11.281656215556664,0,1,15.132678985595703,16.746111111111112
22909,2290.899,11988.04842930423,2622.998897663808,11989.063590719185,2624.7258961626453,3.0663120028835666,11.17274717977869,0,1,14.691211700439453,16.861944444444443
22910,2290.999,11988.121693996081,2621.3068414037507,11988.985989956447,2622.8836923966596,3.0695708104657853,11.719083129649098,0,1,15.990973472595215,16.886944444444445
22911,2291.099,11988.201619114454,2619.6259170929034,11988.93396104843,2621.03676647306,3.0724740854395893,11.617689961425771,0,1,15.446510314941406,16.798055555555553
22912,2291.199,11988.274883806289,2617.933860832846,11988.898935672794,2619.234909502465,3.0750609504996094,11.731642689532665,0,1,15.523998260498047,16.881944444444443
22913,2291.299,11988.37479020425,2616.2529365219984,11988.882602640095,2617.4874464921377,3.0772698426428313,11.475443492672234,0,1,14.62263298034668,16.885
22914,2291.399,11988.48801745528,2614.572012211151,11988.88285758395,2615.8182670719375,3.07909233024945,11.280135614494016,0,1,13.913904190063477,16.79888888888889
22915,2291.499,11988.60790513283,2612.8910878995125,11988.8980161611,2614.226537683758,3.0805516832086286,10.91937332868103,0,1,12.72518539428711,16.856944444444444
22916,2291.599,11988.734453236928,2611.1990316394554,11988.920014848216,2612.71793707418,3.082771621835237,10.084050488192462,0,1,11.521063804626465,16.893055555555556
22917,2291.699,11988.867661767534,2609.5292392786087,11988.965494152075,2611.2108594491187,3.083393170279915,10.216390883287104,0,1,12.072563171386719,16.746111111111112
22918,2291.799,11989.020851577729,2607.84831496697,11989.033334064296,2609.6088181028535,3.083787976105974,10.536335542041705,0,1,13.117015838623047,16.915
22919,2291.899,11989.187362241006,2606.156258706122,11989.119223494321,2607.9761013993702,3.083960875171155,10.412817866631077,0,1,12.456889152526855,16.93611111111111
22920,2291.999,11989.367193757336,2604.486466345275,11989.219870401419,2606.368506657664,3.0839096804297186,10.439342342213079,0,1,12.372305870056152,16.806944444444444
22921,2292.099,11989.567006553258,2602.8055420336364,11989.340721984307,2604.7059571985064,3.083617332760848,10.822380575510435,0,1,13.488358497619629,16.895
22922,2292.199,11989.760158922658,2601.113485773579,11989.476240076774,2603.015099999626,3.083131953360874,10.717697656557004,0,1,12.937006950378418,16.993055555555554
22923,2292.3,11989.95997171858,2599.421429513522,11989.62271630836,2601.3451142405856,3.082465596058467,10.720156004244831,0,1,12.717206001281738,17.02
22924,2292.399,11990.173105367554,2597.7293732534654,11989.833337370796,2599.7027895137326,3.0711695393499463,10.266968381593248,0,1,12.797977447509766,17.058055555555555
22925,2292.499,11990.399559869598,2596.0373169934082,11990.005604524746,2598.028908526711,3.0704964586222605,10.338211976498135,0,1,12.958693504333496,17.058888888888887
22926,2292.599,11990.626014371659,2594.345260733351,11990.189077537041,2596.342387190551,3.0697009383735487,10.42376465958321,0,1,13.03250503540039,17.10611111111111
22927,2292.699,11990.87911057983,2592.642072524876,11990.386934275748,2594.6373682359617,3.0687380736837393,10.575970848956178,0,1,13.339415550231934,17.13888888888889
22928,2292.8,11991.138867214531,2590.9500162648187,11990.59976965463,2592.898360714762,3.0676047966273687,10.74308567314784,0,1,13.619457244873047,17.116944444444446
22929,2292.9,11991.41194470229,2589.2468280555527,11990.82557175387,2591.155664945378,3.066289809364826,10.881408430257215,0,1,13.845947265625,17.195
22930,2293.0,11991.698343043105,2587.543639846286,11991.065473752766,2589.4004329220197,3.0647786597920748,11.029413003182297,0,1,14.082674026489258,17.26888888888889
22931,2293.099,11991.991401810465,2585.8627155354384,11991.399546685194,2587.677064353798,3.0471328622167935,10.46041699440946,0,1,13.814270973205566,17.09111111111111
22932,2293.199,11992.3044418574,2584.1595273261723,11991.665449279732,2585.938602734721,3.045857290522471,10.587889741663204,0,1,14.135441780090332,17.263055555555553
22933,2293.299,11992.604161051284,2582.456339116906,11991.93963993046,2584.2032205002615,3.0444818808051664,10.601812009199442,0,1,13.8853759765625,17.238055555555555
22934,2293.399,11992.930521951304,2580.775414806058,11992.223479073054,2582.491434452184,3.0429563786530176,10.650839043019323,0,1,13.78767204284668,17.17888888888889
22935,2293.499,11993.256882851296,2579.072226596792,11992.513417729544,2580.814640996543,3.0413103566336317,10.524489258515162,0,1,13.08381462097168,17.285
22936,2293.599,11993.556602045192,2577.3913022851534,11992.802667162754,2579.1795340548974,3.039627192468332,10.49750370256359,0,1,12.774357795715332,17.18111111111111
22937,2293.699,11993.909604651319,2575.6992460250963,11993.10203181919,2577.563569324631,3.0377951633478637,10.448446571724277,0,1,12.406021118164062,17.255
22938,2293.799,11994.262607257464,2573.996057816621,11993.499728076556,2575.9655679735492,3.018137156375996,10.029407701317657,0,1,12.206404685974121,17.375
22939,2293.899,11994.588968157455,2572.337397404192,11993.81250299447,2574.3513924174217,3.0167836442318494,10.098579442164157,0,1,12.400382041931152,17.078055555555554
22940,2294.0,11994.928649910531,2570.6898689393906,11994.132678482794,2572.724357041438,3.015381991169636,10.108020663875795,0,1,12.134953498840332,16.93
22941,2294.1,11995.268331663592,2569.053472426172,11994.453728419317,2571.1259470013288,3.013938291896464,10.108215122900248,0,1,11.927970886230469,16.861944444444443
22942,2294.2,11995.608013416666,2567.3725481137426,11994.777278420841,2569.5294919419057,3.0124679610632437,10.1195157023465,0,1,11.77003002166748,17.02111111111111
22943,2294.3,11995.947695169725,2565.669359905267,11995.10336976655,2567.927175272456,3.0109801404922067,10.139901640634644,0,1,11.655077934265137,17.296944444444442
22944,2294.399,11996.280716496265,2563.9661716960004,11995.42856298989,2566.3325942246765,3.0094950690730653,10.11866789115885,0,1,11.437650680541992,17.32388888888889
22945,2294.5,11996.580435690146,2562.285247385153,11995.750004160494,2564.7290671721967,3.0080793648961253,10.085823455740199,0,1,11.058784484863281,17.048055555555557
22946,2294.599,11996.906796590169,2560.6154550235146,11996.12697630931,2563.16339626556,2.9936067644044613,9.72340858510165,0,1,10.905743598937988,17.07611111111111
22947,2294.699,11997.233157490173,2558.956794610295,11996.447661371954,2561.5721532223915,2.992637730310617,9.757041451654077,0,1,10.946772575378418,16.88111111111111
22948,2294.799,11997.579499669782,2557.2870022486572,11996.775700550603,2559.9549149012737,2.9916443495907323,9.867993538474256,0,1,11.226969718933105,16.913055555555555
22949,2294.899,11997.919181422842,2555.617209887019,11997.1077070127,2558.3216262445426,2.990638230810612,9.89907432804021,0,1,11.129100799560547,16.911944444444444
22950,2294.999,11998.31880701467,2553.980813372218,11997.453034935246,2556.68370851463,2.989493824048956,10.000042928373047,0,1,11.331446647644043,16.883888888888887
22951,2295.099,11998.665149194281,2552.31102101058,11997.796440952752,2555.0610624150495,2.988344572144807,9.885625661133362,0,1,10.636869430541992,16.88
22952,2295.199,11999.038133079997,2550.641228648151,11998.140789449706,2553.464073072546,2.987142478471139,9.903298715567486,0,1,10.528299331665039,16.95
22953,2295.299,11999.4244378188,2549.0493599301876,11998.4928014072,2551.872400105098,2.9858432398615546,9.947458164294913,0,1,10.53376293182373,16.66611111111111
22954,2295.399,11999.76411957186,2547.346171721712,11998.901080645972,2550.236225073115,2.9723771813605975,9.82584364537311,0,1,11.353631973266602,17.008055555555554
22955,2295.499,12000.097140898402,2545.654115460864,11999.264443457754,2548.529645065204,2.9715447227951897,9.975352354649015,0,1,11.872851371765137,17.115
22956,2295.599,12000.436822651474,2543.9509272523887,11999.628492698976,2546.802261720856,2.970744118434961,10.042391084779801,0,1,11.87672233581543,17.25111111111111
22957,2295.699,12000.78982525759,2542.203211246285,11999.995303584123,2545.0495156002817,2.969956238872081,10.24412813025176,0,1,12.410942077636719,17.59111111111111
22958,2295.799,12001.142827863721,2540.533418884647,12000.37192813306,2543.246474370458,2.9691464489298527,10.603446416092995,0,1,13.431015968322754,17.27111111111111
22959,2295.899,12001.495830469848,2538.8413626245892,12000.753917329728,2541.414861354133,2.9683186454558155,10.725694798114587,0,1,13.549880027770996,17.29111111111111
22960,2295.999,12001.835512222937,2537.1159105169045,12001.125713415677,2539.6241547935424,2.96752177337324,10.599522802769856,0,1,12.863363265991211,17.456944444444442
22961,2296.099,12002.175193976,2535.4015903584286,12001.512765622812,2537.8823424329285,2.961449175372101,10.174194248968941,0,1,12.773568153381348,17.47111111111111
22962,2296.199,12002.521536155593,2533.676138251534,12001.874589465639,2536.130176333181,2.9609237390440817,10.291667647736142,0,1,13.098237991333008,17.626111111111108
22963,2296.299,12002.861217908669,2531.972950041477,12002.234073605327,2534.3820673630303,2.960420356456841,10.308003201782617,0,1,12.872562408447266,17.47388888888889
22964,2296.399,12003.220880941317,2530.2474979345825,12002.592530491047,2532.646883046011,2.95990301612417,10.378705229402994,0,1,12.876993179321289,17.565
22965,2296.499,12003.580543973982,2528.49978192927,12002.95171632787,2530.909962499899,2.959381074580132,10.444460813069957,0,1,12.867579460144043,17.77
22966,2296.599,12003.940207006644,2526.785461771585,12003.315843067368,2529.154106766644,2.958839987732387,10.6741675781942,0,1,13.430407524108887,17.57111111111111
22967,2296.699,12004.273228333172,2525.060009664691,12003.678861534918,2527.3835449519847,2.958346239611232,10.723373196188835,0,1,13.34779167175293,17.583055555555553
22968,2296.8,12004.626230939317,2523.3234256085866,12004.063949606958,2525.5925935187333,2.954319414414596,10.44653501038191,0,1,13.855076789855957,17.68
22969,2296.899,12004.945931412785,2521.5645776532733,12004.422068228441,2523.813691167792,2.954048567854052,10.428161532979368,0,1,13.686088562011719,17.78805555555555
22970,2296.999,12005.265631886272,2519.839125545588,12004.778595188393,2522.0190751903947,2.9538343503361566,10.641997226419031,0,1,14.174009323120117,17.675
22971,2297.099,12005.585332359744,2518.0691456418563,12005.135123228565,2520.1959445488556,2.953687401706188,10.815938139054749,0,1,14.476696014404297,17.841111111111115
22972,2297.199,12005.878391127091,2516.321429636543,12005.484378281017,2518.3660990387584,2.9536510235473585,10.952440053730417,0,1,14.63494873046875,17.81888888888889
22973,2297.299,12006.178110320985,2514.5848455804394,12005.821540268123,2516.5701100668975,2.9536926734222377,10.850392846332257,0,1,14.021612167358398,17.711944444444445
22974,2297.399,12006.457848235279,2512.803733727498,12006.142502581204,2514.807519486874,2.953870087104913,10.878862011204033,0,1,13.87692928314209,17.828888888888887
22975,2297.499,12006.730925723037,2511.0671496713944,12006.438825291603,2513.026987160981,2.95782190368166,10.589631415491205,0,1,14.46871566772461,17.703055555555554
22976,2297.599,12006.937398945493,2509.252641971616,12006.740780229025,2511.2091923796224,2.958246492287511,10.699878132590412,0,1,14.711665153503418,18.009999999999998
22977,2297.699,12007.203816006719,2507.5271898647215,12007.037147686442,2509.4000980208034,2.9587225689682795,10.762923056306624,0,1,14.620399475097656,17.74888888888889
22978,2297.799,12007.46357264142,2505.7683419094083,12007.328374061579,2507.588699990513,2.959273901950161,10.94853039600154,0,1,14.96278190612793,17.736944444444443
22979,2297.899,12007.716668849587,2504.0317578533045,12007.616178492546,2505.7677221582194,2.959899527145303,11.093637542997472,0,1,15.14572525024414,17.566944444444445
22980,2297.999,12007.983085910813,2502.29517379641,12007.898354743817,2503.9665000069813,2.9605577243914167,11.077044206955373,0,1,14.813714981079102,17.618055555555554
22981,2298.099,12008.222861265926,2500.547457791097,12008.161535886407,2502.232087761687,2.961307676747305,10.819254450860834,0,1,13.728240013122559,17.618055555555554
22982,2298.2,12008.495938753698,2498.810873734993,12008.382035779356,2500.501160750977,2.9696326298411684,10.532702144536088,0,1,14.24040699005127,17.605
22983,2298.299,12008.729053682264,2497.0297618820514,12008.632895706482,2498.7950368619227,2.9701955748146807,10.40108352257181,0,1,13.648855209350586,17.74888888888889
22984,2298.4,12008.975489463899,2495.2820458767387,12008.881927206658,2497.0824305245683,2.970786696128312,10.48903383458504,0,1,13.664409637451172,17.685
22985,2298.499,12009.228585672066,2493.534329871425,12009.126440668106,2495.3905397719927,2.971387203635975,10.51263508424513,0,1,13.564159393310547,17.618055555555554
22986,2298.6,12009.475021453702,2491.7866138661125,12009.368761785192,2493.6991907978922,2.972010349713059,10.411620157003847,0,1,12.875983238220215,17.641111111111112
22987,2298.699,12009.714796808801,2490.0166339623806,12009.6023948885,2492.0385327332174,2.972673450004558,10.495122213471808,0,1,13.042900085449219,17.723888888888887
22988,2298.799,12009.967893016983,2488.2911818546954,12009.838051953811,2490.370640474487,2.973323034515798,10.415827398993068,0,1,12.531006813049316,17.531111111111112
22989,2298.899,12010.207668372084,2486.5323339009637,12010.041128755698,2488.694685709292,2.980034087870594,10.109794895402132,0,1,12.74425983428955,17.738888888888887
22990,2298.999,12010.440783300679,2484.78461789486,12010.273226446216,2487.013891508788,2.980530558229215,10.078004314706302,0,1,12.467819213867188,17.60194444444444
22991,2299.099,12010.693879508832,2483.0369018895467,12010.50526370614,2485.3406121783714,2.981008669943942,10.097002750678369,0,1,12.294756889343262,17.66111111111111
22992,2299.199,12010.926994437426,2481.278053935024,12010.73443271352,2483.6683649839083,2.981514053388851,10.108144382133696,0,1,12.100910186767578,17.66
22993,2299.299,12011.173430219047,2479.5414698789205,12010.964059299848,2481.9977298839412,2.982008812629772,10.138496976454912,0,1,11.998912811279297,17.618055555555554
22994,2299.399,12011.406545147624,2477.7937538728165,12011.193941639964,2480.312722277594,2.9825266934442736,10.22948253159539,0,1,12.14107608795166,17.515
22995,2299.499,12011.692943488451,2476.046037868294,12011.433225830631,2478.6166776677505,2.9829523174174497,10.254027531780453,0,1,12.017786979675293,17.65611111111111
22996,2299.599,12011.932718843553,2474.320585760609,12011.655128294775,2476.9091177408973,2.9871329143037126,9.976044565376098,0,1,12.231504440307617,17.47388888888889
22997,2299.699,12012.18581505172,2472.572869755296,12011.897299226237,2475.1912014406994,2.9874316102045246,9.994796642553945,0,1,12.16640853881836,17.531111111111112
22998,2299.799,12012.445571686425,2470.8585495968205,12012.143070501423,2473.4680514764204,2.987697573211257,10.105319629703516,0,1,12.371844291687012,17.37388888888889
22999,2299.899,12012.711988747664,2469.1442294391354,12012.38981983617,2471.761662425185,2.987922244579375,10.031587092162631,0,1,11.795716285705566,17.355
23000,2300.0,12012.965084955831,2467.4076453814496,12012.634331114617,2470.0700814079573,2.9881437227758587,10.063975642579392,0,1,11.64162826538086,17.476944444444445
23001,2300.099,12013.218181164002,2465.6933252237645,12012.875800876813,2468.4027600190957,2.9883549170907058,10.090199955902946,0,1,11.607542991638184,17.385
23002,2300.199,12013.471277372168,2463.9678731168706,12013.122186912706,2466.7052858250695,2.988561803314451,10.223884425832285,0,1,11.906414985656738,17.439999999999998
23003,2300.299,12013.731034006856,2462.2201571115575,12013.366367855515,2464.9932604433975,2.98987832625928,9.867333573250336,0,1,11.73974609375,17.57
23004,2300.399,12013.990790641563,2460.4835730538716,12013.618213604283,2463.271587549685,2.99001166646061,9.969374649757269,0,1,12.057676315307617,17.561944444444443
23005,2300.499,12014.223905570143,2458.769252896978,12013.867157616756,2461.5479032224644,2.9901771724555006,9.977289373974326,0,1,11.81576156616211,17.369999999999997
23006,2300.599,12014.483662204844,2457.021536890874,12014.120145803432,2459.804708555429,2.990331792147865,10.188323899790364,0,1,12.433762550354004,17.516944444444444
23007,2300.699,12014.723437559946,2455.2960847839795,12014.37203135979,2458.05560107901,2.9905095925001444,10.153637168875413,0,1,12.027706146240234,17.533055555555556
23008,2300.799,12014.949892062004,2453.559500727876,12014.616451645516,2456.327225976202,2.990738279688894,10.202570146244895,0,1,11.980001449584961,17.48611111111111
23009,2300.899,12015.176346564034,2451.8451805694003,12014.858418677703,2454.595052517199,2.9910052467306554,10.314482510773207,0,1,12.17348575592041,17.378888888888888
23010,2300.999,12015.422782345682,2450.1308604109245,12015.090682341883,2452.8584957027456,2.9936640195150357,9.962721195731675,0,1,12.114785194396973,17.32611111111111
23011,2301.099,12015.689199406892,2448.3831444056113,12015.337766739334,2451.120169485492,2.9938073460467485,10.017741780126872,0,1,12.205681800842285,17.54611111111111
23012,2301.199,12015.915653908949,2446.6465603495076,12015.58171855276,2449.3777637854664,2.993988717194647,10.08575059360032,0,1,12.218862533569336,17.465
23013,2301.299,12016.18207097019,2444.9211082418224,12015.828597916028,2447.643663112533,2.9941243350502336,10.114272373505306,0,1,12.072226524353027,17.501944444444444
23014,2301.399,12016.461808884482,2443.195656134928,12016.079137562927,2445.924125511207,2.9941930466162585,10.132969268708697,0,1,11.901850700378418,17.426111111111112
23015,2301.499,12016.734886372242,2441.447940128824,12016.331164631565,2444.2157725767297,2.9942233750920138,10.137142768542038,0,1,11.690886497497559,17.621111111111112
23016,2301.599,12016.994643006943,2439.755883868767,12016.582448137795,2442.5242741038014,2.9942306284975464,10.157205767757882,0,1,11.559200286865234,17.311944444444443
23017,2301.699,12017.267720494701,2438.0415637110823,12016.84314894851,2440.8181785945426,2.993333953968615,9.930560705457186,0,1,11.968485832214355,17.303055555555556
23018,2301.799,12017.487514570226,2436.3606394002345,12017.096597515647,2439.096198505603,2.9933724415965455,9.97793216020454,0,1,12.03026008605957,17.121111111111112
23019,2301.899,12017.72062949879,2434.6908470378053,12017.347827577894,2437.374305194434,2.993435211007371,10.074587164184646,0,1,12.17230224609375,16.988055555555555
23020,2301.999,12017.927102721245,2433.0321866253767,12017.591910801202,2435.6585820052974,2.9935675024618495,10.128968635040605,0,1,12.12964916229248,16.833888888888886
23021,2302.099,12018.200180209004,2431.34013036532,12017.841071269184,2433.9458236981122,2.9936397925695934,10.209160245526354,0,1,12.19494342803955,16.978055555555557
23022,2302.199,12018.49323897635,2429.5144907163317,12018.096768986527,2432.2204136489563,2.993658572355245,10.218646411672573,0,1,11.989766120910645,17.72888888888889
23023,2302.299,12018.766316464125,2427.7667747110186,12018.354889382745,2430.4951480616132,2.993647692909959,10.308668313648484,0,1,12.103720664978027,17.658055555555556
23024,2302.4,12019.046054378417,2426.0079267564965,12018.620220463155,2428.732572593592,2.993871589184147,10.06999837896575,0,1,12.491568565368652,17.695
23025,2302.499,12019.312471439625,2424.2936065980202,12018.886118424458,2426.9826916455936,2.9938162539296878,10.093261045548925,0,1,12.510467529296875,17.531111111111112
23026,2302.599,12019.572228074345,2422.6572100824287,12019.154129753073,2425.2316536553403,2.9937379765235725,10.215495009191013,0,1,12.717357635498047,17.108888888888888
23027,2302.699,12019.83864513554,2420.9317579763256,12019.422038875782,2423.484588472642,2.9936520891085316,10.23574257263386,0,1,12.515002250671387,17.313055555555554
23028,2302.799,12020.051778784558,2419.2619656138963,12019.676798531782,2421.775648521681,2.993651192953025,10.195279140798391,0,1,12.099159240722656,17.008888888888887
23029,2302.9,12020.371479258029,2417.4697218125366,12019.9385576902,2420.0816197511563,2.9935406413757226,10.133031275324868,0,1,11.573040962219238,17.531944444444445
23030,2302.999,12020.62457546621,2415.76653360327,12020.19188808142,2418.4329787900188,2.993449572042709,10.133772354091793,0,1,11.454305648803711,17.33611111111111
23031,2303.099,12020.784425702941,2414.0633453940036,12020.425102386076,2416.7769303193004,2.994323008311543,9.787168813988933,0,1,11.288116455078125,17.10388888888889
23032,2303.199,12021.017540631507,2412.3156293886905,12020.658334430522,2415.1235926795002,2.9944483017348427,9.759901812089126,0,1,11.034378051757812,17.413888888888888
23033,2303.299,12021.243995133567,2410.5790453325867,12020.889745958455,2413.4592928643556,2.9946098748284378,9.849389216696375,0,1,11.221850395202637,17.438055555555554
23034,2303.4,12021.517072621322,2408.820197378064,12021.132033672997,2411.7527671473354,2.9947243400188484,9.964873602951288,0,1,11.435347557067871,17.691944444444445
23035,2303.499,12021.776829256027,2407.1170091687977,12021.378653106322,2410.0373524391903,2.9948072390322324,10.125128868206456,0,1,11.934596061706543,17.451944444444443
23036,2303.599,12022.016604611128,2405.3581612142757,12021.628638615706,2408.282891805497,2.9949190140886754,10.200252615863555,0,1,11.970849990844727,17.553055555555556
23037,2303.699,12022.25637996624,2403.621577158172,12021.877387255572,2406.52694785752,2.9950498682262188,10.281983070314128,0,1,12.038944244384766,17.57611111111111
23038,2303.799,12022.49615532134,2401.8961250504867,12022.117627736736,2404.7778441000814,2.9966141645733746,9.916696434605146,0,1,11.901384353637695,17.45
23039,2303.899,12022.735930676454,2400.1595409935917,12022.364403131614,2403.0208913763718,2.9967245598629737,10.04078419685459,0,1,12.295573234558105,17.438055555555554
23040,2303.999,12022.969045605036,2398.4229569374884,12022.609866762657,2401.259170019825,2.99685627658267,10.06129760759723,0,1,12.095794677734375,17.521944444444443
23041,2304.101,12023.208820960148,2396.708636779012,12022.858523513845,2399.4757367323546,2.996988880228321,10.249701960905568,0,1,12.479514122009277,17.323055555555555
23042,2304.199,12023.441935888726,2394.983184672118,12023.09749131113,2397.7495565593313,2.99713796906605,10.148942860867018,0,1,11.967547416687012,17.381944444444446
23043,2304.299,12023.688371670349,2393.235468666805,12023.340952098873,2395.996503763812,2.9972817281582222,10.369872129407902,0,1,12.550973892211914,17.57388888888889
23044,2304.399,12023.934807451995,2391.51001655912,12023.585126889542,2394.2457995517143,2.997413720962622,10.291526056465825,0,1,12.017213821411133,17.501944444444444
23045,2304.499,12024.167922380559,2389.773432503016,12023.81715547253,2392.518015856805,2.999062201325744,9.954061376955297,0,1,12.025952339172363,17.476111111111113
23046,2304.599,12024.394376882605,2388.0368484469127,12024.052070490545,2390.800957629232,2.9991939671888574,9.923361502096508,0,1,11.74141788482666,17.455
23047,2304.699,12024.627491811187,2386.311396339227,12024.285264602076,2389.0911432469625,2.999332170386252,9.998227867503426,0,1,11.816356658935547,17.476944444444445
23048,2304.802,12024.8672671663,2384.552548384705,12024.523445543648,2387.3446412762723,2.999473403753064,10.06472014845604,0,1,11.673893928527832,17.646944444444443
23049,2304.899,12025.1070425214,2382.815964328601,12024.7537583935,2385.656216686468,2.9996100309285048,10.12971948950916,0,1,11.935640335083008,17.47888888888889
23050,2304.999,12025.340157449979,2381.1573039153814,12024.990036388395,2383.933663268186,2.9997344896138682,10.188346437431397,0,1,11.901927947998047,16.97111111111111
23051,2305.099,12025.579932805093,2379.4429837576968,12025.228465646484,2382.2007934804874,2.9998513769015007,10.334202020540328,0,1,12.2134370803833,17.203055555555554
23052,2305.199,12025.826368586728,2377.7063997008017,12025.463247338184,2380.466213601973,3.0010361556408425,9.922175418181194,0,1,11.908670425415039,17.39111111111111
23053,2305.299,12026.079464794897,2375.992079543117,12025.703567657056,2378.7467585937625,3.001077310113957,9.962651442947648,0,1,11.94083023071289,17.371111111111112
23054,2305.399,12026.319240149995,2374.2109676901755,12025.94279535265,2377.0232400443138,3.0011346367306153,9.982851252318747,0,1,11.76149845123291,17.69611111111111
23055,2305.499,12026.598978064289,2372.4966475317,12026.188441459048,2375.3054254017457,3.001112066705551,10.06047551646204,0,1,11.83985424041748,17.46611111111111
23056,2305.599,12026.872055552061,2370.7711954248057,12026.439093563873,2373.584953898835,3.0010351566417706,10.109167606548407,0,1,11.79594898223877,17.43888888888889
23057,2305.699,12027.131812186748,2368.9900835726553,12026.689427414363,2371.86803758081,3.0009537433508156,10.09568894885053,0,1,11.514288902282715,17.773888888888887
23058,2305.799,12027.398229247989,2367.2423675665514,12026.94194589146,2370.1508502204947,3.000844533782159,10.192724569111835,0,1,11.68125057220459,17.721111111111114
23059,2305.899,12027.651325456158,2365.483519612029,12027.204332031695,2368.409759617783,2.999166199073514,9.929929401710485,0,1,11.951455116271973,17.818055555555553
23060,2305.999,12027.924402943916,2363.746935555134,12027.467291576348,2366.638283108002,2.9990670175269445,10.070288366682062,0,1,12.413996696472168,17.618888888888886
23061,2306.1,12028.16417829903,2361.976955652193,12027.727082723437,2364.862108319421,2.999008258539558,10.010120911729139,0,1,11.809578895568848,17.811111111111114
23062,2306.199,12028.417274507196,2360.195843799252,12027.97758100404,2363.142048194877,2.9989633426945974,9.985903218641013,0,1,11.538856506347656,17.906111111111112
23063,2306.299,12028.690351994954,2358.4481277939385,12028.232326540015,2361.4152822626625,2.998881968621447,10.06495381654417,0,1,11.627851486206055,17.72611111111111
23064,2306.399,12028.950108629659,2356.6670159409973,12028.489041670775,2359.672004646733,2.998804898665516,10.145838506870119,0,1,11.721901893615723,17.908055555555553
23065,2306.499,12029.209865264362,2354.8970360372655,12028.746245977049,2357.9249216561216,2.998728261845634,10.17483739294049,0,1,11.613609313964844,17.933888888888887
23066,2306.599,12029.47628232557,2353.1047922359057,12029.008671722764,2356.1689060879007,2.997910518832205,9.889675483096761,0,1,11.770421028137207,18.038888888888888
23067,2306.699,12029.749359813342,2351.312548434546,12029.27058463879,2354.4044218591057,2.997835784953016,9.898955352928963,0,1,11.665688514709473,18.056944444444444
23068,2306.799,12029.99579559498,2349.564832427651,12029.528300377464,2352.653896807038,2.9977841461744106,9.919617149607141,0,1,11.498987197875977,17.904999999999998
23069,2306.9,12030.248891803145,2347.772588626291,12029.786437450408,2350.8880351063963,2.997752250333291,10.018105748964107,0,1,11.6195650100708,18.038888888888888
23070,2306.999,12030.501988011314,2345.9692128749307,12030.0413549564,2349.1319933892396,2.9977409003495663,10.05289148314791,0,1,11.602697372436523,18.093055555555555
23071,2307.099,12030.715121660307,2344.121309328315,12030.291462369247,2347.342910255917,2.9978409204152863,10.167911947784212,0,1,11.818660736083984,18.441944444444445
23072,2307.199,12030.948236588887,2342.306801628536,12030.542110320119,2345.5242486488505,2.9979889575929186,10.336095791757742,0,1,12.214227676391602,18.526944444444446
23073,2307.3,12031.201332797053,2340.5034258779674,12030.7910276012,2343.670512871585,2.9997243833791005,10.055219622849423,0,1,12.432743072509766,18.483888888888888
23074,2307.399,12031.44776857869,2338.700050126607,12031.044314996267,2341.8323588283743,2.99982960685636,10.11014655728331,0,1,12.57923698425293,18.198055555555555
23075,2307.499,12031.714185639912,2336.818750732363,12031.303315596535,2339.9615495033527,2.9999241506196075,10.239000648610482,0,1,12.798349380493164,18.471944444444443
23076,2307.599,12031.96062142156,2334.9597152365377,12031.561170385854,2338.0846268187306,3.0000421654135128,10.306702615561203,0,1,12.771005630493164,18.505
23077,2307.7,12032.200396776674,2333.1563394851773,12031.815793442678,2336.2199117762984,3.0001785846426916,10.32585894577643,0,1,12.51947021484375,18.36611111111111
23078,2307.801,12032.44017213176,2331.2973039893523,12032.067356863345,2334.3580651065904,3.0003483726839253,10.45357571598465,0,1,12.709040641784668,18.501944444444444
23079,2307.899,12032.693268339943,2329.471664341155,12032.31564797772,2332.526358130666,3.0005071613546743,10.495788279799559,0,1,12.744691848754883,18.496944444444445
23080,2308.0,12032.953024974633,2327.612628844539,12032.572241891641,2330.6001710656396,3.001909517661999,10.463785689912234,0,1,14.059671401977539,18.783055555555556
23081,2308.1,12033.226102462406,2325.742461398713,12032.838960393774,2328.6665122003574,3.0019781354636352,10.351201794213399,0,1,13.434103965759277,18.768055555555556
23082,2308.199,12033.485859097093,2323.905689801307,12033.10386940278,2326.753298491291,3.002033165615102,10.633464620326743,0,1,14.245546340942383,18.578055555555554
23083,2308.299,12033.745615731796,2322.0577862531086,12033.376507170397,2324.789622435117,3.002079676651843,10.839484856575812,0,1,14.628939628601074,18.75305555555556
23084,2308.399,12034.005372366502,2320.2210146549114,12033.657046034336,2322.775468001622,3.0021152160723785,11.360377570512654,0,1,15.962424278259277,18.638888888888886
23085,2308.499,12034.291770707327,2318.3619791590863,12033.950642808048,2320.703165013628,3.002084349949434,11.712667360273144,0,1,16.64484405517578,18.81611111111111
23086,2308.599,12034.584829474674,2316.50294366247,12034.248851078923,2318.6363530620006,3.001974760516621,11.84009093865418,0,1,16.67284393310547,18.706944444444442
23087,2308.699,12034.844586109362,2314.6439081666445,12034.554498642157,2316.5517315985558,3.0008089903043,11.627926560542145,0,1,17.916357040405273,18.761944444444445
23088,2308.799,12035.117663597137,2312.7737407216096,12034.869925993318,2314.3613266934226,3.00074136734599,12.445654027718039,0,1,20.058250427246094,18.926111111111112
23089,2308.899,12035.390741084895,2310.8924413265745,12035.198642827832,2312.0804740772087,3.0006663714008748,13.108112101420069,0,1,21.322650909423828,19.013055555555557
23090,2308.999,12035.657158146116,2309.0111419323302,12035.539357782694,2309.7091266150073,3.000601868016298,14.376985005319863,0,1,23.822824478149414,18.99388888888889
23091,2309.099,12035.95021691348,2307.1298425380865,12035.883125766222,2307.3467046057185,3.000468899262535,14.218636859586615,0,1,23.04599380493164,18.975
23092,2309.199,12036.209973548182,2305.2819389906795,12036.204179910914,2305.131951322575,3.0003645244056614,14.031712805409716,0,1,22.2896728515625,18.865
23093,2309.299,12036.476390609405,2303.4006395972265,12036.505801764612,2303.0457757372114,3.0002809755087867,13.69505350219474,0,1,21.258344650268555,19.026944444444442
23094,2309.399,12036.742807670644,2301.4859443553537,12036.798328201536,2301.03081674966,2.9998550421248265,12.784591125215448,0,1,21.256671905517578,19.27111111111111
23095,2309.499,12036.98924345225,2299.6714366555752,12037.078325152737,2299.064334861953,2.999864778568157,12.693081044823913,0,1,20.870403289794922,18.788888888888888
23096,2309.599,12037.249000086997,2297.8124011589593,12037.341210855655,2297.211263421991,2.999887872667207,12.138054699736871,0,1,18.941505432128906,18.858888888888888
23097,2309.699,12037.522077574738,2295.886573968668,12037.583932055475,2295.49910204802,2.9999107823760234,11.643927378215196,0,1,17.179107666015625,19.29888888888889
23098,2309.799,12037.781834209427,2293.994142623633,12037.805164675838,2293.926064292685,2.9999562400211612,11.008059291791513,0,1,14.867795944213867,19.136944444444445
23099,2309.899,12038.03493041761,2292.1017112809704,12038.01261501391,2292.431664873228,3.000036220371474,10.794170274900384,0,1,14.016206741333008,19.078888888888887
23100,2309.999,12038.301347478835,2290.1981479883075,12038.222339867501,2290.921811136986,3.0001124020494037,10.706710041254375,0,1,13.623872756958008,19.19388888888889
23101,2310.099,12038.567764540101,2288.294584696435,12038.415085610608,2289.568562330247,3.0001124020494037,12.62024436665195,0,0,13.714256286621094,19.218055555555555
23102,2310.199,12038.834181601296,2286.368757505353,12038.605565950484,2288.231218695633,3.0001124020494037,14.426160248012838,0,0,13.302558898925781,19.396944444444443
23103,2310.299,12039.093938236016,2284.4763261618996,12038.791776866241,2286.923850265658,3.0001124020494037,16.32067704198782,0,0,13.108701705932617,19.108055555555556
23104,2310.4,12039.340374017635,2282.5727628692366,12038.976093485107,2285.62978150688,3.0001124020494037,18.222892945984878,0,0,12.775043487548828,19.106111111111108
23105,2310.5,12039.586809799282,2280.6914634749924,12039.152015019485,2284.394653806322,3.0001124020494037,20.044499147855177,0,0,12.176820755004883,19.00611111111111
23106,2310.599,12039.833245580901,2278.8101640799578,12039.321660767748,2283.2035877796193,3.0001124020494037,22.032489342620337,0,0,12.12796401977539,19.044999999999998
23107,2310.699,12040.09300221562,2276.9288646857135,12039.493457151018,2281.997422357159,3.0001124020494037,24.131268604243292,0,0,12.238808631896973,18.933888888888887
23108,2310.799,12040.339437997254,2275.0586972406786,12039.663552454842,2280.803200045314,3.0001124020494037,26.113640484828764,0,0,11.886691093444824,18.90111111111111
23109,2310.899,12040.59253420544,2273.1996617440623,12039.83581894745,2279.593734031672,3.0001124020494037,28.480323218474737,0,0,12.546759605407715,18.73111111111111
23110,2310.999,12040.84563041359,2271.396285993493,12040.009823285352,2278.3720667780244,3.0001124020494037,30.52636462005803,0,0,12.1331787109375,18.44611111111111
23111,2311.099,12041.085405768692,2269.5483824468774,12040.185281676271,2277.1401907619033,3.0001124020494037,32.997763166146726,0,0,12.752995491027832,18.611944444444443
23112,2311.199,12041.35182282993,2267.711610847889,12040.36091180028,2275.9071090247276,3.0001124020494037,35.06099895324306,0,0,12.157536506652832,18.581944444444442
23113,2311.299,12041.618239891153,2265.8859711989007,12040.532081725221,2274.70534190426,3.0001124020494037,37.363992644804796,0,0,12.120382308959961,18.246111111111112
23114,2311.399,12041.844694393198,2264.0491996007036,12040.700430826042,2273.5233795110657,3.0001124020494037,39.5732879381516,0,0,11.757444381713867,18.316111111111113
23115,2311.499,12042.097790601367,2262.2458238509253,12040.868276494271,2272.344951668318,3.0001124020494037,42.08446622001812,0,0,12.048977851867676,18.126111111111108
23116,2311.599,12042.33756595648,2260.442448099565,12041.036211387596,2271.1658973850003,3.0001124020494037,44.41336442130485,0,0,11.770099639892578,18.116944444444446
23117,2311.7,12042.584001738116,2258.6613362466237,12041.206066420411,2269.973361992155,3.0001124020494037,47.06675232718703,0,0,12.082792282104492,17.98
23118,2311.799,12042.830437519764,2256.902488292101,12041.372069720284,2268.8078692354993,3.0001124020494037,49.415709165138296,0,0,11.700146675109863,17.843055555555555
23119,2311.899,12043.06355244833,2255.12137643916,12041.535800087802,2267.658334512189,3.0001124020494037,51.90914967378967,0,0,11.522581100463867,17.841944444444447
23120,2312.0,12043.303327803444,2253.3847923830563,12041.69527789441,2266.5386565986096,3.0001124020494037,54.23824054334844,0,0,10.873027801513672,17.63
23121,2312.099,12043.536442732024,2251.6482083269525,12041.847644074393,2265.46890871248,3.0001124020494037,56.846940363257744,0,0,10.95615005493164,17.433055555555555
23122,2312.199,12043.762897234068,2249.9227562192673,12042.002603568088,2264.3809534271613,3.0001124020494037,59.534640657341384,0,0,11.02255916595459,17.45
23123,2312.299,12043.996012162648,2248.1973041123733,12042.15856347882,2263.2859743127287,3.0001124020494037,62.282994279711254,0,0,11.098044395446777,17.383055555555554
23124,2312.399,12044.235787517746,2246.482983953897,12042.313829202183,2262.195869019189,3.0001124020494037,64.9614097404529,0,0,10.92409896850586,17.29111111111111
23125,2312.501,12044.482223299383,2244.779795744631,12042.470514889063,2261.0957943021835,3.0001124020494037,67.78979919602718,0,0,10.863689422607422,17.185000000000002
23126,2312.599,12044.721998654495,2243.098871433783,12042.61738408783,2260.0646401777153,3.0001124020494037,70.32361501379191,0,0,10.392658233642578,17.046111111111113
23127,2312.699,12044.968434436101,2241.4179471229354,12042.762347627659,2259.0468654962474,3.0001124020494037,73.0458224733111,0,0,10.168272972106934,16.981944444444444
23128,2312.799,12045.201549364709,2239.7481547605066,12042.900412043839,2258.0775288798454,3.0001124020494037,75.51269661739873,0,0,9.414119720458984,16.836944444444445
23129,2312.899,12045.43466429329,2238.1006262972874,12043.032664524308,2257.148997289486,3.0001124020494037,78.27889790202975,0,0,9.3439359664917,16.73
23130,2312.999,12045.681100074922,2236.453097832486,12043.168536612013,2256.19505279456,3.0001124020494037,81.42460268442608,0,0,9.927507400512695,16.705000000000002
23131,2313.099,12045.920875430036,2234.816701319267,12043.30796146546,2255.216164682603,3.0001124020494037,84.34226807658264,0,0,9.847843170166016,16.55
23132,2313.199,12046.167311211673,2233.1357770076283,12043.444517385853,2254.2574190659902,3.0001124020494037,87.15801973213736,0,0,9.520591735839844,16.77111111111111
23133,2313.299,12046.407086566769,2231.4993804928276,12043.576234119051,2253.33264890425,3.0001124020494037,89.95592395788279,0,0,9.161476135253906,16.63611111111111
23134,2313.399,12046.64020149535,2229.8852478764456,12043.70481696706,2252.429881440598,3.0001124020494037,92.89448454232696,0,0,9.076096534729004,16.438055555555554
23135,2313.499,12046.886637276986,2228.259983311645,12043.836340047512,2251.506470895641,3.0001124020494037,96.19976830501675,0,0,9.57850456237793,16.528888888888886
23136,2313.599,12047.139733485152,2226.6347187460537,12043.971598848853,2250.5568322236477,3.0001124020494037,99.36189838397675,0,0,9.605953216552734,16.488055555555555
23137,2313.699,12047.386169266803,2224.998322230462,12044.11401086701,2249.556971523597,3.0001124020494037,103.19654864175244,0,0,10.593082427978516,16.396944444444443
23138,2313.799,12047.619284195367,2223.3730576648704,12044.2620450545,2248.517638128481,3.0001124020494037,106.50010154762452,0,0,10.403374671936035,16.355
23139,2313.899,12047.865719977015,2221.7477930992786,12044.413791093317,2247.452244192166,3.0001124020494037,110.46534045786629,0,0,11.119553565979004,16.418055555555554
23140,2313.999,12048.11215575865,2220.10026463606,12044.567153316626,2246.375503184314,3.0001124020494037,113.77381374983524,0,0,10.632606506347656,16.496944444444445
23141,2314.099,12048.351931113766,2218.486132019678,12044.720870456786,2245.2962703403437,3.0001124020494037,117.80790761203508,0,0,11.169893264770508,16.388055555555557
23142,2314.199,12048.59170646885,2216.8608674540865,12044.874905136077,2244.2148080855177,3.0001124020494037,121.25050649749112,0,0,10.677644729614258,16.34888888888889
23143,2314.299,12048.838142250499,2215.2356028884947,12045.032341759099,2243.109461120094,3.0001124020494037,125.80053671374625,0,0,11.652408599853516,16.42888888888889
23144,2314.399,12049.077917605598,2213.6103383229033,12045.198062296713,2241.9459536092963,3.0001124020494037,130.04015353818795,0,0,11.852595329284668,16.316944444444445
23145,2314.499,12049.317692960713,2211.9962057057305,12045.365934194566,2240.7673416109615,3.0001124020494037,134.33377863798881,0,0,11.957547187805176,16.383888888888887
23146,2314.599,12049.564128742346,2210.35980919172,12045.534256507688,2239.585567291553,3.0001124020494037,138.61494070054164,0,0,11.91648006439209,16.433888888888887
23147,2314.699,12049.803904097476,2208.734544626129,12045.707505431114,2238.3692037282626,3.0001124020494037,143.6928376789958,0,0,12.6563138961792,16.453055555555554
23148,2314.799,12050.043679452576,2207.120412008956,12045.887891010585,2237.1027344084337,3.0001124020494037,148.63804018314588,0,0,12.928709030151367,16.36611111111111
23149,2314.899,12050.27013395462,2205.484015494946,12046.068231076517,2235.8365846346624,3.0001124020494037,153.22398341555913,0,0,12.649858474731445,16.461944444444445
23150,2314.999,12050.52323016279,2203.8587509293548,12046.247061490165,2234.581033980332,3.0001124020494037,158.184073738788,0,0,12.714587211608887,16.47611111111111
23151,2315.099,12050.763005517887,2202.2223544145536,12046.425718913368,2233.326697874817,3.0001124020494037,163.1171771448899,0,0,12.625322341918945,16.47888888888889
23152,2315.2,12051.009441299537,2200.5859579005437,12046.60516325342,2232.0668369038917,3.0001124020494037,168.22656853562856,0,0,12.574204444885254,16.516111111111112
23153,2315.299,12051.249216654636,2198.960693334161,12046.780006061519,2230.8392828338838,3.0001124020494037,173.2755464994397,0,0,12.475152015686035,16.41611111111111
23154,2315.399,12051.488992009736,2197.313164870151,12046.9547035446,2229.6127490764707,3.0001124020494037,178.38464445505304,0,0,12.303098678588867,16.581944444444446
23155,2315.499,12051.728767364864,2195.676768356141,12047.127091321476,2228.402431537967,3.0001124020494037,183.56613286178873,0,0,12.147554397583008,16.53388888888889
23156,2315.599,12051.988523999553,2194.029239892922,12047.300657340264,2227.1838416794903,3.0001124020494037,189.3136142432809,0,0,12.47021484375,16.59611111111111
23157,2315.699,12052.234959781203,2192.370579478911,12047.474986210073,2225.959895919414,3.0001124020494037,194.70182690762275,0,0,12.255753517150879,16.68111111111111
23158,2315.799,12052.474735136302,2190.7453149133194,12047.649066580934,2224.7376948458787,3.0001124020494037,200.5629674585438,0,0,12.434968948364258,16.51
23159,2315.899,12052.707850064882,2189.0866545008907,12047.826805826144,2223.4898051772793,3.0001124020494037,206.79151038252172,0,0,12.774710655212402,16.71111111111111
23160,2315.999,12052.947625419984,2187.4391260368807,12048.008733305342,2222.2125103319095,3.0001124020494037,213.17647201192932,0,0,13.029007911682129,16.696944444444444
23161,2316.1,12053.174079922028,2185.7915975736614,12048.196517642364,2220.894095066789,3.0001124020494037,219.93147768864972,0,0,13.34171199798584,16.571944444444444
23162,2316.199,12053.413855277142,2184.1329371604415,12048.379897403725,2219.6066038919284,3.0001124020494037,225.9211869343456,0,0,12.930715560913086,16.695
23163,2316.299,12053.64697020572,2182.496540645641,12048.561347155497,2218.3326631235855,3.0001124020494037,232.309445980024,0,0,12.805244445800781,16.573055555555555
23164,2316.399,12053.880085134284,2180.826748284003,12048.73933161843,2217.083051805596,3.0001124020494037,238.485221767718,0,0,12.439215660095215,16.71388888888889
23165,2316.5,12054.113200062866,2179.190351769993,12048.915385373168,2215.8469957989537,3.0001124020494037,244.9690619093613,0,0,12.284168243408203,16.615
23166,2316.6,12054.346314991444,2177.553955254401,12049.093499114992,2214.5964768266504,3.0001124020494037,252.51417395764798,0,0,12.978628158569336,16.58388888888889
23167,2316.699,12054.579429920024,2175.895294841972,12049.280029995769,2213.286861953898,3.0001124020494037,260.5703428871969,0,0,13.745253562927246,16.71
23168,2316.8,12054.82586570166,2174.247766377962,12049.476578845612,2211.9069119107576,3.0001124020494037,268.3941233544882,0,0,13.856274604797363,16.691944444444445
23169,2316.899,12055.052320203704,2172.577974016324,12049.67197068878,2210.5350850970963,3.0001124020494037,276.52042413799234,0,0,14.13709831237793,16.743055555555554
23170,2317.0,12055.292095558818,2170.930445552314,12049.874881361395,2209.1104693252228,3.0001124020494037,285.03487413377303,0,0,14.357826232910156,16.706944444444446
23171,2317.099,12055.538531340451,2169.2717851398847,12050.082212916011,2207.654814977888,3.0001124020494037,294.869061145088,0,0,15.346123695373535,16.78388888888889
23172,2317.199,12055.784967122087,2167.613124726665,12050.303281265504,2206.1027159518044,3.0001124020494037,305.03284515624335,0,0,16.00914764404297,16.721944444444443
23173,2317.299,12055.984779917975,2165.9544643142362,12050.528302105124,2204.5228668832874,3.0001124020494037,314.4872418233375,0,0,15.906725883483887,16.678055555555556
23174,2317.399,12056.224555273106,2164.2846719525983,12050.753216984062,2202.9437617542476,3.0001124020494037,324.44238685156057,0,0,15.994118690490723,16.814999999999998
23175,2317.5,12056.451009775166,2162.648275437797,12050.975793875938,2201.381071401225,3.0001124020494037,333.3766655052295,0,0,15.262550354003906,16.66611111111111
23176,2317.599,12056.684124703745,2160.978483075368,12051.200469907166,2199.8036431983414,3.0001124020494037,346.1355848255209,0,0,16.926305770874023,16.761944444444445
23177,2317.699,12056.917239632312,2159.342086560567,12051.433158624972,2198.169958715164,3.0001124020494037,355.66853166553256,0,0,16.0771427154541,16.606111111111108
23178,2317.799,12057.150354560892,2157.6834261481386,12051.66209995606,2196.562584263644,3.0001124020494037,367.10721042400604,0,0,16.394794464111328,16.68111111111111
23179,2317.899,12057.423432048648,2156.024765734919,12051.902514746715,2194.874655786824,3.0001124020494037,380.9443490511887,0,0,17.704483032226562,16.823055555555555
23180,2317.999,12057.623244844583,2154.35497337249,12052.14306796738,2193.1857554065864,3.0001124020494037,390.79361380201317,0,0,16.4144287109375,16.791944444444443
23181,2318.099,12057.863020199684,2152.6851810116427,12052.384786076449,2191.4886764600255,3.0001124020494037,405.55323963262,0,0,17.869705200195312,16.71111111111111
23182,2318.199,12058.08947470173,2151.048784497633,12052.614540478773,2189.8755935157487,3.0001124020494037,412.52645304337454,0,0,14.717554092407227,16.59888888888889
23183,2318.299,12058.329250056859,2149.390124083622,12052.817129793528,2188.45323396564,3.0001124020494037,422.53998030051986,0,0,14.016739845275879,16.70111111111111
