row,t,ref_E,ref_N,ekf_E,ekf_N,ekf_psi_rad,cov_trace,in_outage,gnss_used,gru_speed,ref_speed
18122,1812.199,12529.79420246327,-1085.4318269285286,12529.79420246327,-1085.4318269285286,4.488166531380979,33.121846967914685,0,1,10.88329792022705,9.32388888888889
18123,1812.299,12528.888384455091,-1085.654465909553,12528.83103437823,-1085.6570744895532,4.488139015907418,32.60108175234938,0,1,11.060480117797852,9.30611111111111
18124,1812.399,12527.98256644691,-1085.8548409937405,12527.808026442342,-1085.8915990170385,4.488117588486958,29.65609863178808,0,1,11.28384017944336,9.241944444444444
18125,1812.499,12527.10339014484,-1086.0663480263465,12526.797981753474,-1086.1254810919866,4.48800789605819,27.844574597974724,0,1,11.36091423034668,9.075000000000001
18126,1812.599,12526.204232563196,-1086.2555911605336,12525.800948210896,-1086.3517659482043,4.488062758768257,26.318652773565457,0,1,11.300230026245117,9.186944444444444
18127,1812.7,12525.31173540807,-1086.4670981939307,12524.820147823551,-1086.5763968070437,4.488019363664078,24.622944621324248,0,1,11.047898292541504,9.14611111111111
18128,1812.799,12524.405917399903,-1086.6563413273268,12523.878216601564,-1086.7880657817327,4.488206525414788,23.44761722235757,0,1,10.951397895812988,9.26
18129,1812.899,12523.506759818229,-1086.8789803091422,12522.926572340935,-1087.0064636823859,4.488121372772503,23.060272273196183,0,1,11.156026840209961,9.201111111111112
18130,1812.999,12522.620923089651,-1087.112751239376,12521.970808240307,-1087.2327881677404,4.487613832702939,22.456917257899395,0,1,11.266961097717285,9.188888888888888
18131,1813.1,12521.728425934527,-1087.2685985267258,12520.98781044115,-1087.4530151765048,4.4878948749392436,22.734703050411202,0,1,11.796041488647461,9.12111111111111
18132,1813.2,12520.822607926348,-1087.4912375085414,12520.003232412986,-1087.6779466261157,4.487889120848981,21.884284427227726,0,1,11.813764572143555,9.253055555555555
18133,1813.299,12519.903469065099,-1087.7027445411475,12519.03877811545,-1087.898640195385,4.487862640051833,20.9205542179995,0,1,11.763020515441895,9.375
18134,1813.399,12518.990990630384,-1087.903119624544,12518.055602924278,-1088.1216788387333,4.487949345060646,20.920830507455264,0,1,12.222182273864746,9.36888888888889
18135,1813.499,12518.09849347526,-1088.136890554778,12517.062029018469,-1088.3620048184614,-1.7970862165192152,13.272173569785705,0,1,12.41935920715332,9.264999999999999
18136,1813.599,12517.192675467079,-1088.3261336889648,12516.084661083834,-1088.585839555195,-1.7970447044665097,12.9364062006858,0,1,12.12354564666748,9.246944444444445
18137,1813.7,12516.2868574589,-1088.5265087731525,12515.114977728317,-1088.8065225723358,-1.7969691683755233,12.983992087014947,0,1,12.271005630493164,9.261944444444445
18138,1813.8,12515.381039450704,-1088.7602797033865,12514.166131269038,-1089.027713955085,-1.7970382498995987,12.820076486207649,0,1,12.106932640075684,9.341944444444444
18139,1813.899,12514.46190058947,-1088.9940506344112,12513.23446891753,-1089.2487695678428,-1.797206599184799,12.800774603086577,0,1,12.199645042419434,9.418888888888889
18140,1814.0,12513.516120022081,-1089.1944257178077,12512.265935730487,-1089.473879306109,-1.7972533267936213,12.926510949843168,0,1,12.467915534973145,9.61
18141,1814.1,12512.590320734325,-1089.439328597251,12511.320018793842,-1089.6995631830093,-1.7974498687760692,12.629615970463767,0,1,12.06350326538086,9.581944444444444
18142,1814.201,12511.644540166953,-1089.6285717314381,12510.392102767022,-1089.9142627577219,-1.7974629601998944,12.430716387884383,0,1,11.788451194763184,9.58888888888889
18143,1814.299,12510.69209917306,-1089.862342662463,12509.500101563344,-1090.1232723067396,-1.7975425903092312,12.332453619089485,0,1,11.774696350097656,9.725
18144,1814.399,12509.732997752619,-1090.0961135926968,12508.574722092302,-1090.34183940027,-1.7976665685790807,12.342822238021924,0,1,11.870372772216797,9.816944444444445
18145,1814.499,12508.80719846485,-1090.3187525745122,12507.654194971408,-1090.5601646794632,-1.7978080168902435,12.184663566805607,0,1,11.656233787536621,9.518888888888888
18146,1814.599,12507.881399177082,-1090.5525235055372,12506.737422984395,-1090.7804718832858,-1.7980145960978804,12.198973677076166,0,1,11.760604858398438,9.578888888888889
18147,1814.699,12506.935618609725,-1090.7751624865616,12505.826614731142,-1090.998753414288,-1.798197894259743,11.969464960451097,0,1,11.394296646118164,9.608888888888888
18148,1814.799,12505.996498468869,-1091.0089334175864,12504.94060394497,-1091.2228744767046,-1.8002498692205284,10.661281712389785,0,1,11.093011856079102,9.625
18149,1814.899,12505.06403875455,-1091.2538362962387,12504.05300397203,-1091.4409487605244,-1.800419073911286,10.671049322449383,0,1,11.203791618347168,9.598055555555556
18150,1814.999,12504.144899893317,-1091.476475279636,12503.146349839222,-1091.663141190403,-1.8005809296315434,10.767588325474968,0,1,11.435070037841797,9.418055555555556
18151,1815.099,12503.225761032067,-1091.7325101074978,12502.245872395843,-1091.8896282947428,-1.8008361717636825,10.643747845627908,0,1,11.0057373046875,9.511944444444445
18152,1815.199,12502.313282597352,-1091.9662810377315,12501.37904447746,-1092.1092612181708,-1.8011044119605526,10.513886527664177,0,1,10.562118530273438,9.39611111111111
18153,1815.299,12501.414125015708,-1092.2111839171748,12500.523099106906,-1092.329746596378,-1.8014245703065865,10.544351176438745,0,1,10.611360549926758,9.311944444444444
18154,1815.399,12500.528288287116,-1092.4783506958279,12499.689767594076,-1092.5522935175954,-1.8018598281373401,10.326847851428518,0,1,9.891363143920898,9.261944444444445
18155,1815.499,12499.642451558526,-1092.7343855244806,12498.861410609887,-1092.7777853224623,-1.8023548740925437,10.463235420758357,0,1,10.281742095947266,9.181111111111111
18156,1815.599,12498.75661482992,-1092.9792884039239,12498.005571470565,-1093.0112066417369,-1.8028680321390185,10.500477914780035,0,1,10.338216781616211,9.2
18157,1815.699,12497.884098954411,-1093.2353232325765,12497.133899754814,-1093.252162782096,-1.803439569433441,10.61445165279188,0,1,10.60779857635498,9.096944444444444
18158,1815.799,12497.024903931931,-1093.4913580620203,12496.252485045266,-1093.4991881913488,-1.8040702481493454,10.648430954106475,0,1,10.632298469543457,8.956944444444444
18159,1815.9,12496.172369336,-1093.7362609422546,12495.363551504075,-1093.7495096724094,-1.8047225567923966,10.71417814040927,0,1,10.704521179199219,8.886944444444444
18160,1815.999,12495.319834740052,-1093.9811638224887,12494.491650934284,-1093.9969213346303,-1.8053908955467448,10.750346182312088,0,1,10.785094261169434,8.84611111111111
18161,1816.099,12494.480620997188,-1094.2483305995597,12493.603880921422,-1094.2537511829921,-1.8061537926554105,10.867120777254158,0,1,11.017898559570312,8.745
18162,1816.199,12493.654728107367,-1094.4709695805843,12492.72544094998,-1094.5562905514562,-1.8176186827137204,10.220500309994735,0,1,11.086712837219238,8.61111111111111
18163,1816.299,12492.835495644093,-1094.7270044100278,12491.834943477865,-1094.815255470403,-1.8180383602315913,10.299154232927973,0,1,11.327423095703125,8.511111111111111
18164,1816.399,12492.022923607337,-1094.9719072894711,12490.942527417272,-1095.0763108418348,-1.818484995431079,10.38340134075784,0,1,11.45345687866211,8.495
18165,1816.499,12491.223672423637,-1095.2168101697055,12490.032199054238,-1095.3437476250276,-1.818966498795577,10.64891725330738,0,1,12.149171829223633,8.393055555555556
18166,1816.599,12490.424421239955,-1095.4617130491488,12489.118673595425,-1095.6136063245337,-1.8194809462021473,10.65264486208927,0,1,11.984901428222656,8.30111111111111
18167,1816.699,12489.625170056252,-1095.6954839801735,12488.20884974296,-1095.8819425713218,-1.8199970654760134,10.886437880912766,0,1,12.522699356079102,8.290000000000001
18168,1816.799,12488.852560578694,-1095.9515188080354,12487.306687916962,-1096.1530578837153,-1.8205930691180352,10.885722823680917,0,1,12.35596752166748,8.091111111111111
18169,1816.899,12488.073290674598,-1096.1741577906416,12486.415535485277,-1096.4190924450252,-1.8211627305573048,11.078719906429507,0,1,12.750515937805176,8.143055555555556
18170,1816.999,12487.307341623557,-1096.4079287208756,12485.554650678014,-1096.6780856775813,-1.8217487839228244,10.904537884524197,0,1,12.119014739990234,7.998055555555556
18171,1817.099,12486.548052999051,-1096.652831600319,12484.728266448188,-1096.9311144890069,-1.822383594618971,11.015930851627006,0,1,12.314756393432617,7.936944444444444
18172,1817.2,12485.802085227599,-1096.875470582134,12483.883761109024,-1097.1878968557996,-1.8230072350293804,11.20046133619989,0,1,12.658138275146484,7.826944444444444
18173,1817.299,12485.07609873575,-1097.1203734623684,12483.112416474603,-1097.4298683887894,-1.8236963264799417,10.789569227398443,0,1,11.467738151550293,7.676944444444445
18174,1817.399,12484.343451817369,-1097.3430124433928,12482.327596172845,-1097.674432732371,-1.8243704021357396,11.356846188722056,0,1,12.911051750183105,7.725
18175,1817.5,12483.617465325506,-1097.610179221255,12481.474567748432,-1097.944522871157,-1.825184271509787,11.515971735830956,0,1,13.15427017211914,7.696944444444444
18176,1817.599,12482.898139260193,-1097.8105543038607,12480.67851904897,-1098.194404476893,-1.8259036936724098,11.296292036613716,0,1,12.545892715454102,7.516111111111112
18177,1817.699,12482.192134047918,-1098.033193287258,12479.873580777603,-1098.5127086712016,-1.83883218745083,10.984666219227703,0,1,13.880036354064941,7.391944444444444
18178,1817.799,12481.47946840914,-1098.244700318282,12478.99921395478,-1098.782923168158,-1.8391489409883763,11.155930694214733,0,1,14.324750900268555,7.3838888888888885
18179,1817.899,12480.77346319688,-1098.4673393008884,12478.082296513687,-1099.0654469270146,-1.839492836750717,11.69981124876389,0,1,15.625626564025879,7.395
18180,1817.999,12480.087439264196,-1098.6788463334942,12477.126311745193,-1099.358098123913,-1.8398491044741183,12.029992365317636,0,1,16.235139846801758,7.213888888888889
18181,1818.1,12479.408075758078,-1098.879221416891,12476.182237921357,-1099.6453404829308,-1.8401910416728755,12.105506113626044,0,1,16.153921127319336,7.098055555555556
18182,1818.199,12478.722051825409,-1099.090728448706,12475.335806411465,-1099.9054511281263,-1.8405448271283078,11.897059327278058,0,1,15.476634979248047,7.1530555555555555
18183,1818.299,12478.049348745792,-1099.279971582893,12474.540586118475,-1100.1478431022008,-1.8408509916553004,11.883191793116016,0,1,15.275671005249023,6.9880555555555555
18184,1818.399,12477.389966519246,-1099.4914786162901,12473.806499220527,-1100.3750919198176,-1.8411942985371954,11.644331860596411,0,1,14.51724624633789,6.936111111111111
18185,1818.499,12476.723923866182,-1099.6807217496862,12473.137619303861,-1100.581246170109,-1.841491403323703,11.466121424842408,0,1,13.935880661010742,6.941944444444444
18186,1818.599,12476.07786249266,-1099.9033607315016,12472.503990483177,-1100.7822641663865,-1.8418694064940482,11.425334185478027,0,1,13.741781234741211,6.796111111111111
18187,1818.699,12475.418480266144,-1100.125999712526,12471.883877126385,-1100.9826924778924,-1.8423012231480766,11.3657170062811,0,1,13.501598358154297,6.895
18188,1818.799,12474.80572102531,-1100.393166491179,12471.303331092919,-1101.1853105547382,-1.8429514606534794,11.139308889703441,0,1,12.802370071411133,6.6899999999999995
18189,1818.899,12474.16632007837,-1100.626937422204,12470.752015669108,-1101.3831658474867,-1.8436495532641501,11.06615349362518,0,1,12.543495178222656,6.801944444444444
18190,1818.999,12473.533579557947,-1100.8718403016471,12470.22413980696,-1101.579591624166,-1.8444220643080744,10.86059219012621,0,1,11.897216796875,6.768888888888888
18191,1819.099,12472.89417861099,-1101.0610834358345,12469.715846164452,-1101.7641808603512,-1.8450769896321728,10.773651554978423,0,1,11.603909492492676,6.678055555555556
18192,1819.199,12472.274758943622,-1101.2725904676495,12469.204881422367,-1101.9493124259175,-1.8457199755945686,10.756028202518259,0,1,11.515307426452637,6.553888888888889
18193,1819.299,12471.65533927627,-1101.495229451047,12468.680594166377,-1102.1400467438757,-1.8463867248771144,10.765510607432324,0,1,11.49875545501709,6.563055555555555
18194,1819.399,12471.05590088849,-1101.8291879225835,12468.151334155691,-1102.3549317695858,-1.8474189017463745,10.733450749798969,0,1,11.351374626159668,6.64
18195,1819.5,12470.449802074192,-1102.1297505480738,12467.614860227897,-1102.6627954021492,-1.8636619054960342,10.264015665367527,0,1,11.672806739807129,6.683055555555556
18196,1819.6,12469.83038240684,-1102.3635214783078,12467.043360215448,-1102.899382254673,-1.8643407155721992,10.271606444574891,0,1,11.691650390625,6.693888888888889
18197,1819.699,12469.217623166007,-1102.5972924093326,12466.479923558332,-1103.1317762178885,-1.8650187421369813,10.251369228747153,0,1,11.520063400268555,6.585
18198,1819.799,12468.58488264557,-1102.7865355435197,12465.909014254245,-1103.3558991169486,-1.865583086716376,10.253798690718611,0,1,11.365962982177734,6.611944444444444
18199,1819.899,12467.958802551699,-1103.0203064737536,12465.3427847306,-1103.5780196394255,-1.8661580313306814,10.244666168619268,0,1,11.183710098266602,6.628055555555555
18200,1819.999,12467.3527037374,-1103.2540774039874,12464.778703371705,-1103.8000626826129,-1.8667556536842078,10.276090763464703,0,1,11.155244827270508,6.481944444444444
18201,1820.099,12466.706642363908,-1103.4655844365934,12464.202621150223,-1104.0201611669022,-1.8672926966654746,10.314519105547129,0,1,11.151005744934082,6.728055555555556
18202,1820.199,12466.100543549595,-1103.7661470620837,12463.624313460547,-1104.2541692323339,-1.8680213235806349,10.33922811852044,0,1,11.09957504272461,6.688055555555556
18203,1820.3,12465.507765588369,-1104.0555777383645,12463.037563012178,-1104.50069264007,-1.868897419249637,10.395187020941833,0,1,11.108356475830078,6.54111111111111
18204,1820.399,12464.921648053674,-1104.356140363064,12462.477497162829,-1104.7494391572022,-1.8699278437641529,10.341594934950427,0,1,10.866975784301758,6.573888888888889
18205,1820.499,12464.315549239374,-1104.5119876504139,12461.908730029822,-1104.982960153962,-1.870711534261525,10.394972827022606,0,1,10.917118072509766,6.338055555555555
18206,1820.599,12463.749412984254,-1104.589911294089,12461.330152136907,-1105.1928955865642,-1.871119594602054,10.495047328224615,0,1,11.115628242492676,5.805000000000001
18207,1820.699,12463.183276729136,-1104.7346266314382,12460.751688652233,-1105.3923619761358,-1.8713823685302378,10.48501438066505,0,1,10.963366508483887,5.84
18208,1820.799,12462.62380090055,-1104.9461336648353,12460.18047491371,-1105.5930839437337,-1.8717039147819126,10.538494450887882,0,1,11.01650619506836,5.848888888888889
18209,1820.899,12462.077645925034,-1105.3691477300474,12459.615534029297,-1105.8332063614848,-1.8726563085174128,10.54744792667466,0,1,10.935359954833984,6.216944444444445
18210,1820.999,12461.518170096462,-1105.6251825586999,12459.037878254268,-1106.0814738106346,-1.873678973037239,10.729927032670226,0,1,11.36693286895752,6.138055555555556
18211,1821.099,12461.00531725359,-1105.948009081818,12458.462982782874,-1106.3469734894034,-1.874990582669536,10.69288925197364,0,1,11.150394439697266,6.048055555555556
18212,1821.199,12460.492464410705,-1106.181780012843,12457.927677815016,-1106.5992341126073,-1.8762866816755759,10.549538529926306,0,1,10.63791275024414,5.836944444444445
18213,1821.299,12460.01957412704,-1106.4489467907051,12457.429342581281,-1106.8472839236815,-1.8776942479927017,10.525489460926215,0,1,10.492520332336426,5.591111111111111
18214,1821.399,12459.500060857632,-1106.794037212242,12456.92526601192,-1107.11468098026,-1.8793793724791499,10.626112707039107,0,1,10.714906692504883,5.968055555555555
18215,1821.499,12459.027170573954,-1107.1057317861512,12456.455228210329,-1107.5150382380748,-1.9090003819704717,10.05500904135139,0,1,10.729284286499023,5.7
18216,1821.599,12458.567601143313,-1107.4174263600598,12455.973559823053,-1107.7959315808046,-1.9101436859212721,9.949320703570017,0,1,10.279289245605469,5.611944444444444
18217,1821.699,12458.108031712705,-1107.795912629225,12455.530623837045,-1108.0831750252805,-1.9115579020234876,9.878323805468433,0,1,9.865276336669922,5.801944444444445
18218,1821.799,12457.688424841272,-1108.1521349999716,12455.128465017397,-1108.3707297497772,-1.913171919788894,9.78179972138562,0,1,9.35891342163086,5.526944444444444
18219,1821.899,12457.25549711676,-1108.452697624671,12454.744972005572,-1108.653309616459,-1.9148206988587364,9.78446674459083,0,1,9.275212287902832,5.396111111111111
18220,1821.999,12456.862531951434,-1108.853447791464,12454.363062796774,-1108.956686368412,-1.9167476645504455,9.81506018805034,0,1,9.300336837768555,5.465
18221,1822.099,12456.476227212648,-1109.1874062637917,12453.989459519536,-1109.263688244598,-1.9187701659351422,9.78062807051476,0,1,9.061629295349121,5.188888888888889
18222,1822.199,12456.109903753462,-1109.5547605829568,12453.151076029339,-1109.567798482447,-1.9187701659351422,11.462184224989556,1,0,8.775054931640625,5.171944444444445
18223,1822.299,12455.776882426937,-1109.933246852122,12452.323287365349,-1109.8680656174013,-1.9187701659351422,13.249820348013087,1,0,8.836241722106934,4.925
18224,1822.399,12455.477163233041,-1110.3228650697056,12451.483967797445,-1110.1725154038365,-1.9187701659351422,15.09688721307664,1,0,9.020376205444336,4.75111111111111
18225,1822.499,12455.210746171819,-1110.7347471857083,12450.64967020047,-1110.475143550416,-1.9187701659351422,16.83830353197959,1,0,8.729398727416992,4.738888888888888
18226,1822.599,12454.937668684046,-1111.0130459127797,12449.83713020413,-1110.76987947439,-1.9187701659351422,18.628806284075115,1,0,8.557480812072754,4.323055555555555
18227,1822.699,12454.664591196302,-1111.257948793014,12449.030244267587,-1111.0625644783536,-1.9187701659351422,20.50269158245146,1,0,8.609107971191406,3.9699999999999998
18228,1822.799,12454.471438826915,-1111.603039214551,12448.227413498722,-1111.3537785349204,-1.9187701659351422,22.345270339951988,1,0,8.471206665039062,3.6380555555555554
18229,1822.899,12454.271626030979,-1111.9592615845065,12447.424087180432,-1111.645172344137,-1.9187701659351422,24.29640303916661,1,0,8.619650840759277,3.8319444444444444
18230,1822.999,12454.058492381988,-1112.1930325155315,12446.635775763149,-1111.9311197374957,-1.9187701659351422,26.082666168853272,1,0,8.151762962341309,3.4219444444444447
18231,1823.099,12453.931944277905,-1112.4935951402308,12445.871609593725,-1112.2083088272998,-1.9187701659351422,28.00805871723548,1,0,8.105957984924316,3.1288888888888886
18232,1823.199,12453.78541489423,-1112.7718938673024,12445.110485035393,-1112.4843946211934,-1.9187701659351422,29.964159675985865,1,0,8.087052345275879,3.091111111111111
18233,1823.299,12453.572281245255,-1112.7941577657211,12444.36133638929,-1112.7561363439374,-1.9187701659351422,31.8718102846198,1,0,7.851169109344482,2.4269444444444446
18234,1823.399,12453.485695700349,-1113.0501925943736,12443.636385414839,-1113.0191007472324,-1.9187701659351422,33.77727752636468,1,0,7.572244167327881,2.355
18235,1823.5,12453.372468449334,-1113.3173593722358,12442.943083353433,-1113.2705850121079,-1.9187701659351422,35.62957297635102,1,0,7.031794548034668,2.466111111111111
18236,1823.6,12453.225939065644,-1113.428678863539,12442.280729886385,-1113.5108431679994,-1.9187701659351422,37.63244939675399,1,0,7.059849739074707,2.1469444444444443
18237,1823.699,12453.126032667698,-1113.6179219977264,12441.645351303488,-1113.741316614903,-1.9187701659351422,39.479139332843296,1,0,6.5944437980651855,2.0819444444444444
18238,1823.8,12452.979503284012,-1113.7626373358667,12441.055794992662,-1113.955168763461,-1.9187701659351422,41.27751450037592,1,0,5.824245929718018,2.011944444444444
18239,1823.899,12452.91955944523,-1113.9184846224257,12440.565966686676,-1114.1328461688863,-1.9187701659351422,42.927686414911555,1,0,4.702170372009277,1.6830555555555555
18240,1823.999,12452.839634326872,-1114.0631999605662,12440.14683228373,-1114.2848804885239,-1.9187701659351422,44.72298218035904,1,0,4.214961051940918,1.6180555555555556
18241,1824.099,12452.786350914625,-1114.219047247916,12439.766595933092,-1114.4228051600958,-1.9187701659351422,46.53114858679839,1,0,3.87460994720459,1.495
18242,1824.199,12452.733067502377,-1114.3971584328938,12439.420044347235,-1114.548511220502,-1.9187701659351422,48.31949684365454,1,0,3.4983139038085938,1.5919444444444444
18243,1824.299,12452.66646323706,-1114.5418737710343,12439.110517856509,-1114.6607870181854,-1.9187701659351422,50.085896583079524,1,0,3.0868968963623047,1.5069444444444444
18244,1824.399,12452.619840251347,-1114.5864015670809,12438.842041236683,-1114.7581726299293,-1.9187701659351422,51.825789057268615,1,0,2.6249732971191406,1.0319444444444443
18245,1824.5,12452.573217265634,-1114.7311169052214,12438.604255402015,-1114.8444256488635,-1.9187701659351422,53.597913260931925,1,0,2.3838586807250977,1.2138888888888888
18246,1824.599,12452.553235986044,-1114.8201724981056,12438.382045907249,-1114.9250285989344,-1.9187701659351422,55.35409829821766,1,0,2.3914260864257812,1.0699999999999998
18247,1824.699,12452.506613000332,-1114.8758322433619,12438.15484772517,-1115.0074411157602,-1.9187701659351422,57.14461358800946,1,0,2.4422407150268555,0.7869444444444444
18248,1824.799,12452.486631720742,-1114.9537558870368,12437.927355396072,-1115.0899603297262,-1.9187701659351422,58.92435045927298,1,0,2.397684097290039,0.58
18249,1824.899,12452.446669161536,-1114.9426239378272,12437.699199555207,-1115.1727202220027,-1.9187701659351422,60.72121459624377,1,0,2.456357002258301,0.3788888888888889
18250,1824.999,12452.433348308496,-1115.0205475815023,12437.462480952005,-1115.2585861197445,-1.9187701659351422,62.53807386925401,1,0,2.57985782623291,0.5
18251,1825.099,12452.426687881947,-1115.0539434291306,12437.219011311574,-1115.3469008485642,-1.9187701659351422,64.35016339174234,1,0,2.5999860763549805,0.31999999999999995
18252,1825.199,12452.406706602373,-1115.0873392759677,12436.979160549126,-1115.4339028871154,-1.9187701659351422,66.14577108467743,1,0,2.502865791320801,0.2980555555555555
18253,1825.299,12452.393385749301,-1115.1318670720145,12436.744572158474,-1115.5189960842308,-1.9187701659351422,67.95232927650817,1,0,2.4880285263061523,0.31499999999999995
18254,1825.399,12452.373404469714,-1115.1652629204336,12436.502520313858,-1115.606796530232,-1.9187701659351422,69.79792093964738,1,0,2.661651611328125,0.25305555555555553
18255,1825.499,12452.360083616659,-1115.19865876648,12436.238185599665,-1115.7026797317692,-1.9187701659351422,71.69271555927166,1,0,2.962099075317383,0.23111111111111113
18256,1825.599,12452.340102337055,-1115.2431865633177,12435.964207148521,-1115.8020610450715,-1.9187701659351422,73.53401507707653,1,0,2.866823196411133,0.24611111111111109
18257,1825.699,12452.326781483986,-1115.2877143593644,12435.685928242823,-1115.9030022796728,-1.9187701659351422,75.43588588611932,1,0,3.053591728210449,0.24888888888888885
18258,1825.799,12452.306800204411,-1115.3211102069924,12435.406587279007,-1116.0043287589172,-1.9187701659351422,77.27940920068109,1,0,2.889418601989746,0.27194444444444443
18259,1825.899,12452.286818924806,-1115.3767699522489,12435.135570649,-1116.1026357188425,-1.9187701659351422,79.14829356893708,1,0,2.876490592956543,0.37
18260,1825.999,12452.266837645187,-1115.4324296975049,12434.859299088283,-1116.2028488210685,-1.9187701659351422,81.05413769397695,1,0,3.001217842102051,0.41611111111111115
18261,1826.099,12452.260177218683,-1115.4769574935515,12434.558714496667,-1116.3118810874694,-1.9187701659351422,83.0503571368815,1,0,3.3937530517578125,0.31805555555555554
18262,1826.199,12452.240195939095,-1115.543749188017,12434.231599027127,-1116.4305370066797,-1.9187701659351422,85.03970791609903,1,0,3.5656652450561523,0.4438888888888889
18263,1826.299,12452.226875086024,-1115.599408934064,12433.883386286088,-1116.5568456246338,-1.9187701659351422,87.0904358415822,1,0,3.842599868774414,0.47694444444444445
18264,1826.399,12452.200233379917,-1115.6328047809016,12433.512607017692,-1116.6913398904587,-1.9187701659351422,89.1621350683185,1,0,4.045770645141602,0.2861111111111111
18265,1826.499,12452.17359167379,-1115.7218603737858,12433.115566633149,-1116.8353599573118,-1.9187701659351422,91.32537515141938,1,0,4.401308059692383,0.58
18266,1826.599,12452.14694996767,-1115.755256220623,12432.696458363656,-1116.987384797456,-1.9187701659351422,93.45939217066068,1,0,4.515267372131348,0.5238888888888888
18267,1826.699,12452.10698740849,-1115.7886520682512,12432.264799313227,-1117.143962233205,-1.9187701659351422,95.63782656938555,1,0,4.668327331542969,0.47
18268,1826.799,12452.09366655542,-1115.911103507973,12431.805474529627,-1117.3105749724039,-1.9187701659351422,97.97163249811965,1,0,5.103858947753906,0.6638888888888889
18269,1826.899,12452.067024849297,-1115.9667632532291,12431.303192984806,-1117.4927695915922,-1.9187701659351422,100.41426157660797,1,0,5.582237243652344,0.6480555555555556
18270,1826.999,12452.013741437064,-1116.0112910492758,12430.761426281519,-1117.689286822241,-1.9187701659351422,102.90047479801345,1,0,5.943910121917725,0.7230555555555556
18271,1827.099,12452.007081010514,-1116.0892146929507,12430.18851410642,-1117.8971015760317,-1.9187701659351422,105.4398760779642,1,0,6.244860649108887,0.5480555555555555
18272,1827.199,12451.980439304405,-1116.2116661326722,12429.586542563447,-1118.115457152032,-1.9187701659351422,108.06815013623985,1,0,6.5621514320373535,0.8880555555555556
18273,1827.299,12451.920495465609,-1116.2227980818816,12428.949284741262,-1118.3466122630145,-1.9187701659351422,110.8553956670184,1,0,6.995580196380615,0.575
18274,1827.399,12451.853891200306,-1116.2673258787192,12428.264615524899,-1118.5949651010421,-1.9187701659351422,113.85675759907467,1,0,7.570834159851074,0.7438888888888888
18275,1827.499,12451.827249494198,-1116.3452495223944,12427.537641404366,-1118.8586633683103,-1.9187701659351422,116.84265173811013,1,0,7.8956217765808105,0.6261111111111111
18276,1827.6,12451.76064522888,-1116.4231731652783,12426.750015150392,-1119.1443622296058,-1.9187701659351422,120.33532004193971,1,0,8.695305824279785,0.8488888888888889
18277,1827.699,12451.714022243166,-1116.5010968089532,12425.980626209197,-1119.423445796569,-1.9187701659351422,122.70506756815509,1,0,7.838871955871582,0.8188888888888889
18278,1827.799,12451.68072011051,-1116.5010968089532,12425.209006626794,-1119.7033384930526,-1.9187701659351422,126.2300687028033,1,0,8.577421188354492,0.4361111111111111
18279,1827.899,12451.674059683988,-1116.6124163002564,12424.388845479263,-1120.0008388680674,-1.9187701659351422,129.6208740393146,1,0,8.871599197387695,0.6311111111111111
18280,1827.999,12451.627436698262,-1116.6346801978843,12423.516934537942,-1120.3171106553905,-1.9187701659351422,133.60063370231038,1,0,9.678403854370117,0.5638888888888888
18281,1828.099,12451.594134565617,-1116.7126038423503,12422.54353023338,-1120.670197541449,-1.9187701659351422,138.4390653730843,1,0,11.030881881713867,0.6011111111111112
18282,1828.199,12451.534190726836,-1116.7237357907686,12421.522933620827,-1121.0404026845329,-1.9187701659351422,141.9572101956813,1,0,10.682425498962402,0.4688888888888889
18283,1828.299,12451.480907314586,-1116.7793955368156,12420.538020377004,-1121.3976642547455,-1.9187701659351422,145.44286375176227,1,0,10.271714210510254,0.6488888888888888
18284,1828.399,12451.500888594175,-1116.912978924956,12419.614184686727,-1121.732770916573,-1.9187701659351422,148.4778309025285,1,0,9.382993698120117,0.5419444444444445
18285,1828.5,12451.454265608478,-1116.9352428233747,12418.709271251097,-1122.0610138323293,-1.9187701659351422,152.58828307196694,1,0,9.678525924682617,0.4711111111111111
18286,1828.6,12451.400982196217,-1116.9909025686306,12417.830090772304,-1122.3799225284233,-1.9187701659351422,155.89342126005982,1,0,9.026137351989746,0.5269444444444444
18287,1828.699,12451.34769878397,-1117.0465623138869,12417.001812054084,-1122.680367422733,-1.9187701659351422,159.4676551831893,1,0,8.773582458496094,0.5111111111111111
18288,1828.799,12451.301075798256,-1117.0910901099335,12416.178144451724,-1122.979139708311,-1.9187701659351422,163.30469319630146,1,0,8.750038146972656,0.4938888888888889
18289,1828.899,12451.281094518667,-1117.180145702818,12415.360451413762,-1123.275744815945,-1.9187701659351422,167.12895803598107,1,0,8.646472930908203,0.5211111111111111
18290,1829.0,12451.207829826844,-1117.2246734996554,12414.529214701637,-1123.5772626753655,-1.9187701659351422,171.3440877532096,1,0,8.863085746765137,0.7561111111111111
18291,1829.099,12451.134565134993,-1117.2469373972835,12413.711066581654,-1123.874032856744,-1.9187701659351422,175.2577865944795,1,0,8.718927383422852,0.6880555555555555
18292,1829.199,12451.10792342887,-1117.3805207862147,12412.908670578401,-1124.1650892090192,-1.9187701659351422,179.03424834933062,1,0,8.352137565612793,0.85
18293,1829.299,12450.98803575132,-1117.44731248068,12412.144865772314,-1124.4421472200368,-1.9187701659351422,182.69640252398915,1,0,7.897895336151123,1.1961111111111111
18294,1829.399,12450.861487647235,-1117.658819512495,12411.402165140906,-1124.7115500282935,-1.9187701659351422,186.71448671267026,1,0,7.903143882751465,1.585
18295,1829.499,12450.741599969671,-1117.6922153609141,12410.67023812603,-1124.9770448789882,-1.9187701659351422,190.57260335148905,1,0,7.668685436248779,1.3619444444444446
18296,1829.599,12450.628372718656,-1117.7367431577518,12409.96675905486,-1125.232220691837,-1.9187701659351422,194.29506932788445,1,0,7.297910690307617,1.3488888888888888
18297,1829.699,12450.44854120231,-1117.9148543419387,12409.288607983182,-1125.4782091768413,-1.9187701659351422,198.1382932430301,1,0,7.129829406738281,1.8719444444444444
18298,1829.799,12450.29535139213,-1117.9927779856137,12408.627287863315,-1125.7180925025239,-1.9187701659351422,201.9591941361779,1,0,6.939830303192139,1.733888888888889
18299,1829.899,12450.108859449248,-1118.1263613745446,12407.982381747905,-1125.952021909887,-1.9187701659351422,205.7936292588525,1,0,6.7806196212768555,2.0930555555555554
18300,1830.0,12449.922367506382,-1118.2042850182197,12407.346853460447,-1126.1825496597326,-1.9187701659351422,209.6500572169194,1,0,6.6064453125,2.013888888888889
18301,1830.099,12449.722554710475,-1118.2488128142663,12406.731360107333,-1126.4058100566947,-1.9187701659351422,213.57068027591745,1,0,6.620514392852783,2.0180555555555553
18302,1830.199,12449.529402341088,-1118.2599447634757,12406.118987405554,-1126.627938487158,-1.9187701659351422,217.38903936655487,1,0,6.407783508300781,1.9419444444444445
18303,1830.299,12449.342910398222,-1118.3044725603133,12405.50783694696,-1126.849623568401,-1.9187701659351422,221.5219000293588,1,0,6.594511032104492,1.9561111111111114
18304,1830.399,12449.083153763519,-1118.3823962031975,12404.884168295797,-1127.075849424337,-1.9187701659351422,225.6784294001223,1,0,6.67410945892334,2.406111111111111
18305,1830.499,12448.836717981885,-1118.4603198468724,12404.264032232917,-1127.3007938902176,-1.9187701659351422,229.70008598514275,1,0,6.519354820251465,2.4630555555555556
18306,1830.599,12448.570300920646,-1118.4714517960817,12403.654999413227,-1127.5217108317227,-1.9187701659351422,233.77534056365909,1,0,6.437886714935303,2.5911111111111107
18307,1830.699,12448.303883859424,-1118.4603198468724,12403.053977505222,-1127.7397219427853,-1.9187701659351422,237.8572905577558,1,0,6.348921775817871,2.643888888888889
18308,1830.799,12448.064108504308,-1118.449187897663,12402.449050909816,-1127.9591494169244,-1.9187701659351422,242.18822378356842,1,0,6.520959377288818,2.3899999999999997
18309,1830.899,12447.771049736946,-1118.4714517960817,12401.841847835214,-1128.1794026475827,-1.9187701659351422,246.36229754859957,1,0,6.3973541259765625,2.8
18310,1830.999,12447.49797224919,-1118.4157920508255,12401.247247292955,-1128.3950845106392,-1.9187701659351422,250.5124822126468,1,0,6.252839088439941,2.7130555555555556
18311,1831.099,12447.21823433491,-1118.3935281524068,12400.658491634003,-1128.6086462354992,-1.9187701659351422,254.7995962900212,1,0,6.273003578186035,2.7538888888888886
18312,1831.199,12446.911854714495,-1118.3267364579413,12400.059604219414,-1128.82588309312,-1.9187701659351422,259.3086121496531,1,0,6.468393325805664,3.0519444444444446
18313,1831.3,12446.612135520598,-1118.3601323047785,12399.437665353556,-1129.0514814970259,-1.9187701659351422,263.97361294133117,1,0,6.632417678833008,2.93
18314,1831.399,12446.312416326717,-1118.215416966638,12398.839302559727,-1129.2685280568328,-1.9187701659351422,268.10669768967125,1,0,6.226406097412109,3.1219444444444444
18315,1831.5,12446.006036706302,-1118.1040974769169,12398.254870889556,-1129.4805213237287,-1.9187701659351422,272.46078725977907,1,0,6.084335803985596,3.1830555555555553
18316,1831.599,12445.699657085883,-1117.9371182403574,12397.68326117456,-1129.6878636308902,-1.9187701659351422,276.94583079647714,1,0,6.199563980102539,3.371944444444444
18317,1831.699,12445.379956612427,-1117.7812709530076,12397.10185125697,-1129.898760805233,-1.9187701659351422,281.439748005516,1,0,6.169997215270996,3.516111111111111
18318,1831.799,12445.053595712408,-1117.6031597680299,12396.520891121645,-1130.109494828233,-1.9187701659351422,286.01277294077374,1,0,6.189994812011719,3.6369444444444445
18319,1831.899,12444.740555665456,-1117.391652735424,12395.93050889063,-1130.3236465661664,-1.9187701659351422,290.8053665339426,1,0,6.370453357696533,3.7061111111111114
18320,1831.999,12444.42751561852,-1117.15788180519,12395.319725533072,-1130.5451984873623,-1.9187701659351422,295.8196365732764,1,0,6.624031066894531,3.803055555555556
18321,1832.1,12444.101154718515,-1116.9352428233747,12394.684480004862,-1130.7756236708008,-1.9187701659351422,300.9438268271192,1,0,6.757077693939209,3.866944444444444
18322,1832.199,12443.754812538918,-1116.6458121478847,12394.040861041536,-1131.009086184274,-1.9187701659351422,306.2984432954979,1,0,7.074301719665527,4.301944444444445
18323,1832.299,12443.421791212362,-1116.367513420022,12393.362656134053,-1131.2550941973586,-1.9187701659351422,311.9076285180237,1,0,7.354583740234375,4.308055555555556
18324,1832.399,12443.062128179716,-1116.0224229984851,12392.628943998194,-1131.521236572218,-1.9187701659351422,318.5375617190099,1,0,8.255224227905273,4.696944444444445
18325,1832.499,12442.702465147051,-1115.7107284237854,12391.829369018178,-1131.8112696433077,-1.9187701659351422,325.2817098499353,1,0,8.755823135375977,4.778888888888889
18326,1832.602,12442.342802114403,-1115.3211102069924,12390.95536596984,-1132.128300309083,-1.9187701659351422,332.7007676740662,1,0,9.297101974487305,5.001111111111111
18327,1832.699,12441.983139081725,-1114.9760197862465,12390.088175245486,-1132.4428599129865,-1.9187701659351422,339.9786990244302,1,0,9.72308349609375,5.021944444444444
18328,1832.799,12441.58351348988,-1114.5530057202436,12389.145031909688,-1132.7849701152772,-1.9187701659351422,348.19082026770866,1,0,10.34239673614502,5.4750000000000005
18329,1832.9,12441.203869177629,-1114.1522555534505,12388.130717515918,-1133.1528964836957,-1.9187701659351422,357.15069212328785,1,0,11.023595809936523,5.516111111111111
18330,1832.999,12440.817564438856,-1113.740373437448,12387.073632445454,-1133.5363372329098,-1.9187701659351422,366.56211590522304,1,0,11.693175315856934,5.563055555555556
18331,1833.099,12440.417938846998,-1113.2728315753982,12385.96784494748,-1133.937444010918,-1.9187701659351422,375.6985879884366,1,0,11.8325777053833,5.8999999999999995
18332,1833.199,12440.004992402084,-1112.8052897149305,12384.893326192318,-1134.3272085511953,-1.9187701659351422,383.3420885528822,1,0,11.027929306030273,6.126944444444444
18333,1833.299,12439.59204595719,-1112.3266159044624,12383.845763084539,-1134.707195360317,-1.9187701659351422,392.5634145984711,1,0,11.259093284606934,6.235
18334,1833.399,12439.172439085743,-1111.7922823487381,12382.774507917926,-1135.0957760859017,-1.9187701659351422,402.20141044859463,1,0,11.531980514526367,6.508055555555555
18335,1833.499,12438.73951136124,-1111.2356848945951,12381.686414291178,-1135.4904646943332,-1.9187701659351422,411.85315052248353,1,0,11.61733341217041,6.766944444444444
18336,1833.599,12438.31324406329,-1110.70135133808,12380.589452055536,-1135.8883702491905,-1.9187701659351422,421.7888470566125,1,0,11.720661163330078,6.819999999999999
18337,1833.699,12437.886976765325,-1110.1336219355185,12379.48343814235,-1136.2895591557058,-1.9187701659351422,431.96402867102074,1,0,11.809908866882324,6.94
18338,1833.799,12437.454049040807,-1109.5547605829568,12378.371545726497,-1136.692880395304,-1.9187701659351422,442.2929989690533,1,0,11.84572696685791,7.043055555555555
18339,1833.899,12437.001140036718,-1108.9425033843484,12377.268263722826,-1137.0930783452159,-1.9187701659351422,452.32557091021425,1,0,11.626721382141113,7.3838888888888885
18340,1833.999,12436.554891459147,-1108.352510083368,12376.186770877162,-1137.4853726255888,-1.9187701659351422,462.3361161640094,1,0,11.382160186767578,7.421944444444445
18341,1834.099,12436.101982455059,-1107.6957250871314,12375.130937226557,-1137.8683594422087,-1.9187701659351422,472.2342122831697,1,0,11.080819129943848,7.6930555555555555
18342,1834.199,12435.642413024449,-1107.050072040104,12374.113987552948,-1138.2372417163574,-1.9187701659351422,481.6417950499184,1,0,10.554899215698242,7.781944444444444
18343,1834.299,12435.169522740769,-1106.3598911978208,12373.133554291082,-1138.5928782445687,-1.9187701659351422,491.3404475893344,1,0,10.30392837524414,8.123888888888889
18344,1834.399,12434.729934589734,-1105.7365020492123,12372.197192429243,-1138.9325285753428,-1.9187701659351422,500.18231208901585,1,0,9.61727523803711,7.901944444444444
18345,1834.5,12434.26370473259,-1105.0129253593009,12371.285081139797,-1139.263382397768,-1.9187701659351422,509.93977648747517,1,0,9.595863342285156,8.288888888888888
18346,1834.599,12433.82411658154,-1104.333876465436,12370.40212141238,-1139.5836619560232,-1.9187701659351422,519.2562372208408,1,0,9.378952026367188,8.135
18347,1834.699,12433.35788672438,-1103.5991678263154,12369.54263062956,-1139.895428528947,-1.9187701659351422,528.1645814209943,1,0,8.906810760498047,8.48388888888889
18348,1834.799,12432.911638146825,-1102.8421952887759,12368.68903937272,-1140.2050551429159,-1.9187701659351422,538.260468286496,1,0,9.253438949584961,8.618055555555555
18349,1834.899,12432.472049995806,-1102.0963547004455,12367.819853392912,-1140.5203384939127,-1.9187701659351422,548.1368557055351,1,0,9.238590240478516,8.616944444444444
18350,1834.999,12432.012480565181,-1101.3171182652782,12366.955219026715,-1140.8339708196677,-1.9187701659351422,558.0043290376849,1,0,9.15660285949707,8.931944444444445
18351,1835.099,12431.579552840678,-1100.5378818301108,12366.093368343852,-1141.1465934086918,-1.9187701659351422,568.1205752419826,1,0,9.179367065429688,8.898888888888889
18352,1835.199,12431.139964689659,-1099.725249545733,12365.227319857559,-1141.4607386839575,-1.9187701659351422,578.4713988311515,1,0,9.245911598205566,9.096944444444444
18353,1835.299,12430.69371611209,-1098.9571450597748,12364.36479418752,-1141.773606113814,-1.9187701659351422,588.6210476607386,1,0,9.104418754577637,9.046111111111111
18354,1835.4,12430.267448814122,-1098.0665891340952,12363.503999071998,-1142.085845812622,-1.9187701659351422,598.994268231946,1,0,9.027771949768066,9.415
18355,1835.499,12429.841181516156,-1097.2539568512993,12362.654669458623,-1142.393926583396,-1.9187701659351422,609.7329248711696,1,0,9.224331855773926,9.30888888888889
18356,1835.599,12429.434895497778,-1096.3856648224566,12361.805910335372,-1142.7018004179765,-1.9187701659351422,619.7729243338122,1,0,8.833113670349121,9.413055555555555
18357,1835.699,12429.028609479401,-1095.5173727944048,12360.97052181245,-1143.0048242805433,-1.9187701659351422,630.5060756384561,1,0,8.939870834350586,9.473888888888888
18358,1835.799,12428.628983887545,-1094.649080766353,12360.123414699918,-1143.3120988745852,-1.9187701659351422,641.5494440619528,1,0,9.082427978515625,9.5
18359,1835.899,12428.256000001826,-1093.7585248390915,12359.252863415326,-1143.6278774681155,-1.9187701659351422,653.3118023040626,1,0,9.438648223876953,9.533888888888889
18360,1835.999,12427.876355689574,-1092.8568369649931,12358.372755579998,-1143.947122548002,-1.9187701659351422,664.5569287540452,1,0,9.285744667053223,9.666111111111112
18361,1836.099,12427.510032230388,-1091.9440171401038,12357.480594709625,-1144.27073967411,-1.9187701659351422,676.9500735963393,1,0,9.695077896118164,9.774999999999999
18362,1836.2,12427.13704834464,-1091.0311973160053,12356.552489537638,-1144.6073950223306,-1.9187701659351422,689.5503588342978,1,0,9.854963302612305,9.831944444444446
18363,1836.3,12426.770724885471,-1090.0849816434873,12355.627646835346,-1144.9428669617046,-1.9187701659351422,701.9422762698358,1,0,9.821168899536133,9.96111111111111
18364,1836.399,12426.397740999739,-1089.14989792097,12354.729947811295,-1145.268492964728,-1.9187701659351422,713.6449070909292,1,0,9.470394134521484,10.065
18365,1836.499,12426.051398820146,-1088.1814183516155,12353.843897820634,-1145.5898934666866,-1.9187701659351422,725.7966183446435,1,0,9.38041877746582,10.148888888888889
18366,1836.599,12425.698396214,-1087.2240707306794,12352.948848060732,-1145.9145584913942,-1.9187701659351422,738.7993325245435,1,0,9.661865234375,10.158888888888889
18367,1836.699,12425.365374887475,-1086.2444592105333,12352.022648929169,-1146.250522453852,-1.9187701659351422,752.5303940917537,1,0,10.04312515258789,10.221944444444444
18368,1836.799,12425.032353560933,-1085.26484769276,12351.079101578267,-1146.5927792061775,-1.9187701659351422,765.9909217238642,1,0,10.030950546264648,10.275
18369,1836.899,12424.705992660942,-1084.285236173405,12350.12884142656,-1146.9374709199285,-1.9187701659351422,779.9987829158955,1,0,10.185940742492676,10.283055555555555
18370,1836.999,12424.386292187457,-1083.2722288072127,12349.177302035641,-1147.2826266573004,-1.9187701659351422,793.7081991309813,1,0,10.05816650390625,10.403055555555556
18371,1837.099,12424.073252140506,-1082.2592214410206,12348.243681720864,-1147.621282535604,-1.9187701659351422,807.1432801848312,1,0,9.804710388183594,10.46611111111111
18372,1837.2,12423.766872520091,-1081.2462140748282,12347.30966026835,-1147.960083920223,-1.9187701659351422,821.3191000818706,1,0,9.869954109191895,10.46611111111111
18373,1837.301,12423.47381375273,-1080.2332067086359,12346.31484025819,-1148.3209390119155,-1.9187701659351422,838.6129225934878,1,0,11.085399627685547,10.52111111111111
18374,1837.399,12423.194075838448,-1079.1979354440248,12345.278652966852,-1148.6967994250629,-1.9187701659351422,855.0399152005202,1,0,11.409499168395996,10.666944444444445
18375,1837.499,12422.914337924156,-1078.1626641802045,12344.165728391697,-1149.1004950639847,-1.9187701659351422,873.9580669686301,1,0,12.268095970153809,10.66388888888889
18376,1837.599,12422.647920862935,-1077.116260966384,12343.010222426728,-1149.519636422905,-1.9187701659351422,892.0381600486523,1,0,12.315423011779785,10.711111111111112
18377,1837.699,12422.394824654766,-1076.058725804145,12341.843140866504,-1149.9429766443784,-1.9187701659351422,910.8948831674727,1,0,12.514368057250977,10.733055555555556
18378,1837.799,12422.148388873116,-1075.001190641115,12340.661504900909,-1150.3715962442632,-1.9187701659351422,930.0523341955368,1,0,12.625069618225098,10.916944444444445
18379,1837.899,12421.901953091483,-1073.9325235296667,12339.46490961832,-1150.8056420977916,-1.9187701659351422,949.9476628910661,1,0,12.832629203796387,10.879999999999999
18380,1837.999,12421.695479869028,-1072.83046057059,12338.232151241089,-1151.2528055371142,-1.9187701659351422,971.5526905872972,1,0,13.39444351196289,11.056944444444444
18381,1838.099,12421.482346220053,-1071.7395295615138,12336.979384904576,-1151.707226544547,-1.9187701659351422,992.1123068403948,1,0,13.25830078125,11.10611111111111
18382,1838.199,12421.30917513024,-1070.6374666024371,12335.738418337234,-1152.1573673739153,-1.9187701659351422,1012.8631512373129,1,0,13.143402099609375,11.101944444444444
18383,1838.299,12421.136004040442,-1069.5020077965232,12334.443751156483,-1152.6269872442938,-1.9187701659351422,1038.2781064938358,1,0,14.400787353515625,11.258055555555556
18384,1838.399,12420.922870391467,-1068.4222087358653,12333.059424897541,-1153.129129515258,-1.9187701659351422,1064.0951878277706,1,0,15.050909042358398,11.19611111111111
18385,1838.499,12420.763020154724,-1067.2978818783697,12331.756182134264,-1153.60186004142,-1.9187701659351422,1081.0379577670965,1,0,12.675726890563965,11.241944444444444
18386,1838.599,12420.59650949146,-1066.162423072456,12330.550182394943,-1154.0393172116305,-1.9187701659351422,1103.574114815285,1,0,12.98205280303955,11.423055555555557
18387,1838.699,12420.463300960826,-1065.0380962157512,12329.39261605605,-1154.4592059383306,-1.9187701659351422,1121.745595111988,1,0,11.64530086517334,11.24611111111111
18388,1838.799,12420.316771577167,-1063.8469776637903,12328.278164130783,-1154.8634555991453,-1.9187701659351422,1143.4995525053284,1,0,12.064788818359375,11.611944444444443
18389,1838.899,12420.16358176696,-1062.700386908667,12327.16779386525,-1155.2662247029923,-1.9187701659351422,1163.3661801441447,1,0,11.558463096618652,11.618055555555555
18390,1839.0,12420.01705238327,-1061.5315322551248,12326.048595824897,-1155.6721959413558,-1.9187701659351422,1185.8484774818198,1,0,12.016847610473633,11.651111111111112
18391,1839.099,12419.870522999598,-1060.429469296839,12324.94195748358,-1156.0736113492167,-1.9187701659351422,1206.7286836520507,1,0,11.764823913574219,11.366944444444444
18392,1839.199,12419.684031056744,-1059.3719341338092,12323.841871829723,-1156.4726498742136,-1.9187701659351422,1228.0685800424371,1,0,11.63962173461914,11.161944444444444
18393,1839.299,12419.557482952661,-1058.225343378686,12322.785392014945,-1156.8558710765817,-1.9187701659351422,1247.3908174705155,1,0,10.837104797363281,11.40111111111111
18394,1839.399,12419.430934848577,-1057.1121484711905,12321.782594255688,-1157.219619969517,-1.9187701659351422,1266.9940500176167,1,0,10.497529983520508,11.336944444444445
18395,1839.499,12419.3310284506,-1055.8876340723925,12320.794117045507,-1157.578174311682,-1.9187701659351422,1287.3274567154258,1,0,10.53243350982666,11.796944444444444
18396,1839.599,12419.217801199586,-1054.741043317269,12319.798012363695,-1157.939495397526,-1.9187701659351422,1308.2198005699145,1,0,10.659805297851562,11.668055555555556
18397,1839.699,12419.16451778734,-1053.6612442566113,12318.785864835203,-1158.3066357701261,-1.9187701659351422,1329.8375165855145,1,0,10.873746871948242,11.25
18398,1839.799,12419.117894801611,-1052.492389603069,12317.761745854656,-1158.6781185960194,-1.9187701659351422,1351.5534628800262,1,0,10.914499282836914,11.325000000000001
18399,1839.899,12419.037969683239,-1051.3457988479456,12316.736382823166,-1159.05005268155,-1.9187701659351422,1373.4116790585838,1,0,10.900214195251465,11.425
18400,1839.999,12418.971365417952,-1050.1435483475661,12315.688303994342,-1159.430226560255,-1.9187701659351422,1397.1153482414552,1,0,11.397780418395996,11.816944444444443
18401,1840.099,12418.891440299582,-1048.9524297956052,12314.60257412266,-1159.8240577542374,-1.9187701659351422,1421.4319499356868,1,0,11.701244354248047,11.943055555555555
18402,1840.199,12418.831496460813,-1047.7724431936444,12313.499887719638,-1160.2240396595134,-1.9187701659351422,1445.797780833151,1,0,11.758532524108887,11.93
18403,1840.299,12418.764892195495,-1046.5924565908929,12312.378834609854,-1160.6306837947257,-1.9187701659351422,1471.5044727902496,1,0,12.091998100280762,11.903888888888888
18404,1840.399,12418.704948356715,-1045.4236019373507,12311.244929668936,-1161.0419897266997,-1.9187701659351422,1496.814490947788,1,0,12.031956672668457,11.803055555555558
18405,1840.499,12418.638344091412,-1044.243615334599,12310.11086967551,-1161.4533519014985,-1.9187701659351422,1522.733174832397,1,0,12.095296859741211,11.783888888888887
18406,1840.6,12418.585060679165,-1043.0413648350107,12308.946316653646,-1161.8757749360104,-1.9187701659351422,1550.3394421591026,1,0,12.435392379760742,12.001944444444444
18407,1840.7,12418.545098119985,-1041.8502462830495,12307.780534414598,-1162.2986438494506,-1.9187701659351422,1577.232498272632,1,0,12.366755485534668,12.035
18408,1840.799,12418.518456413862,-1040.5700721382043,12306.609573195918,-1162.72339135515,-1.9187701659351422,1605.8563022460728,1,0,12.797215461730957,12.47388888888889
18409,1840.899,12418.491814707737,-1039.2898979949407,12305.38567311765,-1163.1673415878106,-1.9187701659351422,1636.1024546776027,1,0,13.241395950317383,12.743055555555555
18410,1840.999,12418.451852148515,-1038.0319877493052,12304.099617514548,-1163.6338377457475,-1.9187701659351422,1669.4499600919817,1,0,14.11958122253418,12.683055555555555
18411,1841.099,12418.431870868957,-1036.8186052989254,12302.767735849584,-1164.1169565767177,-1.9187701659351422,1702.0143333197943,1,0,14.216350555419922,12.438055555555556
18412,1841.199,12418.37858745671,-1035.6052228493365,12301.3735802748,-1164.6226642752304,-1.9187701659351422,1740.0630740032643,1,0,15.444465637207031,12.383055555555554
18413,1841.299,12418.325304044476,-1034.3695765021198,12299.912443451693,-1165.152668353247,-1.9187701659351422,1776.96153269427,1,0,15.64138412475586,12.383888888888889
18414,1841.399,12418.252039352625,-1033.211853797787,12298.400035395236,-1165.7012702534048,-1.9187701659351422,1818.061609995161,1,0,16.535266876220703,12.048055555555557
18415,1841.499,12418.205416366913,-1032.0096032974077,12296.900245403265,-1166.2452951519235,-1.9187701659351422,1852.3131428432498,1,0,15.372933387756348,12.068055555555555
18416,1841.599,12418.205416366913,-1030.7071652549344,12295.465673122271,-1166.7656633659828,-1.9187701659351422,1888.739148097554,1,0,15.14775276184082,12.598888888888888
18417,1841.699,12418.152132954663,-1029.4603869577172,12294.114764555883,-1167.2556839019726,-1.9187701659351422,1919.4254509012212,1,0,13.592978477478027,12.605
18418,1841.799,12418.085528689362,-1028.2581364573377,12292.822992136842,-1167.724253743711,-1.9187701659351422,1954.8019166383795,1,0,13.88962459564209,12.403055555555556
18419,1841.899,12418.045566130168,-1027.0113581601206,12291.485591786051,-1168.2093743899434,-1.9187701659351422,1992.995516507638,1,0,14.56371784210205,12.50111111111111
18420,1841.999,12418.00560357099,-1025.7423159652756,12290.078331383213,-1168.7198356558154,-1.9187701659351422,2034.05365682335,1,0,15.37590503692627,12.666944444444447
18421,1842.099,12417.9856222914,-1024.4398779228022,12288.610650528506,-1169.2522134769197,-1.9187701659351422,2076.1779786387174,1,0,15.849169731140137,12.871111111111112
18422,1842.199,12417.972301438333,-1023.1819676763756,12287.150672273501,-1169.7817973028357,-1.9187701659351422,2114.792766298514,1,0,15.212031364440918,12.75611111111111
18423,1842.299,12417.958980585276,-1021.8238698894373,12285.734713734357,-1170.2954136789208,-1.9187701659351422,2153.930983051855,1,0,14.91264533996582,13.263055555555555
18424,1842.399,12417.925678452604,-1020.5102998977546,12284.321383512257,-1170.8080766749185,-1.9187701659351422,2195.335760293324,1,0,15.156113624572754,13.223055555555556
18425,1842.499,12417.912357599549,-1019.1744660084441,12282.917001061447,-1171.3174940095946,-1.9187701659351422,2234.7123599288825,1,0,14.722280502319336,13.196944444444442
18426,1842.599,12417.872395040371,-1017.8052362715055,12281.532584075048,-1171.8196691904966,-1.9187701659351422,2275.5162265842696,1,0,14.731346130371094,13.47888888888889
18427,1842.7,12417.852413760782,-1016.469402382195,12280.137632544342,-1172.325665609325,-1.9187701659351422,2316.8393837990025,1,0,14.652565002441406,13.353888888888887
18428,1842.799,12417.832432481193,-1015.1113045944655,12278.79011329351,-1172.814456725155,-1.9187701659351422,2356.3592375736744,1,0,14.30564022064209,13.538055555555555
18429,1842.899,12417.819111628138,-1013.7643387559457,12277.445325154738,-1173.3022571736453,-1.9187701659351422,2397.4324994524295,1,0,14.304878234863281,13.523055555555555
18430,1842.999,12417.779149068943,-1012.4062409682163,12276.098071461465,-1173.7909519627062,-1.9187701659351422,2439.2276687018452,1,0,14.358095169067383,13.524999999999999
18431,1843.099,12417.725865656696,-1011.0592751296964,12274.747189566442,-1174.2809628240836,-1.9187701659351422,2481.511204087151,1,0,14.382068634033203,13.608888888888888
18432,1843.199,12417.65260096486,-1009.701177341967,12273.402013729163,-1174.768903904024,-1.9187701659351422,2523.5354979395424,1,0,14.236698150634766,13.76888888888889
18433,1843.299,12417.592657126077,-1008.3208156558188,12272.058528721762,-1175.256231662394,-1.9187701659351422,2566.832890640969,1,0,14.34609603881836,13.915
18434,1843.399,12417.519392434242,-1006.9515859196712,12270.683557431848,-1175.754980567551,-1.9187701659351422,2613.1528096562924,1,0,14.906572341918945,13.86111111111111
18435,1843.499,12417.452788168937,-1005.5712242327319,12269.297446926023,-1176.2577700456145,-1.9187701659351422,2657.284475182379,1,0,14.583084106445312,13.898055555555555
18436,1843.599,12417.366202624033,-1004.2131264457936,12267.931158935073,-1176.753369222568,-1.9187701659351422,2702.077509923758,1,0,14.484846115112305,13.75611111111111
18437,1843.699,12417.272956652607,-1002.8438967088548,12266.592786984662,-1177.238842301066,-1.9187701659351422,2745.1267573441396,1,0,13.989167213439941,13.693055555555556
18438,1843.8,12417.16638982811,-1001.4746669727069,12265.308071854635,-1177.7048522237753,-1.9187701659351422,2785.632617979577,1,0,13.072672843933105,13.721944444444444
18439,1843.899,12417.059823003616,-1000.1499650318148,12264.102924914858,-1178.1420000545536,-1.9187701659351422,2826.10396312282,1,0,12.825949668884277,13.373055555555556
18440,1843.999,12416.926614472997,-998.7918672440856,12262.887351501337,-1178.582929922384,-1.9187701659351422,2868.75263199152,1,0,13.035511016845703,13.61111111111111
18441,1844.099,12416.800066368914,-997.3558458126813,12261.67061557504,-1179.0242814731819,-1.9187701659351422,2910.6137663866334,1,0,12.850682258605957,14.218055555555555
18442,1844.2,12416.65353698524,-995.9532202289051,12260.44941372685,-1179.4672529659172,-1.9187701659351422,2953.6961889009203,1,0,12.873284339904785,14.17611111111111
18443,1844.299,12416.53364930769,-994.4838029506635,12259.254988316901,-1179.900511732754,-1.9187701659351422,2995.916447564557,1,0,12.79493236541748,14.568888888888889
18444,1844.399,12416.367138644413,-993.0811773668876,12258.038608397255,-1180.3417341478175,-1.9187701659351422,3040.4695692985183,1,0,13.083686828613281,14.338888888888889
18445,1844.499,12416.213948834218,-991.6451559354833,12256.804881871996,-1180.789248767396,-1.9187701659351422,3085.386655093141,1,0,13.163983345031738,14.514999999999999
18446,1844.599,12416.034117317886,-990.2202664532884,12255.558368199261,-1181.241401720771,-1.9187701659351422,3131.548008916872,1,0,13.355734825134277,14.473055555555556
18447,1844.699,12415.840964948486,-988.806508919512,12254.308786602676,-1181.6946675145903,-1.9187701659351422,3177.211702342698,1,0,13.229253768920898,14.446944444444442
18448,1844.799,12415.667793858687,-987.3816194373171,12253.053115822077,-1182.150142062791,-1.9187701659351422,3224.796978083865,1,0,13.485282897949219,14.438888888888888
18449,1844.899,12415.474641489287,-985.9678619051226,12251.786449357838,-1182.609605119855,-1.9187701659351422,3272.3050821282427,1,0,13.463188171386719,14.368055555555555
18450,1844.999,12415.268168266844,-984.5318404737184,12250.519919164084,-1183.0690187469736,-1.9187701659351422,3320.399984376844,1,0,13.482383728027344,14.506944444444445
18451,1845.099,12415.06169504439,-983.0846870931045,12249.285983481557,-1183.5166092350146,-1.9187701659351422,3365.322670473838,1,0,12.769736289978027,14.591944444444445
18452,1845.199,12414.8485613954,-981.6375337132819,12248.073290351007,-1183.9564943261366,-1.9187701659351422,3413.07502397184,1,0,13.03044605255127,14.736944444444443
18453,1845.299,12414.648748599478,-980.1903803326683,12246.865675178837,-1184.3945374688478,-1.9187701659351422,3459.009270818303,1,0,12.661702156066895,14.658055555555555
18454,1845.399,12414.422294097434,-978.7432269520544,12245.68944785168,-1184.8211951714038,-1.9187701659351422,3504.4081777198335,1,0,12.362666130065918,14.733888888888888
18455,1845.499,12414.189179168854,-977.2849416230224,12244.541870005109,-1185.2374607318266,-1.9187701659351422,3549.083130061287,1,0,12.052181243896484,14.79
18456,1845.599,12413.94274338722,-975.8155243439899,12243.4124328087,-1185.6471460607388,-1.9187701659351422,3594.1664604610796,1,0,11.97672176361084,14.866944444444444
18457,1845.699,12413.689647179066,-974.368370964167,12242.261402791362,-1186.0646638410456,-1.9187701659351422,3642.381595014293,1,0,12.511570930480957,14.795
18458,1845.799,12413.456532250471,-973.0325370748565,12241.032558066701,-1186.51040766532,-1.9187701659351422,3696.160342267706,1,0,13.632238388061523,14.098888888888888
18459,1845.899,12413.2034360423,-971.5965156434522,12239.716613459483,-1186.9877455827823,-1.9187701659351422,3752.7418168392946,1,0,14.364630699157715,14.463888888888889
18460,1845.999,12412.937018981078,-970.082570568373,12238.326166638448,-1187.4921079900255,-1.9187701659351422,3813.4664195558526,1,0,15.217281341552734,15.098888888888888
18461,1846.099,12412.677262346391,-968.6688130353875,12236.911721284461,-1188.0051754823298,-1.9187701659351422,3871.122913570618,1,0,14.875202178955078,14.66
18462,1846.199,12412.397524432083,-967.1882638079366,12235.505685433334,-1188.5151925615999,-1.9187701659351422,3931.004309474198,1,0,15.038368225097656,14.971944444444444
18463,1846.299,12412.111126091271,-965.7077145804856,12234.068174371676,-1189.0366267714728,-1.9187701659351422,3994.180753213941,1,0,15.544840812683105,15.006944444444443
18464,1846.399,12411.811406897374,-964.2494292514535,12232.610752667584,-1189.5652832493213,-1.9187701659351422,4056.4385040888656,1,0,15.461969375610352,14.988055555555555
18465,1846.499,12411.491706423902,-962.7354841755831,12231.180206327828,-1190.0841911174086,-1.9187701659351422,4116.556690578313,1,0,14.973064422607422,15.268055555555556
18466,1846.599,12411.178666376953,-961.2660668973417,12229.777987305502,-1190.592823702908,-1.9187701659351422,4177.588906174289,1,0,14.859302520751953,15.128888888888888
18467,1846.699,12410.84564505041,-959.7632537722627,12228.378398034645,-1191.1005023880057,-1.9187701659351422,4239.779169379539,1,0,14.917116165161133,15.36111111111111
18468,1846.799,12410.525944576955,-958.2938364940212,12226.985404614035,-1191.6057885336272,-1.9187701659351422,4301.257245831024,1,0,14.718975067138672,15.215
18469,1846.899,12410.199583676935,-956.80215531657,12225.618463062652,-1192.1016247792043,-1.9187701659351422,4361.566026811173,1,0,14.362859725952148,15.264999999999997
18470,1847.0,12409.85990192386,-955.3216060899099,12224.203591300373,-1192.614846944315,-1.9187701659351422,4430.32006374039,1,0,15.44066047668457,15.203888888888889
18471,1847.099,12409.506899317732,-953.81879296404,12222.722053281694,-1193.152251230634,-1.9187701659351422,4502.45431246467,1,0,16.39760971069336,15.258055555555556
18472,1847.199,12409.140575858532,-952.3048478889607,12221.233790966176,-1193.692094648381,-1.9187701659351422,4566.598665094663,1,0,15.265337944030762,15.446944444444444
18473,1847.3,12408.780912825883,-950.8131667123004,12219.807718578413,-1194.2093796617412,-1.9187701659351422,4631.4317821537325,1,0,14.774117469787598,15.44888888888889
18474,1847.399,12408.40792894015,-949.32148553564,12218.40649280523,-1194.717651961956,-1.9187701659351422,4700.038046928373,1,0,15.338241577148438,15.385
18475,1847.499,12408.014963774856,-947.8186724097702,12216.954528554892,-1195.2443288354996,-1.9187701659351422,4770.236301490296,1,0,15.552460670471191,15.499999999999998
18476,1847.599,12407.59535690341,-946.3158592846914,12215.484862678462,-1195.7774266915735,-1.9187701659351422,4841.719342373091,1,0,15.714845657348633,15.561111111111112
18477,1847.699,12407.175750031965,-944.7907822604026,12214.023436370217,-1196.3075357757073,-1.9187701659351422,4911.332707480725,1,0,15.37716293334961,15.651111111111112
18478,1847.8,12406.769464013589,-943.2991010837422,12212.59095987375,-1196.8271437773562,-1.9187701659351422,4979.256992396793,1,0,14.797191619873047,15.601111111111111
18479,1847.899,12406.329875862566,-941.7740240594537,12211.189741112223,-1197.3354135342051,-1.9187701659351422,5050.866733939179,1,0,15.315016746520996,15.858055555555556
18480,1847.999,12405.896948138052,-940.2378150867464,12209.738649486095,-1197.8617738772346,-1.9187701659351422,5124.439985400327,1,0,15.557120323181152,15.87
18481,1848.099,12405.47734126662,-938.7461339100861,12208.21062146973,-1198.4160416687164,-1.9187701659351422,5207.809619518517,1,0,16.951847076416016,15.715
18482,1848.199,12405.024432262544,-937.2321888350069,12206.675538452258,-1198.9728685493255,-1.9187701659351422,5280.206496941078,1,0,15.707216262817383,15.678888888888888
18483,1848.299,12404.584844111509,-935.6959798622999,12205.2387187392,-1199.4940519835209,-1.9187701659351422,5350.445255164164,1,0,14.861284255981445,15.79111111111111
18484,1848.399,12404.13859553394,-934.1709028388021,12203.836783329827,-1200.0025816929447,-1.9187701659351422,5423.6492944011,1,0,14.965048789978027,15.946944444444444
18485,1848.499,12403.685686529863,-932.6346938660951,12202.462049258143,-1200.5012445509728,-1.9187701659351422,5492.809194288767,1,0,14.282572746276855,16.00111111111111
18486,1848.599,12403.252758805349,-931.1096168418064,12201.10991524353,-1200.9917095987605,-1.9187701659351422,5565.06653110086,1,0,14.484230041503906,15.89111111111111
18487,1848.699,12402.819831080848,-929.5511439706805,12199.736290341902,-1201.4899701230424,-1.9187701659351422,5639.281742560089,1,0,14.73979377746582,16.153055555555557
18488,1848.8,12402.386903356346,-928.0260669471828,12198.325490982828,-1202.0017150888436,-1.9187701659351422,5716.036352311535,1,0,14.977943420410156,15.953888888888887
18489,1848.899,12401.914013072668,-926.5455177197318,12196.933269372266,-1202.5067212726806,-1.9187701659351422,5791.240424289665,1,0,14.940916061401367,15.79
18490,1848.999,12401.481085348138,-924.9536490009776,12195.529378705512,-1203.0159602205342,-1.9187701659351422,5867.821799891812,1,0,14.92701530456543,16.25611111111111
18491,1849.099,12401.028176344078,-923.4619678243173,12194.144750723986,-1203.5182119365536,-1.9187701659351422,5942.372596197035,1,0,14.531100273132324,15.923055555555555
18492,1849.199,12400.581927766521,-921.9146269024006,12192.791730413286,-1204.008998474111,-1.9187701659351422,6016.358822961956,1,0,14.254558563232422,16.016111111111112
18493,1849.299,12400.115697909361,-920.3784179289026,12191.46437727664,-1204.4904746536617,-1.9187701659351422,6089.581744503464,1,0,13.985028266906738,16.108888888888888
18494,1849.399,12399.629486772614,-918.8310770069861,12190.170443491104,-1204.9598284966225,-1.9187701659351422,6160.863364090847,1,0,13.543558120727539,16.16111111111111
18495,1849.499,12399.16991734199,-917.3171319319068,12188.897417767288,-1205.4215982736705,-1.9187701659351422,6233.2977357211585,1,0,13.540206909179688,15.983888888888888
18496,1849.599,12398.69702705831,-915.8031868576187,12187.642726879081,-1205.8767173815345,-1.9187701659351422,6303.730117259846,1,0,13.153482437133789,15.938055555555556
18497,1849.699,12398.21081592156,-914.3003737325397,12186.40834387971,-1206.324470126627,-1.9187701659351422,6374.881618195877,1,0,13.108154296875,15.93111111111111
18498,1849.799,12397.731265211361,-912.7641647590417,12185.18306926254,-1206.76891895135,-1.9187701659351422,6445.625039240659,1,0,12.959700584411621,16.05
18499,1849.899,12397.238393648066,-911.2168238371252,12183.956874954052,-1207.2137013794306,-1.9187701659351422,6518.153376809999,1,0,13.127720832824707,16.135
18500,1849.999,12396.732201231742,-909.702878762837,12182.714038208733,-1207.6645205860311,-1.9187701659351422,6592.236738980821,1,0,13.313770294189453,16.086944444444445
18501,1850.099,12396.219348388868,-908.2000656369671,12181.43551903603,-1208.1282830240443,-1.9187701659351422,6670.529680485738,1,0,13.886868476867676,15.988055555555556
18502,1850.199,12395.686514266408,-906.6749886126785,12180.133163779135,-1208.6006916214217,-1.9187701659351422,6748.17043870513,1,0,13.82088565826416,16.16
18503,1850.299,12395.140359290892,-905.1610435383902,12178.843892058034,-1209.0683543748676,-1.9187701659351422,6825.0092063264265,1,0,13.608514785766602,16.078888888888887
18504,1850.399,12394.60086474188,-903.647098463311,12177.547764138333,-1209.5385041050017,-1.9187701659351422,6905.199686272685,1,0,13.966752052307129,16.133055555555554
18505,1850.499,12394.034728486775,-902.1331533882317,12176.256306037929,-1210.0069599326678,-1.9187701659351422,6982.2816615764505,1,0,13.509163856506348,16.174999999999997
18506,1850.599,12393.488573511246,-900.6303402631529,12174.920961130223,-1210.491334999705,-1.9187701659351422,7070.529052034348,1,0,14.9004487991333,16.09
18507,1850.7,12392.909116403087,-899.1052632388643,12173.492991622817,-1211.0093081629564,-1.9187701659351422,7160.333232406217,1,0,15.17896842956543,16.193055555555556
18508,1850.799,12392.336319721431,-897.6135820622038,12172.098032582444,-1211.5153073057966,-1.9187701659351422,7245.747974931507,1,0,14.798718452453613,16.051944444444445
18509,1850.899,12391.756862613256,-896.0996369871245,12170.7124672034,-1212.0178990478144,-1.9187701659351422,7332.478760764313,1,0,14.679340362548828,16.163055555555555
18510,1850.999,12391.177405505083,-894.5968238628367,12169.33882473005,-1212.5161659459577,-1.9187701659351422,7419.066793725073,1,0,14.54505729675293,16.105
18511,1851.099,12390.591287970374,-893.1051426845944,12168.016309375045,-1212.9958872973789,-1.9187701659351422,7499.54297352308,1,0,13.591605186462402,16.031111111111112
18512,1851.199,12390.011830862199,-891.6023295595156,12166.707116029182,-1213.4707763024649,-1.9187701659351422,7586.834027516667,1,0,14.261630058288574,16.09111111111111
18513,1851.299,12389.419052900956,-890.0883844844363,12165.353113539973,-1213.9619191096103,-1.9187701659351422,7675.97037273705,1,0,14.54492473602295,16.128888888888888
18514,1851.399,12388.832935366261,-888.6078352569854,12164.01791857463,-1214.446239787447,-1.9187701659351422,7760.237634356835,1,0,13.86149787902832,15.971944444444444
18515,1851.499,12388.233496978482,-887.1161540803248,12162.715937882274,-1214.9185125175118,-1.9187701659351422,7845.910114005973,1,0,13.838287353515625,16.061944444444443
18516,1851.599,12387.640719017254,-885.6244729036645,12161.418357785355,-1215.3891890017699,-1.9187701659351422,7931.691999477249,1,0,13.767874717712402,16.033055555555556
18517,1851.699,12387.04794105601,-884.1439236762136,12160.126491321742,-1215.8577929566761,-1.9187701659351422,8017.781233842185,1,0,13.716729164123535,15.985000000000001
18518,1851.799,12386.455163094764,-882.6633744495535,12158.827916719212,-1216.3288301819825,-1.9187701659351422,8105.980544851763,1,0,13.910591125488281,15.971944444444444
18519,1851.899,12385.862385133538,-881.1716932721023,12157.520815215,-1216.8029604048734,-1.9187701659351422,8194.452034988304,1,0,13.898139953613281,16.005
18520,1851.999,12385.269607172293,-879.6911440446511,12156.217270549836,-1217.27580044113,-1.9187701659351422,8283.074489944574,1,0,13.834918975830078,16.03388888888889
18521,1852.099,12384.67016878453,-878.1994628671998,12154.890146159341,-1217.7571936466625,-1.9187701659351422,8376.732176606361,1,0,14.399801254272461,16.075
18522,1852.199,12384.077390823302,-876.7077816913304,12153.52051667257,-1218.2540048979295,-1.9187701659351422,8472.96578667025,1,0,14.739219665527344,16.05611111111111
18523,1852.3,12383.484612862045,-875.2272324638794,12152.092917280746,-1218.7718438076572,-1.9187701659351422,8575.163794722344,1,0,15.332401275634766,15.995
18524,1852.4,12382.898495327348,-873.735551287219,12150.655405726,-1219.2932781963898,-1.9187701659351422,8675.507505603437,1,0,15.250818252563477,16.01111111111111
18525,1852.5,12382.305717366076,-872.255002059768,12149.221046009037,-1219.813569306237,-1.9187701659351422,8776.85992694952,1,0,15.265345573425293,16.071944444444444
18526,1852.599,12381.706278978343,-870.7633208823165,12147.849855989394,-1220.310946615914,-1.9187701659351422,8869.354714401445,1,0,14.201544761657715,16.038055555555555
18527,1852.699,12381.113501017098,-869.2716397064471,12146.508253397415,-1220.7975915581135,-1.9187701659351422,8966.188986679983,1,0,14.341200828552246,16.00611111111111
18528,1852.8,12380.514062629336,-867.7910904789961,12145.135707237629,-1221.295460785997,-1.9187701659351422,9066.342377952957,1,0,14.57075309753418,16.001944444444444
18529,1852.899,12379.927945094625,-866.3105412515453,12143.738662274407,-1221.8022165640803,-1.9187701659351422,9172.162376282118,1,0,15.451760292053223,15.936944444444446
18530,1852.999,12379.335167133397,-864.8188600748849,12142.259744169722,-1222.3386705183846,-1.9187701659351422,9283.217917782727,1,0,16.012388229370117,15.986944444444443
18531,1853.099,12378.74238917214,-863.338310847434,12140.74591638994,-1222.8877874005345,-1.9187701659351422,9395.704592952128,1,0,16.194467544555664,15.928888888888888
18532,1853.199,12378.156271637428,-861.8466296707734,12139.19476663363,-1223.4504422343996,-1.9187701659351422,9514.157765778207,1,0,16.80641746520996,15.966111111111111
18533,1853.299,12377.570154102734,-860.354948494113,12137.627655748109,-1224.018886713311,-1.9187701659351422,9629.859818090348,1,0,16.534042358398438,16.01
18534,1853.399,12376.977376141505,-858.8632673174527,12136.128760300177,-1224.5625871302475,-1.9187701659351422,9736.649720052312,1,0,15.35512638092041,16.003055555555555
18535,1853.499,12376.384598180262,-857.3827180900016,12134.686545530896,-1225.085727535038,-1.9187701659351422,9846.119975877853,1,0,15.328154563903809,15.971944444444444
18536,1853.599,12375.791820219018,-855.9021688617597,12133.237618184943,-1225.6113028199534,-1.9187701659351422,9957.894940888551,1,0,15.497937202453613,15.941944444444445
18537,1853.699,12375.192381831255,-854.4104876850994,12131.78550551632,-1226.1380335298627,-1.9187701659351422,10069.306073651385,1,0,15.395922660827637,16.006944444444443
18538,1853.799,12374.606264296546,-852.9299384576484,12130.283153639171,-1226.6829877113687,-1.9187701659351422,10192.191992430751,1,0,16.566781997680664,15.92388888888889
18539,1853.9,12374.026807188371,-851.4493892301972,12128.727188929215,-1227.2473890928718,-1.9187701659351422,10311.848002793891,1,0,16.208786010742188,15.898888888888887
18540,1853.999,12373.454010506734,-849.9799719519558,12127.203074990366,-1227.800237115163,-1.9187701659351422,10433.74119366734,1,0,16.54444122314453,15.853055555555557
18541,1854.1,12372.874553398558,-848.4882907760864,12125.6704942505,-1228.3561563344813,-1.9187701659351422,10550.959224620154,1,0,15.738555908203125,15.916944444444445
18542,1854.199,12372.295096290367,-847.0077415486353,12124.175726659787,-1228.8983594370493,-1.9187701659351422,10673.977038998648,1,0,16.384017944335938,15.93888888888889
18543,1854.299,12371.71563918221,-845.5271923203934,12122.649969115959,-1229.4518036508318,-1.9187701659351422,10795.12483004578,1,0,16.076644897460938,15.971944444444444
18544,1854.399,12371.13618207402,-844.0355111437331,12121.148485739044,-1229.9964427977302,-1.9187701659351422,10915.777000433633,1,0,15.867582321166992,15.926111111111112
18545,1854.499,12370.570045818915,-842.5438299662816,12119.677557746865,-1230.5299984661624,-1.9187701659351422,11033.603692961067,1,0,15.426575660705566,16.001944444444444
18546,1854.6,12370.003909563793,-841.0410168419937,12118.227483126222,-1231.055989906673,-1.9187701659351422,11151.332865884318,1,0,15.118474006652832,15.988055555555556
18547,1854.699,12369.457754588262,-839.538203715333,12116.847876236588,-1231.556420301693,-1.9187701659351422,11262.67027410584,1,0,14.529294967651367,15.98611111111111
18548,1854.799,12368.91159961275,-838.0131266918353,12115.488580445772,-1232.0494831695712,-1.9187701659351422,11375.403457418985,1,0,14.389875411987305,16.135
18549,1854.9,12368.372105063767,-836.5103135651744,12114.134000171483,-1232.5408355590394,-1.9187701659351422,11487.96239124235,1,0,14.143636703491211,16.076944444444443
18550,1854.999,12367.839270941291,-834.9741045932583,12112.841100688816,-1233.0098142251313,-1.9187701659351422,11594.838395864937,1,0,13.640789031982422,16.14388888888889
18551,1855.099,12367.313097245364,-833.4378956197603,12111.569316640176,-1233.471133604313,-1.9187701659351422,11701.984503432617,1,0,13.416559219360352,16.205
18552,1855.199,12366.813565255561,-831.9016866470531,12110.33406684395,-1233.9192007661388,-1.9187701659351422,11805.193862588278,1,0,12.863518714904785,16.12388888888889
18553,1855.299,12366.320693692278,-830.365477674346,12109.124312225113,-1234.3580199590053,-1.9187701659351422,11909.424811156416,1,0,12.874146461486816,16.17888888888889
18554,1855.399,12365.81450127594,-828.8181367524296,12107.92692540822,-1234.792352928978,-1.9187701659351422,12011.905265335863,1,0,12.60039234161377,16.256944444444443
18555,1855.499,12365.314969286152,-827.2596638813037,12106.742336721127,-1235.2220435814909,-1.9187701659351422,12115.08708916028,1,0,12.6018648147583,16.376944444444444
18556,1855.599,12364.842079002457,-825.7123229585961,12105.544639844047,-1235.656489020851,-1.9187701659351422,12221.205674526609,1,0,12.879270553588867,16.31888888888889
18557,1855.699,12364.35586786571,-824.1315861890514,12104.35701837655,-1236.0872797660843,-1.9187701659351422,12323.571963793653,1,0,12.3875093460083,16.471111111111114
18558,1855.799,12363.90295886162,-822.5397174710884,12103.218678145015,-1236.5001945289885,-1.9187701659351422,12422.000129198821,1,0,11.830806732177734,16.44611111111111
18559,1855.899,12363.45671028405,-820.9589807015434,12102.124037572992,-1236.8972579373972,-1.9187701659351422,12517.95626283847,1,0,11.457794189453125,16.4
18560,1855.999,12363.010461706495,-819.3893758819991,12101.038287664167,-1237.2910963995337,-1.9187701659351422,12615.91681466953,1,0,11.641656875610352,16.386944444444445
18561,1856.099,12362.577533981994,-817.7863752148265,12099.94725211895,-1237.6868521419676,-1.9187701659351422,12713.768268542026,1,0,11.570246696472168,16.536944444444444
18562,1856.199,12362.144606257492,-816.1945064960722,12098.862502094833,-1238.0803279118738,-1.9187701659351422,12811.580729430167,1,0,11.50793170928955,16.526944444444442
18563,1856.299,12361.718338959525,-814.5915058281087,12097.773703940697,-1238.4752720763784,-1.9187701659351422,12911.112532347257,1,0,11.656371116638184,16.586944444444445
18564,1856.399,12361.285411235027,-812.9773732125177,12096.647940982157,-1238.8836246341061,-1.9187701659351422,13016.599100274501,1,0,12.29436206817627,16.67388888888889
18565,1856.499,12360.879125216665,-811.3743725445541,12095.48328992264,-1239.3060832302133,-1.9187701659351422,13124.217554782004,1,0,12.483719825744629,16.621111111111112
18566,1856.599,12360.492820477863,-809.760239928172,12094.28104855925,-1239.7421771094998,-1.9187701659351422,13237.801546442328,1,0,13.094099998474121,16.643055555555556
18567,1856.699,12360.119836592143,-808.1127114641617,12093.05584821846,-1240.1865989916514,-1.9187701659351422,13350.670419446546,1,0,12.972174644470215,16.833888888888886
18568,1856.799,12359.760173559478,-806.4763149501518,12091.838850912816,-1240.628045353639,-1.9187701659351422,13463.732895948175,1,0,12.91957950592041,16.74111111111111
18569,1856.899,12359.40717095335,-804.8287864861416,12090.61476417984,-1241.072063292318,-1.9187701659351422,13579.282633938441,1,0,13.123003005981445,16.866111111111113
18570,1856.999,12359.067489200288,-803.1812580221311,12089.340139877682,-1241.5344129281625,-1.9187701659351422,13703.5292821502,1,0,13.994771957397461,16.878888888888888
18571,1857.099,12358.73446787375,-801.533729558912,12088.025629113923,-1242.0112307417799,-1.9187701659351422,13827.731404691694,1,0,13.97159194946289,16.891111111111112
18572,1857.199,12358.408106973744,-799.8639371964829,12086.722660101921,-1242.4838619690333,-1.9187701659351422,13950.548289223027,1,0,13.74921989440918,16.996111111111112
18573,1857.299,12358.095066926791,-798.2052767840541,12085.442776789909,-1242.9481192268238,-1.9187701659351422,14071.670144947568,1,0,13.480441093444824,16.968055555555555
18574,1857.399,12357.768706026787,-796.5243524732066,12084.192788264547,-1243.4015326275671,-1.9187701659351422,14190.171911566786,1,0,13.113204956054688,17.07
18575,1857.499,12357.449005553317,-794.8545601107774,12082.976189774208,-1243.8428343256637,-1.9187701659351422,14306.290594598488,1,0,12.770064353942871,17.101944444444445
18576,1857.599,12357.12930507983,-793.1736357999298,12081.785661935115,-1244.2746793108374,-1.9187701659351422,14421.174517470774,1,0,12.558548927307129,17.146944444444443
18577,1857.699,12356.822925459415,-791.4927114882912,12080.634124892944,-1244.6923810063156,-1.9187701659351422,14531.051629622667,1,0,11.940530776977539,17.15
18578,1857.799,12356.503224985943,-789.8006552290253,12079.507045848371,-1245.1012109532608,-1.9187701659351422,14642.379999011682,1,0,12.038202285766602,17.215
18579,1857.899,12356.190184938992,-788.1085989689684,12078.393749846487,-1245.5050413213048,-1.9187701659351422,14750.722194263839,1,0,11.647294998168945,17.27
18580,1857.999,12355.883805318575,-786.4165427081205,12077.28354951563,-1245.9077487840589,-1.9187701659351422,14862.47377615524,1,0,11.972341537475586,17.276944444444446
18581,1858.099,12355.584086124692,-784.713354499645,12076.173816718063,-1246.310286656569,-1.9187701659351422,14971.7654808241,1,0,11.637348175048828,17.333055555555557
18582,1858.199,12355.297687783865,-782.9990343411691,12075.083110911564,-1246.7059227915418,-1.9187701659351422,15080.884505956563,1,0,11.567540168762207,17.375
18583,1858.299,12355.017949869587,-781.2847141826934,12073.99522213881,-1247.1005370924547,-1.9187701659351422,15190.583428568694,1,0,11.577415466308594,17.386944444444445
18584,1858.399,12354.751532808348,-779.5815259742179,12072.910406534524,-1247.4940366505216,-1.9187701659351422,15300.109918942771,1,0,11.502158164978027,17.395
18585,1858.5,12354.478455320594,-777.8672058157421,12071.823205812083,-1247.8884013721574,-1.9187701659351422,15410.280933058413,1,0,11.39914608001709,17.428055555555556
18586,1858.6,12354.205377832835,-776.1306217596384,12070.752265905452,-1248.2768677422118,-1.9187701659351422,15519.69166078172,1,0,11.385220527648926,17.544999999999998
18587,1858.699,12353.94562119813,-774.4163016011626,12069.689237170816,-1248.6624644608053,-1.9187701659351422,15629.166512291302,1,0,11.459280014038086,17.45
18588,1858.799,12353.692524989963,-772.6908494942684,12068.603402272242,-1249.0563337516178,-1.9187701659351422,15741.962582231097,1,0,11.641979217529297,17.45111111111111
18589,1858.899,12353.446089208328,-770.9542654373737,12067.508904515276,-1249.453345356142,-1.9187701659351422,15855.354027619998,1,0,11.643583297729492,17.563055555555554
18590,1859.0,12353.219634706284,-769.2065494320607,12066.41153346951,-1249.8513992003511,-1.9187701659351422,15968.807255724852,1,0,11.471953392028809,17.56
18591,1859.1,12353.01316148381,-767.4810973243754,12065.328467013489,-1250.244264282783,-1.9187701659351422,16082.496960249618,1,0,11.570406913757324,17.553055555555556
18592,1859.199,12352.820009114426,-765.7333813198533,12064.227880484454,-1250.6434844922626,-1.9187701659351422,16200.413034231267,1,0,12.08121109008789,17.591944444444444
18593,1859.299,12352.646838024628,-763.9967972629587,12063.085783087285,-1251.057762107075,-1.9187701659351422,16321.508613846308,1,0,12.217039108276367,17.49611111111111
18594,1859.399,12352.473666934831,-762.2379493084361,12061.931589667109,-1251.4764273613062,-1.9187701659351422,16444.386940398224,1,0,12.338555335998535,17.633888888888887
18595,1859.5,12352.307156271569,-760.4679694047041,12060.765803560489,-1251.8992976776462,-1.9187701659351422,16567.931724121125,1,0,12.218108177185059,17.768055555555556
18596,1859.599,12352.147306034825,-758.7313853486006,12059.635706885741,-1252.3092222218077,-1.9187701659351422,16688.1268238126,1,0,12.067683219909668,17.558055555555555
18597,1859.699,12351.994116224634,-756.9391415464498,12058.486861275369,-1252.7259476433287,-1.9187701659351422,16813.09352319813,1,0,12.374135971069336,17.83611111111111
18598,1859.799,12351.854247267464,-755.1914255411367,12057.343147548836,-1253.1408115558386,-1.9187701659351422,16934.631574687795,1,0,11.958501815795898,17.663055555555555
18599,1859.899,12351.727699163377,-753.4214456374048,12056.233052737958,-1253.543480742903,-1.9187701659351422,17053.7376155662,1,0,11.658889770507812,17.66611111111111
18600,1859.999,12351.61447191235,-751.6625976828823,12055.13892891797,-1253.9403567077536,-1.9187701659351422,17172.885161099442,1,0,11.618717193603516,17.733055555555556
18601,1860.099,12351.527886367443,-749.9037497283598,12054.057560508782,-1254.33260585078,-1.9187701659351422,17290.316341692214,1,0,11.387516975402832,17.675
18602,1860.199,12351.441300822567,-748.1337698254188,12052.988056507593,-1254.7205513690371,-1.9187701659351422,17407.942240765635,1,0,11.366300582885742,17.72611111111111
18603,1860.299,12351.36803613073,-746.3860538193147,12051.936169187575,-1255.1021067171787,-1.9187701659351422,17522.674630863326,1,0,11.012720108032227,17.634999999999998
18604,1860.4,12351.308092291934,-744.6272058647922,12050.869426779107,-1255.4890505117228,-1.9187701659351422,17643.135052869846,1,0,11.457640647888184,17.663888888888888
18605,1860.499,12351.254808879701,-742.8572259618513,12049.797130456654,-1255.8780088999824,-1.9187701659351422,17763.28232189547,1,0,11.586020469665527,17.655
18606,1860.599,12351.208185893973,-741.0983780073287,12048.676770936761,-1256.2844014465243,-1.9187701659351422,17891.88526378678,1,0,12.249753952026367,17.666944444444447
18607,1860.699,12351.16822333481,-739.3395300528063,12047.526474180164,-1256.7016532481928,-1.9187701659351422,18021.079426735134,1,0,12.222938537597656,17.636111111111113
18608,1860.799,12351.13492120215,-737.5806820982838,12046.390947575608,-1257.1135474127866,-1.9187701659351422,18147.954796393497,1,0,11.935517311096191,17.591944444444444
18609,1860.899,12351.108279496026,-735.8218341429704,12045.280931927125,-1257.5161878849547,-1.9187701659351422,18272.734804221556,1,0,11.680190086364746,17.565
18610,1860.999,12351.074977363367,-734.0852500868666,12044.193465682534,-1257.9106489205155,-1.9187701659351422,18395.701675864617,1,0,11.45577621459961,17.533055555555556
18611,1861.099,12351.03501480419,-732.3264021323441,12043.107756116948,-1258.3044727487854,-1.9187701659351422,18520.946311309308,1,0,11.642816543579102,17.61111111111111
18612,1861.2,12351.001712671514,-730.5786861270311,12041.988731068843,-1258.7103812369705,-1.9187701659351422,18651.04159002674,1,0,11.928850173950195,17.53611111111111
18613,1861.299,12350.968410538873,-728.830970121718,12040.880398436648,-1259.112411221824,-1.9187701659351422,18778.88946695778,1,0,11.88923168182373,17.50611111111111
18614,1861.399,12350.93510840623,-727.0832541164049,12039.723068912555,-1259.5322140477317,-1.9187701659351422,18917.40866807573,1,0,12.733083724975586,17.568055555555553
18615,1861.499,12350.90180627357,-725.3355381103008,12038.5232473365,-1259.9674301877574,-1.9187701659351422,19057.513988143575,1,0,12.793254852294922,17.523055555555555
18616,1861.599,12350.868504140912,-723.5878221049877,12037.3132169044,-1260.4063494274853,-1.9187701659351422,19199.991286586792,1,0,12.950278282165527,17.56888888888889
18617,1861.699,12350.855183287857,-721.8401060996746,12036.089138777977,-1260.850364244274,-1.9187701659351422,19344.720494461108,1,0,13.092121124267578,17.478055555555557
18618,1861.799,12350.835202008268,-720.1035220435709,12034.8826635712,-1261.2879938827214,-1.9187701659351422,19484.58251837872,1,0,12.575774192810059,17.506944444444443
18619,1861.899,12350.821881155198,-718.3558060382579,12033.686483196387,-1261.7218892350716,-1.9187701659351422,19628.225402838714,1,0,12.87309741973877,17.488055555555555
18620,1862.0,12350.80189987561,-716.6080900321539,12032.46615839761,-1262.1645425921204,-1.9187701659351422,19773.627904022986,1,0,12.83239459991455,17.508055555555558
18621,1862.099,12350.788579022555,-714.8603740268406,12031.273154622808,-1262.5972856834826,-1.9187701659351422,19916.521212174357,1,0,12.80527114868164,17.503888888888888
18622,1862.199,12350.781918596005,-713.1015260723182,12030.066772250297,-1263.0348816477801,-1.9187701659351422,20062.145488302922,1,0,12.860649108886719,17.538888888888888
18623,1862.299,12350.795239449075,-711.3649420162146,12028.884148861569,-1263.4638594196565,-1.9187701659351422,20202.354225552706,1,0,12.299796104431152,17.508055555555558
18624,1862.399,12350.821881155198,-709.6283579593199,12027.752342844778,-1263.8744040003803,-1.9187701659351422,20337.42331193703,1,0,11.77950382232666,17.45388888888889
18625,1862.499,12350.861843714392,-707.8695100047973,12026.633943826882,-1264.2800854060918,-1.9187701659351422,20475.282359138015,1,0,12.01456069946289,17.58111111111111
18626,1862.599,12350.90180627357,-706.1329259486937,12025.509176808378,-1264.688076702456,-1.9187701659351422,20612.83357011948,1,0,11.914983749389648,17.48111111111111
18627,1862.699,12350.975070965407,-704.3852099425897,12024.370795516392,-1265.1010063593844,-1.9187701659351422,20755.146394346288,1,0,12.304205894470215,17.516111111111112
18628,1862.799,12351.021693951134,-702.6152300396487,12023.183620783004,-1265.5316350589444,-1.9187701659351422,20905.54797606396,1,0,12.953069686889648,17.628888888888888
18629,1862.901,12351.094958642956,-700.8786459835451,12021.914929458542,-1265.9918326017585,-1.9187701659351422,21066.36761917145,1,0,13.509234428405762,17.486944444444443
18630,1862.999,12351.174883761329,-699.1420619266504,12020.649996140648,-1266.450666987629,-1.9187701659351422,21226.88867321214,1,0,13.951580047607422,17.456944444444442
18631,1863.099,12351.254808879701,-697.3943459213374,12019.345795001374,-1266.9237451493982,-1.9187701659351422,21389.603041193546,1,0,13.795445442199707,17.50611111111111
18632,1863.199,12351.341394424606,-695.6466299160242,12018.046275649891,-1267.3951250673194,-1.9187701659351422,21553.80838529177,1,0,13.851974487304688,17.536944444444444
18633,1863.299,12351.434640396032,-693.9100458599206,12016.72805411522,-1267.8732889038995,-1.9187701659351422,21722.90254873829,1,0,14.193336486816406,17.445
18634,1863.399,12351.521225940936,-692.1623298546075,12015.38593387469,-1268.3601216148543,-1.9187701659351422,21894.837881333646,1,0,14.360422134399414,17.498055555555556
18635,1863.5,12351.601151059294,-690.4257457977128,12013.984439334412,-1268.8684914060457,-1.9187701659351422,22079.282364417322,1,0,15.161314010620117,17.438055555555554
18636,1863.599,12351.6877366042,-688.6780297923997,12012.5613697722,-1269.3846871923306,-1.9187701659351422,22264.03371989258,1,0,15.4204683303833,17.488888888888887
18637,1863.699,12351.767661722573,-686.9303137870867,12011.107844597209,-1269.911930266396,-1.9187701659351422,22452.55533381128,1,0,15.503442764282227,17.546944444444442
18638,1863.8,12351.840926414408,-685.1937297301921,12009.642371810327,-1270.4435071461148,-1.9187701659351422,22642.198085534597,1,0,15.365961074829102,17.423055555555553
18639,1863.899,12351.907530679711,-683.4571456740883,12008.2280843898,-1270.956517350575,-1.9187701659351422,22824.887813100126,1,0,15.027092933654785,17.491111111111113
18640,1863.999,12351.974134945014,-681.7205616171937,12006.831716481567,-1271.4630275377604,-1.9187701659351422,23006.233521453712,1,0,14.680790901184082,17.423055555555553
18641,1864.099,12352.034078783796,-679.98397756109,12005.449257217968,-1271.9644925859418,-1.9187701659351422,23189.273652838037,1,0,14.731184959411621,17.46888888888889
18642,1864.199,12352.074041342988,-678.2362615557769,12004.066251213857,-1272.4661559555236,-1.9187701659351422,23372.757849559046,1,0,14.692422866821289,17.493055555555557
18643,1864.299,12352.100683049097,-676.4996774996732,12002.676308728109,-1272.9703354231851,-1.9187701659351422,23559.56690232735,1,0,14.878759384155273,17.423055555555553
18644,1864.399,12352.107343475633,-674.7519614943602,12001.277700515118,-1273.4776582451889,-1.9187701659351422,23747.271675759952,1,0,14.876787185668945,17.45111111111111
18645,1864.499,12352.114003902167,-673.026509386675,11999.898605294722,-1273.977903040354,-1.9187701659351422,23930.67646882069,1,0,14.463618278503418,17.388055555555557
18646,1864.6,12352.114003902167,-671.3010572789897,11998.528738907538,-1274.4748002234676,-1.9187701659351422,24116.01180889807,1,0,14.391887664794922,17.293055555555554
18647,1864.699,12352.107343475633,-669.5756051720955,11997.213346125867,-1274.9519379750145,-1.9187701659351422,24292.101498637137,1,0,13.875919342041016,17.288055555555555
18648,1864.799,12352.074041342988,-667.8501530652012,11995.94891575276,-1275.410589925685,-1.9187701659351422,24460.28988995203,1,0,13.024978637695312,17.30611111111111
18649,1864.899,12352.047399636864,-666.124700957516,11994.750513451774,-1275.8452912463158,-1.9187701659351422,24622.185507035105,1,0,12.47116470336914,17.31111111111111
18650,1864.999,12352.000776651152,-664.3881169014123,11993.60711337149,-1276.260041388651,-1.9187701659351422,24777.048985903628,1,0,11.8548002243042,17.36611111111111
18651,1865.099,12351.914191106245,-662.6515328453087,11992.52134575647,-1276.6538862734276,-1.9187701659351422,24924.820900723025,1,0,11.245027542114258,17.39
18652,1865.199,12351.820945134805,-660.8926848907861,11991.444513809767,-1277.044489887042,-1.9187701659351422,25077.240795777223,1,0,11.664692878723145,17.48611111111111
18653,1865.299,12351.774322149106,-659.1894966807288,11990.351940111412,-1277.4408035699935,-1.9187701659351422,25229.845327666844,1,0,11.579935073852539,17.22388888888889
18654,1865.399,12351.667755324612,-657.4529126246251,11989.252808844061,-1277.8394959065076,-1.9187701659351422,25385.588587092523,1,0,11.804205894470215,17.29
18655,1865.499,12351.58116977972,-655.7385924669402,11988.153298305457,-1278.2383258176199,-1.9187701659351422,25539.6847148248,1,0,11.588004112243652,17.23
18656,1865.599,12351.487923808265,-654.0020084100456,11987.061594810717,-1278.6343238480893,-1.9187701659351422,25694.69885097187,1,0,11.638110160827637,17.338055555555556
18657,1865.699,12351.38801741032,-652.2876882523608,11985.963246202156,-1279.0327322876108,-1.9187701659351422,25851.479277170773,1,0,11.729379653930664,17.23888888888889
18658,1865.799,12351.288111012358,-650.5511041954661,11984.863346261669,-1279.4317034480453,-1.9187701659351422,26008.306576882725,1,0,11.671114921569824,17.34888888888889
18659,1865.9,12351.174883761329,-648.8256520885718,11983.756734278826,-1279.8331092947894,-1.9187701659351422,26166.865514505702,1,0,11.639077186584473,17.375
18660,1865.999,12351.054996083793,-647.0890680316772,11982.671390953625,-1280.2268002752012,-1.9187701659351422,26323.39302826215,1,0,11.684964179992676,17.396944444444443
18661,1866.099,12350.93510840623,-645.363615924783,11981.56988122834,-1280.626355359395,-1.9187701659351422,26482.96833571335,1,0,11.749778747558594,17.37388888888889
18662,1866.199,12350.80189987561,-643.6158999194698,11980.46303548244,-1281.02784599996,-1.9187701659351422,26643.85293761319,1,0,11.79848861694336,17.45611111111111
18663,1866.299,12350.655370491937,-641.8793158625753,11979.356206770353,-1281.4293304617809,-1.9187701659351422,26804.842510791892,1,0,11.74941635131836,17.455
18664,1866.399,12350.502180681711,-640.1315998572622,11978.26635265441,-1281.824657659589,-1.9187701659351422,26962.608335974055,1,0,11.437352180480957,17.55
18665,1866.499,12350.342330444984,-638.38388385274,11977.197872430092,-1282.2122318191155,-1.9187701659351422,27118.79067800261,1,0,11.294684410095215,17.538888888888888
18666,1866.599,12350.175819781722,-636.6472997958454,11976.146200139525,-1282.593709168753,-1.9187701659351422,27272.746929923138,1,0,11.079761505126953,17.506944444444443
18667,1866.699,12349.99598826539,-634.8995837905323,11975.088974647251,-1282.9772008537389,-1.9187701659351422,27430.931665954166,1,0,11.412829399108887,17.563055555555554
18668,1866.799,12349.816156749059,-633.1518677844283,11974.02407833678,-1283.3634750056792,-1.9187701659351422,27588.212322579082,1,0,11.242959022521973,17.60388888888889
18669,1866.899,12349.629664806193,-631.3930198299057,11972.941876750103,-1283.7560263705511,-1.9187701659351422,27752.407934759864,1,0,11.781001091003418,17.678055555555556
18670,1866.999,12349.436512436805,-629.6341718753832,11971.824161908675,-1284.161459602161,-1.9187701659351422,27920.82299214767,1,0,11.998507499694824,17.69611111111111
18671,1867.1,12349.230039214348,-627.8864558700702,11970.664276598849,-1284.5821894985793,-1.9187701659351422,28097.474936306102,1,0,12.433858871459961,17.61
18672,1867.199,12349.01690556536,-626.1276079155476,11969.512496914971,-1284.999979208467,-1.9187701659351422,28270.443296247988,1,0,12.317900657653809,17.753888888888888
18673,1867.299,12348.79711148985,-624.3687599610251,11968.343593947264,-1285.423980116454,-1.9187701659351422,28448.72826424293,1,0,12.550641059875488,17.761944444444445
18674,1867.399,12348.563996561268,-622.6099120065027,11967.152124093594,-1285.8561668023908,-1.9187701659351422,28631.25872448804,1,0,12.798013687133789,17.721111111111114
18675,1867.499,12348.324221206169,-620.8510640519802,11965.958220511755,-1286.289236284404,-1.9187701659351422,28812.277045562092,1,0,12.602418899536133,17.723888888888887
18676,1867.599,12348.08444585107,-619.1033480466671,11964.769764387518,-1286.720329788057,-1.9187701659351422,28994.86344232832,1,0,12.68211841583252,17.72888888888889
18677,1867.699,12347.831349642885,-617.3445000913536,11963.571220123162,-1287.1550826036362,-1.9187701659351422,29180.081707149493,1,0,12.817045211791992,17.79888888888889
18678,1867.799,12347.571593008197,-615.5967840868315,11962.371361162375,-1287.5903123043763,-1.9187701659351422,29364.81327712467,1,0,12.710088729858398,17.70611111111111
18679,1867.899,12347.291855093905,-613.8268041830995,11961.174075831135,-1288.024608462047,-1.9187701659351422,29550.877505855915,1,0,12.762290954589844,17.816944444444445
18680,1867.999,12347.012117179615,-612.0790881769955,11959.96409475226,-1288.4635097996802,-1.9187701659351422,29740.691331076443,1,0,12.980192184448242,17.77611111111111
18681,1868.099,12346.7257188388,-610.3425041208918,11958.774828266876,-1288.8948972489145,-1.9187701659351422,29922.781549181254,1,0,12.321585655212402,17.76
18682,1868.199,12346.432660071423,-608.5947881155787,11957.625824824796,-1289.31167992137,-1.9187701659351422,30102.154577447098,1,0,12.123591423034668,17.68888888888889
18683,1868.299,12346.139601304092,-606.8470721102657,11956.505080071818,-1289.7182122050688,-1.9187701659351422,30276.670072448596,1,0,11.720378875732422,17.756944444444443
18684,1868.399,12345.833221683675,-605.0993561049524,11955.379041031061,-1290.1266649072172,-1.9187701659351422,30457.945152148026,1,0,12.236227989196777,17.8
18685,1868.499,12345.526842063244,-603.3516400988484,11954.212921388076,-1290.5496562085539,-1.9187701659351422,30645.284561546232,1,0,12.573098182678223,17.805
18686,1868.599,12345.200481163238,-601.6150560427449,11953.03763647893,-1290.9759720640081,-1.9187701659351422,30831.961816157604,1,0,12.431220054626465,17.748055555555556
18687,1868.699,12344.867459836667,-599.8784719866411,11951.817302563479,-1291.4186287279854,-1.9187701659351422,31034.286148926065,1,0,13.53152084350586,17.685
18688,1868.799,12344.521117657105,-598.1418879305375,11950.538223023219,-1291.8825944303924,-1.9187701659351422,31240.927109665812,1,0,13.681039810180664,17.74388888888889
18689,1868.899,12344.174775477508,-596.4164358228522,11949.280602678118,-1292.338776152021,-1.9187701659351422,31440.117371771856,1,0,13.074974060058594,17.666944444444447
18690,1868.999,12343.821772871379,-594.7021156643764,11948.038652677142,-1292.7892737062543,-1.9187701659351422,31643.30432368094,1,0,13.347651481628418,17.62
18691,1869.099,12343.468770265235,-592.9766635574822,11946.804393397031,-1293.2369815741577,-1.9187701659351422,31841.56963374855,1,0,12.91135311126709,17.62
18692,1869.199,12343.102446806066,-591.251211449797,11945.590513502935,-1293.6772971448277,-1.9187701659351422,32040.15163701363,1,0,12.914077758789062,17.658055555555556
18693,1869.299,12342.722802493798,-589.5480232413215,11944.40703914087,-1294.1065835937102,-1.9187701659351422,32230.580019904246,1,0,12.264472007751465,17.60611111111111
18694,1869.4,12342.329837328476,-587.8225711336363,11943.215577199851,-1294.538767409459,-1.9187701659351422,32430.569538729735,1,0,12.833039283752441,17.671111111111113
18695,1869.499,12341.903570030508,-586.1082509751604,11942.030037641947,-1294.9688029751926,-1.9187701659351422,32625.677818661457,1,0,12.644220352172852,17.73
18696,1869.6,12341.470642306009,-584.3939308174756,11940.813236026552,-1295.4101783536635,-1.9187701659351422,32830.094801533975,1,0,12.98705768585205,17.711944444444445
18697,1869.7,12341.037714581505,-582.6796106582088,11939.589164444698,-1295.8541907965139,-1.9187701659351422,33034.8045270484,1,0,13.05520248413086,17.675
18698,1869.799,12340.611447283556,-580.9764224497335,11938.363398580936,-1296.2988178131038,-1.9187701659351422,33241.67720204374,1,0,13.286520957946777,17.598055555555554
18699,1869.899,12340.18517998559,-579.3066300880953,11937.11891735564,-1296.750233528587,-1.9187701659351422,33450.40821201702,1,0,13.189956665039062,17.40611111111111
18700,1869.999,12339.745591834539,-577.6034418780379,11935.897654694054,-1297.1932270804114,-1.9187701659351422,33654.181583084195,1,0,12.792543411254883,17.568055555555553
18701,1870.099,12339.299343256984,-575.8779897719346,11934.696897647993,-1297.6287825472607,-1.9187701659351422,33857.63287846558,1,0,12.753697395324707,17.791944444444443
18702,1870.199,12338.846434252893,-574.1748015618772,11933.509241261183,-1298.0595859589178,-1.9187701659351422,34058.41646490889,1,0,12.513825416564941,17.716944444444447
18703,1870.301,12338.366883542667,-572.4604814041925,11932.300784860807,-1298.4979342437432,-1.9187701659351422,34266.17978082106,1,0,12.69210147857666,17.75111111111111
18704,1870.399,12337.900653685536,-570.7795570933448,11931.123505832089,-1298.9249734342668,-1.9187701659351422,34469.362379277,1,0,12.865799903869629,17.561944444444443
18705,1870.499,12337.427763401842,-569.0652369348691,11929.905393484205,-1299.3668242600422,-1.9187701659351422,34680.44576032733,1,0,13.049676895141602,17.713055555555556
18706,1870.599,12336.941552265109,-567.3731806748121,11928.670349797096,-1299.8148166590734,-1.9187701659351422,34895.24801737539,1,0,13.2260160446167,17.675
18707,1870.699,12336.448680701826,-565.681124414755,11927.442541445356,-1300.2601845556,-1.9187701659351422,35106.34663783387,1,0,12.895744323730469,17.67888888888889
18708,1870.799,12335.949148712009,-563.9890681546981,11926.205064926597,-1300.7090594255096,-1.9187701659351422,35325.674766318094,1,0,13.431707382202148,17.638055555555557
18709,1870.899,12335.449616722206,-562.2970118946412,11924.927448052795,-1301.1724945689875,-1.9187701659351422,35551.499650005215,1,0,13.749734878540039,17.74111111111111
18710,1870.999,12334.943424305882,-560.6160875837936,11923.672367628222,-1301.6277549749552,-1.9187701659351422,35766.77844838014,1,0,12.952241897583008,17.651944444444442
18711,1871.099,12334.43057146301,-558.9128993745272,11922.449795335524,-1302.0712235745775,-1.9187701659351422,35983.300319442984,1,0,13.058120727539062,17.70388888888889
18712,1871.199,12333.911058193604,-557.243107012889,11921.228639269735,-1302.514178460477,-1.9187701659351422,36198.838918840265,1,0,12.922111511230469,17.64611111111111
18713,1871.299,12333.391544924196,-555.5621827012505,11920.02830251055,-1302.9495814749662,-1.9187701659351422,36410.45390992187,1,0,12.615187644958496,17.633055555555554
18714,1871.399,12332.872031654804,-553.8812583911939,11918.853557752516,-1303.3757013992192,-1.9187701659351422,36618.825838704535,1,0,12.377638816833496,17.7
18715,1871.499,12332.352518385398,-552.2003340795553,11917.701784478282,-1303.7934887841109,-1.9187701659351422,36823.835261664186,1,0,12.126466751098633,17.584999999999997
18716,1871.599,12331.82634468944,-550.5194097687079,11916.530444958382,-1304.2183735125438,-1.9187701659351422,37038.9113938561,1,0,12.793912887573242,17.623055555555556
18717,1871.699,12331.300170993529,-548.8384854586512,11915.330721192262,-1304.6535541735752,-1.9187701659351422,37255.23059799224,1,0,12.730344772338867,17.565
18718,1871.799,12330.78731815067,-547.19095699385,11914.058222216643,-1305.1151328811163,-1.9187701659351422,37497.08316923862,1,0,14.34221363067627,17.39111111111111
18719,1871.899,12330.261144454746,-545.5211646322118,11912.769986778814,-1305.5824197393333,-1.9187701659351422,37722.60580607868,1,0,13.065139770507812,17.47111111111111
18720,1871.999,12329.748291611873,-543.8736361682015,11911.509074470423,-1306.0397955681403,-1.9187701659351422,37957.873094911454,1,0,13.760910987854004,17.40388888888889
18721,1872.099,12329.235438769001,-542.2261077049822,11910.243990761011,-1306.498684506135,-1.9187701659351422,38185.83688650609,1,0,13.153886795043945,17.40388888888889
18722,1872.199,12328.722585926142,-540.5674472917625,11909.002399501062,-1306.949051932783,-1.9187701659351422,38415.3535674414,1,0,13.261106491088867,17.40111111111111
18723,1872.299,12328.209733083271,-538.9310507769616,11907.760129802351,-1307.399665452271,-1.9187701659351422,38644.53229128633,1,0,13.168320655822754,17.22388888888889
18724,1872.399,12327.703540666918,-537.2946542629518,11906.53116853056,-1307.8454515521573,-1.9187701659351422,38871.4990357466,1,0,12.977968215942383,17.171944444444446
18725,1872.499,12327.197348250595,-535.6582577481508,11905.330080804433,-1308.2811269679264,-1.9187701659351422,39092.799543875524,1,0,12.575307846069336,17.20888888888889
18726,1872.6,12326.697816260792,-534.0329931825595,11904.126261847461,-1308.7177930941227,-1.9187701659351422,39319.50055542896,1,0,12.78249740600586,17.08388888888889
18727,1872.699,12326.198284270975,-532.4077286169679,11902.923535392956,-1309.1540629324743,-1.9187701659351422,39547.344331802975,1,0,13.064108848571777,17.02
18728,1872.799,12325.712073134238,-530.7935960005859,11901.695806338092,-1309.599402065324,-1.9187701659351422,39778.803547307354,1,0,13.055964469909668,16.94111111111111
18729,1872.901,12325.232522424012,-529.2017272818317,11900.472635347276,-1310.0430878331395,-1.9187701659351422,40006.39148162193,1,0,12.456878662109375,16.82611111111111
18730,1872.999,12324.739650860729,-527.5875946662406,11899.30403112572,-1310.4669803757254,-1.9187701659351422,40231.48874971588,1,0,12.912698745727539,16.85611111111111
18731,1873.099,12324.260100150528,-525.9845939982771,11898.073389378818,-1310.9133760411555,-1.9187701659351422,40468.63084760655,1,0,13.269342422485352,16.793055555555554
18732,1873.201,12323.79387029337,-524.4038572287324,11896.804014688338,-1311.3738214640932,-1.9187701659351422,40711.20593416258,1,0,13.207215309143066,16.641944444444444
18733,1873.3,12323.334300862747,-522.8119885107692,11895.601449058113,-1311.8100329660017,-1.9187701659351422,40938.45480252991,1,0,12.635934829711914,16.654999999999998
18734,1873.4,12322.874731432135,-521.2312517412244,11894.411263867574,-1312.2417536608775,-1.9187701659351422,41168.41958761716,1,0,12.685388565063477,16.508055555555554
18735,1873.499,12322.448464134155,-519.6505149716796,11893.25477377193,-1312.6612519975038,-1.9187701659351422,41388.99232647083,1,0,12.167597770690918,16.39611111111111
18736,1873.599,12322.035517689257,-518.0809101513443,11892.098852226798,-1313.0805441015002,-1.9187701659351422,41615.34086367229,1,0,12.424762725830078,16.32611111111111
18737,1873.699,12321.622571244347,-516.5113053317999,11890.912218361735,-1313.5109766097023,-1.9187701659351422,41849.42723087753,1,0,12.821005821228027,16.28611111111111
18738,1873.799,12321.209624799436,-514.9417005114645,11889.706837353187,-1313.9482093451934,-1.9187701659351422,42085.378879674456,1,0,12.823610305786133,16.328888888888887
18739,1873.899,12320.809999207591,-513.3832276403386,11888.48134757209,-1314.3927362172,-1.9187701659351422,42329.06627751323,1,0,13.248822212219238,16.168055555555554
18740,1873.999,12320.42369446882,-511.8470186676316,11887.218189803969,-1314.8509265507093,-1.9187701659351422,42580.79852719544,1,0,13.625000953674316,16.028888888888886
18741,1874.099,12320.044050156554,-510.2885457965056,11885.922338504393,-1315.3209759413046,-1.9187701659351422,42839.59469824075,1,0,13.944380760192871,16.02388888888889
18742,1874.201,12319.691047550436,-508.74120487379815,11884.560872813141,-1315.8148259059565,-1.9187701659351422,43113.936811830696,1,0,14.453006744384766,16.00111111111111
18743,1874.299,12319.331384517758,-507.19386395188167,11883.255808847684,-1316.288217044162,-1.9187701659351422,43369.908191682,1,0,13.879015922546387,16.0
18744,1874.4,12318.965061058572,-505.6465230299651,11881.930239749028,-1316.7690460923864,-1.9187701659351422,43636.643561317556,1,0,14.043391227722168,16.023055555555555
18745,1874.499,12318.598737599375,-504.110314057258,11880.624749420558,-1317.2425918869749,-1.9187701659351422,43898.91768278735,1,0,14.011611938476562,15.92388888888889
18746,1874.599,12318.245734993247,-502.5629731353415,11879.296883342071,-1317.7242541279975,-1.9187701659351422,44168.71698519913,1,0,14.238887786865234,15.921944444444446
18747,1874.699,12317.912713666707,-501.01563221342496,11877.95504599728,-1318.2109842230354,-1.9187701659351422,44441.22237638267,1,0,14.308852195739746,15.879999999999999
18748,1874.799,12317.573031913633,-499.4571593422991,11876.583343854314,-1318.7085472972792,-1.9187701659351422,44724.80518800908,1,0,14.87426471710205,15.853888888888887
18749,1874.899,12317.25333144016,-497.93208231801043,11875.167803674534,-1319.2220119201777,-1.9187701659351422,45017.00344464742,1,0,15.241511344909668,15.711111111111112
18750,1874.999,12316.926970540155,-496.39587334530336,11873.718309281972,-1319.747792892206,-1.9187701659351422,45317.35252701911,1,0,15.596644401550293,15.718055555555555
18751,1875.099,12316.607270066683,-494.8596643725962,11872.249543911412,-1320.2805641041386,-1.9187701659351422,45620.44762907951,1,0,15.651503562927246,15.771944444444445
18752,1875.199,12316.320871725855,-493.3234553990981,11870.75644193157,-1320.822163032929,-1.9187701659351422,45933.430357541656,1,0,16.114408493041992,15.716944444444445
18753,1875.3,12316.014492105442,-491.7649825279723,11869.223036298024,-1321.3783814692722,-1.9187701659351422,46252.78752186873,1,0,16.185964584350586,15.781944444444443
18754,1875.399,12315.741414617683,-490.2287735552651,11867.724241266202,-1321.9220454618667,-1.9187701659351422,46564.29344147345,1,0,16.02315902709961,15.653055555555557
18755,1875.499,12315.481657982979,-488.6925645825581,11866.22551248066,-1322.4656854246794,-1.9187701659351422,46877.22280045139,1,0,15.86246395111084,15.68611111111111
18756,1875.599,12315.235222201345,-487.1340917114321,11864.737134962794,-1323.0055706302414,-1.9187701659351422,47190.254043353,1,0,15.802934646606445,15.73111111111111
18757,1875.699,12315.015428125833,-485.5867507895156,11863.294988328758,-1323.5286863200586,-1.9187701659351422,47487.63498937345,1,0,14.878896713256836,15.673055555555555
18758,1875.799,12314.788973623788,-484.0282779183897,11861.899664413842,-1324.0348178153192,-1.9187701659351422,47783.584903159885,1,0,14.80677604675293,15.708055555555555
18759,1875.899,12314.562519121728,-482.48093699568216,11860.547330610556,-1324.5253553332616,-1.9187701659351422,48065.51077192841,1,0,13.964277267456055,15.656944444444445
18760,1875.999,12314.356045899274,-480.93359607376567,11859.210375200837,-1325.0103145842168,-1.9187701659351422,48356.021643137465,1,0,14.479598999023438,15.62888888888889
18761,1876.099,12314.149572676817,-479.37512320263977,11857.81265158055,-1325.5173165343263,-1.9187701659351422,48663.028296349454,1,0,15.25712776184082,15.651111111111112
18762,1876.199,12313.976401587035,-477.8277822807233,11856.380225873525,-1326.0369061129152,-1.9187701659351422,48972.0049897344,1,0,15.217889785766602,15.598055555555554
18763,1876.299,12313.80989092376,-476.2804413595977,11854.976378642992,-1326.5461293049723,-1.9187701659351422,49271.70613691165,1,0,14.649117469787598,15.563055555555556
18764,1876.399,12313.650040687015,-474.7331004376812,11853.585523772534,-1327.0506397256354,-1.9187701659351422,49576.946104658,1,0,14.941475868225098,15.545
18765,1876.499,12313.503511303355,-473.1968914641831,11852.199344190121,-1327.5534542601288,-1.9187701659351422,49876.761395093905,1,0,14.549650192260742,15.483888888888888
18766,1876.6,12313.350321493148,-471.6384185930572,11850.794600691552,-1328.0630025591208,-1.9187701659351422,50189.138972265166,1,0,15.040523529052734,15.525
18767,1876.699,12313.223773389062,-470.0910776703497,11849.40298363649,-1328.567789450092,-1.9187701659351422,50494.32952158863,1,0,14.865344047546387,15.47388888888889
18768,1876.799,12313.110546138034,-468.5437367484332,11848.011137667183,-1329.0726593760546,-1.9187701659351422,50801.291964106946,1,0,14.74633502960205,15.441944444444445
18769,1876.899,12312.990658460483,-466.9963958265167,11846.636125720253,-1329.5714230288963,-1.9187701659351422,51104.77803549309,1,0,14.507198333740234,15.403888888888886
18770,1876.999,12312.870770782918,-465.4490549046002,11845.290075017474,-1330.0596814523433,-1.9187701659351422,51401.954229374525,1,0,14.130181312561035,15.421944444444444
18771,1877.1,12312.757543531905,-463.9017139826837,11843.963345996975,-1330.540931243716,-1.9187701659351422,51696.55462270224,1,0,13.816658973693848,15.51611111111111
18772,1877.2,12312.657637133943,-462.35437306076716,11842.63892285513,-1331.021344614385,-1.9187701659351422,51998.530943051606,1,0,14.360591888427734,15.485
18773,1877.299,12312.571051589039,-460.8292960364785,11841.29831114908,-1331.5076301285185,-1.9187701659351422,52301.65251663942,1,0,14.449170112609863,15.383055555555554
18774,1877.4,12312.484466044147,-459.28195511456204,11839.925253211128,-1332.0056849957693,-1.9187701659351422,52612.76072992081,1,0,14.473564147949219,15.46111111111111
18775,1877.499,12312.404540925774,-457.73461419264555,11838.59049849987,-1332.4898459784577,-1.9187701659351422,52914.02267834414,1,0,14.210330963134766,15.471111111111112
18776,1877.599,12312.311294954348,-456.20953716914784,11837.25975290045,-1332.972552719771,-1.9187701659351422,53216.79894569056,1,0,14.101430892944336,15.399999999999999
18777,1877.7,12312.231369835963,-454.6510642980219,11835.917765248414,-1333.4593373363648,-1.9187701659351422,53524.69701985445,1,0,14.166824340820312,15.486944444444443
18778,1877.799,12312.151444717607,-453.092591426896,11834.544933480924,-1333.9573101638875,-1.9187701659351422,53850.0875502926,1,0,15.335347175598145,15.561111111111112
18779,1877.899,12312.071519599236,-451.57864635181676,11833.10821951197,-1334.478455241095,-1.9187701659351422,54180.68206427868,1,0,15.230903625488281,15.388888888888888
18780,1878.0,12312.004915333931,-450.0424373783187,11831.661375604166,-1335.0032747920518,-1.9187701659351422,54516.00999148586,1,0,15.246092796325684,15.410000000000002
18781,1878.099,12311.94497149515,-448.58415204928656,11830.228900040524,-1335.5228824553335,-1.9187701659351422,54851.76618711925,1,0,15.537824630737305,15.343055555555555
18782,1878.199,12311.851725523724,-447.00341528053275,11828.778888133887,-1336.0488511473386,-1.9187701659351422,55188.38057735864,1,0,15.311341285705566,15.58111111111111
18783,1878.299,12311.771800405351,-445.47833825545314,11827.329662023854,-1336.5745348041592,-1.9187701659351422,55530.038432468726,1,0,15.521106719970703,15.44888888888889
18784,1878.399,12311.698535713516,-443.93099733353665,11825.889782679724,-1337.0968280707255,-1.9187701659351422,55865.40729713383,1,0,15.11248779296875,15.483055555555554
18785,1878.499,12311.61861059516,-442.3947883616205,11824.463965732779,-1337.6140204270023,-1.9187701659351422,56203.37140648427,1,0,15.221927642822266,15.39611111111111
18786,1878.599,12311.571987609434,-440.8808432873322,11823.002656419922,-1338.1440870729245,-1.9187701659351422,56555.904588564845,1,0,15.867591857910156,15.35611111111111
18787,1878.699,12311.505383344116,-439.32237041541526,11821.4970027178,-1338.6902389387765,-1.9187701659351422,56917.33822541274,1,0,16.165359497070312,15.435
18788,1878.799,12311.458760358402,-437.7972933919176,11819.94494263877,-1339.2532239776888,-1.9187701659351422,57295.17411286488,1,0,16.85489273071289,15.323055555555554
18789,1878.899,12311.405476946155,-436.27221636762897,11818.334443767653,-1339.8374067563536,-1.9187701659351422,57687.51400983966,1,0,17.40865135192871,15.378055555555555
18790,1878.999,12311.345533107373,-434.7582712933407,11816.711069935278,-1340.4262597218649,-1.9187701659351422,58076.343726994586,1,0,17.128808975219727,15.346944444444444
18791,1879.103,12311.27892884207,-433.25545816747086,11814.990331678084,-1341.0504300795544,-1.9187701659351422,58503.00910339332,1,0,18.07205581665039,15.27
18792,1879.199,12311.212324576769,-431.696985296345,11813.355197616496,-1341.6435488806412,-1.9187701659351422,58902.00767044172,1,0,18.165090560913086,15.538888888888888
18793,1879.3,12311.165701591055,-430.1496443744285,11811.641157562135,-1342.265289572087,-1.9187701659351422,59318.76490092475,1,0,17.940250396728516,15.44111111111111
18794,1879.399,12311.092436899233,-428.55777565567433,11809.975504589684,-1342.8694786213255,-1.9187701659351422,59727.0376225126,1,0,17.854652404785156,15.665
18795,1879.499,12311.039153486954,-427.05496252980447,11808.25034898475,-1343.4952513014525,-1.9187701659351422,60163.4183553803,1,0,18.84822654724121,15.341944444444444
18796,1879.599,12311.012511780833,-425.52988550630675,11806.496974271919,-1344.1312600128854,-1.9187701659351422,60593.765565837035,1,0,18.45501708984375,15.294999999999998
18797,1879.699,12310.972549221653,-423.9936765335997,11804.782042091421,-1344.7533243088574,-1.9187701659351422,61016.34241679707,1,0,18.030357360839844,15.39
18798,1879.799,12310.972549221653,-422.468599509311,11803.145333564198,-1345.3470142222413,-1.9187701659351422,61413.17035606743,1,0,16.790800094604492,15.378055555555555
18799,1879.899,12310.925926235956,-420.9880502810691,11801.586979133377,-1345.9122824368728,-1.9187701659351422,61800.65771904293,1,0,16.363365173339844,15.246111111111112
18800,1879.999,12310.865982397172,-419.4741052067808,11800.060543823169,-1346.4659724995997,-1.9187701659351422,62183.49280091651,1,0,16.111717224121094,15.198888888888888
18801,1880.099,12310.826019837994,-417.9156323356549,11798.533524253246,-1347.0198744932197,-1.9187701659351422,62572.99147957663,1,0,16.375795364379883,15.299999999999999
18802,1880.199,12310.752755146144,-416.279235821645,11796.86698728158,-1347.6243841990731,-1.9187701659351422,63025.39135229924,1,0,19.079965591430664,15.706944444444444
18803,1880.3,12310.69281130736,-414.6873671028908,11795.120931030016,-1348.257738255408,-1.9187701659351422,63456.45364739434,1,0,17.699779510498047,15.72111111111111
18804,1880.399,12310.632867468594,-413.1066303333461,11793.445758538335,-1348.865380358414,-1.9187701659351422,63892.866417727695,1,0,18.299697875976562,15.68
18805,1880.499,12310.579584056344,-411.570421360639,11791.771149960827,-1349.4728179105482,-1.9187701659351422,64314.2951107,1,0,17.327787399291992,15.453888888888887
18806,1880.599,12310.492998511438,-409.9896845910942,11790.204678112177,-1350.0410305890277,-1.9187701659351422,64706.75221277375,1,0,15.999076843261719,15.583888888888888
18807,1880.699,12310.426394246138,-408.4312117199683,11788.758371552529,-1350.565655225512,-1.9187701659351422,65071.59819036119,1,0,14.771257400512695,15.495
18808,1880.799,12310.359789980836,-406.8838707980518,11787.376393897524,-1351.0669455778573,-1.9187701659351422,65431.16054227804,1,0,14.630472183227539,15.52
18809,1880.899,12310.273204435927,-405.31426597850736,11785.997497838243,-1351.5671181305045,-1.9187701659351422,65793.11459759061,1,0,14.705696105957031,15.566944444444443
18810,1880.999,12310.219921023681,-403.76692505579996,11784.613509610797,-1352.0691377859355,-1.9187701659351422,66157.32735977738,1,0,14.738808631896973,15.506111111111112
18811,1881.099,12310.133335478791,-402.17505633783674,11783.244710746447,-1352.5656477421676,-1.9187701659351422,66515.42932636934,1,0,14.382540702819824,15.721944444444443
18812,1881.2,12310.053410360419,-400.61658346671084,11781.866619689383,-1353.0655282930995,-1.9187701659351422,66882.70912654627,1,0,14.64621353149414,15.565
18813,1881.299,12309.960164388978,-399.0469786463754,11780.51042569056,-1353.557466035404,-1.9187701659351422,67241.83895603476,1,0,14.498412132263184,15.653888888888888
18814,1881.399,12309.873578844086,-397.4996377244589,11779.162928682746,-1354.0462490829336,-1.9187701659351422,67598.3816542882,1,0,14.169737815856934,15.60388888888889
18815,1881.499,12309.80031415225,-395.94116485254204,11777.812109633518,-1354.5362371480014,-1.9187701659351422,67963.37994486702,1,0,14.56908893585205,15.53111111111111
18816,1881.599,12309.727049460414,-394.36042808378824,11776.429838145274,-1355.037634083668,-1.9187701659351422,68336.98779506481,1,0,14.838891983032227,15.711111111111112
18817,1881.699,12309.660445195097,-392.82421911108116,11775.024794155033,-1355.5472913812212,-1.9187701659351422,68717.57495637731,1,0,15.053576469421387,15.549999999999999
18818,1881.799,12309.620482635917,-391.25461429074585,11773.602662204157,-1356.0631470639482,-1.9187701659351422,69103.5533191701,1,0,15.20244026184082,15.65
18819,1881.899,12309.507255384904,-389.6850094704104,11772.184522799289,-1356.577554514291,-1.9187701659351422,69486.32312017234,1,0,14.968634605407715,15.709999999999999
18820,1882.0,12309.414009413447,-388.137668548494,11770.780106632292,-1357.0869840789762,-1.9187701659351422,69865.71981535185,1,0,14.614644050598145,15.541944444444445
18821,1882.1,12309.347405148159,-386.60145957578686,11769.405762276278,-1357.5855055738612,-1.9187701659351422,70241.54772844815,1,0,14.624686241149902,15.46888888888889
18822,1882.2,12309.240838323665,-385.1097783983355,11768.01807690497,-1358.08886630926,-1.9187701659351422,70624.7231789065,1,0,14.898475646972656,15.216944444444445
18823,1882.299,12309.194215337953,-383.5735694264194,11749.8314455795,-1311.4995811480994,-1.8082107912789853,21020.616624217873,0,1,15.062602043151855,15.246111111111112
18824,1882.4,12309.120950646115,-381.95943681003735,11740.825439085143,-1288.0168925920912,-1.7907258284874477,14381.09766900407,0,1,15.273399353027344,15.688888888888888
18825,1882.499,12309.074327660386,-380.3675680920741,11732.464562847652,-1264.31348046814,-1.7731919444272826,9237.581982443993,0,1,15.307358741760254,15.79888888888889
18826,1882.599,12309.02104424814,-378.8313591185761,11725.249119538317,-1240.2834012370458,-1.7555849466944944,5607.3941655799035,0,1,15.302878379821777,15.566944444444443
18827,1882.7,12308.927798276714,-377.22835845061246,11720.178113725213,-1215.8206927753122,-1.7379131550889753,3250.21579879503,0,1,15.171812057495117,15.818888888888889
18828,1882.8,12308.867854437945,-375.6364897326493,11718.800996725977,-1191.0729026921185,-1.7203383956972722,1823.2269149085114,0,1,15.117704391479492,15.866111111111111
18829,1882.899,12308.827891878753,-374.01122516705783,11722.41415820297,-1166.8188275343232,-1.703208731392595,994.0676742896395,0,1,15.038534164428711,16.053055555555556
18830,1882.999,12308.741306333863,-372.4861481435601,11730.62193368125,-1143.9745308880026,-1.6863511197506864,517.4049135869463,0,1,15.010303497314453,15.69888888888889
18831,1883.099,12308.701343774685,-371.0055989153182,11741.636026949487,-1121.9812074385222,-1.5284737525007617,247.5061801676997,0,1,14.670860290527344,15.293055555555554
18832,1883.199,12308.608097803242,-369.50278579023933,11754.283457482949,-1101.2707381639038,-1.5144098049532635,109.57181837076574,0,1,14.004050254821777,15.406944444444445
18833,1883.3,12308.634739509367,-368.0222365619974,11767.606740753585,-1080.9846622091713,-1.4911714162865874,46.06824382600036,0,1,13.68843936920166,15.151944444444442
18834,1883.399,12308.66138121549,-366.57508318217464,11781.180905410829,-1060.8052441985244,-1.4454420461893864,26.933581967126194,0,1,13.207622528076172,14.781111111111112
18835,1883.5,12308.541493537925,-364.99434641262985,11794.776756424748,-1040.5920820150181,-1.3591163589239055,20.5407363745737,0,1,13.639962196350098,15.183055555555555
18836,1883.599,12308.368322448128,-363.33568599941015,11808.380659921253,-1020.2518975443102,-1.218389406111121,17.324531688774037,0,1,13.591242790222168,15.846111111111112
18837,1883.699,12308.22845349099,-361.7549492306564,11821.967401760086,-999.6889513214895,-1.0121725490170617,15.763490773629904,0,1,13.910639762878418,15.845
18838,1883.799,12308.121886666495,-360.17421246111167,11835.62263719572,-978.8339679962279,-0.7344457360341681,14.890697964742689,0,1,14.162681579589844,15.848055555555554
18839,1883.899,12308.008659415465,-358.6157395899857,11849.692430563266,-957.3403312217426,-0.27984845595307917,13.038585092530425,0,1,14.543692588806152,15.758055555555554
18840,1883.999,12307.895432164449,-357.0461347704413,11864.37059617459,-935.9865815886786,-0.0035646260826897036,12.461661648826206,0,1,14.201804161071777,15.738055555555555
18841,1884.099,12307.775544486902,-355.50992579694326,11879.680584346643,-914.7909052862021,0.2904898755630055,12.169750302728238,0,1,14.06265926361084,15.496944444444445
18842,1884.199,12307.629015103212,-353.9848487734456,11895.59847415044,-893.8084298735495,0.5818361594791046,12.025277579382038,0,1,14.05545425415039,15.408055555555556
18843,1884.299,12307.509127425663,-352.4375078515291,11912.013243133752,-873.0915554274432,0.847157032001836,11.974967836688075,0,1,14.123122215270996,15.453888888888887
18844,1884.399,12307.375918895043,-350.94582667486867,11928.705510331163,-852.6099802934464,1.0630889136914252,11.982818133121619,0,1,14.221010208129883,15.231944444444444
18845,1884.499,12307.229389511369,-349.38735380374277,11945.428059198282,-832.2448141856987,1.2100153450872964,12.15499068811681,0,1,14.602629661560059,15.471111111111112
18846,1884.599,12307.096180980749,-347.8400128818262,11961.97660821596,-811.8486955502694,1.2764964778141454,12.27215957489417,0,1,14.785958290100098,15.508055555555554
18847,1884.699,12306.969632876666,-346.3038039083282,11977.776235421012,-790.9390391580866,1.122742185640277,11.29248005813972,0,1,14.773917198181152,15.45111111111111
18848,1884.799,12306.823103492994,-344.7453310372023,11993.746160942937,-770.0177699399544,1.0665923499702021,11.376356226262999,0,1,14.929471015930176,15.58111111111111
18849,1884.899,12306.676574109333,-343.1868581660763,12009.482353837293,-748.876732361825,0.9790125698894035,11.49226639559404,0,1,14.979394912719727,15.591944444444444
18850,1884.999,12306.5433655787,-341.6283852949504,12024.991872053617,-727.5177846931238,0.8709044052238052,11.525009529210383,0,1,14.809488296508789,15.601111111111111
18851,1885.099,12306.39017576849,-340.0921763222433,12040.29071048713,-705.9729561244504,0.7543044752921293,11.528029614434864,0,1,14.584611892700195,15.398055555555555
18852,1885.199,12306.243646384819,-338.5559673503272,12055.417734481463,-684.2941318548216,0.6408852388406315,11.510535578592272,0,1,14.33604621887207,15.401111111111112
18853,1885.299,12306.083796148074,-337.0086264276197,12070.445942052607,-662.5080019495173,0.540737294698364,11.809233518945641,0,1,14.926213264465332,15.501944444444444
18854,1885.399,12305.923945911347,-335.4501535557028,12085.408098879998,-640.7029284539943,0.4615594095047082,11.492090775396406,0,1,13.95108699798584,15.666111111111112
18855,1885.499,12305.750774821548,-333.8916806853679,12099.848631704388,-618.5044013512327,0.2844634927071512,10.805116504645463,0,1,13.956131935119629,15.661944444444444
18856,1885.599,12305.577603731736,-332.3220758650325,12114.759763951639,-596.8319849051242,0.2695780303992463,10.659610876182922,0,1,13.398588180541992,15.74111111111111
18857,1885.699,12305.39777221542,-330.78586689232543,12129.720219727109,-575.3056232349344,0.2807137748859312,10.435222541686079,0,1,12.422027587890625,15.538888888888888
18858,1885.8,12305.217940699089,-329.21626207199006,12144.754930421153,-553.82238804044,0.31372807245011,10.724002430673766,0,1,13.219640731811523,15.74888888888889
18859,1885.9,12305.018127903166,-327.6355253024453,12159.848712619418,-532.360264025718,0.3634196554159411,10.636480893292715,0,1,12.750611305236816,15.908888888888889
18860,1885.999,12304.824975533767,-326.0881843805288,12174.953873605404,-510.9408092206447,0.42313853061127926,10.598646714105488,0,1,12.505803108215332,15.69888888888889
18861,1886.099,12304.631823164378,-324.5297115094029,12190.041075076922,-489.50149545918964,0.4866266139919366,10.575741538758814,0,1,12.256263732910156,15.653888888888888
18862,1886.199,12304.458652074582,-322.9601066890675,12205.059048758432,-468.0185396229114,0.5479523432249167,10.590268850564366,0,1,12.149650573730469,15.78888888888889
18863,1886.299,12304.272160131715,-321.4016338179416,12219.339964233093,-446.1290702704639,0.4623369284343366,10.209155687217878,0,1,12.41822624206543,15.703055555555556
18864,1886.399,12304.079007762328,-319.83202899760624,12233.881129454063,-424.61738733243186,0.5009507000197764,10.373005495849183,0,1,12.957785606384277,15.776944444444442
18865,1886.499,12303.892515819462,-318.2846880756897,12246.019782606052,-406.3391288869185,0.5312091887045268,10.517066559641654,0,1,13.236477851867676,15.674999999999999
18866,1886.599,12303.699363450074,-316.703951306145,12256.127377215988,-390.78293914749474,0.5527069631118151,10.543243106746187,0,1,13.07891845703125,15.768888888888888
18867,1886.699,12303.506211080674,-315.14547843581005,12264.51735189843,-377.52648163527607,0.5661775603708968,10.51046436722065,0,1,12.733510971069336,15.785
18868,1886.799,12303.319719137824,-313.5758736154747,12271.467565296514,-366.19374528768856,0.5729036355708655,10.490027637247513,0,1,12.456904411315918,15.763055555555555
18869,1886.899,12303.079943782706,-311.95060904909224,12277.227913150096,-356.4236096220389,0.5740624434298843,10.747578785621345,0,1,13.130905151367188,16.176944444444445
18870,1886.999,12302.760243309238,-310.3364764327102,12282.011603772102,-347.91236954070774,0.570640714515762,11.17930514937279,0,1,14.242400169372559,16.24888888888889
18871,1887.1,12302.540449233727,-308.75573966395643,12285.367475905743,-340.0904750687526,0.4242691854009437,10.662838112726092,0,1,14.248497009277344,16.10611111111111
18872,1887.199,12302.287353025542,-307.1750028944117,12288.599371357494,-333.62716173198226,0.42017027247881095,10.598766885155577,0,1,13.933304786682129,16.031111111111112
18873,1887.299,12302.054238096976,-305.57200222723907,12291.247563703137,-327.9758625031048,0.41623794687844984,10.575179743914607,0,1,13.564092636108398,16.081944444444446
18874,1887.399,12301.814462741864,-303.98013350848487,12293.39945400479,-323.02616803535545,0.4119813780525537,10.454864442139668,0,1,12.877367973327637,16.05
18875,1887.499,12301.574687386748,-302.4439245357778,12295.149471168725,-318.63986674227914,0.4072011288156607,10.64851688917312,0,1,13.352487564086914,15.811944444444444
18876,1887.599,12301.368214164308,-300.82979191939575,12296.579857959636,-314.68260555791016,0.40173049094009305,10.7346626540961,0,1,13.41986083984375,16.1
18877,1887.699,12301.161740941852,-299.2713190482698,12297.733865289274,-311.11193374858584,0.3955631998494149,10.795440131386629,0,1,13.403925895690918,15.836944444444445
18878,1887.799,12300.955267719397,-297.69058227951604,12298.649828986989,-307.8750203121911,0.388669587638478,10.764356093579165,0,1,13.100374221801758,15.87888888888889
18879,1887.899,12300.742134070408,-296.1098455099713,12298.82998363379,-304.64067070667784,0.26612293386413066,10.482033497616555,0,1,13.7584810256958,15.855
18880,1888.0,12300.53566084795,-294.54024068963594,12299.38843753063,-301.8608919909772,0.26141314493478446,10.459785635246128,0,1,13.480703353881836,15.871944444444445
18881,1888.099,12300.329187625508,-292.95950392009115,12299.799683845325,-299.3256425302485,0.2565543809587599,10.440390343310698,0,1,13.21683120727539,15.971111111111112
18882,1888.199,12300.116053976533,-291.38989909975584,12300.098540216643,-296.9609687540366,0.2514261193563838,10.414319188590545,0,1,12.869400024414062,15.918055555555554
18883,1888.299,12299.916241180597,-289.8091623310021,12300.298735191433,-294.76347487099014,0.24600911952524787,10.301315469022084,0,1,12.223342895507812,15.911944444444444
18884,1888.399,12299.703107531608,-288.22842556145724,12300.41744823226,-292.6931849727612,0.2402696067520747,10.342147553902542,0,1,12.18805980682373,15.88888888888889
18885,1888.499,12299.489973882663,-286.66995269033134,12300.473367226014,-290.7114638064764,0.2342289947317209,10.3607685548102,0,1,12.072057723999023,15.805
18886,1888.599,12299.27684023364,-285.100347870787,12300.475479331297,-288.80666421484153,0.2278984344897643,10.367889164662822,0,1,11.92182445526123,15.796111111111113
18887,1888.7,12298.990441892814,-283.486215253614,12300.05307232251,-286.842476348475,0.14235675615070154,9.980740657768346,0,1,11.79932975769043,16.195
18888,1888.799,12298.75732696425,-281.90547848565114,12299.953903023963,-285.0749792134872,0.137802951892134,9.899740311115934,0,1,11.419166564941406,16.05611111111111
18889,1888.899,12298.524212035654,-280.32474171531544,12299.827865799361,-283.3291595399291,0.13315352429811173,10.041398858249082,0,1,11.812416076660156,16.005
18890,1888.999,12298.277776254034,-278.76626884418954,12299.678959313507,-281.6001906473689,0.1283653536698521,10.081166929951968,0,1,11.746591567993164,15.871111111111112
18891,1889.099,12298.057982178509,-277.1855320754357,12299.51237974028,-279.9037821083804,0.12348015269035771,10.101069766472097,0,1,11.606654167175293,15.91
18892,1889.199,12297.811546396877,-275.6047953066819,12299.328361150478,-278.2170648415394,0.11842975692647618,10.246990750658288,0,1,11.961030006408691,15.948888888888888
18893,1889.299,12297.585091894833,-274.0240585363462,12299.133029296861,-276.53745882993303,0.11325668876271686,10.273623311935037,0,1,11.8449068069458,15.963888888888889
18894,1889.399,12297.331995686662,-272.4878495636391,12298.920909827995,-274.89430636598547,0.10793688442456287,10.272115407404698,0,1,11.639294624328613,15.79888888888889
18895,1889.499,12297.078899478494,-270.9182447433037,12298.439085795566,-273.23243243971115,0.046446766932493944,9.917090661006183,0,1,11.637213706970215,15.881944444444443
18896,1889.599,12296.83246369686,-269.41543161743397,12298.20183301783,-271.64149443700524,0.04274324716832515,9.893297294737222,0,1,11.40835189819336,15.573055555555555
18897,1889.699,12296.606009194815,-267.82356289867977,12297.961783288396,-270.05461729132566,0.03904978723135484,9.98144463981466,0,1,11.56122875213623,15.736944444444443
18898,1889.799,12296.379554692769,-266.2539580791354,12297.721348654355,-268.4482294960667,0.035345982346181845,10.132245710067922,0,1,11.947212219238281,15.813888888888888
18899,1889.899,12296.15310019071,-264.7288810556377,12297.480281395065,-266.83141854551064,0.03161816645979651,10.24207164164555,0,1,12.132164001464844,15.588888888888889
18900,1889.999,12295.926645688663,-263.17040818451176,12297.238215164238,-265.2018052437022,0.027842454273343708,10.402657249330266,0,1,12.484095573425293,15.62111111111111
18901,1890.099,12295.686870333566,-261.66759505864195,12296.992643121815,-263.5714644275631,0.02398772878626616,10.517544479068889,0,1,12.647355079650879,15.428888888888888
18902,1890.199,12295.44709497845,-260.1313860859349,12296.743380166528,-261.9573382290119,0.02005808049030722,10.531121130710723,0,1,12.465947151184082,15.503055555555557
18903,1890.299,12295.213980049886,-258.6174410100647,12296.31564868804,-260.35695118160646,-0.020897434064503173,10.135388292801148,0,1,12.496772766113281,15.360000000000001
18904,1890.399,12294.987525547842,-257.09236398656697,12296.06182284714,-258.76971089954077,-0.02356981159515674,10.210736089599912,0,1,12.66441822052002,15.388888888888888
18905,1890.499,12294.747750192728,-255.57841891227875,12295.806570535631,-257.1891714066233,-0.02625116989495187,10.273052185594572,0,1,12.639582633972168,15.326944444444443
18906,1890.599,12294.50131441109,-254.07560578640891,12295.549314786036,-255.60641024233786,-0.028967646808554792,10.4448838890606,0,1,13.02743148803711,15.36111111111111
18907,1890.699,12294.254878629445,-252.57279266053908,12295.289724475258,-254.00835343607176,-0.03173197803381803,10.601959762014147,0,1,13.323866844177246,15.248055555555556
18908,1890.799,12294.015103274345,-251.06997953466927,12295.028921936502,-252.39463154520678,-0.034538909690530056,10.815342720530158,0,1,13.780464172363281,15.19111111111111
18909,1890.899,12293.762007066161,-249.54490251117159,12294.764964817869,-250.7783435188982,-0.037420897828548974,10.881499934145104,0,1,13.737764358520508,15.331944444444444
18910,1890.999,12293.522231711062,-248.06435328372064,12294.501997540288,-249.20119654980263,-0.04032646503810287,10.842309804387304,0,1,13.38077163696289,15.00388888888889
18911,1891.099,12293.275795929425,-246.5726721070602,12294.10709335381,-247.660091197257,-0.06890582751565688,10.353391820784973,0,1,13.274988174438477,15.053888888888888
18912,1891.2,12293.036020574325,-245.0698589803994,12293.842108844443,-246.10477136420369,-0.07085588738729262,10.478965217101964,0,1,13.572244644165039,15.086111111111112
18913,1891.299,12292.809566072267,-243.6004417029488,12293.58121924978,-244.56421987592896,-0.0727676962487941,10.603356671311838,0,1,13.820832252502441,14.913888888888888
18914,1891.399,12292.563130290648,-242.11989247549786,12293.313575691871,-242.94336214948254,-0.07471709767700915,11.182521398254675,0,1,15.464744567871094,14.991944444444442
18915,1891.499,12292.316694508998,-240.62821129883744,12293.036913299733,-241.21902595561411,-0.07673193223454697,11.752199214270115,0,1,16.815698623657227,15.06
18916,1891.599,12292.070258727352,-239.1587940198049,12292.755356588765,-239.45666696576248,-0.07882512542985327,12.086551198916474,0,1,17.384790420532227,14.988055555555555
18917,1891.699,12291.830483372265,-237.65598089472604,12292.474469417106,-237.7067554579699,-0.0809642173978759,12.269651307313962,0,1,17.5440673828125,15.115
18918,1891.799,12291.59736844367,-236.16429971806565,12292.20363873377,-236.06827011958995,-0.08309606339731612,11.690102048618176,0,1,15.732990264892578,15.026111111111112
18919,1891.9,12291.35093266202,-234.67261854061428,12291.848003192126,-234.59448274817737,-0.10140851910707571,10.617833298095281,0,1,14.038192749023438,15.086944444444445
18920,1891.999,12291.111157306937,-233.18093736474486,12291.602880554461,-233.22830326689564,-0.1027590338269363,10.48485565855501,0,1,13.529125213623047,15.041111111111112
18921,1892.099,12290.864721525288,-231.68925618808444,12291.355588066983,-231.8384662975863,-0.10409534341598367,10.624452741362829,0,1,13.845185279846191,15.008055555555556
18922,1892.199,12290.624946170188,-230.19757501142405,12291.107366372888,-230.4229135588442,-0.1054074767445038,10.659801069518647,0,1,13.750960350036621,15.10111111111111
18923,1892.299,12290.37851038854,-228.70589383397268,12290.85834377752,-228.9974793853506,-0.10671607978739388,10.731400953157989,0,1,13.787616729736328,15.138055555555555
18924,1892.399,12290.145395459975,-227.20308070889385,12290.611214595712,-227.56359916004135,-0.10798748931220936,10.754250737760653,0,1,13.653413772583008,15.083888888888888
18925,1892.499,12289.892299251806,-225.70026758302402,12290.358600006548,-226.0912282790578,-0.10928156013523135,11.060240055571834,0,1,14.44672679901123,15.141111111111112
18926,1892.599,12289.645863470158,-224.19745445715418,12290.102508384454,-224.5872372327672,-0.11058232357657471,11.085141495294783,0,1,14.298868179321289,15.198888888888888
18927,1892.699,12289.399427688522,-222.69464133207535,12289.786480865194,-223.0761190265304,-0.12248571030944966,10.720419953881718,0,1,14.768614768981934,15.136111111111111
18928,1892.8,12289.146331480355,-221.19182820541457,12289.522821291703,-221.52438278030723,-0.12337897804062378,10.814260248336655,0,1,14.90350341796875,15.176944444444445
18929,1892.899,12288.899895698705,-219.67788313112626,12289.263207183201,-219.99852794223887,-0.12426688241986246,10.880256874267484,0,1,14.896932601928711,15.241944444444444
18930,1893.0,12288.640139064017,-218.15280610762863,12289.002670770007,-218.47626573543297,-0.1251784111263899,10.787192260556889,0,1,14.232513427734375,15.344999999999999
18931,1893.099,12288.387042855848,-216.6611249309682,12288.749636008588,-217.01697730131352,-0.12609776771134223,10.795912372031227,0,1,14.080618858337402,15.178888888888888
18932,1893.199,12288.120625794625,-215.1583118043074,12288.492159776666,-215.54305503031574,-0.1270547368520995,10.883031703001157,0,1,14.134378433227539,15.260000000000002
18933,1893.299,12287.840887880331,-213.65549867922857,12288.228873321896,-214.0595447513479,-0.1280778008908764,10.973676132736859,0,1,14.202482223510742,15.298055555555555
18934,1893.399,12287.574470819094,-212.15268555335876,12287.96095099598,-212.55169377600697,-0.1291270473801144,11.187842097128863,0,1,14.649425506591797,15.281944444444445
18935,1893.499,12287.294732904815,-210.6721363259078,12287.633193037998,-211.01401689479545,-0.13941121888854546,10.829689690985774,0,1,15.185178756713867,15.165
18936,1893.599,12287.021655417042,-209.1581912516195,12287.348448119174,-209.43004431538444,-0.1401820633159886,11.037646137971215,0,1,15.744707107543945,15.278888888888888
18937,1893.699,12286.75523835582,-207.66651007495912,12287.057897524011,-207.80868343705507,-0.14096851765612844,11.359651230975022,0,1,16.45844268798828,15.2
18938,1893.8,12286.482160868049,-206.17482889908968,12286.761045572472,-206.15435408608818,-0.14179017163256352,11.571801645795148,0,1,16.72663116455078,15.243888888888888
18939,1893.899,12286.202422953755,-204.67201577242892,12286.464137298011,-204.51506815647178,-0.14265673518765473,11.886570106375588,0,1,17.371795654296875,15.288055555555555
18940,1893.999,12285.92268503945,-203.16920264655909,12286.163603456558,-202.86481540828424,-0.14356535913635093,11.93709175411667,0,1,17.195724487304688,15.335
18941,1894.1,12285.642947125169,-201.65525757147984,12285.859595524485,-201.20165057326193,-0.1445081166798737,12.313273522169915,0,1,17.880830764770508,15.333055555555555
18942,1894.2,12285.35654878434,-200.152444446401,12285.554272764084,-199.5489830551685,-0.1455022988149288,12.435665172108742,0,1,17.933467864990234,15.35611111111111
18943,1894.3,12285.070150443544,-198.63849937132176,12285.200261593225,-197.91833593756706,-0.15410437715464775,11.75669391226303,0,1,18.06970977783203,15.391111111111112
18944,1894.401,12284.777091676184,-197.12455429624254,12284.888688395096,-196.26361901975943,-0.1548121615293247,11.96255692434654,0,1,18.489524841308594,15.378055555555555
18945,1894.499,12284.490693335356,-195.63287311958214,12284.58324357577,-194.657511979,-0.15554546910894632,12.100112039139116,0,1,18.63960075378418,15.303888888888888
18946,1894.599,12284.197634567994,-194.13005999529426,12284.269180871548,-193.01020847914708,-0.15631927927227576,12.411220010314906,0,1,19.160381317138672,15.325
18947,1894.7,12283.897915374127,-192.61611491942406,12283.94436382517,-191.31344683500242,-0.1571469437572933,12.86856183853278,0,1,19.989917755126953,15.466944444444444
18948,1894.799,12283.591535753696,-191.09103789592638,12283.616414720018,-189.61820647713958,-0.15803600241682256,13.225208331479056,0,1,20.598413467407227,15.591111111111111
18949,1894.899,12283.27183528021,-189.57709282084716,12283.27895732866,-187.90043786201034,-0.15902567943691406,13.461446906600814,0,1,20.858781814575195,15.431111111111111
18950,1894.999,12282.94547438022,-188.0520157965585,12282.946550300167,-186.25104353823068,-0.16010866830252865,13.091253187846416,0,1,19.71758270263672,15.563888888888888
18951,1895.099,12282.625773906748,-186.53807072147924,12282.565889574673,-184.6792670736076,-0.16888198430546364,12.276352828382516,0,1,19.73580551147461,15.478055555555555
18952,1895.199,12282.299413006729,-185.01299369798159,12282.235572138969,-183.0915347165129,-0.16965886805076105,12.455587367347935,0,1,20.125782012939453,15.456944444444446
18953,1895.3,12281.979712533257,-183.4767847244835,12281.901068896745,-181.48875087228916,-0.1704628650119141,12.519651107353415,0,1,19.926862716674805,15.57388888888889
18954,1895.399,12281.646691206732,-181.95170770177683,12281.57015054276,-179.9286658270775,-0.17132924219140813,12.710263258077408,0,1,20.19148826599121,15.59888888888889
18955,1895.499,12281.293688600588,-180.41549872827875,12281.232858819216,-178.37030238729957,-0.17229961015413003,12.597619331547454,0,1,19.59000587463379,15.73111111111111
18956,1895.599,12280.947346420993,-178.87928975636262,12280.90415403602,-176.88551130045198,-0.17332969091702527,12.294435608886465,0,1,18.503692626953125,15.678888888888888
18957,1895.699,12280.574362535273,-177.34308078286455,12280.585279709961,-175.50407108035466,-0.17447263594275134,11.80353641417074,0,1,16.88805389404297,15.796111111111113
18958,1895.8,12280.188057796486,-175.80687180936647,12280.259508932546,-174.1360869347378,-0.17574098448707617,11.990065784712932,0,1,17.243133544921875,15.746111111111112
18959,1895.899,12279.795092631164,-174.29292673428725,12279.849386697022,-172.7355671640344,-0.18694385226228283,11.606511979679441,0,1,18.069982528686523,15.681944444444444
18960,1895.999,12279.388806612786,-172.75671776158015,12279.489182512963,-171.27883043451777,-0.18799311548894254,11.476894849057055,0,1,17.498065948486328,15.86
18961,1896.099,12278.995841447508,-171.22050878887305,12279.133764876047,-169.87453396505626,-0.18911136429570005,11.26616370595607,0,1,16.489635467529297,15.85
18962,1896.199,12278.596215855636,-169.68429981616595,12278.783941359583,-168.52561827888587,-0.19029533419760122,11.089816920231469,0,1,15.633838653564453,15.82611111111111
18963,1896.301,12278.183269410725,-168.1592227918773,12278.421331710151,-167.14749365864387,-0.19157332221693585,11.258438033116983,0,1,15.892143249511719,15.90111111111111
18964,1896.399,12277.763662539279,-166.6230138191702,12278.059150485476,-165.8031948858826,-0.19293343490536174,11.150226470969034,0,1,15.43072509765625,15.935000000000002
18965,1896.499,12277.337395241328,-165.08680484646314,12277.684359984924,-164.42812065961542,-0.19438103989155361,11.167099359134792,0,1,15.262563705444336,15.946944444444444
18966,1896.599,12276.911127943362,-163.55059587296506,12277.28195920145,-162.9420473546339,-0.19592055975850214,11.989593035688339,0,1,17.506053924560547,16.025
18967,1896.699,12276.484860645396,-162.01438690025796,12276.774985401977,-161.37846578182655,-0.2106468428713697,11.349434572276937,0,1,17.341835021972656,15.945
18968,1896.799,12276.058593347416,-160.45591402913203,12276.339426808898,-159.77847133449757,-0.21178065371165672,11.648621178812338,0,1,18.127840042114258,16.08388888888889
18969,1896.899,12275.625665622912,-158.90857310721552,12275.896352659585,-158.16279144416623,-0.2129835840660073,11.716278962413817,0,1,17.952363967895508,16.055
18970,1896.999,12275.186077471877,-157.37236413450842,12275.45929276536,-156.59665432209374,-0.21426375843229234,11.601407329431893,0,1,17.246994018554688,16.04888888888889
18971,1897.099,12274.746489320858,-155.8027593141731,12275.030440181372,-155.07969282036794,-0.21558608382183367,11.536894810206658,0,1,16.746967315673828,16.15388888888889
18972,1897.199,12274.280259463683,-154.27768228988444,12274.605537848878,-153.61980971328026,-0.21702569969252128,11.328974705857839,0,1,15.831652641296387,16.06111111111111
18973,1897.299,12273.800708753482,-152.75260526638678,12274.182283775215,-152.2098393100673,-0.21858777585922295,11.223527086475675,0,1,15.27823257446289,15.996944444444443
18974,1897.399,12273.321158043269,-151.22752824209812,12273.755035594371,-150.81619277373005,-0.22024556819520513,11.191590427327228,0,1,14.984357833862305,15.99388888888889
18975,1897.499,12272.841607333057,-149.70245121780945,12273.245254083846,-149.44846067847618,-0.2352033347669522,10.595197778650904,0,1,14.541120529174805,15.948888888888888
18976,1897.599,12272.355396196308,-148.17737419510277,12272.79901702819,-148.02333743795737,-0.2364422904975933,10.857052776769104,0,1,15.43175983428955,16.02111111111111
18977,1897.7,12271.862524633025,-146.65229717160508,12272.328455856732,-146.52337844522864,-0.23776576456957602,11.027920237346185,0,1,15.685247421264648,16.031944444444445
18978,1897.799,12271.349671790167,-145.1383520957349,12271.851260426405,-145.0322931741883,-0.23921387990258328,11.131240460579692,0,1,15.797187805175781,15.996111111111112
18979,1897.899,12270.830158520761,-143.62440702144661,12271.368821131613,-143.5555625002057,-0.24078371688288594,10.964994724140888,0,1,14.941094398498535,15.973888888888888
18980,1897.999,12270.303984824832,-142.12159389557678,12270.890413464636,-142.13130706408361,-0.2424688337203536,10.88299381699588,0,1,14.416242599487305,15.983055555555556
18981,1898.099,12269.771150702358,-140.61878076970697,12270.41178229289,-140.74004989575013,-0.244258232054541,10.774279574509222,0,1,13.827447891235352,15.988055555555556
18982,1898.199,12269.231656153377,-139.11596764383717,12269.932109874762,-139.37662390573442,-0.24614101440339686,10.674996164918007,0,1,13.29594898223877,15.971111111111112
18983,1898.299,12268.678840751325,-137.61315451875834,12269.353257791936,-138.04241076083946,-0.2652866061627588,10.227622009686158,0,1,13.105998992919922,15.995
18984,1898.4,12268.11936492274,-136.13260529130733,12268.850530628488,-136.65817052685426,-0.26672696419096187,10.296658463359048,0,1,13.235830307006836,15.87
18985,1898.499,12267.566549520689,-134.6297921654375,12268.345630984377,-135.28375206932895,-0.268218825557616,10.263885880293842,0,1,12.928311347961426,16.053055555555556
18986,1898.602,12267.027054971695,-133.1269790387767,12267.82564103082,-133.86185068454265,-0.26973592012152814,10.347994664183002,0,1,12.85385513305664,15.991111111111111
18987,1898.699,12266.500881275768,-131.62416591369788,12267.320906108074,-132.48844246299228,-0.2712370756493279,10.382128339396449,0,1,12.974669456481934,15.91
18988,1898.799,12265.96804715332,-130.08795694099078,12266.798382647681,-131.04648485727006,-0.27273370496168875,10.49304854489137,0,1,13.12822151184082,16.098055555555558
18989,1898.899,12265.448533883913,-128.56287991670212,12266.270277117112,-129.57466732257834,-0.2742079534081773,10.634189251747582,0,1,13.38752555847168,16.13388888888889
18990,1899.0,12264.922360187971,-127.04893484241387,12265.733761786229,-128.07168476921436,-0.2756894194113128,10.741758457105707,0,1,13.466623306274414,16.05388888888889
18991,1899.099,12264.38952606551,-125.5127258689158,12265.128121689671,-126.57757544922258,-0.2905778184819914,10.455790267432933,0,1,14.048051834106445,16.096944444444443
18992,1899.2,12263.876673222638,-123.98764884541814,12264.578770030703,-125.02208284320263,-0.29155532217912994,10.492539504217751,0,1,13.951211929321289,16.04111111111111
18993,1899.299,12263.377141232835,-122.45143987271103,12264.047832372316,-123.50703477225211,-0.29246284745957024,10.486314943008223,0,1,13.691265106201172,16.071944444444444
18994,1899.399,12262.890930096102,-120.91523089921297,12263.529014080188,-122.00607397215764,-0.29328120690285536,10.442720960945087,0,1,13.23932933807373,16.08611111111111
18995,1899.499,12262.411379385889,-119.37902192650587,12263.030258763165,-120.54549497176005,-0.2940040567469417,10.324113831591177,0,1,12.540327072143555,16.136944444444445
18996,1899.599,12261.931828675675,-117.83168100458936,12262.549832093355,-119.12139543159196,-0.29463409130090595,10.231410094617765,0,1,11.974211692810059,16.153055555555557
18997,1899.7,12261.458938391981,-116.29547203188226,12262.083559129487,-117.72184957176414,-0.29517479542793323,10.101221407784896,0,1,11.227043151855469,16.14
18998,1899.799,12260.979387681768,-114.74813110917478,12261.628405144484,-116.34179168476362,-0.29564512863214193,10.151598305511683,0,1,11.353597640991211,16.168888888888887
18999,1899.899,12260.49983697155,-113.18965823804885,12261.161483866954,-114.94096465598263,-0.2981328781065544,9.72594050330689,0,1,10.860169410705566,16.223055555555554
19000,1899.999,12260.033607114394,-111.65344926534176,12260.70084577661,-113.50911436646844,-0.2983721901267339,9.882400138648173,0,1,11.514653205871582,16.123055555555556
19001,1900.099,12259.580698110305,-110.08384444500642,12260.2288182242,-112.01270953240025,-0.29852212184489096,10.02672152273972,0,1,11.908916473388672,16.31
19002,1900.2,12259.134449532732,-108.5365035230899,12259.751011689516,-110.47450860291721,-0.2985938055857773,10.146718723214317,0,1,12.096221923828125,16.208888888888886
19003,1900.299,12258.701521808247,-106.9891626011734,12259.286452451655,-108.95245340910901,-0.29857080552969617,10.156093668026578,0,1,11.961503028869629,16.125
19004,1900.399,12258.268594083745,-105.41955778083805,12258.826705963033,-107.41956736753905,-0.29845072022158864,10.209066709879368,0,1,11.926570892333984,16.24611111111111
19005,1900.499,12257.842326785782,-103.87221685892153,12258.370908614128,-105.87735187791223,-0.2982448078571579,10.323719868443337,0,1,12.130417823791504,16.07111111111111
19006,1900.599,12257.416059487814,-102.3026120385862,12257.91465457424,-104.3110349364407,-0.2979474613202016,10.465265974826792,0,1,12.411473274230957,16.248055555555556
19007,1900.7,12256.989792189846,-100.73300721904184,12257.484018076411,-102.72833307608614,-0.2925515098468283,10.0232054377872,0,1,12.08933162689209,16.30388888888889
19008,1900.8,12256.583506171455,-99.18566629633433,12257.043839354305,-101.17052983582705,-0.292234817067073,10.103701409155887,0,1,12.317680358886719,16.156944444444445
19009,1900.9,12256.170559726559,-97.62719342520842,12256.607383459437,-99.60763509024957,-0.2918606590478034,10.140350945686919,0,1,12.211155891418457,16.22388888888889
19010,1900.999,12255.770934134718,-96.05758860566405,12256.179927389934,-98.05080975817656,-0.2914030605076736,10.234292609285887,0,1,12.39383316040039,16.195
19011,1901.099,12255.377968969395,-94.47685183611928,12255.749377157024,-96.45738765170013,-0.2908477532157535,10.405112913071486,0,1,12.771002769470215,16.22388888888889
19012,1901.199,12254.991664230622,-92.90724701578394,12255.322887466094,-94.85326681181061,-0.29019679089210226,10.470243105567722,0,1,12.74804973602295,16.21388888888889
19013,1901.299,12254.60535949182,-91.3376421954486,12254.904766573163,-93.2566381649591,-0.2894612982927243,10.529316128945085,0,1,12.715156555175781,16.176111111111112
19014,1901.399,12254.239036032635,-89.76803737590423,12254.496828230986,-91.66499716587514,-0.2886068986892666,10.597140398253904,0,1,12.722524642944336,16.145
19015,1901.499,12253.872712573437,-88.2095645047783,12254.140401810319,-90.05833286622122,-0.2780346381999914,10.222747276543265,0,1,12.875716209411621,16.098055555555558
19016,1901.599,12253.513049540788,-86.65109163365237,12253.746620958278,-88.46660043191294,-0.2773321172164617,10.24401670421917,0,1,12.81553840637207,16.058055555555555
19017,1901.699,12253.153386508122,-85.09261876252646,12253.358974830111,-86.87753255756428,-0.27657024401889885,10.343954292553658,0,1,12.936488151550293,16.081111111111113
19018,1901.799,12252.793723475474,-83.51188199298169,12252.97193026952,-85.27131907844962,-0.2757387071845398,10.503801883471887,0,1,13.267208099365234,16.173055555555553
19019,1901.9,12252.44072086933,-81.95340912185577,12252.576396439974,-83.61787292290833,-0.27483664160708743,10.809700874802996,0,1,14.011249542236328,16.065
19020,1902.0,12252.10103911627,-80.372672352311,12252.181343062428,-81.93910840117191,-0.2738219687260136,11.02895315021285,0,1,14.45632553100586,16.081111111111113
19021,1902.1,12251.748036510138,-78.79193558276624,12251.797164974172,-80.28445520707133,-0.2727405886546138,10.903186997938642,0,1,13.80197525024414,16.174999999999997
19022,1902.2,12251.388373477475,-77.21119881401246,12251.418166185695,-78.64019326983349,-0.27161792866756895,11.20031281372428,0,1,14.489656448364258,16.238888888888887
19023,1902.299,12251.022050018275,-75.61933009604925,12251.099145097505,-76.99952031059773,-0.26001733434728624,10.488253705575303,0,1,13.830795288085938,16.261944444444445
19024,1902.399,12250.655726559078,-74.01632942808565,12250.733467497044,-75.39175468053523,-0.2592517055558134,10.532996168872371,0,1,13.847033500671387,16.325
19025,1902.499,12250.289403099865,-72.44672460775031,12250.375411825778,-73.81547094119115,-0.2585014674525105,10.435630865811993,0,1,13.199913024902344,16.208055555555553
19026,1902.599,12249.929740067231,-70.85485588978712,12250.026102181802,-72.26726817796607,-0.2577386619596428,10.468603652458505,0,1,13.083203315734863,16.21888888888889
19027,1902.699,12249.576737461115,-69.27411912024235,12249.683387524097,-70.73757993328591,-0.25695883100803873,10.400076133475926,0,1,12.604423522949219,16.145
19028,1902.799,12249.217074428438,-67.67111845227876,12249.345641798269,-69.2220660689972,-0.25616794942396887,10.40663901756782,0,1,12.430683135986328,16.29888888888889
19029,1902.899,12248.857411395787,-66.07924973431555,12249.007827269861,-67.70442853107411,-0.25537522366663845,10.43404542348785,0,1,12.343101501464844,16.27611111111111
19030,1902.999,12248.497748363125,-64.49851296556176,12248.667914567895,-66.17920934397301,-0.25458782448045486,10.489304452844342,0,1,12.358231544494629,16.291944444444447
19031,1903.099,12248.124764477405,-62.89551229838914,12248.353270129268,-64.62725686370337,-0.2472973827217766,10.124533524968708,0,1,12.477752685546875,16.35611111111111
19032,1903.199,12247.765101444742,-61.314775528844386,12248.00866143449,-63.089389076188546,-0.24677948229780045,10.0559347859661,0,1,12.064638137817383,16.34
19033,1903.299,12247.392117559022,-59.71177486167176,12247.667398574065,-61.570623063741444,-0.24628364872856964,10.033821984152231,0,1,11.741448402404785,16.381944444444443
19034,1903.399,12247.025794099838,-58.10877419370818,12247.328896750654,-60.06374653322013,-0.24579443585316868,10.009576543183215,0,1,11.429352760314941,16.50888888888889
19035,1903.499,12246.659470640625,-56.494641577326135,12246.99483482294,-58.573514589097705,-0.24530679967136543,9.928883158727144,0,1,10.896102905273438,16.483888888888888
19036,1903.599,12246.299807607977,-54.89164090936254,12246.660688471147,-57.07946135153252,-0.2448132300517263,10.010206120708038,0,1,11.066202163696289,16.441111111111113
19037,1903.699,12245.940144575312,-53.28864024218993,12246.32516806965,-55.57703210895917,-0.24431475899998595,9.95362749656367,0,1,10.660682678222656,16.456944444444442
19038,1903.799,12245.593802395717,-51.67450762580789,12245.995706912181,-54.08531662756169,-0.24378041660362254,9.915172360666613,0,1,10.348280906677246,16.556944444444444
19039,1903.899,12245.240799789573,-50.04924306021644,12245.688736503611,-52.585980673005686,-0.23828478293708377,9.590593563272883,0,1,10.17609977722168,16.593055555555555
19040,1903.999,12244.901118036512,-48.435110443834404,12245.360776958387,-51.07829637264372,-0.2378679159753871,9.612016494550394,0,1,10.199012756347656,16.551111111111112
19041,1904.099,12244.568096709974,-46.82097782745237,12245.038514841608,-49.57780668551252,-0.2374181765159026,9.525611291505514,0,1,9.567559242248535,16.54
19042,1904.199,12244.248396236502,-45.19571326186091,12244.717557035689,-48.05801514136707,-0.23691115386246284,9.683613016436013,0,1,10.168172836303711,16.533055555555556
19043,1904.299,12243.928695763016,-43.59271259468829,12244.38723257744,-46.48236647066494,-0.236358527416605,9.825540544020955,0,1,10.603238105773926,16.49888888888889
19044,1904.399,12243.6223161426,-41.97857997830625,12244.050915114625,-44.855642354509584,-0.2357292687096885,10.039038320870759,0,1,11.264701843261719,16.531111111111112
19045,1904.499,12243.30261566913,-40.35331541271481,12243.7086116381,-43.189206415775246,-0.23504599022979264,10.182729868314581,0,1,11.580805778503418,16.605
19046,1904.599,12242.989575622178,-38.72805084712335,12243.358175188623,-41.47095096967649,-0.23429210735322836,10.571485725345465,0,1,12.6984281539917,16.591944444444444
19047,1904.699,12242.68319600176,-37.1027862815319,12243.044893284785,-39.72223988537131,-0.2248455445307389,10.111336634385097,0,1,12.473366737365723,16.54888888888889
19048,1904.799,12242.37681638136,-35.47752171594044,12242.702762874327,-37.99575122336064,-0.224234152712994,10.239590547108378,0,1,12.822098731994629,16.548055555555557
19049,1904.899,12242.083757614013,-33.863389098767435,12242.36775849056,-36.27843336003014,-0.22356535077108597,10.283780771632507,0,1,12.693582534790039,16.466944444444447
19050,1904.999,12241.790698846651,-32.238124533175984,12242.037920832363,-34.56382503751401,-0.2228365796705582,10.473686342367984,0,1,13.119223594665527,16.485
19051,1905.1,12241.497640079302,-30.612859967584527,12241.714989276965,-32.86230341579283,-0.22205352671700587,10.379388817693973,0,1,12.454626083374023,16.528055555555557
19052,1905.199,12241.211241738478,-29.009859300411907,12241.405487695496,-31.20522842015379,-0.2212222921467819,10.56634491819057,0,1,12.94767951965332,16.341944444444444
19053,1905.299,12240.918182971114,-27.384594734820457,12241.094888991745,-29.53125880121461,-0.22034864764847087,10.575409075785785,0,1,12.734838485717773,16.463055555555556
19054,1905.4,12240.618463777235,-25.77046211843842,12240.78625078382,-27.86265035618605,-0.2194597800282248,10.668581529088113,0,1,12.780842781066895,16.476944444444445
19055,1905.499,12240.325405009886,-24.14519755363794,12240.525618267093,-26.2056749809597,-0.209953555549534,10.25252183755047,0,1,12.91606330871582,16.443055555555556
19056,1905.599,12240.02568581599,-22.53106493646493,12240.223071194225,-24.55214330992123,-0.20934070727104528,10.260505311693295,0,1,12.796350479125977,16.36111111111111
19057,1905.699,12239.745947901696,-20.92806426929231,12239.926294289224,-22.911686812543945,-0.20869892968673734,10.327915487785939,0,1,12.793054580688477,16.276944444444446
19058,1905.799,12239.486191267006,-19.325063601328715,12239.634703667814,-21.268007059750687,-0.2079876262356334,10.456278695347065,0,1,13.01875114440918,16.356944444444444
19059,1905.899,12239.206453352715,-17.677535138109405,12239.344025600445,-19.613933567661064,-0.20723494037123694,10.527921989894129,0,1,13.02619457244873,16.601944444444445
19060,1906.0,12238.926715438407,-16.07453447014581,12239.054318511806,-17.959501006596916,-0.2064665799985638,10.589161464260947,0,1,12.954723358154297,16.39388888888889
19061,1906.099,12238.646977524115,-14.438137955344942,12238.766785597993,-16.306007806634717,-0.20566731018346726,10.835709934860951,0,1,13.611513137817383,16.511944444444445
19062,1906.199,12238.380560462894,-12.824005338962905,12238.4734687181,-14.608529705665552,-0.20481430452524657,11.009499853878735,0,1,13.91329574584961,16.421944444444446
19063,1906.299,12238.134124681257,-11.209872721789896,12238.228389774504,-12.909445586706816,-0.1959118957228334,10.480522776423754,0,1,13.76523208618164,16.28611111111111
19064,1906.399,12237.887688899626,-9.584608156989416,12237.948793902999,-11.215995135363649,-0.19520957863135002,10.647837617974567,0,1,14.23633098602295,16.39
19065,1906.5,12237.63459269144,-7.9482116421885465,12237.666952002557,-9.491328647678383,-0.19445852165376074,10.808818009813569,0,1,14.450689315795898,16.47
19066,1906.6,12237.388156909807,-6.33407902580651,12237.393369503117,-7.790978803456597,-0.19365939677149366,10.865779438003155,0,1,14.368836402893066,16.45388888888889
19067,1906.699,12237.121739848582,-4.719946409424474,12237.122371682302,-6.107382969804129,-0.19286353785385624,11.028177935748223,0,1,14.683507919311523,16.471944444444443
19068,1906.799,12236.88196449347,-3.1058137922514653,12236.854070412275,-4.415478620940244,-0.19200459900078717,11.071871046754698,0,1,14.549589157104492,16.37388888888889
19069,1906.899,12236.64884956489,-1.5139450742882614,12236.602125401381,-2.7871458507546896,-0.1910920691637666,10.826567115979019,0,1,13.52623462677002,16.241944444444442
19070,1906.999,12236.435715915928,0.11131949130319144,12236.366944399322,-1.2041359886891463,-0.19007277419753843,10.861414456463683,0,1,13.449494361877441,16.293055555555554
19071,1907.099,12236.215921840403,1.725452107685228,12236.183838482357,0.3936424583229082,-0.1799099314963426,10.415922457898775,0,1,13.522842407226562,16.36611111111111
19072,1907.199,12235.982806911823,3.3395847240672643,12235.94430025641,2.0375986208603214,-0.1791659413104503,10.76247689590251,0,1,14.69631576538086,16.428055555555556
19073,1907.299,12235.763012836314,4.953717339658328,12235.698923165439,3.7346336225902226,-0.17837406339971057,10.917561073823528,0,1,14.925857543945312,16.253888888888888
19074,1907.4,12235.549879187323,6.59011385525017,12235.446845954137,5.497344912977909,-0.17750565505343452,11.428076525464384,0,1,16.208070755004883,16.34611111111111
19075,1907.499,12235.3500663914,8.181982574004346,12235.202884946504,7.243899970698159,-0.17655582238178413,11.395378568705691,0,1,15.845784187316895,16.185000000000002
19076,1907.599,12235.13693274241,9.79611518959541,12234.96653170113,8.963878558661918,-0.17555811228045112,11.46370201662105,0,1,15.76066780090332,16.20388888888889
19077,1907.699,12234.937119946504,11.41024780676842,12234.747173068026,10.61472650237885,-0.1744933242099255,11.156177559370379,0,1,14.579634666442871,16.256944444444443
19078,1907.8,12234.737307150568,13.002116525522595,12234.54265244703,12.199425224169865,-0.17339179672952726,11.076081539416636,0,1,14.090248107910156,16.091944444444444
19079,1907.9,12234.537494354649,14.627381090323077,12234.388619160078,13.82224104584365,-0.16306789141099642,10.930222603187104,0,1,15.396589279174805,16.256944444444443
19080,1908.0,12234.34434198526,16.230381757495696,12234.177813878197,15.486539759455423,-0.162264274143309,10.961227938780995,0,1,15.361595153808594,16.186944444444446
19081,1908.099,12234.14452918934,17.822250476249874,12233.976108139426,17.10192061845434,-0.16144979445506846,10.87000361611277,0,1,14.80141830444336,16.136944444444445
19082,1908.199,12233.951376819938,19.425251143422493,12233.777804359623,18.71044144791617,-0.16060487618204553,10.991148513881269,0,1,14.937512397766113,16.05
19083,1908.299,12233.764884877088,21.017119862176667,12233.591817827677,20.25964751605735,-0.15972823169399286,10.628160229686257,0,1,13.425605773925781,16.005
19084,1908.399,12233.551751228097,22.586724682512013,12233.413300299922,21.741892047863534,-0.15890507794133638,10.626593651920164,0,1,13.232579231262207,15.931944444444444
19085,1908.499,12233.35859885871,24.178593400475215,12233.235864984792,23.226030776280396,-0.15807025596393579,10.62085189798878,0,1,13.033611297607422,16.008055555555554
19086,1908.599,12233.152125636254,25.74819822081056,12233.056001825018,24.71350579622029,-0.15726823438641774,10.652575618825074,0,1,12.972394943237305,15.91611111111111
19087,1908.699,12232.958973266852,27.317803041145904,12232.910550762119,26.225918652987147,-0.14949402763881414,10.283035981488977,0,1,13.162774085998535,15.793888888888887
19088,1908.799,12232.745839617875,28.84288006464358,12232.723325166564,27.738355487684466,-0.14900090813052067,10.282807065779279,0,1,13.045056343078613,15.613055555555555
19089,1908.899,12232.585989381134,30.468144630235034,12232.542941520207,29.261899156115685,-0.14841118365475134,10.328964128561815,0,1,12.980774879455566,15.908888888888889
19090,1908.999,12232.399497438266,32.037749450570374,12232.36398570611,30.781029737840154,-0.14781272012037883,10.332360077849923,0,1,12.753959655761719,15.845
19091,1909.099,12232.22632634847,33.629618168533575,12232.189865754046,32.291669979599035,-0.14717123558223896,10.320548646367335,0,1,12.48482608795166,15.971111111111112
19092,1909.199,12232.046494832139,35.21035493807834,12232.018392790807,33.79452409832929,-0.14651216969382752,10.322672411188728,0,1,12.286018371582031,15.926944444444445
19093,1909.299,12231.87998416886,36.7910917076231,12231.847829595243,35.31567441631602,-0.14580670662852657,10.466483503647927,0,1,12.61590576171875,15.948888888888888
19094,1909.399,12231.726794358667,38.39409237479572,12231.676365286725,36.88399771470671,-0.14501799116732883,10.666442391077817,0,1,13.098268508911133,15.978055555555555
19095,1909.499,12231.593585828065,39.96369719513106,12231.54880236631,38.478947671847536,-0.136237396218851,10.255228177800513,0,1,13.106276512145996,15.863055555555555
19096,1909.599,12231.453716870908,41.53330201546641,12231.388727036488,40.06146819762267,-0.1355670991115115,10.268245930622566,0,1,13.013154029846191,15.798055555555557
19097,1909.699,12231.307187487237,43.1140387842202,12231.231594951598,41.6465818456328,-0.13485774838649423,10.378359059846662,0,1,13.172911643981934,15.805
19098,1909.799,12231.160658103547,44.69477555376495,12231.076055269295,43.23929476141973,-0.13411159916208712,10.459615592911362,0,1,13.210809707641602,15.813888888888888
19099,1909.901,12231.00080786682,46.27551232330971,12230.91602499964,44.865793245283065,-0.13335723484110493,10.634460122150438,0,1,13.480703353881836,15.896111111111113
19100,1909.999,12230.86093890968,47.845117142854086,12230.764757388817,46.44921435824828,-0.1325577317292194,10.67265272640486,0,1,13.489503860473633,15.795
19101,1910.099,12230.721069952526,49.42585391239885,12230.612809413036,48.06033653266589,-0.13171073162152222,10.786781741859373,0,1,13.614800453186035,15.823055555555555
19102,1910.199,12230.594521848443,51.00659068194361,12230.462329262013,49.698043169378465,-0.13078596949404273,11.06172831930793,0,1,14.244892120361328,15.85
19103,1910.299,12230.461313317823,52.56506355306953,12230.355555106262,51.376279222547915,-0.12110802744305493,10.712129012804631,0,1,14.749238967895508,15.766944444444444
19104,1910.399,12230.341425640258,54.1346683726139,12230.204101559828,53.088904400304955,-0.12039883957043089,11.01301135278387,0,1,15.62037181854248,15.73611111111111
19105,1910.499,12230.234858815777,55.72653709136808,12230.055507783469,54.83379991076056,-0.11959676604947245,11.236363374765498,0,1,15.997629165649414,15.79111111111111
19106,1910.599,12230.108310711692,57.29614191170342,12229.907239004344,56.589029038556916,-0.11875957486559983,11.52853679673343,0,1,16.555994033813477,15.753055555555557
19107,1910.699,12230.001743887198,58.84348283361994,12229.766361532958,58.320164097046565,-0.11784866964772694,11.529086074340396,0,1,16.23158836364746,15.608888888888888
19108,1910.799,12229.901837489237,60.41308765395528,12229.624480333901,60.10786582290564,-0.11683786379144115,12.491520002362325,0,1,18.548593521118164,15.668055555555556
19109,1910.899,12229.801931091277,61.9715605250812,12229.483598974693,61.92818683711503,-0.11573590313330359,12.369381980661464,0,1,17.913494110107422,15.61111111111111
19110,1910.999,12229.702024693317,63.55229729383499,12229.35053872934,63.72158632868828,-0.11454880716924823,12.85663979253292,0,1,18.837312698364258,15.69888888888889
19111,1911.099,12229.602118295355,65.08850626733306,12229.286227602692,65.4851577510799,-0.10385071637149235,11.778536396406608,0,1,18.023719787597656,15.52
19112,1911.199,12229.508872323928,66.65811108687743,12229.167151098993,67.2304444018733,-0.10300657205957522,12.267497105751175,0,1,19.303462982177734,15.658888888888889
19113,1911.3,12229.422286779023,68.1943200603755,12229.04626758319,69.03302574633999,-0.10209867506934142,12.6106563624503,0,1,19.833219528198242,15.501111111111111
19114,1911.399,12229.335701234117,69.76392488071083,12228.933460483404,70.79349370584912,-0.10112492387809212,12.782972704969637,0,1,19.984661102294922,15.566944444444443
19115,1911.499,12229.242455262693,71.31126580262735,12228.823132625941,72.5460579215168,-0.10011897694355315,12.946449615529982,0,1,20.079050064086914,15.578055555555556
19116,1911.599,12229.1558697178,72.88087062217171,12228.717995754303,74.27823462925316,-0.09906044432570466,13.11595595456236,0,1,20.209367752075195,15.616944444444442
19117,1911.699,12229.069284172892,74.45047544250707,12228.619395599624,75.97104259859987,-0.09796240470798255,13.040925823517039,0,1,19.767547607421875,15.641944444444446
19118,1911.8,12228.996019481057,75.99781636442357,12228.531819500775,77.59522444983362,-0.09680612297946281,12.734670908531802,0,1,18.752334594726562,15.553055555555558
19119,1911.9,12228.92941521574,77.5562892355495,12228.515749281887,79.16229732511974,-0.08719898766382661,12.005796834442384,0,1,18.880592346191406,15.506111111111112
19120,1911.999,12228.862810950455,79.11476210746639,12228.44380842105,80.70551977033925,-0.08637510788138714,11.965825810416815,0,1,18.70205307006836,15.523055555555556
19121,1912.099,12228.796206685138,80.63983913096408,12228.373555643737,82.25727983038833,-0.08551561380218049,12.093620221690102,0,1,18.7800235748291,15.42
19122,1912.199,12228.72960241982,82.18718005288058,12228.307121416578,83.78911607877536,-0.08462134323973115,12.009036589123452,0,1,18.239604949951172,15.42
