row,t,ref_E,ref_N,ekf_E,ekf_N,ekf_psi_rad,cov_trace,in_outage,gnss_used,gru_speed,ref_speed
9394,939.4,5493.563953149352,-3537.7222854607685,5493.563953149352,-3537.7222854607685,2.207248091827149,33.121846967914685,0,1,13.342140197753906,17.208055555555553
9395,939.5,5494.937910979837,-3538.7352928269606,5494.836204444147,-3538.6616957514284,2.207244069673328,38.54994426090985,0,1,13.085067749023438,17.183055555555555
9396,939.6,5496.318637075518,-3539.7594321415713,5495.999201219338,-3539.5218047897542,2.207254543380263,34.1445487804665,0,1,12.823548316955566,17.215
9397,939.7,5497.712899701526,-3540.7724395085547,5497.1838710773,-3540.393329946266,2.207138303217463,31.317617494400935,0,1,12.593905448913574,17.29888888888889
9398,939.799,5499.093625797206,-3541.8077107723752,5498.382881263349,-3541.280035958426,2.2071677230661755,30.259476058290517,0,1,12.764626502990723,17.26388888888889
9399,939.9,5500.474351892886,-3542.8541139861954,5499.625651587771,-3542.2051002428416,2.2074735029158465,28.968144733496942,0,1,12.776907920837402,17.296111111111113
9400,940.0,5501.868614518893,-3543.878253301597,5500.8981861782995,-3543.149511023012,2.20765063642982,29.35394192435618,0,1,13.397802352905273,17.294999999999998
9401,940.1,5503.242572349396,-3544.9135245662083,5502.197035379088,-3544.1234560695493,2.2092478586408077,15.071249824134805,0,1,13.375958442687988,17.268055555555556
9402,940.2,5504.6368349754175,-3545.959927779238,5503.494419078137,-3545.091447874362,2.209368215506959,14.419090333930809,0,1,12.956768989562988,17.36111111111111
9403,940.3,5506.024329336277,-3546.9840670946396,5504.787165498792,-3546.0540315560693,2.2094443880072947,14.218396224446659,0,1,12.904555320739746,17.39
9404,940.4,5507.398287166763,-3548.019338359251,5506.0847955685895,-3547.0227584141185,2.209574542392166,14.006561919711809,0,1,12.796510696411133,17.278888888888886
9405,940.5,5508.785781527593,-3549.054609623862,5507.394711324757,-3548.000734599264,2.209703275571215,13.964773735523137,0,1,12.896790504455566,17.333055555555557
9406,940.6,5510.166507623273,-3550.078748939264,5508.705870789776,-3548.978530281081,2.209800977154938,13.604043812626855,0,1,12.534408569335938,17.311944444444443
9407,940.7,5511.547233718938,-3551.1028882538744,5510.0074941217035,-3549.9483041770986,2.2098718362655316,13.350181571805782,0,1,12.306296348571777,17.291944444444447
9408,940.8,5512.92119154944,-3552.1381595184857,5511.2985755568225,-3550.9176269340087,2.210766172515231,11.330532882602975,0,1,11.969966888427734,17.330000000000002
9409,940.9,5514.301917645104,-3553.1734307830966,5512.576683644862,-3551.872910112051,2.2108339934746706,11.070711675198632,0,1,11.43922233581543,17.32
9410,940.999,5515.662338945263,-3554.2087020477084,5513.8411257657635,-3552.821507296534,2.210951046649255,11.047197935248288,0,1,11.423598289489746,17.258055555555554
9411,941.1,5517.015991980214,-3555.2328413623186,5515.1331867739245,-3553.792463267964,2.2110907835379723,11.047459829425996,0,1,11.366389274597168,17.265
9412,941.2,5518.396718075894,-3556.3015084737667,5516.429394061157,-3554.772439999387,2.211315391003927,11.049221921268094,0,1,11.361688613891602,17.358055555555556
9413,941.3,5519.784212436737,-3557.359043636797,5517.745335087572,-3555.769100186179,2.2115639961454976,11.120410830765996,0,1,11.521835327148438,17.36611111111111
9414,941.4,5521.158170267239,-3558.4277107482453,5519.072268825609,-3556.779480643031,2.2118899962927716,11.094484910635613,0,1,11.422903060913086,17.39111111111111
9415,941.499,5522.532128097726,-3559.4852459112753,5520.39398317535,-3557.808277070631,2.2154591167424496,10.420774454903697,0,1,11.678829193115234,17.398055555555555
9416,941.6,5523.906085928242,-3560.542781073514,5521.734620491242,-3558.833111659813,2.2156818659469706,10.25498530290929,0,1,11.02016830444336,17.343888888888888
9417,941.7,5525.27327549355,-3561.6003162357533,5523.049308539927,-3559.840942835075,2.2159247701412816,10.279696293290826,0,1,11.008907318115234,17.315
9418,941.8,5526.62692852853,-3562.6689833479927,5524.364870459031,-3560.855245036339,2.216227159299348,10.270568307638744,0,1,10.867317199707031,17.285
9419,941.9,5527.994118093838,-3563.7153865610226,5525.691026156988,-3561.8766210560348,2.216512992662206,10.364063098531679,0,1,11.077844619750977,17.305
9420,942.0,5529.347771128817,-3564.79518562168,5527.034013593506,-3562.917673819117,2.216875849295365,10.452718072122304,0,1,11.249661445617676,17.315
9421,942.1,5530.71496069414,-3565.8527207847105,5528.403057576701,-3563.9784915889722,2.217236869920627,10.651685014836241,0,1,11.746381759643555,17.273055555555555
9422,942.201,5532.061845463925,-3566.921387896158,5529.784158129786,-3565.0763862058448,2.2215785600130644,10.178671004080558,0,1,11.809893608093262,17.191111111111113
9423,942.3,5533.408730233743,-3567.9566591599787,5531.1462261608185,-3566.1348162703134,2.221821747458816,10.118659076601647,0,1,11.564364433288574,17.168055555555554
9424,942.4,5534.74207847317,-3569.025326272218,5532.505313702478,-3567.1969499514485,2.222116637607463,10.19097366355139,0,1,11.63695240020752,17.118055555555554
9425,942.5,5536.102499773314,-3570.0828614352486,5533.859937874257,-3568.255036963997,2.2224009082025193,10.18722009104506,0,1,11.426661491394043,17.211944444444445
9426,942.6,5537.449384543116,-3571.1292646482775,5535.221111698986,-3569.3174423905434,2.222675019980965,10.361413587252773,0,1,11.875261306762695,17.11111111111111
9427,942.699,5538.803037578096,-3572.1979317597265,5536.583472728319,-3570.3831746260244,2.222972514963826,10.36932341426139,0,1,11.760272979736328,17.238055555555555
9428,942.8,5540.176995408598,-3573.2332030243374,5537.971736097906,-3571.462178406843,2.223197879897023,10.542175179807519,0,1,12.097417831420898,17.22
9429,942.9,5541.523880178368,-3574.2684742881574,5539.345755932175,-3572.5284458067035,2.2234001185190095,10.497118779289758,0,1,11.777304649353027,17.13111111111111
9430,943.0,5542.918142804407,-3575.2814816543496,5540.722475409516,-3573.5898185960355,2.2243004036258363,10.15098552947327,0,1,12.142090797424316,17.255
9431,943.1,5544.265027574193,-3576.3167529189604,5542.095260353952,-3574.6436192063406,2.2243394919216057,10.081360464788615,0,1,11.74826431274414,17.193055555555556
9432,943.2,5545.638985404679,-3577.352024183572,5543.451373412584,-3575.6813007930373,2.2243443811319032,10.10622581487034,0,1,11.632135391235352,17.266944444444444
9433,943.299,5547.019711500359,-3578.3984273966016,5544.7881377195445,-3576.7023833816547,2.224329915769243,10.057542004496826,0,1,11.289877891540527,17.293055555555554
9434,943.4,5548.3936693308615,-3579.433698660422,5546.127914606495,-3577.723229784097,2.2242885813780644,10.06506559708529,0,1,11.06070613861084,17.32388888888889
9435,943.5,5549.794700222062,-3580.502365772661,5547.456149458228,-3578.735338570833,2.224246616751876,10.055957039300733,0,1,10.864842414855957,17.46388888888889
9436,943.6,5551.175426317726,-3581.5487689864813,5548.779777260266,-3579.74282868908,2.224192286352419,10.043961059095974,0,1,10.66268253326416,17.365000000000002
9437,943.7,5552.562920678572,-3582.6063041495117,5550.100153705884,-3580.7431711327986,2.2232788081141717,9.662979912798663,0,1,10.382684707641602,17.496944444444445
9438,943.799,5553.957183304579,-3583.6638393109592,5551.411248849951,-3581.740429116443,2.2232388701960515,9.650080889370464,0,1,10.303914070129395,17.52611111111111
9439,943.9,5555.351445930617,-3584.7102425247804,5552.758580801719,-3582.7628156107107,2.223177688250827,9.777472563382368,0,1,10.618446350097656,17.43611111111111
9440,944.0,5556.7592450869815,-3585.75664573781,5554.113062211013,-3583.786757080514,2.223082560401525,9.778429801083986,0,1,10.428637504577637,17.50611111111111
9441,944.1,5558.153507713006,-3586.8141809008393,5555.472013196618,-3584.8145588083203,2.22299039258522,9.851798824561353,0,1,10.557464599609375,17.52111111111111
9442,944.2,5559.56130686937,-3587.8383202162418,5556.848167434387,-3585.8482840621364,2.2228316734410454,9.932361384446148,0,1,10.69945240020752,17.521944444444443
9443,944.3,5560.975874290914,-3588.873591480062,5558.245116313459,-3586.8928553123505,2.2226231384348347,10.054558641908214,0,1,10.9877347946167,17.501944444444444
9444,944.4,5562.376905182117,-3589.886598846254,5559.67115289891,-3587.937481378561,2.219398744069169,9.814829482908294,0,1,11.315835952758789,17.41
9445,944.5,5563.7914726036615,-3590.9107381616554,5561.113276999249,-3589.004663442921,2.2191687665601396,9.934721384646503,0,1,11.705692291259766,17.548055555555557
9446,944.599,5565.233113085906,-3591.9126135794295,5562.575641129841,-3590.075605337864,2.2188391020246425,10.098236451641638,0,1,12.171472549438477,17.491111111111113
9447,944.7,5566.627375711928,-3592.9144889956215,5564.0820466140885,-3591.176255090936,2.2184687073536167,10.362399679959253,0,1,12.83449649810791,17.386944444444445
9448,944.799,5568.0284066031145,-3593.905232463395,5565.574003127577,-3592.2601424237546,2.218034448413115,10.407056062267303,0,1,12.769412994384766,17.365000000000002
9449,944.899,5569.456510555017,-3594.907107881169,5567.078948524475,-3593.3471678777087,2.217523656389223,10.629767522183068,0,1,13.259496688842773,17.448888888888888
9450,945.0,5570.898151037261,-3595.886719399733,5568.608144960083,-3594.4409810906463,2.216881259571399,10.798195389574794,0,1,13.49282169342041,17.505
9451,945.1,5572.3397915195055,-3596.8774628682977,5570.14421980394,-3595.4874721561887,2.2088390709529584,10.360383571160575,0,1,13.49499797821045,17.54388888888889
9452,945.199,5573.767895471392,-3597.89047023449,5571.658964007578,-3596.5607602052337,2.208337372798286,10.572427491916704,0,1,14.185135841369629,17.53611111111111
9453,945.3,5575.243377279516,-3598.836685906216,5573.21309414914,-3597.644823267488,2.2076603605423055,10.698539591469665,0,1,14.245011329650879,17.616944444444446
9454,945.399,5576.712090822461,-3599.8162974255715,5574.751970723385,-3598.709176680003,2.206890249572649,10.910298889634083,0,1,14.714137077331543,17.60611111111111
9455,945.5,5578.20787742612,-3600.7847769949262,5576.321410977955,-3599.783128698197,2.205973189892671,11.025483570448422,0,1,14.727129936218262,17.751944444444444
9456,945.599,5579.64951790835,-3601.786652411909,5577.830919857347,-3600.8153139297206,2.2050746225074147,10.91085459859956,0,1,14.136480331420898,17.618055555555554
9457,945.7,5581.118231451294,-3602.744000033636,5579.3204043518435,-3601.8231106819953,2.2040678703132244,10.871496224153827,0,1,13.715521812438965,17.633055555555554
9458,945.8,5582.586944994238,-3603.7236115522,5580.805364866149,-3602.7626541328113,2.19381702875868,10.364841933092984,0,1,13.489225387573242,17.63888888888889
9459,945.899,5584.0624268023475,-3604.669827223927,5582.267909012285,-3603.7367386715505,2.1930290921474556,10.535707243112636,0,1,14.083657264709473,17.575
9460,946.0,5585.53790861047,-3605.627174844863,5583.761037641621,-3604.7266175330506,2.1921863403417294,10.538335551933905,0,1,13.732165336608887,17.64388888888889
9461,946.099,5587.026926948936,-3606.57339051659,5585.215889838199,-3605.6807673259905,2.1912621815992974,10.535641442429663,0,1,13.520031929016113,17.68888888888889
9462,946.2,5588.52948181776,-3607.4750783922696,5586.689376241439,-3606.6313749618257,2.19016557533686,10.603452252043102,0,1,13.455471992492676,17.625
9463,946.299,5590.038804951762,-3608.399030165578,5588.141896464124,-3607.556338971003,2.1889563661932554,10.594971230342686,0,1,13.254191398620605,17.743055555555554
9464,946.4,5591.575201146436,-3609.300718040467,5589.618569363508,-3608.4817977002804,2.187567144253748,10.650893524479388,0,1,13.171494483947754,17.841944444444447
9465,946.5,5593.111597341138,-3610.191273966938,5591.1222309566,-3609.324966769089,2.1725180068140926,10.157467169499373,0,1,12.785428047180176,17.81
9466,946.6,5594.634457005468,-3611.0818298934087,5592.602773538216,-3610.2260076100747,2.171359314747209,10.326208502279982,0,1,13.368340492248535,17.718888888888888
9467,946.7,5596.2046945260345,-3611.9389899722505,5594.107404020978,-3611.123124115696,2.1700125260562646,10.308270303665141,0,1,13.017728805541992,17.878055555555555
9468,946.8,5597.734322455573,-3612.8406778479307,5595.606137228707,-3612.01219664178,2.168625553595489,10.382888785925104,0,1,13.053926467895508,17.75
9469,946.9,5599.284255180603,-3613.6978379275643,5597.1040067888425,-3612.887041043882,2.1671009110023354,10.358578954614417,0,1,12.714759826660156,17.779999999999998
9470,946.999,5600.83418790565,-3614.5438660571976,5598.593829718745,-3613.743283167629,2.1654391964246527,10.430674635972386,0,1,12.8104248046875,17.79
9471,947.1,5602.3773523655145,-3615.412158085249,5600.095980314729,-3614.6011648454946,2.1637071351493495,10.358635599275688,0,1,12.257179260253906,17.744999999999997
9472,947.199,5603.906980295039,-3616.2693181656737,5601.615770386706,-3615.3676185399477,2.145480658382975,10.014409748801333,0,1,12.345232963562012,17.705
9473,947.3,5605.456913020069,-3617.126478243725,5603.0992475646535,-3616.2004089401307,2.1442050202335468,9.907435869363203,0,1,11.64543628692627,17.75
9474,947.399,5607.027150540636,-3618.005902221777,5604.552613696359,-3617.0105857155336,2.142917969462776,9.920563824160869,0,1,11.556268692016602,17.93611111111111
9475,947.5,5608.6312293870815,-3618.85193035141,5606.035022818004,-3617.827273414855,2.1415278299412503,9.921165660088421,0,1,11.26167106628418,18.058055555555555
9476,947.6,5610.221771703169,-3619.686826531834,5607.526809236124,-3618.63960455656,2.140045068130635,10.027327420540288,0,1,11.525429725646973,18.043055555555554
9477,947.699,5611.812314019243,-3620.555118559886,5609.043990871541,-3619.465470294449,2.1385325369779715,10.122515738629989,0,1,11.7581787109375,18.12805555555556
9478,947.8,5613.40285633536,-3621.3900147411,5610.626833609997,-3620.3244266970532,2.136917723685175,10.400869017192973,0,1,12.51575756072998,18.03111111111111
9479,947.9,5614.993398651449,-3622.2360428715238,5612.286300229248,-3621.143417326521,2.120266825349308,10.167643849163314,0,1,13.020711898803711,18.035
9480,948.0,5616.5907092327,-3623.082071001948,5613.903208469012,-3622.011584123378,2.1190350199738663,10.077495887505046,0,1,12.460042953491211,18.13
9481,948.1,5618.194788079146,-3623.9058352331617,5615.491643620431,-3622.8540593519137,2.1177346852490717,10.095285125640531,0,1,12.256397247314453,18.143055555555556
9482,948.199,5619.792098660398,-3624.7295994643764,5617.06228938332,-3623.6800873569923,2.1163815154710925,10.12182244237289,0,1,12.16472339630127,18.064999999999998
9483,948.3,5621.402945772037,-3625.542231747172,5618.659465685729,-3624.5136906776406,2.1149411357394623,10.22998963414427,0,1,12.27401351928711,18.113888888888887
9484,948.4,5623.047634209525,-3626.3214681831305,5620.27908991879,-3625.3443859315635,2.113321129009422,10.428851440427056,0,1,12.785841941833496,18.253888888888888
9485,948.5,5624.638176525614,-3627.134100465926,5621.903682135752,-3626.175745321016,2.1116628265112967,10.4228744347408,0,1,12.519959449768066,17.978888888888886
9486,948.6,5626.228718841702,-3627.935600799513,5623.542823873487,-3626.9293933402464,2.095172073927971,10.011420927058323,0,1,12.284808158874512,17.915
9487,948.7,5627.84633421849,-3628.7482330823086,5625.137287549476,-3627.7341980035767,2.093956747525594,10.027114742190374,0,1,12.209385871887207,18.153055555555554
9488,948.799,5629.463949595278,-3629.560865365104,5626.721269632977,-3628.53041811252,2.092728482154639,10.057800431815522,0,1,12.1361083984375,18.086111111111112
9489,948.9,5631.088333237215,-3630.3734976478995,5628.333891024964,-3629.3402629258967,2.0914749274214977,10.174500650103024,0,1,12.285658836364746,18.201944444444443
9490,949.0,5632.692412083706,-3631.1638660330673,5629.956836256511,-3630.1519037900966,2.0901768309067648,10.339730492589313,0,1,12.685237884521484,17.97388888888889
9491,949.099,5634.310027460479,-3631.987630264282,5631.594450406603,-3630.973006675403,2.0888801258333642,10.473816266873193,0,1,12.973861694335938,18.173055555555557
9492,949.2,5635.9411793676245,-3632.7779986494497,5633.266132632191,-3631.8067119942334,2.087498185277005,10.596141214556608,0,1,13.084174156188965,18.123888888888892
9493,949.299,5637.572331274755,-3633.6017628814548,5634.948346038285,-3632.5846892569075,2.075068383551047,10.227102485471818,0,1,13.222859382629395,18.24888888888889
9494,949.4,5639.176410121202,-3634.3921312666225,5636.126908790635,-3633.2354385108138,2.075068383551047,12.089783280750227,1,0,13.435312271118164,18.003888888888888
9495,949.499,5640.794025497989,-3635.204763548628,5637.297172447513,-3633.8812631810615,2.075068383551047,13.965969614164214,1,0,13.567516326904297,18.131944444444446
9496,949.599,5642.391336079256,-3636.0285277806324,5638.4739673912945,-3634.5306922238674,2.075068383551047,15.79548855459175,1,0,13.314480781555176,18.09
9497,949.7,5644.022487986402,-3636.841160063428,5639.641434674164,-3635.174973680061,2.075068383551047,17.679865899333535,1,0,13.090392112731934,18.224999999999998
9498,949.8,5645.6401033631755,-3637.676056243852,5640.769851125122,-3635.7977044450977,2.075068383551047,19.516924242518893,1,0,12.68647575378418,18.213055555555552
9499,949.899,5647.264487005142,-3638.5109524250665,5641.976719425506,-3636.4637298467646,2.075068383551047,22.318883406121575,1,0,15.16097354888916,18.26611111111111
9500,950.0,5648.8821023819455,-3639.3235847078618,5643.283901901689,-3637.18511488395,2.075068383551047,24.18622064214192,1,0,14.40386962890625,18.206944444444446
9501,950.099,5650.506486023913,-3640.1473489398672,5644.503991368691,-3637.8584365521633,2.075068383551047,26.065717891108676,1,0,13.74864673614502,18.188055555555557
9502,950.2,5652.144406196223,-3640.948849274245,5645.687669349709,-3638.5116640853585,2.075068383551047,27.986736586647265,1,0,13.022867202758789,18.301944444444445
9503,950.3,5653.768789838189,-3641.7726135054586,5646.830430367879,-3639.1423110796436,2.075068383551047,30.185269420801294,1,0,13.081679344177246,18.24
9504,950.4,5655.3864052149775,-3642.5852457882547,5647.970851182104,-3639.7716666030437,2.075068383551047,32.36871543203713,1,0,12.969408988952637,18.198055555555555
9505,950.5,5657.024325387302,-3643.3978780710504,5649.1049444489045,-3640.3975301900714,2.075068383551047,34.624672407377446,1,0,12.93713665008545,18.298055555555557
9506,950.6,5658.655477294434,-3644.221642302264,5650.2466287352945,-3641.0275829764255,2.075068383551047,37.027432727249426,1,0,13.142813682556152,18.298055555555557
9507,950.7,5660.28662920161,-3645.0342745850603,5651.391460137804,-3641.6593725382645,2.075068383551047,39.35029172665827,1,0,13.009027481079102,18.26611111111111
9508,950.8,5661.91778110871,-3645.8357749194374,5652.530847471541,-3642.2881577225007,2.075068383551047,41.7799586657681,1,0,13.018452644348145,18.186944444444443
9509,950.9,5663.548933015854,-3646.6372752530237,5653.668278435694,-3642.9158632596555,2.075068383551047,44.23564453860106,1,0,12.964337348937988,18.248055555555556
9510,951.0,5665.180084923001,-3647.4499075358194,5654.824488811137,-3643.5539324503616,2.075068383551047,47.002921829212454,1,0,13.44743824005127,18.269999999999996
9511,951.1,5666.811236830132,-3648.2291439709866,5655.9801559152575,-3644.191701829978,2.075068383551047,49.387216031229215,1,0,12.951927185058594,18.13
9512,951.2,5668.435620472099,-3649.0529082029925,5657.113670341139,-3644.8172459763873,2.075068383551047,52.032159127222435,1,0,12.94139575958252,18.206944444444446
9513,951.299,5670.060004114081,-3649.876672434997,5658.228558692005,-3645.4325110897908,2.075068383551047,54.631785247955385,1,0,12.783695220947266,18.238055555555555
9514,951.4,5671.677619490869,-3650.6893047177928,5659.378523694976,-3646.0671336934024,2.075068383551047,57.655707632490895,1,0,13.225324630737305,18.161111111111108
9515,951.499,5673.295234867643,-3651.490805051379,5660.500302067162,-3646.686201151449,2.075068383551047,60.17766235220762,1,0,12.658747673034668,18.099999999999998
9516,951.6,5674.919618509609,-3652.292305384966,5661.627713154316,-3647.308377093866,2.075068383551047,63.180476774508044,1,0,12.840165138244629,18.13
9517,951.7,5676.550770416755,-3653.0826737701336,5662.742148332234,-3647.923392118097,2.075068383551047,66.00741052114527,1,0,12.61732292175293,18.145
9518,951.8,5678.168385793513,-3653.8730421545106,5663.8539969074245,-3648.536979693185,2.075068383551047,69.09985581266609,1,0,12.781078338623047,18.075
9519,951.9,5679.792769435496,-3654.674542488097,5664.953953464169,-3649.144004508808,2.075068383551047,71.92429575396896,1,0,12.34566879272461,18.075
9520,951.999,5681.423921342656,-3655.4649108732647,5666.027312846379,-3649.7363513402233,2.075068383551047,75.03368891685172,1,0,12.42117691040039,18.133055555555554
9521,952.1,5683.055073249787,-3656.255279257641,5667.153026800765,-3650.357590698646,2.075068383551047,78.63353210820698,1,0,13.039351463317871,18.164999999999996
9522,952.199,5684.679456891755,-3657.045647642018,5668.269621868568,-3650.973797685188,2.075068383551047,81.72403338771554,1,0,12.725120544433594,18.15388888888889
9523,952.3,5686.3106087989,-3657.836016027186,5669.386772405311,-3651.5903112142273,2.075068383551047,85.00174885473842,1,0,12.541727066040039,18.133055555555554
9524,952.4,5687.948528971209,-3658.637516360772,5670.472496530921,-3652.1894816843014,2.075068383551047,88.22375622719107,1,0,12.259902954101562,18.23611111111111
9525,952.5,5689.579680878356,-3659.427884745149,5671.554992339864,-3652.786870567351,2.075068383551047,91.8046570402736,1,0,12.467981338500977,18.233055555555556
9526,952.6,5691.2176010506655,-3660.2071211811076,5672.63138583375,-3653.3808918113327,2.075068383551047,95.11362624726307,1,0,12.120505332946777,18.17388888888889
9527,952.7,5692.855521222989,-3661.0308854123223,5673.685876012311,-3653.9628254361583,2.075068383551047,98.57316066671993,1,0,11.967635154724121,18.31888888888889
9528,952.8,5694.500209660478,-3661.8435176951175,5674.738686153637,-3654.543831911373,2.075068383551047,102.26615664396496,1,0,12.082127571105957,18.37
9529,952.9,5696.138129832788,-3662.656149977913,5675.810935914713,-3655.135566384455,2.075068383551047,106.21504338769806,1,0,12.411702156066895,18.313055555555554
9530,953.0,5697.769281739934,-3663.44651836229,5676.919107420188,-3655.7471247225226,2.075068383551047,110.44107325336923,1,0,12.902702331542969,18.243888888888886
9531,953.1,5699.407201912243,-3664.2591506450863,5678.048382968763,-3656.3703295913488,2.075068383551047,114.46382750746385,1,0,12.893790245056152,18.24888888888889
9532,953.2,5701.045122084553,-3665.071782927882,5679.171741063988,-3656.990268839359,2.075068383551047,118.48054646060284,1,0,12.76752758026123,18.331111111111113
9533,953.299,5702.683042256877,-3665.8844152114684,5680.2617563320855,-3657.5918074302112,2.075068383551047,122.31003861451221,1,0,12.383638381958008,18.32388888888889
9534,953.4,5704.320962429187,-3666.697047494264,5681.349144829695,-3658.191896404839,2.075068383551047,126.40414430072329,1,0,12.210074424743652,18.325
9535,953.5,5705.958882601497,-3667.5208117254783,5682.403581653861,-3658.7738005853726,2.075068383551047,130.37187815587166,1,0,11.876847267150879,18.335
9536,953.599,5707.603571039,-3668.333444008274,5683.443755654092,-3659.347833647709,2.075068383551047,134.77991761985143,1,0,12.124274253845215,18.37
9537,953.699,5709.24149121131,-3669.1572082402795,5684.49068908846,-3659.9255969885157,2.075068383551047,138.89393301247017,1,0,11.791244506835938,18.383055555555554
9538,953.8,5710.872643118455,-3669.9809724722845,5685.529622292978,-3660.4989453021826,2.075068383551047,143.2656777096248,1,0,11.706543922424316,18.35194444444444
9539,953.9,5712.510563290765,-3670.8047367042896,5686.554424340769,-3661.064495159853,2.075068383551047,147.72350396025945,1,0,11.703418731689453,18.373055555555556
9540,953.999,5714.155251728239,-3671.6396328855044,5687.59497565051,-3661.638736445173,2.075068383551047,152.75677140946283,1,0,12.306408882141113,18.441944444444445
9541,954.099,5715.806708430905,-3672.4522651683,5688.67732625868,-3662.2360451973555,2.075068383551047,157.6586007012317,1,0,12.418158531188965,18.49111111111111
9542,954.2,5717.444628603244,-3673.287161347933,5689.796161362771,-3662.8534883760053,2.075068383551047,163.08653285318678,1,0,12.886789321899414,18.426111111111112
9543,954.3,5719.096085305898,-3674.1109255807287,5690.918617359576,-3663.472929789693,2.075068383551047,168.1183652352855,1,0,12.753921508789062,18.49388888888889
9544,954.399,5720.761078538907,-3674.9346898127337,5692.035262809712,-3664.089164580356,2.075068383551047,173.5587978547072,1,0,13.011713027954102,18.595
9545,954.5,5722.419303506754,-3675.747322095529,5693.167988225949,-3664.7142733019014,2.075068383551047,178.625260261857,1,0,12.60739517211914,18.52388888888889
9546,954.6,5724.057223679063,-3676.5933502251623,5694.268435325845,-3665.321568829912,2.075068383551047,183.95674432127524,1,0,12.530557632446289,18.466944444444447
9547,954.7,5725.722216912088,-3677.3948505595395,5695.360643221217,-3665.924317449614,2.075068383551047,189.33818840801686,1,0,12.419183731079102,18.52
9548,954.799,5727.366905349561,-3678.218614790754,5696.432980119037,-3666.516100010201,2.075068383551047,194.75129536431402,1,0,12.324069023132324,18.44611111111111
9549,954.9,5729.025130317407,-3679.042379022759,5697.521127264384,-3667.1166076540935,2.075068383551047,200.41713007135903,1,0,12.286802291870117,18.516944444444444
9550,955.0,5730.683355285253,-3679.8438793555542,5698.594662958239,-3667.709051785301,2.075068383551047,206.10541324735877,1,0,12.23640251159668,18.463055555555556
9551,955.1,5732.321275457579,-3680.6565116391407,5699.645279724577,-3668.2888478190325,2.075068383551047,211.4382950001453,1,0,11.763256072998047,18.32305555555556
9552,955.2,5733.959195629887,-3681.480275871146,5700.669432752468,-3668.854039506934,2.075068383551047,217.07133828612461,1,0,11.631880760192871,18.33888888888889
9553,955.3,5735.617420597719,-3682.2595123071046,5701.689008866633,-3669.416705367617,2.075068383551047,222.9260671840916,1,0,11.658703804016113,18.441944444444445
9554,955.399,5737.262109035207,-3683.0721445899003,5702.707014228229,-3669.978504388803,2.075068383551047,228.99182455942284,1,0,11.83089542388916,18.36888888888889
9555,955.5,5738.886492677174,-3683.8736449234866,5703.772664423804,-3670.5665968089265,2.075068383551047,235.66625694884522,1,0,12.271157264709473,18.163888888888888
9556,955.6,5740.51764458432,-3684.6862772062823,5704.850039671966,-3671.1611598463137,2.075068383551047,242.1456905317277,1,0,12.33975601196289,18.228055555555557
9557,955.7,5742.135259961107,-3685.487777539869,5705.942657953652,-3671.7641349428477,2.075068383551047,249.02903911116,1,0,12.619359970092773,18.125
9558,955.8,5743.759643603075,-3686.255882026617,5707.0717724788265,-3672.387250948892,2.075068383551047,256.5109798358329,1,0,13.173454284667969,18.046111111111113
9559,955.9,5745.3637224495205,-3687.0907782070412,5708.28285989577,-3673.0556047229256,2.075068383551047,265.4452128275657,1,0,14.491899490356445,18.08888888888889
9560,955.999,5746.9745695611455,-3687.8922785414184,5709.571542115621,-3673.766780161723,2.075068383551047,274.35182778878647,1,0,15.243335723876953,18.081944444444442
9561,956.1,5748.578648407576,-3688.7271747218424,5710.809423310116,-3674.4499204178023,2.075068383551047,279.3763670180829,1,0,12.754104614257812,18.096944444444443
9562,956.2,5750.1962637843635,-3689.5286750554287,5711.887703787824,-3675.044983017463,2.075068383551047,285.68965937352476,1,0,11.877487182617188,18.07611111111111
9563,956.3,5751.780037835273,-3690.3635712366427,5712.9475337895165,-3675.6298634906275,2.075068383551047,293.41388223594794,1,0,12.332633018493652,17.931944444444447
9564,956.399,5753.3773484165395,-3691.198467417858,5714.02045432055,-3676.22196813652,2.075068383551047,300.9477659269551,1,0,12.424086570739746,18.05388888888889
9565,956.501,5754.988195528164,-3692.0222316490717,5715.167304345284,-3676.8548717003405,2.075068383551047,309.9250298920064,1,0,13.260181427001953,18.123055555555553
9566,956.6,5756.565201313895,-3692.868259779496,5716.358178797652,-3677.51207069647,2.075068383551047,319.4834309968948,1,0,14.218223571777344,17.935
9567,956.7,5758.155743629997,-3693.7142879091284,5717.628543323796,-3678.213137286353,2.075068383551047,329.2963163555999,1,0,14.801220893859863,18.02388888888889
9568,956.799,5759.739517680907,-3694.5714479887624,5718.886794905469,-3678.9075191959732,2.075068383551047,337.7051348536252,1,0,14.231853485107422,18.03
9569,956.9,5761.316523466682,-3695.4286080676047,5720.146809622388,-3679.602874113883,2.075068383551047,347.1361509736169,1,0,14.266185760498047,17.988055555555558
9570,957.0,5762.886760987203,-3696.2857681464466,5721.409836750189,-3680.299891468504,2.075068383551047,357.1389398151941,1,0,14.585647583007812,17.973055555555558
9571,957.1,5764.463766772965,-3697.1540601744987,5722.702440164922,-3681.013230867856,2.075068383551047,367.5967801801125,1,0,14.941808700561523,18.02388888888889
9572,957.204,5766.04077255871,-3698.022352202551,5724.038380708321,-3681.7504864049647,2.075068383551047,377.3809619477286,1,0,14.401867866516113,17.978055555555557
9573,957.3,5767.597473548904,-3698.901776180603,5725.254019160019,-3682.4213517245826,2.075068383551047,387.3321836649694,1,0,14.52450180053711,17.936944444444446
9574,957.4,5769.167711069486,-3699.7812001578645,5726.525969914848,-3683.1232936946512,2.075068383551047,397.77990746534107,1,0,14.531177520751953,17.994999999999997
9575,957.5,5770.717643794532,-3700.660624135125,5727.813028730775,-3683.8335732376413,2.075068383551047,409.01118987878795,1,0,14.869621276855469,17.921111111111113
9576,957.6,5772.274344784755,-3701.5400481123866,5729.131948220031,-3684.5614354926342,2.075068383551047,420.7825020802538,1,0,15.258983612060547,17.878055555555555
9577,957.7,5773.824277509815,-3702.430604038857,5730.46539755569,-3685.297316225521,2.075068383551047,432.22626137662104,1,0,15.201532363891602,17.948055555555555
9578,957.799,5775.374210234831,-3703.3211599653278,5731.797343690118,-3686.0323673979633,2.075068383551047,444.46795603801723,1,0,15.531980514526367,17.881944444444443
9579,957.9,5776.9038381643395,-3704.2117158910073,5733.17740639989,-3686.79397230573,2.075068383551047,457.08534026766375,1,0,15.681211471557617,17.778055555555557
9580,957.999,5778.447002624206,-3705.102271817478,5734.51930938884,-3687.534518293166,2.075068383551047,468.74537380144295,1,0,15.282047271728516,17.833055555555553
9581,958.1,5779.990167084071,-3705.992827743949,5735.87010310461,-3688.2799707396575,2.075068383551047,481.36302080722805,1,0,15.269161224365234,17.873055555555556
9582,958.199,5781.5062584832385,-3706.894515619629,5737.1682860515,-3688.9963892737787,2.075068383551047,492.8574133666218,1,0,14.685295104980469,17.705
9583,958.3,5783.022349882419,-3707.8073354437274,5738.443932234467,-3689.700370612193,2.075068383551047,504.542766813987,1,0,14.166284561157227,17.7
9584,958.4,5784.551977811928,-3708.7090233194076,5739.668619344502,-3690.376229547354,2.075068383551047,516.2403278625507,1,0,13.809732437133789,17.773055555555555
9585,958.499,5786.068069211095,-3709.599579245878,5740.867916366841,-3691.0380766443127,2.075068383551047,528.5088819657368,1,0,13.863016128540039,17.63111111111111
9586,958.6,5787.584160610275,-3710.490135172349,5742.0772975457,-3691.705488809469,2.075068383551047,540.4757633569801,1,0,13.489832878112793,17.678055555555556
9587,958.7,5789.107020274606,-3711.3806910980284,5743.235232336877,-3692.3445096406167,2.075068383551047,551.9403153399278,1,0,12.961334228515625,17.628888888888888
9588,958.8,5790.623111673772,-3712.271247024499,5744.354776511282,-3692.9623441286085,2.075068383551047,563.5039514830318,1,0,12.612860679626465,17.611944444444443
9589,958.899,5792.1392030729385,-3713.1506710017607,5745.440556687814,-3693.5615455310863,2.075068383551047,575.1558280679052,1,0,12.440584182739258,17.58888888888889
9590,959.001,5793.64852620694,-3714.0300949790217,5746.568270832944,-3694.183888719847,2.075068383551047,588.2077492102115,1,0,12.815126419067383,17.57111111111111
9591,959.1,5795.164617606091,-3714.909518955492,5747.705707281161,-3694.811597283451,2.075068383551047,601.8713231843476,1,0,13.430242538452148,17.551944444444445
9592,959.2,5796.687477270452,-3715.7889429335446,5748.853456977065,-3695.4449973420856,2.075068383551047,613.9842493255588,1,0,12.788262367248535,17.586944444444445
9593,959.3,5798.196800404439,-3716.6683669108056,5749.94915440855,-3696.049671706038,2.075068383551047,625.9270563943102,1,0,12.241191864013672,17.529999999999998
9594,959.399,5799.706123538426,-3717.547790888067,5750.982667153826,-3696.6200286713183,2.075068383551047,637.2924385921123,1,0,11.606226921081543,17.54388888888889
9595,959.499,5801.222214937592,-3718.4160829169095,5751.982414678835,-3697.1717518764913,2.075068383551047,648.8557275283628,1,0,11.231405258178711,17.51388888888889
9596,959.6,5802.724769806416,-3719.295506894171,5752.963452544868,-3697.7131499218017,2.075068383551047,660.5269450575942,1,0,10.956951141357422,17.498055555555556
9597,959.699,5804.234092940404,-3720.1860628198506,5753.91865688973,-3698.2402914145873,2.075068383551047,672.5530643015728,1,0,11.083568572998047,17.535
9598,959.8,5805.756952604764,-3721.0543548486935,5754.914617034601,-3698.7899245065496,2.075068383551047,685.5249967673216,1,0,11.442288398742676,17.515
9599,959.9,5807.266275738751,-3721.9115149275362,5755.911453822668,-3699.3400413850495,2.075068383551047,698.0040910613639,1,0,11.328852653503418,17.461111111111112
9600,960.0,5808.76883060756,-3722.7798069555874,5756.908684381203,-3699.8903755707192,2.075068383551047,710.970803336954,1,0,11.45128345489502,17.45611111111111
9601,960.1,5810.29169027189,-3723.659230932849,5757.916816895986,-3700.4467261376185,2.075068383551047,724.2305383112844,1,0,11.577890396118164,17.548055555555557
9602,960.2,5811.78747687555,-3724.5497868585285,5758.933931986471,-3701.008033851531,2.075068383551047,737.6924832467447,1,0,11.656476020812988,17.505
9603,960.299,5813.296800009537,-3725.4292108365808,5759.9391778885965,-3701.5627914050465,2.075068383551047,750.8816095935371,1,0,11.53870964050293,17.474999999999998
9604,960.4,5814.779050082825,-3726.330898712261,5760.9472497484485,-3702.1191084987618,2.075068383551047,764.0772914015815,1,0,11.261080741882324,17.439999999999998
9605,960.5,5816.268068421305,-3727.23258658715,5761.93322966849,-3702.663233878533,2.075068383551047,777.5491769853692,1,0,11.262052536010742,17.436944444444446
9606,960.6,5817.770623290129,-3728.1120105644113,5762.917172018398,-3703.206234799682,2.075068383551047,791.0887484398329,1,0,11.2145357131958,17.505
9607,960.7,5819.293482954459,-3728.9803025924634,5763.902574976196,-3703.7500417756064,2.075068383551047,804.9927515380564,1,0,11.295417785644531,17.581944444444446
9608,960.8,5820.775733027761,-3729.881990468143,5764.884323241394,-3704.2918318636016,2.075068383551047,818.6585364187406,1,0,11.131050109863281,17.443055555555556
9609,960.9,5822.25121483587,-3730.783678343032,5765.855067350376,-3704.8275491700338,2.075068383551047,832.4587317867687,1,0,11.044045448303223,17.371111111111112
9610,961.0,5823.7402331743515,-3731.707630117131,5766.811728988309,-3705.35549488827,2.075068383551047,846.0256649204324,1,0,10.809358596801758,17.503888888888888
9611,961.1,5825.229251512802,-3732.62044994123,5767.7491153280125,-3705.8728032915305,2.075068383551047,859.5415282479902,1,0,10.603732109069824,17.503055555555555
9612,961.201,5826.704733320926,-3733.544401714538,5768.689388654437,-3706.3917049146066,2.075068383551047,873.639239556227,1,0,10.662643432617188,17.455
9613,961.299,5828.17344686387,-3734.5017493354744,5769.599757199098,-3706.8941032089606,2.075068383551047,887.2028126891397,1,0,10.5576753616333,17.515
9614,961.4,5829.662465202351,-3735.4368330587827,5770.532488743941,-3707.408842805322,2.075068383551047,901.3937248991195,1,0,10.538125991821289,17.583055555555553
9615,961.5,5831.137947010458,-3736.3607848320903,5771.454197032279,-3707.917499079386,2.075068383551047,915.5623254556842,1,0,10.516824722290039,17.508888888888887
9616,961.6,5832.6134288185685,-3737.2958685553986,5772.370176611572,-3708.422993893545,2.075068383551047,929.6770970045604,1,0,10.407262802124023,17.5
9617,961.701,5834.082142361527,-3738.2420842271254,5773.297223400455,-3708.9345962860616,2.075068383551047,944.4938960491495,1,0,10.559965133666992,17.501944444444444
9618,961.8,5835.564392434815,-3739.1771679488515,5774.215603262914,-3709.441415726577,2.075068383551047,959.1901268305536,1,0,10.630861282348633,17.54111111111111
9619,961.9,5837.039874242922,-3740.1233836213696,5775.139036760204,-3709.95102407883,2.075068383551047,973.7813128889593,1,0,10.463499069213867,17.54
9620,961.999,5838.508587785882,-3741.080731242306,5776.057253655044,-3710.457753583622,2.075068383551047,989.0694040503759,1,0,10.723567008972168,17.591944444444444
9621,962.1,5839.977301328826,-3742.0269469140326,5777.011820230352,-3710.9845431152835,2.075068383551047,1004.9170002424742,1,0,10.866082191467285,17.516944444444444
9622,962.2,5841.473087932472,-3742.973162584968,5777.984881999169,-3711.5215394513516,2.075068383551047,1021.7609517493587,1,0,11.361956596374512,17.681944444444444
9623,962.3,5842.94856974058,-3743.919378257486,5778.984044504502,-3712.0729398060816,2.075068383551047,1038.5572759379888,1,0,11.462311744689941,17.57111111111111
9624,962.4,5844.417283283525,-3744.865593929213,5780.006329919806,-3712.6371008285637,2.075068383551047,1056.4564165732465,1,0,11.890162467956543,17.56
9625,962.5,5845.899533356827,-3745.811809600149,5781.059046920556,-3713.2180559029844,2.075068383551047,1074.7733696075445,1,0,12.157472610473633,17.593888888888888
9626,962.6,5847.368246899771,-3746.7580252718753,5782.136001387065,-3713.8123867267414,2.075068383551047,1093.7333442086601,1,0,12.443828582763672,17.50111111111111
9627,962.7,5848.850496973059,-3747.704240944393,5783.269077747475,-3714.4376891212287,2.075068383551047,1115.2027993742831,1,0,13.43948745727539,17.55611111111111
9628,962.8,5850.319210516004,-3748.628192717701,5784.4952578621205,-3715.114371989701,2.075068383551047,1138.8877751889247,1,0,14.570634841918945,17.39611111111111
9629,962.9,5851.814997119648,-3749.5298805925904,5785.772047919075,-3715.8189845893157,2.075068383551047,1161.4000971445223,1,0,14.595590591430664,17.516111111111112
9630,963.0,5853.324320253651,-3750.420436519852,5787.0633246963835,-3716.5315918671736,2.075068383551047,1185.100738746547,1,0,14.90156078338623,17.555
9631,963.099,5854.793033796581,-3751.355520242369,5788.343291103742,-3717.2379573755798,2.075068383551047,1207.6389569435141,1,0,14.632564544677734,17.478055555555557
9632,963.201,5856.282052135046,-3752.2794720156776,5789.656847716423,-3717.9628600599026,2.075068383551047,1232.077534575263,1,0,14.785179138183594,17.566944444444445
9633,963.3,5857.750765678006,-3753.2145557381946,5790.931458511001,-3718.666270006255,2.075068383551047,1255.422284946904,1,0,14.625370025634766,17.47388888888889
9634,963.399,5859.253320546814,-3754.127375563084,5792.197225904694,-3719.364799610962,2.075068383551047,1279.2000088361413,1,0,14.581125259399414,17.588055555555556
9635,963.5,5860.755875415638,-3755.0513273363918,5793.459148541399,-3720.061207438325,2.075068383551047,1301.9855435629195,1,0,13.960065841674805,17.616944444444446
9636,963.6,5862.265198549611,-3755.9752791104906,5794.666156601494,-3720.7273099681397,2.075068383551047,1324.6987464522367,1,0,13.612101554870605,17.64
9637,963.7,5863.754216888092,-3756.9103628330085,5795.850585607417,-3721.380951963844,2.075068383551047,1347.685742282325,1,0,13.444283485412598,17.618055555555554
9638,963.8,5865.250003491737,-3757.8120507078975,5797.021398972377,-3722.027079997388,2.075068383551047,1370.7600524103545,1,0,13.301074028015137,17.55611111111111
9639,963.9,5866.732253565024,-3758.7471344312057,5798.180365156622,-3722.6666700157307,2.075068383551047,1393.9276898587389,1,0,13.173653602600098,17.58888888888889
9640,964.0,5868.221271903491,-3759.671086204514,5799.324162744659,-3723.2978890540917,2.075068383551047,1416.89301522968,1,0,12.954571723937988,17.518055555555556
9641,964.1,5869.676448916091,-3760.5950379778214,5800.440170958783,-3723.9137721780735,2.075068383551047,1439.1947197330624,1,0,12.538849830627441,17.356944444444444
9642,964.2,5871.151930724215,-3761.5412536495483,5801.537186093545,-3724.5191737330997,2.075068383551047,1462.2030638770332,1,0,12.520705223083496,17.46888888888889
9643,964.3,5872.613876002011,-3762.487469321275,5802.634853087095,-3725.12493502457,2.075068383551047,1485.584727154646,1,0,12.553740501403809,17.415
9644,964.401,5874.062284749404,-3763.45594889063,5803.716951753972,-3725.722104739791,2.075068383551047,1507.5845344051709,1,0,11.920331001281738,17.41111111111111
9645,964.499,5875.537766557512,-3764.391032613938,5804.749307773865,-3726.291823351667,2.075068383551047,1530.486846507662,1,0,12.143465995788574,17.5
9646,964.6,5877.020016630815,-3765.3261163364555,5805.810044974792,-3726.8772044741017,2.075068383551047,1553.2249784818757,1,0,11.847468376159668,17.538888888888888
9647,964.699,5878.468425378223,-3766.2723320081823,5806.836341060884,-3727.443578835538,2.075068383551047,1576.0144923768883,1,0,11.8334321975708,17.408055555555553
9648,964.8,5879.937138921168,-3767.251943527537,5807.901310657686,-3728.0312956586968,2.075068383551047,1600.764742329602,1,0,12.253227233886719,17.51388888888889
9649,964.9,5881.399084198948,-3768.198159199264,5808.972725535192,-3728.622569390814,2.075068383551047,1624.9668167614307,1,0,12.22153091430664,17.41
9650,964.999,5882.8813342722215,-3769.1332429217814,5810.031175798062,-3729.206688437812,2.075068383551047,1649.151552804396,1,0,12.201299667358398,17.634999999999998
9651,965.101,5884.356816080359,-3770.0905905427176,5811.119210464577,-3729.807134008851,2.075068383551047,1674.2501164254752,1,0,12.165769577026367,17.67611111111111
9652,965.201,5885.832297888468,-3771.0368062144444,5812.183439699003,-3730.394442253751,2.075068383551047,1699.0819168799853,1,0,12.144844055175781,17.689999999999998
9653,965.3,5887.328084492113,-3771.983021886171,5813.228230233396,-3730.9710230083415,2.075068383551047,1723.3852144787118,1,0,11.962800025939941,17.723055555555554
9654,965.4,5888.810334565414,-3772.9515014563167,5814.279992407557,-3731.551451149739,2.075068383551047,1748.7002278087314,1,0,12.063023567199707,17.72611111111111
9655,965.499,5890.29935290388,-3773.908849076462,5815.345154390374,-3732.139274143532,2.075068383551047,1775.3166167486472,1,0,12.514674186706543,17.738055555555555
9656,965.6,5891.754529916468,-3774.8995925450263,5816.460144982123,-3732.7545956798485,2.075068383551047,1802.8217251568478,1,0,12.70332145690918,17.63888888888889
9657,965.703,5893.257084785291,-3775.8346762675437,5817.6050190694,-3733.386408797812,2.075068383551047,1830.8861643535024,1,0,12.687762260437012,17.738055555555555
9658,965.799,5894.7934809799945,-3776.769759990061,5818.667622445935,-3733.9728197926515,2.075068383551047,1857.029193404694,1,0,12.597105979919434,17.99888888888889
9659,965.9,5896.316340644339,-3777.69371176416,5819.796230536866,-3734.595656316609,2.075068383551047,1886.0590782760623,1,0,12.928879737854004,17.906111111111112
9660,965.999,5897.80535898279,-3778.6399274358864,5820.928884052837,-3735.220725359092,2.075068383551047,1915.339871779718,1,0,13.206127166748047,17.67388888888889
9661,966.1,5899.362059973014,-3779.5527472599856,5822.110607225658,-3735.8728741068767,2.075068383551047,1946.2626100410698,1,0,13.521174430847168,18.02111111111111
9662,966.2,5900.884919637359,-3780.465567084875,5823.294088836199,-3736.525993270562,2.075068383551047,1976.7602820888612,1,0,13.513568878173828,17.79
9663,966.3,5902.407779301689,-3781.3895188573915,5824.482657650586,-3737.1819198714666,2.075068383551047,2008.0452046478856,1,0,13.637383460998535,17.953888888888887
9664,966.4,5903.93063896605,-3782.346866478328,5825.677071150943,-3737.841071935597,2.075068383551047,2039.532387876301,1,0,13.64708137512207,18.028888888888886
9665,966.5,5905.406120774158,-3783.304214099264,5826.884184917869,-3738.5072328010515,2.075068383551047,2072.376847564225,1,0,13.92750072479248,17.78805555555555
9666,966.6,5906.901907377803,-3784.2392978233634,5828.23115408202,-3739.250574620785,2.075068383551047,2116.802920465818,1,0,16.841854095458984,17.869999999999997
9667,966.7,5908.404462246611,-3785.1966454443,5829.689657520708,-3740.055468028189,2.075068383551047,2155.12124753134,1,0,16.475322723388672,17.98
9668,966.8,5909.920553645777,-3786.1539930644453,5831.068617237313,-3740.816464235349,2.075068383551047,2188.6973219621605,1,0,15.024805068969727,17.913888888888888
9669,966.9,5911.436645044959,-3787.1002087353804,5832.3616192653235,-3741.5300236144353,2.075068383551047,2223.288909185873,1,0,14.511756896972656,17.874999999999996
9670,967.0,5912.959504709289,-3788.0575563571083,5833.627200515633,-3742.228450493583,2.075068383551047,2258.6670044997695,1,0,14.398421287536621,17.923055555555553
9671,967.1,5914.468827843275,-3789.0037720288346,5834.863796927933,-3742.9108817265014,2.075068383551047,2292.478908275433,1,0,13.849644660949707,17.88888888888889
9672,967.2,5915.978150977277,-3789.9388557505613,5836.047903260834,-3743.564345651053,2.075068383551047,2325.006671412461,1,0,13.199369430541992,17.839999999999996
9673,967.299,5917.501010641623,-3790.8739394738695,5837.1610875812685,-3744.1786703739003,2.075068383551047,2355.801875155092,1,0,12.48640251159668,17.896944444444443
9674,967.4,5919.0238703059695,-3791.8090231963865,5838.249779677891,-3744.779478755986,2.075068383551047,2387.18040600225,1,0,12.136794090270996,17.874999999999996
9675,967.499,5920.519656909598,-3792.7441069189044,5839.278238029768,-3745.347046390904,2.075068383551047,2416.6824538246483,1,0,11.593998908996582,17.741944444444446
9676,967.6,5922.015443513257,-3793.690322590631,5840.297297800717,-3745.90942730111,2.075068383551047,2447.1570159505427,1,0,11.454307556152344,17.728055555555557
9677,967.699,5923.497693586545,-3794.6476702115674,5841.279227925917,-3746.4513177508275,2.075068383551047,2476.5365182672163,1,0,11.202886581420898,17.708055555555557
9678,967.799,5925.000248455369,-3795.560490036457,5842.258155338378,-3746.9915511158756,2.075068383551047,2506.55840536622,1,0,11.159143447875977,17.67
9679,967.899,5926.489266793835,-3796.5178376573926,5843.225681442537,-3747.5254925260033,2.075068383551047,2536.1106153280607,1,0,10.942441940307617,17.70888888888889
9680,968.0,5927.978285132301,-3797.4529213791193,5844.185119942968,-3748.0549706906218,2.075068383551047,2565.7563188997165,1,0,10.757396697998047,17.628055555555555
9681,968.1,5929.446998675231,-3798.3991370508456,5845.111627413263,-3748.5662754534146,2.075068383551047,2594.291551436965,1,0,10.407183647155762,17.51111111111111
9682,968.2,5930.922480483369,-3799.334220774945,5846.023428107633,-3749.0694640975394,2.075068383551047,2623.3802862204197,1,0,10.421443939208984,17.516111111111112
9683,968.3,5932.404730556656,-3800.2581725474624,5846.93548897774,-3749.572796322906,2.075068383551047,2652.6484725720993,1,0,10.413126945495605,17.47
9684,968.4,5933.8937488951215,-3801.1821243215613,5847.855725302636,-3750.080640275491,2.075068383551047,2682.8228448586824,1,0,10.608199119567871,17.508888888888887
9685,968.5,5935.355694172888,-3802.1394719424975,5848.792236763846,-3750.5974658660875,2.075068383551047,2713.69661643564,1,0,10.784906387329102,17.483888888888888
9686,968.6,5936.81087118549,-3803.0856876142243,5849.7348821018695,-3751.1176765135015,2.075068383551047,2744.529533397736,1,0,10.74831771850586,17.36111111111111
9687,968.7,5938.259279932898,-3804.054167183579,5850.677950976938,-3751.6381208951434,2.075068383551047,2775.7979945416255,1,0,10.794581413269043,17.383055555555554
9688,968.8,5939.680615619621,-3805.0115148045147,5851.618763103017,-3752.157319861564,2.075068383551047,2806.9139808624836,1,0,10.696765899658203,17.258055555555554
9689,968.899,5941.122256101865,-3805.957730476242,5852.53950519001,-3752.6654429253026,2.075068383551047,2837.4998675412426,1,0,10.548566818237305,17.276944444444446
9690,969.0,5942.56389658411,-3806.9039461479683,5853.489667796652,-3753.1898020716453,2.075068383551047,2870.5128530189913,1,0,10.941476821899414,17.291944444444447
9691,969.1,5943.992000536011,-3807.8501618196956,5854.447673355827,-3753.7184894496677,2.075068383551047,2903.127943968332,1,0,10.942626953125,17.171944444444446
9692,969.2,5945.474250609269,-3808.740717746166,5855.4097811082,-3754.2494406744345,2.075068383551047,2936.343425827365,1,0,11.035184860229492,17.216944444444444
9693,969.3,5946.942964152244,-3809.6535375710555,5856.372396228311,-3754.7806718964475,2.075068383551047,2969.4276751851517,1,0,10.954216957092285,17.293055555555554
9694,969.4,5948.40490943001,-3810.5552254459444,5857.328610908374,-3755.30837095538,2.075068383551047,3002.5923770410936,1,0,10.88897705078125,17.218055555555555
9695,969.5,5949.772098995348,-3811.5014411176717,5858.292882978881,-3755.840516586242,2.075068383551047,3037.0223737937886,1,0,11.138275146484375,16.93611111111111
9696,969.6,5951.152825091012,-3812.4699206878167,5859.271137115647,-3756.3803783956578,2.075068383551047,3071.7673627282375,1,0,11.208374977111816,16.891111111111112
9697,969.699,5952.499709860799,-3813.4717961048,5860.245669883101,-3756.9181865207647,2.075068383551047,3106.63841014465,1,0,11.278131484985352,16.795
9698,969.8,5953.866899426122,-3814.4402756749455,5861.2313517257435,-3757.4621474027867,2.075068383551047,3141.391668361344,1,0,11.0152587890625,16.793055555555554
9699,969.9,5955.301771643187,-3815.3976232958817,5862.20990603317,-3758.0021748651448,2.075068383551047,3177.5759534890617,1,0,11.338248252868652,17.058055555555555
9700,970.0,5956.635119882645,-3816.3772348144457,5863.222011696991,-3758.5607180641505,2.075068383551047,3215.5451735386805,1,0,11.781685829162598,16.733888888888888
9701,970.1,5958.04968730419,-3817.323450486173,5864.273803261993,-3759.141162425252,2.075068383551047,3255.3109993412563,1,0,12.2448091506958,16.936944444444443
9702,970.2,5959.443949930197,-3818.2474022602714,5865.342015080586,-3759.7306685091526,2.075068383551047,3294.5194833769056,1,0,12.156780242919922,16.833888888888886
9703,970.299,5960.790834699999,-3819.204749880417,5866.403850713669,-3760.316655815144,2.075068383551047,3334.5581873329156,1,0,12.344164848327637,16.711944444444445
9704,970.4,5962.185097326007,-3820.139833603725,5867.494800411364,-3760.9187100826834,2.075068383551047,3375.46629230351,1,0,12.330092430114746,16.793888888888887
9705,970.499,5963.565823421687,-3821.0749173262425,5868.596216758566,-3761.526540501971,2.075068383551047,3419.25193925448,1,0,13.08414363861084,16.723055555555558
9706,970.6,5964.919476456652,-3822.01000104876,5869.777722988156,-3762.178569526914,2.075068383551047,3465.9058005185693,1,0,13.638251304626465,16.61888888888889
9707,970.699,5966.28666602199,-3822.978480618114,5870.995507473878,-3762.850619162312,2.075068383551047,3515.2347015750192,1,0,14.461079597473145,16.70111111111111
9708,970.8,5967.647087322134,-3823.8913004430037,5872.284503065635,-3763.5619675393245,2.075068383551047,3565.874377075786,1,0,14.692426681518555,16.51388888888889
9709,970.899,5969.000740357098,-3824.8597800131492,5873.576110271141,-3764.2747571681257,2.075068383551047,3617.7256657246894,1,0,15.110300064086914,16.62
9710,971.0,5970.347625126899,-3825.8059956848765,5874.916676241521,-3765.0145653051018,2.075068383551047,3670.917717317122,1,0,15.209585189819336,16.535
9711,971.099,5971.687741631521,-3826.763343305812,5876.239699206484,-3765.7446921146084,2.075068383551047,3723.967334716505,1,0,15.318033218383789,16.513055555555557
9712,971.2,5973.041394666487,-3827.720690926749,5877.578394110019,-3766.483467679889,2.075068383551047,3776.5597787057986,1,0,14.95953369140625,16.51388888888889
9713,971.3,5974.4085842317945,-3828.6780385468937,5878.857596386827,-3767.189411493272,2.075068383551047,3826.20426923934,1,0,14.261795043945312,16.628055555555555
9714,971.4,5975.7351642060885,-3829.657650066249,5880.076990932865,-3767.86234966064,2.075068383551047,3874.145294751764,1,0,13.593321800231934,16.43
9715,971.499,5977.068512445533,-3830.6261296363946,5881.256814667912,-3768.513450179877,2.075068383551047,3923.2056093064043,1,0,13.630097389221191,16.46
9716,971.6,5978.388324154619,-3831.594609205749,5882.435032974207,-3769.16366472313,2.075068383551047,3970.629345481673,1,0,13.01793384552002,16.36111111111111
9717,971.7,5979.714904128884,-3832.540824877476,5883.554019014878,-3769.7811911980234,2.075068383551047,4016.510286858669,1,0,12.543511390686035,16.29888888888889
9718,971.799,5981.014411042463,-3833.509304447622,5884.63752458832,-3770.37913733227,2.075068383551047,4062.464986491915,1,0,12.457448959350586,16.251944444444444
9719,971.9,5982.374832342622,-3834.399860374883,5885.725166460444,-3770.9793661348,2.075068383551047,4108.322728564755,1,0,12.14199447631836,16.378055555555555
9720,972.0,5983.748790173107,-3835.290416300563,5886.792394270348,-3771.5683291811697,2.075068383551047,4154.867058166677,1,0,12.237116813659668,16.291944444444447
9721,972.1,5985.09567494291,-3836.214368073871,5887.848210084373,-3772.150994374545,2.075068383551047,4199.979893965977,1,0,11.881305694580078,16.35611111111111
9722,972.2,5986.476401038589,-3837.0715281527137,5888.8952965682065,-3772.728842177617,2.075068383551047,4246.545295173651,1,0,12.03770923614502,16.27388888888889
9723,972.299,5987.755603156634,-3838.01774382444,5889.936070568672,-3773.3032063576056,2.075068383551047,4292.541874863847,1,0,11.977256774902344,16.02111111111111
9724,972.4,5989.088951396077,-3838.908299750911,5890.988283355355,-3773.8838831751723,2.075068383551047,4339.135504914205,1,0,11.820878982543945,16.121944444444445
9725,972.5,5990.4087631051625,-3839.7988556773817,5892.026258386318,-3774.456702708751,2.075068383551047,4386.088163989506,1,0,11.889999389648438,16.02111111111111
9726,972.6,5991.735343079442,-3840.7116755022707,5893.065306182968,-3775.030114261523,2.075068383551047,4433.103341481984,1,0,11.84538459777832,16.06111111111111
9727,972.7,5993.061923053707,-3841.591099479532,5894.100318249799,-3775.6012986461997,2.075068383551047,4480.275488748303,1,0,11.797809600830078,15.991111111111111
9728,972.8,5994.381734762823,-3842.4705234567937,5895.147530730161,-3776.179215982036,2.075068383551047,4529.435632334402,1,0,12.124083518981934,15.921111111111111
9729,972.9,5995.688009941552,-3843.3610793832645,5896.219197642476,-3776.7706288027225,2.075068383551047,4579.793157656651,1,0,12.35643196105957,15.883888888888889
9730,973.0,5997.007821650653,-3844.2405033605255,5897.307460193213,-3777.3712001345266,2.075068383551047,4631.025402238365,1,0,12.50318431854248,15.868055555555555
9731,973.1,5998.320865094575,-3845.0976634393674,5898.3985746574635,-3777.973345330556,2.075068383551047,4682.066335701733,1,0,12.421579360961914,15.773888888888889
9732,973.2,5999.667749864377,-3845.9436915690007,5899.474939929462,-3778.567350999936,2.075068383551047,4732.282696045882,1,0,12.16626262664795,15.911111111111111
9733,973.299,6001.007866368999,-3846.7897196994245,5900.5307246405455,-3779.149999028763,2.075068383551047,4782.777702248413,1,0,12.195062637329102,15.793055555555554
9734,973.4,6002.368287669127,-3847.6134839306387,5901.6030628438375,-3779.741782309791,2.075068383551047,4833.941967058894,1,0,12.05825424194336,15.88611111111111
9735,973.5,6003.715172438929,-3848.4261162134344,5902.664936051692,-3780.3277903518906,2.075068383551047,4885.820863289144,1,0,12.198539733886719,15.764999999999999
9736,973.6,6005.068825473908,-3849.227616547812,5903.736803731838,-3780.9193139688214,2.075068383551047,4938.392332757751,1,0,12.286561965942383,15.828055555555556
9737,973.699,6006.43601503923,-3850.006852982979,5904.789551491939,-3781.5002860181758,2.075068383551047,4989.266191573953,1,0,12.004688262939453,15.848055555555554
9738,973.8,6007.823509400075,-3850.774957469728,5905.8632548985315,-3782.09282270376,2.075068383551047,5043.2820508656405,1,0,12.279505729675293,15.924999999999999
9739,973.9,6009.224540291262,-3851.4985341596403,5906.937136727984,-3782.685457854236,2.075068383551047,5096.731099123821,1,0,12.251605987548828,15.919999999999998
9740,974.0,6010.618802917255,-3852.222110849551,5908.011108024157,-3783.2781423780443,2.075068383551047,5150.755750534381,1,0,12.281549453735352,15.828888888888889
9741,974.1,6012.040138604007,-3852.9456875394626,5909.102456613173,-3783.8804167787607,2.075068383551047,5207.116336084422,1,0,12.64856243133545,16.04388888888889
9742,974.2,6013.461474290731,-3853.669264230165,5910.226500174611,-3784.500734309894,2.075068383551047,5265.588528732237,1,0,13.028413772583008,16.01888888888889
9743,974.3,6014.903114772976,-3854.3594450724477,5911.395522034232,-3785.1458736787577,2.075068383551047,5327.7325613061275,1,0,13.676019668579102,16.108055555555556
9744,974.399,6016.344755255204,-3855.049625916313,5912.593923499285,-3785.8072265512005,2.075068383551047,5390.641752759089,1,0,13.976064682006836,16.07611111111111
9745,974.5,6017.7796274723005,-3855.750938708597,5913.834369304309,-3786.4917821197523,2.075068383551047,5455.513247663946,1,0,14.07938003540039,16.061944444444443
9746,974.6,6019.214499689352,-3856.452251500089,5915.0784058159015,-3787.1783192647395,2.075068383551047,5521.670509451208,1,0,14.338643074035645,16.081111111111113
9747,974.7,6020.656140171595,-3857.109036495535,5916.32109160127,-3787.8641109945265,2.075068383551047,5586.23042981085,1,0,14.048524856567383,16.001944444444444
9748,974.8,6022.111317184197,-3857.7546895425626,5917.531340544284,-3788.5320020462104,2.075068383551047,5649.0637883005475,1,0,13.597675323486328,16.04388888888889
9749,974.899,6023.573262461963,-3858.433738436427,5918.711655166073,-3789.1833734674497,2.075068383551047,5712.612205833088,1,0,13.637070655822754,16.044999999999998
9750,975.0,6025.0284394745495,-3859.112787329501,5919.918016680691,-3789.849119193038,2.075068383551047,5777.957086734339,1,0,13.647481918334961,16.058888888888887
9751,975.1,6026.497153017495,-3859.7473084273183,5921.108830304038,-3790.5062846199094,2.075068383551047,5842.584027139444,1,0,13.554749488830566,16.081944444444446
9752,975.2,6027.952330030096,-3860.3818295251367,5922.303791626288,-3791.165739006419,2.075068383551047,5908.962303359317,1,0,13.742229461669922,16.003888888888888
9753,975.3,6029.40073877752,-3861.0386145205825,5923.486689594849,-3791.8185360799603,2.075068383551047,5972.805493090461,1,0,13.279181480407715,15.92388888888889
9754,975.4,6030.882988850808,-3861.639739770772,5924.66099003277,-3792.4665884984342,2.075068383551047,6039.336916797232,1,0,13.545832633972168,16.07
9755,975.499,6032.331397598231,-3862.2742608685903,5925.805608587563,-3793.0982605975923,2.075068383551047,6101.283537528839,1,0,12.865257263183594,15.939999999999998
9756,975.6,6033.766269815311,-3862.886518067989,5926.934069351059,-3793.7210158170587,2.075068383551047,6164.556976013394,1,0,12.65739631652832,15.85111111111111
9757,975.7,6035.207910297556,-3863.4987752681795,5928.067750478116,-3794.346651959602,2.075068383551047,6231.354259638687,1,0,13.239734649658203,15.831944444444444
9758,975.8,6036.649550779771,-3864.099900517578,5929.2159741013265,-3794.9803135609613,2.075068383551047,6296.460043337773,1,0,12.989596366882324,15.75
9759,975.9,6038.084422996865,-3864.701025767768,5930.338460950165,-3795.5997720007313,2.075068383551047,6360.285614702629,1,0,12.651819229125977,15.696944444444442
9760,976.0,6039.546368274616,-3865.3021510179574,5931.414294974368,-3796.1934844943544,2.075068383551047,6420.615011853769,1,0,11.923887252807617,15.808888888888887
9761,976.1,6041.0218500827405,-3865.8810123705193,5932.465975447002,-3796.7738675477394,2.075068383551047,6483.044695569875,1,0,12.100069999694824,15.808888888888887
9762,976.2,6042.48379536052,-3866.493269569919,5933.5295522799115,-3797.360815756683,2.075068383551047,6546.301021859085,1,0,12.195640563964844,15.785
9763,976.3,6043.932204107944,-3867.0943948201084,5934.587585474225,-3797.9447046391697,2.075068383551047,6608.56992972764,1,0,11.973434448242188,15.663055555555555
9764,976.4,6045.407685916052,-3867.6509922734604,5935.650219003091,-3798.5311322739512,2.075068383551047,6673.389309936451,1,0,12.300727844238281,15.764999999999999
9765,976.5,6046.889935989339,-3868.2298536260223,5936.724263567624,-3799.1238572318225,2.075068383551047,6737.949930899676,1,0,12.234101295471191,15.718055555555555
9766,976.6,6048.3518812671055,-3868.786451080165,5937.804470606593,-3799.7199830284676,2.075068383551047,6804.258336871453,1,0,12.441499710083008,15.58
9767,976.7,6049.827363075228,-3869.3541804835177,5938.873663594986,-3800.310030583223,2.075068383551047,6868.020884399949,1,0,11.982502937316895,15.741944444444446
9768,976.8,6051.289308352993,-3869.921909886079,5939.932950200113,-3800.8946111761798,2.075068383551047,6934.007042172997,1,0,12.215204238891602,15.631944444444443
9769,976.9,6052.7647901611035,-3870.478507339432,5941.006946921034,-3801.4873097309533,2.075068383551047,7000.863877683392,1,0,12.31853199005127,15.785
9770,977.0,6054.233503704062,-3871.0573686919934,5942.10477731764,-3802.093161198449,2.075068383551047,7070.833962120234,1,0,12.75964641571045,15.81611111111111
9771,977.1,6055.708985512186,-3871.625098095346,5943.225273437998,-3802.7115210297497,2.075068383551047,7141.345055699658,1,0,12.836294174194336,15.78111111111111
9772,977.2,6057.177699055115,-3872.1928274986985,5944.343655839228,-3803.32871437865,2.075068383551047,7211.45390319263,1,0,12.7113618850708,15.736944444444443
9773,977.3,6058.64641259806,-3872.771688850469,5945.469769910248,-3803.950174546454,2.075068383551047,7284.104113497146,1,0,13.012911796569824,15.773888888888889
9774,977.399,6060.121894406199,-3873.317154355403,5946.591636069202,-3804.569290450729,2.075068383551047,7355.300330046286,1,0,12.873186111450195,15.77
9775,977.5,6061.5838396839645,-3873.9182796055925,5947.71626484361,-3805.1899309389764,2.075068383551047,7426.55752763042,1,0,12.562798500061035,15.731944444444444
9776,977.599,6063.0660897572525,-3874.463745109735,5948.805051014302,-3805.790791237017,2.075068383551047,7497.123077117083,1,0,12.560007095336914,15.708055555555555
9777,977.7,6064.494193709139,-3875.053738411506,5949.898087499263,-3806.393997124271,2.075068383551047,7567.01225647512,1,0,12.161447525024414,15.621944444444443
9778,977.8,6065.929065926203,-3875.6548636616963,5950.976991613872,-3806.9894038857738,2.075068383551047,7639.052243667988,1,0,12.484390258789062,15.65611111111111
9779,977.9,6067.377474673627,-3876.2448569634676,5952.071981661259,-3807.593687870944,2.075068383551047,7711.5770041579735,1,0,12.528904914855957,15.708055555555555
9780,978.0,6068.819115155871,-3876.8348502644476,5953.1797995999295,-3808.205051088738,2.075068383551047,7786.172371883391,1,0,12.777422904968262,15.708055555555555
9781,978.1,6070.294596963981,-3877.424843565428,5954.281430474384,-3808.8129998975796,2.075068383551047,7858.44212786755,1,0,12.387571334838867,15.73611111111111
9782,978.199,6071.736237446239,-3878.025968815618,5955.335447298842,-3809.394672296009,2.075068383551047,7927.825806187031,1,0,11.932961463928223,15.645
9783,978.3,6073.204950989184,-3878.615962117389,5956.378445374366,-3809.9702638597005,2.075068383551047,7997.6196924253645,1,0,11.656763076782227,15.758055555555554
9784,978.4,6074.666896266951,-3879.18369151995,5957.396617282668,-3810.532154791774,2.075068383551047,8066.942066694249,1,0,11.601744651794434,15.693055555555555
9785,978.5,6076.149146340237,-3879.7402889748846,5958.4062240988,-3811.0893189703556,2.075068383551047,8135.799295531032,1,0,11.46110725402832,15.793888888888887
9786,978.6,6077.638164678719,-3880.2968864282366,5959.420920331441,-3811.6492918072427,2.075068383551047,8206.794209021733,1,0,11.71800422668457,15.768888888888888
9787,978.699,6079.093341691305,-3880.8757477800077,5960.439656960116,-3812.211494387333,2.075068383551047,8277.8053177827,1,0,11.788468360900879,15.72888888888889
9788,978.799,6080.555286969086,-3881.4546091317784,5961.484742194883,-3812.7882377760197,2.075068383551047,8351.879706342197,1,0,12.084831237792969,15.77
9789,978.9,6081.983390920958,-3882.1113941280155,5962.548301007116,-3813.375176040027,2.075068383551047,8426.178691127448,1,0,11.96992015838623,15.808055555555555
9790,979.0,6083.418263138024,-3882.7347832766236,5963.599281610354,-3813.955172861712,2.075068383551047,8500.711453059233,1,0,12.038049697875977,15.73388888888889
9791,979.1,6084.873440150625,-3883.3581724252326,5964.650915533574,-3814.5355302262196,2.075068383551047,8575.286337706757,1,0,11.984844207763672,15.843888888888888
9792,979.199,6086.321848898048,-3883.9704296246314,5965.6796201761035,-3815.1032337797214,2.075068383551047,8648.020234059726,1,0,11.751631736755371,15.77611111111111
9793,979.3,6087.763489380293,-3884.5715548748217,5966.720868453728,-3815.677859695506,2.075068383551047,8723.127215467079,1,0,11.798517227172852,15.683055555555557
9794,979.399,6089.205129862537,-3885.206075971848,5967.740502912889,-3816.2405577546056,2.075068383551047,8796.673854645485,1,0,11.72867202758789,15.723055555555556
9795,979.5,6090.660306875139,-3885.8183331712476,5968.773311529601,-3816.810526137711,2.075068383551047,8871.518844132115,1,0,11.630595207214355,15.743055555555554
9796,979.6,6092.088410827027,-3886.452854269065,5969.800521789406,-3817.3774049973717,2.075068383551047,8947.47997747865,1,0,11.834379196166992,15.700000000000001
9797,979.7,6093.50974651375,-3887.0539795192553,5970.827193954685,-3817.9439869028224,2.075068383551047,9022.292870206891,1,0,11.618303298950195,15.565
9798,979.8,6094.944618730816,-3887.6885006162825,5971.879196181877,-3818.5245475204943,2.075068383551047,9103.178311629237,1,0,12.413003921508789,15.67111111111111
9799,979.9,6096.372722682717,-3888.3230217141,5972.965605564958,-3819.124096158495,2.075068383551047,9184.001338397327,1,0,12.404279708862305,15.658888888888889
9800,980.0,6097.794058369425,-3888.9575428119183,5974.05652251775,-3819.7261323553494,2.075068383551047,9266.117488616803,1,0,12.515972137451172,15.555000000000001
9801,980.1,6099.228930586491,-3889.603195858155,5975.172307920912,-3820.3418925183087,2.075068383551047,9351.975420772975,1,0,12.972359657287598,15.696111111111112
9802,980.2,6100.629961477692,-3890.27111280281,5976.305122352153,-3820.9670503639004,2.075068383551047,9437.496883911994,1,0,12.904973030090332,15.611944444444445
9803,980.3,6102.058065429624,-3890.927897799046,5977.412371010277,-3821.5780994170873,2.075068383551047,9519.823384751471,1,0,12.388350486755371,15.63111111111111
9804,980.4,6103.452328055616,-3891.640342539749,5978.496575036594,-3822.1764310013095,2.075068383551047,9602.967925052528,1,0,12.378555297851562,15.73611111111111
9805,980.499,6104.860127211983,-3892.330523382823,5979.566814351442,-3822.767055984437,2.075068383551047,9685.318534737147,1,0,12.31629753112793,15.73611111111111
9806,980.6,6106.240853307648,-3893.0429681243154,5980.6542379731945,-3823.367164342763,2.075068383551047,9769.593939547663,1,0,12.278209686279297,15.62611111111111
9807,980.699,6107.641884198848,-3893.766544814227,5981.738362724397,-3823.9654521780194,2.075068383551047,9856.083916134938,1,0,12.737037658691406,15.73611111111111
9808,980.8,6109.036146824902,-3894.501253452557,5982.870447135582,-3824.5902071528913,2.075068383551047,9945.5033316345,1,0,12.867572784423828,15.813055555555556
9809,980.9,6110.410104655359,-3895.2804898885156,5983.983664848021,-3825.2045503035342,2.075068383551047,10032.172973112221,1,0,12.562104225158691,15.806944444444444
9810,981.0,6111.797599016202,-3896.015198528427,5985.079454835607,-3825.8092757457316,2.075068383551047,10118.890045504126,1,0,12.469464302062988,15.755
9811,981.1,6113.158020316361,-3896.8278308112226,5986.173408187884,-3826.412987617709,2.075068383551047,10206.55942138574,1,0,12.520149230957031,15.846111111111112
9812,981.201,6114.518441616505,-3897.629331144809,5987.278349437898,-3827.022763298804,2.075068383551047,10295.217190777317,1,0,12.470558166503906,15.846111111111112
9813,981.3,6115.878862916649,-3898.4530953768144,5988.360550071789,-3827.6199892857994,2.075068383551047,10382.87642142787,1,0,12.50029182434082,15.918055555555554
9814,981.4,6117.239284216793,-3899.276859608028,5989.438599054877,-3828.2149241322522,2.075068383551047,10469.081991301347,1,0,12.126011848449707,15.93
9815,981.5,6118.572632456236,-3900.1340196876617,5990.511789656844,-3828.8071778201747,2.075068383551047,10557.98509326264,1,0,12.389309883117676,15.893055555555556
9816,981.6,6119.912748960858,-3901.013443664923,5991.597029501555,-3829.4060810337637,2.075068383551047,10647.344531636863,1,0,12.401257514953613,16.078888888888887
9817,981.7,6121.239328935138,-3901.8817356929753,5992.692823037751,-3830.010808434306,2.075068383551047,10738.981757956552,1,0,12.630392074584961,15.911111111111111
9818,981.799,6122.572677174582,-3902.7611596694455,5993.807061708674,-3830.6257150136885,2.075068383551047,10833.613014286995,1,0,13.079708099365234,16.035
9819,981.899,6123.892488883684,-3903.662847545916,5994.95234574683,-3831.2577543681837,2.075068383551047,10929.450563345528,1,0,13.082472801208496,15.976111111111111
9820,981.999,6125.205532327605,-3904.5645354208054,5996.083950310792,-3831.8822445333494,2.075068383551047,11023.343504073104,1,0,12.76722240447998,15.976944444444445
9821,982.099,6126.518575771528,-3905.4773552449037,5997.203669494295,-3832.500175602306,2.075068383551047,11118.362072766577,1,0,12.810970306396484,16.015
9822,982.201,6127.831619215449,-3906.4124389690032,5998.34706158308,-3833.131170860822,2.075068383551047,11215.701752854013,1,0,12.795855522155762,16.08388888888889
9823,982.3,6129.110821333493,-3907.3586546399392,5999.459798414188,-3833.7452486310735,2.075068383551047,11311.403600237332,1,0,12.87959098815918,15.98611111111111
9824,982.4,6130.369718656015,-3908.3716620061314,6000.596924824104,-3834.3727860961544,2.075068383551047,11410.340373135105,1,0,13.09624195098877,16.130000000000003
9825,982.499,6131.66922556958,-3909.3401415754856,6001.757882794315,-3835.013475306553,2.075068383551047,11513.636090316686,1,0,13.691865921020508,16.223055555555554
9826,982.599,6132.955195952801,-3910.353148942469,6002.963995894959,-3835.6790839417754,2.075068383551047,11619.510592673196,1,0,13.859857559204102,16.30111111111111
9827,982.7,6134.254702866381,-3911.366156308661,6004.188054790802,-3836.3545961890586,2.075068383551047,11726.648865487652,1,0,13.824960708618164,16.45388888888889
9828,982.8,6135.50006365856,-3912.401427573273,6005.397021057408,-3837.021779379686,2.075068383551047,11833.132978638105,1,0,13.791938781738281,16.22388888888889
9829,982.899,6136.731887920412,-3913.4812266339304,6006.595798964022,-3837.6833399961242,2.075068383551047,11939.887284381895,1,0,13.868831634521484,16.42888888888889
9830,982.999,6137.970480447383,-3914.5387617953784,6007.780668081086,-3838.337224872679,2.075068383551047,12042.571379221132,1,0,13.197607040405273,16.30611111111111
9831,983.1,6139.209072974368,-3915.5851650091986,6008.932998714004,-3838.9731529788337,2.075068383551047,12144.65132647827,1,0,12.864916801452637,16.313055555555554
9832,983.2,6140.447665501369,-3916.62043627381,6010.047446499925,-3839.5881749609493,2.075068383551047,12244.229854320527,1,0,12.592859268188477,16.216944444444444
9833,983.299,6141.686258028368,-3917.700235334468,6011.119054610518,-3840.1795553311686,2.075068383551047,12339.733853944228,1,0,12.133577346801758,16.373055555555556
9834,983.4,6142.931618820547,-3918.813430242754,6012.177112973663,-3840.76345810339,2.075068383551047,12435.142460965473,1,0,11.796769142150879,16.57611111111111
9835,983.5,6144.1566748172045,-3919.8709654049935,6013.204339891061,-3841.330346155752,2.075068383551047,12529.126326188374,1,0,11.668585777282715,16.311944444444443
9836,983.6,6145.381730813848,-3920.96189641486,6014.19719668336,-3841.8782666236916,2.075068383551047,12618.368378144572,1,0,11.011638641357422,16.45611111111111
9837,983.7,6146.593250280149,-3922.0750913231464,6015.145535912301,-3842.4016195161907,2.075068383551047,12705.227554012183,1,0,10.651653289794922,16.506944444444443
9838,983.8,6147.804769746449,-3923.154890383013,6016.063358430903,-3842.9081313795114,2.075068383551047,12789.816785024112,1,0,10.314533233642578,16.35388888888889
9839,983.9,6149.00952094757,-3924.279217240509,6016.991857882128,-3843.4205354419537,2.075068383551047,12879.215375516182,1,0,10.895550727844238,16.53611111111111
9840,984.0,6150.2210404138705,-3925.370148250376,6017.951601133014,-3843.9501817869314,2.075068383551047,12970.249358755616,1,0,11.028247833251953,16.411944444444444
9841,984.099,6151.412255084634,-3926.472211208662,6018.925273061113,-3844.4875148470483,2.075068383551047,13064.11984289543,1,0,11.438395500183105,16.27888888888889
9842,984.2,6152.596701490234,-3927.5965380669486,6019.961331483205,-3845.0592766759937,2.075068383551047,13165.00766711183,1,0,11.994373321533203,16.368055555555554
9843,984.3,6153.787916161028,-3928.75426077049,6021.032361941871,-3845.6503382617557,2.075068383551047,13269.441683648118,1,0,12.471603393554688,16.62611111111111
9844,984.4,6154.979130831792,-3929.9008515256132,6022.130088218084,-3846.2561322691067,2.075068383551047,13375.45250367923,1,0,12.604196548461914,16.60388888888889
9845,984.5,6156.1635772373775,-3931.0697061791557,6023.197974190779,-3846.8454585308637,2.075068383551047,13475.00671325896,1,0,11.789949417114258,16.616944444444446
9846,984.6,6157.334487112634,-3932.2496927811158,6024.2389422446895,-3847.4199298016783,2.075068383551047,13576.95064672851,1,0,11.989299774169922,16.625
9847,984.7,6158.546006578935,-3933.407415485449,6025.280696044358,-3847.9948346961405,2.075068383551047,13677.843600181206,1,0,11.80789852142334,16.763055555555557
9848,984.8,6159.69661165867,-3934.6096659858285,6026.331527313735,-3848.5747491060624,2.075068383551047,13782.605966019442,1,0,12.196660041809082,16.64888888888889
9849,984.899,6160.840448473213,-3935.800784536998,6027.420125800948,-3849.1755058286217,2.075068383551047,13893.175746846395,1,0,12.921814918518066,16.606111111111108
9850,984.999,6161.984285287769,-3936.9807711397502,6028.561470840219,-3849.8053713972,2.075068383551047,14007.263713921313,1,0,13.150385856628418,16.54888888888889
9851,985.1,6163.134890367492,-3938.2052855385487,6029.742234824583,-3850.4569908048097,2.075068383551047,14126.762147368812,1,0,13.555221557617188,16.775
9852,985.2,6164.238117591005,-3939.4186679881373,6030.943874422174,-3851.1201306812895,2.075068383551047,14248.707860100518,1,0,13.894311904907227,16.436944444444446
9853,985.299,6165.361649610011,-3940.632050437726,6032.140211120963,-3851.780344086584,2.075068383551047,14368.15823831711,1,0,13.710129737854004,16.616111111111113
9854,985.4,6166.491949894226,-3941.834300938105,6033.340581839977,-3852.4427837165135,2.075068383551047,14488.311691395882,1,0,13.43892765045166,16.558055555555555
9855,985.499,6167.595177117725,-3943.0810792353222,6034.490421392905,-3853.077337088946,2.075068383551047,14603.689757461461,1,0,13.092632293701172,16.55611111111111
9856,985.599,6168.732245667104,-3944.31672558333,6035.626811445364,-3853.7044681859334,2.075068383551047,14718.972754176551,1,0,12.866379737854004,16.75
9857,985.699,6169.882850746809,-3945.5301080337103,6036.750444077759,-3854.324558940723,2.075068383551047,14834.358901898422,1,0,12.801209449768066,16.703888888888887
9858,985.8,6170.986077970324,-3946.7991502277646,6037.880524262387,-3854.948207858042,2.075068383551047,14951.140870253239,1,0,12.758070945739746,16.78388888888889
9859,985.9,6172.143451315209,-3948.0347965765627,6038.935716189019,-3855.5305287513384,2.075068383551047,15054.65919667798,1,0,11.346099853515625,16.841944444444444
9860,986.0,6173.29405639496,-3949.248179025361,6039.963384303015,-3856.0976602835744,2.075068383551047,15165.684734011124,1,0,12.12933349609375,16.715
9861,986.1,6174.485271065723,-3950.4281656281123,6041.03664971803,-3856.689955258016,2.075068383551047,15279.711532708412,1,0,12.387697219848633,16.721111111111114
9862,986.2,6175.6494126758025,-3951.674943924538,6042.102301569345,-3857.278048591881,2.075068383551047,15390.335051532511,1,0,11.955413818359375,16.886944444444445
9863,986.3,6176.800017755523,-3952.8994583233366,6043.129475341088,-3857.8449073151473,2.075068383551047,15497.479811659667,1,0,11.508727073669434,16.846944444444443
9864,986.399,6177.930318039723,-3954.157368569763,6044.134153439725,-3858.3993515191896,2.075068383551047,15605.458120263456,1,0,11.673357009887695,16.91611111111111
9865,986.499,6179.07415485428,-3955.4152788153992,6045.151246153094,-3858.9606468840093,2.075068383551047,15714.049037740415,1,0,11.560498237609863,17.02611111111111
9866,986.6,6180.211223403659,-3956.650925163407,6046.169493177537,-3859.522579269867,2.075068383551047,15823.39005163628,1,0,11.469426155090332,16.95
9867,986.7,6181.334755422679,-3957.9088354090422,6047.176654082893,-3860.078393641923,2.075068383551047,15932.740782024925,1,0,11.537552833557129,16.945
9868,986.8,6182.465055706879,-3959.189009553097,6048.188074447493,-3860.6365586499624,2.075068383551047,16042.886386751085,1,0,11.566726684570312,17.026944444444442
9869,986.9,6183.615660786615,-3960.458051748733,6049.20203453142,-3861.1961252339524,2.075068383551047,16153.816863522921,1,0,11.595568656921387,17.156944444444445
9870,986.999,6184.739192805636,-3961.715961994368,6050.199274065434,-3861.7464643728526,2.075068383551047,16262.503557307587,1,0,11.414876937866211,16.93
9871,987.099,6185.937175741578,-3962.918212494748,6051.193718004881,-3862.2952607278435,2.075068383551047,16371.706743301876,1,0,11.301603317260742,16.956944444444446
9872,987.199,6187.094549086479,-3964.131594944337,6052.187855678407,-3862.8438880661465,2.075068383551047,16482.33576570152,1,0,11.407880783081055,16.84888888888889
9873,987.3,6188.312836817957,-3965.322713496297,6053.221241165934,-3863.4141748026427,2.075068383551047,16599.85317907189,1,0,11.964433670043945,17.023055555555555
9874,987.4,6189.470210162842,-3966.6140195895614,6054.282674805377,-3863.9999402634035,2.075068383551047,16719.97135569482,1,0,12.282319068908691,17.193055555555556
9875,987.499,6190.661424833636,-3967.782874242312,6055.37741923426,-3864.604088700923,2.075068383551047,16846.273161812394,1,0,12.977968215942383,16.868055555555557
9876,987.599,6191.845871239236,-3969.0296525403205,6056.534188912392,-3865.24246654983,2.075068383551047,16979.127265786257,1,0,13.44658374786377,17.11888888888889
9877,987.7,6193.043854175178,-3970.2430349899096,6057.733156015028,-3865.904131576465,2.075068383551047,17116.191631502264,1,0,13.670727729797363,17.073888888888888
9878,987.799,6194.214764050421,-3971.4675493879167,6058.916732923699,-3866.557303331618,2.075068383551047,17250.86077464296,1,0,13.63929271697998,16.955
9879,987.9,6195.426283516721,-3972.692063786715,6060.1513447478665,-3867.2386393446955,2.075068383551047,17395.790198437506,1,0,14.28420352935791,17.20611111111111
9880,988.0,6196.610729922321,-3973.894314287095,6061.375091851978,-3867.913979525803,2.075068383551047,17533.317328799832,1,0,13.670340538024902,16.943055555555553
9881,988.1,6197.8290176538,-3975.0631689406364,6062.566905223142,-3868.5716966760406,2.075068383551047,17670.71088778639,1,0,13.554728507995605,16.988055555555555
9882,988.2,6199.033768854936,-3976.2431555425974,6063.751912402011,-3869.2256577437333,2.075068383551047,17808.46051293847,1,0,13.514863967895508,16.89
9883,988.3,6200.252056586401,-3977.40087824693,6064.909072635987,-3869.8642511257794,2.075068383551047,17940.787992657053,1,0,12.918609619140625,16.851944444444445
9884,988.399,6201.483880848223,-3978.580864848891,6066.017741930876,-3870.4760841751754,2.075068383551047,18069.96686071893,1,0,12.662981986999512,17.041944444444447
9885,988.499,6202.729241640402,-3979.7831153500615,6067.125021107046,-3871.0871500701296,2.075068383551047,18200.780866026766,1,0,12.631038665771484,17.16
9886,988.6,6203.981370697745,-3980.907442206766,6068.242165993567,-3871.7036604810232,2.075068383551047,18333.59622726276,1,0,12.63568115234375,16.97111111111111
9887,988.7,6205.240268020267,-3982.020637115052,6069.361839838359,-3872.3215665292437,2.075068383551047,18468.89124753967,1,0,12.941475868225098,16.848055555555554
9888,988.8,6206.485628812476,-3983.2006237178034,6070.468305297373,-3872.932183364184,2.075068383551047,18598.616424096566,1,0,12.333956718444824,17.163055555555555
9889,988.899,6207.737757869803,-3984.3138186260894,6071.531771433271,-3873.5190704835945,2.075068383551047,18726.277117786398,1,0,12.204610824584961,16.83
9890,988.999,6208.969582131609,-3985.4938052280504,6072.584681854142,-3874.100132299334,2.075068383551047,18852.187836710633,1,0,11.847442626953125,16.985
9891,989.099,6210.242015984489,-3986.5958681863362,6073.6062287828245,-3874.663885778715,2.075068383551047,18974.937653556342,1,0,11.48816204071045,16.936944444444443
9892,989.2,6211.500913307012,-3987.820382585134,6074.617168214744,-3875.2217853780257,2.075068383551047,19098.151233333003,1,0,11.376484870910645,17.33611111111111
9893,989.3,6212.766578894697,-3989.0337650347233,6075.598751198211,-3875.7634842532257,2.075068383551047,19217.328661353215,1,0,11.046207427978516,17.47888888888889
9894,989.399,6214.052549277934,-3990.1692238414284,6076.5663787345875,-3876.2974816399937,2.075068383551047,19337.874779771155,1,0,11.280966758728027,17.276944444444446
9895,989.5,6215.3046783352775,-3991.304682646551,6077.558770258187,-3876.845145343569,2.075068383551047,19460.387459013218,1,0,11.164177894592285,17.043888888888887
9896,989.599,6216.570343922963,-3992.3733497579997,6078.535746671988,-3877.384302025548,2.075068383551047,19583.01804542895,1,0,11.378713607788086,16.76888888888889
9897,989.7,6217.849546041021,-3993.5088085647044,6079.529628251931,-3877.9327880353967,2.075068383551047,19706.009730622704,1,0,11.10013198852539,17.04111111111111
9898,989.8,6219.149052954601,-3994.5440798293157,6080.496464882034,-3878.4663489506224,2.075068383551047,19826.917422059825,1,0,10.985703468322754,16.77388888888889
9899,989.9,6220.421486807465,-3995.7129344820664,6081.458584198702,-3878.99730655729,2.075068383551047,19948.29161435141,1,0,10.992372512817383,17.145
9900,989.999,6221.633006273765,-3996.8261293903524,6082.421985736303,-3879.528971773654,2.075068383551047,20071.40531178283,1,0,11.237290382385254,16.61388888888889
9901,990.101,6222.891903596287,-3997.972720145476,6083.430873893776,-3880.0857393514448,2.075068383551047,20200.23177926597,1,0,11.357254028320312,16.95111111111111
9902,990.2,6224.150800918808,-3999.10817895139,6084.40584753762,-3880.6237907797145,2.075068383551047,20323.68788702833,1,0,11.139425277709961,16.991944444444446
9903,990.3,6225.477380893103,-4000.1545821652107,6085.369271532076,-3881.155468389176,2.075068383551047,20445.991608071985,1,0,10.868453979492188,16.888055555555553
9904,990.4,6226.7159734200895,-4001.2677770734967,6086.321566918476,-3881.6810045367656,2.075068383551047,20568.700210106195,1,0,10.885210037231445,16.726944444444445
9905,990.5,6227.95456594709,-4002.3475761341547,6087.30863212871,-3882.2257288475357,2.075068383551047,20699.946949464527,1,0,11.662714958190918,16.551944444444445
9906,990.599,6229.166085413389,-4003.5164307869054,6088.3425942232025,-3882.796333791814,2.075068383551047,20836.731656713557,1,0,12.195072174072266,16.78
9907,990.7,6230.364068349332,-4004.6630215420296,6089.421402521166,-3883.3916876757,2.075068383551047,20977.310379371353,1,0,12.204580307006836,16.665
9908,990.8,6231.602660876332,-4005.787348399525,6090.508402100718,-3883.9915620210213,2.075068383551047,21121.730594839162,1,0,12.626185417175293,16.706944444444446
9909,990.9,6232.9495456461345,-4006.822619664136,6091.632994277267,-3884.6121823122817,2.075068383551047,21271.868561924894,1,0,13.063323020935059,16.86
9910,991.0,6234.21521123382,-4007.9246826224216,6092.768542307188,-3885.238848728575,2.075068383551047,21420.73966063317,1,0,12.87645435333252,16.84388888888889
9911,991.1,6235.541791208099,-4008.9599538870325,6093.8929617708,-3885.859373706035,2.075068383551047,21569.519120911013,1,0,12.80910873413086,16.81388888888889
9912,991.199,6236.881907712722,-4009.9618293040153,6094.984320912129,-3886.461653930178,2.075068383551047,21712.6428625866,1,0,12.373065948486328,16.783055555555553
9913,991.3,6238.181414626287,-4011.0082325170447,6096.07248462865,-3887.0621707190803,2.075068383551047,21857.667039684176,1,0,12.238180160522461,16.736944444444443
9914,991.4,6239.501226335387,-4012.0323718332374,6097.182262986496,-3887.6746158187734,2.075068383551047,22011.664323529665,1,0,13.112930297851562,16.66611111111111
9915,991.499,6240.821038044489,-4013.0342472502202,6098.313044090073,-3888.2986515470025,2.075068383551047,22163.65981563279,1,0,12.978872299194336,16.66
9916,991.599,6242.167922814276,-4014.058386565622,6099.462650168257,-3888.9330760734706,2.075068383551047,22321.383327625157,1,0,13.282038688659668,16.866111111111113
9917,991.699,6243.4877345233745,-4015.0379980841863,6100.640546851081,-3889.5831131247796,2.075068383551047,22483.953830121834,1,0,13.625125885009766,16.566111111111113
9918,991.799,6244.807546232476,-4016.062137400379,6101.845003669304,-3890.2478077197834,2.075068383551047,22650.495668226355,1,0,13.888762474060059,16.708055555555557
9919,991.9,6246.134126206742,-4017.075144765781,6103.062183124531,-3890.919523461517,2.075068383551047,22816.56825267159,1,0,13.640461921691895,16.69888888888889
9920,992.0,6247.460706181021,-4018.054756285135,6104.240763144404,-3891.569937620943,2.075068383551047,22977.544268599693,1,0,13.282312393188477,16.606944444444444
9921,992.1,6248.827895746344,-4019.02323585449,6105.397623499959,-3892.2083655113233,2.075068383551047,23137.60615632885,1,0,13.14431095123291,16.731944444444444
9922,992.2,6250.195085311667,-4019.969451526217,6106.548343340713,-3892.8434046816287,2.075068383551047,23298.354510428147,1,0,13.14204216003418,16.691944444444445
9923,992.3,6251.5758114073315,-4020.8711394018974,6107.690150242015,-3893.4735251345596,2.075068383551047,23457.480946403342,1,0,12.940709114074707,16.60388888888889
9924,992.399,6252.956537502998,-4021.7616953283673,6108.815018055388,-3894.0942975394564,2.075068383551047,23616.527483500613,1,0,13.014649391174316,16.50611111111111
9925,992.499,6254.323727068335,-4022.685647101676,6109.930486421555,-3894.7098827415753,2.075068383551047,23771.511727229303,1,0,12.466440200805664,16.496111111111112
9926,992.6,6255.690916633642,-4023.698654467868,6111.044509602509,-3895.3246704001162,2.075068383551047,23931.536726425922,1,0,12.72967529296875,16.828055555555554
9927,992.7,6257.105484055186,-4024.600342343548,6112.163479444818,-3895.942187935741,2.075068383551047,24092.073715223614,1,0,12.831399917602539,16.810000000000002
9928,992.8,6258.540356272251,-4025.4575024223905,6113.277865693665,-3896.5571759578506,2.075068383551047,24250.946798576788,1,0,12.624970436096191,16.741944444444446
9929,992.9,6259.927850633111,-4026.4482458909547,6114.382860984419,-3897.166981462005,2.075068383551047,24410.304658816756,1,0,12.616878509521484,16.86888888888889
9930,992.999,6261.315344993955,-4027.383329613472,6115.47447629448,-3897.769403056074,2.075068383551047,24568.21693970153,1,0,12.571207046508789,16.785
9931,993.1,6262.709607619962,-4028.329545285199,6116.586475768259,-3898.3830739064406,2.075068383551047,24730.096990871672,1,0,12.579137802124023,16.886944444444445
9932,993.2,6264.137711571865,-4029.0865178227386,6117.688361599909,-3898.991163416606,2.075068383551047,24891.233633765303,1,0,12.591680526733398,16.48
9933,993.3,6265.565815523752,-4029.8991501055343,6118.808517721676,-3899.609335615422,2.075068383551047,25057.980288284754,1,0,12.996493339538574,16.48111111111111
9934,993.399,6266.993919475653,-4030.689518490702,6119.93081012589,-3900.2286867484877,2.075068383551047,25222.88229884787,1,0,12.899439811706543,16.395
9935,993.5,6268.415255162376,-4031.6468661116387,6121.10158422235,-3900.8747931112175,2.075068383551047,25400.2846636903,1,0,13.58022403717041,16.83111111111111
9936,993.6,6269.856895644621,-4032.5374220373183,6122.306474263234,-3901.5397267855788,2.075068383551047,25581.720017446514,1,0,13.943560600280762,16.925
9937,993.7,6271.264694800986,-4033.4502418614165,6123.529118918579,-3902.2144585665133,2.075068383551047,25764.66528992761,1,0,13.985799789428711,16.74111111111111
9938,993.8,6272.604811305609,-4034.2072143989562,6124.8206336615,-3902.9271971686776,2.075068383551047,25968.688936086266,1,0,15.5167875289917,15.823055555555555
9939,993.9,6273.944927810231,-4034.89739524203,6126.253589738095,-3903.717991944032,2.075068383551047,26197.3182062516,1,0,17.216800689697266,15.42
9940,994.0,6275.413641353175,-4035.6098399827324,6127.76045505376,-3904.5495744595423,2.075068383551047,26425.65793374295,1,0,17.20512580871582,16.13888888888889
9941,994.1,6276.85528183542,-4036.333416673435,6129.299489897072,-3905.398910132183,2.075068383551047,26666.27655040862,1,0,17.951662063598633,16.14388888888889
9942,994.2,6278.351068439065,-4037.2017087006957,6130.877499750604,-3906.2697546528307,2.075068383551047,26909.481681492198,1,0,18.095447540283203,16.831944444444442
9943,994.301,6279.840086777516,-4037.980945136654,6132.523645925996,-3907.178201056898,2.075068383551047,27172.31513195786,1,0,19.135814666748047,16.84611111111111
9944,994.4,6281.295263790118,-4038.8158413170772,6134.209745124396,-3908.1086960375906,2.075068383551047,27439.724511243767,1,0,19.76947593688965,16.73611111111111
9945,994.499,6282.757209067899,-4039.6507374990833,6135.935959569055,-3909.061329119842,2.075068383551047,27712.11721030546,1,0,20.061439514160156,16.82888888888889
9946,994.6,6284.259763936722,-4040.396578086622,6137.763042976699,-3910.0696280038765,2.075068383551047,28010.877273423845,1,0,21.262121200561523,16.943055555555553
9947,994.701,6285.7352457448305,-4041.1758145225804,6139.637144665715,-3911.1038745159385,2.075068383551047,28306.35707609944,1,0,21.124862670898438,16.703055555555554
9948,994.799,6287.224264083311,-4041.8659953656543,6141.30117440287,-3912.0221901877653,2.075068383551047,28540.858069100614,1,0,17.66299057006836,16.55388888888889
9949,994.9,6288.6929776262405,-4042.656363750032,6142.784392248437,-3912.840722550442,2.075068383551047,28765.268893892626,1,0,15.883284568786621,16.575
9950,995.0,6290.1752276995285,-4043.42446823599,6144.183324753014,-3913.612740991036,2.075068383551047,28992.610279307675,1,0,16.073089599609375,16.618055555555557
9951,995.1,6291.66424603801,-4044.1369129774826,6145.585788709051,-3914.3867083073906,2.075068383551047,29219.49239689983,1,0,15.96395492553711,16.63
9952,995.2,6293.146496111297,-4044.8382257697663,6146.9623097790945,-3915.1463587168732,2.075068383551047,29440.62694890691,1,0,15.48046588897705,16.458055555555557
9953,995.3,6294.628746184584,-4045.528406612049,6148.249770339424,-3915.856859967548,2.075068383551047,29641.27636033837,1,0,13.929510116577148,16.483888888888888
9954,995.4,6296.1177645230655,-4046.2185874551237,6149.428389894987,-3916.5072959452405,2.075068383551047,29829.819415197853,1,0,12.99416732788086,16.456944444444442
9955,995.5,6297.613551126696,-4046.87537245136,6150.548662661656,-3917.1255325160073,2.075068383551047,30013.093934974837,1,0,12.596671104431152,16.48
9956,995.6,6299.102569465175,-4047.5321574468057,6151.709213989129,-3917.765997315513,2.075068383551047,30214.356942927574,1,0,13.914266586303711,16.348055555555554
9957,995.7,6300.591587803642,-4048.166678544624,6152.903104967097,-3918.424861019111,2.075068383551047,30410.241520215888,1,0,13.358262062072754,16.336111111111112
9958,995.8,6302.100910937645,-4048.8457274384887,6154.045485198536,-3919.0552978714654,2.075068383551047,30598.153989856237,1,0,12.73758602142334,16.543055555555554
9959,995.9,6303.583161010916,-4049.524776332353,6155.1439811056425,-3919.661516609274,2.075068383551047,30781.067633708848,1,0,12.355794906616211,16.375
9960,996.0,6305.085715879755,-4050.2260891238457,6156.227362898141,-3920.259394433455,2.075068383551047,30964.653708444257,1,0,12.392328262329102,16.528888888888886
9961,996.1,6306.595039013728,-4050.860610221664,6157.2979470669125,-3920.8502097285427,2.075068383551047,31144.685876241852,1,0,12.063453674316406,16.5
9962,996.2,6308.111130412908,-4051.394943777388,6158.362162440886,-3921.437510324378,2.075068383551047,31327.30786217107,1,0,12.246843338012695,16.22111111111111
9963,996.3,6309.627221812076,-4051.973805129159,6159.426614486273,-3922.0249415303,2.075068383551047,31508.585816972663,1,0,12.068860054016113,16.216944444444444
9964,996.4,6311.136544946078,-4052.5526664817207,6160.483199388463,-3922.608031154621,2.075068383551047,31690.24173608134,1,0,12.067131042480469,16.19388888888889
9965,996.5,6312.639099814886,-4053.220583426376,6161.527213527477,-3923.184183445688,2.075068383551047,31868.822072938456,1,0,11.78170108795166,16.35388888888889
9966,996.6,6314.1416546836945,-4053.8551045241943,6162.564287921214,-3923.7565059513227,2.075068383551047,32049.230484869953,1,0,11.90860366821289,16.32111111111111
9967,996.7,6315.617136491817,-4054.5230214688495,6163.60535571194,-3924.3310322631496,2.075068383551047,32230.078307314634,1,0,11.872923851013184,16.286944444444444
9968,996.8,6317.112923095463,-4055.124146719039,6164.682837460151,-3924.925654073924,2.075068383551047,32423.24931946545,1,0,12.740422248840332,16.201944444444443
9969,996.9,6318.62901449463,-4055.7809317144847,6165.818320780124,-3925.5522847792213,2.075068383551047,32624.976903147915,1,0,13.197876930236816,16.43888888888889
9970,997.0,6320.138337628617,-4056.348661117046,6166.974556997797,-3926.1903682312864,2.075068383551047,32828.39514794299,1,0,13.214488983154297,16.158055555555553
9971,997.1,6321.661197292961,-4056.9052585719805,6168.139249177444,-3926.8331182119764,2.075068383551047,33035.168997394256,1,0,13.391039848327637,16.253055555555555
9972,997.2,6323.197593487649,-4057.3616684840295,6169.316082446214,-3927.4825684049074,2.075068383551047,33244.46112159055,1,0,13.491832733154297,16.01388888888889
9973,997.3,6324.706916621636,-4057.8960020389627,6170.486911049323,-3928.128704847815,2.075068383551047,33451.36586282941,1,0,13.253872871398926,15.991111111111111
9974,997.399,6326.2365445511605,-4058.4080716970598,6171.649882659512,-3928.770505310679,2.075068383551047,33661.40003317775,1,0,13.580698013305664,16.115000000000002
9975,997.5,6327.752635950326,-4058.931273303574,6172.836859231782,-3929.4255532128095,2.075068383551047,33872.421244096084,1,0,13.265420913696289,16.028055555555554
9976,997.6,6329.261959084329,-4059.5546624521826,6174.0041716633295,-3930.06974921236,2.075068383551047,34083.729351696944,1,0,13.39996337890625,16.135
9977,997.699,6330.764513953137,-4060.1557877031632,6175.174030525667,-3930.715350491666,2.075068383551047,34296.75125013174,1,0,13.593524932861328,16.118055555555554
9978,997.799,6332.2670688219605,-4060.712385156515,6176.343901254558,-3931.360958319678,2.075068383551047,34506.35678463025,1,0,13.13029956817627,16.081111111111113
9979,997.9,6333.769623690784,-4061.3135104067055,6177.473762387663,-3931.9844863506687,2.075068383551047,34708.19101458171,1,0,12.424026489257812,16.121944444444445
9980,998.0,6335.258642029251,-4061.9368995553136,6178.54768796939,-3932.5771456463863,2.075068383551047,34903.15455667109,1,0,12.108084678649902,16.080000000000002
9981,998.1,6336.740892102538,-4062.5491567547133,6179.617473993142,-3933.167520475139,2.075068383551047,35101.34218211428,1,0,12.32946491241455,16.13111111111111
9982,998.2,6338.2502152365405,-4063.1391500556933,6180.71121664148,-3933.771116067506,2.075068383551047,35305.34258254109,1,0,12.655335426330566,16.15111111111111
9983,998.3,6339.75277010535,-4063.6623516629993,6181.820161451702,-3934.383101163493,2.075068383551047,35511.040688027235,1,0,12.67673397064209,15.93388888888889
9984,998.4,6341.262093239352,-4064.274608862398,6182.922294350106,-3934.9913270205443,2.075068383551047,35715.033925844626,1,0,12.499728202819824,16.253055555555555
9985,998.5,6342.757879842996,-4065.0093175007282,6184.0512340749265,-3935.6143465608216,2.075068383551047,35930.954797414306,1,0,13.289093017578125,16.368888888888886
9986,998.599,6344.233361651105,-4065.554783006452,6185.204552943135,-3936.250820037011,2.075068383551047,36147.400627494586,1,0,13.322749137878418,16.035
9987,998.699,6345.729148254751,-4066.178172155061,6186.363927468024,-3936.890635403257,2.075068383551047,36364.57365596166,1,0,13.161306381225586,16.135
9988,998.8,6347.218166593215,-4066.812693252088,6187.508642023155,-3937.522360481405,2.075068383551047,36578.14996613623,1,0,12.728962898254395,16.155
9989,998.899,6348.720721462039,-4067.4360824006963,6188.618042378468,-3938.1345969756617,2.075068383551047,36789.577394192056,1,0,12.869497299194336,16.221944444444443
9990,998.999,6350.2029715353265,-4068.003811804049,6189.762963790427,-3938.7664362103437,2.075068383551047,37010.38096857922,1,0,13.28439998626709,16.008055555555554
9991,999.1,6351.6919898737915,-4068.5381453597734,6190.932940362249,-3939.4121024491037,2.075068383551047,37233.39168827543,1,0,13.177226066589355,15.981944444444443
9992,999.201,6353.174239947125,-4069.1058747623347,6192.082180028494,-3940.0463247665502,2.075068383551047,37451.68237132628,1,0,12.815388679504395,15.918888888888889
9993,999.3,6354.663258285561,-4069.6179444212225,6193.183350622343,-3940.654019563769,2.075068383551047,37662.53337922431,1,0,12.59317684173584,15.816944444444445
9994,999.4,6356.159044889206,-4070.2079377222026,6194.287328505726,-3941.2632635989107,2.075068383551047,37876.372500313926,1,0,12.625431060791016,16.00611111111111
9995,999.499,6357.641294962492,-4070.820194920811,6195.385049211874,-3941.8690545323516,2.075068383551047,38090.0848127847,1,0,12.703531265258789,16.01111111111111
9996,999.6,6359.110008505453,-4071.4547160186285,6196.497595998216,-3942.483027424017,2.075068383551047,38305.442817605144,1,0,12.459192276000977,15.948055555555554
9997,999.7,6360.6057951090825,-4072.078105166446,6197.5759116697855,-3943.0781094458516,2.075068383551047,38514.70699951543,1,0,12.173203468322754,16.163888888888888
9998,999.799,6362.094813447548,-4072.7014943150552,6198.642758464178,-3943.666862224034,2.075068383551047,38725.97189042738,1,0,12.44336986541748,16.14
9999,999.9,6363.577063520851,-4073.3582793105,6199.742003362627,-3944.2734943021046,2.075068383551047,38942.52969230987,1,0,12.418501853942871,16.11888888888889
10000,999.999,6365.059313594137,-4073.9594045614813,6200.835825451819,-3944.877133734903,2.075068383551047,39161.54188823084,1,0,12.820503234863281,16.130000000000003
10001,1000.099,6366.5280271370975,-4074.6607173529737,6201.954812327456,-3945.4946606705835,2.075068383551047,39383.22898786564,1,0,12.740961074829102,16.211944444444445
10002,1000.2,6368.023813740728,-4075.1950509086982,6203.066413376243,-3946.108111645123,2.075068383551047,39602.627305018585,1,0,12.400372505187988,16.016111111111112
10003,1000.299,6369.512832079193,-4075.8407039557255,6204.14206356324,-3946.7017226858798,2.075068383551047,39817.98162536167,1,0,12.419331550598145,16.166944444444443
10004,1000.4,6370.995082152481,-4076.3973014098683,6205.238768939833,-3947.306953296976,2.075068383551047,40038.01523612502,1,0,12.385103225708008,15.89111111111111
10005,1000.499,6372.477332225783,-4076.9761627608486,6206.310850702195,-3947.898595057862,2.075068383551047,40253.89401777842,1,0,12.352262496948242,15.92388888888889
10006,1000.6,6373.979887094607,-4077.5327602149914,6207.397590984395,-3948.4983263066893,2.075068383551047,40472.94520119536,1,0,12.226789474487305,15.966944444444444
10007,1000.7,6375.4486006375355,-4078.2006771596466,6208.498100080596,-3949.105656048138,2.075068383551047,40700.82052851901,1,0,12.912579536437988,15.991111111111111
10008,1000.8,6376.937618976017,-4078.8351982582553,6209.631982643456,-3949.7314033555544,2.075068383551047,40932.33106493244,1,0,12.989152908325195,16.133055555555554
10009,1000.899,6378.4401738448405,-4079.3917957116073,6210.7474969503455,-3950.347013910637,2.075068383551047,41158.84514535755,1,0,12.750381469726562,16.01111111111111
10010,1001.0,6379.90888738777,-4080.004052911007,6211.868800864185,-3950.965819532897,2.075068383551047,41388.09453162629,1,0,12.610404014587402,15.843055555555555
10011,1001.099,6381.350527870015,-4080.7164976524996,6212.96394454927,-3951.570188304957,2.075068383551047,41614.04648105805,1,0,12.659095764160156,16.03388888888889
10012,1001.2,6382.798936617437,-4081.362150698736,6214.086716930545,-3952.1898043193805,2.075068383551047,41846.719173469035,1,0,12.734902381896973,15.996944444444443
10013,1001.3,6384.240577099682,-4082.0300676433912,6215.207354160337,-3952.808242023691,2.075068383551047,42080.157189874,1,0,12.864261627197266,15.88611111111111
10014,1001.4,6385.736363703327,-4082.608928995953,6216.329569603131,-3953.4275506846325,2.075068383551047,42313.28736692413,1,0,12.770954132080078,15.996944444444443
10015,1001.5,6387.211845511436,-4083.1098667040496,6217.433084998255,-3954.036539489831,2.075068383551047,42541.80409878545,1,0,12.437088966369629,15.633888888888887
10016,1001.6,6388.673790789217,-4083.766651700286,6218.512622727623,-3954.632295919582,2.075068383551047,42766.973626034305,1,0,12.223222732543945,15.861944444444445
10017,1001.7,6390.115431271461,-4084.4457005941513,6219.588806978762,-3955.2262016903305,2.075068383551047,42994.52260574006,1,0,12.36048412322998,15.908888888888889
10018,1001.8,6391.557071753705,-4085.135881436434,6220.677587292576,-3955.8270587561797,2.075068383551047,43225.61808853074,1,0,12.51095962524414,15.998888888888887
10019,1001.9,6393.012248766277,-4085.692478890577,6221.779388375068,-3956.43510149646,2.075068383551047,43460.27089387549,1,0,12.657922744750977,15.79
10020,1002.0,6394.480962309236,-4086.2936041407665,6222.877110518194,-3957.040893222915,2.075068383551047,43692.32122119866,1,0,12.4177827835083,15.883888888888889
10021,1002.1,6395.949675852182,-4086.905861340166,6223.969734644649,-3957.6438715449585,2.075068383551047,43926.542215817266,1,0,12.54146671295166,15.906944444444445
10022,1002.2,6397.425157660305,-4087.4847226927277,6225.0600973463015,-3958.2456018713738,2.075068383551047,44159.12537678903,1,0,12.366124153137207,15.78611111111111
10023,1002.3,6398.873566407713,-4088.041320146871,6226.118572989664,-3958.8297349249146,2.075068383551047,44383.30305137295,1,0,11.813057899475098,15.606111111111112
10024,1002.4,6400.315206889957,-4088.709237091526,6227.18275609216,-3959.4170177113306,2.075068383551047,44617.49914351914,1,0,12.496501922607422,15.661944444444444
10025,1002.5,6401.76361563738,-4089.2769664940874,6228.266420938494,-3960.0150517423194,2.075068383551047,44850.66266082867,1,0,12.258087158203125,15.658888888888889
10026,1002.6,6403.218792649982,-4089.9003556426956,6229.345595373691,-3960.610607683628,2.075068383551047,45086.1557145479,1,0,12.393925666809082,15.795
10027,1002.7,6404.660433132227,-4090.4569530960484,6230.446731947643,-3961.2182837065398,2.075068383551047,45328.80858762451,1,0,12.759777069091797,15.58611111111111
10028,1002.8,6406.10884187965,-4091.024682499401,6231.561427927523,-3961.8334426576034,2.075068383551047,45572.40849522588,1,0,12.703668594360352,15.465
10029,1002.899,6407.584323687758,-4091.592411902753,6232.66528738377,-3962.442621337246,2.075068383551047,45815.31572355453,1,0,12.766940116882324,15.75611111111111
10030,1003.003,6409.032732435182,-4092.1267454584768,6233.818937072193,-3963.079277380718,2.075068383551047,46068.3279876567,1,0,12.572752952575684,15.49
10031,1003.1,6410.467604652248,-4092.783530454714,6234.876281204926,-3963.6627859959326,2.075068383551047,46300.62136966251,1,0,12.327591896057129,15.703888888888889
10032,1003.2,6411.916013399671,-4093.340127908066,6235.989698557991,-3964.277239320758,2.075068383551047,46553.18480323976,1,0,13.106645584106445,15.645
10033,1003.3,6413.357653881915,-4093.941253158256,6237.132837941487,-3964.908095120692,2.075068383551047,46807.130319438365,1,0,13.00654411315918,15.641944444444446
10034,1003.4,6414.806062629323,-4094.5089825608175,6238.282900537914,-3965.542771582476,2.075068383551047,47066.10231748014,1,0,13.264795303344727,15.614999999999998
10035,1003.5,6416.247703111568,-4095.0878439133794,6239.441503344493,-3966.1821610662973,2.075068383551047,47325.62021217983,1,0,13.201631546020508,15.48611111111111
10036,1003.599,6417.696111859006,-4095.666705265941,6240.585861349483,-3966.81368937778,2.075068383551047,47583.35166873116,1,0,13.203446388244629,15.585
10037,1003.7,6419.124215810893,-4096.256698566921,6241.742191327695,-3967.451824572774,2.075068383551047,47842.91581942828,1,0,12.949531555175781,15.533888888888887
10038,1003.8,6420.559088027974,-4096.846691867902,6242.865663646413,-3968.071826856451,2.075068383551047,48096.15596136846,1,0,12.714395523071289,15.503055555555557
10039,1003.9,6421.987191979845,-4097.4144212712545,6243.982836430853,-3968.6883526631614,2.075068383551047,48351.16700578816,1,0,12.805628776550293,15.441944444444445
10040,1003.999,6423.394991136225,-4098.026678470653,6245.087049638015,-3969.2977265646805,2.075068383551047,48602.539798138074,1,0,12.673142433166504,15.356944444444443
10041,1004.1,6424.816326822948,-4098.627803720843,6246.211024715454,-3969.9180063020603,2.075068383551047,48860.788830547055,1,0,12.74805736541748,15.483888888888888
10042,1004.2,6426.224125979314,-4099.240060920242,6247.329433125908,-3970.535214004477,2.075068383551047,49118.4957461542,1,0,12.800192832946777,15.428055555555554
10043,1004.299,6427.625156870501,-4099.863450069642,6248.45108783613,-3971.154213218119,2.075068383551047,49379.47887961847,1,0,13.081026077270508,15.35611111111111
10044,1004.4,6429.026187761702,-4100.486839217459,6249.624312062872,-3971.8016717159617,2.075068383551047,49654.0383251151,1,0,13.454052925109863,15.406111111111112
10045,1004.5,6430.4339869180685,-4101.121360314486,6250.8222414425545,-3972.4627640621748,2.075068383551047,49936.0248538204,1,0,13.910726547241211,15.406111111111112
10046,1004.6,6431.83501780927,-4101.744749463094,6252.048735003838,-3973.139619910104,2.075068383551047,50223.752105762396,1,0,14.106555938720703,15.358055555555556
10047,1004.699,6433.249585230814,-4102.3681386124945,6253.243446076855,-3973.798936193437,2.075068383551047,50498.6478165239,1,0,13.460375785827637,15.456944444444446
10048,1004.8,6434.643847856836,-4103.002659709522,6254.446084095083,-3974.462627060862,2.075068383551047,50783.55755738974,1,0,13.739961624145508,15.333055555555555
10049,1004.9,6436.044878748023,-4103.603784959711,6255.668107952414,-3975.1370162466296,2.075068383551047,51075.33688208289,1,0,14.175217628479004,15.316111111111113
10050,1004.999,6437.445909639225,-4104.260569955157,6256.9107583706655,-3975.8227884586295,2.075068383551047,51372.25560540284,1,0,14.497873306274414,15.354999999999999
10051,1005.1,6438.840172265233,-4104.883959103765,6258.194656703067,-3976.5313238491644,2.075068383551047,51677.86902582213,1,0,14.5403470993042,15.291944444444445
10052,1005.2,6440.214130095734,-4105.55187604842,6259.469322269817,-3977.234764022226,2.075068383551047,51982.43157104826,1,0,14.577347755432129,15.296944444444446
10053,1005.3,6441.594856191414,-4106.197529094657,6260.765604131961,-3977.9501334188967,2.075068383551047,52296.857438991894,1,0,15.034136772155762,15.248888888888889
10054,1005.4,6442.975582287079,-4106.843182140894,6262.10359372629,-3978.6885197504503,2.075068383551047,52622.99193694658,1,0,15.530094146728516,15.246944444444445
10055,1005.499,6444.363076647938,-4107.499967137131,6263.4413804085925,-3979.426794102458,2.075068383551047,52944.43197054583,1,0,15.338184356689453,15.30888888888889
10056,1005.6,6445.737034478425,-4108.145620184158,6264.808833762177,-3980.1814403789335,2.075068383551047,53278.27713671935,1,0,15.589818954467773,15.216944444444445
10057,1005.7,6447.110992308912,-4108.780141281185,6266.165103040006,-3980.9299145829928,2.075068383551047,53606.82997635014,1,0,15.391982078552246,15.161944444444444
10058,1005.799,6448.484950139397,-4109.414662379003,6267.498151923372,-3981.665574321261,2.075068383551047,53932.58437622651,1,0,15.366975784301758,15.151944444444442
10059,1005.9,6449.858907969914,-4110.038051527612,6268.9002401266935,-3982.4393342737694,2.075068383551047,54285.63348270593,1,0,16.344371795654297,15.178888888888888
10060,1005.999,6451.239634065579,-4110.672572624639,6270.303552439329,-3983.213769766349,2.075068383551047,54628.7489620183,1,0,16.03585433959961,15.123055555555556
10061,1006.1,6452.627128426423,-4111.295961773247,6271.777302747379,-3984.027077349755,2.075068383551047,55005.60379871848,1,0,17.29629135131836,15.173055555555557
10062,1006.2,6454.007854522088,-4111.897087023436,6273.276103700624,-3984.854209445764,2.075068383551047,55374.81437395806,1,0,16.941417694091797,15.106944444444444
10063,1006.3,6455.38858061777,-4112.498212273626,6274.782260212744,-3985.685400799152,2.075068383551047,55756.16289154508,1,0,17.464317321777344,15.03111111111111
10064,1006.4,6456.769306713449,-4113.121601422235,6276.3154905320025,-3986.531533172424,2.075068383551047,56141.79786172858,1,0,17.55987548828125,15.16388888888889
10065,1006.5,6458.14326454392,-4113.733858621635,6277.855983728793,-3987.381673655715,2.075068383551047,56530.77301112218,1,0,17.630226135253906,15.013888888888888
10066,1006.6,6459.53075890478,-4114.334983872615,6279.405777623739,-3988.236946845883,2.075068383551047,56924.61726516882,1,0,17.772335052490234,15.10388888888889
10067,1006.7,6460.904716735266,-4114.936109122014,6280.955524593535,-3989.0921941398187,2.075068383551047,57317.34528919916,1,0,17.629154205322266,14.986944444444445
10068,1006.799,6462.285442830946,-4115.5594982706225,6282.506612289989,-3989.9481813305683,2.075068383551047,57719.16673386129,1,0,18.16086196899414,15.10388888888889
10069,1006.9,6463.652632396269,-4116.171755470022,6284.246537900852,-3990.9083810917814,2.075068383551047,58200.26334761953,1,0,21.191431045532227,15.026944444444444
10070,1007.0,6465.0130536964125,-4116.795144617839,6286.012559793682,-3991.8829824133586,2.075068383551047,58631.997315078006,1,0,19.1505126953125,14.963888888888889
10071,1007.1,6466.380243261735,-4117.429665715657,6287.660460482031,-3992.7923970673974,2.075068383551047,59052.158464589236,1,0,18.493141174316406,15.063055555555554
10072,1007.199,6467.740664561894,-4118.030790965847,6289.219080233535,-3993.652540917153,2.075068383551047,59447.614992624025,1,0,17.470670700073242,14.851111111111111
10073,1007.3,6469.08754933168,-4118.698707911293,6290.7461672049485,-3994.4952830069,2.075068383551047,59843.34261557432,1,0,17.06780242919922,14.995
10074,1007.401,6470.447970631824,-4119.310965110692,6292.246119617022,-3995.3230505498987,2.075068383551047,60235.68424726961,1,0,16.856962203979492,14.965
10075,1007.5,6471.794855401609,-4119.945486207719,6293.832194638718,-3996.1983459347075,2.075068383551047,60685.34969171376,1,0,19.7403564453125,14.903055555555556
10076,1007.599,6473.12143537589,-4120.6022712031645,6295.477676586119,-3997.1064257762314,2.075068383551047,61105.02810175308,1,0,18.227725982666016,14.886944444444445
10077,1007.7,6474.461551880512,-4121.259056200192,6297.068769864255,-3997.984490548769,2.075068383551047,61524.18304308544,1,0,17.758392333984375,14.946944444444444
10078,1007.8,6475.801668385135,-4121.9047092456385,6298.55209795929,-3998.8030837539964,2.075068383551047,61905.14833371013,1,0,16.125864028930664,14.81611111111111
10079,1007.899,6477.1282483594005,-4122.572626190294,6299.939373605127,-3999.568669210957,2.075068383551047,62275.971141575326,1,0,15.884329795837402,14.865
10080,1008.002,6478.441291803337,-4123.251675084158,6301.409057962976,-4000.3797329487716,2.075068383551047,62680.75478487089,1,0,16.71041488647461,14.836944444444443
10081,1008.1,6479.7543352472585,-4123.930723978023,6302.838554904609,-4001.1686187571313,2.075068383551047,63067.32695231129,1,0,16.61057472229004,14.795
10082,1008.2,6481.0741469563445,-4124.620904821097,6304.347166470397,-4002.0011649626645,2.075068383551047,63490.63375198572,1,0,17.851242065429688,14.878888888888886
10083,1008.299,6482.380422135088,-4125.333349562589,6305.835060093545,-4002.8222777118176,2.075068383551047,63883.44988407431,1,0,16.48062515258789,14.883055555555554
10084,1008.4,6483.679929048669,-4126.023530404873,6307.270472042073,-4003.614427790887,2.075068383551047,64272.78001745846,1,0,15.984413146972656,14.813055555555554
10085,1008.5,6484.972667697054,-4126.7359751463655,6308.6177635452605,-4004.3579474974586,2.075068383551047,64633.320227224925,1,0,14.792304992675781,14.746111111111112
10086,1008.6,6486.265406345454,-4127.437287938649,6309.880927440668,-4005.055040328997,2.075068383551047,64976.67488881088,1,0,14.062652587890625,14.755
10087,1008.7,6487.544608463497,-4128.16086462856,6311.094982247069,-4005.7250316941045,2.075068383551047,65310.68768320086,1,0,13.670486450195312,14.681944444444444
10088,1008.799,6488.823810581542,-4128.895573268473,6312.2730003604065,-4006.375135758364,2.075068383551047,65637.76484438044,1,0,13.511269569396973,14.729999999999999
10089,1008.9,6490.109780964763,-4129.6191499575925,6313.452729468636,-4007.0261840566054,2.075068383551047,65965.0111103944,1,0,13.170931816101074,14.739999999999998
10090,1009.0,6491.375446552479,-4130.364990545923,6314.591167152581,-4007.6544451646987,2.075068383551047,66281.87168659766,1,0,12.834855079650879,14.641944444444446
10091,1009.1,6492.647880405343,-4131.110831134253,6315.705187602358,-4008.2692313160055,2.075068383551047,66593.8204699086,1,0,12.6131591796875,14.766111111111112
10092,1009.2,6493.906777727864,-4131.867803672584,6316.820302610462,-4008.8846215130475,2.075068383551047,66910.63091066564,1,0,12.859858512878418,14.683055555555555
10093,1009.3,6495.158906785223,-4132.624776209333,6317.924207267231,-4009.493825137165,2.075068383551047,67219.54694584318,1,0,12.357076644897461,14.625
10094,1009.399,6496.417804107746,-4133.392880696082,6318.9920290981745,-4010.083116001492,2.075068383551047,67522.44414507182,1,0,12.281994819641113,14.716111111111111
10095,1009.5,6497.669933165088,-4134.160985182039,6320.077590507907,-4010.682196674769,2.075068383551047,67831.78376377758,0,0,12.270394325256348,14.68
10096,1009.599,6498.915293957268,-4134.951353566416,6321.14744230452,-4011.2726078010996,2.075068383551047,68138.71109887969,0,0,12.41551685333252,14.633888888888889
10097,1009.701,6500.160654749431,-4135.730590002375,6322.272850520268,-4011.8936784338216,2.075068383551047,68464.23477332809,0,0,12.788551330566406,14.68111111111111
10098,1009.8,6501.406015541595,-4136.498694488333,6323.367979160915,-4012.49803890342,2.075068383551047,68776.81774173863,0,0,12.48060131072998,14.673055555555555
10099,1009.9,6502.637839803447,-4137.266798975082,6324.450656074215,-4013.0955277311787,2.075068383551047,69087.42973774298,0,0,12.251420021057129,14.58388888888889
10100,1009.999,6503.876432330433,-4138.046035410249,6325.504989079828,-4013.6773746181425,2.075068383551047,69391.20788141649,0,0,12.076408386230469,14.618888888888888
10101,1010.1,6505.1014883270755,-4138.836403795417,6326.576168987582,-4014.268518679256,2.075068383551047,69702.62090493554,0,0,12.150711059570312,14.568055555555555
10102,1010.2,6506.326544323719,-4139.615640231375,6327.664119594623,-4014.8689178610207,2.075068383551047,70023.42640234395,0,0,12.70177936553955,14.591944444444445
10103,1010.3,6507.558368585569,-4140.417140564962,6328.776544965063,-4015.482823747798,2.075068383551047,70348.17748141778,0,0,12.709797859191895,14.686944444444446
10104,1010.4,6508.769888051855,-4141.218640898549,6329.919308571632,-4016.113472170524,2.075068383551047,70688.18752069933,0,0,13.394807815551758,14.548055555555557
10105,1010.5,6509.994944048497,-4142.020141232135,6331.1071989335305,-4016.769024358917,2.075068383551047,71039.8567088616,0,0,13.740646362304688,14.646944444444443
10106,1010.6,6511.213231779977,-4142.810509616512,6332.262492807372,-4017.4065877667244,2.075068383551047,71371.35656876295,0,0,12.650193214416504,14.588888888888889
10107,1010.7,6512.424751246277,-4143.600878001679,6333.367021184542,-4018.016135598764,2.075068383551047,71697.27661649085,0,0,12.580989837646484,14.514999999999999
10108,1010.799,6513.643038977756,-4144.402378335266,6334.429692031842,-4018.602583828191,2.075068383551047,72007.4777599265,0,0,11.939227104187012,14.558888888888887
10109,1010.9,6514.861326709235,-4145.192746719643,6335.499143435444,-4019.1927739926195,2.075068383551047,72327.79584492424,0,0,12.248798370361328,14.614999999999998
10110,1010.999,6516.079614440684,-4146.0053790024385,6336.554987332334,-4019.775454683876,2.075068383551047,72641.6274950359,0,0,12.113892555236816,14.598888888888888
10111,1011.1,6517.304670437357,-4146.795747387607,6337.6271371808325,-4020.36713401895,2.075068383551047,72962.43150754432,0,0,12.135164260864258,14.623055555555556
10112,1011.201,6518.529726434,-4147.597247721193,6338.6841224234295,-4020.950444576143,2.075068383551047,73276.76826359391,0,0,11.77091121673584,14.626944444444444
10113,1011.3,6519.754782430643,-4148.398748053988,6339.697551465797,-4021.5097180981907,2.075068383551047,73580.47583215214,0,0,11.613093376159668,14.668055555555554
10114,1011.399,6520.979838427301,-4149.222512286784,6340.694894368316,-4022.0601142822966,2.075068383551047,73879.80346898436,0,0,11.399737358093262,14.776111111111112
10115,1011.5,6522.204894423943,-4150.03514456958,6341.69813630022,-4022.6137659197216,2.075068383551047,74182.50841164324,0,0,11.290813446044922,14.668888888888889
10116,1011.599,6523.4096456250645,-4150.847776851584,6342.666677372811,-4023.148267452903,2.075068383551047,74474.65340293988,0,0,11.057439804077148,14.586944444444445
10117,1011.699,6524.6279333565435,-4151.693804982009,6343.634688050106,-4023.6824762807905,2.075068383551047,74769.03504553786,0,0,11.055214881896973,14.791111111111112
10118,1011.799,6525.859757618365,-4152.495305315595,6344.599694557644,-4024.215027219936,2.075068383551047,75062.82493781284,0,0,10.988814353942871,14.77388888888889
10119,1011.9,6527.064508819471,-4153.341333445228,6345.572644847503,-4024.7519620349435,2.075068383551047,75360.46253699918,0,0,11.016623497009277,14.685000000000002
10120,1012.0,6528.269260020608,-4154.187361574861,6346.541385953989,-4025.2865739593376,2.075068383551047,75658.04827186473,0,0,11.112716674804688,14.683055555555555
10121,1012.1,6529.480779486908,-4155.022257756075,6347.512868382601,-4025.822698716713,2.075068383551047,75956.34258137789,0,0,11.079244613647461,14.743055555555555
10122,1012.199,6530.705835483565,-4155.879417835708,6348.480857564086,-4026.356895681869,2.075068383551047,76255.8032521805,0,0,11.256274223327637,14.893888888888888
10123,1012.3,6531.903818419509,-4156.736577915342,6349.480270964499,-4026.9084344961943,2.075068383551047,76565.14556686838,0,0,11.347685813903809,14.761111111111111
10124,1012.4,6533.115337885794,-4157.582606044975,6350.517649578487,-4027.480924889588,2.075068383551047,76893.85963960113,0,0,12.349568367004395,14.766944444444444
10125,1012.5,6534.32008908693,-4158.4286341754,6351.625189974105,-4028.092134941769,2.075068383551047,77242.48440736106,0,0,12.950419425964355,14.765
10126,1012.6,6535.5045354925305,-4159.296926203451,6352.823111129361,-4028.7532227492297,2.075068383551047,77628.0722750381,0,0,14.414172172546387,14.691944444444445
10127,1012.7,6536.709286693652,-4160.165218231503,6354.134345247749,-4029.4768437359603,2.075068383551047,78048.14953101815,0,0,15.538872718811035,14.856944444444444
10128,1012.8,6537.90726962961,-4161.022378310346,6355.540748119172,-4030.2529847921523,2.075068383551047,78499.43974345547,0,0,16.588150024414062,14.731944444444443
10129,1012.9,6539.105252565551,-4161.890670338397,6356.96450799374,-4031.0387045281286,2.075068383551047,78940.33684273424,0,0,15.935365676879883,14.766111111111112
10130,1013.0,6540.303235501508,-4162.74783041803,6358.350743529869,-4031.8037159875075,2.075068383551047,79375.79251570004,0,0,15.730966567993164,14.755
10131,1013.1,6541.494450172288,-4163.627254395292,6359.6775213116725,-4032.53591493976,2.075068383551047,79784.93637402177,0,0,14.5771484375,14.788055555555555
10132,1013.2,6542.685664843052,-4164.4955464233435,6360.925102926437,-4033.224408494376,2.075068383551047,80175.61776515101,0,0,13.921856880187988,14.768888888888888
10133,1013.3,6543.876879513816,-4165.352706502186,6362.113434192694,-4033.8802040013666,2.075068383551047,80548.6438944576,0,0,13.223669052124023,14.728055555555555
10134,1013.4,6545.061325919431,-4166.209866581819,6363.261903964196,-4034.514001442747,2.075068383551047,80914.41302636983,0,0,13.011284828186035,14.674999999999999
10135,1013.5,6546.259308855374,-4167.067026660662,6364.3952043462705,-4035.139427466398,2.075068383551047,81277.10322792243,0,0,12.877148628234863,14.725
10136,1013.6,6547.4572917913165,-4167.924186739504,6365.516971996227,-4035.758489007248,2.075068383551047,81637.21792282893,0,0,12.747838020324707,14.676944444444445
10137,1013.7,6548.64850646211,-4168.781346819137,6366.616826728738,-4036.365457629891,2.075068383551047,81989.3931778716,0,0,12.376583099365234,14.683055555555555
10138,1013.8,6549.819416337367,-4169.649638846398,6367.705038596973,-4036.9660009919207,2.075068383551047,82342.68002130867,0,0,12.4818754196167,14.616944444444444
10139,1013.9,6551.01739927331,-4170.495666976823,6368.792969081309,-4037.5663890687174,2.075068383551047,82695.13102822201,0,0,12.370155334472656,14.608888888888888
10140,1014.0,6552.208613944089,-4171.330563158037,6369.868007173155,-4038.1596623170917,2.075068383551047,83043.83864888662,0,0,12.187369346618652,14.598055555555554
10141,1014.099,6553.393060349674,-4172.198855186089,6370.935487569783,-4038.748764756611,2.075068383551047,83394.54913742887,0,0,12.44382381439209,14.61111111111111
10142,1014.2,6554.570738490094,-4173.0448833157225,6372.0417195582295,-4039.3592527478913,2.075068383551047,83757.94043255389,0,0,12.57607650756836,14.588055555555556
10143,1014.299,6555.748416630516,-4173.890911446146,6373.125442077408,-4039.957318606362,2.075068383551047,84112.69746762494,0,0,12.429889678955078,14.503055555555557
10144,1014.4,6556.939631301295,-4174.736939575779,6374.213257293287,-4040.5576430708165,2.075068383551047,84468.96567548177,0,0,12.173474311828613,14.61
10145,1014.5,6558.130845972073,-4175.61636355304,6375.273719949528,-4041.1428726823247,2.075068383551047,84818.30126666576,0,0,12.051097869873047,14.703888888888887
10146,1014.6,6559.328828908032,-4176.440127785836,6376.316110119346,-4041.7181287656317,2.075068383551047,85161.33515557343,0,0,11.760637283325195,14.601944444444444
10147,1014.7,6560.513275313631,-4177.308419813097,6377.345378531222,-4042.2861434423153,2.075068383551047,85503.14065266006,0,0,11.751352310180664,14.653888888888888
10148,1014.8,6561.690953454053,-4178.16557989273,6378.357273198864,-4042.8445702004346,2.075068383551047,85837.21841029418,0,0,11.363761901855469,14.596944444444444
10149,1014.9,6562.902472920352,-4179.022739971573,6379.410417702753,-4043.425761197822,2.075068383551047,86199.34352943033,0,0,12.693638801574707,14.843055555555555
10150,1015.0,6564.080151060774,-4179.879900050415,6380.566284990227,-4044.063641051132,2.075068383551047,86595.03368793454,0,0,13.710299491882324,14.613888888888889
10151,1015.099,6565.284902261896,-4180.703664283212,6381.758836111991,-4044.721765338287,2.075068383551047,86996.18790287993,0,0,13.806793212890625,14.608888888888888
10152,1015.2,6566.503189993375,-4181.538560463635,6382.96787515725,-4045.3889886927263,2.075068383551047,87400.84203811092,0,0,13.538317680358887,14.745
10153,1015.3,6567.728245990018,-4182.36232469564,6384.152387325892,-4046.0426765828197,2.075068383551047,87800.72828767532,0,0,13.519967079162598,14.761944444444444
10154,1015.4,6568.966838517018,-4183.197220876855,6385.320314961174,-4046.6872120902635,2.075068383551047,88193.20319681418,0,0,13.159470558166504,14.898888888888889
10155,1015.5,6570.191894513676,-4184.00985315965,6386.478037127987,-4047.3261155819905,2.075068383551047,88587.69334116105,0,0,13.286839485168457,14.723888888888888
10156,1015.6,6571.41018224514,-4184.833617391656,6387.622334068077,-4047.957610194043,2.075068383551047,88973.89920242308,0,0,12.852792739868164,14.689999999999998
10157,1015.7,6572.64877477214,-4185.668513572079,6388.761504978352,-4048.5862759422785,2.075068383551047,89365.99497256249,0,0,13.169743537902832,14.893888888888888
10158,1015.8,6573.88736729914,-4186.492277803293,6389.904335424033,-4049.2169612510065,2.075068383551047,89755.70099170163,0,0,12.936388969421387,14.94
10159,1015.899,6575.12595982614,-4187.316042036089,6391.03459431207,-4049.840708788043,2.075068383551047,90146.03920153074,0,0,13.143363952636719,14.843055555555555
10160,1015.999,6576.3780888834835,-4188.139806267303,6392.185164109242,-4050.4756651549164,2.075068383551047,90542.65972331821,0,0,13.139561653137207,14.983055555555554
10161,1016.1,6577.6166814104845,-4188.9635705001,6393.333474904267,-4051.109374863135,2.075068383551047,90937.03416454485,0,0,12.83204460144043,14.924999999999999
10162,1016.2,6578.868810467827,-4189.809598629733,6394.457046041339,-4051.7294316809594,2.075068383551047,91326.67032122677,0,0,12.834139823913574,15.046944444444444
10163,1016.3,6580.1141712600065,-4190.633362861738,6395.567893866752,-4052.3424669797364,2.075068383551047,91710.48976192396,0,0,12.541400909423828,14.976111111111111
10164,1016.4,6581.379836847707,-4191.457127093743,6396.660377050766,-4052.945367520927,2.075068383551047,92090.42867829946,0,0,12.414628982543945,15.04888888888889
10165,1016.5,6582.652270700587,-4192.280891324957,6397.741103940231,-4053.5417802035854,2.075068383551047,92467.19843461672,0,0,12.272847175598145,15.163055555555555
10166,1016.6,6583.911168023108,-4193.115787506172,6398.82659561101,-4054.1408223905464,2.075068383551047,92849.92773674402,0,0,12.523472785949707,15.091111111111111
10167,1016.7,6585.190370141151,-4193.950683687386,6399.921668194892,-4054.745151924516,2.075068383551047,93234.69287004143,0,0,12.491707801818848,15.30888888888889
10168,1016.799,6586.469572259165,-4194.796711817019,6401.00306808451,-4055.3419360107464,2.075068383551047,93615.69525432673,0,0,12.460665702819824,15.25
10169,1016.9,6587.7487743772535,-4195.620476049025,6402.1015172714515,-4055.948128965446,2.075068383551047,94003.38524746914,0,0,12.383209228515625,15.243888888888888
10170,1017.0,6589.027976495297,-4196.466504179448,6403.17135610687,-4056.538532938979,2.075068383551047,94379.9450414268,0,0,12.055546760559082,15.303888888888888
10171,1017.1,6590.30717861334,-4197.290268410663,6404.203766249328,-4057.108281419071,2.075068383551047,94742.74447827598,0,0,11.528210639953613,15.254999999999999
10172,1017.199,6591.586380731383,-4198.1362965418775,6405.199812395806,-4057.6579619720983,2.075068383551047,95097.19097616334,0,0,11.45469856262207,15.286944444444444
10173,1017.3,6592.858814584262,-4199.004588569139,6406.211735177208,-4058.216404245148,2.075068383551047,95458.6060262767,0,0,11.432188987731934,15.396944444444445
10174,1017.399,6594.117711906784,-4199.884012546399,6407.195750072812,-4058.759445201549,2.075068383551047,95809.87253874498,0,0,11.273109436035156,15.36888888888889
10175,1017.5,6595.383377494471,-4200.741172625242,6408.20951250751,-4059.318902710334,2.075068383551047,96176.90428505256,0,0,11.655385971069336,15.27611111111111
10176,1017.599,6596.649043082185,-4201.609464654085,6409.227464056314,-4059.8806720342554,2.075068383551047,96544.75411913605,0,0,11.832971572875977,15.33
10177,1017.7,6597.935013465392,-4202.444360834508,6410.28203935267,-4060.462652632403,2.075068383551047,96926.83257190848,0,0,12.018597602844238,15.339999999999998
10178,1017.8,6599.214215583451,-4203.290388964932,6411.343799338989,-4061.048598191779,2.075068383551047,97312.765547803,0,0,12.235610008239746,15.333888888888888
10179,1017.9,6600.47988117115,-4204.147549043775,6412.440562981671,-4061.653860957748,2.075068383551047,97715.5747189531,0,0,12.81820011138916,15.268055555555556
10180,1018.0,6601.759083289195,-4205.004709123408,6413.532670347009,-4062.2565540986902,2.075068383551047,98106.86385339312,0,0,12.129244804382324,15.358055555555556
10181,1018.1,6603.011212346552,-4205.884133100669,6414.598206304895,-4062.8445834753134,2.075068383551047,98496.14558727907,0,0,12.21121883392334,15.333055555555555
10182,1018.2,6604.263341403911,-4206.76355707793,6415.672990399759,-4063.4377165522687,2.075068383551047,98890.22654052108,0,0,12.340503692626953,15.299999999999999
10183,1018.3,6605.53577525676,-4207.598453258354,6416.761263846816,-4064.038293897343,2.075068383551047,99290.7192703841,0,0,12.51936149597168,15.266944444444446
10184,1018.4,6606.808209109639,-4208.466745286406,6417.863110810748,-4064.6463619578712,2.075068383551047,99696.86259847548,0,0,12.650568962097168,15.346944444444444
10185,1018.5,6608.073874697326,-4209.323905366039,6418.974964854974,-4065.259952551115,2.075068383551047,100107.49499444896,0,0,12.747957229614258,15.31388888888889
10186,1018.6,6609.33954028504,-4210.169933495673,6420.10679089395,-4065.884564940044,2.075068383551047,100528.96513728629,0,0,13.106797218322754,15.299999999999999
10187,1018.7,6610.605205872741,-4211.015961625306,6421.299758440091,-4066.542919036212,2.075068383551047,100980.79775020189,0,0,14.144637107849121,15.288888888888888
10188,1018.8,6611.877639725621,-4211.873121704939,6422.54981335255,-4067.232777511168,2.075068383551047,101447.92443896011,0,0,14.410866737365723,15.354999999999999
10189,1018.9,6613.136537048127,-4212.719149835363,6423.808574132628,-4067.927440428312,2.075068383551047,101916.39337888971,0,0,14.34350872039795,15.128055555555557
10190,1019.0,6614.402202635828,-4213.576309914205,6425.0629019473035,-4068.6196569579242,2.075068383551047,102384.98193329923,0,0,14.309602737426758,15.293055555555554
10191,1019.1,6615.661099958349,-4214.41120609542,6426.313526683039,-4069.309829896999,2.075068383551047,102853.44826257582,0,0,14.258917808532715,15.15111111111111
10192,1019.2,6616.933533811229,-4215.257234224262,6427.559561020332,-4069.997469567145,2.075068383551047,103321.58164051667,0,0,14.204742431640625,15.294999999999998
10193,1019.299,6618.178894603393,-4216.125526253105,6428.780877559525,-4070.671468410531,2.075068383551047,103780.09050016009,0,0,13.97608757019043,15.188055555555556
10194,1019.4,6619.4580967214515,-4217.027214129575,6430.013116374725,-4071.35149484886,2.075068383551047,104245.57017231396,0,0,13.89373779296875,15.603055555555557
10195,1019.5,6620.7372988394945,-4217.8621103099995,6431.222374211832,-4072.018838946324,2.075068383551047,104702.92959054156,0,0,13.729822158813477,15.399999999999999
10196,1019.599,6622.0368057530595,-4218.619082846748,6432.409999768518,-4072.674244998641,2.075068383551047,105154.4412285038,0,0,13.673617362976074,15.22611111111111
10197,1019.7,6623.322776136281,-4219.431715129544,6433.614352207507,-4073.338881990656,2.075068383551047,105613.15811039625,0,0,13.565495491027832,15.209999999999999
10198,1019.8,6624.608746519503,-4220.322271056015,6434.80125363441,-4073.993888422874,2.075068383551047,106067.38270695308,0,0,13.547368049621582,15.468055555555555
10199,1019.9,6625.915021698247,-4221.134903338811,6435.976603918173,-4074.642520211937,2.075068383551047,106516.3235474014,0,0,13.301628112792969,15.41388888888889
10200,1020.0,6627.2009920814835,-4222.025459265281,6429.649783460973,-4089.9907718489562,2.1052074817247357,31385.53719011999,0,1,13.213807106018066,15.523055555555556
10201,1020.1,6628.507267260212,-4222.804695701239,6429.412887121319,-4098.08972084619,2.108982238494499,20454.076283208,0,1,13.1517333984375,15.373055555555556
10202,1020.2,6629.800005908658,-4223.706383576128,6431.865351042522,-4105.537114905138,2.1117658311008443,12433.020050788886,0,1,13.342090606689453,15.668055555555556
10203,1020.3,6631.106281087372,-4224.530147808133,6438.641328421861,-4113.340232436352,2.113585512703166,7114.866113956602,0,1,13.126104354858398,15.473055555555556
10204,1020.4,6632.405788000951,-4225.442967633024,6452.588458322837,-4123.56579101993,2.1146174205887145,3891.363609272053,0,1,13.063226699829102,15.746111111111112
10205,1020.5,6633.712063179679,-4226.300127711866,6475.047653747681,-4137.256643074194,2.114928686359441,2071.344734135705,0,1,12.999637603759766,15.643055555555554
10206,1020.6,6635.018338358438,-4227.112759994661,6497.83065691566,-4150.354950168782,2.1147883566086745,1079.8362269455854,0,1,12.604229927062988,15.491944444444444
10207,1020.7,6636.3246135371965,-4227.981052022713,6520.663465121696,-4163.289468425315,2.114448194492265,540.5370590306238,0,1,12.24502182006836,15.648055555555555
10208,1020.8,6637.610583920404,-4229.027455236534,6543.4565262598035,-4176.26006379356,2.134935335775813,251.0812058219501,0,1,12.292160034179688,16.161944444444444
10209,1020.899,6638.889786038461,-4230.073858449563,6566.254849611549,-4189.191456813224,2.134439934821715,108.87688513902093,0,1,12.187226295471191,16.35611111111111
10210,1021.0,6640.175756421683,-4231.03120607129,6589.049699190717,-4202.149936276263,2.13340359373287,45.00466436929448,0,1,12.01359748840332,16.171944444444446
10211,1021.101,6641.488799865605,-4231.999685640645,6611.809203428589,-4215.144550946219,2.131179565613887,26.33974341440666,0,1,11.929688453674316,16.316944444444445
10212,1021.2,6642.828916370228,-4232.778922075812,6622.717510196014,-4221.382719996195,2.1292258290799833,19.54671579624696,0,1,11.522631645202637,15.893055555555556
10213,1021.3,6644.182569405208,-4233.669478002283,6629.145857728368,-4225.096998772221,2.1276347251925363,16.367774138232754,0,1,11.518157958984375,16.173055555555553
10214,1021.399,6645.509149379458,-4234.582297827173,6633.645318752778,-4227.734143861471,2.126389150154766,14.576224237120863,0,1,11.466136932373047,16.125
10215,1021.5,6646.869570679617,-4235.461721804434,6637.174141975956,-4229.821750793021,2.125356711156969,13.620325419934177,0,1,11.595027923583984,16.24611111111111
10216,1021.6,6648.229991979746,-4236.352277730113,6640.129082103738,-4231.6476171383565,2.141237082687949,12.488061857467791,0,1,13.033879280090332,16.26388888888889
10217,1021.7,6649.563340219204,-4237.30962535105,6642.795781363181,-4233.284552882887,2.140782006224205,12.483078639427022,0,1,14.088579177856445,16.266111111111112
10218,1021.8,6650.903456723827,-4238.233577125148,6645.19955596044,-4234.779697725028,2.1404390094633445,12.140428264505047,0,1,13.750466346740723,16.323055555555555
10219,1021.9,6652.243573228449,-4239.1575288976655,6647.3552733895995,-4236.136258110376,2.1402464801468515,11.764076980122125,0,1,13.111348152160645,16.266111111111112
10220,1021.999,6653.597226263413,-4240.0703487225555,6649.320731500109,-4237.383612993066,2.1401694286923107,11.643062776494292,0,1,13.009244918823242,16.36
10221,1022.099,6654.964415828751,-4240.983168547445,6651.181442520551,-4238.572590814368,2.1401848275651645,11.62560579795978,0,1,13.024584770202637,16.41
10222,1022.201,6656.311300598522,-4241.907120320752,6652.969376849971,-4239.726611131618,2.1403503548107943,11.639590366932474,0,1,12.993886947631836,16.368888888888886
10223,1022.3,6657.685258429024,-4242.786544298014,6654.649816412025,-4240.810196836905,2.1404850430368145,11.564987491036943,0,1,12.84737777709961,16.32111111111111
10224,1022.4,6659.045679729183,-4243.710496072113,6656.264274782816,-4241.904138643729,2.1482782729053076,10.809435195499896,0,1,13.015188217163086,16.356944444444444
10225,1022.5,6660.399332764133,-4244.6121839470015,6657.849043633924,-4242.939571882891,2.1483815651398595,10.745771736009646,0,1,12.815671920776367,16.27388888888889
10226,1022.599,6661.766522329456,-4245.513871822682,6659.387056609193,-4243.94612787041,2.1484844156153753,10.837363276691256,0,1,13.010830879211426,16.32611111111111
10227,1022.7,6663.133711894823,-4246.404427749152,6660.92223744108,-4244.950054645002,2.148564247359136,10.906768570155505,0,1,13.012653350830078,16.345
10228,1022.8,6664.494133194922,-4247.306115624832,6662.419687637823,-4245.931519677509,2.1486606204998995,10.960434490739422,0,1,13.028951644897461,16.31888888888889
10229,1022.899,6665.841017964739,-4248.218935448141,6663.882453921111,-4246.895744601139,2.1488181801488997,10.992410812643579,0,1,13.01866340637207,16.293055555555554
10230,1023.0,6667.208207530047,-4249.0983594261925,6665.353268268684,-4247.861363290227,2.1489191012418494,11.113115648950252,0,1,13.167946815490723,16.278055555555557
10231,1023.1,6668.548324034668,-4250.03344314871,6666.809545266388,-4248.827513121819,2.149149482329681,11.280055528529953,0,1,13.49575138092041,16.305
10232,1023.2,6669.881672274128,-4250.9462629736,6668.258308248772,-4249.809480828004,2.1519099697777717,10.72007377389966,0,1,13.744405746459961,16.20388888888889
10233,1023.299,6671.24209357427,-4251.83681890007,6669.716714843226,-4250.779470636495,2.1520639399116055,10.902613049995074,0,1,14.3131103515625,16.316944444444445
10234,1023.4,6672.588978344057,-4252.749638724168,6671.2069949858505,-4251.773577337105,2.1522499153613404,11.091503356896636,0,1,14.602571487426758,16.25
10235,1023.499,6673.942631379037,-4253.662458549058,6672.688140947094,-4252.763488015557,2.1524557971701204,11.389186289023378,0,1,15.297250747680664,16.298055555555557
10236,1023.6,6675.28274788366,-4254.553014474737,6674.144826742867,-4253.736481591851,2.152649722317868,11.044162947894483,0,1,13.963583946228027,16.23111111111111
10237,1023.7,6676.649937448982,-4255.465834299627,6675.509092491137,-4254.648723034582,2.152841183936639,10.909432336242146,0,1,13.36866283416748,16.371111111111112
10238,1023.8,6677.976517423246,-4256.378654123726,6676.875219920535,-4255.567045430114,2.153091398641862,11.236938335420334,0,1,14.203815460205078,16.14388888888889
10239,1023.9,6679.3234021930475,-4257.291473949406,6678.2360881459235,-4256.483558536741,2.153360338593479,10.996561484126152,0,1,13.315343856811523,16.27611111111111
10240,1023.999,6680.649982167312,-4258.215425721924,6679.530702455619,-4257.378286173622,2.156174236883337,10.363903717687826,0,1,12.96190071105957,16.208888888888886
10241,1024.1,6681.983330406757,-4259.17277334286,6680.851024967153,-4258.283563449129,2.156499438007669,10.456246388748266,0,1,13.171306610107422,16.33888888888889
10242,1024.2,6683.316678646215,-4260.096725116959,6682.168052488328,-4259.188904604221,2.1568457328563566,10.48762808218974,0,1,13.076688766479492,16.268055555555556
10243,1024.299,6684.650026885659,-4261.009544941848,6683.483315658302,-4260.092883264734,2.157189240264715,10.600507654726739,0,1,13.323018074035645,16.206944444444442
10244,1024.4,6685.9833751251035,-4261.933496714365,6684.818073493293,-4261.011747509662,2.1575535658531075,10.594536991324324,0,1,13.020596504211426,16.22888888888889
10245,1024.5,6687.323491629725,-4262.868580437674,6686.138644836447,-4261.923932781497,2.1579483630414473,10.691833467976531,0,1,13.164139747619629,16.32
10246,1024.599,6688.65007160399,-4263.8147961094,6687.441720585344,-4262.830311237719,2.158409386965953,10.618238884213879,0,1,12.772171974182129,16.265
10247,1024.699,6689.9901881086125,-4264.749879831917,6688.7492869224425,-4263.741025365754,2.158884934366199,10.703777833092289,0,1,12.866569519042969,16.313055555555554
10248,1024.8,6691.323536348071,-4265.684963553644,6690.060293763295,-4264.6862399741385,2.1642634143437665,10.280667315269419,0,1,12.89062213897705,16.288055555555555
10249,1024.9,6692.663652852692,-4266.631179226161,6691.3823798789945,-4265.611467697449,2.1646121820775557,10.329293414010836,0,1,12.98597526550293,16.371111111111112
10250,1025.0,6693.990232826958,-4267.599658795516,6692.699655500015,-4266.541108480494,2.165034069662756,10.330359646499915,0,1,12.746539115905762,16.331944444444446
10251,1025.1,6695.31004453606,-4268.5570064172425,6693.998517562734,-4267.463430509258,2.1655068670197313,10.313437579907339,0,1,12.455183982849121,16.303055555555556
10252,1025.199,6696.629856245146,-4269.525485986598,6695.266581263617,-4268.37107430409,2.166041740412658,10.241847120749881,0,1,12.027626991271973,16.378888888888888
10253,1025.3,6697.956436219425,-4270.460569709116,6696.536062529043,-4269.278234720582,2.1665588877892463,10.23148271635803,0,1,11.730222702026367,16.22
10254,1025.4,6699.283016193689,-4271.417917330052,6697.800797927544,-4270.184801361336,2.1671021211935737,10.312399534280239,0,1,11.869522094726562,16.301944444444445
10255,1025.5,6700.6028279027905,-4272.386396900197,6699.069177118389,-4271.098806043033,2.167697765754117,10.282612123031527,0,1,11.58884048461914,16.368888888888886
10256,1025.599,6701.922639611922,-4273.321480622714,6700.339559751737,-4272.046675475288,2.174202349964336,10.094521952294825,0,1,12.402936935424805,16.208888888888886
10257,1025.7,6703.2627561165145,-4274.245432396813,6701.7115775410375,-4273.024560582567,2.174534681258469,10.374158224661597,0,1,13.318735122680664,16.325
10258,1025.799,6704.582567825601,-4275.180516118539,6703.118793842201,-4274.026124019011,2.174861174600758,10.688211822466059,0,1,14.227128028869629,16.15611111111111
10259,1025.9,6705.90914779988,-4276.137863740267,6704.5564871059705,-4275.0513339666795,2.175216558204262,10.738724546559869,0,1,14.025626182556152,16.34888888888889
10260,1026.0,6707.215422978623,-4277.039551615156,6705.916918107529,-4276.017946157546,2.175517583055276,10.492207190713318,0,1,12.892809867858887,15.941944444444445
10261,1026.099,6708.542002952902,-4277.996899236092,6707.211481669298,-4276.941913177108,2.1758476321104454,10.441518143288468,0,1,12.545975685119629,16.33388888888889
10262,1026.2,6709.888887722689,-4278.898587111772,6708.5584277761545,-4277.892229618202,2.1760694416062734,10.841074557038036,0,1,13.63333511352539,16.228055555555557
10263,1026.3,6711.195162901448,-4279.811406935871,6709.925491798461,-4278.8551264504285,2.1762756176378044,10.897600509743988,0,1,13.590583801269531,16.021944444444443
10264,1026.399,6712.5352794060545,-4280.72422676076,6711.284018259593,-4279.811554285462,2.177176169355178,10.485325272723417,0,1,13.860937118530273,16.176111111111112
10265,1026.5,6713.861859380336,-4281.6370465848595,6712.653744140594,-4280.768230014292,2.1772506291353144,10.437200508956849,0,1,13.454625129699707,16.12611111111111
10266,1026.599,6715.181671089422,-4282.52760251133,6713.984402726933,-4281.6923539291665,2.1772695646070637,10.507277521826795,0,1,13.511162757873535,15.963888888888889
10267,1026.7,6716.51501932888,-4283.440422336219,6715.355151741523,-4282.641967676015,2.1772630640000674,10.750359061176008,0,1,14.049972534179688,16.16111111111111
10268,1026.8,6717.834831037981,-4284.353242160318,6716.74365229876,-4283.603608915249,2.1772516475870303,10.978359336946822,0,1,14.54692268371582,16.04888888888889
10269,1026.9,6719.1614110122455,-4285.221534188369,6718.159518553774,-4284.5751837037515,2.177137746606103,11.252390482992464,0,1,15.1314697265625,15.948888888888888
10270,1027.0,6720.501527516867,-4286.112090114841,6719.6044435141175,-4285.561545292089,2.176957585793554,11.555367531758698,0,1,15.744377136230469,16.021944444444443
10271,1027.1,6721.828107491133,-4286.969250194474,6721.074295975928,-4286.556248401535,2.1766636911132564,11.894659771196755,0,1,16.40407371520996,15.898888888888887
10272,1027.2,6723.13438266989,-4287.859806120153,6722.536327882019,-4287.526640662213,2.17355400840904,11.135800661284412,0,1,16.01808738708496,15.845
10273,1027.3,6724.454194378976,-4288.772625945042,6723.954015001851,-4288.489068705471,2.1734098439693845,11.182530131747184,0,1,16.009862899780273,16.058055555555555
10274,1027.399,6725.774006088079,-4289.629786023885,6725.315093910581,-4289.4054017534445,2.1731893729423044,11.001280516200172,0,1,15.141960144042969,15.78888888888889
10275,1027.5,6727.066744736464,-4290.531473899565,6726.673441121069,-4290.325280780695,2.173028847318247,11.252272834486908,0,1,15.633612632751465,15.8
10276,1027.6,6728.38655644558,-4291.444293723664,6728.0263201270745,-4291.24463845441,2.172904993025128,11.28513852048751,0,1,15.475142478942871,16.005
10277,1027.699,6729.706368154666,-4292.3125857525065,6729.355165742792,-4292.1421420618135,2.172718435938597,11.323910734553369,0,1,15.395156860351562,15.838888888888889
10278,1027.799,6731.005875068245,-4293.192009729768,6730.687756531974,-4293.042269676086,2.1725325500138455,11.409313662333455,0,1,15.409699440002441,15.755
10279,1027.899,6732.312150246989,-4294.071433707029,6732.012657055781,-4293.936312645334,2.172337133233838,11.44487947700741,0,1,15.291485786437988,15.723055555555556
10280,1027.999,6733.625193690911,-4294.939725735081,6733.313128215146,-4294.7984636305255,2.1704792068548624,10.697364513332127,0,1,14.591262817382812,15.761111111111111
10281,1028.1,6734.938237134833,-4295.84141360997,6734.576838341848,-4295.6502310518845,2.170350895460515,10.587367098082547,0,1,14.009735107421875,15.883888888888889
10282,1028.2,6736.210670987713,-4296.709705638812,6735.7989846152295,-4296.4752676204525,2.170241442926745,10.545411250181646,0,1,13.631799697875977,15.478888888888887
10283,1028.3,6737.510177901277,-4297.5891296160735,6737.018533916186,-4297.298662905746,2.170133804956253,10.58386342551827,0,1,13.566621780395508,15.62
10284,1028.4,6738.7961482845,-4298.468553593335,6738.251179401498,-4298.132770331451,2.170045351274775,10.67792482442923,0,1,13.696949005126953,15.551111111111112
10285,1028.5,6740.0550456070205,-4299.359109519015,6739.501837654469,-4298.985958230446,2.1700313755962357,10.819486574362347,0,1,13.970582962036133,15.381944444444445
10286,1028.601,6741.313942929543,-4300.227401547067,6740.751442513929,-4299.8401102548705,2.17003668754604,10.715486965448637,0,1,13.351839065551758,15.271944444444443
10287,1028.7,6742.5660719868865,-4301.0956935759095,6741.9546465994545,-4300.664803228544,2.1700676992932695,10.695486244421092,0,1,13.161981582641602,15.258888888888889
10288,1028.8,6743.797896248723,-4301.952853654751,6743.161973819442,-4301.500494053793,2.171029475147841,10.274338633356857,0,1,13.152148246765137,14.961944444444445
10289,1028.9,6745.029720510559,-4302.787749835967,6744.385231671716,-4302.339325310984,2.171044910347951,10.37529553836625,0,1,13.441215515136719,14.911944444444444
10290,1029.0,6746.2209351813235,-4303.611514067971,6745.607041074709,-4303.178424463577,2.1710723664483718,10.398685874214765,0,1,13.263778686523438,14.50111111111111
10291,1029.1,6747.432454647624,-4304.424146349977,6746.8275955808285,-4304.0132669067525,2.171065972454081,10.515271135009169,0,1,13.450566291809082,14.61111111111111
10292,1029.199,6748.630437583582,-4305.214514735935,6748.034101799973,-4304.833347279445,2.1710063877739936,10.509325524200888,0,1,13.229602813720703,14.39388888888889
10293,1029.3,6749.82165225436,-4306.0271470179405,6749.246576493806,-4305.657950024581,2.170950789821147,10.573314043274836,0,1,13.15867805480957,14.408055555555555
10294,1029.399,6750.985793864424,-4306.8175154023165,6750.428752622994,-4306.461538396413,2.1708916967733813,10.60618439520371,0,1,13.11080265045166,14.183888888888887
10295,1029.5,6752.143167209323,-4307.585619889066,6751.618131164896,-4307.266661687577,2.170794473427575,10.638955713763275,0,1,12.951593399047852,13.998888888888889
10296,1029.599,6753.293772289045,-4308.353724375816,6752.76836983862,-4308.0430162449575,2.170674372404937,10.598173837081497,0,1,12.678237915039062,13.87388888888889
10297,1029.7,6754.410536042901,-4309.121828861773,6753.909063971054,-4308.80762369287,2.1693386473744614,10.090465518678549,0,1,12.220980644226074,13.58611111111111
10298,1029.8,6755.513763266401,-4309.856537500894,6755.013827300728,-4309.553096669763,2.169262047165528,10.092911104936423,0,1,12.147418022155762,13.38888888888889
10299,1029.9,6756.603453959542,-4310.591246140806,6756.114720747784,-4310.2957253893055,2.169183720206797,10.153390362451201,0,1,12.179098129272461,13.208888888888888
10300,1029.999,6757.672839857178,-4311.325954779926,6757.207494529999,-4311.035112908431,2.1691273917319345,10.22770485915977,0,1,12.311368942260742,12.999999999999998
10301,1030.1,6758.715152694099,-4312.049531469838,6758.32210930665,-4311.792578448106,2.16910275735591,10.369086367497099,0,1,12.554397583007812,12.73
10302,1030.199,6759.743929000675,-4312.76197621054,6759.4050781904125,-4312.530819055665,2.1691023712274156,10.345572756103424,0,1,12.304248809814453,12.566944444444445
10303,1030.3,6760.772705307254,-4313.441025104404,6760.489537205393,-4313.266146348374,2.1690605272193637,10.43425434253297,0,1,12.352169036865234,12.37
10304,1030.4,6761.767640287952,-4314.1312059474785,6761.538335152182,-4313.979919335091,2.169048454187658,10.3726331959288,0,1,11.945266723632812,12.16611111111111
10305,1030.5,6762.749038738322,-4314.754595096087,6762.558939475234,-4314.666595386487,2.168949044449403,10.393427556098146,0,1,11.847517013549805,11.82111111111111
10306,1030.599,6763.730437188679,-4315.400248142323,6763.5502031972155,-4315.330638820551,2.168819732084905,10.330081560318233,0,1,11.512785911560059,11.705000000000002
10307,1030.7,6764.671226047977,-4316.023637290932,6764.536476023763,-4315.982468045492,2.1673647763429056,9.927806843940264,0,1,11.37332534790039,11.391111111111112
10308,1030.8,6765.6052466421115,-4316.64702643954,6765.493453636479,-4316.621698251395,2.16726630860406,9.911254451758978,0,1,11.224935531616211,11.261944444444444
10309,1030.9,6766.505425910367,-4317.203623892892,6766.419212253055,-4317.231914941911,2.1670952499353433,9.844142663376513,0,1,10.731585502624512,10.836944444444446
10310,1030.999,6767.371763852744,-4317.760221347827,6767.3048889104275,-4317.81246752862,2.1669007577785595,9.829990474521315,0,1,10.556811332702637,10.376111111111111
10311,1031.099,6768.231333529956,-4318.3279507503885,6768.1853475081325,-4318.390126429773,2.166711809083007,9.858240368076052,0,1,10.489171981811523,10.328888888888889
10312,1031.199,6769.070598411632,-4318.840020408485,6769.052099556605,-4318.9517364778385,2.166456115535661,9.866245446206516,0,1,10.347436904907227,10.043055555555556
10313,1031.3,6769.889558497788,-4319.3520900657895,6769.908397339315,-4319.50296435517,2.166166536916534,9.884822655223266,0,1,10.201580047607422,9.74388888888889
10314,1031.4,6770.667908992883,-4319.853027774677,6770.735832802463,-4320.034787577663,2.16587725219296,9.889127923006978,0,1,10.084188461303711,9.313888888888888
10315,1031.5,6771.4462594880115,-4320.331701585145,6771.545806282924,-4320.551029608049,2.1655481428536665,9.883137886555165,0,1,9.922502517700195,9.16388888888889
10316,1031.6,6772.1907686572295,-4320.788111496403,6772.331261859232,-4321.04765492761,2.165186627390301,9.854927099525066,0,1,9.679022789001465,8.85
10317,1031.699,6772.935277826461,-4321.244521409243,6773.091392567242,-4321.524684677438,2.164798297634036,9.844212846381716,0,1,9.569787979125977,8.718055555555555
10318,1031.799,6773.632409139474,-4321.678667423665,6773.840780326877,-4321.9940187601005,2.1644045888432055,9.853874709614145,0,1,9.46906566619873,8.298055555555555
10319,1031.899,6774.316003922143,-4322.090549539667,6774.574448007793,-4322.450085433953,2.163981120919287,9.873557047855636,0,1,9.420076370239258,8.028888888888888
10320,1032.0,6774.992830439633,-4322.480167757251,6775.321951948786,-4322.86958393314,2.1550969672055436,9.55284080493544,0,1,9.39814567565918,7.816944444444443
10321,1032.1,6775.6358156312435,-4322.847522076417,6776.024743510229,-4323.2950608056735,2.154767351114553,9.533188113324119,0,1,9.256124496459961,7.483888888888889
10322,1032.2,6776.2584960273325,-4323.192612497954,6776.699206806356,-4323.696675514239,2.1543910591249134,9.50204770797452,0,1,8.953301429748535,7.180000000000001
10323,1032.3,6776.84056683238,-4323.4931751234435,6777.341006344711,-4324.069520388838,2.1539480824081148,9.487591967909568,0,1,8.744491577148438,6.683888888888889
10324,1032.4,6777.415869372264,-4323.804869697352,6777.934990207406,-4324.407512462867,2.1534747799395575,9.341576313758644,0,1,7.888600826263428,6.563055555555555
10325,1032.5,6777.964098851401,-4324.105432322843,6778.485040937942,-4324.714988371726,2.1529892840434197,9.32167557852459,0,1,7.695616722106934,6.311111111111111
10326,1032.6,6778.492023535017,-4324.361467152286,6779.001031119327,-4324.993448940506,2.1524484748272634,9.208139741222977,0,1,7.009620666503906,5.9911111111111115
10327,1032.7,6778.999643423142,-4324.617501980148,6779.491538583431,-4325.25197577224,2.1518843244567147,9.217573613363255,0,1,7.000063419342041,5.731111111111112
10328,1032.799,6779.480190250567,-4324.829009012754,6779.971376949182,-4325.496388302851,2.1512597861712446,9.194177445121698,0,1,6.878416061401367,5.341111111111111
10329,1032.899,6779.933664017276,-4325.04051604536,6780.441983247062,-4325.73171533915,2.1506107050226793,9.18204431682197,0,1,6.715748310089111,5.065
10330,1033.0,6780.360064723286,-4325.252023078757,6780.896295774818,-4325.9567615664455,2.1499679363818376,9.167880959704501,0,1,6.487839698791504,4.75111111111111
10331,1033.1,6780.752624103431,-4325.419002313734,6781.307931544971,-4326.150586436597,2.149301813265095,9.069505261596253,0,1,5.910895824432373,4.413888888888889
10332,1033.2,6781.124878688056,-4325.585981550294,6781.667527499909,-4326.309996709017,2.1486452904831235,8.950903586185335,0,1,5.181804180145264,4.143055555555555
10333,1033.3,6781.456523681622,-4325.741828836852,6781.970632506366,-4326.434906345645,2.148029965856086,8.836473540907553,0,1,4.427539825439453,3.6830555555555557
10334,1033.4,6781.767863879667,-4325.864280276574,6782.211325580057,-4326.517828771898,2.147433931716923,8.696519253539046,0,1,3.361217498779297,3.4038888888888885
10335,1033.5,6782.045362751833,-4325.997863666296,6782.4051592941,-4326.574817044383,2.1469096378315307,8.639266342703891,0,1,2.9211034774780273,3.136944444444444
10336,1033.6,6782.2822520329555,-4326.098051207599,6782.58205453327,-4326.623424148651,2.1464375290368305,8.605481720276922,0,1,2.678929328918457,2.6380555555555554
10337,1033.7,6782.498836518542,-4326.198238748902,6782.744937436467,-4326.667309989379,2.14602536224524,8.56658369354409,0,1,2.3383960723876953,2.3719444444444444
10338,1033.8,6782.688347943443,-4326.276162394159,6782.897379795693,-4326.707269806745,2.145657424692632,8.551940521081642,0,1,2.2584781646728516,2.086111111111111
10339,1033.899,6782.844018042465,-4326.342954087833,6783.0459517487125,-4326.74893359448,2.1453350970143985,8.532769566861328,0,1,2.2578554153442383,1.7330555555555556
10340,1034.0,6782.992919876325,-4326.409745782298,6783.197872950893,-4326.796806129725,2.1450509500961354,8.548254385294381,0,1,2.2647247314453125,1.5969444444444443
10341,1034.1,6783.114748649453,-4326.465405528346,6783.34354234246,-4326.845142380446,2.1448022402779614,8.543191716033034,0,1,2.265697479248047,1.376111111111111
10342,1034.2,6783.236577422611,-4326.521065272811,6783.479137371667,-4326.890713874013,2.1445819596802917,8.526200970797165,0,1,2.08914852142334,1.3019444444444446
10343,1034.299,6783.344869665411,-4326.587856967277,6783.599765948729,-4326.933067771003,2.1444021328229943,8.504436568373196,0,1,2.0062808990478516,1.26
10344,1034.4,6783.453161908213,-4326.621252814904,6783.717367653045,-4326.973230421202,2.144226680904951,8.520010343568016,0,1,1.9819345474243164,1.1469444444444443
10345,1034.5,6783.534381090298,-4326.654648661743,6783.825390111074,-4327.009955966001,2.144068934671718,8.51339975035722,0,1,1.9428424835205078,0.9330555555555555
10346,1034.6,6783.615600272398,-4326.676912560161,6783.928427384979,-4327.043919116655,2.143916358557039,8.51462431611465,0,1,1.9645624160766602,0.8738888888888889
10347,1034.7,6783.676514658977,-4326.710308406998,6784.02807881405,-4327.080063688937,2.1437856371402155,8.52180201077915,0,1,2.0426502227783203,0.6669444444444443
10348,1034.801,6783.737429045543,-4326.732572305416,6784.12745093718,-4327.1178014527895,2.1436631124737247,8.541480146797646,0,1,2.0983352661132812,0.5980555555555556
10349,1034.9,6783.764502106243,-4326.754836203045,6784.215138779313,-4327.153155525902,2.1435640364926876,8.52745744806785,0,1,2.1265058517456055,0.39499999999999996
10350,1035.0,6783.8051116973,-4326.799364000673,6784.298755614751,-4327.192368768482,2.143494711117379,8.536080819853137,0,1,2.1598758697509766,0.43805555555555553
10351,1035.1,6783.845721288342,-4326.832759847511,6784.378374713567,-4327.23259482586,2.1434416017164195,8.545017525285486,0,1,2.21321964263916,0.43
10352,1035.199,6783.866026083864,-4326.855023745138,6784.442647357378,-4327.266263700726,2.1434042189248035,8.517000331889815,0,1,2.037722587585449,0.2869444444444444
10353,1035.3,6783.886330879385,-4326.866155695139,6784.496881475755,-4327.294395772712,2.143371132249541,8.539818444371974,0,1,2.054718017578125,0.17805555555555552
10354,1035.4,6783.893099144564,-4326.877287643557,6784.54451362697,-4327.320504997873,2.1433487917751317,8.545424372482813,0,1,2.1115827560424805,0.0811111111111111
10355,1035.5,6783.886330879385,-4326.888419591976,6784.58279581825,-4327.343891047453,2.1433429086977775,8.540144544870484,0,1,2.041942596435547,0.028055555555555525
10356,1035.599,6783.886330879385,-4326.8995515419765,6784.614385791776,-4327.365006749277,2.1433473980373563,8.539197016580703,0,1,2.135603904724121,0.045
10357,1035.7,6783.886330879385,-4326.8995515419765,6784.6480865909625,-4327.3873611152085,2.1433512457252326,8.56472331846751,0,1,2.1713685989379883,0.006944444444444445
10358,1035.8,6783.893099144564,-4326.910683490395,6784.678595847219,-4327.408670402061,2.1433605540737846,8.569736286077848,0,1,2.2127676010131836,0.023055555555555555
10359,1035.9,6783.893099144564,-4326.921815439604,6784.706267426984,-4327.429716360438,2.143378664891061,8.574790762019045,0,1,2.2324142456054688,0.016944444444444443
10360,1035.999,6783.893099144564,-4326.921815439604,6784.729432349377,-4327.447329150632,2.1433941430973915,8.566880457105984,0,1,2.2515392303466797,0.021944444444444444
10361,1036.1,6783.893099144564,-4326.932947388814,6784.750991482802,-4327.465309233242,2.1434180226079182,8.583869973377869,0,1,2.213372230529785,0.023055555555555555
10362,1036.199,6783.899867409744,-4326.932947388814,6784.765983026281,-4327.477664320169,2.143434076865924,8.57083991324047,0,1,2.215076446533203,0.009999999999999998
10363,1036.3,6783.899867409744,-4326.944079338023,6784.777270902092,-4327.489032650013,2.1434587006755508,8.577035406088173,0,1,2.098637580871582,0.009999999999999998
10364,1036.4,6783.899867409744,-4326.944079338023,6784.7838136350865,-4327.496671633267,2.143479518349098,8.585704614951927,0,1,2.1747970581054688,0.009999999999999998
10365,1036.499,6783.899867409744,-4326.9552112872325,6784.7906283482525,-4327.505755908601,2.143508455490387,8.57408958999869,0,1,2.17303466796875,0.015
10366,1036.6,6783.899867409744,-4326.966343236441,6784.800980468588,-4327.518199156971,2.1435446404320375,8.602513148881027,0,1,2.2282543182373047,0.024999999999999998
10367,1036.7,6783.899867409744,-4326.97747518486,6784.811178188551,-4327.5314362637355,2.143587254348839,8.606862014658223,0,1,2.260125160217285,0.021111111111111112
10368,1036.8,6783.906635674908,-4326.97747518486,6784.823793573918,-4327.544423045538,2.143618933976809,8.616929597627559,0,1,2.312288284301758,0.01388888888888889
10369,1036.899,6783.906635674908,-4326.97747518486,6784.833922890257,-4327.555008087792,2.143645935780676,8.602923931830649,0,1,2.286592483520508,0.008888888888888889
10370,1036.999,6783.906635674908,-4326.98860713407,6784.844086718853,-4327.566791850363,2.1436815336059656,8.615848577233148,0,1,2.316404342651367,0.003888888888888861
10371,1037.1,6783.906635674908,-4326.98860713407,6784.851718222709,-4327.576095937411,2.143711822055882,8.62115365294219,0,1,2.2249021530151367,0.011944444444444443
10372,1037.2,6783.913403940086,-4326.98860713407,6784.855139236111,-4327.581244978849,2.143732354594136,8.62317133444163,0,1,2.2446632385253906,0.019999999999999997
10373,1037.3,6783.913403940086,-4326.98860713407,6784.857202538666,-4327.585036463277,2.143749706403161,8.618380997958697,0,1,2.2013158798217773,0.01388888888888889
10374,1037.4,6783.913403940086,-4326.98860713407,6784.858436240143,-4327.587890073716,2.143764363957391,8.624625573424485,0,1,2.2300453186035156,0.003888888888888861
10375,1037.5,6783.920172205235,-4326.98860713407,6784.857786468938,-4327.588470347855,2.143771449323581,8.610505404872475,0,1,2.1214160919189453,0.009999999999999998
10376,1037.6,6783.920172205235,-4326.98860713407,6784.852420177091,-4327.585844012432,2.1437773886498066,8.607978968793443,0,1,2.09249210357666,0.018055555555555557
10377,1037.7,6783.920172205235,-4326.98860713407,6784.844819735332,-4327.581639355864,2.1437823567799708,8.600943044805772,0,1,2.032634735107422,0.016944444444444443
10378,1037.8,6783.920172205235,-4326.98860713407,6784.836488993398,-4327.576849034063,2.1437865105522516,8.603035593026927,0,1,2.0361690521240234,0.018055555555555557
10379,1037.9,6783.920172205235,-4326.99973908328,6784.828769910646,-4327.574196006215,2.143803520901077,8.601157339906662,0,1,2.0113649368286133,0.018055555555555557
10380,1038.0,6783.920172205235,-4326.99973908328,6784.8231151509035,-4327.5724939262755,2.1438177891514987,8.610116300347817,0,1,2.0588998794555664,0.008055555555555528
10381,1038.099,6783.926940470444,-4326.99973908328,6784.820634464727,-4327.571798938955,2.1438244145079297,8.602083614510866,0,1,2.0782718658447266,0.009999999999999998
10382,1038.2,6783.926940470444,-4326.99973908328,6784.819923951754,-4327.57209955401,2.143830000980875,8.614829882588772,0,1,2.024148941040039,0.006944444444444445
10383,1038.3,6783.926940470444,-4326.99973908328,6784.8166046,-4327.570592491109,2.1438346960981858,8.616606138001105,0,1,2.0411033630371094,0.018055555555555557
10384,1038.4,6783.926940470444,-4326.99973908328,6784.815270419803,-4327.570262477475,2.143838652158384,8.621986641620577,0,1,2.064742088317871,0.0061111111111111106
10385,1038.5,6783.926940470444,-4326.99973908328,6784.817435198995,-4327.5721033969585,2.143841999749719,8.635465875608364,0,1,2.1341590881347656,0.021111111111111112
10386,1038.6,6783.933708735622,-4327.010871031697,6784.825529419186,-4327.5788156552135,2.1438536688280045,8.651603822132303,0,1,2.2119760513305664,0.026944444444444417
10387,1038.7,6783.933708735622,-4326.99973908328,6784.8386724785305,-4327.586702676292,2.14384877412285,8.673689743763514,0,1,2.3151559829711914,0.004999999999999999
10388,1038.8,6783.933708735622,-4326.99973908328,6784.85633566573,-4327.597603323228,2.143844566652115,8.694364174279972,0,1,2.401707649230957,0.019999999999999997
10389,1038.9,6783.933708735622,-4326.99973908328,6784.876749203187,-4327.6103596937055,2.143840941050279,8.713817977164831,0,1,2.4755992889404297,0.0030555555555555553
10390,1039.001,6783.933708735622,-4326.99973908328,6784.899644409659,-4327.624784671302,2.1438378108776055,8.742447259750493,0,1,2.524691581726074,0.008888888888888889
10391,1039.1,6783.940477000786,-4326.99973908328,6784.918799403067,-4327.636130317411,2.1438285111654842,8.731217782037534,0,1,2.5350942611694336,0.008055555555555528
10392,1039.199,6783.940477000786,-4326.99973908328,6784.936535971344,-4327.646726950287,2.1438205453798926,8.732779184046944,0,1,2.566957473754883,0.01888888888888889
10393,1039.3,6783.940477000786,-4326.99973908328,6784.956450527833,-4327.658865464258,2.1438137079102684,8.761860154617622,0,1,2.5874452590942383,0.003888888888888861
10394,1039.4,6783.940477000786,-4326.99973908328,6784.971177482428,-4327.667772689471,2.143807875073566,8.759082809354167,0,1,2.5632410049438477,0.009999999999999998
