relative_time_s,gt_east_m,gt_north_m,classical_east_m,classical_north_m,ai_east_m,ai_north_m,shared_heading_deg,classical_speed_mps,ai_forward_speed_mps,ref_speed_mps,classical_error_m,ai_error_m
0.0,242.88981197435425,1048.629603272487,242.88981197435425,1048.629603272487,242.88981197435425,1048.629603272487,9.075,11.466111111111111,12.616644,11.466111111111111,0.0,0.0
0.10099999999999909,243.07798924491897,1049.7650620776099,243.07404420151752,1049.775688408022,243.09210179047673,1049.9063422875465,8.933510937281419,11.520004853324053,12.980709,11.441944444444445,0.011335001785067677,0.14198331473053008
0.2009999999999934,243.27960774908783,1050.878256986687,243.2574836851147,1050.914376122249,243.29403171678328,1051.1894382777716,8.953850939008563,11.547377491535714,12.997059,11.388055555555555,0.04235641817294129,0.31151540373669145
0.3009999999999877,243.48122625325684,1051.9803199449725,243.44435505297724,1052.057404117741,243.50076409663708,1052.4848824437927,9.178163915802267,11.616782366310039,13.239713,11.15611111111111,0.08544855236613051,0.5049406326882531
0.40099999999998204,243.6694035238215,1053.104646802468,243.63625404712707,1053.2043401873193,243.71137307847337,1053.7884309315045,9.177304479109571,11.64080438920143,13.169337,11.323055555555557,0.10506026265056483,0.6850709296414484
0.5009999999999764,243.87774264480004,1054.1955778123354,243.83090119573657,1054.3495582488315,243.91701534838856,1055.0790456333427,8.927208401534982,11.592072288788453,12.968629,11.173055555555555,0.16094749508426204,0.8843402829242912
0.6009999999999991,244.08608176577863,1055.297640770621,244.03189826796688,1055.4916840583892,244.12122495630993,1056.3775166022606,8.947834882159697,11.601658785026427,13.319988,11.241944444444444,0.201466247701696,1.0804475256114945
0.7009999999999934,244.30114150355192,1056.3997037296976,244.23952549054295,1056.631438944485,244.33730155573758,1057.7281521252849,9.223427581617607,11.568628321242695,14.0363,11.173055555555555,0.23978686959801335,1.3289404385119301
0.8009999999999877,244.5229218581497,1057.490634739565,244.45329923948646,1057.768159985444,244.56690011712323,1059.128031467243,9.403336329288674,11.5644859638287,14.335395,11.133055555555556,0.28612509699395283,1.6379872194475333
0.900999999999982,244.73798159592295,1058.581565750223,244.6737024312736,1058.9026658022376,244.8013452584186,1060.5520692907019,9.29533378490652,11.549907134829583,14.52877,11.16611111111111,0.32747069244709337,1.9715220406489165
1.0009999999999764,244.95976195050585,1059.6724967592995,244.90048583021132,1060.0374499273144,245.03581642609248,1062.0034879565897,9.060707567800462,11.594668620622768,14.876004,11.056111111111111,0.3697356802923355,2.3322316019428344
1.100999999999999,245.18154230510362,1060.7745597175851,245.13652186646283,1061.1768429057333,245.2669153984959,1063.485892665008,8.664220773569841,11.67720507411235,15.130378,11.206944444444444,0.4047945199259644,2.712676707028607
1.2009999999999934,245.4100432764961,1061.854358778243,245.39143456548786,1062.3147733801081,245.48726570848876,1064.9888456964823,8.019929732945267,11.64719341464392,15.2505045,11.058888888888887,0.460790505258038,3.1354380147940217
1.3009999999999877,245.63182363107896,1062.9341578396918,245.66784968042074,1063.4425167708725,245.6974111521848,1066.5020631701734,7.793038446073473,11.57600452292517,15.304347,11.061944444444444,0.5096338677348654,3.5685081154740117
1.400999999999982,245.84016275205755,1064.0028249511402,245.94458978035914,1064.5642945546142,245.91550126717485,1068.0574097456256,8.161450308342571,11.532642118231973,16.107063,11.001944444444444,0.5710981700769223,4.055284669111724
1.5,246.07538434028947,1065.0937559610074,246.20926404583776,1065.6721081218238,246.14402949040635,1069.6257513585085,8.420957217702247,11.47731436339735,15.911281,11.098055555555556,0.5936455149992176,4.532515244277234
1.600999999999999,246.29716469485743,1066.1512911232464,246.48286542798493,1066.7925237699335,246.3848980708137,1071.2561704001992,8.387393350063483,11.36148151124343,16.724667,10.979999999999999,0.6675807587561089,5.105633122103268
1.6999999999999886,246.55254813345852,1067.1865623878575,246.76334502371284,1067.8835888240515,246.63002095254726,1072.917687789639,8.397036229755534,11.397311229581048,17.204657,10.89111111111111,0.7282040797016427,5.73164901303662
1.799999999999983,246.76760787124667,1068.2774933977248,247.06422190777198,1068.9907667159482,246.8771417089551,1074.5948733998105,8.36609650881847,11.549991341237208,16.701216,11.0,0.772488649206744,6.318329506472015
1.900999999999982,246.9759469922253,1069.3572924583827,247.3894474345874,1070.1142113430285,247.1308574562206,1076.316392809717,8.400528407516857,11.610758988178697,17.756512,10.901111111111112,0.8625014862404783,6.960824301172602
2.0009999999999764,247.21116858041245,1070.4036956722032,247.72533408193823,1071.227283433321,247.38687661941475,1078.0487404543937,8.413133479009735,11.642263676199025,17.266762,10.858055555555556,0.9709083186492188,7.647063687237673
2.100999999999999,247.43294893501022,1071.5057586312798,248.06546813564628,1072.3413476040155,247.62736291963486,1079.7256327661614,7.899476815674835,11.654353613491832,16.614555,11.068888888888889,1.0479930679783664,8.222172923912087
2.2009999999999934,247.62784682238447,1072.5410298951,248.40552865675127,1073.453287328408,247.8458998471098,1081.3509629622981,7.4098843797355745,11.601193882715728,16.18487,10.819999999999999,1.1987504578224049,8.812631149100756
2.3009999999999877,247.84962717695245,1073.6208289557578,248.74193917572225,1074.560503029074,248.0506462653112,1082.9250552256774,7.412176210916098,11.542719335880138,15.562178,10.916111111111112,1.295842608965737,9.30639753909891
2.400999999999982,248.06468691474063,1074.711759965625,249.08421694889526,1075.6653237579415,248.26203947947238,1084.5177786538186,7.699514545174189,11.59035730250776,16.571737,11.021944444444445,1.395967548534014,9.808004412111883
2.5009999999999764,248.2797466525288,1075.769295127864,249.44498576761794,1076.7702574514353,248.48139540326397,1086.116710020468,7.929843578816767,11.657205941481502,15.706485,10.868888888888888,1.5361340333912472,10.349379555236792
2.600999999999999,248.50152700712664,1076.8490941885218,249.8192709323328,1077.8745063152987,248.69288134717704,1087.6194468263518,8.097720212790136,11.66203549973523,14.644457,10.969999999999999,1.6697062861949568,10.772052377642238
2.6999999999999886,248.7098661281201,1077.9177613007614,250.1913072754466,1078.9669960806236,248.8895485839127,1088.9940011102246,8.191312868624747,11.653130171943875,13.407114,10.77888888888889,1.8153681434531657,11.077697147948113
2.8009999999999877,248.91148463225917,1079.0086923098377,250.56940647956583,1080.0849290177825,249.08082187231963,1090.3128508373638,8.314862622777781,11.716003407593703,12.981966,11.0,1.9766108123008743,11.305426799387714
2.900999999999982,249.11982375322285,1080.077359421286,250.94867850143189,1081.196969800188,249.27067083532492,1091.588107777231,8.62225447986545,11.78288546818234,12.804347,10.78611111111111,2.1443500391941486,11.511736730661848
3.0009999999999764,249.32144225740674,1081.1460265327344,251.33486408904366,1082.3144680388014,249.4653258609341,1092.853577880641,8.867193937283863,11.864043649503204,12.802782,10.831944444444444,2.327900991282113,11.708435465733071
3.100999999999999,249.50961952795646,1082.2258255933923,251.71959359304884,1083.442376302442,249.66151973030276,1094.1151830796148,8.811330552258596,11.970634454130803,12.732606,10.9,2.5226932029222664,11.890327796434686
3.2009999999999934,249.70451741533074,1083.2944927056317,252.09535733238167,1084.583630234421,249.84808554064819,1095.3389053103035,8.517116724458935,12.06021743217513,12.02472,10.815,2.716245768905504,12.04526823272047
3.3009999999999877,249.9061359194997,1084.3408959194521,252.45974880048044,1085.7384560919238,250.01957513235183,1096.5059552103248,8.195400922492997,12.159374484473675,11.567017,10.78611111111111,2.911033009361092,12.16558818986821
3.400999999999982,250.0943131900644,1085.4318269293194,252.81923797291944,1086.899440739107,250.17959220749296,1097.6266816565967,8.053020910402996,12.147996331297088,11.074849,10.893055555555556,3.095012983316309,12.19515290310912
3.5009999999999764,250.28921107742374,1086.4893620907676,253.1879185992376,1088.0579351098668,250.335660126333,1098.725566540267,8.113467957789295,12.16739527640074,11.123399,10.781944444444443,3.2958954190426253,12.236292610267748
3.600999999999999,250.48410896478308,1087.535765304588,253.56770075101528,1089.2202790850286,250.49728846821552,1099.8320368305735,8.505944047453998,12.288936446323884,11.240992,10.741944444444444,3.513705306455381,12.296278589072084
3.7009999999999934,250.65884500174346,1088.6266963136643,253.94776600059245,1090.3928111474443,250.66527342716336,1100.926570996501,8.951705212065752,12.36304698146675,10.906176,10.886944444444445,3.7331170545226007,12.299876362717576
3.8009999999999877,250.84030165548353,1089.6842314766943,254.3209316150992,1091.5698329997851,250.83446050323434,1102.0267628789059,8.541467430752107,12.332259568363241,11.35646,10.718055555555555,3.9585701989047286,12.342532784385766
3.900999999999982,251.0150376924439,1090.7528985889337,254.68934981074622,1092.7484642383004,250.99656223710622,1103.1687604665894,7.63046453649415,12.365155406289604,11.71317,10.83111111111111,4.18125002883532,12.415875623872653
4.000999999999976,251.18977372938937,1091.821565700382,255.05543553278474,1093.9345165699874,251.14771690174095,1104.3478847408794,6.98903828484523,12.460214907479562,12.062667,10.805000000000001,4.405440109182733,12.526389642713436
4.100999999999999,251.36450976633478,1092.8568369642023,255.4186596927344,1095.1287235060452,251.28986416668516,1105.5445156039275,6.559319938497015,12.504294280620629,12.038384,10.62111111111111,4.647321818502847,12.687898219582518
4.200999999999993,251.5325251864706,1093.9255040764415,255.78225317307556,1096.330530667111,251.4291657012234,1106.750026705274,6.623204732654098,12.607780801132604,12.232276,10.715,4.883066747645427,12.8249391359424
4.300999999999988,251.7139818402406,1094.9719072894711,256.153416051515,1097.538051886325,251.57164341459656,1107.9878531803927,6.510905004808463,12.657981194503593,12.687722,10.661111111111111,5.127735777923496,13.01672415252058
4.399999999999977,251.8954384939807,1096.0628382993384,256.5305756854433,1098.7351597974061,251.7111801451412,1109.2580526879474,6.03528414470349,12.698005954032729,13.127467,10.948888888888888,5.350308306323552,13.196500820311055
4.500999999999976,252.07689514773577,1097.1203734615774,256.92292468809785,1099.959461714742,251.85259537741604,1110.5875432489097,6.107330722652215,12.76013227879054,13.347596,10.819999999999999,5.6164423272494535,13.469037547939395
4.600999999999999,252.27851365190472,1098.1111169301419,257.31730224698475,1101.1772857557235,252.0013317986076,1111.9238382184953,6.59148005953787,12.841670060892053,13.543585,10.488055555555555,5.898371111830543,13.815502132370392
4.700999999999993,252.45997030565977,1099.1909159907998,257.71580823338167,1102.4032635530814,252.1626490623372,1113.2771115342111,7.001717840851517,12.940716145279515,13.713676,10.785,6.1597897028532165,14.089333015049103
4.800999999999988,252.62798572579558,1100.2818470006669,258.1195491571614,1103.6311043823218,252.33111300433038,1114.6480584438116,7.009166292188217,12.909763049308575,13.911497,10.898055555555555,6.4323241467827454,14.36927850109018
4.900999999999982,252.79600114596127,1101.3839099589527,258.53110874853553,1104.8526592369933,252.49624461914573,1116.0316598698248,6.603512173235617,12.87087922115179,13.957092,11.026111111111112,6.702513018787229,14.650816749479272
5.000999999999976,252.9774577997014,1102.452577071192,258.9551313360629,1106.0684102198886,252.65557375499145,1117.4427546342324,6.286093554733159,12.881157535789384,14.444243,10.901944444444444,6.986188536428805,14.99363307239832
5.100999999999999,253.1454732198372,1103.5991678263154,259.39116241387615,1107.2789534107483,252.81565757715722,1118.913612579983,6.1402757958723315,12.852543703501112,15.146657,11.31,7.249100320449084,15.317995837292008
5.200999999999993,253.30004740636875,1104.7346266322295,259.8339392324082,1108.4855124334802,252.97901974867236,1120.4596714495526,5.928567890571505,12.85228859334565,15.946709,11.363888888888887,7.53398212689739,15.728321374635847
5.299999999999983,253.47478344331418,1105.8255576420966,260.2767120667582,1109.6779881265516,253.14231229509926,1122.064278456461,5.697706006179467,12.845197296334735,16.637081,11.193055555555556,7.817125663310341,16.242123960592874
5.400999999999982,253.6293576298457,1106.97214839722,260.7195791702998,1110.8930899585612,253.30639396607816,1123.7470341188657,5.442215530963708,12.765241683954153,16.84293,11.348055555555556,8.102161700445851,16.777994412395827
5.500999999999976,253.79065243318684,1108.141003050762,261.13793277864363,1112.0918948847475,253.46670865462895,1125.4346543527524,5.4109893311290795,12.62938959110277,17.061424,11.72,8.34218644952201,17.29668508490862
5.600999999999999,253.95194723652796,1109.276461856676,261.53875292885044,1113.2815857098753,253.62226297590578,1127.0780271303904,5.403254400894812,12.478791660998693,15.952944,11.553055555555556,8.579081401439412,17.804617881494075
5.700999999999993,254.11996265666377,1110.4230526117994,261.92873842336104,1114.45725297606,253.77007172638187,1128.6443572908236,5.378044257909057,12.294438116212092,15.512833,11.533055555555555,8.789297557459252,18.22466372444001
5.800999999999988,254.29469869360926,1111.625303112179,262.313625618915,1115.6162899131698,253.91230511308757,1130.1241094891448,5.612956953912681,12.131001360132917,14.218674,11.966111111111111,8.957185086793553,18.50275823283912
5.900999999999982,254.4694347305547,1112.7718938673024,262.69625187186125,1116.7634541839047,254.05672432418584,1131.523376894682,6.1784662977067715,12.054858692367,13.915678,11.713888888888889,9.144018484100398,18.756024248375045
6.000999999999976,254.6240089170862,1113.951880470054,263.077688171965,1117.898395606692,254.2064570176207,1132.901081505225,6.227167710292889,11.891657105949447,13.800673,11.841944444444444,9.329505596122518,18.953800923827174
6.101999999999975,254.78530372042732,1115.1541309696422,263.46180422250353,1119.0199697516564,254.35025309127235,1134.2871608109576,5.618388593810493,11.58433215794054,13.794138,12.058055555555555,9.49875625811367,19.137975335928157
6.200999999999993,254.96676037418243,1116.311853674766,263.8367676012186,1120.0889596172658,254.48053622538797,1135.6129589343807,5.605909573032541,11.301529322784415,13.118671,11.873055555555556,9.640723909984155,19.307228650575222
6.300999999999988,255.13477579431824,1117.4361805314707,264.2061492048997,1121.1472189776564,254.61128140195223,1136.9079102746114,5.927338896100915,11.116176722114695,12.91213,11.50388888888889,9.801103096247532,19.478765504229198
6.400999999999982,255.29607059765934,1118.6161671342222,264.5662000142722,1122.1921885868699,254.74450173871068,1138.197719927251,5.866891848714617,10.989015455403955,13.0213,11.736944444444445,9.935956362149934,19.589319487729405
6.5,255.4640860178101,1119.7516259401361,264.92159113164894,1123.2145039981947,254.87309240138924,1139.4861051197,5.533928885230181,10.876218453093818,13.136112,11.61888888888889,10.071540469226695,19.74332651665586
6.600999999999999,255.6052189707224,1120.9316125428877,265.2802754454452,1124.2410660201076,255.0000364733323,1140.8085628991817,5.432369251254268,10.656868783515705,13.171553,11.748055555555554,10.225419312036006,19.88616105038178
6.700999999999993,255.75979315723902,1122.100467195639,265.6311579668946,1125.237363455904,255.12498408485175,1142.1202546014692,5.450417421800887,10.468818518827124,13.181034,11.645,10.357797128394147,20.029849483533816
6.800999999999988,255.88748487656193,1123.2470579507624,265.9791464737555,1126.2193556851025,255.24792529323668,1143.4117582028862,5.424634321020002,10.367744092700322,12.765805,11.693888888888889,10.520275073106953,20.174840091525496
6.900999999999982,256.02189721267956,1124.4493084519327,266.32132763458833,1127.1928044156143,255.36918255369412,1144.6555223337332,5.718275191024532,10.269046981821694,12.227496,11.753888888888886,10.658566372569874,20.216753346250297
7.000999999999976,256.16303016559186,1125.5402394618,266.65592368980174,1128.1601609513368,255.49123907767333,1145.8590636300887,5.864952386578015,10.202845651506152,11.966816,11.205,10.815026727740557,20.32992668082308
7.100999999999999,256.3108837353137,1126.6089065740393,266.9855750170695,1129.1242882428062,255.61153973251015,1147.0392866165298,5.774425054947324,10.175686522710722,11.759957,10.958888888888888,10.967049689882915,20.442346017882834
7.200999999999993,256.4116929873982,1127.6664417354875,267.3183028581166,1130.0824949610826,255.73117071700275,1148.2050759745841,5.944307041203603,10.111174580682494,11.678297,10.541944444444445,11.171009446820836,20.549905278805927
7.300999999999988,256.579708407549,1128.7351088469359,267.6617461434133,1131.0302117557674,255.8517126277802,1149.3547151383398,6.027958879292699,10.05013876189992,11.440537,10.87,11.317201851219579,20.632453597860444
7.400999999999982,256.6939588932377,1129.7369842647097,268.01868018433333,1131.9690073797321,255.97075791713308,1150.4769756931855,6.082962827625255,10.037552768085334,11.130602,10.231944444444444,11.542583744854912,20.752596562962662
7.500999999999976,256.82837122935535,1130.7722555293208,268.3808934991187,1132.903674069684,256.08590942375105,1151.569093432743,5.953187887028131,10.010396502430398,10.832846,10.52611111111111,11.747498277828457,20.810086888670234
7.600999999999999,256.962783565473,1131.729603148675,268.7504890017694,1133.8302956285174,256.19537755834386,1152.6511008178593,5.602251237510422,9.94292054291125,10.917872,9.878055555555555,11.973425088409652,20.935567264859518
7.700999999999993,257.09719590159057,1132.6980827196116,269.1335822455908,1134.7422239750038,256.30243714627096,1153.7491315188397,5.536074612172816,9.84022565077134,11.146883,9.818055555555555,12.208730879744667,21.06604607007775
7.800999999999988,257.2383288545029,1133.6331664421289,269.526959314807,1135.6401105110167,256.40689655178113,1154.8528138342017,5.275951773183436,9.765890911850947,11.025467,9.601111111111111,12.451436185659773,21.235929815242667
7.900999999999982,257.37274119062056,1134.5459862662276,269.9332118634206,1136.5248418657563,256.5048382764174,1155.9359453443803,5.054790064262951,9.706002925522414,10.725587,9.386944444444444,12.71539590441665,21.407559525399694
8.000999999999976,257.5004329099285,1135.4476741411167,270.35084576514004,1137.3958940933048,256.5970581778807,1156.9852890699963,4.98889991782291,9.614350948778148,10.342181,9.231944444444444,12.9972563078324,21.556552199533126
8.100999999999999,257.61468339561736,1136.2937022723315,270.77331265953677,1138.2540686451073,256.6830600437565,1157.9992096366088,4.7029939780525645,9.516306159132993,10.00911,8.758888888888889,13.303855096203739,21.72549129503011
8.200999999999993,257.7423751149253,1137.173126249593,271.1876627308676,1139.1050341216526,256.7616030596913,1158.9867601725698,4.388440148525761,9.413970994799932,9.804344,8.718055555555555,13.58337318568317,21.835671245692733
8.300999999999988,257.8633462174386,1138.019154379226,271.5880757404438,1139.9515399148875,256.8342214166925,1159.956822806101,4.172148580863888,9.31473301002555,9.651229,8.626111111111111,13.8600979194984,21.961793958213413
8.401999999999987,257.984317319937,1138.8651825096497,271.98326642040604,1140.800852206714,256.903839158154,1160.9296453032375,4.014456271699008,9.234938484378729,9.661865,8.575,14.132140428599449,22.090902005751413
8.500999999999976,258.1052884224503,1139.7112106392829,272.3656236592331,1141.629435012844,256.971895798533,1161.898687028379,4.020128553870803,9.200404316871776,9.962955,8.559999999999999,14.388771518540171,22.216405815447565
8.600999999999999,258.21953890812415,1140.534974872079,272.7538904132133,1142.4634601375346,257.0434528670163,1162.8911331486809,4.22811223350334,9.19913862163916,9.937527,8.37888888888889,14.661733495482961,22.387071967199425
8.700999999999993,258.32706877701827,1141.3364752048742,273.14446986343523,1143.2959979201105,257.1183930449346,1163.8725846412633,4.5074291586296,9.19294162071268,9.7487,8.139999999999999,14.94640773655254,22.568498522370373
8.800999999999988,258.441319262722,1142.1602394368795,273.5369232227274,1144.1259731355308,257.19602242293814,1164.8369844791512,4.698224104408154,9.168843156098957,9.60171,8.24388888888889,15.223053829351858,22.710912133407806
8.899999999999977,258.54212851479156,1142.9394758720468,273.92595688145286,1144.947018796855,257.27427101363696,1165.780049813687,4.788413390939687,9.185761953606077,9.515589,7.966111111111111,15.514264526874625,22.875735630286535
9.0,258.64293776689095,1143.7187123080053,274.3136088691189,1145.7815737807468,257.35252053048276,1166.7119898249568,4.811045223847359,9.218347656734409,9.188798,7.875,15.80586379322321,23.029459125554187
9.100999999999999,258.74374701897545,1144.4645528963356,274.6974903991537,1146.631107547138,257.4285208034151,1167.62786891244,4.674764347486518,9.2421263786684,9.0097685,7.708888888888889,16.10018282180346,23.20062561354784
9.200999999999993,258.83783565426523,1145.1992615354563,275.0717492178441,1147.4769341678618,257.49972436549274,1168.5095763679435,4.557021520587141,9.25649707520672,8.681798,7.491944444444444,16.39291744047286,23.34868988639002
9.300999999999988,258.9117624391262,1145.9228382253677,275.4412144523908,1148.3265128488067,257.5682836202239,1169.3617083799845,4.644111105447021,9.272413916776122,8.415918,7.29611111111111,16.703306126458344,23.477341618288566
9.400999999999982,258.99913045759143,1146.6130190684419,275.80709021172686,1149.1811823053135,257.63260962005205,1170.1576138143246,4.594550256168208,9.32143361374836,7.554096,7.043888888888889,17.00302836284923,23.584217624235002
9.500999999999976,259.079777859262,1147.303199911516,276.17534051887145,1150.0384706766754,257.69054455303,1170.8918848086,4.4238088332192325,9.339326210064783,7.1769805,6.955,17.31299999443682,23.62955827672333
9.600999999999999,259.1537046441229,1147.9711168553804,276.5431451012897,1150.8967596677649,257.7431018684692,1171.5812828987791,4.29030966695372,9.336366289350927,6.6510005,6.763888888888889,17.63383183766384,23.652267138427582
9.700999999999993,259.2276314289839,1148.6167699031987,276.9044007521598,1151.7590843952883,257.7917968306822,1172.2411744824572,4.149648528249111,9.36256370573296,6.5827255,6.581944444444444,17.95389411999438,23.667997649107708
9.800999999999988,259.29483759705016,1149.284686847854,277.2588013515855,1152.628190991034,257.8387278958631,1172.8930349616257,4.085763734092028,9.409447984001629,6.4882307,6.711944444444445,18.272466000234367,23.653210270974345
9.900999999999982,259.36204376510153,1149.9080759964625,277.60789966102226,1153.5034248499942,257.886076892115,1173.5534089675843,4.115844018336395,9.436334956642566,6.7531557,6.373888888888889,18.596714515023805,23.69135389810759
10.000999999999976,259.4292499331529,1150.5203331950704,277.95575743847513,1154.3819682963415,257.93457790217707,1174.224546870511,4.151080922736939,9.461745862701916,6.7046075,6.244999999999999,18.9246850964588,23.751290290237367
10.100999999999999,259.50317671801383,1151.1325903944696,278.3054100026574,1155.2639779512094,257.98370770932183,1174.9041337077542,4.1192817651071705,9.51400975530762,6.922601,6.158055555555555,19.250775039830057,23.820055784228167
10.200999999999993,259.56366226925553,1151.7225836962411,278.6580277204873,1156.1498115392062,258.0329056856544,1175.5866216937288,4.127016695341436,9.554718845859833,6.7625775,6.021111111111111,19.600896366205284,23.91308272188624
10.300999999999988,259.62414782051223,1152.3014450480118,279.0094359886378,1157.0389073351482,258.0805871308672,1176.249757967889,4.097795847789766,9.565833849185227,6.5343885,5.9061111111111115,19.955774760287014,23.998005569442167
10.400999999999982,259.6913539885785,1152.8691744513644,279.35631872097696,1157.9306690253684,258.126102547333,1176.890529021471,4.027035560091114,9.57125909913099,6.313325,5.741944444444444,20.30589976457943,24.072297095563965
10.500999999999976,259.7518395398202,1153.436903853926,279.69925013064193,1158.8255892100449,258.16889922218206,1177.5010014770342,3.992085134588135,9.59633514280734,5.9260902,5.744999999999999,20.66245675485075,24.116104462862264
10.600999999999999,259.79888385747256,1153.9823693596504,280.03660997539487,1159.7266043240088,258.20974922626726,1178.0842744794693,4.020733024344683,9.645922106832783,5.767945,5.5569444444444445,21.037152700633992,24.15423729453793
10.700999999999993,259.85936940872926,1154.550098762212,280.36612298693035,1160.6362375894928,258.2497747893566,1178.6564918950992,3.9814854153782235,9.703954625488167,5.704367,5.6850000000000005,21.390839818529756,24.160070047829432
10.800999999999988,259.9064137263666,1155.084432317936,280.6928304785938,1161.5534843555488,258.2896990151262,1179.2305164719317,3.9757558374269157,9.769922040842587,5.8038588,5.4719444444444445,21.76978997745758,24.200147653049132
10.900999999999982,259.9601786608137,1155.6298978228697,281.0235371455063,1162.4769625954432,258.32917125496857,1179.7940120429141,4.039927110481564,9.84823577981006,5.4936705,5.425,22.14830392274965,24.219095796442847
11.0,260.0005023616415,1156.1530994301754,281.35320277657826,1163.3965668000255,258.36791613090884,1180.3483982382224,3.9573954048819298,9.887307790150563,5.7333717,5.29111111111111,22.547852104981605,24.25031591982793
11.099999999999994,260.0677085296929,1156.6874329851087,281.68955868391583,1164.3285639794856,258.40716152681205,1180.924435609684,3.8385066623922905,9.929479658942874,5.814089,5.365,22.932319703093683,24.293820460611947
11.199999999999989,260.1281940809495,1157.177238744786,282.03434825446266,1165.2649089771005,258.4465606375806,1181.5090475362247,3.872311172305007,10.026812340017518,5.9046726,5.161944444444444,23.351445361270276,24.389850555117874
11.300999999999988,260.15507654815815,1157.7115723005106,282.39177423996136,1166.2189631058152,258.4868116298539,1182.1037274861874,3.872021828618466,10.147677645332397,5.8981113,5.13611111111111,23.808536757869586,24.44913786700427
11.400999999999982,260.22900333303403,1158.1791141625602,282.7488464814512,1167.1742622959102,258.5260646028434,1182.6923116371731,3.758862664080135,10.249436592000217,5.8997264,4.941111111111111,24.249866502111384,24.572278094392377
11.500999999999976,260.26260641706716,1158.6911838198655,283.1067713204923,1168.1377549424528,258.5650433650416,1183.2850362750205,3.76602463651927,10.307109888024154,5.980372,5.035,24.720306958227336,24.652369032235743
11.600999999999999,260.32309196830886,1159.1587256811242,283.4683831929183,1169.106434698011,258.60268760849124,1183.8552869857222,3.7886564694269427,10.372389455104233,5.4494658,4.793055555555555,25.19248738327825,24.756411925661673
11.700999999999993,260.3634156691367,1159.6707953384296,283.8344979810464,1170.0819549324185,258.6388684587041,1184.3990943485003,3.824179852725052,10.466812363267934,5.4507275,5.015,25.676525251364293,24.788360877889346
11.800999999999988,260.4171806035987,1160.1160733020604,284.20843044488237,1171.0645494749983,258.6751844030197,1184.945441209867,3.7817809758853733,10.56013997024691,5.5003233,4.653055555555555,26.18955325162631,24.89040099042308
11.900999999999982,260.47094553804567,1160.5724832141098,284.59321777327676,1172.051284850509,258.71132612133476,1185.506377781981,3.595283213570301,10.622227016705924,5.7416854,4.621944444444444,26.71417048681102,24.9959068411887
12.000999999999976,260.51798985568314,1161.0400250753685,284.9851246388115,1173.0397212320422,258.74719440956335,1186.0874737923941,3.470664893129354,10.64369666954748,5.9023604,4.698888888888889,27.25130074598752,25.10996622347446
12.100999999999999,260.5515929397014,1161.5186988858366,285.3779325484652,1174.031227152716,258.78275670708774,1186.6804557204298,3.393888548581806,10.685945653924257,5.978589,4.733055555555556,27.80126799264973,25.223853564057297
12.200999999999993,260.612078490958,1161.9751087978857,285.76846655032966,1175.0290561886925,258.81903713032415,1187.290565431576,3.411936719128426,10.744766570255798,6.2451606,4.598055555555556,28.341654903615762,25.378875898928133
12.300999999999988,260.63896095819644,1162.4426506591444,286.1513135934425,1176.0351602494416,258.8569581670654,1187.9252516169934,3.426260664006696,10.785384373722229,6.4712,4.593055555555556,28.907377154412814,25.544832853721374
12.400999999999982,260.6927258926286,1162.9101925204031,286.53165618297277,1177.0465966056004,258.8961361090153,1188.585217039059,3.369537842288748,10.82639552446429,6.751347,4.651111111111111,29.453153294838355,25.737805246060947
12.500999999999976,260.73977021026604,1163.333206586406,286.92314474814435,1178.060015680058,258.9363767743846,1189.2677986458057,3.3781322092157096,10.902178836799672,6.923988,4.411111111111111,30.04077243134215,25.997217027444574
12.600999999999999,260.78681452790346,1163.7896164976642,287.32657924212856,1179.077160832935,258.97824633023737,1189.9670449489684,3.4741026399001442,10.98254293849606,7.0859914,4.555,30.62789778762659,26.239830015622424
12.700999999999993,260.83385884554093,1164.2460264105046,287.7324318171062,1180.0991272815531,259.0209021504897,1190.6631337077688,3.5402792652377504,11.009620285127713,6.861901,4.528888888888889,31.222652596060176,26.479244134478286
12.800999999999988,260.8741825463836,1164.6690404749256,288.1343356649857,1181.126082332248,259.0637859709234,1191.3576230824042,3.526814757052177,11.046419652115912,7.054342,4.361944444444444,31.842584297498384,26.749915464476622
12.900999999999982,260.90778563041675,1165.1143184385562,288.53375353336526,1182.1586433414427,259.10792175044077,1192.067328419904,3.589840114516564,11.096016984677656,7.167188,4.391111111111111,32.46079348952976,27.013038648791007
13.000999999999976,260.97499179846807,1165.5373325037683,288.9332043601297,1183.198389979361,259.1527063043312,1192.775540298356,3.6474223729272084,11.180746056134565,7.025343,4.326944444444444,33.06923949532626,27.299096840065555
13.100999999999999,261.0153154992959,1165.9937424158177,289.33531523902724,1184.2490728482858,259.196440626784,1193.469208047542,3.5669218027113097,11.31927805038926,6.8755617,4.516111111111111,33.693908566044655,27.535604541791333
13.200999999999993,261.04891858332905,1166.427888429448,289.7409028598431,1185.3099476880163,259.23721515989075,1194.130814642022,3.483269964622214,11.395974665876668,6.381679,4.303888888888889,34.34766547478609,27.76210348719653
13.300999999999988,261.0959629009665,1166.8397705454506,290.1482039138341,1186.3741568539986,259.27547911722786,1194.7593348272549,3.4844158802124756,11.393809062033716,6.211998,4.196111111111111,35.00892680904871,27.978853280516244
13.402999999999992,261.14300721861883,1167.2627846106625,290.56603952862105,1187.4598263141866,259.3128736148251,1195.3726963522954,3.4934743429534945,11.415998613523815,5.837029,4.296111111111111,35.68802773885557,28.169425395810386
13.502999999999986,261.1766103026221,1167.6969306250842,290.9789577102098,1188.5262744523204,259.3470883393264,1195.9365325180722,3.45021602942112,11.455937095007483,5.4604383,4.235,36.35988827369759,28.2988032554141
13.600999999999999,261.2102133866702,1168.119944689505,291.3841102569831,1189.5757027194159,259.37753014280077,1196.4450549606095,3.398838903931732,11.5016736799648,4.9361506,4.183055555555555,37.02450006385449,28.384337225705774
13.699999999999989,261.25053708749806,1168.5318268055075,291.79268354689384,1190.643170677007,259.40630824710587,1196.9306017325655,3.3849418126108355,11.58899755015282,4.890089,4.223888888888888,37.70589129235481,28.458594437769236
13.800999999999988,261.2908607883408,1168.9548408707196,292.2093815792942,1191.7408299080514,259.43451383491345,1197.4060798846526,3.405485214355251,11.660382252487011,4.5418715,4.138888888888889,38.40776255277076,28.5117348724949
13.900999999999982,261.324463872359,1169.3667229859311,292.6222922239828,1192.8327346646447,259.46139734251136,1197.8596870205763,3.377983240188973,11.687005073436733,4.5461903,4.13,39.11787013160648,28.553809139486493
14.000999999999976,261.36478757320174,1169.7897370519343,293.03612955648185,1193.9271850690125,259.4871256173368,1198.304518085305,3.239613932664887,11.714559654220832,4.365306,4.128888888888889,39.82072701243706,28.576534985921338
14.100999999999999,261.398390657205,1170.1793552695178,293.45102522539,1195.0248862388412,259.51124310687277,1198.7430777948794,3.0568403960181127,11.755304253233628,4.4191523,3.9680555555555554,40.554553282081834,28.625994661890275
14.200999999999993,261.4454349748574,1170.580105436311,293.8690075284817,1196.1257885743819,259.5335608862783,1199.1688308462142,2.9402434847089967,11.796323971433468,4.107604,4.02,41.277960028698836,28.652582485588006
14.300999999999988,261.4723174420809,1170.9808556031044,294.2891859728948,1197.2310446768984,259.5532842247701,1199.5543336889093,2.915892778415938,11.852289974878799,3.6125374,3.943888888888889,42.024032250352384,28.637848005901514
14.400999999999982,261.52608237652794,1171.370473820688,294.71015562098825,1198.3411773178625,259.571258507915,1199.9069090304208,2.921049398572115,11.893109227175474,3.4481268,3.946944444444444,42.762151071084,28.60331223541394
14.500999999999976,261.5462442269568,1171.7823559366905,295.13160709990893,1199.4529792128967,259.58797420306007,1200.2341342449765,2.9279248921136842,11.88692363453174,3.1049109,3.978888888888889,43.51597398429224,28.519090279852023
14.600999999999999,261.6000091613889,1172.1385783082278,295.55279611249927,1200.5677164159054,259.6037114946791,1200.5418249823977,2.9279248921136842,11.946163760466442,3.0569477,3.7861111111111114,44.283265860739,28.473314278598686
14.700999999999993,261.6268916286125,1172.5838562710678,295.97626094123746,1201.690535533808,259.6186202273168,1200.8357671224724,2.877218127244609,12.054213637003215,2.8294525,4.111944444444444,45.02308241201546,28.323199338651207
14.799999999999983,261.6739359462648,1172.9512105902327,296.3983538547018,1202.8096070449556,259.6324646055893,1201.114573596489,2.8080162847487156,12.107972704421208,2.8099422,3.895,45.796386734405,28.237255905221485
14.899999999999977,261.7142596470926,1173.3074329609792,296.8263756763329,1203.9439396856226,259.6459960264824,1201.390494077428,2.807156848056019,12.1400238915226,2.7150993,3.6711111111111108,46.598886642707996,28.159119944958107
15.0,261.7209802639022,1173.7081831277724,297.2560636990291,1205.0825650622535,259.6594981671985,1201.6688965869685,2.7475692373624,12.200063568300674,2.859496,3.795,47.40352303903289,28.036604744196456
15.100999999999999,261.76802458152474,1174.0532735493093,297.69043094832347,1206.2394130948976,259.67353135664604,1201.9637563741235,2.703010309635076,12.269409945948645,2.985921,3.5888888888888886,48.232425379919505,27.988961277319824
15.199999999999989,261.8083482823675,1174.4428917668931,298.1153653195361,1207.3797904733717,259.68709137372366,1202.2485678591136,2.7503738657695607,12.315971992642817,2.7743645,3.888888888888889,49.020799488972884,27.88647259547088
15.300999999999988,261.8621132168145,1174.754586340802,298.54940730543154,1208.5455848873312,259.70060414056155,1202.5256867069058,2.833704847493387,12.317166938414532,2.7196589,3.5238888888888886,49.87774183256707,27.85509176130886
15.400999999999982,261.909157534452,1175.121940660758,298.9806473937064,1209.6995440736105,259.7142610882879,1202.7980161256778,2.9079028819628245,12.320934105214342,2.7337751,3.5861111111111112,50.69424048312902,27.762973968026646
15.500999999999976,261.909157534452,1175.5338227767602,299.413384877339,1210.8554557370383,259.72763229904706,1203.0632304393644,2.863212173942623,12.364231928323981,2.5772486,3.783888888888889,51.51878127020821,27.61570818585969
15.600999999999999,261.93604000167545,1175.9011770959253,299.84838226124145,1212.0135270999083,259.74059155312585,1203.3238495052315,2.8305535796201586,12.377257793811767,2.641573,3.7480555555555557,52.35883419650065,27.510415408684064
15.700999999999993,261.9562018520894,1176.268531416672,300.2858814407909,1213.171422650924,259.75391594822906,1203.5924129832424,2.84974766575704,12.378584018018717,2.7363033,3.693888888888889,53.2070269684329,27.41248925337335
15.800999999999988,261.96964308572353,1176.658149633465,300.72577880037755,1214.330119643926,259.7673923296066,1203.8674596029039,2.7609392075117674,12.4092265142251,2.7712297,3.7761111111111108,54.04826898247308,27.298286711913338
15.900999999999982,261.98980493612254,1177.0366359026302,301.166316791095,1215.4917876387653,259.7807916542572,1204.146112492663,2.7451828681456707,12.438691311072201,2.8082676,3.761944444444444,54.89624555624889,27.199328312754158
16.000999999999976,261.9965255529321,1177.4039902225861,301.6057538863034,1216.6574384073128,259.7945169714607,1204.4283525946903,2.8225321704883273,12.475949846994716,2.8432064,3.711111111111111,55.76490082082248,27.113926373944327
16.101,262.01668740334605,1177.771344541751,302.04419017922766,1217.826327619646,259.8083344946911,1204.7123079591418,2.7491935727115653,12.49226179105197,2.8426218,3.6730555555555555,56.62687213544172,27.03132132224307
16.200999999999993,262.04356987056957,1178.1275669124973,302.48118188961627,1218.995663305996,259.82174838778263,1204.9968439158572,2.6492124374612422,12.474181583050022,2.8544197,3.5980555555555553,57.49262360191308,26.96098175854617
16.303999999999974,262.0704523377931,1178.517185130081,302.92842679241664,1220.200419139333,259.8354758015954,1205.293321349861,2.6527533166351502,12.479116582624568,2.9085913,3.721944444444444,58.368365353200765,26.8692499146805
16.401999999999987,262.1040554218262,1178.8734075008276,303.35053968196814,1221.3497640691842,259.8486381557344,1205.5762299797975,2.6749325128846673,12.508831239538365,2.8712997,3.673888888888889,59.20737564817666,26.797903563293243
16.500999999999976,262.11077603862094,1179.2407618199925,303.77562565256545,1222.5152751789906,259.8619275028315,1205.8566180219425,2.753210006855432,12.554007118963447,2.7994652,3.578888888888889,60.07198348490515,26.710693010474344
16.601,262.13765850584446,1179.630380037576,304.2068202769243,1223.69893774284,259.8762942508966,1206.1459690979698,2.9259567820874146,12.641118375128658,2.9946918,3.753055555555555,60.924971484141516,26.611843820247167
16.700999999999993,262.13765850584446,1179.9643385099039,304.64047547646805,1224.8902313188094,259.89222328909534,1206.454240129156,2.9881227028591053,12.714254059133681,3.178955,3.5019444444444443,61.84517196285894,26.58489923077147
16.800999999999988,262.1645409730679,1180.3428247790694,305.07696226518556,1226.0947643510433,259.90856060136076,1206.7745071051434,2.8534776210033694,12.909353165178434,3.2347174,3.6180555555555554,62.72731363409202,26.527783134367265
16.900999999999982,262.1847028234968,1180.6990471498157,305.51981793975546,1227.3287427652454,259.92460314723763,1207.1125673549152,2.5919223875261634,13.311474642248848,3.534114,3.573888888888889,63.65736968589741,26.510037724828457
17.000999999999976,262.21158529072034,1181.0664014689805,305.9699450264312,1228.5944300337774,259.9406326895508,1207.4827853535658,2.3764902565569863,13.555462452683292,3.8771963,3.6761111111111116,64.60423783325695,26.513818345431368
17.101,262.23174714113424,1181.4114918905175,306.42471954132856,1229.8848049967678,259.95720736512135,1207.8855170483141,2.3383885631807777,13.807967005277781,4.1842566,3.5,65.59482367581238,26.571555077720117
17.200999999999993,262.2451883747386,1181.767714261264,306.8849091242817,1231.2084395490474,259.97571337828396,1208.3259598934694,2.46701758818764,14.219125891500795,4.632378,3.593888888888889,66.61148538787627,26.65503569346869
17.300999999999988,262.2653502251524,1182.1239366320106,307.34643982834297,1232.5589158471407,259.9962583174224,1208.7970193505062,2.5266051988812426,14.324267901956707,4.7977686,3.5280555555555555,67.64607725686322,26.76942509269549
17.400999999999982,262.27879145877165,1182.4912909519664,307.8058850134063,1233.9207823960048,260.0174646210285,1209.304677354103,2.2716389800480408,14.421325556154745,5.364271,3.63,68.68557954712817,26.908572786704564
17.500999999999976,262.2855120755813,1182.8141174742937,308.26909627795584,1235.3010856555643,260.03910251634426,1209.8716995497332,2.1080595295382,14.697756110804056,5.9844384,3.401944444444444,69.78088452404845,27.150674092496835
17.601,262.29895330918555,1183.1703398450402,308.7355149778361,1236.7022852729492,260.062502119786,1210.4986130454113,2.1644958723585987,14.838086309413866,6.562564,3.4930555555555554,70.86623625467219,27.419632200973943
17.69999999999999,262.3123945428048,1183.5488261142054,309.19882638221935,1238.1015656950797,260.0888937986651,1211.1788810802877,2.2739709182742334,14.939468118007625,7.1905694,3.6888888888888887,71.93287764583556,27.719377572159136
17.799999999999983,262.33927701002835,1183.9161804333703,309.67027538044186,1239.522955514822,260.11907249167496,1211.9281036136515,2.336709796841055,15.011246395181917,7.8060346,3.6630555555555553,73.02285150347959,28.099771322224175
17.900999999999982,262.3594388604273,1184.305798650954,310.15053538570095,1240.9635046850924,260.15187135272635,1212.7479317452876,2.248749316132572,15.058018572977266,8.441177,3.83,74.12209225419136,28.527675847443955
18.0,262.38632132766577,1184.7176807669566,310.6294412988808,1242.3805168105343,260.18505792242365,1213.6025479381838,2.1999676894551246,15.15930964535257,8.83681,3.9880555555555555,75.1824533062441,28.968622888889517
18.099999999999994,262.39976256128494,1185.1406948321685,311.1239546478664,1243.819881879925,260.218078412073,1214.483651234724,2.0922516239705358,15.279659118211441,8.797634,4.211111111111111,76.27118648005742,29.423950043615754
18.19999999999999,262.42664502849357,1185.5859727950085,311.62735977861547,1245.267419607801,260.2494193819656,1215.3627973795137,1.9911245731299512,15.371849821305288,8.796465,4.378888888888889,77.34717464517398,29.85631581177245
18.299999999999983,262.4400862621128,1186.053514657058,312.130929471371,1246.7232919264416,260.2818380228614,1216.2436218891291,2.2240319168506177,15.438346216291256,8.831989,4.596111111111111,78.42194700951826,30.26715398160495
18.401999999999987,262.47368934614593,1186.5433204167357,312.63814005137164,1248.217748488145,260.3189373189811,1217.1442551885139,2.493448131277044,15.506535502224501,8.842512,4.843055555555555,79.49973076993689,30.67670394949875
18.500999999999976,262.4938511965449,1187.055390074041,313.1269497194548,1249.6772982439882,260.35731642941977,1218.0246855949877,2.4985531852316587,15.588993522672236,8.960852,4.991944444444444,80.5308266993205,31.042906530717424
18.601,262.5341748973877,1187.5785916805557,313.6221122056601,1251.160089385322,260.3962320990027,1218.9336780242622,2.4057340224204444,15.676681626419766,9.235656,5.235,81.5633752905994,31.427889509645016
18.69999999999999,262.5610573646112,1188.11292523628,314.11942964675086,1252.6350551795817,260.4355133007466,1219.8552750699714,2.474935864916338,15.768867685782734,9.399374,5.338888888888889,82.59159161079303,31.81343600637751
18.800999999999988,262.5879398318198,1188.669522690423,314.63479850341355,1254.146143545712,260.4765559282056,1220.811953155815,2.438478560412164,15.846134609957138,9.562173,5.4319444444444445,83.64247351799271,32.21170250407447
18.899999999999977,262.62154291585296,1189.2372520929844,315.1444146168038,1255.6327310685422,260.51701348355755,1221.7628818631379,2.4339407346747284,15.901592933462144,9.665887,5.648888888888888,84.65820503712726,32.59364410550764
19.0,262.64842538307647,1189.827245394756,315.6576812178635,1257.1366931717403,260.55810057864323,1222.73341179304,2.414460169640276,15.881126525255986,9.762098,5.824999999999999,85.67696869171138,32.97249224459063
19.099999999999994,262.68202846712455,1190.417238695736,316.166925321385,1258.6411467509922,260.59832804995125,1223.701669829172,2.3431269241464925,15.88496370064244,9.619772,5.891111111111111,86.68988304204213,33.34959015197906
19.19999999999999,262.7156315511278,1191.0294958951351,316.67318221577216,1260.1480947116115,260.64032678022954,1224.674343040417,2.598666100774825,15.909343113449884,9.851867,6.1161111111111115,87.68579118694586,33.70879157314142
19.299999999999983,262.74251401836625,1191.6640169929533,317.1727659652727,1261.6542625705604,260.68611897554484,1225.6450261036175,2.8060768226121713,15.82794013835116,9.583417,6.251111111111111,88.66389796877564,34.04317465735511
19.399999999999977,262.7693964855749,1192.2874061407708,317.67901231159965,1263.1510775654792,260.7340270648391,1226.6001809530576,2.936997678799557,15.775250896153107,9.543707,6.1930555555555555,89.64778769133494,34.37308895047937
19.500999999999976,262.81644080322724,1192.9441911370077,318.21014459279036,1264.6511700440399,260.78496484635104,1227.609483202847,2.845565073852581,15.73710838507337,10.467919,6.606944444444444,90.61099957234451,34.72476592539267
19.601,262.84332327045075,1193.6009761324535,318.7517662065159,1266.1329385075314,260.8381079635509,1228.6824745878894,2.825798029920563,15.816231205451272,11.018213,6.5119444444444445,91.57859770445806,35.138759544209485
19.700999999999993,262.88364697127855,1194.2800250263183,319.30402441858377,1267.6175655693262,260.8921817536332,1229.804820142508,2.6934447792453504,15.864130061700683,11.45475,6.723888888888888,92.52920535805823,35.58057056541329
19.800999999999988,262.92397067212124,1194.9813378186016,319.8583784831919,1269.1007120493384,260.94339135650534,1230.9395627447834,2.4725695492224307,15.80308905511323,11.263243,6.918055555555556,93.462336955339,36.012728781186965
19.900999999999982,262.9575737561395,1195.6826506100942,320.40823885885237,1270.5806917648008,260.9916981720935,1232.084042616504,2.3631346103524495,15.773456251585014,11.646746,6.943888888888889,94.39436153476642,36.45443740913104
20.00199999999998,262.9978974569673,1196.395095351587,320.9471606740653,1272.0718699875436,261.037641665067,1233.2671005787104,2.0865220460191933,15.624854330028436,11.797872,7.155,95.31574542910448,36.924075780426584
20.099999999999994,263.03150054100047,1197.1409359399174,321.4451917886064,1273.5103129520023,261.08189286684404,1234.4434797833146,2.2195972235162964,15.44150234470376,12.226863,7.263055555555555,96.14801646619962,37.353456965476425
20.200999999999993,263.07854485865283,1197.875644579038,321.9344788551372,1274.9851707411763,261.1306637097216,1235.6600190721554,2.374106752129224,15.32946231566211,11.882397,7.356111111111111,97.00463902076031,37.83455030532943
20.300999999999988,263.10542732587635,1198.6326171165776,322.41262501038653,1276.4418027315953,261.17762800732146,1236.84783869204,2.154377437696566,15.332745756706426,11.892601,7.491944444444444,97.83462098491435,38.2638154171054
20.400999999999982,263.14575102670415,1199.400721603327,322.8993966288299,1277.8970368319094,261.22309955702593,1238.0423638277896,2.205370681463206,15.357087365793499,12.015207,7.66,98.65175957482681,38.68944432887646
20.500999999999976,263.17935411073734,1200.1688260892847,323.39453602171926,1279.3492461117235,261.2746683733516,1239.2511193707712,2.6772014257534122,15.329097121814364,12.182099,7.591944444444444,99.47566057836691,39.12867843281096
20.601,263.21295719477047,1200.9257986268244,323.9012608476245,1280.7949708575798,261.33425903513563,1240.4759012639686,2.8923470778250855,15.310404878051681,12.342558,7.626111111111111,100.31029295684004,39.59469819791096
20.700999999999993,263.23983966197903,1201.6827711643639,324.4162632190284,1282.2366377057042,261.3949008304174,1241.6891898605436,2.8293217203606984,15.307453898514813,11.953508,7.561111111111111,101.15077960150168,40.04893676723817
20.800999999999988,263.26672212920255,1202.4508756511132,324.93349966616165,1283.6763316942845,261.4511927126478,1242.8853233945183,2.5600315566492267,15.28832211909364,11.995706,7.638055555555555,101.98218550910724,40.47518636617424
20.900999999999982,263.28688397961645,1203.2078481878616,325.4501076249776,1285.1140121045232,261.50020443896375,1244.0912056421967,2.0976546159786786,15.265302804363774,12.142048,7.518888888888889,102.82454017172277,40.92237945818792
21.000999999999976,263.3070458300453,1203.9759526746109,325.95952696832796,1286.5518588134566,261.5448882877339,1245.301510540975,2.13117264699383,15.24334407998486,12.080543,7.6211111111111105,103.65381646342952,41.363110765150765
21.101,263.3272076804592,1204.7551891097783,326.4574213443792,1287.9918633430618,261.5934078883884,1246.5031297884077,2.4950008469019855,15.22989935071078,11.971547,7.6819444444444445,104.46898015521145,41.78392768308585
21.200999999999993,263.3406489140635,1205.512161647318,326.95775656370176,1289.4311975183457,261.6483693292254,1247.7072586330469,2.7302000218031752,15.246903710304315,12.136154,7.646111111111111,105.30688945756829,42.22901869364632
21.300999999999988,263.34736953087315,1206.2913980832764,327.47597999631006,1290.8652937947145,261.70565303740716,1248.922977610347,2.665455790953396,15.250912150732574,12.205206,7.703888888888889,106.13775254845449,42.663178573775674
21.400999999999982,263.3608107644923,1207.0595025692344,328.0081005049857,1292.2940018796046,261.76009330163873,1250.1145358166093,2.564042261215246,15.240929825542771,11.650827,7.7188888888888885,106.97753008684019,43.08477903306972
21.500999999999976,263.36753138128705,1207.8498709536113,328.545009552166,1293.7180909966935,261.8140566225773,1251.2805717915273,2.735070163061787,15.197881822062065,11.694879,7.785,107.80285188288191,43.45847511243929
21.601,263.3608107644923,1208.6179754403604,329.0743967692146,1295.1386169602747,261.8739061853329,1252.423275993899,3.2730775326897525,15.121727758317405,11.190783,7.7461111111111105,108.64666030126077,43.83052865085457
21.69999999999999,263.36753138128705,1209.4083438247374,329.5803613424528,1296.5452930458785,261.9387039478098,1253.5235418587874,3.4687712676166647,15.079027218658405,11.0753565,7.891111111111111,109.43942055326305,44.13833079555811
21.799999999999983,263.37425199809667,1210.198712209905,330.0787976101531,1297.9678094780663,262.0034890255925,1254.6263861490647,3.254485052237749,15.067264329674897,11.019592,7.853888888888889,110.24024147551066,44.448815538449274
21.900999999999982,263.36753138128705,1211.0002125442825,330.57259542616424,1299.408707307047,262.06784560790106,1255.734447123837,3.3939487091505414,15.094785404894456,10.959203,7.948888888888889,111.05216152553635,44.7531108028052
22.0,263.3608107644923,1211.8017128770778,331.03572123286006,1300.831228250189,262.13484233006665,1256.8731486099794,3.342898169604376,15.129219072158515,12.084652,7.961111111111111,111.83089069873604,45.08810616589797
22.099999999999994,263.3540901476827,1212.5920812614547,331.49836064349194,1302.2734236745139,262.2032082397295,1258.0941928267916,3.0695973013269886,15.16295172134788,12.37455,7.97,112.63385271939507,45.51666382843125
22.19999999999999,263.3540901476827,1213.4047135442504,331.9757712645499,1303.7121805479762,262.26491621705674,1259.3210126927106,2.686575015282055,15.155248144366059,12.193004,8.02111111111111,113.42122251119514,45.92921540089753
22.299999999999983,263.3406489140635,1214.2062138786275,332.465268101522,1305.1426984150328,262.31587237774585,1260.5560213413462,2.047440594813658,15.084116369384896,12.528569,8.056944444444444,114.22634196038597,46.36113478745401
22.400999999999982,263.3339282972688,1215.0299781098417,332.9837349045337,1306.575142161892,262.35728245226557,1261.8062868747134,1.7430510365724594,15.084277542754192,12.242827,8.206111111111111,115.02874693634718,46.78650338263339
22.500999999999976,263.3272076804592,1215.8648742910564,333.51022241102714,1307.9901274221163,262.39315224541156,1263.02014194451,1.641351027936744,15.111092669620323,12.044881,8.233888888888888,115.81328862066299,47.16451766979697
22.601,263.3070458300453,1216.6886385230614,334.00933810269765,1309.413390679388,262.4283784978649,1264.2526660134934,1.6330431399073453,15.057336715948086,12.615666,8.24388888888889,116.6048617985534,47.572142766446916
22.69999999999999,263.29360459642606,1217.5124027550667,334.46282904583603,1310.8329449022658,262.46156959603366,1265.462451427599,1.5059840192591474,15.05074084794351,11.833654,8.336944444444445,117.36175738023722,47.95726691482847
22.800999999999988,263.27344274601217,1218.369562833909,334.90903689403547,1312.2884309403046,262.49215778497876,1266.6702742468867,1.3966121057466254,15.094760644679424,12.091309,8.448888888888888,118.12032905189032,48.3070298113028
22.899999999999977,263.2532808955982,1219.2267229127515,335.34087042238815,1313.717819583067,262.52206237079724,1267.8603178691028,1.4828307947579025,15.071173833856545,11.957573,8.578888888888889,118.84943379647153,48.6390916743873
23.000999999999976,263.23311904518437,1220.0838829923848,335.758532603589,1315.1783300635911,262.5556119338555,1269.0812820220008,1.6630919114729847,15.01062490926653,12.229091,8.53,119.5946883251764,49.00208288994777
23.101,263.21967781155024,1220.9521750204367,336.14453131562544,1316.6261719935303,262.5955966225852,1270.3099330830103,2.0627299735768245,14.958614708086376,12.357089,8.665000000000001,120.2977470919483,49.36170335689365
23.200999999999993,263.19951596115123,1221.8204670484886,336.5163947870015,1318.0732958567278,262.6411891590255,1271.5330246203212,2.208261253540045,14.924168114649364,12.121751,8.741944444444444,120.99575105908725,49.71569278558572
23.300999999999988,263.17263349392766,1222.7221549241685,336.88623513293294,1319.514027211121,262.6886843064085,1272.7422324277732,2.2904806971413136,14.824712217574717,12.081059,8.875,121.66495636545335,50.02241857690124
23.400999999999982,263.15247164351376,1223.6127108506394,337.2564780932754,1320.9466224938471,262.7390615289374,1273.9523629491102,2.4766919805588206,14.76860543192711,12.142546,8.88,122.33271895806983,50.34134961756506
23.500999999999976,263.1323097930849,1224.503266776319,337.6340019617607,1322.3706024848411,262.79253404177075,1275.1698049438135,2.5528953673112156,14.695299115116832,12.229774,8.91,122.99803874322839,50.667677442718464
23.601,263.10542732587635,1225.40495465279,338.0097322046867,1323.789910897799,262.84841237187203,1276.3889022080787,2.696134816093954,14.669163406283655,12.177789,8.976944444444444,123.65376866359605,50.984595369650776
23.700999999999993,263.07854485865283,1226.306642527679,338.3643482627176,1325.212574928178,262.90811557790323,1277.5984775179866,2.9568306128784636,14.655863095472863,12.043231,9.0,124.29937915455386,51.2921181353692
23.800999999999988,263.0651036250336,1227.2194623517776,338.70311434416533,1326.6365823387519,262.9698533982654,1278.7859418384553,2.9960782218449227,14.61915910539682,11.738133,9.090000000000002,124.91946370382772,51.56656745659589
23.900999999999982,263.0382211578101,1228.1211502266667,339.04866945811574,1328.0530962068856,263.03138467811914,1279.9604972357565,3.0015213208986653,14.542761822505645,11.785187,9.076944444444445,125.55469755531578,51.83934745988111
24.000999999999976,263.0180593073962,1229.0339700515563,339.412145519319,1329.4493860577986,263.0960797230093,1281.1570473690797,3.185154294238084,14.314586927369328,12.1808,9.055,126.17175666472036,52.123135709910805
24.101,262.99117684018756,1229.9467898764458,339.79182995136466,1330.825374678808,263.1658815790093,1282.3684643235038,3.411186144417245,14.23430146525734,12.087772,9.183055555555555,126.78654972050755,52.42196556386547
24.200999999999993,262.9710149897587,1230.8484777529168,340.1802865283153,1332.1935659641622,263.2406606711658,1283.5735462897073,3.690789548441071,14.21106190206296,12.060297,8.966111111111111,127.40525309444537,52.72575804104445
24.300999999999988,262.9575737561395,1231.7612975762245,340.56412718359763,1333.5569874842308,263.32098902770616,1284.7703305852529,3.9907329541920395,14.117498941763818,11.929327,9.078888888888889,128.0044515582794,53.010278731693795
24.400999999999982,262.93069128891597,1232.6741174011138,340.93993630954253,1334.9146285631673,263.40764383123167,1285.9639624446984,4.312735235055544,14.056434195106272,12.006231,9.176944444444445,128.6023500227198,53.29197940119018
24.500999999999976,262.9105294384722,1233.575805276003,341.313391827861,1336.2630084471662,263.49998116554923,1287.1650642969955,4.4788929956434735,13.926437064170258,12.086713,8.998055555555556,129.19624811102366,53.59250074177906
24.599999999999994,262.89036758810306,1234.4886251008925,341.68504915828885,1337.5805774447847,263.59469066011906,1288.3579616216362,4.599996220011322,13.72993846446317,12.088071,9.125,129.75574161408935,53.87394071510736
24.69999999999999,262.8702057376593,1235.3903129765724,342.06519501913294,1338.8951539079626,263.69394815448965,1289.5703998369959,4.759278487057681,13.638981853355949,12.241839,9.068055555555556,130.32689063859806,54.18634850008178
24.800999999999988,262.84332327045075,1236.3142647498805,342.45528555087907,1340.2146593433863,263.8010515353123,1290.8139214999094,5.083054072297131,13.607829869334621,12.473616,9.128055555555555,130.8944480672368,54.50807123078454
24.899999999999977,262.81644080322724,1237.2159526255607,342.84543977968644,1341.5048894477234,263.91168150447305,1292.0491710203678,5.152255914793024,13.623257623396118,12.580807,9.056944444444444,131.45654422915257,54.844155492871586
25.000999999999976,262.7962789528133,1238.1287724496592,343.25120698812975,1342.8150992935666,264.02623307198286,1293.329145486496,5.076737212605806,13.537333269051256,12.8665285,9.096111111111112,132.03114205836954,55.21407402593284
25.101,262.7693964855749,1239.0638561729675,343.6472711827068,1344.1034382651014,264.14502016794734,1294.623283394314,5.408766254884194,13.419900604547916,13.125143,9.29111111111111,132.56901757807185,55.57645449000515
25.200999999999993,262.749234635161,1239.9655440478566,344.0321458008662,1345.3936973138166,264.27575040210036,1295.9531158317864,5.812987979348966,13.509012929662358,13.599878,9.123888888888887,133.1240291932402,56.0083783433104
25.299999999999983,262.7089109343331,1240.8894958211647,344.4101524577425,1346.6811069297726,264.4190383395889,1297.3069388370727,6.265352482549582,13.59720966796994,13.903056,9.145,133.66734024219005,56.443355784320936
25.400999999999982,262.69546970072884,1241.824579544473,344.7975214991556,1347.9991643396272,264.5777462550418,1298.697752392164,6.756079374923225,13.606800575086497,13.816792,9.306944444444445,134.21545874427042,56.904312268845224
25.500999999999976,262.66186661669565,1242.7373993685715,345.18222292046687,1349.301872630324,264.7482972816497,1300.0877226939542,7.228196598110996,13.55967931731508,14.191339,9.228055555555555,134.77980622502807,57.38826342071698
25.601,262.63498414947213,1243.6724830910887,345.57521072291496,1350.5918213148886,264.93528947862313,1301.5180996632414,7.6607797334348655,13.410989590128617,14.659824,9.283888888888887,135.31750097555513,57.89133580441749
25.700999999999993,262.6081016822486,1244.6075668136061,345.97952514292496,1351.8707056844862,265.1409474526817,1303.0029566646188,8.100524841197748,13.414529895722877,15.321027,9.32,135.85350643355923,58.450293956049094
25.800999999999988,262.5744985982155,1245.5426505369146,346.3742222763725,1353.1605165499168,265.35824085846025,1304.5326801569236,8.069012162465555,13.564109077043542,15.580563,9.309999999999999,136.39647639777195,59.055675557400974
25.900999999999982,262.5543367478016,1246.4888662086414,346.74850523139884,1354.4624952096558,265.58155412762216,1306.1290205241846,7.8647527085014275,13.530576561639155,16.657177,9.458055555555555,136.91954778735231,59.716932706281014
26.000999999999976,262.52745428057807,1247.4239499319494,347.11391892503144,1355.7606120676082,265.8226957203064,1307.8351657184717,8.213111047940949,13.44078014272474,17.805023,9.363055555555556,137.44708932437692,60.50102155296104
26.101,262.50729243016417,1248.3812975528858,347.48610369875735,1357.0459282185834,266.078250772353,1309.5481873362733,8.772604334886324,13.322209781047981,16.83497,9.49,137.9470924751067,61.2710384215472
26.200999999999993,262.48040996294066,1249.338645173031,347.8740590394752,1358.3149921519812,266.34161937879776,1311.234065760526,8.982593366801758,13.219406362113817,17.29161,9.59388888888889,138.44825568956398,62.015740162123365
26.300999999999988,262.4468068789075,1250.2848608447578,348.2765302965507,1359.5748732841657,266.6060263692613,1312.9241212644868,8.79896039346234,13.232965448016676,16.920704,9.466944444444445,138.96419769478422,62.7771937306819
26.400999999999982,262.4333656453032,1251.2644723633218,348.68566465867696,1360.8332662151859,266.8606762729097,1314.579771791175,8.687806581206965,13.231684854835708,16.581701,9.653055555555556,139.44453976848544,63.469900118339794
26.500999999999976,262.4064831780647,1252.2106880342576,349.10147027933516,1362.0874379464342,267.10532833929784,1316.189482275261,8.594414460600646,13.194730055533798,15.982231,9.486944444444443,139.9604264060111,64.15111268233703
26.601,262.3728800940615,1253.1902995544037,349.5336981838993,1363.332945214172,267.33713639246844,1317.7543430267528,8.254364009190425,13.173737506052925,15.656645,9.656944444444445,140.45786059535104,64.75461026132162
26.700999999999993,262.345997626823,1254.181043022177,349.98008017769394,1364.567082287483,267.55219216921137,1319.25256594077,8.076460613802315,13.074187875165437,14.614968,9.888055555555555,140.94257727604716,65.2794573855985
26.800999999999988,262.3191151595995,1255.18291843916,350.43087260128226,1365.7917194493118,267.74733870334364,1320.6384502645321,7.948118067693017,13.025258637541024,13.376173,9.93388888888889,141.41424489903875,65.68022729393657
26.900999999999982,262.2855120755813,1256.1959258053523,350.8889843005744,1367.0162705580506,267.9287044441612,1321.9491335186412,7.806883971193278,13.123690334897569,13.087287,10.063888888888888,141.88630695536483,65.99492362822853
27.000999999999976,262.2586296083577,1257.2089331715447,351.35382816341894,1368.2420938376688,268.1001104073253,1323.2064134676466,7.716929597357744,13.09632467142288,12.290923,10.116111111111111,142.35981586485394,66.25549262784986
27.101,262.23174714113424,1258.2219405385279,351.8136731798295,1369.4621224673788,268.26202312316803,1324.4184314315412,7.5000650719006785,12.980010488552525,12.164822,10.120000000000001,142.82611647862626,66.47059225678895
27.200999999999993,262.2048646739107,1259.2349479039292,352.2666882626138,1370.6722305127796,268.41782628936295,1325.6184632359234,7.293800265653594,12.862468470452539,12.037292,10.113055555555555,143.2808431834747,66.67362296941866
27.300999999999988,262.1645409730679,1260.2479552701216,352.7132429173411,1371.8716071482174,268.57000956356643,1326.809322987816,7.271168432745928,12.733801513942053,11.973596,10.16388888888889,143.73206699409553,66.8688694409737
27.400999999999982,262.13765850584446,1261.2720945847323,353.1534052931471,1373.063547901769,268.7233666422947,1327.9878673508904,7.558793245901585,12.678527701831962,11.796083,10.173888888888888,144.15684235576745,67.04003197675367
27.5,262.1040554218262,1262.273970002506,353.5926440217153,1374.238452683508,268.8783738800808,1329.1306960926574,7.8937415081461495,12.66164298227252,11.502865,10.07611111111111,144.58978949436278,67.1990566456656
27.601,262.0771729546027,1263.3092412671172,354.0519292377402,1375.4264317366076,269.0361141860201,1330.2565655850951,8.060982158966883,12.560107225524415,11.009356,10.27111111111111,145.015930821805,67.30803144052607
27.700999999999993,262.04356987056957,1264.311116684891,354.51115851342126,1376.5879286950253,269.19395674231055,1331.3506068533054,8.357201339049501,12.419630584671243,11.098098,10.045,145.45218274258616,67.41973950154733
27.801999999999992,262.0032461697418,1265.3241240502923,354.9664870547246,1377.7514293921197,269.36059918561375,1332.4656257677111,8.641336839232824,12.32167151217241,11.226777,10.153055555555556,145.88373158876843,67.54340749673733
27.900999999999982,261.96292246889897,1266.348263365694,355.40471795585614,1378.8871132539257,269.5297535753209,1333.5636030705998,8.87503486471076,12.27028868144229,11.216317,10.226944444444444,146.27495300970796,67.63992034766893
28.000999999999976,261.9225987680712,1267.350138782677,355.8476930464367,1380.0288851953587,269.70702604065934,1334.682020964161,9.13573066149527,12.223599695844774,11.431338,10.041111111111112,146.69159222100382,67.78037817881696
28.101,261.87555445043375,1268.3520142004509,356.3003873369843,1381.1605553454524,269.88899695015743,1335.7949666612747,9.44025772960737,12.15437602531722,11.123222,10.043055555555556,147.11157677394561,67.91735490527671
28.200999999999993,261.8217895159867,1269.3650215666432,356.77108023295926,1382.2722473337096,270.07800333428486,1336.9066025881064,9.853073820999105,11.991916023242096,11.428712,10.143055555555556,147.52426728532316,68.04432550545508
28.300999999999988,261.76802458152474,1270.3668969836262,357.2493203093613,1383.3629018072631,270.2781987543722,1338.0411580042435,10.158460325803818,11.826078756243117,11.613021,10.023888888888889,147.93503621512366,68.2072479223347
28.400999999999982,261.707539030283,1271.3576404513994,357.71534558863476,1384.4457916402932,270.4827601304705,1339.1686453633154,10.411707671251627,11.752863560816671,11.304915,9.930000000000001,148.34563983976068,68.3764352136104
28.500999999999976,261.6403328622316,1272.348383919964,358.16927246909677,1385.5264213195362,270.689975551226,1340.2865528933194,10.589611066639737,11.689073461525465,11.4341135,9.873055555555554,148.7518212703455,68.53824360348511
28.601,261.56640607735574,1273.327995438528,358.6276861102075,1386.5930376108238,270.9052222878124,1341.4119400070358,11.065166036598429,11.530964508142715,11.481819,9.84611111111111,149.16387585440253,68.72144495148756
28.700999999999993,261.48575867570014,1274.3187389063016,359.0958191854361,1387.6370745478175,271.12763519743856,1342.5301515314388,11.436156208945615,11.35323506643255,11.320621,9.9,149.5619239822675,68.88949553580123
28.800999999999988,261.40511127402954,1275.2872184764472,359.57277405293246,1388.6614670080046,271.3517045482349,1343.625975645122,11.679376792978635,11.247142318640499,11.049388,9.821944444444444,149.9686975524151,69.0588187643083
28.900999999999982,261.31102263875465,1276.2668299958023,360.06550712759645,1389.6709436009323,271.57632752573,1344.7055551249334,11.828059340815075,11.22034189473221,11.004631,9.806111111111111,150.37599937896388,69.2043032023539
29.000999999999976,261.2169340034649,1277.246441514366,360.5721919574599,1390.6707291488722,271.79701168751416,1345.7710221112313,11.572806643084308,11.196839878881876,10.757053,9.766944444444444,150.78639298192675,69.33654296095816
29.101999999999975,261.1026835177761,1278.192657186884,361.0887995132742,1391.6699698784516,272.0103363067832,1346.8252174323752,11.30400635828766,11.078254844801036,10.541277,9.561944444444444,151.24259944726234,69.49392214587203
29.19999999999999,260.995153648882,1279.1611367562386,361.59696378638137,1392.625212920507,272.2052561367041,1347.8127761194974,11.019045798879308,11.004058987366745,10.00187,9.765,151.64043254604744,69.5608653270674
29.299999999999983,260.8674619295591,1280.1073524279652,362.13796236492755,1393.5799829291302,272.39015311699904,1348.7796866714216,10.625996751419585,10.947534883778232,9.686851,9.611944444444445,152.0912625080214,69.63233374407392
29.401999999999987,260.73977021026604,1281.0647000489016,362.7204487172463,1394.5284705111733,272.5639567029358,1349.7222180523127,10.258690697695053,10.8803378547699,9.105838,9.683888888888887,152.5584674682436,69.66825794149116
29.500999999999976,260.58519602370467,1282.0109157206284,363.31151804699795,1395.4240006397183,272.71997347146015,1350.5905031618586,10.110927747119804,10.7992882097896,8.716209,9.591111111111111,153.02034200490485,69.64490388618458
29.601,260.4306218372179,1282.9348674947273,363.9262683314413,1396.3084093932566,272.8663485569146,1351.4236522577814,9.808978989085793,10.742955563223541,8.202042,9.431111111111111,153.50866049143556,69.6086268889635
29.700999999999993,260.26260641706716,1283.881083165663,364.5515275381464,1397.1806838142793,273.00141906503995,1352.2208481417156,9.418221772806593,10.7219960784442,7.9692035,9.491111111111111,153.99018986849325,69.51691035037621
29.800999999999988,260.0744291465025,1284.805034939762,365.18745956772307,1398.0413891453713,273.12961490241526,1353.0001232003233,9.26409612591641,10.681694903623866,7.8257947,9.43611111111111,154.50314261564606,69.43347850991721
29.900999999999982,259.87281064233355,1285.6955908662326,365.83293656487587,1398.8919291994239,273.25461797761216,1353.7696179810034,9.189611612549408,10.673271977110666,7.765847,9.28,155.0514730583471,69.37684004897508
30.000999999999976,259.6510302877357,1286.608410690331,366.4872777586677,1399.7353807808154,273.376816595474,1354.5341335618791,8.972174129297272,10.677232283235588,7.7185802,9.346111111111112,155.60107690990944,69.29863661998004
30.101,259.41580869954856,1287.5100985660113,367.1524262441679,1400.5684660475824,273.4935996638843,1355.2919537032583,8.546180008617409,10.644413515742356,7.61684,9.296944444444444,156.17097431198144,69.22834740395204
30.200999999999993,259.1537046441229,1288.3895225432725,367.8386506546604,1401.384236007666,273.6041414976529,1356.0423930624484,8.211572656261026,10.67903392311232,7.5539694,9.28111111111111,156.78081119899156,69.17894198917928
30.300999999999988,258.8714387382834,1289.2689465205337,368.5595834423476,1402.178283230989,273.7091113234032,1356.7798311030879,7.987832637262453,10.775454015341316,7.3434887,9.19111111111111,157.4166681295685,69.12218214771694
30.400999999999982,258.5555697484257,1290.1372385485856,369.3123087437425,1402.9531323328592,273.8098013448464,1357.5051605571348,7.818237129903738,10.8318925397776,7.302227,9.203888888888889,158.0964298243994,69.07335591490543
30.500999999999976,258.21281829132954,1290.9721347290092,370.08330836285114,1403.719398832067,273.9064466717227,1358.2188638883113,7.60223204113943,10.908633822738134,7.102142,9.091944444444445,158.82994714967043,69.05369327100763
30.601,257.856625600629,1291.7958989610142,370.8724217797172,1404.4852166929427,274.0004959406276,1358.929926563904,7.468159917078787,11.084517153075991,7.242977,8.993888888888888,159.59778355879735,69.04782553955087
30.700999999999993,257.473550442705,1292.5973992946006,371.675586186881,1405.2540662363444,274.091888509444,1359.6336251483767,7.328644693964439,11.152418511982477,6.9492044,8.94888888888889,160.4170488898766,69.06536568222103
30.800999999999988,257.0703134343671,1293.398899628978,372.49022904317485,1406.0294085142264,274.1769537135819,1360.3209435445597,6.780037605126707,11.340375959739978,6.902202,8.88,161.26806395221072,69.07385253105191
30.900999999999982,256.633473341996,1294.1670041141451,373.3252847140501,1406.8127205182873,274.25563157161497,1361.0064381218174,6.314795875480505,11.558651262251802,6.8978105,8.896111111111113,162.19135693831984,69.12344319502394
31.000999999999976,256.17647139921104,1294.9239766524756,374.18051452975055,1407.6203095338385,274.3343262286139,1361.7166542600019,6.330265735949037,11.967361976257434,7.393443,8.81,163.17296847229684,69.2168294130019
31.101,255.70602822280688,1295.6586852923874,375.05509728595337,1408.473373935837,274.4168185943006,1362.4495499180473,6.514185188186072,12.468199080698339,7.3570476,8.776111111111112,164.2295779083602,69.36218907855493
31.200999999999993,255.19526134557486,1296.3711300330895,375.93752362393343,1409.3834307986174,274.50585959845523,1363.1960986255058,7.076829743004509,12.888690021401631,7.679932,8.741111111111111,165.37978723052606,69.55915203811483
31.300999999999988,254.68449446834285,1297.0613108753726,376.8156899817188,1410.3530752585123,274.60545566219196,1363.9677097894364,7.625723310739806,13.278499267034045,7.8804927,8.686944444444444,166.58647242369742,69.80910335002655
31.400999999999982,254.14012450709265,1297.740359769237,377.6869442723341,1411.360285222099,274.7080608430011,1364.736418172568,7.5790272504366465,13.357207688124504,7.6300263,8.693055555555556,167.84905163276602,70.0821792376671
31.500999999999976,253.568872078604,1298.3637489178457,378.54870755612194,1412.3808875503175,274.80962924882436,1365.5021702924946,7.532617669031053,13.358350496916499,7.819149,8.5,169.17407359853863,70.41830294635184
31.601,252.9774577997014,1298.9871380656632,379.3984072658364,1413.4178245762716,274.9144101603808,1366.281265840929,7.785578535581369,13.455167019045616,7.903089,8.626111111111111,170.51873351396966,70.77944272109333
31.69999999999999,252.3591610535753,1299.5771313674345,380.22059159475475,1414.4697367377141,275.02594917977757,1367.0679119348347,8.34628362826326,13.518918075653044,8.147898,8.563055555555556,171.89780739965144,71.195426437062
31.800999999999988,251.70054060662136,1300.1337288207867,381.03633965476286,1415.5706797671655,275.15568346878524,1367.9017367037802,9.317031696608527,13.616494065424488,8.562742,8.591111111111111,173.3592759537773,71.71224873837096
31.900999999999982,251.04864077647707,1300.6569304280924,381.8245756683228,1416.6879815744342,275.30651928607335,1368.77884452457,10.16615514899236,13.732260970677128,9.237404,8.453055555555556,174.83006027843507,72.31210030108527
32.000999999999976,250.34969662868036,1301.1690000861886,382.60104311193066,1417.8384672525515,275.4789420920019,1369.7182162976155,10.620797159428642,14.028984353031214,9.864044,8.586944444444445,176.35811071656374,73.01009533452769
32.101,249.65075248086876,1301.6588058458663,383.36912879427865,1419.0104126506988,275.6759189584776,1370.7449141571467,11.074579733172358,13.995545884898778,11.044571,8.568055555555555,177.91010028542703,73.82546750129814
32.20099999999999,248.92492586586351,1302.1152157579154,384.11624934377625,1420.1602880035086,275.89341345309776,1371.8405052398875,11.378533843489242,13.43001045441359,11.294923,8.563055555555556,179.47515991127287,74.75904838939313
32.30099999999999,248.19237863404862,1302.5716256699648,384.8402512577677,1421.3096799666712,276.1189044615572,1372.942267597901,11.756399509378,13.740667596458975,11.197211,8.726111111111111,181.02863483646934,75.70943197610404
32.39999999999998,247.4396695518049,1302.9835077859675,385.54900651586587,1422.5034704414368,276.3550949332672,1374.0384351573189,12.553638768623724,14.308764427219415,11.456363,8.655,182.6450394339176,76.71313139703614
32.5,246.66007800235258,1303.3397301567138,386.26213352232753,1423.7715807994225,276.62102848811253,1375.2027544241205,13.153525580125832,14.790379325183798,12.430027,8.61,184.37072586131958,77.85854359585748
32.599999999999994,245.86032460247148,1303.6736886290414,386.97740247922786,1425.0934940013362,276.90747904431515,1376.4422821436028,12.877646401770356,15.270459674969928,13.013968,8.684999999999999,186.16336590511165,79.11506810351086
32.70099999999999,245.04040935217637,1303.951987356113,387.6980004047898,1426.4705966020872,277.1926611375144,1377.7148581194597,12.380843291979351,15.50770134913563,12.810808,8.661944444444446,188.04786065388356,80.46569702747844
32.80099999999999,244.20033225146744,1304.2080221847657,388.3954587802163,1427.8494904124098,277.4666712299735,1378.9844556906137,11.982637624363452,15.397772520911023,13.16595,8.758055555555556,189.94590593147672,81.84231373126848
32.90099999999998,243.36025515075846,1304.4640570134184,389.0789604914219,1429.2216491035297,277.7362739018111,1380.2832103368664,11.475569975672702,15.261612643613626,13.363156,8.815,191.82908504781466,83.24815118582063
33.000999999999976,242.49329558282594,1304.6644320976059,389.75094962305286,1430.5855613853382,277.9993496209226,1381.5918469830108,11.257559534625436,15.147991418019481,13.333249,8.918055555555554,193.75486438933336,84.72607057044165
33.101,241.61289478127424,1304.8648071802115,390.40657748109453,1431.931902479639,278.25478321422975,1382.8883790752172,11.030954726651144,14.801857244175766,13.095891,9.02,195.6670813376858,86.19922133748241
33.20099999999999,240.71905274611822,1305.0429183659803,391.0542322111357,1433.2471001640884,278.50617780517626,1384.1738638591119,11.09970966206684,14.518857628371144,13.100834,9.101944444444445,197.57777814142295,87.69021242342755
33.30099999999999,239.82521071096218,1305.1987656525391,391.69260031534554,1434.5358042332648,278.7587739995459,1385.445661665165,11.370145741368573,14.244246580489408,12.832032,9.116111111111111,199.47875469353042,89.19297433098278
33.40099999999998,238.92464805902642,1305.3657448890986,392.3103549647749,1435.8227029383759,279.0152836960009,1386.7106034561511,11.555211109195819,14.306810400604517,12.981757,9.193055555555555,201.36085266617013,90.68762363779545
33.500999999999976,237.99720293982233,1305.4993282780295,392.91841535395474,1437.1170477140365,279.26907274674915,1387.9501854785074,11.587010266825578,14.294362514490375,12.324152,9.383888888888889,203.2825770335476,92.20363924733947
33.601,237.05631658702887,1305.6329116669606,393.51972129958483,1438.4087659246743,279.5150299226662,1389.1553069079948,11.483304905906875,14.202273086646862,12.275147,9.483055555555556,205.20775932725036,93.69489230965243
33.70099999999999,236.11543023423545,1305.7553631066821,394.1013029194102,1439.6980310450638,279.75779100705705,1390.3409941924508,11.661208301294986,14.085905032578959,11.930561,9.528055555555556,207.12357244540715,95.18079974450139
33.80099999999999,235.15438203101317,1305.855550648776,394.6649890310109,1440.9825077361531,280.00024086987435,1391.5097920077926,11.77665929701384,13.968595008256434,11.943037,9.663055555555555,209.0524534111035,96.68402203975452
33.90099999999998,234.18661321099617,1305.9780020884978,395.21802203254,1442.261475374,280.24328470443146,1392.6701155337166,11.884661841395994,13.899790563284908,11.767064,9.71,210.96042215972966,98.16689626678085
34.000999999999976,233.20540315735997,1306.0781896298004,395.7592881723072,1443.5310491837474,280.4840959885228,1393.8106227273208,11.961151707045955,13.703097123197582,11.546,9.866111111111111,212.87802642125794,99.66069743401535
34.101,232.21747248694402,1306.1783771718942,396.28369613224305,1444.7891441305685,280.7230690117961,1394.9358700983469,12.019020444354181,13.557605394477957,11.46087,9.891944444444443,214.7805169425318,101.14685088929379
34.19999999999999,231.20937996606938,1306.2563008155691,396.7834397240622,1446.0283438168979,280.9591290721188,1396.04108985331,12.09417818313046,13.436283746229504,11.370413,10.088055555555556,216.68177881286803,102.64670417829548
34.29999999999998,230.2080080620342,1306.3676203060813,397.2701701493027,1447.279788375291,281.1925189042982,1397.1327144715524,12.041179587080862,13.419578109766903,10.955495,10.13888888888889,218.55435276204858,104.10438350373035
34.40099999999998,229.19319492436483,1306.4566758989658,397.7470992302444,1448.5466494528523,281.41816725130076,1398.193292770414,11.979838725534156,13.385863614636794,10.516133,10.180000000000001,220.45402976879274,105.56066790982375
34.5,228.1582199362816,1306.5568634402687,398.2065719172397,1449.7861628882722,281.634171854446,1399.209187875766,12.027769509885834,13.319871928215532,10.465793,10.316944444444443,222.33100150857433,106.97724364019895
34.601,227.12324494821328,1306.6681829315717,398.6682213021389,1451.0437217519698,281.8557824538962,1400.2595261767894,11.80381749650305,13.207292885375175,10.790932,10.46111111111111,224.21412783754099,108.42043254043567
34.70099999999999,226.08154934333535,1306.7683704736653,399.1137060362967,1452.2830037840283,282.072515149013,1401.313457655486,11.435978592029082,13.131319596855015,10.728888,10.483888888888888,226.08546118064945,109.88067055706675
34.80099999999999,225.01969188804352,1306.8574260657588,399.54615036035,1453.5185155110346,282.2887918069596,1402.3772323395012,11.547132404284456,13.049043325341662,10.981877,10.61,227.9670148599593,111.37227301306228
34.90099999999998,223.95111381592713,1306.9576136078526,399.9676161628029,1454.742146935315,282.50950969238323,1403.4472562498195,11.764283408639026,12.834604845108862,10.869181,10.748888888888889,229.8305405929412,112.86867087371152
35.000999999999976,222.88253574382566,1307.0689330983648,400.38359268679363,1455.9461560269974,282.73230740778325,1404.5144586414565,11.819860314766713,12.642277516628909,10.9350395,10.741111111111111,231.67013774505452,114.35744670373325
35.101,221.79379582131028,1307.1691206404587,400.7939097865148,1457.1339905832976,282.95762936331374,1405.5975412996115,11.68578819070607,12.491889049092215,11.190418,10.91,233.51767174355092,115.88428938820418
35.20099999999999,220.6916146651757,1307.2693081817615,401.1967527103622,1458.3141578308719,283.1819294133125,1406.6869116483106,11.582655787582528,12.448703129888642,11.054035,11.036944444444444,235.36493253293742,117.42614409216199
35.30099999999999,219.58943350904113,1307.3694957230643,401.59455573398475,1459.4903996026328,283.4043250494221,1407.7683948045058,11.657999737642227,12.385090107043531,11.028231,11.093055555555557,237.2058892887223,118.96335284059559
35.40099999999998,218.460369885683,1307.4585513159486,401.9866318514738,1460.6594476763787,283.62929921319693,1408.8560247925657,11.71500903825774,12.275819191973621,11.184853,11.258055555555556,239.06568862297098,120.53396607237217
35.500999999999976,217.34474749594412,1307.5921347048795,402.37295195850635,1461.8194247084812,283.85516415833473,1409.9485641404344,11.645681145046915,12.176503965359625,11.127993,11.30111111111111,240.87651074460285,122.06749842362026
35.599999999999994,216.22240448939564,1307.7145861438103,402.7514962919465,1462.9619523995007,284.0800158287256,1411.0427746495693,11.579599057745488,12.138765572971668,11.439168,11.331944444444444,242.68260509977415,123.61783834285906
35.69999999999999,215.0798996324332,1307.8370375843228,403.13283531366613,1464.1187771256582,284.3054566614861,1412.1346671874423,11.756643016440902,12.222377035054803,10.859315,11.510000000000002,244.5156206306577,125.18056273564265
35.80099999999999,213.9306741586612,1307.948357075626,403.51731840907917,1465.290552417352,284.5269885998246,1413.1869066218858,12.026890019670255,12.19825752896858,10.433944,11.538888888888888,246.37301417381005,126.72407791448389
35.90099999999998,212.76800745128486,1308.0596765669293,403.8926102128606,1466.4466038849541,284.7451382219324,1414.2092232155833,12.064132276353757,12.110639409560187,10.472712,11.661944444444444,248.22375495914045,128.25144680544412
36.000999999999976,211.58517889347974,1308.159864107441,404.2603525619163,1467.5921049227557,284.9617269488281,1415.2267175814775,11.969021282362045,11.951020093379018,10.333117,11.865,250.08470956768758,129.79764603932395
36.101,210.40907095246922,1308.2934474963722,404.6183383099947,1468.7275170937487,285.1767494195496,1416.25748832462,11.604047166863626,11.859392034895237,10.726173,11.866944444444444,251.9053993369786,131.32570142710173
36.20099999999999,209.2128011610747,1308.3825030892565,404.96699273878227,1469.8698717062491,285.3921028049833,1417.326224417269,11.188079807598672,12.028422670758466,11.078318,11.961111111111112,253.76736146140286,132.9361516508932
36.30099999999999,208.00309013603112,1308.4938225805597,405.3108292354354,1471.0207919484183,285.6140651294446,1418.4348433479167,11.45020799887101,11.995251772375532,11.534156,12.141944444444446,255.62738444935712,134.5752261257498
36.40099999999998,206.78665849420773,1308.605142071072,405.65016447939814,1472.1720448368235,285.8554761427045,1419.5980048617969,11.984491142830471,12.00926464005294,12.225092,12.18888888888889,257.48946714982867,136.27653325063687
36.500999999999976,205.56350623555983,1308.7164615623751,405.9842998473013,1473.3231512772543,286.1310199272265,1420.8722217451186,12.394155966348986,11.963181857076803,13.848455,12.261944444444444,259.35276518836423,138.0943112681546
36.601,204.33363336011726,1308.8277810528873,406.3175774059593,1474.4683817557257,286.4343463288951,1422.2401672427109,12.608155702830397,11.891656398725726,14.175025,12.393888888888888,261.2170022290107,140.01034394376487
36.70099999999999,203.07687801746604,1308.9391005433995,406.6517803125192,1475.6056964370853,286.74859816945735,1423.6381269578312,12.728763318705427,11.816372482922645,14.481896,12.551944444444443,263.0978810846442,141.97472808078084
36.80099999999999,201.83356390841914,1309.0504200347027,406.98131258225857,1476.731284042791,287.07122394946106,1425.05482533674,12.929012068103638,11.640328261828998,14.577547,12.52388888888889,264.9574889306656,143.95305046698923
36.90099999999998,200.56336733214874,1309.1394756267962,407.3029599135439,1477.8456851938274,287.41064988716215,1426.5330087147843,12.935314603850077,11.557552569071353,15.755511,12.70611111111111,266.8389856958617,146.02634042552353
37.000999999999976,199.2931707558634,1309.2619270657267,407.61810788433644,1478.9512398106817,287.76112497535775,1428.0709155402435,12.740795432403175,11.434363435089397,15.791263,12.728055555555557,268.6889322049522,148.1288448146424
37.101,198.00281232916416,1309.373246557821,407.9315328652299,1480.0576352330306,288.11455935839984,1429.6287077849274,12.824160791594728,11.564302833772905,16.156406,12.918888888888889,270.560951068959,150.2714307764622
37.20099999999999,196.70573328567022,1309.4734340991238,408.2447217613359,1481.1714790791586,288.46893096302233,1431.1814985479252,12.888045585751811,11.576463268180682,15.697882,13.010000000000002,272.44992621631206,152.42485820838544
37.30099999999999,195.40865424217625,1309.584753589636,408.5551847200481,1482.2839743936754,288.81450133595,1432.7071792130282,12.635657676996699,11.52361172920326,15.588743,13.058055555555553,274.3291167941834,154.54379302545024
37.40099999999998,194.098133965078,1309.718336978567,408.8642663557645,1483.3929045418543,289.1489898514332,1434.2125149793947,12.417360757051867,11.500355668756836,15.252314,13.208888888888888,276.20164199430224,156.63162375724258
37.500999999999976,192.78089307115525,1309.8407884190797,409.1726167020252,1484.4976646536381,289.47368161235653,1435.698793221186,12.228571163556271,11.439346518444847,15.174346,13.22888888888889,278.0834451598165,158.7127365041649
37.601,191.4434903268186,1309.9521079095919,409.4768187914637,1485.5959245411102,289.78641250226786,1437.168308958066,11.795128591539704,11.352923063398904,14.874344,13.368888888888888,279.9808612070801,160.79580887327967
37.70099999999999,190.0993669656872,1310.0745593493136,409.77354575315746,1486.688992856886,290.08162705704837,1438.5946458416067,11.587717869702358,11.2997400124697,14.257051,13.51,281.8677046934433,162.83078629351112
37.80099999999999,188.74852298773132,1310.1747468914073,410.06801178172907,1487.7847627549465,290.37653985695624,1440.0054960659124,12.020873962821236,11.393187239780078,14.57003,13.551944444444445,283.77391327442905,164.87655152866566
37.90099999999998,187.384237776186,1310.2860663819195,410.36680040381736,1488.8812452720879,290.67828009059485,1441.4053238508543,12.312795959440374,11.336173496108024,14.069651,13.686944444444444,285.68769864801106,166.91889904038942
38.000999999999976,186.01323194783114,1310.4085178216412,410.66755402471,1489.9755615831111,290.9850203738652,1442.8305527138004,11.990507199679303,11.361682531728672,15.087741,13.775,287.6002218932657,168.98127615312973
38.101,184.62878488585702,1310.5198373129442,410.9675938843144,1491.0762460637243,291.289396370539,1444.279996580386,11.72350886714828,11.455262996633419,14.533496,13.85888888888889,289.53388955322475,171.0797072990765
38.20099999999999,183.2376172070733,1310.6311568042477,411.27098891618795,1492.1837347718492,291.5845824824387,1445.6749794794275,12.181015666560215,11.51069860513245,13.9841795,13.959999999999999,291.4799430144539,173.13549297329723
38.30099999999999,181.8397289114949,1310.7424762947599,411.5794394592819,1493.2872635736053,291.88331994510906,1447.0248613127778,12.783480788140242,11.40590284786354,13.667062,14.044999999999998,293.4330144432625,175.16415270760345
38.39999999999998,180.42839938228232,1310.8649277336904,411.88369261059677,1494.3644926523957,292.19121944629137,1448.3340057921957,13.69189677795314,11.20766210526134,13.502778,14.16388888888889,295.3703490344946,177.16849429544607
38.500999999999976,179.0103492363049,1310.9762472249936,412.1842187328469,1495.455042345062,292.53604239999794,1449.6881812496347,14.852164960982803,11.192815323444247,14.169695,14.263055555555555,297.32554425232723,179.24587484556895
38.601,177.5721372398688,1311.0875667155058,412.4633420765012,1496.5402587206538,292.9144667728691,1451.0844699950487,15.46351092838753,11.219212456055185,14.763931,14.401944444444444,299.2767600091278,181.3918022126715
38.70099999999999,176.13392524346256,1311.2100181552273,412.73183688419607,1497.624002146103,293.30000939408774,1452.5107739868135,14.789139603518588,11.110975336387094,14.786445,14.466111111111111,301.2121266152922,183.5586959905984
38.80099999999999,174.6755513966275,1311.3324695957401,413.003811471254,1498.6947816392733,293.6797766736768,1454.0067288497376,13.743491627404895,10.984812241236307,16.082972,14.606944444444444,303.1583670699146,185.7900693994907
38.90099999999998,173.2171775497924,1311.4326571370427,413.2711788389184,1499.755795765137,294.0768555051159,1455.5938721532177,14.338794776545786,10.89924641512446,16.638689,14.648888888888887,305.10904292999265,188.12101868319857
39.000999999999976,171.73864185254345,1311.543976627555,413.5257170434883,1500.806049498371,294.5084314624109,1457.2652633488706,14.608084940257257,10.71402131155964,17.885637,14.768888888888888,307.0523114336542,190.544259017602
39.101,170.25338553848485,1311.6552961188584,413.7689127213182,1501.826465695877,294.96634254236517,1459.1010199170464,13.466466533458831,10.26591192956194,19.956345,14.911111111111111,308.9739240088465,193.11541396538823
39.20099999999999,168.75468799082196,1311.777747559371,414.0018977749757,1502.8142484548775,295.41411913940084,1460.9958064993239,13.117248757326614,10.031864796154723,18.98338,15.073055555555557,310.8715789217657,195.72593239703536
39.30099999999999,167.24254920953985,1311.8779351006738,414.2271519927586,1503.786028704434,295.83813573651236,1462.7718106712234,13.764118108029276,9.919090223015651,17.535585,15.146944444444445,312.7780529426801,198.25687014304597
39.403999999999996,165.73713104508224,1311.989254591186,414.4513935138066,1504.779155799101,296.2689924217332,1464.5031047860662,14.191089121749776,9.850511009590774,17.107395,15.134999999999998,314.68512891955857,200.74621126118316
39.500999999999976,164.21827164699053,1312.1117060316985,414.65706865741635,1505.7113307108334,296.66620009888317,1466.0712004093702,14.238885261019579,9.831889471066296,16.245619,15.226944444444444,316.54447669155616,203.0910624823899
39.601,162.67925039846995,1312.2007616237918,414.8698600478844,1506.6730711749624,297.0582303250718,1467.618453429026,14.196199905282324,9.868151563342353,15.677288,15.438055555555554,318.4644136752326,205.4564897300176
39.70099999999999,161.13350853318454,1312.3232130627225,415.0937325809168,1507.6484249436708,297.439780325047,1469.118428530605,14.349179636582244,10.146510658999343,15.277582,15.518888888888888,320.3868502212781,207.7598116176869
39.80099999999999,159.5810460510597,1312.445664503235,415.33284804267737,1508.6425403321928,297.8090321764252,1470.5599549845447,14.386994851060876,10.303086743811258,14.483773,15.64611111111111,322.338639177811,210.01691599174146
39.90099999999998,158.0017011017113,1312.5569839937475,415.5792194032651,1509.6475547049922,298.1657463463516,1471.9553448835225,14.29217033596673,10.392351066675177,14.3215,15.841944444444445,324.3314215392512,212.2587973057619
40.000999999999976,156.42907676918745,1312.6794354342599,415.8244478066165,1510.6530418887687,298.51438472988474,1473.3329413593785,14.11054271491027,10.306848937067121,14.099097,15.77888888888889,326.3119785852954,214.47093906708744
40.101,154.84973181982411,1312.8018868739816,416.0623355362485,1511.6465299141091,298.85055044764846,1474.6781864291968,13.947536222195513,10.124704938105626,13.6331625,15.866944444444444,328.2852668123708,216.65680723940642
40.20099999999999,153.2502250201066,1312.9354702629128,416.29055918448626,1512.6295062546749,299.1806251943408,1475.9930909375387,14.237166387634128,10.057870545394657,13.480929,16.043055555555554,330.25433442725273,218.82291780131789
40.30099999999999,151.63727698673998,1313.0690536526347,416.5167520725484,1513.625202392213,299.5032678502581,1477.2526500979902,14.508175424730991,10.363447965773371,12.523663,16.17111111111111,332.2407336841544,220.9538517333006
40.40099999999998,150.0243289533734,1313.2137689899841,416.7492005004826,1514.6584309733153,299.81269199136733,1478.4479633535523,14.518488665043346,10.81762267866019,12.170605,16.226944444444445,334.24857358469075,223.0221798130833
40.5,148.39793968640248,1313.3362204297057,416.9917984862952,1515.7185602567004,300.10351843126017,1479.577637530035,14.34973827043241,11.15295619023234,11.395264,16.305,336.30532624219,225.05730688390872
40.601,146.75810918579742,1313.4809357678462,417.24943660292854,1516.8099788963323,300.38232038451275,1480.691315103107,13.758319775142477,11.053354075583119,11.338612,16.42388888888889,338.3906883875905,227.06763138736727
40.70099999999999,145.11155806841262,1313.6145191567773,417.5025031447698,1517.8766981332785,300.64490929371027,1481.7824938227675,13.298521144550017,10.87320458667228,11.108163,16.538888888888888,340.4700643519475,229.0656915529537
40.80099999999999,143.4582863342182,1313.7814983925457,417.75063698767804,1518.9284582234582,300.9019186378673,1482.865625802694,13.398215800902776,10.739474293550572,11.155975,16.64611111111111,342.5223624157503,231.03666266421425
40.89999999999998,141.7915733664195,1313.9150817814766,417.99321298797025,1519.959367735468,301.15217600592337,1483.9237630617667,13.211597717450735,10.655773415267062,10.810286,16.721944444444443,344.5890211598785,233.0209290692343
41.000999999999976,140.11813978179623,1314.0597971204081,418.2347200404439,1521.0040907302664,301.39557092211334,1484.9814565173135,12.703799547571169,10.577484842493261,10.681748,16.793888888888887,346.6623326415029,234.9991988203608
41.101,138.43126496356868,1314.2156444069672,418.4670300374095,1522.0277047720895,301.62563981423506,1486.0275429936194,12.105345130556888,10.415412876315537,10.740295,16.95611111111111,348.7203494975431,236.9635678302677
41.20099999999999,136.7376695285315,1314.371491694317,418.701662565141,1523.0536211297112,301.84804166826405,1487.0921829418219,11.500874656693904,10.632756254022537,11.01244,17.028055555555557,350.78757748078795,238.9432404842976
41.30099999999999,135.03063285989003,1314.5273389808758,418.9442994816539,1524.09913077904,302.0693817546953,1488.181284800311,11.47509155591302,10.833158526470244,11.21488,17.165,352.88426716433133,240.95152319709695
41.40099999999998,133.31687557443894,1314.6831862690167,419.19451150684137,1525.1631149779685,302.3014880941751,1489.3084871634996,11.787640033156865,11.027070752531015,11.80223,17.161944444444444,355.0039761969218,243.0016357577333
41.500999999999976,131.59639767217826,1314.850165504785,419.4504478453027,1526.245463127833,302.55051579844746,1490.4841661142204,12.125112174488901,11.216867368595217,12.233147,17.29388888888889,357.13852502664656,245.09714946201547
41.601,129.86247853629834,1315.0171447413443,419.70950100254026,1527.3544876511853,302.8103550350236,1491.674219740441,12.510139812816902,11.560736612626862,12.128798,17.461111111111112,359.30271864621005,247.22194508711155
41.70099999999999,128.12183878363865,1315.195255926322,419.9771283780831,1528.4875261393972,303.0752907970053,1492.8712566301303,12.450265723225735,11.723805384012966,12.391306,17.498055555555556,361.4873477687767,249.35410884421594
41.80099999999999,126.36775779735977,1315.3511032128808,420.24903516561943,1529.6141512907616,303.33677702749833,1494.073004429974,12.098183158117864,11.455652447412376,12.20615,17.618888888888886,363.69610797920865,251.51451596663267
41.90099999999998,124.60695619425633,1315.5292143986496,420.5126213585145,1530.7157023300063,303.5932846271514,1495.2652289056368,12.186132179670441,11.19739612890591,12.183981,17.726944444444445,365.8761911692724,253.65555518605166
42.000999999999976,122.83943397437314,1315.6850616852087,420.7652029306152,1531.795154484163,303.8520842937476,1496.4549542638547,12.358592476004809,10.974848824202523,12.167011,17.776944444444442,368.0534417958088,255.81894698895812
42.101,121.05847052085578,1315.8520409217679,421.0094946959562,1532.8685064111974,304.1159186446501,1497.6617119346781,12.307312753340588,11.041321603701851,12.538235,17.874999999999996,370.22528708506184,258.00152283933966
42.20099999999999,119.26406583373412,1316.007888209118,421.2503957052666,1533.9523551561363,304.3871686707229,1498.9185531651005,12.056357239073302,11.164657311263005,13.177398,18.043888888888887,372.41849323321475,260.24387516065394
42.29999999999998,117.46294052981779,1316.174867444886,421.4891993585236,1535.0379810789188,304.6603579903538,1500.2008519669869,11.997649118595229,11.29151834582993,13.309008,18.118055555555554,374.610502478191,262.50416393501774
42.40299999999999,115.65509460909183,1316.3418466814455,421.74071430561287,1536.1733269767585,304.9532026110552,1501.5695127053898,12.153447802247216,11.288569936057732,13.86848,18.146111111111114,376.84782912182453,264.84535478992416
42.500999999999976,113.83380745474666,1316.4976939680043,421.9875588387119,1537.2469262241054,305.24299053266515,1502.9119781013865,12.208193919571958,11.193660969210873,14.159819,18.28388888888889,379.0632638935996,267.18488111327974
42.599999999999994,112.0125203004015,1316.6646732045635,422.2388103828041,1538.32641136587,305.5614328332478,1504.386213031082,12.172174927781052,11.197131556450769,16.309586,18.328888888888887,381.27978863687827,269.6304101125957
42.70099999999999,110.17779191245204,1316.8205204919136,422.49196314560925,1539.4241472586746,305.8960493032963,1505.9486485259927,11.998568715856415,11.110761462461355,15.331344,18.435,383.5264217792162,272.1673843240291
42.80099999999999,108.32290167408865,1316.9763677792635,422.752860196736,1540.500352148911,306.2168635521858,1507.4596997490078,11.974790967358487,11.037932076478478,15.563301,18.658055555555553,385.78383896300807,274.67420684531993
42.90099999999998,106.47473205250503,1317.1433470150316,423.0263710404614,1541.5700185112498,306.55180432406746,1509.0383245623552,11.982812376490319,11.043740124951256,16.712025,18.589999999999996,388.0364300227917,277.2264728640608
43.000999999999976,104.60640058055228,1317.288062353172,423.3020356436157,1542.6403982132974,306.88881529126144,1510.617491069323,12.115452106063097,11.06240421846061,15.582537,18.756944444444446,390.3211281571419,279.81144241954905
43.101,102.72462787495046,1317.4439096397311,423.5776700454553,1543.711002993398,307.2034947440914,1512.089953529965,12.007163082783347,11.04794799176942,14.531718,18.908055555555556,392.611095366375,282.3095630654525
43.20099999999999,100.84285516936355,1317.6108888762903,423.85449160160164,1544.7770914653192,307.5117471057239,1513.5331002995347,12.105425344648276,10.980923220730125,14.982304,18.90888888888889,394.89365767172313,284.7763048836357
43.30099999999999,98.94764123014248,1317.7556042144308,424.13081981597657,1545.8360227655623,307.83608754383766,1515.0228846171758,12.452924247395101,10.906908770229686,15.511469,19.03611111111111,397.19614419282294,287.3130051369842
43.40299999999999,97.04570667414168,1317.9225834501992,424.4105622657271,1546.915820936718,308.17271926501627,1516.570217197234,12.094968864887106,10.96460284870577,15.5382395,19.07194444444444,399.5067602570159,289.88876804533726
43.500999999999976,95.14377211814086,1318.07843073834,424.6788326328986,1547.9631009876418,308.5036809195902,1518.1503247654546,11.59326983073678,11.098563096073365,17.40894,19.145,401.7963635028262,292.49139040894806
43.601,93.22167571169629,1318.2231460756896,424.95348624095874,1549.0492918944983,308.8449221565208,1519.84877785803,11.124876833217225,11.309016123174287,17.239227,19.266111111111112,404.1369863184864,295.20548741348534
43.70099999999999,91.28613807164741,1318.390125311458,425.2318733565532,1550.1456989517799,309.21159173106133,1521.6866693766679,11.41708530873393,11.31501617163645,20.243113,19.39388888888889,406.4854241277675,298.0285022972118
43.80099999999999,89.357321048438,1318.5459725988078,425.51348562627606,1551.2287326130504,309.61324052491904,1523.6206348691833,12.063954659436591,11.066040478608254,19.26217,19.42611111111111,408.8303239628002,300.94565484442313
43.90099999999998,87.41506279159444,1318.7018198861576,425.78996339552305,1552.2818775165317,309.99294057402733,1525.3804066320938,12.304596933391524,10.71059715589301,16.74329,19.466944444444444,411.16568033011634,303.73829178657917
44.000999999999976,85.46608391794126,1318.8576671727167,426.05858165183776,1553.3151263112434,310.34795333858176,1526.9977006302115,12.458436101384141,10.641327895344553,16.372742,19.603055555555553,413.4894795013631,306.42148867500964
44.101,83.49694319387417,1319.002382510857,426.3239920017573,1554.358050859509,310.6936156629898,1528.5268352812457,13.042853052417714,10.882133468335457,14.981997,19.714999999999996,415.83972395402935,309.0611982921335
44.20099999999999,81.53452308661672,1319.158229798207,426.5897374761747,1555.448038087801,311.0839393221794,1530.1102905847283,14.530824446372376,11.556621715920114,17.637806,19.72888888888889,418.205660505638,311.75905190413926
44.30099999999999,79.5519411289304,1319.3029451363475,426.8526008167561,1556.5790504253987,311.5119195398501,1531.7046372935004,15.593947635237559,11.666762751902152,15.379414,19.85111111111111,420.6158560500779,314.51535799642005
44.40099999999998,77.5626385544494,1319.447660474488,427.09869693832985,1557.673269046209,311.9385018550231,1533.1993596787704,16.25571388861362,10.76434913297286,15.709157,19.95611111111111,422.9975138105499,317.20944848886086
44.5,75.56661536315879,1319.5923758126285,427.3240706906437,1558.6783796623583,312.36606568265336,1534.6333469427143,16.978079023191864,10.045164188460701,14.521188,20.02,425.31802761615995,319.86965929294576
44.599999999999994,73.56387155507349,1319.737091149978,427.54223091348615,1559.6280882527103,312.7858600506742,1535.9722438269046,17.86931487351781,9.44379343407171,13.542961,20.11111111111111,427.60772839720363,322.4667440729402
44.69999999999999,71.54096589655937,1319.8929384373278,427.75872614163086,1560.5562463231977,313.22547941861694,1537.3193472846306,18.260931526489703,9.617661550655297,14.797655,20.256944444444443,429.8952436077704,325.09329021163774
44.80099999999999,69.52478085485484,1320.0376537754682,427.98448891418343,1561.5251430529627,313.6881101177562,1538.6977854854383,18.861319676062408,10.082372634831204,13.99484,20.24388888888889,432.2147264723023,327.7620852938385
44.90099999999998,67.50187519634072,1320.2046330120274,428.22136126843066,1562.5234083205644,314.15628005063775,1540.0425875934789,19.516783393692034,10.437501320324488,14.484922,20.346111111111114,434.5537210738643,330.4044819741157
45.000999999999976,65.47224892101697,1320.3604802985865,428.47413988196405,1563.5503574551365,314.64305841291457,1541.4367860103978,18.98622447540092,10.714697819037305,15.050068,20.396944444444443,436.9344220734287,333.1078282629062
45.101,63.41574017848464,1320.5274595351457,428.73625662122623,1564.6005801101505,315.1326540678784,1542.8691099126966,18.757900794041234,10.934073791106375,15.223781,20.581944444444442,439.35266918639775,335.85296519550565
45.20099999999999,61.37267266955659,1320.694438770914,429.0031683051986,1565.6742260835836,315.61883735966114,1544.2904226213416,19.01372644956713,11.192449903596133,14.819623,20.586944444444445,441.77740720080806,338.5797930380199
45.30099999999999,59.30944331021465,1320.8614180074733,429.2722057637709,1566.750395589022,316.10362384431335,1545.6807153451784,19.43570986568096,10.993357813858626,14.628373,20.69888888888889,444.2227311815165,341.3018716790149
45.40099999999998,57.23949333404814,1321.006133345614,429.54491805265354,1567.814624160175,316.5849974354321,1547.03881603084,19.600148752883495,10.979136909345817,14.189415,20.73611111111111,446.68306483799273,344.02160417549516
45.500999999999976,55.169543357896586,1321.1731125821732,429.81900477713253,1568.8678900511939,317.0619351400671,1548.3712692875472,19.78893834637909,10.787745415005727,14.115402,20.83,449.12684369468633,346.7082740341014
45.601,53.09959338175994,1321.351223767151,430.08674671896955,1569.8996410199004,317.54786783236966,1549.7004124553469,20.374214734105358,10.530751992253686,14.188692,20.828055555555558,451.5480367581501,349.3941067540526
45.69999999999999,51.00276093836993,1321.5070710537098,430.3456932348543,1570.8982667970515,318.0481528198612,1551.0338533808704,20.751137884421105,10.310711312764601,14.58321,20.998055555555556,453.97910612448777,352.13035246993263
45.80099999999999,48.91264911180445,1321.6517863918502,430.6052582988524,1571.8963863985186,318.56390122380424,1552.3879974981774,20.952521090253686,10.111432719684684,14.110599,21.001944444444444,456.4116647726195,354.895754949637
45.90099999999998,46.80237543482507,1321.8187656284097,430.87459497087383,1572.8882583592454,319.061859768056,1553.6797207306884,21.215795197116286,10.445353841023937,13.577101,21.113055555555558,458.8543995642474,357.6097444286687
46.000999999999976,44.705542991449974,1321.9634809665502,431.1703490736194,1573.9129774465293,319.54931392977136,1554.941786844128,21.020130110079123,10.885952182133376,13.48156,21.078055555555554,461.3389156754975,360.30263589541323
46.101,42.5952693144706,1322.119328253109,431.48946522976536,1574.9751987974903,320.0247638291061,1556.2015634833874,20.332867234819545,11.296725922734653,13.449129,21.153055555555557,463.86936402974555,362.9898308176822
46.19999999999999,40.471554403857056,1322.2417796928305,431.8214400443798,1576.039529715005,320.47794667618376,1557.4417447296992,19.809031976254317,11.226932823848799,13.225653,21.306944444444444,466.44188374026663,365.68101299726834
46.30099999999999,38.34111887646377,1322.3530991841337,432.1687522762383,1577.110372958749,320.9331803904863,1558.716721159997,19.49364735792456,11.06564508779141,13.582576,21.313055555555557,469.0431465977746,368.41014511586656
46.40099999999998,36.20396273224593,1322.4866825730649,432.51842157988204,1578.1516680925015,321.38546529358086,1560.0159153158004,18.902641392247148,10.903351863201463,13.931184,21.38611111111111,471.6245700897573,371.14501991875534
46.500999999999976,34.060085971203556,1322.5868701143677,432.8730238773039,1579.1769865424953,321.81639583991915,1561.3197155479086,17.6587500190182,10.794954403920508,13.533836,21.43611111111111,474.22594539933726,373.89445751181603
46.601,31.95653291104871,1322.7649813001365,433.2360474481366,1580.1887816760416,322.2188505612748,1562.6259474281117,16.600210492513764,10.704607768558347,13.803837,21.221944444444443,476.7517821540836,376.5441489646684
46.70099999999999,29.8193767668458,1322.887432739858,433.6088698391953,1581.1875068259467,322.6073038905959,1563.9385803786624,16.36844906438336,10.616574339161708,13.574322,21.468888888888888,479.33796322480435,379.24982010201023
46.80099999999999,27.688941239437575,1323.0432800272079,433.9942679223674,1582.1919057048815,322.9947177236651,1565.2515314827538,16.509969639780664,10.89959461189768,13.804012,21.36,481.91496001011353,381.92975623549614
46.90099999999998,25.551785095234667,1323.1768634161388,434.3985740479672,1583.2250396625311,323.38104546029666,1566.5396134352943,16.890700094645073,11.289055370142341,13.09152,21.386944444444442,484.5417946947765,384.6136976584244
47.000999999999976,23.421349567826447,1323.3327107026978,434.82434676737125,1584.2810603796445,323.7814474774881,1567.8168417363208,17.8988193351777,11.483993192103854,13.679901,21.43111111111111,487.1821705521362,387.2837186657442
47.099999999999994,21.284193423623535,1323.4774260408383,435.26323815538876,1585.326187133113,324.20940629199674,1569.1138702917758,18.616079415801327,11.41642389443045,13.912723,21.44805555555556,489.8402016602803,390.0012145309206
47.20099999999999,19.14703727942063,1323.6221413789788,435.71986113394325,1586.3859207889132,324.6689089844404,1570.4616134092141,19.031287605987753,11.433598067927592,14.28394,21.43111111111111,492.521797836323,392.776449195091
47.30099999999999,17.003160518408105,1323.7668567171193,436.17889136299874,1587.423298165095,325.13188743148345,1571.804143744074,19.022693239060793,11.255063609456668,14.118431,21.53888888888889,495.1999721790244,395.5575913881119
47.40099999999998,14.852563140585971,1323.922704004469,436.6415327139285,1588.4300568196352,325.5860790504727,1573.1458013484678,18.38441825528509,10.904816205480794,14.2110405,21.551944444444445,497.8655185359083,398.3308551436307
47.5,12.715406996368138,1324.078551291819,437.0963456219272,1589.3923316174412,326.0272943406247,1574.4662037364049,18.571887181062955,10.597276267519561,13.913615,21.456944444444446,500.49034266345546,401.0714590293491
47.601,10.578250852165228,1324.2232666283776,437.5649892794331,1590.3617183691028,326.46847940402665,1575.7743878574443,18.70382790212568,10.724224877577093,13.4245405,21.505000000000003,503.13750634166246,403.8125841106835
47.70099999999999,8.434374091152705,1324.3679819673089,438.0453413281267,1591.3337167507557,326.8924102058826,1577.0442027036872,18.218246170752337,10.960241561003038,13.349919,21.50111111111111,505.8026163621082,406.52280783698916
47.80099999999999,6.2972179469348735,1324.523829254659,438.54211987143765,1592.3170608746095,327.29473003332487,1578.3079814051555,17.091811145525202,11.074095039439504,13.1768055,21.466944444444447,508.47701043526,409.20141574583835
47.90099999999998,4.160061802731963,1324.6685445927994,439.0461935380008,1593.3180863679024,327.672965706865,1579.5859126648327,15.896621184882374,11.341830797247754,13.479254,21.439999999999998,511.17367290544064,411.8779716581809
48.00199999999998,2.029626275323742,1324.8132599301487,439.552591978918,1594.3448120165278,328.04372065267347,1580.8822961802252,16.024800438020065,11.327878708444565,13.220922,21.356944444444444,513.8809230630781,414.55583587585227
48.101,-0.09408863527486841,1324.9691072174987,440.05632027413105,1595.3490549751325,328.41465056957776,1582.1350126241368,16.964981207995283,11.370011857038552,13.173482,21.334999999999997,516.5633539194762,417.19575098217126
48.20099999999999,-2.211082929048944,1325.1249545048486,440.58697191052374,1596.358119471151,328.8074048343381,1583.3954864557181,17.646800984200922,11.432886914291343,13.231911,21.253888888888888,519.2663547230329,419.8534350405445
48.30099999999999,-4.334797839662477,1325.269669842989,441.13320356652923,1597.356986880073,329.2092614252529,1584.6523370870425,17.815250575969376,11.336902932069858,13.158739,21.31611111111111,521.9897014015368,422.52929784519887
48.40099999999998,-6.445071516641866,1325.4143851811295,441.69301083324285,1598.3507610105476,329.60282141195927,1585.8859227629255,17.570024639653397,11.475548393509658,12.738216,21.248888888888892,524.7113550354417,425.1747972681089
48.500999999999976,-8.562065810401018,1325.5702324676884,442.27083996691687,1599.3500656424835,329.978506301269,1587.1013413357205,16.78163471355343,11.611517320188684,12.70551,21.203055555555554,527.4520888050769,427.79462347187035
48.601999999999975,-10.665618870615562,1325.7372117042478,442.86339197359194,1600.376281466264,330.33724932235907,1588.316940804987,16.094154114331864,11.854304533085275,12.392564,21.138055555555553,530.2029633235474,430.38479323792666
48.70099999999999,-12.755730697181038,1325.8930589908066,443.44695782788256,1601.397611483003,330.67593368729786,1589.507227287673,15.675823304161897,11.909194391376905,12.608278,21.043888888888887,532.9386939052386,432.9408017601736
48.80099999999999,-14.845842523746516,1326.0489062781564,444.046552202179,1602.4167812977594,331.01277753561106,1590.7204810375886,15.356972291171612,11.741697779773013,12.574738,20.936944444444446,535.6878123311612,435.510307059432
48.90099999999998,-16.915792499898078,1326.2047535655065,444.65882238765556,1603.4113922636582,331.34440091907413,1591.9286685184147,15.340070036215254,11.618262642378124,12.482725,20.87611111111111,538.4186527665262,438.05748629388853
49.0,-18.99246309287418,1326.3383369544374,445.2669243583224,1604.383909184248,331.6736113504051,1593.1361835993962,15.162527604238033,11.553194647866839,12.8019085,20.811944444444446,541.1525839106408,440.62204522679804
49.101,-21.015368751373384,1326.59437178309,445.88263070236263,1605.382733619269,332.00078857928344,1594.359774349517,14.76959887791527,11.681705111328492,12.278987,20.478055555555557,543.7983933308383,443.07868166733516
49.20099999999999,-23.051715643491814,1326.7836149172774,446.49396373372633,1606.3911029794285,332.31531036781865,1595.5449489719215,14.955810161332776,11.902566825638312,12.245016,20.56611111111111,546.4919875004933,445.5540122801672
49.30099999999999,-25.094783152419858,1326.961726103046,447.1091913666634,1607.4105518331573,332.6383376759803,1596.7434239329484,15.209916943473281,11.911556371946618,12.579943,20.503888888888888,549.2068257086918,448.0570836641371
49.40199999999999,-27.117688810933988,1327.117573389605,447.73102385957696,1608.427818178521,332.9727112711765,1597.98738095652,14.88527332717421,11.698085204941618,12.927345,20.339999999999996,551.9209669400514,450.59466140050074
49.500999999999976,-29.133873852638505,1327.2734206769549,448.33989105333796,1609.4058253449991,333.3027482882449,1599.2270779306468,14.930084356331387,11.575721876149494,12.989361,20.308888888888887,554.5988549729082,453.1215033107037
49.601,-31.150058894343026,1327.4181360150951,448.95114673610647,1610.3879225205949,333.6399507806358,1600.4787137860317,15.226590015311656,11.560045383106658,12.9359865,20.183888888888887,557.2872398707683,455.6685531077044
49.70099999999999,-33.14608208563364,1327.5739833024452,449.5573953073994,1611.375209372245,333.98064871759516,1601.7253921088095,15.343186926620772,11.611369104783588,12.911904,20.103888888888886,559.9515898772394,458.1932249835005
49.80099999999999,-35.14210527693917,1327.7186986397946,450.16631185117006,1612.3624403789497,334.3217706595063,1602.9647480567587,15.43543313163683,11.587252539454509,12.796992,20.021944444444443,562.6244923984892,460.72111232461117
49.90099999999998,-37.12468723461055,1327.8745459271445,450.7872570823039,1613.3465027438604,334.6630593965477,1604.203140332181,15.380142704406708,11.684930487093458,12.894203,19.903055555555557,565.2895749400273,463.23171375774507
50.000999999999976,-39.100548575472324,1328.0303932144943,451.4149588529816,1614.3342810663598,335.01466948645293,1605.444291155803,16.2536168630836,11.722078356868119,12.90643,19.858888888888888,567.9571984110135,465.74742850230825
50.101,-41.06296868274472,1328.1862405018444,452.0415302699144,1615.3031447113633,335.40037109359645,1606.7095814242523,17.618975288880662,11.35536110367629,13.550882,19.74111111111111,570.6033329469878,468.2946696623151
50.20099999999999,-43.02538879000219,1328.3309558391938,452.6682376074866,1616.2152081729,335.80700467941585,1607.961887268545,18.38129563530218,10.780884987838625,12.783107,19.711944444444445,573.2272795260448,470.8581953771374
50.30099999999999,-44.98108828045005,1328.4645392281247,453.2845265378114,1617.0688643610608,336.20741748976957,1609.1720147208177,18.235477876441394,10.276787737114441,12.709963,19.62,575.8134067522722,473.39345551962754
50.40199999999999,-46.930067154103234,1328.598122617847,453.90200381586646,1617.9184696650213,336.60105018378505,1610.3824742814859,17.789020568108533,10.521040423281967,12.495272,19.541944444444443,578.39348762548,475.9186262471205
50.500999999999976,-48.865604794137184,1328.7428379551964,454.5235649217985,1618.7676369971473,336.97415538213886,1611.5532966197745,17.560427596585214,10.738634973060856,12.329702,19.435000000000002,580.9604463701666,478.38695222900395
50.601,-50.79442181736152,1328.8875532933369,455.1670830663934,1619.634421525335,337.339894681273,1612.723362861841,17.15362756204224,10.852435160089716,12.188366,19.371111111111112,583.5501570653108,480.8440645752741
50.70099999999999,-52.71651822380609,1329.0322686314773,455.8166214030812,1620.5082867366018,337.70214477404653,1613.9015082006576,17.03044163608912,10.924092761275258,12.463233,19.295,586.1435176040063,483.2982682254861
50.80099999999999,-54.631894013426134,1329.1769839696178,456.4597820530704,1621.3665437651919,338.06315436711384,1615.0801606655607,17.028149804908594,10.526267238722747,12.190769,19.261944444444445,588.7184727847359,485.7468759214269
50.90099999999998,-56.54054918623656,1329.3105673593398,457.0898520117504,1622.1880394863326,338.4236473103274,1616.2526803223495,17.151335730861714,10.18004555197435,12.342957,19.188888888888886,591.2642410245207,488.19308957199814
51.000999999999976,-58.435763125427755,1329.4552826966892,457.70963549413244,1622.9794428271805,338.7867812405897,1617.421982728987,17.355308705928277,9.92437984581932,12.144911,19.011944444444442,593.7697408056889,490.6226351077822
51.101,-60.33097706464881,1329.5888660856203,458.3282027644036,1623.765294851143,339.15201610020745,1618.5832991118928,17.56100055438029,10.07754529165527,12.203042,19.023055555555555,596.2777172276203,493.0562281810557
51.20099999999999,-62.219470387030405,1329.7335814237608,458.952445415138,1624.5685080247592,339.51787801341266,1619.73091081816,17.807085927388965,10.267958953776816,11.887406,18.94888888888889,598.7886102496595,495.470834818461
51.30099999999999,-64.10796370944185,1329.867164812692,459.5799914389476,1625.3904751247467,339.88071188882327,1620.8551041997491,17.96894650451341,10.415023706562764,11.738528,18.933888888888887,601.317803915115,497.8763208673073
51.40100000000001,-65.98973641504368,1330.000748201623,460.20880074124545,1626.2261150968463,340.2446483307755,1621.9631232929453,18.400097245349453,10.501025465488597,11.586782,18.883055555555554,603.8496240767466,500.2683318168162
51.500999999999976,-67.85806788701136,1330.134331590554,460.83584583424164,1627.0684595164087,340.6087253370093,1623.053804542891,18.519558945634188,10.501231470934867,11.410079,18.796944444444442,606.3721058335249,502.63996936315135
51.601,-69.73311997583342,1330.2790469286945,461.4557460961837,1627.903941059704,340.96844572619943,1624.1283058626357,18.49921894390704,10.30556416591127,11.252241,18.77611111111111,608.8860230333506,504.99818123051455
51.700999999999965,-71.60145144778619,1330.401498368416,462.06769852558716,1628.7228001972446,341.3291962562079,1625.1934966526178,18.920629402225615,10.139702082502444,11.240331,18.721944444444443,611.3905141218253,507.3598743156902
51.80099999999999,-73.44962106933995,1330.5462137065565,462.68149317532175,1629.5552340197742,341.689154381808,1626.2331985131975,19.280160418670288,10.54624688149397,10.764775,18.618055555555557,613.8753667397746,509.677344863514
51.90100000000001,-75.31123192452787,1330.6797970954876,463.29763570541155,1630.4198735350813,342.04425870720695,1627.2509674222053,19.18820069255177,10.68861736575266,10.794013,18.666111111111114,616.3956730166258,511.9961568502396
52.000999999999976,-77.15940154608164,1330.8133804844188,463.90896071664855,1631.3134609640404,342.3981080312146,1628.2832473400404,18.659360647646203,10.966586534985922,11.031078,18.56111111111111,618.914591046238,514.3119924032534
52.101,-79.00757116765031,1330.9469638733497,464.51353339271367,1632.2368474606435,342.7631351841534,1629.3713998757023,18.43791245982809,11.108273630050162,11.923883,18.508055555555554,621.4425034181064,516.6697908140379
52.200999999999965,-80.85574078921901,1331.0694153130712,465.10762756093243,1633.1766808074804,343.1384473809996,1630.5032315269061,18.2528470920009,11.129500344426148,11.924855,18.55,623.974999054251,519.0680898441971
52.30099999999999,-82.6971897939781,1331.2141306512117,465.6940505238864,1634.124437494328,343.5223156227489,1631.6797361078989,17.900764526892928,11.1607906033129,12.826163,18.51111111111111,626.4883130986217,521.4812047045733
52.40100000000001,-84.53863879873718,1331.3365820909335,466.27258468474395,1635.0556171092176,343.90319225012763,1632.8720346015803,17.5217529454138,10.7647300679528,12.207093,18.496944444444445,628.9978188736485,523.9141453647769
52.500999999999976,-86.38008780349627,1331.4701654798644,466.8372903184662,1635.9467849803582,344.2732811365732,1634.050700884464,17.34384955002574,10.335928426227023,12.500992,18.45611111111111,631.470885535182,526.3243340233907
52.601,-88.22153680824043,1331.6037488687955,467.3846424147408,1636.8071611753426,344.63931199702574,1635.2209562141738,17.394269835997264,10.058673769934396,12.022274,18.47694444444444,633.9143075166546,528.7266997463074
52.69999999999999,-90.0629858129995,1331.7373322569356,467.9166507417783,1637.664802906349,344.99221510320814,1636.3530315813086,17.23289340820971,10.330909574704185,11.933421,18.508055555555554,636.343375943955,531.0967445947289
52.80000000000001,-91.9111554345682,1331.8597836974484,468.4610302003318,1638.5726308678604,345.3419064016407,1637.4882827968624,17.006861558030547,10.840286472920429,11.824397,18.485000000000003,638.819033101406,533.4782278096268
52.90100000000001,-93.75260443932729,1331.9933670863793,469.0204467071529,1639.5334314026143,345.70433036141816,1638.6692219180961,17.111603972558413,11.175874652295482,12.637017,18.48611111111111,641.3223824694977,535.884761381802
53.000999999999976,-95.60077406088105,1332.1158185268919,469.5699419467719,1640.4921717437176,346.07427813702924,1639.8630764421077,17.324744272347008,10.925061030274568,12.360226,18.536944444444444,643.8275494695077,538.3170315793112
53.101,-97.45566429927429,1332.249401915823,470.1088485742254,1641.4334889538854,346.43633248597934,1641.0361399888739,16.97753184849765,10.768241585910516,12.193188,18.58611111111111,646.3159258063297,540.7303897690554
53.200999999999965,-99.31055453763766,1332.3829853047541,470.64288284185,1642.358330163352,346.7951194953132,1642.2261396947831,16.58620167442343,10.590966006109985,12.6651745,18.623055555555556,648.7924438531172,543.1510404360437
53.30099999999999,-101.15872415919144,1332.4831728460567,471.17209536366767,1643.268069945107,347.166009103657,1643.4771705451785,16.444681099026088,10.458429771401542,13.431874,18.56888888888889,651.2678552182464,545.6302164104235
53.40100000000001,-103.01361439756974,1332.6167562349879,471.6958238459724,1644.1864460692532,347.5514142847279,1644.7838074792385,16.423481660606242,10.686570028020427,13.81395,18.64388888888889,653.7328277129948,548.1396837978531
53.500999999999976,-104.86850463593312,1332.7392076755004,472.2188230049609,1645.1387864700496,347.9371757010436,1646.0908559898328,16.46387518516295,11.044113973388843,13.441787,18.628888888888888,656.2189273060633,550.6561900557746
53.601,-106.73683610791574,1332.8505271660126,472.7459846248196,1646.1270045967053,348.31197605062937,1647.3613529514266,16.407725321240118,11.356748197649273,13.050765,18.726111111111113,658.7431144503529,553.1604477754405
53.700999999999965,-108.61860881350265,1333.0286383509904,473.2706050719167,1647.124952766478,348.6750991186877,1648.60910398012,16.043037684639472,11.192148577334331,12.93968,18.788888888888888,661.2499920344682,555.6154835865084
53.80099999999999,-110.48694028550017,1333.1399578415028,473.7828050202243,1648.1082112822858,349.0307054808238,1649.855063392281,15.815573439972484,10.981260874980542,12.97462,18.773888888888887,663.7590948191621,558.0904271304655
53.90100000000001,-112.37543360788175,1333.306937078062,474.28622063149044,1649.0728543112725,349.38838526998336,1651.1083990755833,16.039026980073555,10.780830540393854,13.09292,18.916944444444443,666.2432071256018,560.5565035502057
54.000999999999976,-114.2639269302932,1333.4627843654118,474.786524121571,1650.0300169144991,349.75162534564356,1652.3640664205084,16.22953544695449,10.819803137274356,13.050137,18.94888888888889,668.7265858392296,563.0350437142673
54.101,-116.15242025268972,1333.574103855924,475.2834351159049,1650.9953400383833,350.1210242348511,1653.6325652997089,16.242426997344936,10.894621446566202,13.373678,18.946944444444444,671.2321596848454,565.551362632996
54.200999999999965,-118.05435480866066,1333.7299511432739,475.77473171306576,1651.9718719842188,350.4924993472739,1654.9173974298533,16.00923317472677,10.968744416942625,13.375488,19.061111111111114,673.7291029633218,568.0647235936385
54.30099999999999,-119.96300998151588,1333.8746664814144,476.2598185141671,1652.9680531595293,350.86833669308504,1656.2144007037562,16.30831714378513,11.192148539390539,13.631797,19.11611111111111,676.2412665913708,570.600614501902
54.40100000000001,-121.87166515432632,1334.0082498703455,476.7385205112148,1653.9920967465478,351.2638258199919,1657.5399269522998,16.9093498708775,11.416715617611347,14.033952,19.163055555555555,678.7663932784434,573.1753125309664
54.500999999999976,-123.78704094394634,1334.1418332592766,477.2141038453764,1655.0318459264824,351.6796821567464,1658.8907050104308,17.311279764161632,11.450361853982036,14.233078,19.2,681.3022649805562,575.7867960276255
54.599999999999966,-125.709137350376,1334.286548596626,477.68085366830843,1656.047645866623,352.092079683149,1660.2144107136062,17.297099058732147,11.133569957248584,13.776195,19.278888888888886,683.8199214544137,578.3796108982948
54.700999999999965,-127.63123375680566,1334.4312639347665,478.14139250229744,1657.041127248329,352.5049178384376,1661.5384858939399,17.337317831161354,10.550303532928194,13.688022,19.265,686.3217894195452,580.9731996628918
54.803,-129.56005078002997,1334.5648473236974,478.5867539474709,1657.9966925662927,352.9152846237044,1662.841032386702,17.643552313502973,10.121354739519814,13.089728,19.34611111111111,688.8038143167466,583.5646519045391
54.90100000000001,-131.4955884200639,1334.6984307126286,479.0081084975631,1658.9137493121323,353.3059210846683,1664.0625293651435,17.82519712329332,10.475446394571577,13.082544,19.446944444444444,691.2527300233016,586.1000026439605
55.000999999999976,-133.4378466769075,1334.8320141015597,479.44147428057056,1659.8875018807798,353.70423256251763,1665.287703689268,18.199911521308753,10.841568241562417,12.683495,19.463888888888885,693.7450051659372,588.6496140715615
55.101,-135.38010493375106,1334.9878613889093,479.8813732167496,1660.8989219522557,354.1119871737875,1666.5110029352145,18.661429025286736,11.21736078153179,13.106052,19.531944444444445,696.2504620418317,591.1937936214711
55.202,-137.33580442421385,1335.13257672705,480.3338807215933,1661.9440359646442,354.53465178079773,1667.747712509842,19.08126671445782,11.33454571673815,12.77415,19.62194444444444,698.8000929000555,593.7755251263993
55.30099999999999,-139.29150391467664,1335.2661601151901,480.7758845247659,1662.9759512441271,354.9420326924296,1668.9377640873215,18.711150302748223,11.344393276132145,12.637056,19.62611111111111,701.3396277181848,596.325018764518
55.40100000000001,-141.2539240219341,1335.422007403331,481.21279232120725,1664.015893242657,355.341201602671,1670.122947177641,18.51376634232561,11.215508286546818,12.374936,19.69694444444444,703.8741043439521,598.8584456112509
55.50200000000001,-143.21634412919158,1335.5555907922621,481.64649502808726,1665.047698083605,355.74534084034093,1671.3169795737313,18.8815221679193,10.947901148415422,12.587015,19.741944444444442,706.4124974311999,601.4137288623331
55.601,-145.19220547005335,1335.7003061304024,482.06556650404167,1666.0663183821998,356.14455584416373,1672.4749316662685,19.167688803486335,11.304807837166209,12.157244,19.825,708.938653589336,603.9500779450658
55.700999999999965,-147.17478742772474,1335.8672853669616,482.4863430976814,1667.145381486687,356.54512273898627,1673.6303577938793,19.07401020398248,11.860102014619798,12.300592,19.911944444444448,711.4902081288559,606.479711939015
55.80099999999999,-149.16409000222066,1336.012000705102,482.91495095846705,1668.2779260684183,356.9354145570983,1674.7701441947738,18.7236465122599,12.358610067544298,11.794671,19.915,714.0900217614889,609.0104993312981
55.90100000000001,-151.15339257667182,1336.1678479916611,483.34846511345916,1669.426924382431,357.30911285759237,1675.8965336700485,17.98911461890202,12.202594452044211,11.941053,19.956944444444442,716.6967415923252,611.5142674584573
56.000999999999976,-153.14269515118264,1336.323695279011,483.77753748299074,1670.5631161393587,357.67661150394156,1677.0364391133521,17.749618260537417,12.087607937536706,12.012618,20.02,719.2936626968363,614.0207959529931
56.101,-155.14543895928287,1336.5018064639887,484.20484375937485,1671.6854277522948,358.06739774816816,1678.2310310329242,18.448340291699616,11.930599730219894,13.125579,20.058055555555555,721.8842317105771,616.5762553697593
56.200999999999965,-157.15490338417774,1336.668785699757,484.6325760979458,1672.797761214301,358.4853332125668,1679.4762805947141,18.657469886922296,11.904172866000264,13.144726,20.15388888888889,724.4817851405749,619.1945026836904
56.30099999999999,-159.1778090426919,1336.8135010371066,485.06335445664,1673.9243787513876,358.9029207452095,1680.7228138429903,18.384169018644833,12.21921664077843,13.147739,20.311111111111114,727.1110098329318,621.8370027685548
56.40100000000001,-161.1939940843964,1336.9804802744568,485.50794594239335,1675.0799257181616,359.32093869534987,1681.9695016646097,18.688696086756934,12.54348643621434,13.150411,20.243055555555554,729.7497065732567,624.4623448426967
56.500999999999976,-163.21689974291053,1337.1919873070628,485.9722107962441,1676.2562449423308,359.76064488546416,1683.2579677725428,18.986920619122426,12.749192235504964,14.078243,20.419999999999998,732.4008957178944,627.1101777367815
56.601,-165.23308478461507,1337.358966542831,486.43968684912386,1677.421959022378,360.2052668049679,1684.5670338298992,18.524543678451746,12.369927096371454,13.572245,20.25888888888889,735.0647863575996,629.7927463145312
56.700999999999965,-167.28287291035272,1337.537077727809,486.8916080602309,1678.5509299351431,360.6262695572311,1685.8480617412076,17.856761368226998,11.951365801094603,13.396905,20.52611111111111,737.7226436476096,632.4623342818462
56.80099999999999,-169.33266103609037,1337.6817930667403,487.3258751394939,1679.6457390402309,361.0244367331214,1687.1147697469798,17.035139890009212,11.604500423716136,13.160029,20.560000000000002,740.3646219789418,635.1236543743227
56.90100000000001,-171.37572854501843,1337.882168149346,487.7527584860824,1680.7326178524772,361.40418977145515,1688.3722364263863,16.572476470440968,11.749649873331654,13.111346,20.53388888888889,742.9648667854674,637.7285702570904
57.000999999999976,-173.4389579043753,1338.0602793351147,488.1814687514213,1681.8302171999742,361.77832673211554,1689.6366541657894,16.39514603284804,11.817419234385452,13.260873,20.741111111111113,745.599999428519,640.3619984920541
57.101,-175.4887460300831,1338.2495224693018,488.6089190015691,1682.9237350227695,362.14985685804646,1690.9081314084651,16.18171925416176,11.664445722411159,13.232108,20.62194444444444,748.2152240497687,642.9800632791079
57.200999999999965,-177.5586960062496,1338.4276336542796,489.0293465065743,1684.0118378825982,362.51618285187476,1692.1736789846043,16.10522938851182,11.66578271937283,13.117891,20.736944444444447,750.8448978538768,645.6137694941626
57.30099999999999,-179.61520474881178,1338.6057448400484,489.4437134466391,1685.103739615428,362.8807581901197,1693.4343359614725,16.15393080109795,11.691912956628954,13.128415,20.731944444444444,753.4591537702796,648.2323648833443
57.40100000000001,-181.6784341081239,1338.8061199234448,489.86013396410596,1686.2064444576388,363.2439612835844,1694.6930797977996,16.03618797419854,11.88234605037572,13.073526,20.723055555555558,756.0760767905331,650.8424887851497
57.500999999999976,-183.75510470109998,1338.9842311084226,490.28235199484425,1687.3253238138016,363.6033355943829,1695.9393104794667,16.1364555883464,12.035510253698181,12.866729,20.833888888888886,758.7278892305952,653.4662889939251
57.601,-185.82505467725156,1339.1734742426097,490.7040451474264,1688.453277310049,363.96697335515523,1697.183003368827,16.4575984325173,12.048616706942374,13.048654,20.805,761.3724474528997,656.0808616574352
57.700999999999965,-187.89500465340313,1339.3515854283785,491.12157699279766,1689.5793475477624,364.33835765826746,1698.4404123824465,16.45215533346356,11.97110110381286,13.173503,20.81388888888889,764.0176722495648,658.7157748933158
57.80099999999999,-189.96495462955465,1339.5408285625656,491.5353908580858,1690.6979106330898,364.71631433666715,1699.7251621714606,16.336131379949542,11.88199624092888,13.610336,20.793055555555558,766.6511704732852,661.3653032320805
57.90100000000001,-192.04162522250093,1339.7189397475433,491.9436803327537,1691.8113870000986,365.09766305244676,1701.0326959583304,16.183151648649577,11.837514475764207,13.6298895,20.87,769.2886256976691,664.04202951821
58.000999999999976,-194.118295815477,1339.9081828817307,492.35315175431754,1692.9228183853531,365.4759948344202,1702.3304610137427,16.323526308456582,11.851877253653125,13.405878,20.831944444444446,771.9212273336734,666.7050905868044
58.101,-196.18824579161367,1340.0862940674992,492.77081118675557,1694.0301805426634,365.85214047945084,1703.5999802666229,16.68907338175013,11.818443133083926,13.075682,20.85388888888889,774.5584916361499,669.3516234788726
58.200999999999965,-198.26491638458978,1340.264405252477,493.1853732484516,1695.136090543817,366.2327863116971,1704.8746835562793,16.565887455797046,11.80311825639787,13.530797,20.82111111111111,777.1984405897459,672.0106482743868
58.30099999999999,-200.3348663607264,1340.4425164382458,493.59489017223694,1696.2380077211644,366.6112861885279,1706.1774067348063,15.83794457708317,11.708052262361623,13.601649,20.81388888888889,779.8262233466833,674.677663681435
58.40100000000001,-202.4115369536876,1340.6206276240143,494.0064977601969,1697.3363109329107,366.9760487366267,1707.489361969524,15.237771286683497,11.749917262295225,13.633101,20.86611111111111,782.4603234626546,677.3439975215852
58.500999999999976,-204.48820754663384,1340.7987388074102,494.4118956875281,1698.448365306435,367.3374744750138,1708.808665195348,15.402496652783553,11.923848312001606,13.725213,20.85194444444444,785.0952869783478,680.0117032372148
58.601,-206.57159875640463,1340.9657180447605,494.8088640604329,1699.578358649145,367.71143866112726,1710.144745188571,15.866019509044493,12.030130479736554,14.023592,20.933888888888887,787.7420768388665,682.7108913356786
58.700999999999965,-208.65498996616049,1341.13269728132,495.2017772495281,1700.716845722615,368.1062442314296,1711.5317468140931,15.910423738167117,12.057559548011826,14.818358,20.93,790.3892133408523,685.4553064700201
58.80000000000001,-210.74510179274088,1341.3108084662977,495.58648240684977,1701.8473767904602,368.5497444782012,1713.106795414502,15.576326318248226,12.067609561458458,18.238302,20.961944444444445,793.026433315351,688.3420478416699
58.89999999999998,-212.83521361930636,1341.4666557528565,495.9694561086657,1702.9897985499786,369.0358998782668,1714.8462280299345,15.654821536181123,12.030576074053219,17.883572,20.96111111111111,795.6777253424202,691.3655311893408
59.000999999999976,-214.92532544587183,1341.6336349886249,496.34858156874816,1704.1466172385306,369.525135343957,1716.583416000006,15.802386816317066,12.07576836646937,17.85436,20.97888888888889,798.3271466632979,694.3843887919184
59.099999999999966,-217.02215788926185,1341.800614225184,496.71609057142507,1705.2863284867344,369.99403679019,1718.249654787557,15.628531367751563,12.11614217028209,17.114555,21.041944444444447,800.9645134386159,697.3534921087548
59.19999999999999,-219.11899033262202,1341.956461512534,497.09203909201625,1706.434549934676,370.4500203633438,1719.8815380610283,15.594153900043706,12.048200747413752,16.773285,21.021944444444443,803.6183892926784,700.2992088080674
59.30000000000001,-221.21582277598216,1342.1234407490933,497.4821813014013,1707.5744069107964,370.88362667749135,1721.434347652671,15.610196718307373,12.048122826333037,15.4709835,21.066111111111113,806.276149798155,703.1774471206546
59.40199999999999,-223.3193758361818,1342.2792880356521,497.89693693582603,1708.7314776573314,371.30490547744756,1722.948093026314,15.493313328100713,12.053526257761874,15.33832,21.121111111111112,808.9747691287868,706.035958730693
59.500999999999976,-225.42292889635158,1342.435135323002,498.3078847219881,1709.8531159683473,371.69718006807926,1724.3777317316456,15.186442862606627,12.078811772236113,14.610873,21.103888888888886,811.6540291787919,708.8247819320864
59.601,-227.5264819565512,1342.6021145595614,498.72423368983414,1710.984069794165,372.06943528601823,1725.7747793115768,14.648435492978662,12.02433228124356,14.305295,21.18611111111111,814.3373790508183,711.5732955831876
59.700999999999965,-229.63675563351566,1342.7579618469113,499.1434563384658,1712.1077218234989,372.425078705702,1727.1566595601635,14.215565878757472,11.961997422164634,14.23313,21.145,817.0311148032791,714.31142450023
59.80099999999999,-231.74702931050996,1342.91380913347,499.572884336878,1713.2213791702163,372.7754024756564,1728.5290564492486,14.424981952877836,11.910314500633204,14.094995,21.175,819.7295362030959,717.0400891826546
59.90100000000001,-233.85058237069464,1343.0585244716106,500.01346575519847,1714.3264638814812,373.13716077487663,1729.9157449560048,14.811441985693664,11.883353046691813,14.567158,21.175,822.4331729480363,719.7865165240769
60.000999999999976,-235.96757666448366,1343.225503707379,500.4560037201452,1715.432208834343,373.50166555537504,1731.2906147874087,14.887645372446038,11.936988799974214,13.880209,21.261944444444445,825.1409098378208,722.5283991993703
