relative_time_s,gt_east_m,gt_north_m,classical_east_m,classical_north_m,ai_east_m,ai_north_m,shared_heading_deg,classical_speed_mps,ai_forward_speed_mps,ref_speed_mps,classical_error_m,ai_error_m
0.0,100.84285516936355,1317.6108888762903,100.84285516936355,1317.6108888762903,100.84285516936355,1317.6108888762903,274.881,18.90888888888889,14.982304,18.90888888888889,0.0,0.0
0.09999999999999432,98.94764123014248,1317.7556042144308,98.95922731020451,1317.7690198835523,99.32411017025662,1317.745304874493,275.2284989027468,18.896225563042563,15.511469,19.03611111111111,0.017726179204265564,0.3766097971028042
0.20199999999999818,97.04570667414168,1317.9225834501992,97.03637664299298,1317.9257240442766,97.74672806935548,1317.8846775288048,274.8705435202388,18.931743590688754,15.5382395,19.07194444444444,0.009844430526697904,0.7020454795981985
0.29999999999998295,95.14377211814086,1318.07843073834,95.18137854084132,1318.0733510997607,96.13754422080368,1318.0143034733785,274.3688444860885,19.045070941314382,17.40894,19.145,0.037947934811050195,0.9958389920777009
0.4000000000000057,93.22167571169629,1318.2231460756896,93.27310220599222,1318.2215320210028,94.40966165072462,1318.1392447134785,273.90045148856893,19.2353677308253,17.239227,19.266111111111112,0.05145181715061885,1.1909450154855468
0.5,91.28613807164741,1318.390125311458,91.35627505115313,1318.371021083427,92.54024986079379,1318.2718771787443,274.19265996408564,19.217616798403096,20.243113,19.39388888888889,0.07269227897683107,1.2596741644434104
0.5999999999999943,89.357321048438,1318.5459725988078,89.4542977776263,1318.5243204053695,90.57112795843118,1318.4271292752956,274.8395293147883,18.945317930859638,19.26217,19.42611111111111,0.09936449811049003,1.2196109831789106
0.6999999999999886,87.41506279159444,1318.7018198861576,87.58453227461996,1318.6752332076442,88.77757708315995,1318.5825128093134,275.0801715887432,18.571624802704452,16.74329,19.466944444444444,0.17154228968775168,1.3677278140424765
0.799999999999983,85.46608391794126,1318.8576671727167,85.7373371588104,1318.8198193724866,87.12847744572241,1318.7313225037137,275.2340107567358,18.485306116071257,16.372742,19.603055555555553,0.2738809534529039,1.6671878168323195
0.9000000000000057,83.49694319387417,1319.002382510857,83.88272644912016,1318.9590023754572,85.5680131497708,1318.8819425706674,275.8184277077694,18.711284275238082,14.981997,19.714999999999996,0.3882145749137786,2.0745690013616156
1.0,81.53452308661672,1319.158229798207,81.98309988062141,1319.0916175739774,83.94804300507286,1319.0700382573204,277.306399101724,19.37391243607433,17.637806,19.72888888888889,0.45349567642519834,2.415130668238989
1.0999999999999943,79.5519411289304,1319.3029451363475,80.04477805072717,1319.2152354122866,82.31253237565906,1319.2941218925205,278.3695222905892,19.47143848618922,15.379414,19.85111111111111,0.5005808897480677,2.7606053468662557
1.1999999999999886,77.5626385544494,1319.447660474488,78.14663282034824,1319.325863958727,80.77603096515683,1319.5293470956146,279.0312885439653,18.556027988179242,15.709157,19.95611111111111,0.5965598828736524,3.2144305077669957
1.2990000000000066,75.56661536315879,1319.5923758126285,76.34878922035938,1319.4261411149982,79.29965907962136,1319.7731838349537,279.7536536785435,17.820498215914895,14.521188,20.02,0.7996436191105748,3.7374198225457445
1.399000000000001,73.56387155507349,1319.737091149978,74.60044616507203,1319.5253064905644,77.91859972598341,1320.0212709963416,280.64488952886944,17.202571676073585,13.542961,20.11111111111111,1.057988499019023,4.363990791419682
1.4989999999999952,71.54096589655937,1319.8929384373278,72.87507189904372,1319.6245833667153,76.52690583338142,1320.2879937433688,281.03650618184133,17.361990032369736,14.797655,20.256944444444443,1.36082815586251,5.001566329504015
1.5999999999999943,69.52478085485484,1320.0376537754682,71.10168735762586,1319.726998558203,75.10123214181844,1320.5736046017366,281.63689433141406,17.813047339024788,13.99484,20.24388888888889,1.6072152259407282,5.602147110176222
1.6999999999999886,67.50187519634072,1320.2046330120274,69.30680989841842,1319.8358233656932,73.70823091939633,1320.8689406648498,282.2923580490437,18.150561015483625,14.484922,20.346111111111114,1.842229582325054,6.241807111622678
1.799999999999983,65.47224892101697,1320.3604802985865,67.48269721030663,1319.9559264782788,72.26388541175166,1321.1765255381235,281.7617991307526,18.41079294027277,15.050068,20.396944444444443,2.050747697166388,6.840486536442426
1.9000000000000057,63.41574017848464,1320.5274595351457,65.63550141767061,1320.081499831476,70.78136279812534,1321.4821108233423,281.5334754493929,18.618391369510203,15.223781,20.581944444444442,2.264115725021471,7.427230685593265
2.0,61.37267266955659,1320.694438770914,63.76561217081971,1320.208053564129,69.31019308798375,1321.7856955609802,281.78930110491876,18.864947034092463,14.819623,20.586944444444445,2.4418701902608975,8.012182709774752
2.0999999999999943,59.30944331021465,1320.8614180074733,61.894061331715356,1320.3355950969121,67.86997275771976,1322.091795534762,282.2112845210326,18.652889988159757,14.628373,20.69888888888889,2.6375632789256898,8.648496590810419
2.1999999999999886,57.23949333404814,1321.006133345614,60.03496277785206,1320.4675002599176,66.46211809127202,1322.3985580565638,282.37572340823516,18.622650191387997,14.189415,20.73611111111111,2.846888654697993,9.32714607949412
2.299999999999983,55.169543357896586,1321.1731125821732,58.1875963444969,1320.6013842338166,65.08026508355452,1322.7041452298452,282.56451300173075,18.42159252671603,14.115402,20.83,3.071728688253841,10.028283307309664
2.4000000000000057,53.09959338175994,1321.351223767151,56.363365217835835,1320.7309380569218,63.700564711410394,1323.0190722452987,283.149789389457,18.154929148965586,14.188692,20.828055555555558,3.3221921919534876,10.731370447344124
2.4989999999999952,51.00276093836993,1321.5070710537098,54.58171421556141,1320.855282426055,62.314795811084146,1323.3476971461491,283.52671253977275,17.925578168920076,14.58321,20.998055555555556,3.637820085636401,11.460804394704201
2.5999999999999943,48.91264911180445,1321.6517863918502,52.7860944131106,1320.9794488094028,60.906543457936344,1323.6890591482238,283.72809574560534,17.716158768201478,14.110599,21.001944444444444,3.931363163965131,12.165688713346096
2.6999999999999886,46.80237543482507,1321.8187656284097,51.00398474415912,1321.1134799169267,59.562453625996,1324.0206223320615,283.9913698524679,18.027350439150794,13.577101,21.113055555555558,4.260393024487823,12.948658941690159
2.799999999999983,44.705542991449974,1321.9634809665502,49.18681989512492,1321.2689183026944,58.249106461480515,1324.3454940912613,283.79570476543074,18.44898884162048,13.48156,21.078055555555554,4.534783344486586,13.751439851631613
2.9000000000000057,42.5952693144706,1322.119328253109,47.330337464536164,1321.442168795692,56.93954020540549,1324.6587448032326,283.10844189017115,18.842220432831684,13.449129,21.153055555555557,4.783243179740567,14.567317660007417
2.9989999999999952,40.471554403857056,1322.2417796928305,45.478561434175916,1321.6273962180671,55.652213997065815,1324.952369478474,282.58460663160594,18.754268348241695,13.225653,21.306944444444444,5.044560085450941,15.420756228892166
3.0999999999999943,38.34111887646377,1322.3530991841337,43.60395114357233,1321.8262146645702,54.33011092820483,1325.2436530306372,282.2692220132762,18.575066517320863,13.582576,21.313055555555557,5.289140834641741,16.248174308831597
3.1999999999999886,36.20396273224593,1322.4866825730649,41.76673286114628,1322.0306266363739,52.98435322515486,1325.528965653426,281.67821604759877,18.39613275352581,13.931184,21.38611111111111,5.5814333754311845,17.053943574304455
3.299999999999983,34.060085971203556,1322.5868701143677,39.945484510992216,1322.2413986221552,51.63671145458088,1325.7925142053416,280.4343246743698,18.27202660223334,13.533836,21.43611111111111,5.895529367586766,17.86655863396489
3.4000000000000057,31.95653291104871,1322.7649813001365,38.13731741401096,1322.4617119281197,50.29023835082268,1326.0275072019524,279.3757851478654,18.15905004842638,13.803837,21.221944444444443,6.188220211342006,18.621730059594828
3.5,29.8193767668458,1322.887432739858,36.341594740762254,1322.6929071987718,48.9391757549975,1326.2478049869937,279.14402371973495,18.051983640806935,13.574322,21.468888888888888,6.525118197045457,19.412851799430367
3.5999999999999943,27.688941239437575,1323.0432800272079,34.539354462463905,1322.9354058431832,47.5879282544553,1326.4670315183869,279.28554429513224,18.317797557218405,13.804012,21.36,6.851262523491052,20.191378320887225
3.6999999999999886,25.551785095234667,1323.1768634161388,32.70689967640013,1323.1926054776943,46.26148905709894,1326.6883080247494,279.66627474999666,18.69068683427655,13.09152,21.386944444444442,7.1551318983026855,21.005286987503826
3.799999999999983,23.421349567826447,1323.3327107026978,30.849686607205438,1323.467791437706,44.94404741855977,1326.9249119920821,280.67439399052927,18.859544354900127,13.679901,21.43111111111111,7.429565126949234,21.82041321509323
3.899000000000001,21.284193423623535,1323.4774260408383,29.00980252508227,1323.7570873364205,43.6034972791188,1327.1863639842836,281.3916540711529,18.766808830447285,13.912723,21.44805555555556,7.730669209634362,22.62537392535766
4.0,19.14703727942063,1323.6221413789788,27.138688732890856,1324.0614162995266,42.20866835434358,1327.4727317645516,281.80686226133935,18.771855178701294,14.28394,21.43111111111111,8.003715100475222,23.38088694111747
4.099999999999994,17.003160518408105,1323.7668567171193,25.29757214820521,1324.3706832045661,40.81857373124756,1327.7632032455704,281.7982678944124,18.566663737239473,14.118431,21.53888888888889,8.31636162702512,24.148389016117648
4.199999999999989,14.852563140585971,1323.922704004469,23.486926899910436,1324.6869825454844,39.430449907952806,1328.0450674068056,281.1599929106367,18.194743900080695,14.2110405,21.551944444444445,8.668123165748868,24.92120378253084
4.299000000000007,12.715406996368138,1324.078551291819,21.72945979743108,1325.0008915311514,38.065044413132725,1328.3167312303983,281.34746183641454,17.871575621968375,13.913615,21.456944444444446,9.06111800041488,25.701484127443067
4.400000000000006,10.578250852165228,1324.2232666283776,19.948657632139454,1325.326924731683,36.71176398780432,1328.5899015895732,281.4794025574773,17.97812477381877,13.4245405,21.505000000000003,9.435178028589531,26.495811172616634
4.5,8.434374091152705,1324.3679819673089,18.17182118290923,1325.6640522216119,35.39871806028796,1328.8507798384446,280.9938208261039,18.192805365724883,13.349919,21.50111111111111,9.823322959612327,27.33443473787779
4.599999999999994,6.2972179469348735,1324.523829254659,16.38214789199181,1326.015703171343,34.09437807091506,1329.090977760919,279.8673858008768,18.285250428122527,13.1768055,21.466944444444447,10.194679974378209,28.169859006328522
4.699999999999989,4.160061802731963,1324.6685445927994,14.574489426260461,1326.372039872813,32.779026608719214,1329.3055029578018,278.67219584023394,18.56377099413259,13.479254,21.439999999999998,10.552828952216656,28.992180487936775
4.800999999999988,2.029626275323742,1324.8132599301487,12.734001545994765,1326.7269600520774,31.446310127539668,1329.5102863302106,278.80037509337166,18.553051810138044,13.220922,21.356944444444444,10.874092977900428,29.789315968382027
4.900000000000006,-0.09408863527486841,1324.9691072174987,10.931615360976544,1327.0821313549036,30.156892049182375,1329.7207346880245,279.74055586334686,18.559621759314844,13.173482,21.334999999999997,11.226353798905945,30.621884265832836
5.0,-2.211082929048944,1325.1249545048486,9.1139894815061,1327.462935132739,28.857033621396425,1329.9518585948424,280.4223756395525,18.58285634691472,13.231911,21.253888888888888,11.563884231550649,31.44084714326344
5.099999999999994,-4.334797839662477,1325.269669842989,7.304936526434332,1327.8601933228256,27.55962495632301,1330.1924682058607,280.590825231321,18.46050755520493,13.158739,21.31611111111111,11.924522129329938,32.272095519358054
5.199999999999989,-6.445071516641866,1325.4143851811295,5.499629562904682,1328.2712818729772,26.28633989954075,1330.4277727894435,280.345599295005,18.570234845840677,12.738216,21.248888888888892,12.281601792421474,33.11312955017398
5.299999999999983,-8.562065810401018,1325.5702324676884,3.6869570266299245,1328.699285064411,25.033325624175895,1330.6476288079707,279.55720936890503,18.680354504335714,12.70551,21.203055555555554,12.642370450796099,33.97690802940662
5.400999999999982,-10.665618870615562,1325.7372117042478,1.8386316749476275,1329.1380539906488,23.782262432790485,1330.8506547078528,278.8697287696835,18.93739818565851,12.392564,21.138055555555553,12.958472516588934,34.82533310170441
5.5,-12.755730697181038,1325.8930589908066,0.01161262688061293,1329.5686781141678,22.55883377241299,1331.0369644576933,278.45139795951354,18.983458233187374,12.608278,21.043888888888887,13.28590348807639,35.68722778711426
5.599999999999994,-14.845842523746516,1326.0489062781564,-1.8224017926838834,1330.015043728266,21.31285163408649,1331.2185600270273,278.13254694652323,18.768359747586448,12.574738,20.936944444444446,13.613972776109927,36.52638064581434
5.699999999999989,-16.915792499898078,1326.2047535655065,-3.633298683349328,1330.4768508650925,20.0725520502876,1331.3956136903982,278.1156446915669,18.609086114552134,12.482725,20.87611111111111,13.952614712797947,37.350805364803605
5.799000000000007,-18.99246309287418,1326.3383369544374,-5.413948923764761,1330.9372959493346,18.83322297187536,1331.5703581160515,277.9381022595897,18.546869637097913,12.8019085,20.811944444444446,14.336194434976498,38.185816368182635
5.900000000000006,-21.015368751373384,1326.59437178309,-7.236261601787755,1331.4013536795824,17.578201533886716,1331.741063866004,277.54517353326696,18.69030756107372,12.278987,20.478055555555557,14.593521466492122,38.93522963537829
6.0,-23.051715643491814,1326.7836149172774,-9.059710056711658,1331.8598829606917,16.362882744563084,1331.9040457096914,277.73138481668445,18.914023147730386,12.245016,20.56611111111111,14.884378307106964,39.74580956014812
6.099999999999994,-25.094783152419858,1326.961726103046,-10.894333288877998,1332.3206917729271,15.13329958407894,1332.0737929496709,277.985491598825,18.918171247129887,12.579943,20.503888888888888,15.177987000189813,40.55159513630696
6.200999999999993,-27.117688810933988,1327.117573389605,-12.734780757211267,1332.7879256703238,13.857168569374675,1332.249076750883,277.6608479825259,18.68252012713102,12.927345,20.339999999999996,15.46030203680688,41.294930246743874
6.299999999999983,-29.133873852638505,1327.2734206769549,-14.519454930643244,1333.2474869538912,12.585809135782107,1332.420594128749,277.7056590116831,18.54768389760055,12.989361,20.308888888888887,15.788309228945364,42.03600056138983
6.400000000000006,-31.150058894343026,1327.4181360150951,-16.315664390016156,1333.7085144123498,11.301704498860834,1332.5977187086262,278.0021646706634,18.54100223401512,12.9359865,20.183888888888887,16.112979882400765,42.76657914857921
6.5,-33.14608208563364,1327.5739833024452,-18.116125011418607,1334.1637538590091,10.022078463895856,1332.7789344236514,278.1187615819725,18.60148933216068,12.911904,20.103888888888886,16.41111469830443,43.4808187756866
6.599999999999994,-35.14210527693917,1327.7186986397946,-19.916607472098136,1334.621483667756,8.749663351516933,1332.9614916112948,278.21100778698855,18.55378089286951,12.796992,20.021944444444443,16.717183511209818,44.203780737352496
6.699999999999989,-37.12468723461055,1327.8745459271445,-21.715209611466605,1335.0913865958705,7.47818328572794,1333.1443354576718,278.1557173597584,18.62590278940738,12.894203,19.903055555555557,17.015721843517305,44.91310210117015
6.799999999999983,-39.100548575472324,1328.0303932144943,-23.518106604117236,1335.5673716787473,6.202668597616724,1333.3370718131252,279.0291915184353,18.667542684696627,12.90643,19.858888888888888,17.30949283373902,45.61296223642176
6.900000000000006,-41.06296868274472,1328.1862405018444,-25.301864605742953,1336.0444640209525,4.898918884945366,1333.5605933554752,280.3945499442324,18.261964512752478,13.550882,19.74111111111111,17.61147576446523,46.275034061363094
7.0,-43.02538879000219,1328.3309558391938,-27.02906860421346,1336.5286847768407,3.6054181901116547,1333.8065135726815,281.1568702906539,17.615051339086836,12.783107,19.711944444444445,17.9745658979961,46.951186269458525
7.099999999999994,-44.98108828045005,1328.4645392281247,-28.69680699288583,1337.009766395371,2.3545433415450336,1334.0515665927867,281.0110525317931,17.099738185809255,12.709963,19.62,18.390180107664953,47.66420979966732
7.200999999999993,-46.930067154103234,1328.598122617847,-30.36790254009834,1337.4921597759605,1.104191662548852,1334.2898515579905,280.56459522346023,17.342418336332198,12.495272,19.541944444444443,18.799180664893402,48.37029872135571
7.299999999999983,-48.865604794137184,1328.7428379551964,-32.024017996615754,1337.9789841297422,-0.10425600769423915,1334.512756616611,280.3360022519369,17.530322063658847,12.329702,19.435000000000002,19.20795257220369,49.10153864017379
7.400000000000006,-50.79442181736152,1328.8875532933369,-33.70761014124525,1338.4850106122378,-1.3110272770005642,1334.7284493363102,279.92920221739394,17.629634961593073,12.188366,19.371111111111112,19.597712117571,49.82692446681659
7.5,-52.71651822380609,1329.0322686314773,-35.39879702313172,1338.995991101211,-2.5253747153675925,1334.9396645536153,279.8060162914408,17.704284969443968,12.463233,19.295,19.97947028922848,50.53759208020858
7.599999999999994,-54.631894013426134,1329.1769839696178,-37.07351633305543,1339.502484450795,-3.7400692533552475,1335.1495853450856,279.8037244602603,17.28841061542077,12.190769,19.261944444444445,20.369403205625108,51.24109478338655
7.699999999999989,-56.54054918623656,1329.3105673593398,-38.709944483121376,1340.0004953129903,-4.948614698577247,1335.3597648267105,279.9269103862134,16.92220140729016,12.342957,19.188888888888886,20.789541210257457,51.94536066077677
7.799999999999983,-58.435763125427755,1329.4552826966892,-40.315055974213465,1340.4919707001982,-6.154300555212217,1335.572968918102,280.13088336128,16.65119445245643,12.144911,19.011944444444442,21.217174876662245,52.638174485676394
7.900000000000006,-60.33097706464881,1329.5888660856203,-41.914343559632115,1340.9828259846568,-7.352327992525593,1335.7892615516566,280.336575209732,16.80719578297315,12.203042,19.023055555555555,21.656285735069012,53.34024898181884
8.0,-62.219470387030405,1329.7335814237608,-43.53141022252711,1341.4770197590872,-8.536838407997212,1336.0078997082876,280.5826605827407,17.010763740601575,11.887406,18.94888888888889,22.07151867560788,54.048053120643154
8.099999999999994,-64.10796370944185,1329.867164812692,-45.167344980600305,1341.9720266563988,-9.697735618209872,1336.2264788648301,280.74452115986514,17.172986112178823,11.738528,18.933888888888887,22.478316620391613,54.780596894827745
8.200000000000017,-65.98973641504368,1330.000748201623,-46.816855924500764,1342.4664646859353,-10.842725599311331,1336.448185851291,281.17567190070116,17.267445252476758,11.586782,18.883055555555554,22.869049691053945,55.52262830735643
8.299999999999983,-67.85806788701136,1330.134331590554,-48.47265455473475,1342.9582093607735,-11.970533055981733,1336.6722126267669,281.2951336009859,17.278113186846877,11.410079,18.796944444444442,23.243194512130586,56.268645247004315
8.400000000000006,-69.73311997583342,1330.2790469286945,-50.120609729029,1343.4436315589448,-13.08174116053961,1336.8939520975368,281.2747935992587,17.081120657681684,11.252241,18.77611111111111,23.621110191268162,57.03626646324861
8.499999999999972,-71.60145144778619,1330.401498368416,-51.75094297627923,1343.9231650480542,-14.183842196499755,1337.1178843875252,281.6962040575773,16.906754406723255,11.240331,18.721944444444443,24.018287956734294,57.80909697695597
8.599999999999994,-73.44962106933995,1330.5462137065565,-53.39484745404434,1344.4027273530562,-15.260557005309467,1337.3442359538292,282.055735074022,17.341866889318357,10.764775,18.618055555555557,24.37615464334746,58.58481273437903
8.700000000000017,-75.31123192452787,1330.6797970954876,-55.07087463543404,1344.8804793213003,-16.314902588983188,1337.5685304572119,281.96377534790344,17.514152316224152,10.794013,18.666111111111114,24.72511757037135,59.39715079359433
8.799999999999983,-77.15940154608164,1330.8133804844188,-56.774895742805455,1345.349724766257,-17.383486157055604,1337.7897550736357,281.43493530299787,17.83533523904569,11.031078,18.56111111111111,25.03664078753238,60.18164058087044
8.900000000000006,-79.00757116765031,1330.9469638733497,-58.507515296679756,1345.8084406499133,-18.508904461250744,1338.0150424541803,281.21348711517976,18.011341991361462,11.923883,18.508055555555554,25.320264269814718,60.910150287754306
8.999999999999972,-80.85574078921901,1331.0694153130712,-60.255021724099926,1346.25461297765,-19.67894852806871,1338.2450403095452,281.0284217473526,18.06028415065594,11.924855,18.55,25.59257419862816,61.59618093237568
9.099999999999994,-82.6971897939781,1331.2141306512117,-62.00931560321275,1346.6921016549422,-20.89438684976406,1338.477908388669,280.6763391822446,18.100190092669436,12.826163,18.51111111111111,25.83709977774709,62.228200349845665
9.200000000000017,-84.53863879873718,1331.3365820909335,-63.74606686864407,1347.1237748992953,-22.12511748519299,1338.705822421443,280.29732760076547,17.69169718775089,12.207093,18.496944444444445,26.106828689760235,62.84706314383388
9.299999999999983,-86.38008780349627,1331.4701654798644,-65.44128292658729,1347.5466902674023,-23.340967508563885,1338.924748689731,280.1194242053774,17.251771859091377,12.500992,18.45611111111111,26.398640095989553,63.47835456588159
9.400000000000006,-88.22153680824043,1331.6037488687955,-67.10367036715066,1347.9561940620486,-24.547963030013946,1339.1407068771596,280.16984449134895,16.990050212940716,12.022274,18.47694444444444,26.70892635097957,64.11809209350427
9.498999999999995,-90.0629858129995,1331.7373322569356,-68.7539209030684,1348.3510080975634,-25.715430796680856,1339.3484428947888,280.0084680635614,17.289381757563827,11.933421,18.508055555555554,27.02018638487006,64.79611748955178
9.599000000000018,-91.9111554345682,1331.8597836974484,-70.46282175729641,1348.751466960718,-26.885645294661803,1339.5525932201153,279.78243621338225,17.81454524770723,11.824397,18.485000000000003,27.3012816731782,65.47897591828315
9.700000000000017,-93.75260443932729,1331.9933670863793,-72.23347250198063,1349.1598655198854,-28.10278620096097,1339.7636295887678,279.88717862791015,18.16849230204945,12.637017,18.48611111111111,27.52747187455655,66.10806012950736
9.799999999999983,-95.60077406088105,1332.1158185268919,-73.99334689128005,1349.5588763287196,-29.333686143209448,1339.9805058515428,280.10031892769877,17.92236490166195,12.360226,18.536944444444444,27.769428772798257,66.73215302837863
9.900000000000006,-97.45566429927429,1332.249401915823,-75.7345207963933,1349.9495163781542,-30.54296751695964,1340.1921659456705,279.7531065038494,17.76678164779988,12.193188,18.58611111111111,28.0196739283735,67.38246427013353
9.999999999999972,-99.31055453763766,1332.3829853047541,-77.4586553845146,1350.3373393918237,-31.768639708661194,1340.3984548126034,279.3617763297752,17.57753659515654,12.6651745,18.623055555555556,28.281872768296843,68.01586587110371
10.099999999999994,-101.15872415919144,1332.4831728460567,-79.1671230070855,1350.722225041808,-33.05638050607383,1340.6090751556328,279.22025575437783,17.44817724355458,13.431874,18.56888888888889,28.570851338954704,68.58541754186601
10.200000000000017,-103.01361439756974,1332.6167562349879,-80.88339204654618,1351.1005332198056,-34.401111363267006,1340.8271030271496,279.199056315958,17.701427145585903,13.81395,18.64388888888889,28.83395139293642,69.10199249717596
10.299999999999983,-104.86850463593312,1332.7392076755004,-82.6331897414387,1351.4737975278542,-35.746295328340665,1341.0454325475382,279.2394498405147,18.082090768062322,13.441787,18.628888888888888,29.07566139218923,69.61948858751751
10.400000000000006,-106.73683610791574,1332.8505271660126,-84.41903196431826,1351.8466318867202,-37.053839498837725,1341.2574846016846,279.18329997659185,18.404853408607785,13.050765,18.726111111111113,29.307616353979785,70.18829638726086
10.499999999999972,-108.61860881350265,1333.0286383509904,-86.21413794062848,1352.2156756794523,-38.33734982214959,1341.4608125193777,278.8186123399912,18.24817127595572,12.93968,18.788888888888888,29.497503564492654,70.7852875011161
10.599999999999994,-110.48694028550017,1333.1399578415028,-87.99304157040501,1352.5742006858043,-39.618137480150466,1341.6569087117355,278.59114809532423,18.045363318007052,12.97462,18.773888888888887,29.726507940493832,71.37874797998
10.700000000000017,-112.37543360788175,1333.306937078062,-89.75230744339352,1352.926309687262,-40.90650359664038,1341.854134258997,278.8146016354253,17.837772926433292,13.09292,18.916944444444443,29.94537725648109,71.9782087621073
10.799999999999983,-114.2639269302932,1333.4627843654118,-91.50369767335229,1353.2762309673237,-42.19788210441156,1342.0565827298328,279.0051101023062,17.88233891078053,13.050137,18.94888888888889,30.176161155377642,72.57663664826516
10.900000000000006,-116.15242025268972,1333.574103855924,-93.26269599434252,1353.6217205552507,-43.502764787995716,1342.2635274759916,279.0180016526967,17.969880647151424,13.373678,18.946944444444444,30.427724396449538,73.16746901449942
10.999999999999972,-118.05435480866066,1333.7299511432739,-95.03204916076167,1353.9601920462253,-44.82411215367109,1342.4704779556325,278.78480783007853,18.05898132592131,13.375488,19.061111111111114,30.647825442219077,73.75001863231098
11.099999999999994,-119.96300998151588,1333.8746664814144,-96.82005756176906,1354.2899947091303,-46.15808261633544,1342.6802254413394,279.0838917991369,18.304703236634683,13.631797,19.11611111111111,30.860684913786983,74.32836048222964
11.200000000000017,-121.87166515432632,1334.0082498703455,-98.63484905599013,1354.6099232678757,-47.52282094750832,1342.9058817563568,279.6849245262293,18.551108617579317,14.033952,19.163055555555555,31.05444524003611,74.87935955968548
11.299999999999983,-123.78704094394634,1334.1418332592766,-100.46477615568882,1354.9247475001732,-48.91517192089777,1343.1485680189442,280.08685441951343,18.58511386242669,14.233078,19.2,31.238718910961435,75.41165720255418
11.398999999999972,-125.709137350376,1334.286548596626,-102.26239671332884,1355.2340482735954,-50.28023049513049,1343.3912274455392,280.0726737140839,18.264094870601102,13.776195,19.278888888888886,31.441173470746723,75.97641190737525
11.499999999999972,-127.63123375680566,1334.4312639347665,-104.05181653299857,1355.5394347873394,-51.64571102510756,1343.6342775389178,280.11289248651315,17.682319452807004,13.688022,19.265,31.647176704340858,76.54080692158661
11.602000000000004,-129.56005078002997,1334.5648473236974,-105.80904856480518,1355.8342358857406,-52.9895229898491,1343.8775832471833,280.41912696885475,17.254748162998062,13.089728,19.34611111111111,31.882550023967386,77.13477021711705
11.700000000000017,-131.4955884200639,1334.6984307126286,-107.49547458957652,1356.1110855445015,-54.25044766778675,1344.1115077425743,280.6007717786451,17.622871999792775,13.082544,19.446944444444444,32.16375678967374,77.81656500392961
11.799999999999983,-133.4378466769075,1334.8320141015597,-109.2543815318553,1356.392163513731,-55.51598567830364,1344.3525838753988,280.9754861766605,18.00168034132128,12.683495,19.463888888888885,32.398765857623424,78.50132272964754
11.900000000000006,-135.38010493375106,1334.9878613889093,-111.05143576455662,1356.674955849371,-56.78085102877698,1344.603263976957,281.4370036806385,18.38169944583792,13.106052,19.531944444444445,32.59162790780933,79.18521756836192
12.001000000000005,-137.33580442421385,1335.13257672705,-112.89084373069535,1356.9657254618992,-58.06089526962229,1344.8670492750182,281.85684136980956,18.49452368411535,12.77415,19.62194444444444,32.77563862056252,79.87033978427718
12.099999999999994,-139.29150391467664,1335.2661601151901,-114.70103161101963,1357.2482352383377,-59.29272990380899,1345.1215397428978,281.48672495809996,18.51777151283235,12.637056,19.62611111111111,32.98337391530199,80.60355048537322
12.200000000000017,-141.2539240219341,1335.422007403331,-116.52588619428549,1357.5243876524303,-60.51870199108458,1345.3684956452437,281.28934099767736,18.394901774819388,12.374936,19.69694444444444,33.16611324049585,81.34561269495163
12.301000000000016,-143.21634412919158,1335.5555907922621,-118.34960971070964,1357.7980915947605,-61.75407818040447,1345.619269561748,281.65709682327105,18.122880957250555,12.587015,19.741944444444442,33.36290338967003,82.08153509703826
12.400000000000006,-145.19220547005335,1335.7003061304024,-120.14361410790309,1358.0594436225774,-62.953041248405086,1345.8696956575516,281.9432634588381,18.502601723187684,12.157244,19.825,33.57622609260867,82.86553333702815
12.499999999999972,-147.17478742772474,1335.8672853669616,-122.00514301831053,1358.3145955251161,-64.14966841328213,1346.1217805675951,281.84958485933424,19.076338637817287,12.300592,19.911944444444448,33.72525363926481,83.65599236864132
12.599999999999994,-149.16409000222066,1336.012000705102,-123.92068026300646,1358.5707664865588,-65.32948785817341,1346.3656387649266,281.49922116761167,19.575476982021318,11.794671,19.915,33.85450706840194,84.47152382740909
12.700000000000017,-151.15339257667182,1336.1678479916611,-125.85312522535925,1358.8297121454505,-66.49392999609708,1346.594719923535,280.7646892742538,19.418863460872824,11.941053,19.956944444444442,33.96562401859702,85.29914573262404
12.799999999999983,-153.14269515118264,1336.323695279011,-127.7722751814545,1359.0858393616968,-67.67100115651048,1346.815950929646,280.5251929158892,19.30445388253293,12.012618,20.02,34.08479738360388,86.11328528721431
12.900000000000006,-155.14543895928287,1336.5018064639887,-129.67740239977263,1359.3419385953698,-68.9052532061324,1347.0534074961752,281.2239149470514,19.140848615926554,13.125579,20.058055555555555,34.20953846481267,86.88328908990691
12.999999999999972,-157.15490338417774,1336.668785699757,-131.5726546564095,1359.5996944904473,-70.19317491789934,1347.3114272394102,281.4330445422741,19.113141289267286,13.144726,20.15388888888889,34.3551746893587,87.61054752017183
13.099999999999994,-159.1778090426919,1336.8135010371066,-133.48243217292477,1359.8586555330885,-71.48232637063555,1347.5689403815693,281.1597436739966,19.431960957530645,13.147739,20.311111111111114,34.515670907908486,88.35257300485003
13.200000000000017,-161.1939940843964,1336.9804802744568,-135.42261899232793,1360.1276622882012,-72.77168529723835,1347.8268610856687,281.46427074210874,19.743224574998354,13.150411,20.243055555555554,34.64037830788661,89.08506422489323
13.299999999999983,-163.21689974291053,1337.1919873070628,-137.38586056777078,1360.413554931551,-74.10521826976148,1348.1010439737395,281.76249527447425,19.935963145417787,14.078243,20.419999999999998,34.73447549346735,89.77694187445202
13.400000000000006,-165.23308478461507,1337.358966542831,-139.33895934873806,1360.703948375427,-75.45980583571145,1348.3775129955109,281.3001183338036,19.5554208333031,13.572245,20.25888888888889,34.863934213642175,90.44694565969338
13.499999999999972,-167.28287291035272,1337.537077727809,-141.25362569136635,1360.983513215262,-76.7836075895194,1348.6340763280027,280.63233602357883,19.144059122159668,13.396905,20.52611111111111,35.032228702359326,91.17708265536513
13.599999999999994,-169.33266103609037,1337.6817930667403,-143.13215710998384,1361.2498430295602,-78.0903314064535,1348.8697861880023,279.81071454536107,18.80234214913183,13.160029,20.560000000000002,35.24087662121788,91.92569774728238
13.700000000000017,-171.37572854501843,1337.882168149346,-145.00186901978847,1361.5098287736166,-79.38557157094662,1349.0883902506935,279.34805112579284,18.951692586213017,13.111346,20.53388888888889,35.40969941742338,92.67021308866782
13.799999999999983,-173.4389579043753,1338.0602793351147,-146.88242307705892,1361.7702633119195,-80.68700135584994,1349.3005486820975,279.1707206881999,19.018348461867827,13.260873,20.741111111111113,35.600742719988396,93.43055762742858
13.900000000000006,-175.4887460300831,1338.2495224693018,-148.75874720187835,1362.0299463000583,-81.99510677437503,1349.509233197914,278.9572939095136,18.865833064246104,13.232108,20.62194444444444,35.77710713467815,94.1692182561186
13.999999999999972,-177.5586960062496,1338.4276336542796,-150.62879452743533,1362.2833290047236,-83.29667514922484,1349.7135005884027,278.8808040438637,18.87698772876026,13.117891,20.736944444444447,35.976572853898084,94.93523775977444
14.099999999999994,-179.61520474881178,1338.6057448400484,-152.50182741787856,1362.5302077921099,-84.5931715946551,1349.916646244446,278.9295054564498,18.907698035585167,13.128415,20.731944444444444,36.1595790605218,95.69285906132001
14.200000000000017,-181.6784341081239,1338.8061199234448,-154.38581559223803,1362.777752017885,-85.8875975193816,1350.118671138926,278.8117626295504,19.09594201548165,13.073526,20.723055555555558,36.32528280309552,96.45650931572224
14.299999999999983,-183.75510470109998,1338.9842311084226,-156.2865592942934,1363.0290008544923,-87.16912813609653,1350.3184712530724,278.91203024369827,19.249605842244886,12.866729,20.833888888888886,36.50577952745709,97.24873196433971
14.400000000000006,-185.82505467725156,1339.1734742426097,-158.1962200807729,1363.278575443418,-88.44867726268895,1350.52282011346,279.23317308786915,19.268442239672773,13.048654,20.805,36.666175217232414,98.03553707752882
14.499999999999972,-187.89500465340313,1339.3515854283785,-160.10347090527148,1363.5242465254298,-89.74280779915996,1350.7331291306295,279.2277299888154,19.1917213711077,13.173503,20.81388888888889,36.833230819281106,98.8098845478546
14.599999999999994,-189.96495462955465,1339.5408285625656,-162.0027889067305,1363.7671614924727,-91.06488857426602,1350.9465200751747,279.1117060353014,19.10406233282443,13.610336,20.793055555555558,36.997269076803285,99.55557676303853
14.700000000000017,-192.04162522250093,1339.7189397475433,-163.89634870552482,1364.0052242921647,-92.40999903880541,1351.1604109001744,278.9587263040014,19.065307159964643,13.6298895,20.87,37.17499438062313,100.28643077776839
14.799999999999983,-194.118295815477,1339.9081828817307,-165.7880117901098,1364.2447059144074,-93.74503892605527,1351.3725372204472,279.0991009638084,19.0700450484905,13.405878,20.831944444444446,37.34797646831728,101.02584876650874
14.900000000000006,-196.18824579161367,1340.0862940674992,-167.67665158253922,1364.492811725593,-95.05178232888473,1351.5860468428784,279.46464803710194,19.027381759636654,13.075682,20.85388888888889,37.53117515529943,101.78815528165714
14.999999999999972,-198.26491638458978,1340.264405252477,-169.56344574299285,1364.7380171022317,-96.36423453964052,1351.8033690017794,279.34146211114887,19.026082171538306,13.530797,20.82111111111111,37.71912106562005,102.55192170248827
15.099999999999994,-200.3348663607264,1340.4425164382458,-171.44562936019724,1364.9787095476022,-97.7042143273288,1352.0150385678946,278.613519232435,18.924185216137047,13.601649,20.81388888888889,37.90267519281947,103.28104378462464
15.200000000000017,-202.4115369536876,1340.6206276240143,-173.3244760772565,1365.2219210025353,-99.05162532583164,1352.2119188754743,278.01334594203536,18.966271649433217,13.633101,20.86611111111111,38.095678840588576,104.00783318863233
15.299999999999983,-204.48820754663384,1340.7987388074102,-175.21616971620978,1365.4572337418524,-100.40590635668428,1352.4045648085,278.17807130813543,19.159648695646055,13.725213,20.85194444444444,38.27392808659293,104.72736327322934
15.400000000000006,-206.57159875640463,1340.9657180447605,-177.12458610187429,1365.6819192044359,-101.77840775430057,1352.6075398668875,278.6415941643964,19.272353538160367,14.023592,20.933888888888887,38.4449886726685,105.43787220795768
15.499999999999972,-208.65498996616049,1341.13269728132,-179.0409055801301,1365.901505044482,-103.2040474591219,1352.8247871443846,278.685998393519,19.30487266610019,14.818358,20.93,38.606836597051185,106.09715472616944
15.599000000000018,-210.74510179274088,1341.3108084662977,-180.94091282641568,1366.1142107440226,-104.82236492367073,1353.0666944540549,278.3519009736001,19.318918751368468,18.238302,20.961944444444445,38.774971882531,106.57310655691435
15.698999999999984,-212.83521361930636,1341.4666557528565,-182.85986077907782,1366.323425027382,-106.60912553677065,1353.3302459824483,278.43039619153296,19.287520667983554,17.883572,20.96111111111111,38.940733899904764,106.88651253761769
15.799999999999983,-214.92532544587183,1341.6336349886249,-184.79996960227163,1366.5267327927127,-108.3940466615778,1353.5971354023723,278.5779614716689,19.340957398284996,17.85436,20.97888888888889,39.0794496249297,107.20092677568935
15.898999999999972,-217.02215788926185,1341.800614225184,-186.70688604478394,1366.721201510599,-110.10602472829125,1353.8527745279184,278.4041060231034,19.382414839704456,17.114555,21.041944444444447,39.24348834717144,107.5932809150144
15.998999999999995,-219.11899033262202,1341.956461512534,-188.63066940995162,1366.9226946874903,-111.78229552096731,1354.0999187506777,278.3697285553955,19.303897795342213,16.773285,21.021944444444443,39.40622427523393,108.02143123836552
16.099000000000018,-221.21582277598216,1342.1234407490933,-190.54792880262693,1367.1393138027424,-113.37730630520241,1354.3348073662803,278.38577137365917,19.28575733389042,15.4709835,21.066111111111113,39.57668032310499,108.52770664340964
16.200999999999993,-223.3193758361818,1342.2792880356521,-192.50009756612934,1367.3776376438586,-114.93201273429523,1354.562378899771,278.2688879834525,19.27654247319775,15.33832,21.121111111111112,39.74613271933115,109.08113861413621
16.299999999999983,-225.42292889635158,1342.435135323002,-194.39450487849277,1367.6174459100394,-116.39963274458546,1354.771753415014,277.96201751795843,19.29973308328123,14.610873,21.103888888888886,39.961379650032754,109.7190560009694
16.400000000000006,-227.5264819565512,1342.6021145595614,-196.30619687163406,1367.8611638332582,-117.83240280501013,1354.965366022624,277.42401014833047,19.243567898599334,14.305295,21.18611111111111,40.15875708976238,110.38859084001153
16.49999999999997,-229.63675563351566,1342.7579618469113,-198.21099685587305,1368.1086449005059,-119.24803690876976,1355.1444060954316,276.99114053410926,19.172707594364976,14.23313,21.145,40.37617423722052,111.08147110482814
16.599999999999994,-231.74702931050996,1342.91380913347,-200.10715559074015,1368.3675014974283,-120.65359396095965,1355.319361341151,277.20055660822965,19.10259081298862,14.094995,21.175,40.60753703393011,111.7839393801373
16.700000000000017,-233.85058237069464,1343.0585244716106,-201.99620335272402,1368.638495542286,-122.07476713478847,1355.5038630804754,277.58701664104547,19.06524843851426,14.567158,21.175,40.85384171160791,112.46652535194966
16.799999999999983,-235.96757666448366,1343.225503707379,-203.88614347994016,1368.911342218116,-123.4845608465345,1355.6925757685287,277.6632200277978,19.12546805500857,13.880209,21.261944444444445,41.097209822249404,113.17180184692165
16.900000000000006,-238.08457095828757,1343.3702190455194,-205.77459252986316,1369.1795485689104,-124.84650588758556,1355.881596235942,278.1442180968103,19.022542975539636,13.620019,21.265,41.35282573769573,113.9271431229519
16.99999999999997,-240.20156525206167,1343.5260663336603,-207.652140450411,1369.444649432145,-126.2065801664033,1356.0864167030115,278.9758663364424,18.90087808140604,13.888911,21.256111111111107,41.608148297555516,114.68486833963902
17.099999999999994,-242.31855954586555,1343.6707816710098,-209.51914460456848,1369.7127251623915,-127.56671915786704,1356.300546137496,278.91713816244146,18.822264384938393,13.648917,21.231944444444444,41.880597432459126,115.44477390904972
17.200000000000017,-244.4355538396397,1343.8154970091502,-211.38009838085642,1369.9897894898136,-128.9339550149234,1356.507751929098,278.32584571786634,18.807203160531767,14.008408,21.223055555555558,42.163452449377466,116.19687029356102
17.299999999999983,-246.53910689982436,1343.9602123472907,-213.24621716515216,1370.2749453205258,-130.31943278636342,1356.7095479041557,278.2479234577286,18.948414693155776,13.993529,21.15888888888889,42.4367962779674,116.91688589840479
17.400000000000006,-248.64938057681863,1344.1049276846402,-215.1234867443457,1370.5664881483538,-131.7277166378291,1356.9167881131132,278.4908575628641,19.047089184299004,14.475549,21.155,42.71065135819184,117.62150851736547
17.49999999999997,-250.75965425378317,1344.2607749711992,-217.00721341130946,1370.860961125738,-133.13372979146413,1357.129873027797,278.749261528468,19.08500326924329,13.965889,21.211111111111112,42.97437802087194,118.32781494815795
17.60099999999997,-252.86320731396782,1344.41662225934,-218.90516362553916,1371.1551243984002,-134.518511362983,1357.3436330519812,278.8013433920454,18.946914309675165,13.780309,21.10611111111111,43.22147877833138,119.04862312418446
17.698999999999984,-254.96676037415256,1344.5613375974806,-220.7325033611101,1371.4400720248982,-135.81762319193322,1357.5408658293534,278.4546179823219,18.796474792056248,13.036112,21.121944444444445,43.5252882546996,119.85401555387831
17.799999999999983,-257.0635928175276,1344.7060529356208,-222.60421811717566,1371.7363484091843,-137.1487609320253,1357.7311134455642,277.82587415146816,18.728652226136926,13.591303,21.07111111111111,43.79595161801374,120.62014387081439
17.900000000000006,-259.16042526090274,1344.8619002229707,-224.4567069360403,1372.028689198808,-138.50442714413202,1357.9156644200255,277.6794834348122,18.779646584204492,13.772125,20.99611111111111,44.07246860375614,121.36008668943215
17.99999999999997,-261.2505370874831,1345.0177475095297,-226.315251108502,1372.3204505341328,-139.8791944144773,1358.10516610848,278.0146637449636,18.846467748622022,13.983324,21.01,44.33860393475264,122.07490875619098
18.099999999999994,-263.3406489140486,1345.1735947968796,-228.17885069709467,1372.6119092755298,-141.26061446622072,1358.3014265460488,278.1576167148488,18.878608768177298,13.922536,21.026944444444446,44.60059590721956,122.78385389462792
18.200000000000017,-265.4374813574237,1345.340574032648,-230.04370593524294,1372.9009867395105,-142.62643978819744,1358.494701112304,277.94906007742117,18.86395199018242,13.666159,20.999999999999996,44.858618873170336,123.51349315174417
18.299000000000007,-267.52759318400405,1345.4852893707885,-231.88611503576723,1373.1865918664778,-143.96987253323064,1358.678690500275,277.64842912231603,18.80099572171464,13.727336,21.035,45.140637174822054,124.2601149435252
18.400000000000006,-269.61770501055463,1345.6411366581383,-233.7627731265285,1373.4792285615888,-145.3382649304223,1358.8625239422654,277.6545053397334,18.809643353687733,13.612971,20.968888888888888,45.39312173923612,124.98073574894686
18.498999999999995,-271.7078168371201,1345.8081158931157,-235.60672407672322,1373.7668189645597,-146.66330242820774,1359.0413898448726,277.7217218834692,18.892238708313815,13.398255,20.964999999999996,45.66155906155584,125.74279352409401
18.599000000000018,-273.79120804689086,1345.9639631812565,-237.47664272282032,1374.0513176503275,-147.98716712228898,1359.2224678357995,277.8557940075298,18.936738852740213,13.325587,20.941111111111113,45.90911822010338,126.50076939937338
18.698999999999984,-275.88131987345633,1346.130942417025,-239.3526184519058,1374.3210158590894,-149.33453363101808,1359.4127383972236,278.2127467138962,18.96894271518283,13.889242,20.963055555555556,46.14137263036042,127.24187680456848
18.799999999999983,-277.96471108322714,1346.2867897051656,-241.24882205836644,1374.5783306333497,-150.79040312804253,1359.6248348452336,278.35799724453983,18.923980330220587,15.2442045,20.931944444444444,46.3515673411051,127.87184229547421
18.898999999999972,-280.0279404425691,1346.4315050417242,-243.1036000719841,1374.8241829852723,-152.34089032140415,1359.844733556079,277.8063678033328,18.87402056464716,16.39259,20.808888888888887,46.578439997587445,128.38963146540766
18.998999999999995,-282.1247728859442,1346.6318801259117,-244.97914329325647,1375.0702467282658,-154.1128459611855,1360.0687908992884,276.697980948652,18.95833189639825,19.330372,20.96388888888889,46.78181797287326,128.7152050308022
19.099999999999994,-284.20816409570006,1346.8211232600988,-246.88386736569296,1375.306550337247,-156.0586464362961,1360.2927644468177,276.4352568812727,19.04871621596953,19.454847,20.98611111111111,46.952344799351025,128.85567116973002
19.200000000000017,-286.28483468866125,1346.9992344458676,-248.78260959804163,1375.5317973911285,-158.0741869764819,1360.5344842172258,277.2098958202898,19.192405314853403,21.145744,20.88888888888889,47.12243664086966,128.92312893018698
19.299999999999983,-288.3749465152267,1347.2218734268922,-250.69004114136158,1375.7598607140878,-160.17485409627977,1360.8014311173986,277.274353572242,19.22795348236867,21.205475,20.985000000000003,47.27122604123262,128.9172916380744
19.400000000000006,-290.4583377249975,1347.3888526634514,-252.59961534262044,1375.984816394141,-162.22334557451833,1361.0525167151668,276.6853529588474,19.227741203470075,20.07151,20.945,47.44483114220992,128.96088138327679
19.49999999999997,-292.54172893475334,1347.5892277468479,-254.50195735100115,1376.2063846531687,-164.2677827717976,1361.292041537361,276.6793369019985,19.07631859936758,21.096903,20.963055555555556,47.60216267718333,129.00376882089273
19.599999999999994,-294.6318407613188,1347.800734779454,-256.39160432779,1376.4342625324468,-166.37994562539768,1361.5457300440437,277.01566312774037,18.990594890768858,21.450148,20.98,47.77232037564849,128.98633067414121
19.700000000000017,-296.72195258789924,1347.989977913641,-258.2807918929462,1376.6696718009746,-168.4875292279864,1361.8089868820364,277.226225117451,19.085387357465702,21.029156,21.016944444444444,47.960897375323995,128.97686747365958
19.799999999999983,-298.80534379767,1348.1903529970377,-260.174171957477,1376.9094597999167,-170.58820615594271,1362.0775552065384,277.3442544232479,19.08470460666352,21.326374,20.986944444444443,48.13683135917539,128.9670065181215
19.900000000000006,-300.9088968578398,1348.3795961312248,-262.07215394220515,1377.1527114790233,-172.66968838241078,1362.3412767903765,277.09329890898056,19.185429863813873,20.636173,21.09111111111111,48.33409528596573,128.99698879133837
19.99999999999997,-302.9990086844053,1348.5799712154126,-263.97987391016966,1377.3962819857015,-174.71406437103965,1362.5840736267078,276.45101322063914,19.2787130625554,20.539337,21.02,48.50641859527289,129.04705274367703
20.099999999999994,-305.0958411277804,1348.780346298018,-265.89544754944626,1377.639298043862,-176.72566933728788,1362.810556448669,276.395722793409,19.339828129695203,19.946957,21.07111111111111,48.67761243698434,129.13461117141287
20.200000000000017,-307.19267357115547,1348.9807213822055,-267.81177009597974,1377.8902630275763,-178.6792580236748,1363.031971023243,276.5386757632942,19.314179003557594,19.374992,21.134999999999998,48.85301584003324,129.2792929751482
20.299999999999983,-309.2962266313253,1349.1699645163928,-269.7176711701115,1378.152820898691,-180.59912710610905,1363.244233567174,276.07801769600917,19.163999164422133,19.256668,21.141944444444444,49.055764355203976,129.46439076254595
20.400000000000006,-311.39977969150993,1349.3703395997893,-271.611221135154,1378.4180140237665,-182.48349261751525,1363.433371445093,275.37356608689566,19.076608698154313,18.620724,21.165,49.26354414203213,129.6810623708282
20.49999999999997,-313.5033327516946,1349.5595827339764,-273.4971126999357,1378.6781841083387,-184.30765155431888,1363.603010470386,275.2503801609426,18.998491044525363,18.019894,21.16111111111111,49.48121450438302,129.95669241190194
20.599999999999994,-315.61360642868897,1349.7488258689546,-275.37976234424076,1378.9351547982342,-186.10678528869704,1363.7755850308376,275.70645456586686,19.00363320897577,18.128223,21.196944444444444,49.705170819340246,130.2642187800293
20.700000000000017,-317.72388010568324,1349.9492009515602,-277.26534774600736,1379.1926816399537,-187.84926443240818,1363.9518882001196,275.8537047192155,19.058171253752693,16.899317,21.21,49.92067711351059,130.627298243751
20.799999999999983,-319.82743316585305,1350.1495760349567,-279.1523173413756,1379.4471165523564,-189.48249454408815,1364.116309846515,275.6374131515537,19.022809829623565,15.930454,21.17888888888889,50.12794557632835,131.0910854241225
20.900000000000006,-321.9377068428473,1350.3610830675627,-281.0377323761815,1379.6953949079175,-191.06535528069926,1364.2711582156933,275.53714553740576,19.011060993151002,15.877897,21.211944444444445,50.331995415650795,131.60950799251972
20.99999999999997,-324.04125990301714,1350.5614581509594,-282.9217940305331,1379.9417050948073,-192.63733080237753,1364.427984324147,275.85886133937163,18.990820925799337,15.717806,21.186944444444443,50.5372079177299,132.1335427936359
21.099999999999994,-326.14481296320184,1350.761833234356,-284.80367568992864,1380.1882478407542,-194.24436246183188,1364.5933391490405,275.8898010603087,18.96843068400148,16.592522,21.168888888888887,50.74449238720664,132.62367585892162
21.200000000000017,-328.25508664016627,1350.9622083177524,-286.6847201703831,1380.4328692515421,-195.8717522238396,1364.7564203509266,275.5503235666936,18.969257361562423,16.118433,21.218055555555555,50.95699387038518,133.1000658031436
21.299999999999983,-330.37208093397015,1351.162583401149,-288.56600920255215,1380.6755876027603,-197.46711810832852,1364.9089494767854,275.37127425571526,18.96837958386981,15.934422,21.241944444444446,51.17387078008454,133.61396530292254
21.400000000000006,-332.4756339941549,1351.3629584845457,-290.4458378354822,1380.9201442256785,-199.1488178278062,1365.0630478971116,275.114302684599,18.94504391081608,17.840567,21.211944444444445,51.382205033215556,134.02884898023873
21.498999999999995,-334.58590767113424,1351.5744655171516,-292.3040085117136,1381.1694612993301,-200.93175831426385,1365.2215876365638,275.049355053732,18.930291185017644,18.320557,21.206944444444442,51.61029714964428,134.34908106291894
21.599000000000018,-336.7029019649233,1351.8082364481763,-294.182279698631,1381.4337160684033,-202.7782739326555,1365.3783423894413,274.6597437530429,19.00534114251739,18.742804,21.30888888888889,51.823473066181066,134.61037764169018
21.700000000000017,-338.806455025108,1352.0420073784103,-296.0817092421165,1381.7119039144575,-204.67271607124053,1365.5245017563363,274.1655447364308,19.008459520769502,18.882734,21.265,52.01640762952583,134.80963459781006
21.799999999999983,-340.923449318897,1352.2646463602257,-297.9571275745465,1381.9959782397627,-206.55325140408635,1365.665867411285,274.4328295478592,18.927918419299843,18.834194,21.289999999999996,52.24994640734303,135.03682021332082
21.900000000000006,-343.0337229958913,1352.4984172904597,-299.8246833861178,1382.2928009835962,-208.41935496130256,1365.8137695208802,274.63164590276966,18.892382851951503,18.604973,21.328888888888887,52.485487552778025,135.27130769816588
21.998999999999995,-345.1574379064899,1352.7321882206934,-301.67828181877496,1382.5964667778494,-210.318877479979,1365.9628126403165,274.3505843211572,19.053230903040884,19.88728,21.34388888888889,52.74762694035902,135.48611294308714
22.099999999999994,-347.2744322002789,1352.9770911009277,-303.5908370466508,1382.9036645703827,-212.31496610720734,1366.1160106173013,274.4272603980906,19.304807462553896,19.75548,21.34,52.951452153541254,135.59752466097854
22.200000000000017,-349.3847058772583,1353.2219939811619,-305.50638892220024,1383.2007871445899,-214.3215168781995,1366.2741630012488,274.5831049183662,19.464433047690964,20.500032,21.29388888888889,53.14164787004757,135.69238791739346
22.299999999999983,-351.5017001710473,1353.4557649113958,-307.4326670567162,1383.5001402549217,-216.32198960834134,1366.4325734538916,274.46965927493034,19.523659891211587,19.634686,21.323055555555555,53.33614318091134,135.80114766733578
22.400000000000006,-353.6119738480267,1353.6895358424206,-309.368298452787,1383.8042686866008,-218.31624439083612,1366.5843102032768,274.2367519312096,19.6639102035541,20.365778,21.308055555555555,53.520089188599925,135.90882831946828
22.49999999999997,-355.72224752503587,1353.934438721864,-311.31655694857113,1384.108031384183,-220.3418752387173,1366.7317293935982,274.08778290447566,19.77203543669128,20.254019,21.261944444444445,53.68715907667577,135.98388084224933
22.599999999999994,-357.8258005852057,1354.179341602098,-313.2707233446444,1384.4165435551467,-222.3574309103727,1366.88534601496,274.63008745756713,19.79548372974496,20.174458,21.216944444444444,53.846478899384266,136.06293297771026
22.700000000000017,-359.9293536453904,1354.4242444815413,-315.2255948335414,1384.7332751689635,-224.33680855044426,1367.0512789518527,274.9589652319723,19.811840175837904,19.552118,21.17,54.00984533507817,136.17922119339437
22.799999999999983,-362.0261860887655,1354.6691473609847,-317.17210719843655,1385.0551108843367,-226.26852037237308,1367.2176962409012,274.88820494427364,19.647001169974516,19.22523,21.22388888888889,54.1774415448195,136.33638501792325
22.900000000000006,-364.1230185321405,1354.914050241219,-319.1019560134026,1385.3822365828541,-228.1240175686453,1367.3726954162469,274.6544381638602,19.500658930353676,18.014046,21.143055555555552,54.361810577506596,136.56846672151673
22.99999999999997,-366.21985097551567,1355.1478211714527,-321.0180628571867,1385.713645790945,-229.88543796696047,1367.5163265217784,274.6693350665336,19.39047896861148,17.33129,21.128888888888888,54.56621009162969,136.89430994379694
23.099999999999994,-368.30996280208115,1355.3815921024775,-322.9308788874177,1386.048311660252,-231.60117061479434,1367.6619662758399,275.0368874921101,19.446974640580397,17.106945,21.043888888888887,54.76959873295821,137.25924905500742
23.200000000000017,-370.38663339504234,1355.6153630327115,-324.8511110562144,1386.3893890127301,-233.25927444058115,1367.8104636365179,275.2030452526981,19.558850513398838,16.187893,20.978055555555557,54.95929830054932,137.6685623247465
23.299000000000007,-372.4633039880034,1355.8602659129456,-326.75698084390484,1386.7310062455183,-234.85071166682235,1367.954850435632,275.16504096214703,19.55719609225904,16.094406,20.96,55.15496880639036,138.14305824083954
23.400999999999982,-374.5399745809497,1356.1051687923891,-328.7136811849075,1387.0813605029714,-236.50277535766432,1368.1031367878154,275.09374209412096,19.419646969726532,16.429234,20.933055555555555,55.313412652908056,138.55764001103748
23.49999999999997,-376.6032039402917,1356.338939723414,-330.60135998046246,1387.4208275117942,-238.11599932403178,1368.2447360709182,274.9380379485052,19.327025802423677,16.286482,20.82,55.51804568060677,138.9980353425691
23.599999999999994,-378.67315391644325,1356.5838426028572,-332.50147347119133,1387.7631335985436,-239.66728761809435,1368.3752149781249,274.6650235591253,19.28699148911876,14.848925,20.836111111111112,55.713304175323785,139.5050799356306
23.698999999999984,-380.73638327580016,1356.8287454823003,-334.37683198065946,1388.0974271206478,-241.1184869149106,1368.491116834557,274.4656428407867,19.196281081198478,14.56163,20.833055555555553,55.919034752820195,140.10413230807305
23.799999999999983,-382.7861714015229,1357.0736483625346,-336.2880633749618,1388.4335724358318,-242.52887044757992,1368.6004569388754,274.39764707444954,19.230801654465253,13.4505625,20.678055555555556,56.08492567466512,140.73015947848754
23.900000000000006,-384.84268014407013,1357.3185512427688,-338.1826209374884,1388.766101051558,-243.859517050921,1368.7038455407865,274.48874736387535,19.23957767997018,13.242588,20.705,56.268192739219856,141.4421337579505
23.99999999999997,-386.89246826979286,1357.563454122212,-340.08310365468856,1389.1004767299369,-245.26038739409645,1368.8169473411267,274.7291031589327,19.353902947468836,14.866047,20.675,56.44200927172883,142.07845523797042
24.099999999999994,-388.92881516192614,1357.797225052446,-341.99439807829356,1389.4326469035536,-246.65448523309817,1368.935790212195,275.0350626215326,19.44504633065915,13.117136,20.571944444444444,56.600701609413974,142.70967938621038
24.200000000000017,-390.97188267085426,1358.0532598810985,-343.9087761633104,1389.7587633077328,-247.95964090983716,1369.0530253571924,275.2307277085698,19.3941294350506,13.09111,20.593055555555555,56.746585286488724,143.43464063482247
24.299000000000007,-393.01495017978226,1358.2981627613328,-345.7998833363473,1390.0745348954001,-249.22709736875672,1369.1698347762206,275.30163123571725,19.339047460449375,12.622585,20.56694444444444,56.912216289938655,144.19826583008702
24.398999999999972,-395.0445764550911,1358.5319336915668,-347.7091262332338,1390.388292342197,-250.49791661166614,1369.2868902589378,275.22456841227216,19.35800429320381,12.901398,20.496111111111112,57.05674749040215,144.94621748309555
24.49999999999997,-397.07420273041487,1358.776836571801,-349.6423307532889,1390.7126676785826,-251.77519670155107,1369.3977588659334,274.6884145611116,19.45875190993934,12.486658,20.47611111111111,57.18111390778739,145.68666769253048
24.599999999999994,-399.097108388929,1359.0328714004536,-351.5614015436612,1391.0502432822602,-253.03599008204168,1369.4933262521952,273.98969252994937,19.512227710619523,12.802015,20.44,57.312786771340484,146.4352122843541
24.700000000000017,-401.1267346642527,1359.2889062283152,-353.47391612171214,1391.3945864933344,-254.3804017629074,1369.5869198621851,273.97565506396865,19.353101584958548,14.151297,20.458055555555557,57.45925356570461,147.1072238362067
24.799999999999983,-403.1496403227668,1359.5338091085498,-355.3754590536421,1391.7335928645214,-255.785428758101,1369.6853910656373,274.04269112599894,19.277485900906584,14.018177,20.413055555555555,57.61248536442874,147.71345729589785
24.900000000000006,-405.1658253644564,1359.778711988784,-357.2741887856221,1392.0633185428999,-257.20105776686864,1369.7864064378555,274.1194674705465,19.265562976304835,14.3664,20.37111111111111,57.75729109431301,148.30281992731673
24.99999999999997,-407.18201040616094,1360.0570107158555,-359.17114457103963,1392.3854831694377,-258.6546274816853,1369.8951950540395,274.43631313125377,19.216832490825077,14.786412,20.408888888888885,57.88068217825393,148.85285804937007
25.099999999999994,-409.1981954478803,1360.3019135952986,-361.0750265041057,1392.702989878266,-260.1193614983472,1370.0104594015309,274.5635097617728,19.38673320138772,14.598851,20.323055555555555,58.01438729733978,149.39462705674586
25.200000000000017,-411.2076598727753,1360.5690803731607,-362.9955033276718,1393.020061979387,-261.61965808978664,1370.1331956398897,274.7835255551031,19.54277228089837,15.507377,20.32194444444444,58.1160756240234,149.89343740892295
25.299999999999983,-413.21712429768513,1360.8251152018136,-364.92806105083434,1393.3391967236212,-263.1275116689451,1370.2644513125454,275.17600164476755,19.631843785059466,14.763912,20.25,58.21511080866467,150.38614592194526
25.400000000000006,-415.21986810577044,1361.0922819796756,-366.8719787806555,1393.6581136448792,-264.6240164513105,1370.4015358331992,275.28973376710104,19.766266828602397,15.29151,20.281111111111112,58.29281082809389,150.88330836391893
25.49999999999997,-417.23605314747493,1361.3037890122816,-368.82555076440696,1393.9761158101967,-266.1217340895297,1370.5374163090846,275.0745881150295,19.81943349577847,14.785921,20.256944444444443,58.40426079808552,151.39616011445844
25.599999999999994,-419.2455175723848,1361.582087739353,-370.7757971763239,1394.2920840551162,-267.56399490534795,1370.6635161819565,274.91559232688064,19.69409765394587,14.169365,20.313055555555554,58.47441880215282,151.95313968835572
25.700000000000017,-421.24154076366045,1361.849254517215,-372.71290152195877,1394.6068066927364,-269.0101761055319,1370.7865034221916,274.8087356980887,19.5560072410559,14.858675,20.223888888888887,58.54985953171223,152.4934844629947
25.799999999999983,-423.2442845717607,1362.0941573974494,-374.63286694040676,1394.9254282298302,-270.4706540705054,1370.907786660119,274.6838308987502,19.36858744978081,14.451447,20.148888888888887,58.65971589258722,153.02765187152897
25.900000000000006,-425.25374899667054,1362.3724561245208,-376.53776834980954,1395.2472188965917,-271.8983106508246,1371.0242252012981,274.64114554301295,19.26921384956451,14.196496,20.33388888888889,58.770713775700166,153.59929550100298
25.99999999999997,-427.24977218794623,1362.6284909531737,-378.4299252863898,1395.566953511448,-273.3518922491123,1371.142926755737,274.6944306179601,19.110408693272788,14.971911,20.191111111111113,58.89244236058009,154.13323154564594
26.099999999999994,-429.259236612856,1362.8845257818264,-380.3083079942516,1395.8842429897547,-274.8324694534877,1371.2631803592174,274.5915846937341,18.989431380256388,14.737155,20.236944444444447,59.03536862277517,154.65389832726814
26.200000000000017,-431.2552598041467,1363.1516925588974,-382.1902514601256,1396.2007265807886,-276.331190801511,1371.3782195288043,274.1948114206059,19.177972903320278,15.325624,20.181944444444444,59.15753285574868,155.14233111024222
26.299999999999983,-433.2647242290416,1363.4077273875503,-384.0959051423692,1396.517263394477,-277.89057534864577,1371.486910490881,273.78743842826805,19.457322501606807,15.937931,20.29,59.27743369083964,155.58405875900186
26.400000000000006,-435.2674680371417,1363.6748941669941,-386.02007716789217,1396.8347940329152,-279.5021221568293,1371.5884757880776,273.42962628520877,19.54659377329891,16.35711,20.21611111111111,59.37073746001943,155.9662391393949
26.498999999999995,-437.2634912284324,1363.9309289948558,-387.9198400095113,1397.1473273048857,-281.1740460445974,1371.686331635572,273.2747729819188,19.348337227191635,17.476965,20.191111111111113,59.482140448247925,156.28199246207816
26.599999999999994,-439.26623503653263,1364.198095773509,-389.8465971825057,1397.4591411261672,-282.96116694849735,1371.7889770956856,273.2993671952748,19.301756288417405,17.969893,20.248055555555556,59.57010780227572,156.48928330480882
26.700000000000017,-441.26225822780833,1364.4763944997894,-391.75408547526496,1397.7611281159939,-284.74541105881093,1371.8929000398803,273.3678356517929,19.323175878631375,17.775475,20.188055555555554,59.656790570708445,156.69246313128622
26.799999999999983,-443.26500203590854,1364.7435612776517,-393.6633636901197,1398.059891650882,-286.5416291203388,1371.9981106478062,273.33689593085586,19.32707169678775,18.21046,20.19888888888889,59.751990729386264,156.8911855541819
26.900000000000006,-445.2677458439938,1365.0107280563047,-395.5756513431044,1398.3540449357472,-288.32770965660734,1372.0989850099238,273.1243285888623,19.368591067601468,17.568138,20.23,59.84213429021588,157.10002655995544
26.99999999999997,-447.270489652094,1365.2778948341668,-397.48958516037425,1398.6429320739949,-290.0497845124497,1372.1908557132513,272.9805161822845,19.343684631583884,16.922363,20.203055555555558,59.927991473341066,157.37261246075417
27.099999999999994,-449.2665128433846,1365.5561935604474,-399.4037055036055,1398.9307539429083,-291.7771294085634,1372.2817972913317,273.04554689203184,19.369095189182218,17.672386,20.215,60.00134028941732,157.6329268910053
27.198999999999984,-451.2692566514848,1365.8233603391004,-401.30034205609365,1399.2163289790062,-293.4605837533695,1372.3718116535595,273.0770280580853,19.378691940564998,16.385376,20.208888888888886,60.09977354722084,157.9444821970118
27.299999999999983,-453.26527984277544,1366.101659065381,-403.23747449795945,1399.5055949494358,-295.17324568754236,1372.4595419555026,272.79752205688663,19.405710902511,17.573288,20.205,60.15483555097499,158.2198278920309
27.400000000000006,-455.26802365086075,1366.3799577932434,-405.1619204482733,1399.7870653328544,-296.956331977753,1372.5351200066864,272.06786030478736,19.49277328971928,18.121181,20.23,60.22172707845131,158.43130291162456
27.49999999999997,-457.2640468421513,1366.658256520315,-407.0879263330527,1400.064081492156,-298.8448961154267,1372.6057955126105,272.21253214805785,19.423741860617707,19.67657,20.206944444444446,60.27928509357803,158.5307558079553
27.599999999999994,-459.26679065025155,1366.9365552465954,-409.0116090831541,1400.337329895876,-300.8273958980855,1372.7019494865717,273.33123224305103,19.43613561417719,20.021925,20.23611111111111,60.34231534763946,158.5442574809162
27.700000000000017,-461.2628138415571,1367.214853974458,-410.93268090738553,1400.6061763135565,-302.7906242533649,1372.817073361821,273.3816525290226,19.35973178732572,19.310097,20.181944444444444,60.399525567051896,158.57118191821638
27.799000000000007,-463.2655576496424,1367.4931527007386,-412.8203787454285,1400.868380687354,-304.659324333028,1372.9172703558709,272.7429535564785,19.141705968466194,18.496235,20.21,60.48654327895334,158.69895494054472
27.900000000000006,-465.26158084091804,1367.77145142781,-414.72739886820466,1401.1324210589007,-306.5692420008327,1373.004864233442,272.5140827004245,18.981315032347883,19.363747,20.238888888888887,60.552934217739335,158.77861007116363
28.001000000000005,-467.2643246490183,1368.0608821033002,-416.6275671807355,1401.3974421809644,-308.4882171993946,1373.093783763851,272.7970608258617,19.010021318520575,18.676651,20.246111111111112,60.62513871912713,158.85585414450176
28.099999999999994,-469.2670684571185,1368.35031277879,-418.4935952837501,1401.6632743155412,-310.31498975378025,1373.1913841451405,273.32515029605577,19.068171823988212,18.280872,20.26,60.72642739726932,159.02578185969196
28.200000000000017,-471.2765328819985,1368.617479558234,-420.38092615419214,1401.934150351911,-312.08804066091045,1373.298198695355,273.5772517259134,19.065240704924896,17.244522,20.26888888888889,60.830611841126355,159.25729241470864
28.299999999999983,-473.27255607330403,1368.9069102337241,-422.2779010120008,1402.1955222053668,-313.78667391421664,1373.398440468558,273.1718840858585,19.233173794339894,16.78746,20.18888888888889,60.89816525823984,159.54911611134904
28.398999999999972,-475.2685792645947,1369.2074728592142,-424.17596643496586,1402.43703334329,-315.4646006219716,1373.485661616071,272.7836163711992,19.421290173008646,17.15601,20.24111111111111,60.9480005883967,159.86123510423414
28.49999999999997,-477.2713230726949,1369.485771585495,-426.1428397323559,1402.674957856281,-317.1313740833777,1373.5747066952758,273.35420212105817,19.81063351166728,15.896881,20.25111111111111,60.95608168181618,160.19214291791315
28.599999999999994,-479.2807874975898,1369.7640703125664,-428.10529855914024,1402.9131976733956,-318.6887320626113,1373.6749869534685,274.0268545725419,19.726737675839708,15.315321,20.318055555555553,60.973726414529146,160.63966987579158
28.700000000000017,-481.28353130569,1370.0646329380568,-430.04193735889777,1403.156798021719,-320.1714966899899,1373.7764163570487,273.7925148343333,19.311432302556018,14.409336,20.24694444444444,60.99829784618818,161.15478594866505
28.799999999999983,-483.2661132633614,1370.387459461175,-431.9391397216607,1403.4090556950823,-321.5690400453347,1373.8650886597654,273.4587669186697,18.966860485952523,13.597855,20.195,61.03182801445196,161.73446569027507
28.898999999999972,-485.27557768825625,1370.676890137456,-433.78991629661385,1403.665044175264,-322.9057654707878,1373.9479554774791,273.6368765788641,18.778543972312846,13.458572,20.3,61.14729459066041,162.40275794454558
28.99999999999997,-487.2648802627521,1370.9774527621553,-435.6850848296575,1403.927474445759,-324.26172288521656,1374.041200411617,274.2308991673329,19.10765690503921,13.455843,20.203055555555558,61.206039129074796,163.0319473744493
29.099999999999994,-489.2676240708524,1371.2668834392273,-437.5815046934999,1404.189937899806,-325.5881399010873,1374.1426979239568,274.5239670795424,19.182283911412533,13.150137,20.221944444444443,61.28117534205886,163.70474595145666
29.200000000000017,-491.25692664531846,1371.5563141147172,-439.46881375150167,1404.45999221199,-326.8821012831,1374.2434960759867,274.3827329830426,18.948611335619827,12.807512,20.169999999999998,61.35683066645202,164.39678877567164
29.299999999999983,-493.25294983662394,1371.8346128417886,-441.3348828837495,1404.7374269688457,-328.15516630220424,1374.3387763304613,274.1770411345907,18.78305053912181,12.72504,20.158055555555556,61.46609515499436,165.11677371713665
29.398999999999972,-495.24225241109,1372.1240435172786,-443.1754662885811,1405.0127714387506,-329.4130118246911,1374.430796667115,274.1912218400202,18.814232161620147,12.753889,20.15888888888889,61.58424020331585,165.84528375433547
29.49999999999997,-497.22483436876144,1372.4357380919785,-445.05886170582943,1405.2947328908597,-330.6840755560965,1374.5262089359426,274.39665585746434,18.89637307283861,12.486543,20.169999999999998,61.65226875843802,166.55387841250558
29.599999999999994,-499.21413694325736,1372.7363007166778,-446.9316062509381,1405.5776572564369,-331.92568979930195,1374.6217851508106,274.4069690977767,18.983535449436356,12.419206,20.143055555555556,61.74153962256596,167.2990723207613
29.700000000000017,-501.18999828411916,1373.0368633421683,-448.8119178252037,1405.8588814176505,-333.173795166152,1374.7132948154879,273.9829803293798,19.04103647911602,12.610077,20.06388888888889,61.81220092431512,168.0245664558095
29.799999999999983,-503.1725802418055,1373.326294018449,-450.7017065823732,1406.1336918260724,-334.45716471438027,1374.7980989029395,273.5859205773543,19.15237147965785,13.113445,20.09,61.88309893251757,168.7218351198498
29.900000000000006,-505.1618828162865,1373.6045927455207,-452.60583419276077,1406.4028013031661,-335.77742763128015,1374.8808638343164,273.5882124085348,19.30868970899362,13.343646,20.135,61.950469986185,169.38926331445427
29.99999999999997,-507.1579060075771,1373.882891471801,-454.52204356211746,1406.669488105026,-337.0960134525092,1374.9583985486645,273.13758110266457,19.384879457428056,13.073827,20.116944444444446,62.012054748791726,170.06529338722768
30.099999999999994,-509.14048796526345,1374.138926301245,-456.4493899487825,1406.933436693624,-338.42152925628295,1375.020956569782,272.2792903255584,19.521907539039344,13.466742,19.996111111111112,62.06312691170381,170.7212372262842
30.200999999999993,-511.10290807252085,1374.4617528243632,-458.39887783986325,1407.1988933548146,-339.78202631614346,1375.0731855160395,272.1178365484685,19.438076377395085,13.493666,20.026944444444442,62.04381655632903,171.32197283395698
30.299000000000007,-513.0787694133975,1374.7623154490625,-460.2821931166217,1407.4549804454903,-341.10726545266465,1375.1306127029643,272.8424505423926,19.350656025944982,13.577953,19.99388888888889,62.09902425344473,171.97189833627928
30.400000000000006,-515.0479101374498,1375.0628780745528,-462.21648050129164,1407.707155884023,-342.50927599546617,1375.2093682775544,273.5707286014165,19.27655834253713,14.22896,19.983055555555552,62.10321111747922,172.5386963291448
30.49999999999997,-517.0304920951361,1375.3411768016242,-464.12641257364237,1407.9420125844458,-343.97659934476934,1375.3072411782557,274.0459970924773,19.20996555786452,15.18297,20.061944444444443,62.14222496624201,173.05389607773054
30.599999999999994,-519.0197946696319,1375.6083435794865,-466.0369755281148,1408.1685684172082,-345.5050548656536,1375.415435696294,274.05201314932617,19.269040893364902,15.462632,20.035,62.18800017419521,173.51484703821077
30.700000000000017,-520.9956560104938,1375.8755103573485,-467.94927489876795,1408.3965965003547,-347.12721562464947,1375.5245907924796,273.66612607430545,19.247969278932743,17.054134,19.96,62.221697123843335,173.86879451686238
30.799999999999983,-522.9782379681651,1376.1426771352105,-469.8603667499182,1408.6260328709707,-348.8565300589988,1375.6361700811433,273.71654636027694,19.248359086593744,17.604076,20.011944444444445,62.26296365106789,174.12244460321833
30.900000000000006,-524.9473786922023,1376.4321078114915,-471.7724367626711,1408.8522946102335,-350.60566375469216,1375.7587669437326,274.3044010580813,19.259858803186344,17.464882,19.97,62.27875208507583,174.343015217921
30.99999999999997,-526.9434018835377,1376.7326704361908,-473.6835693104388,1409.0786023426513,-352.4541295602236,1375.9062299913855,274.7896963105569,19.229849671172943,19.62222,20.139999999999997,62.31267187829376,174.49122946362803
31.099999999999994,-528.9259838412091,1377.0109691632624,-475.59495046420477,1409.3058428577674,-354.4433660666374,1376.0782762286995,275.09135858969336,19.266987784749784,20.311172,20.06388888888889,62.3470768200337,174.48511060138478
31.200000000000017,-530.9085657988805,1377.267003991915,-477.5067732641445,1409.5348614529669,-356.5973051629307,1376.2723708681108,275.20022057076824,19.242854291143303,22.942177,20.041944444444447,62.3936380655091,174.3140983384448
31.299999999999983,-532.8978683733466,1377.5453027189867,-479.41487884688456,1409.7632555394246,-358.91008146129906,1376.4779811405597,274.96330252248174,19.191689630651624,23.49588,20.04611111111111,62.43738185276192,173.99106060342245
31.400000000000006,-534.8871709478425,1377.8124694968487,-481.31779118107255,1409.9890459748292,-361.2261875851204,1376.6821618882088,275.1142769014987,19.13353290524218,23.005934,20.016111111111112,62.49008339280519,173.66466174152356
31.49999999999997,-536.8831941391331,1378.079636274711,-483.22136052427436,1410.215848770015,-363.55935931146865,1376.9032165612464,275.69955328922464,19.207131165588443,23.86708,20.165,62.548609420610845,173.3278272024136
31.599999999999994,-538.872496713614,1378.3579350017824,-485.13171866693375,1410.4408248904463,-365.9164089006961,1377.142811427534,275.91040175783286,19.264124326745538,23.516914,20.13888888888889,62.589001019913134,172.96035625787337
31.700000000000017,-540.86179928811,1378.6473656780634,-487.04859477447195,1410.6575506924405,-368.2584135045498,1377.383788684031,275.83906851233905,19.317816066290302,23.570484,20.138055555555557,62.61399943048909,172.6080108534026
31.799999999999983,-542.871263713005,1378.9367963543443,-488.96967163444174,1410.8631302034435,-370.5799534286408,1377.6277252140655,276.1607843143049,19.323274684968723,23.116112,20.293055555555558,62.64720601629384,172.29628338055744
31.900000000000006,-544.8740075211051,1379.2262270306253,-490.8894005805284,1411.061635945273,-372.8684575229277,1377.879277687852,276.3856702488938,19.276023964546997,22.929735,20.225,62.67241057508002,172.01082379521208
31.99999999999997,-546.8767513291905,1379.5267896553246,-492.81242006572137,1411.2616896961897,-375.1815888629024,1378.133803162017,276.175967695876,19.391947360536797,23.612194,20.255000000000003,62.69015708681726,171.70081311891215
32.099999999999994,-548.8794951372906,1379.827352280815,-494.7443813893717,1411.4655093397562,-377.56019374742175,1378.3856615480831,275.91584485688657,19.461713788140433,24.225964,20.326944444444443,62.70234064679208,171.3253673595407
32.20000000000002,-550.8822389453759,1380.116782957096,-496.68247289825456,1411.6692055284657,-379.93064730975755,1378.6282184658337,275.76658935125494,19.513626690067415,23.430698,20.261944444444442,62.71499031080984,170.95807236569982
32.29999999999998,-552.8917033702858,1380.4173455817952,-498.621184904577,1411.8731559179655,-382.21761994818917,1378.861479132298,275.88318626256404,19.474590310513662,22.546078,20.323055555555555,62.72764285737156,170.6811749209076
32.400000000000006,-554.9146090287999,1380.729040156495,-500.55434374594233,1412.08040946838,-384.4232799214367,1379.0917885399379,276.0416090929177,19.410173635980577,21.806995,20.486944444444443,62.75306207152635,170.4991903020397
32.498999999999995,-556.9240734536799,1381.0296027811944,-502.46232347552984,1412.2868945912064,-386.5373400401356,1379.3187263213013,276.21518092737466,19.359934050604036,21.146706,20.348055555555554,62.794112000877654,170.39532276913948
32.60099999999997,-558.946979112209,1381.3524293051037,-504.4244422150049,1412.4999747139989,-388.6406234553003,1379.5503294233274,276.35514878714713,19.33918412250216,20.343452,20.468055555555555,62.79232926644917,170.31588986680418
32.70000000000002,-560.9766053875178,1381.6641238782215,-506.3321176239502,1412.709692897901,-390.64837264356277,1379.7722077219094,276.2575855337922,19.43190598203562,20.464077,20.52388888888889,62.847811407386146,170.33873962320322
32.79999999999998,-562.9927904292372,1381.9758184529212,-508.26415152845453,1412.9277470160205,-392.64457372855514,1379.9848763159189,275.8977680384502,19.45418040593766,19.686073,20.446944444444444,62.87484232749582,170.35985085604946
32.900000000000006,-565.0156960877364,1382.2652491292022,-510.19569012502836,1413.1555945601983,-394.59809355852843,1380.1813215520622,275.58607899789894,19.444603158827388,19.581516,20.478055555555557,62.924132847402895,170.43034355991267
32.99999999999997,-567.0453223630602,1382.5658117539015,-512.1203998079295,1413.3923777520179,-396.46114269319787,1380.3661225662913,275.75109084289653,19.33987621772826,17.862366,20.509999999999998,62.984317801523666,170.5983616162886
33.099999999999994,-569.0749486383838,1382.8552424301824,-514.032703365829,1413.633198241883,-398.21833677338896,1380.545593372491,275.9140973356113,19.20828480803415,17.464378,20.528055555555557,63.06291563661708,170.87222213325137
33.20000000000002,-571.097854296883,1383.1335411572538,-515.9333273025742,1413.8751658273022,-399.94902571162896,1380.7266553911577,276.03126720471556,19.111009447635706,17.338327,20.48,63.151979587816236,171.1657519049758
33.29999999999998,-573.1274805722068,1383.456367681163,-517.8294286501216,1414.1210067632533,-401.6925013773022,1380.9193347405007,276.5752906311921,19.128495423817586,17.743874,20.561944444444443,63.231278940192865,171.45375069592197
33.400000000000006,-575.150386230721,1383.7569303058624,-519.7299715513616,1414.3736864475316,-403.3885116072139,1381.1227622371525,277.1253301145178,19.21687418136688,16.419853,20.496944444444445,63.31514921304846,171.78207245110178
33.49999999999997,-577.1800125060447,1384.0463609821434,-521.6349034353066,1414.6301116706372,-405.022702644465,1381.3308803902332,277.3891771791755,19.22539142308187,16.528032,20.546944444444442,63.40839808618528,172.17872450921746
33.599999999999994,-579.2029181645439,1384.3469236068427,-523.5403743216723,1414.887237776818,-406.635529909148,1381.5429334214455,277.59458254872993,19.229430087215896,16.006176,20.488055555555558,63.49038964016839,172.59016730465373
33.70000000000002,-581.2325444398676,1384.6474862315422,-525.4437173694637,1415.149526096739,-408.18099028004127,1381.750808049728,277.73037354617594,19.19730880792633,15.181405,20.53388888888889,63.582762301031664,173.07579594391677
33.79999999999998,-583.2621707151914,1384.9480488570325,-527.341446963065,1415.4188748124711,-409.67902712074203,1381.9554015265571,277.8240521456798,19.137707194210428,15.057473,20.501944444444444,63.683581709638965,173.60893893511306
33.900000000000006,-585.2850763736906,1385.2374795333135,-529.2313397580801,1415.690355191361,-411.1296844971132,1382.1553226189033,277.870748205983,19.048136479683325,14.2299,20.478055555555557,63.79184136248719,174.18266334778923
33.99999999999997,-587.3079820322047,1385.5380421580128,-531.1144384855552,1415.9664262547951,-412.6322663553054,1382.3609159127886,277.7209197425563,19.01655057098241,16.101765,20.44611111111111,63.90305857367478,174.70460720431805
34.09900000000002,-589.3174464571146,1385.827472834294,-532.9782541327168,1416.249822185044,-414.24351766298395,1382.5777253684805,277.6086085555547,19.06920257017751,16.742146,20.355,64.02830570758968,175.10408733665778
34.20000000000002,-591.3470727324383,1386.1391674082026,-534.8832771765531,1416.5477339185588,-415.9467187082573,1382.8057661648888,277.64275111056656,19.112553119051615,17.285566,20.493055555555557,64.13143633033303,175.4320260261989
34.29999999999998,-593.3498165405236,1386.417466136065,-536.771967560288,1416.8480044963187,-417.66631786199184,1383.0391612030523,277.81521140690086,19.135675479787775,17.42179,20.369999999999997,64.24228093806464,175.7159772250381
34.400000000000006,-595.3727221990376,1386.7180287607644,-538.6587180990794,1417.1559841270798,-419.4102698735703,1383.2766986129031,277.6986144955917,19.098942863119795,17.779324,20.423055555555553,64.36573147204884,175.99610047264952
34.49999999999997,-597.3821866239327,1387.0185913854637,-540.5425520367033,1417.4719395248849,-421.1367179381046,1383.5045155136675,277.3279108021422,19.1040076796601,17.049143,20.388055555555553,64.48372254228624,176.28049796140232
34.599999999999994,-599.3916510488276,1387.3080220617449,-542.4242508512459,1417.788535491275,-422.83097834122,1383.7226401152336,277.3442400993034,19.058933806661447,17.115732,20.301944444444445,64.60918188771008,176.59707276924303
34.70000000000002,-601.3943948569279,1387.5974527380258,-544.303473665312,1418.1036979296846,-424.5050264216183,1383.9398605322417,277.44364827675867,19.05041343458241,16.645926,20.281111111111112,64.73024237712148,176.9271789358167
34.79999999999998,-603.3971386650279,1387.9314112103534,-546.178248027324,1418.4196876246172,-426.24176357656785,1384.1644844570149,277.30241418025895,18.973946412674398,18.37816,20.37111111111111,64.83468550492144,177.1954194100344
34.900000000000006,-605.4066030899379,1388.2765016326814,-548.0380038583988,1418.7359654136142,-428.0641809996345,1384.3917564092237,276.9145217529553,18.755224872535322,18.352734,20.395,64.9533302580468,177.38496531077965
34.998999999999995,-607.3959056644188,1388.5881962057992,-549.8604874032853,1419.0507945673537,-429.82260048830045,1384.6060894277443,276.9862761224285,18.60799691788861,17.433815,20.245,65.10218316939113,177.61794922125043
35.09900000000002,-609.3986494725041,1388.899890780499,-551.6902150375658,1419.374959717083,-431.59085639779323,1384.8289708759487,277.37330911303945,18.556546072626304,18.211332,20.24888888888889,65.26096253979946,177.85438894491318
35.20000000000002,-611.408113897414,1389.2115853544078,-553.5424993337316,1419.7040967929927,-433.2266859009512,1385.0394531044178,277.27985110228667,18.696986800129615,14.448387,20.323888888888888,65.40812336908067,178.2302667067803
35.29900000000001,-613.3906958550853,1389.5232799283165,-555.3693673000263,1420.0211155116065,-434.65680550530953,1385.2207272257779,277.1689579858281,18.761076507838023,14.674101,20.174999999999997,65.54839847440586,178.7856692224625
35.400000000000006,-615.3732778127717,1389.857238400644,-557.236807248631,1420.3413415024497,-436.12731064894786,1385.4059499058726,277.189212043886,18.757675608045275,14.674898,20.086944444444445,65.64396203442261,179.3012289800555
35.49999999999997,-617.3760216208569,1390.1911968737627,-559.0837227947267,1420.661009570493,-437.55222630853626,1385.5841995820456,277.06889090690856,18.72988388781738,14.045547,20.26,65.77538740447443,179.88280013545844
35.599999999999994,-619.3518829617336,1390.5696831421371,-560.9255807279297,1420.9878623173342,-438.99618306975674,1385.7638532737199,277.11386809382634,18.682945265592735,15.056253,20.19388888888889,65.87031514309152,180.4197175594979
35.70000000000002,-621.334464919405,1390.9036416144647,-562.7627891570974,1421.3213448559263,-440.4738586731971,1385.9500224520882,277.24908613347725,18.66166834377548,14.7309065,20.09388888888889,65.99907478207952,180.92843124990534
35.79999999999998,-623.3170468770765,1391.2709959344206,-564.5954215268711,1421.6570548617851,-441.9426189305446,1386.1377712506621,277.3195599422783,18.600877013649182,14.8833275,20.151944444444442,66.1176365344917,181.4470531824246
35.900000000000006,-625.2727463675393,1391.6049544067482,-566.4234695327248,1421.995583547543,-443.3878373635453,1386.3249301386281,277.4407405159485,18.581748757854477,14.262424,19.974999999999998,66.23313161518156,181.96153104341343
35.99999999999997,-627.2418870916063,1391.9834406751227,-568.2518668436759,1422.3412554285985,-444.79867285610237,1386.5069966341991,277.26541543063854,18.63406947799166,14.188303,20.068055555555556,66.34319411558047,182.52538963090953
36.099999999999994,-629.1908659652595,1392.3953227911252,-570.0832983445372,1422.69370920652,-446.17660527685695,1386.6799292203661,277.03623231258615,18.666701967438193,13.586586,19.996111111111112,66.4206050063897,183.1034825965668
36.20000000000002,-631.1465654557072,1392.7515451618715,-571.9138522300951,1423.0500957650763,-447.4086418884783,1386.8323293629571,277.0700368224989,18.63178685119173,11.241947,19.953055555555554,66.53207109900131,183.83324419829773
36.29999999999998,-633.1089855629797,1393.1188994810366,-573.7390942090929,1423.4091658131736,-448.55170111583817,1386.9747873274214,277.136499926734,18.57274034602951,11.796101,19.976111111111113,66.6504631180018,184.6595282043667
36.400000000000006,-635.0579644366179,1393.4639899017825,-575.5593018052135,1423.7695681001655,-449.6846895817209,1387.1173954881694,277.21413570797426,18.53815281926522,11.042468,19.83111111111111,66.7721418322341,185.48188669269058
36.49999999999997,-637.0069433102711,1393.7979483749011,-577.3758095466055,1424.1351585779973,-450.7688921042451,1387.2571807697916,277.48170699830024,18.520627435892163,10.821123,19.796944444444442,66.9045472060534,186.3528732214302
36.599999999999994,-638.962642800719,1394.2432263385322,-579.1887704988693,1424.510518447354,-451.81351439355694,1387.3932471818166,277.3573751567568,18.507735105638172,10.247822,19.903055555555557,67.00018493674905,187.27444694353755
36.70000000000002,-640.9049010575626,1394.6328445561157,-581.0011147239966,1424.8889927228029,-452.8409892726928,1387.5235860347777,277.1044142902065,18.521109418581446,10.466406,19.89388888888889,67.11108789896089,188.19823716642648
36.79999999999998,-642.8404386975964,1395.0224627744904,-582.8119944122997,1425.2664703102582,-453.8804583946773,1387.6557935678422,277.39203910336204,18.47497843533333,10.49052,19.828055555555554,67.21691836983122,189.10352183732522
36.900000000000006,-644.7759763376453,1395.4454768389114,-584.6103021973531,1425.649135070999,-454.8992935878314,1387.7915106869602,277.7913906865683,18.29666167854726,10.0663,19.736944444444443,67.32138824591011,190.03088656828575
36.99999999999997,-646.698072744075,1395.8350950564952,-586.3921412783932,1426.0373531652658,-455.769940810401,1387.9107359838895,277.80571463144656,18.176178305666582,7.5091515,19.748055555555556,67.44613973247331,191.09250909021532
37.099999999999994,-648.6268897672994,1396.258109121707,-588.1707191578953,1426.4265557163103,-456.53367312344875,1388.0131985458993,277.4848582661732,18.237108540115035,7.902406,19.69694444444444,67.5654033857921,192.27007679559608
37.20000000000002,-650.5422655569195,1396.6811231869192,-589.9603906377405,1426.8152776482075,-457.31217569823565,1388.1152430551438,277.4501943195678,18.39092773810432,7.800834,19.666944444444443,67.66262508815208,193.4198591903814
37.29999999999998,-652.4576413465395,1397.0930053029217,-591.7610165945199,1427.2044266615,-458.1038063252792,1388.2204463469695,277.6842475788787,18.45301773099701,8.171009,19.56888888888889,67.7552798866725,194.55625276484463
37.400000000000006,-654.3662965193647,1397.5382832657617,-593.558367941753,1427.5920714731467,-458.9335491414104,1388.332375900527,277.6810963110055,18.32056557284048,8.574156,19.639999999999997,67.82945056178977,195.6494504927437
37.49999999999997,-656.2682310753656,1397.972429280183,-595.3438348648847,1427.9754434318597,-459.8147722565023,1388.4493798394014,277.45334558744105,18.20267026848192,9.205014,19.568055555555553,67.91143432292814,196.68413752142393
37.599999999999994,-658.1567243977621,1398.4177072430227,-597.1174344742673,1428.3603670098746,-460.7516865991926,1388.5704265415366,277.2745827553602,18.095237750066875,9.689037,19.47388888888889,67.98792384150224,197.65049427074172
37.70000000000002,-660.0317764865543,1398.874117155072,-598.8767846723384,1428.7516635829525,-461.72516478446147,1388.695246699115,277.33789459172215,17.951652614906724,9.939922,19.423055555555557,68.06321182802765,198.56767523573367
37.79999999999998,-661.9068285753465,1399.375054863959,-600.6242837713039,1429.1444081199575,-462.7134580343499,1388.8242676685777,277.5372839044276,17.870137189846634,9.993697,19.47,68.13049750985176,199.47259956677004
37.900000000000006,-663.7415569632811,1399.8871245212645,-602.3635851150801,1429.5337100137508,-463.7156321632044,1388.957677103529,277.6269517993656,17.77660967563093,10.226606,19.319999999999997,68.16285982528798,200.32429561334538
38.001000000000005,-665.6098884352787,1400.3880622301515,-604.1160694877143,1429.9264120182888,-464.73918016027835,1389.094669255562,277.6194288635155,17.786659813710248,10.222401,19.366111111111113,68.22026001828327,201.18792749014239
38.099999999999994,-667.4782199072612,1400.8667360406196,-605.834152096028,1430.3185639814221,-465.7399668932384,1389.2282136066267,277.58170818707305,17.81489741679916,10.174721,19.29,68.31838160678687,202.07369431372413
38.20000000000002,-669.3331101456247,1401.3342779018783,-607.5712179710885,1430.7234251889909,-466.7591166495997,1389.3662359168507,277.84068511047224,17.85759943621531,10.3944,19.141111111111112,68.39775802789617,202.92722062326422
38.29900000000001,-671.1947210008126,1401.835215609974,-609.2885157457418,1431.1259916862477,-467.7794313301508,1389.5063612766462,277.79899383650957,17.775761143037613,10.411497,19.228055555555557,68.48596799515471,203.78856867099208
38.39899999999997,-673.029449388762,1402.3472852688615,-611.0107931798962,1431.529895898831,-468.82154842591154,1389.6439697428377,277.2506732265696,17.60433768370153,10.612008,19.13,68.54150918336937,204.60264182313742
38.501000000000005,-674.857457159887,1402.8482229769575,-612.7544628850004,1431.9376814489667,-469.9104106793464,1389.7778997141424,276.77992537251197,17.507807055188152,10.899311,19.01888888888889,68.57826544978623,205.36339793471313
38.59900000000002,-676.678744314247,1403.4382162779377,-614.4218572273837,1432.3251114904824,-470.9833441559843,1389.905390626946,276.77290663952164,17.427169414907976,11.151331,19.108055555555556,68.63215503513622,206.14008590365907
38.70000000000002,-678.4933108517826,1403.9614178844524,-616.1322851343888,1432.7221618303915,-472.1201049029719,1390.0441137831094,277.1363223098172,17.343285724473226,11.52589,18.988055555555555,68.6737061825654,206.84194808365027
38.79999999999998,-680.294436155699,1404.5180153385957,-617.818417668163,1433.1118926101408,-473.26474413076875,1390.1889653420378,277.2881561255268,17.268490138504948,11.549493,18.883888888888887,68.70853442968445,207.52497453015465
38.900000000000006,-682.1090026932196,1405.108008639576,-619.5045128108278,1433.4945980082334,-474.4164493718346,1390.3363955392242,277.3013341548148,17.311285763225595,11.672571,19.051111111111112,68.73951272317312,208.21718771211673
38.99999999999997,-683.9101279971658,1405.664606093719,-621.195814205671,1433.8716151171275,-475.5798125730507,1390.4847138469574,277.23000090932106,17.345005547586844,11.783028,18.836944444444445,68.76569284450439,208.8826212333965
39.099999999999994,-685.677650217049,1406.2657313439086,-622.8932955528774,1434.2476024585767,-476.7775317831996,1390.6356489137709,277.13718174650984,17.427452069124747,12.360822,18.761111111111113,68.73761926103045,209.4840303184211
39.20099999999999,-687.4586136705664,1406.833460747261,-624.6131370828774,1434.626704390528,-478.0194449669471,1390.7909483394212,277.1183744068847,17.446388991679395,12.42305,18.67388888888889,68.71694346918935,210.05267813484022
39.29900000000001,-689.2530183576879,1407.3455304045665,-626.282288980893,1434.994358483443,-479.26593933595615,1390.9457439053072,277.04201059194963,17.43449288198049,13.211021,18.70888888888889,68.77332660545663,210.62650914189388
39.40099999999998,-691.0070993439668,1407.9911834515938,-628.0160434823405,1435.3806115454802,-480.57939682546487,1391.106478602054,276.9093479440651,17.394167949446043,12.73519,18.64388888888889,68.6880913250085,211.10402943826352
39.49999999999997,-692.7477390966714,1408.6145725994115,-629.6952907401746,1435.7592316837756,-481.84434571387396,1391.2575559449513,276.7142214373553,17.38163998033773,13.000984,18.553055555555556,68.6472414635507,211.61641563811204
39.599999999999994,-694.4816582325064,1409.2268297988107,-631.3933183101863,1436.1409911769017,-483.1189370810229,1391.4057611919154,276.54835015566493,17.4266586207933,12.66262,18.46388888888889,68.58943589824997,212.11268321072046
39.70000000000002,-696.2021361347672,1409.7722953037442,-633.1008818458625,1436.5232413498898,-484.37639038368025,1391.5522387908884,276.7402910170338,17.569850920605923,12.656535,18.25611111111111,68.53744529231304,212.6078950141217
39.79999999999998,-697.9091728034086,1410.3622886047244,-634.815779916983,1436.9114953379403,-485.62957030351964,1391.7038841202846,277.0600014667167,17.596200453815324,12.589998,18.12,68.45171001577606,213.09801898519808
39.900000000000006,-699.6834156401013,1410.9745458041236,-636.5211239143364,1437.3025817733821,-486.8805148139521,1391.8619154473113,277.33960487074063,17.39607917865422,12.627817,18.498055555555556,68.429822256449,213.65946559696354
39.99999999999997,-701.424055392776,1411.564539105895,-638.2075419743494,1437.688283908931,-488.13763055592386,1392.0274332657332,277.66046123601376,17.203218621144728,12.731589,18.251111111111108,68.40159070749941,214.17935830582712
40.099999999999994,-703.1310920614325,1412.2213241013408,-639.8851246417472,1438.0656848282206,-489.40612893634886,1392.1993937746054,277.77906349960585,17.187058098342487,12.870444,18.251111111111108,68.3226417539089,214.66074992142134
40.20000000000002,-704.81796687966,1412.8558451991587,-641.5730979726679,1438.4425597171437,-490.6376645079456,1392.3675439744175,277.7704691326789,17.403630151106864,11.988794,18.145,68.22458063548271,215.15801730615283
40.29999999999998,-706.5048416978876,1413.5014982446041,-643.269040805571,1438.8207758304452,-491.8021827924443,1392.5269399824265,277.81859758746987,17.34846920148394,11.518738,18.061944444444443,68.11631472680821,215.72474089765558
40.400000000000006,-708.2253196001334,1414.0135679034915,-644.9623540519462,1439.1963526618897,-492.91024730691237,1392.6805851867614,277.97472858664304,17.34082777790435,10.854605,18.008055555555554,68.0909352126913,216.36930583663502
40.498999999999995,-709.9189150351704,1414.525637560797,-646.6447048457923,1439.5707630686427,-493.9559427323831,1392.8261448451767,277.87262750755076,17.477583188147317,10.474246,17.808888888888887,68.05059872472356,217.05039366462736
40.599999999999994,-711.6192310870023,1415.1490267094055,-648.3752240439098,1439.9558161358136,-494.9873675120086,1392.9672557098233,277.70538685673,17.628189389579266,10.140287,18.02111111111111,67.93512514533907,217.76454091668043
40.70000000000002,-713.3061059052299,1415.772415858014,-650.0986778129098,1440.3325349295583,-495.9801542143348,1393.1028894894837,277.8555017990543,17.65483881596346,9.899909,17.866944444444442,67.81134429322455,218.5050953733728
40.79999999999998,-714.9862601066478,1416.5071244971348,-651.8224144549592,1440.702946592235,-496.9657578033554,1393.2401984450212,278.0059032202761,17.606901378298367,10.002552,18.08888888888889,67.63955354944385,219.25849874633013
40.90299999999999,-716.6193699904433,1417.197305340209,-653.5968832366946,1441.0788378494583,-497.9981487324644,1393.3878373218308,278.26792827914534,17.613456197286073,10.247873,17.86111111111111,67.39555943544623,219.913913047011
40.99999999999997,-718.2726417246378,1417.9765417753765,-655.2605100583689,1441.4250181215102,-498.9960473413076,1393.5332079891707,278.3082215360879,17.422943865378322,10.544532,18.118055555555554,67.23362090563315,220.63476927024755
41.099999999999994,-719.8721485244,1418.733514312916,-656.9614939468111,1441.772474878262,-500.0434521209656,1393.685404413763,278.22743448697446,17.29929398433403,10.623568,17.71111111111111,66.99659814731108,221.25113236309863
41.20000000000002,-721.4918171745763,1419.5127507488744,-658.6537189008681,1442.1102437886932,-501.0943942941525,1393.8366320889438,278.14951222683663,17.21291503382674,10.611778,17.96388888888889,66.77779036731359,221.8880057185859
41.29999999999998,-723.0913239743236,1420.269723285623,-660.339588699286,1442.4396906072914,-502.1492074532862,1393.9858747071405,277.95757136546786,17.14228385784085,10.694628,17.783888888888885,66.5528942351288,222.50002145818385
41.400000000000006,-724.7109926244849,1421.0044319247438,-662.019924934514,1442.761186557281,-503.2078579844424,1394.1339048339478,277.96244150672646,17.0741235008974,10.68437,17.77111111111111,66.35907127325498,223.12701289064486
41.49999999999997,-726.3172200410419,1421.8393281059584,-663.7014863219714,1443.0756153117752,-504.26943722941445,1394.2842319122303,278.15667419927576,17.140045974524693,10.759063,17.97,66.1189080631666,223.750980283451
41.599999999999994,-727.9234474576137,1422.5851686942888,-665.3932290028991,1443.3854160131398,-505.3408739521332,1394.438444976512,278.22371026130605,17.257517570491967,10.890498,17.843888888888888,65.89900233326524,224.35516504945343
41.70000000000002,-729.5363954909654,1423.3644051294561,-667.0985526968757,1443.6853148373054,-506.4340255302262,1394.5939669568006,277.973900662629,17.372791173006213,11.192738,17.848055555555554,65.6614314809998,224.949784607021
41.79999999999998,-731.1359022907278,1424.1547735146241,-668.8166137004424,1443.9697087882778,-507.55878612127555,1394.7467515961032,277.5037887917243,17.45643813852027,11.509255,17.87388888888889,65.39361888057854,225.50290159509913
41.900000000000006,-732.7690121745084,1424.9562738482102,-670.5342635508865,1444.240526125045,-508.71443443940143,1394.8966499997662,277.28004877272565,17.32105791262376,11.797377,18.17888888888889,65.1540199997054,226.06201536296854
41.99999999999997,-734.3954014414791,1425.768906131006,-672.2497528998075,1444.503206575296,-509.9080466444096,1395.0464348588741,277.0299526951511,17.388671905234112,12.262154,18.145,64.90805532290958,226.57988150948512
42.099999999999994,-735.9680257740179,1426.5815384138018,-673.9743909358922,1444.7602711682002,-511.17276885472893,1395.2002034680647,276.84144958055305,17.485240331158593,13.2185955,17.856111111111108,64.6040020819044,226.97509933115055
42.20000000000002,-737.5809738073696,1427.4720943402724,-675.7100860010627,1445.0114009823376,-512.595942616896,1395.3731261800556,277.00159128429215,17.590197164215816,15.454247,18.209999999999997,64.30889546108692,227.26330107769047
42.29999999999998,-739.1267156726849,1428.3515183175336,-677.4572695052475,1445.2587777734398,-514.1778420026866,1395.5726773216554,277.3665653997904,17.702005209428926,16.434635,17.89805555555556,63.945101555223026,227.32454373083854
42.400000000000006,-740.7329430892419,1429.2198103455855,-679.2168799664186,1445.501664581519,-515.9919769005379,1395.8139571075283,277.7464364179622,17.82399467389945,20.167757,18.19611111111111,63.634305209465175,227.21015143253348
42.49999999999997,-742.3593323562127,1430.0769704244278,-680.9902927439113,1445.7376659002152,-518.0346635548786,1396.0870613308828,277.4894648468461,17.95705307286456,21.049599,18.333888888888886,63.33574350808215,226.88514925621658
42.599999999999994,-743.9185154551473,1430.9897902493174,-682.7693816256893,1445.9682329263062,-520.1763756929491,1396.3607645775369,277.0861025590739,17.92230926291346,22.133278,18.146944444444443,62.9568924989218,226.4060832317538
42.70000000000002,-745.5919490397555,1431.8692142265786,-684.5447094018016,1446.1933435527153,-522.3445897528032,1396.6271568831241,276.920517756281,17.868602453925337,21.55712,18.681944444444444,62.70523222479652,226.0119156911796
42.79999999999998,-747.2452207739649,1432.6707145601652,-686.3165497939103,1446.4148593611383,-524.4553120371885,1396.8853615479832,277.0296662162534,17.844071087857323,20.972034,18.381944444444443,62.45962266701472,225.64559584699995
42.900000000000006,-748.8312863401079,1433.6280621811013,-688.0910932932741,1446.6377586918136,-526.5809012548177,1397.1560012088255,277.4731355496848,17.92569145496191,21.883276,18.541944444444447,62.11781752981572,225.2231002853064
42.99999999999997,-750.3703075885986,1434.5520139544092,-689.8736171533069,1446.8652136828046,-528.7615433907403,1397.4511422259427,277.94009615271625,18.0138874214298,22.12758,18.211111111111112,61.73705889637822,224.69294393085448
43.099999999999994,-751.969814388361,1435.4870976769266,-691.6623429577902,1447.1014621637858,-530.9260823146666,1397.7527031561224,277.9223344610672,18.07147139480146,21.58131,18.451111111111107,61.41567041710712,224.24142351251453
43.20000000000002,-753.555879954519,1436.4110494510253,-693.4523602532698,1447.3478421085988,-533.0438483211594,1398.0415748644778,277.6094995049257,18.066513012927206,21.166386,18.441111111111113,61.09047809694406,223.82531732384408
43.29999999999998,-755.1486661374418,1437.3350012235423,-695.2373220439155,1447.600916666485,-535.1057755621331,1398.3133430977173,277.40380765647376,17.98979663894224,20.428883,18.464999999999996,60.78452246233869,223.47609155259994
43.400000000000006,-756.7481729372041,1438.303480794479,-697.0141878213311,1447.852116111852,-537.0634379467839,1398.5682693672138,277.4358932930011,17.90096083689161,19.054935,18.621111111111112,60.492358312827584,223.24934448947576
43.49999999999997,-758.320797269728,1439.2719603638336,-698.7837887307969,1448.095795892808,-538.8447372683653,1398.8012183046242,277.4671194928357,17.825081428591997,16.8744,18.51111111111111,60.18733636909964,223.17621261358664
43.59900000000002,-759.9135834526656,1440.3072316284447,-700.538560129225,1448.3356821964035,-540.3965825162514,1399.0019217076895,277.25724505247916,17.95456853369777,14.737171,18.766111111111112,59.915352065904486,223.36929584830435
43.70000000000002,-761.5265314860324,1441.3313709438464,-702.3470790479665,1448.5823148043396,-541.8571972615155,1399.1866851787886,277.16060426117446,18.189178162716026,14.416391,18.913888888888888,59.62200749502921,223.6756377813149
43.79999999999998,-763.1058764353808,1442.221926870317,-704.1598581004006,1448.8271528167797,-543.2336860340052,1399.3586005569164,277.07408763410973,18.395594578166207,13.327273,18.42888888888889,59.31493983265636,224.01126055300836
43.900000000000006,-764.725545085557,1443.145878643625,-705.9806960269771,1449.073585302468,-544.4766631245577,1399.5143986987625,277.22420257643404,18.353180059437616,11.72681,18.726944444444445,59.0431621540431,224.52900936682798
43.99999999999997,-766.3048900348755,1444.2145457550735,-707.7911760659456,1449.3203416264469,-545.6440536877492,1399.666163482283,277.5886037341371,18.19118724955626,11.817593,18.826944444444443,58.73605259053314,225.11277853675014
44.099999999999994,-767.8909556010335,1445.2609489696852,-709.5896145264336,1449.5653303504123,-546.7884031391434,1399.8245021705434,278.1804691365074,18.109781467191134,11.287752,18.919999999999998,58.460021126985424,225.72285972602356
44.20000000000002,-769.4703005503819,1446.3184841311331,-711.3795529577334,1449.804143019984,-547.9022335104024,1399.9887866153113,278.6013066370311,18.00630737059242,11.230015,18.939999999999998,58.19522981965298,226.35999912471374
44.29999999999998,-771.0899692005431,1447.186776159185,-713.1693755776408,1450.0358551337997,-549.0105211487992,1400.1550198345435,278.4589266249411,18.088915417828876,11.183703,18.655,57.990623523402306,227.00499410794401
44.400000000000006,-772.7029172339098,1448.1329918309118,-714.9684167482659,1450.2653754136443,-550.1285877148572,1400.3192477752164,278.25552660766965,18.183548635544803,11.4176035,18.78111111111111,57.77386611670303,227.65211679551626
44.49999999999997,-774.288982800038,1449.145999197104,-716.7747627286426,1450.4996913561188,-551.2598678764168,1400.4829215813272,278.2094035051616,18.246163634820913,11.443579,18.84111111111111,57.5301485560595,228.27632647003261
44.599999999999994,-775.8817689829906,1450.1478746148778,-718.5913884015577,1450.7471955154715,-552.3876792309338,1400.6461322252503,278.2595373122356,18.422292891445533,11.347616,18.83,57.29351527622753,228.9105298008579
44.70000000000002,-777.4745551659433,1451.1720139302795,-720.4212965236859,1451.0072913429965,-553.5159313971986,1400.8073565349246,278.0062899667877,18.543774438922682,11.446704,18.898055555555555,57.0534964330065,229.55187621742851
44.79999999999998,-779.0539001152617,1452.2072851940995,-722.2566967155698,1451.2698212639339,-554.6554006369655,1400.9623033504604,277.483465978731,18.537860017232482,11.552654,18.924999999999997,56.804939509221754,230.17544337367056
44.900000000000006,-780.6466862982295,1453.2425564587109,-724.0917280558805,1451.5256937485797,-555.7998016122093,1401.1097015307253,277.194695249985,18.51795360590329,11.524506,18.96388888888889,56.58101200366851,230.81151642834214
44.99999999999997,-782.2327518643725,1454.2666957741126,-725.9295350040759,1451.7760972303797,-556.9489971936569,1401.2557388730381,277.28923328618157,18.577800145108704,11.644252,18.92111111111111,56.35827632143867,231.4366688105037
45.10099999999997,-783.8120968137358,1455.2908350895143,-727.7968754742061,1452.0252632452364,-558.1153900689525,1401.4062966392937,277.42088466355773,18.727056138460068,11.644273,18.89388888888889,56.110328649782886,232.03996836630114
45.20000000000002,-785.3847211462299,1456.3483702517533,-729.6426736236589,1452.2634081336678,-559.2616826690955,1401.55718787013,277.5765888091736,18.87095875958219,11.712944,18.935,55.89152688480396,232.66650424353716
45.29900000000001,-786.9573454787686,1457.372509566364,-731.4955931562301,1452.5009847499512,-560.4117929087663,1401.7123710563092,277.7921355317018,18.868230430088946,11.732196,18.849999999999998,55.67528827696833,233.28295781776725
45.400000000000006,-788.5232491944978,1458.48570447465,-733.3867413834479,1452.7531813134206,-561.5839754408827,1401.8744265533412,277.95069587192626,18.912031236424614,11.700137,19.085,55.433711001447485,233.8937168025296
45.49999999999997,-790.0958735270216,1459.520975740052,-735.2661181500469,1453.0106604552066,-562.7497329094573,1402.0407882372476,278.2904598444387,19.026617080592896,11.851329,18.919999999999998,55.21490994112897,234.4999778444742
45.599999999999994,-791.6752184763551,1460.60077480071,-737.1499634805147,1453.2607072707963,-563.9036707934465,1402.2104960249078,278.44487197022653,18.981049310202344,11.475701,19.095000000000002,55.01708846990286,235.1367742174401
45.70000000000002,-793.227680958465,1461.6471780137397,-739.0359066105486,1453.5006183216826,-565.0411248299915,1402.374292613485,277.9446798150772,19.041813926377543,11.50826,18.788055555555555,54.80068285880879,235.75915537141861
45.79999999999998,-794.7935846741942,1462.738109023607,-740.9359611718195,1453.7432634451925,-566.1968289023347,1402.5297454201518,277.38432709143945,19.267955573668182,11.814261,19.086944444444445,54.60357915286387,236.39273211591143
45.900000000000006,-796.3527677731138,1463.8179080842647,-742.853788378924,1453.994596684213,-567.3575344243397,1402.6795874269656,277.32703131192636,19.416603569302726,11.592492,18.99111111111111,54.39336580027313,237.01626768906434
45.99999999999997,-797.9119508720484,1464.908839094132,-744.7764660990701,1454.2492245409019,-568.5023992731608,1402.8302500171662,277.66822767892666,19.372699136205355,11.502326,19.023055555555555,54.194161350488976,237.6604586097347
46.099999999999994,-799.4711339709529,1465.9886381547897,-746.6919167047208,1454.5006249178289,-569.5862720126893,1402.977190830167,277.7785220544894,19.264885192627922,10.37344,19.006944444444443,54.014999984899724,238.36420085976337
46.20000000000002,-801.0370376866821,1467.0684372154476,-748.5984813154588,1454.7464101557905,-570.6141101554198,1403.116325496954,277.6395797891701,19.181985664028208,10.370825,18.99388888888889,53.86682230424294,239.13301345764046
46.29999999999998,-802.589500168792,1468.159368225315,-750.5024099520734,1454.991988794113,-571.6508445173376,1403.254655403298,277.56108457123725,19.212073601404352,10.547625,19.00611111111111,53.7256442337346,239.88598212611237
46.400000000000006,-804.1554038845212,1469.2614311836005,-752.4109776035232,1455.2418528794328,-572.6940317055579,1403.3914551388057,277.3803163868734,19.285011066088234,10.494775,19.10388888888889,53.610019837492395,240.65165811834834
46.49999999999997,-805.707866366631,1470.3523621934678,-754.3264040022704,1455.4934355536805,-573.7430317403571,1403.5252778579559,277.1614465091335,19.352546995324015,10.655295,19.05611111111111,53.48684301383655,241.399137744898
46.599999999999994,-807.2670494655506,1471.443293202544,-756.2534615737148,1455.7448843662157,-574.8021662794134,1403.6594991504555,277.28320004059884,19.515327333171758,10.696825,19.04388888888889,53.37439638619403,242.1457508420091
46.70000000000002,-808.8262325644702,1472.5453561624117,-758.1950417925592,1455.9949606235193,-575.8615665673849,1403.7970872589124,277.5166803421147,19.637069888991693,10.669168,19.096111111111114,53.267561155692405,242.89680953104624
46.79999999999998,-810.3921362801993,1473.6474191206974,-760.1489323119675,1456.2430953855276,-576.8996823636356,1403.9347544742095,277.59288372886704,19.75461206546782,10.27492,19.139999999999997,53.17226748665076,243.67720789620907
46.900000000000006,-811.9580399959286,1474.7383501305646,-762.1105293952276,1456.4880614351712,-577.9285028990129,1404.0731097380424,277.724091063952,19.782094381433968,10.48673,19.091944444444447,53.083399952830945,244.4655403804995
46.99999999999997,-813.5306643284524,1475.8404130896413,-764.076166479507,1456.7297249626233,-578.973771652754,1404.216189895283,277.8638927659639,19.82665187352802,10.6136055,19.185,53.018541645159274,245.24878236165495
47.102000000000004,-815.0898474273869,1476.9647399463458,-766.0875779657312,1456.974225831201,-580.0463122713302,1404.3660294579709,278.0421399360292,19.90311138405266,10.620866,19.241944444444446,52.92299185590816,246.00007354314215
47.20000000000002,-816.655751143101,1478.0445390077946,-768.022309447066,1457.2105103491112,-581.0744597377236,1404.5127845571287,278.20497454140536,19.874606642615042,10.574429,19.089999999999996,52.908112812237725,246.79032349915664
47.29999999999998,-818.2350960924346,1479.1577339152898,-769.9937880821772,1457.4591763018905,-582.1138822104008,1404.6654172403369,278.5046314682587,19.867513662827218,10.437029,19.263055555555553,52.89660859679507,247.59307924238635
47.40099999999998,-819.7875585745445,1480.2931927212037,-771.9861528124261,1457.71864687789,-583.1501310164266,1404.823967023932,278.8955347887757,19.91845427985216,10.321666,19.28388888888889,52.86382991107018,248.38050678076416
47.49999999999997,-821.3601829070832,1481.4063876294897,-773.9448675171482,1457.9762481990122,-584.1610722032225,1404.98251893259,278.93127016645803,19.992280717612765,10.351042,19.238055555555558,52.888406737758956,249.20679329685885
47.599999999999994,-822.9395278564168,1482.5084505885663,-775.9269456367261,1458.2376033262499,-585.180798668712,1405.1417740322395,278.8212622697929,19.99242154892168,10.290714,19.310000000000002,52.90800425071683,250.0296301367573
47.70000000000002,-824.5121521889406,1483.610513547643,-777.9074998490087,1458.5016828676028,-586.1893743578012,1405.2977886576787,278.7648259269725,19.969244497367775,10.120711,19.228055555555557,52.93814312804003,250.85978018176186
47.80199999999999,-826.091497138289,1484.7125765059288,-779.9265487094214,1458.7748707408625,-587.2128087915539,1405.456433875049,278.8577482221868,19.980712811232905,10.186304,19.268055555555552,52.95249799391116,251.68345970878372
47.900000000000006,-827.6842833212268,1485.7923755665865,-781.8666148532074,1459.040174056555,-588.2129003230929,1405.6137724702219,279.02142507552185,19.98096889260687,10.474788,19.28611111111111,53.055998996142456,252.53742627484607
47.99999999999997,-829.2569076537657,1486.916702423291,-783.8430771388727,1459.3117361075558,-589.2577202093477,1405.7784829472118,278.8970932339785,19.91965376788768,10.679687,19.363888888888887,53.145556421288,253.34368086401778
48.102000000000004,-830.8362526030991,1488.0410292807867,-785.8595064016879,1459.5908851765907,-590.3649226758758,1405.9513448706916,278.8515087117979,19.995260516027464,11.293163,19.333055555555553,53.21953023482704,254.09678629120134
48.20000000000002,-832.4155975524326,1489.1430922398633,-787.8061944058248,1459.8636704243884,-591.4585434610199,1406.1212305690242,278.80827331657736,20.121232042957434,11.293315,19.30388888888889,53.35994181916888,254.85864990559756
48.29999999999998,-834.0151043521947,1490.2340232489396,-789.7961980303387,1460.1442035197124,-592.5558795102842,1406.2860688632948,278.26797411576916,20.072365685106117,10.899886,19.348055555555558,53.485595515413955,255.63610133701894
48.39899999999997,-835.5944493015281,1491.3360862080162,-791.7589471346472,1460.4190902703272,-593.62895217589,1406.4389374545294,277.94890824360573,19.966133115394598,10.997304,19.311944444444443,53.64151273066137,256.4270416039011
48.49999999999997,-837.1939561012756,1492.415885269465,-793.7553870350492,1460.696013628378,-594.7325465446193,1406.593829430939,278.0296351321507,19.945834649184597,11.070248,19.325,53.787168910887544,257.2021780478379
48.60099999999997,-838.7800216674186,1493.52908017696,-795.7566244807731,1460.9737612861109,-595.8335723422472,1406.7493297585854,278.0481531280893,20.06247714747464,10.948612,19.385,53.95240025767838,257.9800424885295
48.70000000000002,-840.3660872335616,1494.6200111868272,-797.7209340287977,1461.248513490415,-596.9301309401086,1406.905441364092,278.1545084188105,20.006854693057505,11.427464,19.25611111111111,54.15040120220194,258.75646963060746
48.79999999999998,-841.9521527997049,1495.722074144322,-799.7037275171831,1461.5307347553116,-598.0829033549,1407.070908886337,278.1817239140792,20.048766569393198,11.8642845,19.27111111111111,54.35050255579355,259.4826389691052
48.900000000000006,-843.5247771322437,1496.8464010026084,-801.690965447526,1461.8185202979735,-599.2199353723266,1407.231580580032,277.89495853761616,20.110599349418926,11.102347,19.348055555555558,54.56207681834118,260.222350590238
48.99999999999997,-845.0974014647675,1497.9262000632664,-803.6836936754511,1462.1084097977564,-600.3388252713793,1407.3845131020814,277.674942744286,20.16347029448006,11.483557,19.173888888888893,54.75408014351942,260.96849943621896
49.099999999999994,-846.6700257972914,1499.0393949715524,-805.678020576605,1462.3964712428872,-601.522786715551,1407.5434346118914,277.61736048587534,20.137018639494745,12.408041,19.256944444444446,54.98225487734703,261.66520516021353
49.20000000000002,-848.2493707466398,1500.1414579290472,-807.6622832664401,1462.6773130477195,-602.725053906174,1407.7027668080354,277.4778452627609,19.943819070176207,11.847559,19.23611111111111,55.23471573036737,262.3491981618073
49.29999999999998,-849.8219950791636,1501.2323889397053,-809.6389621155074,1462.9543085985524,-603.9024935813932,1407.8559273327435,277.34520553318816,19.976033801340765,11.899645,19.145,55.49673479369783,263.05049857232416
49.39899999999997,-851.401340028497,1502.3010560511539,-811.6048809196333,1463.230412189088,-605.072061464601,1408.0069378981789,277.3690291183097,20.129276109304318,11.924125,19.136944444444445,55.769824900207915,263.76029685314023
49.49999999999997,-852.9806849778454,1503.3808551118116,-813.6240041721941,1463.5170052507883,-606.2612218500636,1408.1613828449954,277.43123801091605,20.25416702327767,11.821382,19.143055555555556,56.01852238126356,264.45650187664484
49.599999999999994,-854.5533093103693,1504.4606541724695,-815.6253741503284,1463.8056897733102,-607.4324815826519,1408.3140660307686,277.42293012288667,20.187506083962067,11.80201,19.076111111111107,56.28685695720856,265.165740449482
49.70099999999999,-856.1192130260985,1505.5293212839179,-817.644125778949,1464.0975000988235,-608.5992913358301,1408.4669940161154,277.51204797834134,20.203252343232013,11.500747,19.003888888888888,56.54138436039033,265.87065841908645
49.79999999999998,-857.698557975417,1506.6091203453668,-819.6228361059527,1464.384022716542,-609.735669569232,1408.6178669738256,277.6127309868907,20.18761033364495,11.657846,19.163888888888888,56.85700894036363,266.6231043328086
49.900000000000006,-859.264461691161,1507.6889194060245,-821.6112077107298,1464.6717653729029,-610.871406523683,1408.7675744593305,277.4018825182825,19.994074243846185,11.253419,19.04888888888889,57.16854971419317,267.3659333974629
49.99999999999997,-860.8303654068753,1508.757586517473,-823.5905779009374,1464.9581035304718,-612.0028234492055,1408.911352801681,277.08675573096065,20.00541366144456,11.556985,18.95,57.49083825633458,268.1126927691498
50.099999999999994,-862.3962691226045,1509.8262536289212,-825.5712224492298,1465.2492094447227,-613.1257998034872,1409.0505727074237,277.0466486853015,20.03309744633819,11.074482,18.99,57.820385079106906,268.87079562452385
50.20000000000002,-863.9621728383337,1510.9060526895792,-827.5543909304789,1465.5472816802514,-614.2229299537736,1409.187733472659,277.2056444734503,20.07582963490421,11.038953,18.98,58.163087013384576,269.6596111783679
50.29999999999998,-865.5347971708575,1511.9747198010275,-829.5402132568395,1465.855924859052,-615.313962114031,1409.3275805378532,277.40360139166796,20.117685566581805,10.960247,19.073055555555555,58.502592404467556,270.4568385074577
50.400000000000006,-867.1007008865867,1513.043386912476,-831.5270144977857,1466.1784815459625,-616.4013549651714,1409.4689468568329,277.4107633641071,20.138834957328395,10.970623,18.97888888888889,58.837118541793274,271.25233027250744
50.501000000000005,-868.6464427519169,1514.1343179223434,-833.5341519019738,1466.515106218431,-617.5022005105818,1409.6103259776044,277.2261620920939,20.16162760941025,11.007364,18.97,59.164704782775935,272.02701208342944
50.599999999999994,-870.1921846172023,1515.23638088142,-835.5010986657032,1466.8511342163508,-618.5874901591277,1409.7461368153001,277.04011123685905,20.15038978897985,11.088709,18.968888888888888,59.536573123869715,272.8243278493885
50.70000000000002,-871.7379264825174,1516.3384438404967,-837.4871553659207,1467.192589111976,-619.6910104536274,1409.8822815248113,277.0263602497759,20.15351947083112,11.149029,18.98611111111111,59.90350873762194,273.6065832078202
50.79999999999998,-873.2635064974188,1517.4739026464106,-839.4742192047138,1467.5290170855374,-620.7848213736884,1410.0189840005282,277.22345773130087,20.153451297215977,10.8974085,19.051111111111112,60.300974531409345,274.39396127284033
50.89899999999997,-874.8226895963086,1518.5537017070685,-841.443373844436,1467.8545456562063,-621.8591090577432,1410.1542584387266,277.13071591779203,20.167411211337537,10.976762,18.99111111111111,60.700767246657534,275.2108507667852
50.99999999999997,-876.3684314616238,1519.6223688185169,-843.4503054754069,1468.1809964849624,-622.9622542613255,1410.290074011543,276.9073425917823,20.09615357252317,11.032673,18.87388888888889,61.07223432955297,275.9859440823536
51.099999999999994,-877.914173326939,1520.7244317775933,-845.434598407808,1468.4964514582791,-624.0525163778651,1410.4240358179818,277.1032941577171,20.088199108278978,10.936585,18.931944444444444,61.50353416806313,276.78858036013037
51.20000000000002,-879.4531945754745,1521.8042308382512,-847.4211795516692,1468.8048904105112,-625.1669357921743,1410.569739397952,277.77623308809837,20.119483437986382,11.541882,18.805000000000003,61.927215925316425,277.551100685963
51.29999999999998,-880.9922158239503,1522.8506340520719,-849.4075759621576,1469.110209491065,-626.3191461165411,1410.732401752454,278.2907491881257,20.074999149222247,11.731064,18.72,62.33476323205551,278.2604363688557
51.400000000000006,-882.5245164556463,1523.9415650611481,-851.3956112198281,1469.413981434204,-627.4776872854407,1410.9004591834916,278.2165511536562,20.147196390750167,11.682279,18.758055555555554,62.787467836933295,278.9752259391855
51.49999999999997,-884.0702583209617,1525.0102321733873,-853.3978755383961,1469.7177643066962,-628.647066787462,1411.0712344772503,278.3987517325078,20.35637262150768,11.953424,18.793055555555554,63.23015157620056,279.68393226847905
51.599999999999994,-885.6092795694524,1526.0788992848359,-855.4194966969882,1470.0228002647548,-629.849107237283,1411.248138640313,278.3463260942533,20.53372056703388,12.346342,18.756111111111107,63.66874607871329,280.35579063322496
51.70000000000002,-887.1348595843538,1527.1475663970753,-857.4598103169698,1470.3241926528208,-631.0664942906996,1411.4240229872141,278.0947976221908,20.715528298154148,12.254258,18.678055555555556,64.10541593891186,281.00346297421027
51.79999999999998,-888.6671602160498,1528.2162335077328,-859.5060337078892,1470.6127475387534,-632.2720722678508,1411.598236010794,278.3520556722045,20.61414148607291,12.10781,18.698888888888888,64.56417656102609,281.6703720027378
51.89899999999997,-890.1994608477308,1529.2737686707626,-861.5241610380075,1470.8861429131452,-633.4600305538012,1411.7763497842977,278.7011846398784,20.52857505266494,12.159709,18.68,65.04911729446528,282.34868250557315
52.001000000000005,-891.731761479427,1530.3424357822112,-863.6034910118522,1471.1619496512124,-634.6869396169828,1411.9666040078828,278.9276462084039,20.599723687681024,12.184899,18.65611111111111,65.5250298603395,282.9927172111673
52.10299999999998,-893.2640621111229,1531.4111028936595,-865.6905614525759,1471.4383972266835,-635.9322923977089,1412.1631014843342,279.0042048289893,20.680676581469186,12.535883,18.668888888888887,66.00775229914007,283.618979519982
52.20000000000002,-894.7896421260243,1532.4686380558985,-867.6744642386222,1471.703338976483,-637.1503003673315,1412.3559930342444,278.9939231013557,20.587685399714044,12.890656,18.631944444444446,66.54062251043538,284.2623399536956
52.29999999999998,-896.3286633745298,1533.5595690657658,-869.7108043474217,1471.9732623612642,-638.4102625240517,1412.5492193819805,278.4375810822838,20.49537829954847,12.603495,18.786111111111108,67.09235122342886,284.8954303386769
52.400000000000006,-897.8408021557971,1534.6282361780052,-871.7433520686391,1472.2452401012727,-639.6366608939901,1412.725367008649,277.90014667045097,20.518015666090374,12.176455,18.58611111111111,67.62185372023846,285.53404013614266
52.49999999999997,-899.3798234042729,1535.7191671870812,-873.7714907837878,1472.5351283035382,-640.844113509812,1412.8897599580105,277.60621932154896,20.45789390750974,12.195469,18.834999999999997,68.17631164296348,286.23028590782934
52.599999999999994,-900.9121240359988,1536.7878342993208,-875.7893601160757,1472.8467980533383,-642.0692529102981,1413.052094230631,277.49105480472764,20.378496264923857,12.521493,18.701944444444443,68.69941326668112,286.8974822178516
52.70000000000002,-902.4444246676949,1537.8676333599788,-877.792091959171,1473.165612071932,-643.3117894918321,1413.2183154714844,277.7477398969463,20.18048423832813,12.550679,18.81388888888889,69.23936067534578,287.5537776890676
52.79999999999998,-903.9901665330101,1538.9474324206365,-879.7862024715661,1473.4819988281758,-644.5599643382027,1413.3899278345968,277.90874103737804,20.200590761401422,12.647689,18.865,69.79652478266053,288.2164408369377
52.900000000000006,-905.5291877815157,1540.0272314812942,-881.7844267211118,1473.7963788437603,-645.801443378111,1413.5628512153999,277.95085343532014,20.255499377551203,12.421598,18.78194444444444,70.35864921180907,288.8801493507594
52.99999999999997,-907.0749296468309,1541.12929443958,-883.7800475956567,1474.104399153398,-647.031226405761,1413.7352465263632,278.0090086515259,20.1296277047058,12.414559,18.941944444444445,70.9576501717876,289.57204809691945
53.099999999999994,-908.6206715121313,1542.220225449447,-885.7658498810536,1474.408718812101,-648.2472614575144,1413.9040761702063,277.7970142673274,20.050093686817952,12.1394615,18.91611111111111,71.559369087599,290.27460589814274
53.20099999999999,-910.1664133774316,1543.300024510105,-887.7685412231817,1474.7229664279484,-649.4481392526934,1414.0661287946,277.5710368481389,20.092539402728693,11.855884,18.921944444444446,72.14206520638008,290.9904092309369
53.29999999999998,-911.7188758595416,1544.3909555199723,-889.733012514767,1475.0373785759907,-650.6123224399616,1414.2222620749442,277.7060371638276,20.098836848096195,11.873554,18.978055555555553,72.75504671113805,291.75421332319723
53.400000000000006,-913.2578971080471,1545.4818865298396,-891.7221191066828,1475.3548041286738,-651.7998524547196,1414.3858776091352,277.98077042659287,20.186681364797032,12.101481,18.935,73.35937172729838,292.48328613594117
53.49999999999997,-914.8103595901571,1546.5839494889162,-893.7194627061401,1475.6711183540174,-653.0051990458587,1414.5569926317494,278.17786790811783,20.2580287200406,12.247195,19.01388888888889,73.98280577903839,293.2116290746157
53.599999999999994,-916.3493808386628,1547.6748804987835,-895.7257214905998,1475.98893608815,-654.2250777851299,1414.7321297459926,278.1623980476493,20.3674943858796,12.40054,18.92111111111111,74.5936321072341,293.90972292358595
53.70000000000002,-917.9018433207726,1548.7658115086506,-897.7387697644225,1476.3058442417607,-655.4523141358698,1414.9089723797797,278.23716903991385,20.389349633238403,12.39771,18.958888888888886,75.21300679774434,294.6139995841162
53.79999999999998,-919.4408645692783,1549.8567425185179,-899.7508173819613,1476.6144688824384,-656.6751422348129,1415.087544034068,278.3798355309014,20.322390669913176,12.318267,18.885,75.84278875160857,295.310957626185
53.900000000000006,-920.9798858177841,1550.9476735275944,-901.7584010987284,1476.9122984789308,-657.8876125766869,1415.2666369534331,278.42509919671676,20.268818249638237,12.194251,18.86,76.48988320948835,296.0183911938699
53.99999999999997,-922.5256276830993,1552.0386045374614,-903.763293501205,1477.201876228825,-659.0875492824603,1415.4443866820577,278.4271045489997,20.245175201605452,12.0663595,18.97,77.1528423837627,296.74501091501224
54.099999999999994,-924.0579283147953,1553.1184035989104,-905.7659286600469,1477.4853395761209,-660.2775903577619,1415.6224417467065,278.592402872895,20.206798245024686,11.99942,18.785,77.81360822404199,297.4646301972546
54.20000000000002,-925.6103907968904,1554.2315985064054,-907.7649419381029,1477.7669792834345,-661.4870359447868,1415.8085860038939,278.900940645573,20.16832526441776,12.474396,19.04,78.51941185392013,298.19804990744103
54.29999999999998,-927.1426914286012,1555.3225295162727,-909.7736764273326,1478.0548483269854,-662.7069427381787,1415.998825660874,278.8255966955133,20.416871725124857,12.218635,18.881944444444443,79.19581578898996,298.8935590497914
54.400000000000006,-928.6884332939017,1556.41346052614,-911.8113373989634,1478.3501419713907,-663.9277779416979,1416.1892771084551,278.9069567024219,20.762058279733544,12.493396,18.894999999999996,79.86687717462853,299.60144565352977
54.49999999999997,-930.2274545424071,1557.5155234844256,-913.8757319492128,1478.6506241466282,-665.14083258309,1416.3802697477206,278.98974910381827,20.960919013106082,12.066576,18.968055555555555,80.54223227180694,300.31662789317215
54.599999999999994,-931.7664757909129,1558.6175864435024,-915.9426611382352,1478.9519171282946,-666.3264444904369,1416.562969000286,278.5279451209427,20.81455309878703,11.925739,18.94611111111111,81.22199195785801,301.0613302198345
54.70000000000002,-933.3189382730229,1559.7085174541605,-917.9909135944825,1479.2406331769216,-667.4929580212738,1416.7376160302908,278.5015890623667,20.55581911791045,11.664559,18.973888888888887,81.91476509519548,301.83460774198375
54.79999999999998,-934.8781213719424,1560.8217123616555,-920.0191427601652,1479.5160252336445,-668.6745200720578,1416.9232820758393,279.3381074432574,20.380998972106017,12.257288,19.128888888888884,82.65230792145648,302.60719684724916
54.900000000000006,-936.4305838540672,1561.9349072691507,-922.0316300236685,1479.7892597200023,-669.9048260625894,1417.1310808940489,279.8268404425041,20.238037708784606,12.697563,19.128055555555555,83.39806522143583,303.321821996361
54.99999999999997,-937.9897669529869,1563.0369702282276,-924.0294045189415,1480.0672730914773,-671.1550666129874,1417.3500879750934,280.0448508835513,20.102604985573706,12.688034,19.113055555555555,84.13597543413856,304.01550119389617
55.099999999999994,-939.5556706687012,1564.1501651357225,-926.0085497825618,1480.3496324806893,-672.3932783526063,1417.5732755233694,280.39378218078605,19.881125394238527,12.475397,19.18,84.88847835584625,304.7302552036652
55.20000000000002,-941.1215743844303,1565.2633600432175,-927.9804487511791,1480.6266308663317,-673.600339435333,1417.7956468903344,280.48430951241676,19.944257745673138,12.072079,19.21611111111111,85.65083250424607,305.4739556348972
55.29999999999998,-942.6941987169539,1566.3654230030852,-929.9672012132303,1480.8892388341308,-674.7848764311395,1418.0187996618924,280.853867290276,20.13689909460168,12.035515,19.241944444444446,86.41848486027051,306.2386742793569
55.400000000000006,-944.2668230494928,1567.4674859613708,-931.963073109105,1481.1374840403967,-675.9581828343224,1418.2451040652847,280.98106392079507,20.08826860110208,11.863132,19.24,87.20235945357783,307.01277770290784
55.49999999999997,-945.8394473820167,1568.5695489204477,-933.9571395668901,1481.3860833078631,-677.1168424553186,1418.4677936846297,280.77651798793346,20.101975153194903,11.734217,19.266944444444444,87.98946479683879,307.8024940176146
55.599999999999994,-947.4120717145554,1569.6827438287335,-935.9497017135959,1481.6444334870253,-678.2919005071458,1418.6934602173521,280.9621563135559,20.08291401749588,12.196438,19.259999999999998,88.78136073445722,308.5829391203986
55.70000000000002,-949.0115785143028,1570.784806787019,-937.943167989317,1481.9115555220903,-679.4911916509227,1418.9271501487476,281.0902123807677,20.142871563861842,12.240519,19.38888888888889,89.55983754981233,309.3573771783262
55.79999999999998,-950.5976440804161,1571.886869746096,-939.9443442524614,1482.183145713776,-680.7165229002907,1419.1637819087232,280.7762315090361,20.247570425244906,12.718992,19.386111111111113,90.33410708304434,310.09701889573756
55.900000000000006,-952.1769890297795,1573.0000646543822,-941.9577174489025,1482.4493971148713,-681.9698835654859,1419.4016505907261,280.71607094054735,20.37061401012793,12.79567,19.30611111111111,91.12550084084448,310.8124074844217
55.99999999999997,-953.7630545959225,1574.1021276126678,-943.9803277039715,1482.7111689530004,-683.2385172387928,1419.6436767565335,280.8842340534182,20.418976562681586,13.034636,19.383055555555554,91.91305168568572,311.5139456800705
56.09900000000002,-955.3558407788901,1575.215322520954,-945.9768061192813,1482.9670709712093,-684.5143001834492,1419.8943315256183,281.34312168111666,20.243919482590844,13.231697,19.421944444444442,92.72381681710004,312.2174728548756
56.20000000000002,-956.9553475786225,1576.2951215816117,-948.0072988302403,1483.2243160219743,-685.8404364250878,1420.168760499242,282.0311809677113,20.285253355999952,13.585293,19.383888888888887,93.49995948621184,312.8557745585201
56.29999999999998,-958.5817368456084,1577.3526567438507,-950.028977700102,1483.4780780245599,-687.1836589705671,1420.458513085573,282.31164380842773,20.465618059547456,13.897172,19.46611111111111,94.26338747745797,313.48475080700695
56.400000000000006,-960.194684878975,1578.3879280084616,-952.0691030522518,1483.7354751687517,-688.5665347808076,1420.7588045460675,282.19361450263074,20.660404343159193,14.404931,19.293055555555554,95.00058899078616,314.0522129985318
56.49999999999997,-961.800912295532,1579.4565951199104,-954.1353228588167,1484.0123437268276,-689.9562141627677,1421.059327841672,282.21166267317733,21.03412664950036,14.031124,19.403055555555554,95.75158685577108,314.62554598142134
56.599999999999994,-963.4004190952794,1580.592053925824,-956.2263139283438,1484.3134019223933,-691.3242695647265,1421.3613324167577,282.68635820644334,21.217217474109862,13.988983,19.495,96.5455675654972,315.24570388138466
56.70000000000002,-965.0066465118362,1581.7386446817384,-958.3174303317318,1484.6202055424963,-692.7150795733266,1421.6780198606193,282.9633833003892,21.052869504419338,14.539286,19.67388888888889,97.34853277757631,315.85139075830557
56.79999999999998,-966.6128739284084,1582.8518395892334,-960.4010883044313,1484.916062823696,-694.149147008868,1422.0120979269084,283.26017543826686,21.038558618963435,14.910143,19.576944444444447,98.13257691158134,316.39517218960424
56.900000000000006,-968.2191013449652,1583.9872983959383,-962.4747531666144,1485.203789866982,-695.5984463014548,1422.354474741222,283.3232007957313,20.832069673264822,14.873685,19.648055555555555,98.95038702948303,316.9340487214166
56.99999999999997,-969.8320493783319,1585.1227572018524,-964.5224231471183,1485.495319618214,-697.0633572580264,1422.7008239692352,283.28166135558433,20.53450131031221,15.232276,19.728055555555557,99.76882504167814,317.4643976827052
57.099999999999994,-971.4449974116985,1586.247084058557,-966.539942212501,1485.7851319418696,-698.5294755617082,1423.051345047781,283.61369039786274,20.230135772514426,14.916601,19.720000000000002,100.58162550686264,317.98699863033056
57.20000000000002,-973.0579454450502,1587.3825428644707,-968.5353885606982,1486.0591243091649,-699.9535508023199,1423.3886972233079,283.02955992572674,20.053629197237626,14.353537,19.698055555555555,101.42430018741017,318.5592437543599
57.29999999999998,-974.6776140952411,1588.5291336195942,-970.5327322424357,1486.3231333503743,-701.363317686115,1423.7104183314266,282.68349341746784,20.240709938658025,14.566811,19.82611111111111,102.29001191028131,319.1643989088659
57.400000000000006,-976.3040033621971,1589.664592425508,-972.5297064387569,1486.5831581790342,-702.8119906614558,1424.043831642638,283.22751684394467,20.035960205124397,15.164436,19.843055555555555,103.15050849887467,319.731320663771
57.49999999999997,-977.9169513955637,1590.8111831806316,-974.5023916953326,1486.8354562190236,-704.304320471059,1424.3974025842053,283.428338551138,19.739134668309816,15.50847,19.835,104.03177887136839,320.2458714391565
57.599999999999994,-979.5366200457399,1591.935510038127,-976.4494721616438,1487.075381141745,-705.8256279938585,1424.7536695818378,282.93588132622295,19.497258742852345,15.741157,19.796111111111113,104.90556283736386,320.72959786770105
57.70000000000002,-981.1562886959161,1593.0709688440409,-978.3788245233541,1487.301077423945,-707.3611010686232,1425.1030990872355,282.70526581368273,19.353036235742014,15.753532,19.793888888888887,105.80635254203197,321.21178377902595
57.79999999999998,-982.7826779628872,1594.2175595999552,-980.3150407414003,1487.5265828280803,-708.8934459779434,1425.4563802630946,283.2610348749594,19.633122596853543,15.697679,19.86111111111111,106.71950973460102,321.707393524722
57.900000000000006,-984.4023466130634,1595.3641503550787,-982.2859067702848,1487.7651571074077,-710.3877206485063,1425.8121275643996,283.5274602496953,20.072065665873552,15.023166,19.87388888888889,107.61980610241051,322.2295822467377
57.99999999999997,-986.0152946464149,1596.5218730586205,-984.2830805174425,1488.0121926825586,-711.8528834715927,1426.166884673531,283.69390448918074,20.175814459329334,15.126856,19.835,108.52350575383986,322.77832915001625
58.10299999999998,-987.6282426797817,1597.668463813744,-986.3323459505791,1488.2522701758007,-713.3329091393025,1426.514929838543,282.74937496954055,19.888765289868303,14.396446,19.839999999999996,109.42386749950236,323.31325706547057
58.20099999999999,-989.2411907131482,1598.8261865188676,-988.2710675558304,1488.4638712055792,-714.6912037241993,1426.8102132965896,281.7656293536126,19.91197815069605,13.972361,19.884999999999998,110.36657909100053,323.98640465186105
58.29999999999998,-990.833976896101,1599.9839092224092,-990.2317752610945,1488.6794787287995,-716.0331449036426,1427.0909525492127,281.8674468185963,19.937126693757286,13.72447,19.675,111.30605955794144,324.6651686444778
58.400000000000006,-992.4805280135006,1601.1304999775327,-992.2090897096944,1488.9051947482785,-717.3739742222549,1427.3750812868739,282.06139303224813,19.866078383211292,13.687628,20.063055555555557,112.22563349142676,325.38371419488976
58.49999999999997,-994.0867554300576,1602.310486580284,-994.1914729275851,1489.1449440107583,-718.7035469780086,1427.661598441858,282.26192826054387,20.07090014291211,13.514295,19.888888888888886,113.16559101957378,326.09530144626916
58.599999999999994,-995.6997034634242,1603.4682092838261,-996.1878504657685,1489.3969913343385,-720.0080277799387,1427.9461830060511,282.3527420710721,20.17361804675833,13.188961,19.89611111111111,114.07226241280307,326.8239308095783
58.70000000000002,-997.3059308799662,1604.6259319881588,-998.1876844281596,1489.644917120927,-721.3275262420742,1428.2387768314363,282.6458099832816,20.129425496566864,13.842127,19.781111111111112,114.98439576402676,327.5309272889474
58.79999999999998,-998.9121582965381,1605.7836546932826,-1000.1906832324074,1489.8914140559004,-722.6442879211696,1428.5393495259398,283.081830865376,20.23284413500126,13.170697,19.855,115.8992927759464,328.2369264966932
58.900000000000006,-1000.5183857130952,1606.9413773968245,-1002.2147484990251,1490.1486073160559,-723.9119178805184,1428.8310444317983,282.832594224494,20.574034457621487,12.844526,19.84111111111111,116.80508888674657,328.9900131549996
58.99999999999997,-1002.1246131296224,1608.0879681519477,-1004.2660031169578,1490.417828576933,-725.1558297666579,1429.1077794449366,282.2476043156656,20.802997263727597,12.642265,19.806944444444447,117.6896227314936,329.7660002291899
59.099999999999994,-1003.7241199294144,1609.2790867039087,-1006.3233143608206,1490.6927891388325,-726.4046296929641,1429.3837737178376,282.6724525207552,20.70908750369061,12.936605,19.883055555555554,118.61477893536303,330.557745786362
59.208,-1005.3303473459715,1610.4368094082415,-1008.5383365560245,1490.9828474454132,-727.773163287819,1429.6970541202938,283.113034146899,20.660206513285964,13.062352,19.83611111111111,119.49703018648057,331.21722413521667
59.29999999999998,-1006.9298541457189,1611.6279279594114,-1010.4164195639448,1491.2175340053157,-728.9530194822966,1429.9711803229634,283.04740756104474,20.485415465176143,13.269885,19.91,120.46086132265577,332.0697134207632
59.400000000000006,-1008.5159197118768,1612.8190465113723,-1012.4362531409945,1491.4544978248941,-730.2537831098998,1430.2703866794272,282.8617692354223,20.188710928459017,13.424797,19.89,121.42784973830342,332.79697996336523
59.49999999999997,-1010.0952646611953,1614.0101650625427,-1014.44549663024,1491.69167338635,-731.5538646814962,1430.5667432126772,282.82051627417286,20.275701391384473,13.243833,19.816111111111113,122.39582478223399,333.5218141630895
59.599999999999994,-1011.6746096105438,1615.1790197152939,-1016.4548699236234,1491.94325216742,-732.8528691337882,1430.8730934464645,283.71232508229417,20.225594834844248,13.449769,19.691111111111113,123.32844477967924,334.23081458821
59.70000000000002,-1013.2472339430676,1616.403534114092,-1018.4574846286126,1492.1912854152458,-734.1529612567608,1431.1994693498057,284.4749319076135,20.132940462804964,13.359486,19.908055555555553,124.32147617781189,334.9539649735655
59.79999999999998,-1014.8064170419872,1617.6280485128905,-1020.4620020648414,1492.4158060806924,-735.4331760590397,1431.5163685356126,283.3166977247569,20.20954057722097,13.018935,19.851944444444445,125.33990305106462,335.68879218895694
59.900000000000006,-1016.3656001408917,1618.8525629108976,-1022.4727378993834,1492.6010162138866,-736.6959767766776,1431.797846052253,281.80552154009905,20.177981931243004,12.859136,19.816944444444445,126.39916999327467,336.4588612769013
59.99999999999997,-1017.9113420062071,1620.077077310487,-1024.4754158175513,1492.7458803799173,-737.9602198171323,1432.0636651653613,281.94188549534016,19.9816434643292,12.978609,19.79,127.50027755566782,337.2264431526318
60.099999999999994,-1019.4638044883319,1621.3127236584949,-1026.462770249491,1492.8677851966952,-739.2431149523167,1432.350147178018,283.21814898399435,19.840277768484405,13.312881,19.82611111111111,128.63548397771658,337.9800144301138
60.20000000000002,-1021.0028257368376,1622.5595019549207,-1028.425118090698,1492.9649041588912,-740.5489711755705,1432.6665676748914,284.0159927137142,19.45644316578667,13.560674,19.841944444444444,129.80697285470012,338.6940965351358
60.29999999999998,-1022.5418469853282,1623.8062802521379,-1030.3619098971851,1493.0301342852595,-741.8650791967095,1432.987251823256,283.3711287152947,19.302134565064097,13.532032,19.83111111111111,131.00974672861437,339.3985114681687
60.400000000000006,-1024.0741476170244,1625.0530585493552,-1032.3040945100327,1493.112137023904,-743.1684897865491,1433.2926164283174,282.9958413594839,19.58041680906183,13.242179,19.794999999999998,132.19734792667737,340.1177086886656
60.49999999999997,-1025.5997276319256,1626.3221007442,-1034.2714955386266,1493.2571822311318,-744.4656306008129,1433.585811150288,282.4796063860712,19.879819565714172,13.355365,19.828888888888887,133.34718631271224,340.85723967656514
60.599999999999994,-1027.1185870300026,1627.591142939045,-1036.2611676889805,1493.4614813877054,-745.7589097151448,1433.8598459441364,281.43682319893287,20.125822034645427,13.085593,19.79111111111111,134.44088994417905,341.6066209165894
60.70000000000002,-1028.6240051944749,1628.8713170823087,-1038.2489087679423,1493.6788864714065,-747.0659573542947,1434.116384823391,280.7836513124836,19.866688048763734,13.554552,19.783888888888885,135.5346157381285,342.3513077859479
60.79900000000001,-1030.136143975772,1630.1514912271539,-1040.191487432227,1493.8608510089236,-748.3931997731273,1434.3595920307962,279.988397351998,19.551110017122706,13.705526,19.85111111111111,136.66107179121033,343.094089717225
60.900000000000006,-1031.6415621402296,1631.4427973204176,-1042.1508665388196,1494.0135113980366,-749.7620956545946,1434.5984979052619,279.81189770320793,19.366659627779068,13.81108,19.85111111111111,137.83052676413084,343.80766692799284
61.00199999999998,-1033.146980304702,1632.7341034136816,-1044.122086661501,1494.1545149675806,-751.1519541876092,1434.8464924270745,280.4205679577091,19.383484643827355,13.871863,19.791944444444447,139.01350759344862,344.5006550599964
61.099999999999994,-1034.632236618731,1634.0254095069454,-1046.0216046820963,1494.2895698164832,-752.4933731918491,1435.090339077189,280.1858615265117,19.480051108280247,13.952734,19.718888888888888,140.19922467289663,345.2209444728186
61.20099999999999,-1036.1107723160098,1635.327847549419,-1047.9879980534176,1494.4317559132805,-753.8760008574178,1435.3287913007266,279.38090739055446,19.560107083164745,13.830904,19.771944444444443,141.395817227938,345.9134121722534
61.29900000000001,-1037.5960286300683,1636.630285591892,-1049.906107866963,1494.5870516059606,-755.2035130994186,1435.5491434024289,279.4687819275937,19.71425031147921,13.631879,19.75111111111111,142.57565841335156,346.6686581909985
61.39899999999997,-1039.0544024769183,1637.9438555835745,-1051.8776351147087,1494.7756080471188,-756.5597857424126,1435.7731116714842,279.2865813487421,19.89714568839453,13.860971,19.681944444444444,143.7413732992097,347.3848272131978
61.498999999999995,-1040.5194969405482,1639.2685575236758,-1053.8689967569692,1494.9906247293122,-757.9099888766473,1435.9935287138546,279.25621458560016,20.16215439043028,13.500551,19.706944444444442,144.89420636023894,348.12192028907583
61.59900000000002,-1041.9778707873832,1640.5821275145674,-1055.873536150917,1495.201609948964,-759.2072246355724,1436.2166659384457,280.290116926914,20.151388574768056,12.826255,19.66888888888889,146.04309091339462,348.89035557082093
61.698999999999984,-1043.4429652510278,1641.89569750625,-1057.8769763086345,1495.37693530487,-760.4700142924272,1436.4523457777686,280.8524750028347,20.07239601483054,12.865942,19.720000000000002,147.22801483493438,349.6865192478129
61.79999999999998,-1044.9013390978478,1643.2203994463512,-1059.882706331349,1495.5203268578944,-761.8045942309494,1436.707205936377,280.7737735200955,19.747208335473044,14.038954,19.718055555555555,148.45791594529553,350.41613268786836
61.900000000000006,-1046.3664335614926,1644.5339694380336,-1061.83938319171,1495.649712387852,-763.1840767488455,1436.9643620702004,280.34520108933754,19.471815632737748,14.026176,19.70888888888889,149.68611882083047,351.10879953769575
61.99999999999997,-1047.8248074083278,1645.8698033273442,-1063.7824460389947,1495.7974837763968,-764.5487946935039,1437.2127048948423,280.2810298162829,19.50315629419654,13.716425,19.755,150.91834655226194,351.8282025447646
62.099999999999994,-1049.2831812551628,1647.1945052674453,-1065.7228872513538,1495.9748655377684,-765.8930518886064,1437.4605944785733,280.61678308422967,19.46830582867158,13.622139,19.749999999999996,152.11062873190173,352.55961021817023
62.20000000000002,-1050.734834485188,1648.530339157547,-1067.660389998474,1496.176848163904,-767.2393873362392,1437.717188883845,280.96199015579606,19.492493057503836,13.789369,19.75888888888889,153.29077156627326,353.2872101881199
62.29999999999998,-1052.1864877152138,1649.8661730460663,-1069.5949529559894,1496.3861432264564,-768.5964954627989,1437.9908024305325,281.8323130465995,19.424641187644063,13.899744,19.80194444444444,154.46415187825173,353.997819737911
62.400000000000006,-1053.6381409452542,1651.2131388853772,-1071.5193320947667,1496.5843933510641,-769.9689294541168,1438.2914423457185,282.86822074019625,19.26679363955292,14.200937,19.835,155.6591980656484,354.6884131252813
62.49999999999997,-1055.0897941752646,1652.5601047231064,-1073.4313212281106,1496.7686212902636,-771.3379660105605,1438.600744398883,282.5903362095579,19.150365422157645,13.869976,19.805,156.86745336377467,355.37826024837614
62.59900000000002,-1056.541447405305,1653.9070705624172,-1075.3140738465058,1496.9314734215457,-772.6870796948741,1438.889990632263,281.61612174655164,19.027747131075916,14.005216,19.84888888888889,158.0941162764575,356.09780500584213
62.70000000000002,-1057.9863800185358,1655.2651683501467,-1077.2293950493902,1497.0815388107776,-774.0614486287733,1439.178998838039,282.1383871007583,19.015721387847993,13.805512,19.849999999999998,159.3497859481652,356.800503529769
62.79999999999998,-1059.4245920149422,1656.623266137876,-1079.1287610601514,1497.2312481250667,-775.4016804346122,1439.4818381169548,283.3327176247081,19.089540917932002,13.676394,19.858055555555552,160.60532271365702,357.51841080639866
62.900000000000006,-1060.862804011363,1657.9924958748145,-1081.0278870453492,1497.3946957174169,-776.7123918711154,1439.7909654840012,283.2063804308817,19.033804997593226,13.257052,19.860000000000003,161.85883970040985,358.26437805671617
62.99999999999997,-1062.2942953909899,1659.372857560963,-1082.915885222164,1497.5663119987325,-778.0133682742493,1440.0865304386423,282.3979369819524,18.88183461530631,13.426177,19.886111111111113,163.11532164069487,359.0294399978239
63.099999999999994,-1063.7123455369672,1660.7532192463202,-1084.7902448814507,1497.73148020345,-779.3239437428155,1440.3710738303882,282.100858365177,18.75078020289836,13.3960905,19.858055555555552,164.37872502650046,359.7847316009406
63.20099999999999,-1065.1236750661647,1662.1447128816778,-1086.6761467754434,1497.8903477394679,-780.6743416181223,1440.656600659795,281.78286965366834,18.726098756203392,13.935769,19.831944444444442,165.6623237343051,360.5113134905047
63.29999999999998,-1066.528283978553,1663.5362065154534,-1088.5201133742669,1498.0427748141449,-782.0376551959791,1440.9384648801406,281.58150363656966,18.652815023557707,14.188442,19.838055555555556,166.94824496365888,361.2266220065261
63.400000000000006,-1067.9396135077504,1664.9165682023925,-1090.3753522006486,1498.1897075385607,-783.4381185693252,1441.2349208065484,282.3163220088251,18.568297807676213,14.442087,19.783888888888885,168.22963008195904,361.9041033256151
63.49999999999997,-1069.330781186534,1666.3191937861684,-1092.2291198741784,1498.3190963474897,-784.8285675627802,1441.5458173203206,282.899020086473,18.59804294045174,14.05393,19.75888888888889,169.55343303531077,362.5804466937976
63.599999999999994,-1070.7152282484933,1667.710687420735,-1094.0833569547779,1498.4340302876974,-786.2041530870126,1441.8580768337974,282.6807231665281,18.557902042199444,14.157761,19.675,170.88199463187877,363.25742056904573
63.70000000000002,-1072.0862340768483,1669.113313005302,-1095.925713608046,1498.5471082352012,-787.5859156391541,1442.1617692886211,282.11034368147523,18.358577937020804,14.137444,19.669999999999998,172.22413011536545,363.93328287824113
63.79999999999998,-1073.4505192884085,1670.5270705382877,-1097.7502742247423,1498.6573769596564,-788.9753750216006,1442.4585916111205,282.0072112783517,18.19926386796897,14.278767,19.643055555555556,173.57900120918572,364.6112159352382
63.900000000000006,-1074.7946426495548,1671.9296961220637,-1099.564634481086,1498.7562118025821,-790.3767807266014,1442.7616695839054,282.39768201573344,18.14207848630942,14.397482,19.498055555555556,174.93601163477987,365.2553963574231
63.99999999999997,-1076.1387660106861,1673.3434536558402,-1101.3758464575785,1498.845536705586,-791.7998789850319,1443.07732675209,282.61225471000984,18.12619956738184,14.756287,19.485,176.31345169742644,365.88398690601616
64.1,-1077.4828893718325,1674.746079238825,-1103.1874635648383,1498.9359301247607,-793.2371854947485,1443.4009906721571,282.76924514587574,18.151253198915676,14.70971,19.453888888888887,177.67930004914254,366.49170546752936
64.20000000000002,-1078.7866890321209,1676.170968721811,-1105.0008661678162,1499.031136643342,-794.6631012851559,1443.7218045746674,282.58904991930706,18.16677555761084,14.521524,19.36,179.06899003370128,367.0951198625678
64.29999999999998,-1080.0904886924395,1677.5847262540053,-1106.811969647778,1499.138465569647,-796.0589473621743,1444.0337170482492,282.6036603430829,18.119401297990777,14.0838995,19.255,180.43587641230465,367.7227085338535
64.4,-1081.3741265023143,1679.0207476854098,-1108.615326796482,1499.2615877829242,-797.4486113669408,1444.344377968046,282.59907668072185,18.03191696696379,14.3954,19.251944444444444,181.81154683439212,368.3567518705311
64.49999999999997,-1082.6443230785997,1680.4567691168143,-1110.4094505756339,1499.394771696587,-798.8336251739845,1444.6511634958908,282.3767690562112,17.949401865795775,13.976334,19.183888888888887,183.17846274802326,368.98888314874097
64.6,-1083.8876371876613,1681.8927905482183,-1112.1961542245706,1499.5357760294648,-800.1915780168983,1444.9476728041304,282.2570208770288,17.89586071286786,13.822629,19.091111111111115,184.5411956204409,369.6301432672675
64.70000000000002,-1085.137671913473,1683.3176800304134,-1113.9692202228116,1499.6821322785104,-801.5304035665648,1445.2344139731536,281.9169704256186,17.686100026215758,13.561241,18.93611111111111,185.88510584781983,370.2927547707181
64.79999999999998,-1086.3675447889307,1684.764833410236,-1115.724339097869,1499.8394736197606,-802.8776141379157,1445.5153041869214,281.64166420505836,17.557602612908315,13.962469,19.001944444444444,187.2410480256241,370.9540106456526
64.9,-1087.5906970475785,1686.2008548416402,-1117.4737532982545,1500.0176963646538,-804.2321202682971,1445.79453181464,281.65484223434635,17.61251502213587,13.697285,18.91111111111111,188.56607741411943,371.6009730688851
64.99999999999997,-1088.7936874557977,1687.6368762730447,-1119.2277285767352,1500.2250320553776,-805.594328321691,1446.0699411969847,281.21137290091525,17.712873798875687,14.098327,18.745,189.86687497301372,372.23173042610176
65.1,-1089.989957247207,1689.0840296536583,-1120.9870667538091,1500.4650664599526,-806.9221033317231,1446.3262611975292,280.6157832728766,17.801090753999496,12.9478245,18.78388888888889,191.1489839733206,372.9058112528113
65.20000000000002,-1091.179506421822,1690.53118303269,-1122.7472170882152,1500.7052677163133,-808.2255080492273,1446.5687225077334,280.4633764993718,17.729409192152843,13.567488,18.755,192.4328414861074,373.60493484485636
65.29999999999998,-1092.3556143628173,1691.9560725156757,-1124.5059255560982,1500.911095959653,-809.522213306972,1446.8082214402893,280.4656683305523,17.68691906845646,12.805258,18.531111111111112,193.731323169786,374.2889280217843
65.4,-1093.5384429206224,1693.3809619986619,-1126.2625573934145,1501.0851650783677,-810.7707348003125,1447.0375455247558,280.34907141924316,17.618619186420123,12.582906,18.470000000000002,195.06035266357796,375.0235400553531
65.49999999999997,-1094.701109627984,1694.8058514800655,-1128.015050754278,1501.257634396547,-812.0129236685032,1447.2620394123214,280.13994182402047,17.60125261253465,12.663369,18.425,196.39432529881046,375.7533091991241
65.6,-1095.8570557185803,1696.2307409622606,-1129.7610710726499,1501.4408907787652,-813.2575215422052,1447.4829810152503,279.99240519177425,17.510967824193255,12.617784,18.39888888888889,197.71840579884713,376.4810019049563
65.70000000000002,-1097.0130018091622,1697.6556304444553,-1131.4952893872994,1501.6076827683871,-814.495913312722,1447.7074739398201,280.5587739722612,17.33485489921126,12.554026,18.363888888888887,199.05734335768602,377.21344916714065
65.79999999999998,-1098.1487860493148,1699.069387977441,-1133.2196697090053,1501.7449469118405,-815.7349957226388,1447.9477944770442,281.389276296303,17.262796722648194,12.690085,18.146111111111114,200.41682045807227,377.91481009462734
65.9,-1099.2980115230869,1700.4831455104263,-1134.9391879185641,1501.8494918913868,-816.9746618029176,1448.1961868936658,281.2709605116085,17.193269552219817,12.596057,18.251944444444444,201.80590131337112,378.6227453353959
65.99999999999997,-1100.427075146445,1701.8857710942023,-1136.6530372381287,1501.9182724836085,-818.1942184368162,1448.440205927661,281.35976896985375,17.112797634751214,12.278545,18.053055555555556,203.222343333714,379.3284064093611
66.1,-1101.5426975361838,1703.3106605763974,-1138.3620067023155,1501.9536946090273,-819.3954010858769,1448.6877047173643,281.9261377503407,17.075662634017604,12.250068,18.058888888888887,204.69560149415972,380.0525576082978
66.20000000000002,-1102.6583199259378,1704.7244181093827,-1140.0653871022591,1501.9845253946369,-820.5910779361968,1448.9433364256447,282.21032481672563,16.99847353427532,12.20397,18.008888888888887,206.16195762729953,380.77012849093364
66.29999999999998,-1103.767221698882,1706.1270436939496,-1141.7615370828044,1502.0528480515486,-821.7540701853219,1449.196228991908,282.3286406014201,16.955705651782985,11.599451,17.948888888888888,207.58093681401945,381.50342222588915
66.4,-1104.8626822381918,1707.5074053793069,-1143.4506140586443,1502.168118603675,-822.9123339393665,1449.446940570684,282.10318170903605,16.90734870038673,12.102335,17.758055555555554,208.93360470662688,382.21878865784635
66.49999999999997,-1105.9581427775317,1708.910030963874,-1145.1317942859096,1502.329729426728,-824.1049401002002,1449.7009172156347,281.94218056860433,16.874811858273006,12.284682,17.72888888888889,210.2617320286268,382.92374242088545
66.6,-1107.0603239336515,1710.3015245984407,-1146.8115925326545,1502.5381483063861,-825.3093060579237,1449.9536743262981,281.7631312576259,16.981636845448705,12.327406,17.773888888888887,211.53199257678241,383.6204363890624
66.701,-1108.1490638561818,1711.6818862845887,-1148.517113515597,1502.7908156480441,-826.4931690279501,1450.1991181642154,281.6595462178442,17.161567464978035,11.613961,17.59888888888889,212.75586672284,384.3218457431022
66.79999999999998,-1109.2310831619027,1713.062247969946,-1150.202543368478,1503.04462916701,-827.6062178321372,1450.4350790851536,282.28548255550174,17.27257270898619,11.371942,17.608888888888888,213.97677621441602,385.07868625574406
66.9,-1110.299661234004,1714.4203457576755,-1151.9061218627469,1503.2800122932224,-828.7312435851823,1450.6857480304607,282.829219503081,17.122978214590745,11.680588,17.353055555555553,215.20069233515858,385.79361303110903
66.99999999999997,-1111.3480774556915,1715.8452352398701,-1153.5956844345815,1503.5083636613015,-829.8817945934866,1450.9502968456363,283.06642403026507,16.975526226451088,11.930932,17.538888888888888,216.49897765859384,386.513384988349
67.1,-1112.4099349109833,1717.19220107839,-1155.2807169065245,1503.7233058283894,-831.0394178579141,1451.2194249609242,283.1093958648999,16.99946298272701,11.83898,17.26111111111111,217.7311947980009,387.1832712067286
67.20000000000002,-1113.4516305158613,1718.561430815329,-1156.9752386563937,1503.9069050754085,-832.181050831586,1451.4861885493217,283.1959124919647,17.091123895480088,11.608745,17.206944444444446,219.02253282756274,387.8689521312253
67.29999999999998,-1114.493326120754,1719.9195286030583,-1158.680200606286,1504.0592855039633,-833.3113367949076,1451.753528201961,283.41850659537295,17.14527453471704,11.620736,17.178055555555556,220.33638924971183,388.55670743452856
67.4,-1115.5283011088227,1721.266494441578,-1160.386322220699,1504.1857189110287,-834.4401577313575,1452.0269629442605,283.814706910706,17.071487614174313,11.608723,17.02888888888889,221.6671043773033,389.23061245010706
67.49999999999997,-1116.5431142464768,1722.6245922293074,-1162.085327813489,1504.2885819051141,-835.5640924836198,1452.3076521766138,284.23038779107327,16.971636661751354,11.560511,16.98611111111111,223.03521385841645,389.898010703137
67.6,-1117.5512067673367,1723.9938219662463,-1163.7757455698331,1504.3868693974039,-836.6814059788036,1452.5926914793733,284.39310780489046,16.894156010577365,11.501489,16.956944444444446,224.41907584712425,390.5719122319767
67.70000000000002,-1118.5458580545771,1725.3519197539756,-1165.462774116066,1504.5009525754954,-837.7941024799261,1452.8801612656623,284.5787461305129,16.923890691839308,11.483166,16.845,225.7794204890936,391.2319100379752
67.79999999999998,-1119.533788725008,1726.710017541705,-1167.1524824930557,1504.629516308747,-838.9103374247074,1453.1718898580866,284.71396417016376,16.968157541656833,11.591391,16.806944444444444,227.1283536330436,391.88343766527265
67.89899999999997,-1120.5082781618346,1728.0458514310153,-1168.8289386270067,1504.7656791300608,-840.0502705299226,1453.4728967269273,284.86541410415066,17.011215112237064,12.226912,16.641111111111112,228.4489474051793,392.4882182942499
67.99999999999997,-1121.4693263650418,1729.4150811679542,-1170.5432354653472,1504.9100114654645,-841.2460556657489,1453.7889935272171,284.7488085984746,17.05538845887256,12.265351,16.648055555555555,229.805950481063,393.0582929153746
68.09900000000002,-1122.4236539514545,1730.7397831080555,-1172.2292345289165,1505.0578894052298,-842.4187905060264,1454.0976204844367,284.7394493328912,17.136042106419637,12.232942,16.481944444444444,231.1123384892108,393.616068897302
68.20000000000002,-1123.3779815378673,1732.0978808957848,-1173.9649856795331,1505.2023464668337,-843.6135068777476,1454.4139677587925,284.92231454278516,17.35484429823607,12.240149,16.528055555555557,232.46640301735704,394.1782806001942
68.29999999999998,-1124.2987060402468,1733.4225828358858,-1175.6994878576727,1505.3311644940486,-844.8054583449511,1454.7368854913498,285.39042106140687,17.43083430664661,12.458431,16.29888888888889,233.81132456028217,394.69253022026425
68.4,-1125.226151159421,1734.7472847767776,-1177.4404988148858,1505.457408346502,-846.0213025610585,1455.0770557889284,285.8645436368777,17.480812739196455,12.792472,16.171944444444446,235.15991481223324,395.18449420865517
68.499,-1126.1468756618008,1736.0831186660882,-1179.1726198214242,1505.5800702769832,-847.2563228385686,1455.4208965597015,285.25817667271286,17.599253631433434,13.106704,16.251944444444444,236.523539759475,395.6655448377364
68.6,-1127.033997080162,1737.4189525553988,-1180.9423891031195,1505.6995864608186,-848.5375272777638,1455.7651281385802,284.8206890186628,17.525522020812588,13.163635,16.04388888888889,237.90750167612404,396.09236359846443
68.70000000000002,-1127.927839115318,1738.7659183947098,-1182.6864707262719,1505.8140694514057,-849.8514946264347,1456.1245740022778,285.746875294492,17.431190818169213,14.082154,16.163055555555555,239.30121533750759,396.5004198286068
68.79999999999998,-1128.8149605336794,1740.0906203348109,-1184.4259036874716,1505.9271081341292,-851.2122882652175,1456.5175616903714,286.46565084848334,17.43085118719988,14.246471,15.969999999999999,240.67639569474426,396.83362160930085
68.9,-1129.6886407184065,1741.4153222749121,-1186.171838809434,1506.0356513317613,-852.5753794735741,1456.9133240228161,285.912746576182,17.555426606248826,14.1415,15.958888888888888,242.06185399582517,397.15632510030906
68.99999999999997,-1130.5623209031485,1742.706628368967,-1187.9259063996321,1506.1298462906695,-853.9682021657984,1457.298928411206,285.055315235769,17.576988686316824,14.763604,15.753055555555557,243.4320331417675,397.4441617576872
69.1,-1131.4158392374766,1744.0424622582775,-1189.681815152419,1506.198612808889,-855.4042344536754,1457.6854388489805,285.0730769274181,17.569558996264504,14.979154,15.798055555555557,244.87674587478497,397.7219516586455
69.20000000000002,-1132.2559163381857,1745.356032249169,-1191.446605214112,1506.230693777477,-856.8363208024889,1458.0769139180718,285.5085248517176,17.734539519415335,14.713646,15.668888888888889,246.3421708697233,397.9764382901824
69.29999999999998,-1133.1027140557044,1746.6584702916423,-1193.2173308064605,1506.246918154539,-858.2426605743468,1458.4708638135726,285.79127952361455,17.681593216679186,14.495949,15.606944444444444,247.81340066280006,398.24633774503627
69.4,-1133.9226293059844,1747.994304180953,-1194.9844420136446,1506.274744709764,-859.6712280626333,1458.8776906117184,285.99553897757875,17.66527125561211,15.211425,15.671944444444444,249.31283641660127,398.49999664452145
69.49999999999997,-1134.7291033226604,1749.3190061218447,-1196.7539886779643,1506.3194574069362,-861.1461780159382,1459.3001835075745,285.97290714467107,17.73752867041587,15.473931,15.499999999999998,250.79048442671782,398.69604273174207
69.6,-1135.5288567225564,1750.6548400111553,-1198.5246551030689,1506.393999061881,-862.608078003137,1459.7177936554947,285.9113141816945,17.70937157987941,14.933637,15.501944444444444,252.25350153138584,398.9111635426741
69.69899999999998,-1136.321889505628,1751.9906739004657,-1200.270985644073,1506.4953299189815,-864.0594734010934,1460.1329560580275,286.01228080435243,17.62977060121073,15.563454,15.446944444444444,253.68770331553588,399.1337503735746
69.79999999999998,-1137.1082016718897,1753.315375841358,-1202.0421644014946,1506.6133502727955,-865.5300048627541,1460.5536800160553,285.9170867314804,17.521112099506908,14.72434,15.363888888888889,255.10450590963964,399.3295976065494
69.9,-1137.8743519877378,1754.6512097306686,-1203.7891268068336,1506.731512667565,-866.9267335952259,1460.9510237696063,285.84202926031827,17.49811116318758,14.318622,15.311944444444446,256.53251983191745,399.5903041192777
69.99999999999997,-1138.6337816867763,1755.96477972156,-1205.5365048772098,1506.839409887855,-868.3037944386565,1461.346045161493,286.169761119133,17.51616963608991,14.333466,15.191944444444445,257.95236820986173,399.8480971060683
70.1,-1139.3932113858148,1757.2783497140335,-1207.2896403583984,1506.942066743509,-869.6665040337108,1461.7496566299758,286.8326732880995,17.606600978139188,14.091504,15.155,259.38037635628416,400.11211565632294
70.203,-1140.1459204680434,1758.5919197049254,-1209.1036053520056,1507.0552372419393,-871.0654548631516,1462.1853259061581,287.75448216637375,17.684782538597645,14.3603,15.13,260.8176852305858,400.32632416259213
70.29999999999998,-1140.8784676998732,1759.905489695817,-1210.8151124778674,1507.1816635100647,-872.3936841554306,1462.61575579239,288.1557474286156,17.701152250478646,14.428159,15.00111111111111,262.22217031511605,400.58115891698736
70.4,-1141.6042943148934,1761.196795789081,-1212.5748454605255,1507.3284066007104,-873.7744318696468,1463.0625693231887,287.7102727429013,17.615735796505408,14.596923,14.855,263.60193125053695,400.7703235119284
70.49999999999997,-1142.3435621635329,1762.443574086298,-1214.3260756874515,1507.486255284992,-875.1612356736731,1463.4940023921658,286.84711182453697,17.551243981377656,14.451168,14.68,264.9239828018066,400.94543519616116
70.6,-1143.0626681617136,1763.7348801795617,-1216.0750815950378,1507.6671820575277,-876.5353145207365,1463.911708637751,286.9711571871828,17.616802295320745,14.272158,14.723888888888888,266.27331548030827,401.16176840802336
70.70000000000002,-1143.7952153935582,1764.9927904251974,-1217.8281264509692,1507.8730350651856,-877.9097375779439,1464.3360625002058,287.34214735953014,17.68549425957376,14.49683,14.61,267.5657685804125,401.35963344586605
70.79999999999998,-1144.514321391739,1766.250700670833,-1219.5885790026023,1508.0889546047601,-879.3217848700019,1464.7720835500709,286.9846216953686,17.78739413750972,15.059984,14.598055555555554,268.85615352397235,401.5176683632739
70.9,-1145.2267067731698,1767.4974789680502,-1221.3614412746815,1508.3000872855253,-880.793022735294,1465.2050193068276,285.83097117487245,17.920604044634022,15.613865,14.51388888888889,270.1477108039969,401.6290632186309
70.99999999999997,-1145.9390921545707,1768.7442572652674,-1223.144865338328,1508.5171437469428,-882.3049357933747,1465.6221284520825,285.01908997917235,18.011700521121004,15.754811,14.461111111111112,271.4385418892843,401.72875597412315
71.1,-1146.6245950687335,1770.0355633585311,-1224.9264681968186,1508.7540801823948,-883.9010715934817,1466.0553454546325,285.33622211877736,17.93457501213497,17.32296,14.463888888888889,272.76216157320715,401.7805653141437
71.20000000000002,-1147.3302598333398,1771.2934736041668,-1226.703450965777,1508.9940805202552,-885.5805284635313,1466.521648725993,285.69632609301715,17.92794877701132,17.537012,14.463888888888889,274.0457536301827,401.74467900862015
71.299,-1148.0426452147408,1772.5513838498023,-1228.4675142329897,1509.2272129385453,-887.2355994641332,1466.9926594923788,286.0783542972875,18.019560207496642,17.226574,14.473888888888888,275.3321240660148,401.7293232315702
71.4,-1148.7348687457277,1773.8315579938567,-1230.2732428707402,1509.4625070590284,-888.9030944955499,1467.4806927445948,286.5491164752898,18.039814521594522,17.178574,14.53888888888889,276.6577335755,401.7006392190169
71.49999999999997,-1149.440533510319,1775.111732138702,-1232.0634607704985,1509.6866160784352,-890.5270526738442,1467.9650199062853,286.6657133865989,18.044149922353046,16.714293,14.558055555555555,277.98748235243806,401.715438331716
71.6,-1150.1461982749254,1776.3696423843378,-1233.865304018955,1509.8998281644497,-892.1237016996465,1468.441812811473,286.5875046475635,18.244407056228315,16.612099,14.488055555555555,279.31174439497113,401.74016100508925
71.70000000000002,-1150.845142422707,1777.649816529183,-1235.688234309225,1510.106172920666,-893.7181023881102,1468.9047689200988,285.7948175379998,18.447051103347587,16.593767,14.52888888888889,280.67410189788666,401.7932542242202
71.79999999999998,-1151.5575278041078,1778.9077267740277,-1237.5184509429669,1510.3128060918907,-895.337920512828,1469.35137988488,285.04338338968597,18.38984835541717,17.012146,14.588888888888889,282.0150913038667,401.837801929898
71.9,-1152.2699131855238,1780.1545050720358,-1239.3421430594599,1510.508366685065,-897.0561861829955,1469.8309899691358,286.09905812721473,18.293878521823626,18.668282,14.508055555555554,283.35598310645383,401.7894106075232
71.99999999999997,-1152.9755779501154,1781.4235472660898,-1241.1663331114696,1510.6903961287344,-898.8262446040598,1470.3627694104757,287.3572734453216,18.37112615118675,18.298233,14.52111111111111,284.7350495121598,401.6848156955702
72.1,-1153.6678014811023,1782.7371172577723,-1242.9928879061363,1510.877526681379,-900.5640352852183,1470.9005799610534,287.03326581217505,18.35140613859289,18.084087,14.689999999999998,286.15836184393413,401.6261227257867
72.20000000000002,-1154.366745628899,1784.0061594526173,-1244.8127042645276,1511.0700345855148,-902.2972973002851,1471.4132306606436,285.91972233733804,18.247998103225484,18.067352,14.603888888888887,287.53191073511897,401.5636262305585
72.29999999999998,-1155.0589691598711,1785.308597495091,-1246.6262546522219,1511.2676872892025,-904.0400697626437,1471.9016998434088,285.3957524336911,18.23799283303366,18.13169,14.608888888888888,288.93422822315364,401.5399996890065
72.4,-1155.7579133076679,1786.5999035883547,-1248.4390332850014,1511.4720891496952,-905.8057332111789,1472.3939381740636,285.7555699290333,18.247330062298943,18.528366,14.705,290.3189698900958,401.499042386049
72.49999999999997,-1156.450136838655,1787.8912096816184,-1250.2505049343526,1511.6771843768868,-907.5870840727732,1472.9025177634187,286.11280911429725,18.21357289006768,18.522396,14.658888888888889,291.70652517544295,401.43579196216746
72.6,-1157.1356397528473,1789.1936477240915,-1252.0566362486695,1511.8832230813298,-909.3508104479334,1473.4074888797297,285.8383623304295,18.14334785970245,18.169542,14.693888888888889,293.1058975716946,401.3953409686537
72.70000000000002,-1157.8077014334056,1790.4849538165643,-1253.8579002953527,1512.0765144051945,-911.0862108042642,1473.903530784003,286.06697249068674,18.0897676770841,17.928574,14.614999999999998,294.5112898292592,401.3667790781732
72.79999999999998,-1158.4797631139786,1791.7985238082472,-1255.6517436783033,1512.2560217232585,-912.8178471530318,1474.417710131388,287.0017531334424,17.966284700471473,18.199875,14.658055555555555,295.95000300511805,401.34817533382216
72.9,-1159.145104177742,1793.1009618507203,-1257.4425996992402,1512.4395876254525,-914.5485855178775,1474.9525641005441,287.34552781052093,18.038580849878933,18.030243,14.603888888888887,297.37720929455025,401.30519549531095
72.99999999999997,-1159.8104452415057,1794.4033998931934,-1259.2448680702464,1512.627529429663,-916.2965469685114,1475.4937181009013,287.062773138624,18.202245542212076,18.566135,14.614999999999998,298.80569877223746,401.2510483387816
73.1,-1160.4556244548403,1795.6947059856666,-1261.0618746033733,1512.8174327599045,-918.0295748783011,1476.0169438866822,286.5230468956106,18.335827892779413,17.640072,14.453888888888889,300.2351899371419,401.2035158045123
73.20000000000002,-1161.100803668205,1796.9860120789303,-1262.8833253279156,1513.0108666960257,-919.7701615115764,1476.5280311100908,286.2130767284448,18.298056004018502,18.641472,14.488888888888887,301.6646563829633,401.1655473870555
73.29999999999998,-1161.73926226473,1798.2884501214035,-1264.6949512385152,1513.2148863699424,-921.5619357604617,1477.0585431605036,286.77171057869714,18.164000116267356,18.732214,14.488888888888887,303.0953820862751,401.0907644073176
73.4,-1162.3642796276658,1799.5908881638766,-1266.497757439956,1513.4320491525257,-923.3810112689591,1477.6160665952548,287.29940470801273,18.15288335070693,19.320091,14.441944444444445,304.517096967653,400.97479756158674
73.49999999999997,-1162.982576373777,1800.871062307931,-1268.301523455611,1513.6591500972647,-925.2474258944885,1478.196726739442,287.26388132471465,18.20739267873662,19.772978,14.281944444444443,305.9129992826941,400.79512048922913
73.6,-1163.600873119903,1802.1735003504043,-1270.1072894794409,1513.8917766065201,-927.2382371815189,1478.8218233063205,287.5830188166026,18.206374090246804,21.960026,14.37611111111111,307.3271367297336,400.52915338956615
73.70000000000002,-1164.205728632425,1803.487070341296,-1271.9125042607911,1514.113879314541,-929.3501327961006,1479.5059850681096,288.3092428219311,18.170747652566863,22.439877,14.379999999999999,308.76786296709383,400.1510896029481
73.79999999999998,-1164.8105841449317,1804.7783764345597,-1273.7152633360568,1514.3173158746179,-931.4711021964941,1480.2134868282862,288.58655439477434,18.113623476917176,22.277454,14.253055555555557,310.20615218162277,399.73701530018167
73.90099999999998,-1165.4019984238341,1806.0585505794054,-1275.531420470194,1514.5186524312771,-933.5645922696261,1480.902942880205,287.85509355519855,18.07030194868391,21.36895,14.171944444444444,311.64723937889494,399.3429004133509
73.999,-1165.9866920859272,1807.3498566718781,-1277.2927336983082,1514.7351592202099,-935.5081432929945,1481.5273985741862,287.7666575195201,18.14704591151851,20.292395,14.103055555555555,313.0693151111243,399.09978157663585
74.1,-1166.5646651312104,1808.6411627651419,-1279.1103752169552,1514.9744735254985,-937.455801925857,1482.171081184216,288.808873478441,18.15649497623124,20.328459,14.133055555555554,314.49429442786044,398.840300579951
74.20000000000002,-1167.1291969428598,1809.9436008068242,-1280.8995539231773,1515.2032534198986,-939.390437010777,1482.8427138251002,289.4763693097686,17.918580919926168,20.63028,14.104999999999999,315.93601647358037,398.5723686354003
74.29999999999998,-1167.7004493713785,1811.2237749516694,-1282.6709114617647,1515.4264360033692,-941.3059409800036,1483.5272924629624,289.8616834269939,17.788682214234342,20.053133,14.055,317.3551210901953,398.2956917482837
74.4,-1168.271701799867,1812.5150810449336,-1284.438381566954,1515.6414180529641,-943.2088631917267,1484.2146854186217,289.86082399030124,17.821759561797386,20.41227,14.06111111111111,318.7925175821703,398.0382281775794
74.49999999999997,-1168.8295129947364,1813.7952551889875,-1286.2000613308774,1515.8333617810547,-945.0749086127471,1484.8796995615478,289.3534698627131,17.621268953017196,19.20816,13.989999999999998,320.2454301625032,397.80845355000685
74.6,-1169.3738829559868,1815.075429333042,-1287.9390982753407,1516.001302920328,-946.8860460085596,1485.5016442882122,288.54903711834925,17.321723708999954,19.091785,13.889999999999999,321.7188887417907,397.6427006476047
74.70000000000002,-1169.9249735340616,1816.3556034770963,-1289.6531539643256,1516.1525959596333,-948.6318410375326,1486.0784705786946,287.99785171943324,17.09284256993545,17.681068,13.888055555555555,323.19759112912925,397.55959931275066
74.79999999999998,-1170.4693434953267,1817.6246456719416,-1291.3456875759305,1516.2912777238596,-950.3386362859751,1486.6317032075988,287.9219348115784,16.87143805923766,18.203289,13.818888888888889,324.6735116963296,397.50956745428533
74.9,-1171.0002722229724,1818.8936878675777,-1293.0182829523035,1516.421994574974,-952.0388603386459,1487.1800322631832,287.8256779019964,16.68247827110086,17.525852,13.748055555555556,326.1556686394368,397.46452572375375
74.999,-1171.524480333809,1820.1627300632135,-1294.6567629224446,1516.5439256882614,-953.656439766737,1487.7042160821418,288.09000625120206,16.5098155408993,16.825586,13.691111111111109,327.6368986936042,397.48603323769476
75.1,-1172.04868844466,1821.420640308058,-1296.309447806799,1516.6557072907046,-955.2298492570659,1488.2227046084079,288.3952638405029,16.29160659947844,15.979233,13.618055555555555,329.1236860426901,397.5314747050401
75.20000000000002,-1172.5661759386867,1822.6785505544844,-1297.9270085769633,1516.7573265953858,-956.7790478437715,1488.7353185780732,288.22595481204166,16.123406523915794,16.656914,13.568055555555555,330.61024428833866,397.59548140579074
75.299,-1173.0836634327284,1823.9141969024922,-1299.5124589345974,1516.8526743854177,-958.2781332130882,1489.2281246702996,288.1666794633464,15.963800240005819,15.222075,13.426111111111112,332.0708041104446,397.68854994725865
75.4,-1173.5877096931656,1825.1498432497092,-1301.1151479883188,1516.9435921359357,-959.7187763376886,1489.7024818692983,288.2850210311417,15.823695798405042,14.812181,13.285,333.54810858964635,397.8251536940437
75.49999999999997,-1174.0850353367784,1826.363225699298,-1302.692195860038,1517.0227007678309,-961.1072898069747,1490.162906327688,288.4070610415045,15.757267278413687,14.445042,13.17111111111111,335.009495541143,397.9826313252005
75.6,-1174.5756403635817,1827.5654762004685,-1304.2630356242967,1517.0956808444337,-962.4571650889326,1490.6078101337114,288.07073481576265,15.693431786610683,13.981144,12.983888888888888,336.467404540064,398.1641825604083
75.70000000000002,-1175.059524773605,1828.7343308532197,-1305.8356328232924,1517.1735371134023,-963.8301354557381,1491.046871669024,287.4164170137231,15.797098189536532,14.848635,12.743888888888888,337.89424178640354,398.3097726667986
75.79999999999998,-1175.5299679500092,1829.8809216083432,-1307.4262933275,1517.2443565871154,-965.2530224785544,1491.4908495144678,287.2428108017985,16.04839268533306,14.962296,12.43388888888889,339.32029476050695,398.4021017621562
75.9,-1175.9869698927941,1830.994116516629,-1309.029334915379,1517.3022190488466,-966.6786584550947,1491.942229359465,287.8948367726575,16.03335560563882,14.945925,12.00611111111111,340.7387231116246,398.45470435387665
75.99999999999997,-1176.4238099851652,1832.073915577287,-1310.6322415149377,1517.3555674018774,-968.0859294505337,1492.4017136854247,288.2732753963413,16.042553162747254,14.6619215,11.743055555555555,342.1396524402571,398.47443732782705
76.1,-1176.847208843917,1833.1203187911074,-1312.241473575413,1517.411100121089,-969.4775161028965,1492.8582397660848,288.0518272085232,16.161346080427613,14.629289,11.31611111111111,343.51698309605575,398.47267395636555
76.201,-1177.2638870858593,1834.1333261572997,-1313.8723279983983,1517.4761441407916,-970.8761226996776,1493.3123714280248,287.9250946738182,16.158610025649395,14.48931,10.951944444444445,344.86756451019085,398.44050054042015
76.29999999999998,-1177.6738447110217,1835.1352015742825,-1315.4654686993326,1517.5440121530773,-972.2259903470207,1493.7433876355542,287.48634364782987,16.055241746983686,14.137366,10.871944444444445,346.1945915800995,398.4434608412429
76.4,-1178.0703611025501,1836.1036811436372,-1317.0619816677095,1517.6140656058597,-973.5883416217325,1494.16843261552,287.17178981830295,15.9057755200886,14.40509,10.501111111111111,347.4972025682086,398.4126133507055
76.49999999999997,-1178.4467156436644,1837.0610287653647,-1318.6473377182497,1517.6888818819123,-974.9741743846859,1494.5972758672865,287.21705348411825,15.836687361339784,14.608281,10.268055555555556,348.7904566283977,398.3497170771214
76.6,-1178.8230701847938,1837.9849805386723,-1320.2222065131593,1517.7706072016836,-976.3751227112639,1495.0329992216373,287.3359422266079,15.703198255886695,14.7346115,10.051944444444443,350.04422670001014,398.2477029758302
76.70000000000002,-1179.1927041090985,1838.8866684135617,-1321.7790088504612,1517.8603128530806,-977.7754071813016,1495.468608539106,287.22392897765985,15.484623892777986,14.594924,9.73111111111111,351.2673842875839,398.12672775089527
76.79999999999998,-1179.5623380334182,1839.7772243400323,-1323.3111072051058,1517.9659968630247,-979.1691335688365,1495.8952248474375,286.8139776752439,15.231265495062045,14.556418,9.666944444444445,352.457337515668,398.0103842497185
76.9,-1179.9252513409285,1840.6566483172933,-1324.813593230703,1518.1003206820872,-980.5335091667758,1496.3037198069255,286.51489370618555,14.940418538693866,13.927982,9.491944444444444,353.60319019075405,397.91457151116015
76.99999999999997,-1180.2612821812002,1841.5249403453452,-1326.2847060903248,1518.2523518091514,-981.8554132571771,1496.6991735209253,286.7973618991849,14.638588972748494,13.667855,9.338055555555554,354.7224363203365,397.8312434808832
77.10099999999997,-1180.6174748719006,1842.3821004249787,-1327.741529511587,1518.3942787582337,-983.1436320605991,1497.089286846194,286.90123628265314,14.346865865855904,12.985475,9.28,355.8280427987429,397.7726055220696
77.20000000000002,-1180.960226328997,1843.26152440224,-1329.1473428519937,1518.5042045574862,-984.3565800556161,1497.4584063723182,286.951152365765,14.14189571443228,12.628045,9.37611111111111,356.9688197814312,397.78485411991824
77.29999999999998,-1181.289536552474,1844.1298164302916,-1330.5557635814985,1518.5893189098913,-985.5501374756598,1497.8250756537298,287.20640506349565,14.078480238828853,12.344207,9.243888888888888,358.1298955090318,397.79502992781846
77.40099999999998,-1181.63228800957,1844.9758445599248,-1331.9681810657198,1518.6773764219922,-986.726773869577,1498.189324178677,287.19512065972054,13.945456998566709,12.046417,9.131944444444445,359.2653212462226,397.80529177011783
77.501,-1181.9481569994275,1845.8218726903488,-1333.358185644714,1518.7822996463967,-987.8790789482113,1498.5496512222414,287.5331657588478,13.934032345269431,12.100262,9.041111111111112,360.3885113473193,397.8200634194349
77.6,-1182.2573053724907,1846.6345049731444,-1334.7354170037754,1518.8972202912894,-988.9983521072656,1498.9054380554162,287.739069601684,13.985659211589798,11.626245,8.723888888888888,361.4710255294023,397.8247440728698
77.701,-1182.5664537455536,1847.4248733575214,-1336.1411054100697,1519.025563275242,-990.1162414835273,1499.2614138798751,287.58745350993644,13.96583290955329,11.605435,8.536944444444444,362.53452317868243,397.8126175916767
77.79999999999998,-1182.8621608850126,1848.1929778442702,-1337.5195200459375,1519.1637664390187,-991.2038990978177,1499.6040290811663,287.38013159655736,14.02079491046008,11.431853,8.281944444444445,363.5644656736863,397.80289655940766
77.89899999999997,-1183.157868024456,1848.927686483391,-1338.9076926727219,1519.3073838223736,-992.2914209707697,1499.9456891028303,287.500667592708,14.172797449240086,11.597004,7.95,364.56488010271397,397.76680996109184
77.99999999999997,-1183.4468545471054,1849.6512631733024,-1340.341710503279,1519.44304569837,-993.3986570916674,1500.295270563475,287.54406914568915,14.351217986957257,11.395297,7.708888888888889,365.5864640731118,397.7033152092888
78.1,-1183.7022379857215,1850.3191801179576,-1341.7804534459328,1519.559378921225,-994.4763151814661,1500.6349793671252,287.44781223610715,14.518070281547711,11.203375,7.216111111111111,366.59346460457664,397.5996606083441
78.20000000000002,-1183.9576214243373,1850.953701215776,-1343.236309534,1519.6627495340758,-995.531308651004,1500.9673654136154,287.5283128063231,14.672568607258022,10.918942,6.946944444444444,367.5913425967779,397.48573633977946
78.29999999999998,-1184.199563629334,1851.5659584151751,-1344.6992415893312,1519.7636491869312,-996.5590213248735,1501.2921974501537,287.5526635126161,14.65562757840562,10.637581,6.613888888888888,368.58230971447614,397.36718628605087
78.4,-1184.4146233671372,1852.1448197669458,-1346.167046155275,1519.8625521465385,-997.582991398745,1501.6159241551286,287.5360477365573,14.767195451226788,10.840908,6.2061111111111105,369.56102561389304,397.2109834367789
78.49999999999997,-1184.6296831048958,1852.6902852718795,-1347.6451211959588,1519.9561412353296,-998.6378313347467,1501.9460273666234,287.22407221710864,14.853512489633765,11.264878,5.961111111111111,370.5213133731401,397.00693114654547
78.6,-1184.8514634594935,1853.2023549299759,-1349.1330752833285,1520.050167854346,-999.7276911334735,1502.2787868362095,286.73877696463273,14.96493225341925,11.525879,5.641944444444444,371.455014418587,396.7595767261029
78.70000000000002,-1185.0530819636624,1853.7255565364906,-1350.6351083967613,1520.1451831458132,-1000.8439031029941,1502.6129435554471,286.5946780791573,15.135778472123786,11.777271,5.513055555555556,372.4154575056669,396.5010574650434
78.79999999999998,-1185.261421084641,1854.237626194587,-1352.1529235936623,1520.2448077848828,-1001.9777531906466,1502.949298288985,286.4517251092722,15.285970174622738,11.876504,5.531111111111111,373.36841907019436,396.22770251383207
78.9,-1185.4563189719706,1854.7274319534733,-1353.6828008530517,1520.3546997728095,-1003.1197393213122,1503.2823338831925,286.0652650764564,15.39057721568202,11.914764,5.326111111111111,374.3063895153911,395.9296468267188
78.99999999999997,-1185.6512168593745,1855.2283696623604,-1355.2171235767505,1520.4781105704872,-1004.2690036016716,1503.6086661870315,285.6395574346743,15.395406145242008,11.979342,5.341944444444445,375.247028879593,395.64620958419533
79.1,-1185.8393941299244,1855.718175422038,-1356.7549946144127,1520.6065895691793,-1005.4290251444,1503.9292262432164,285.25739458532195,15.469235837687997,12.090762,5.198888888888889,376.180697885725,395.35220500438925
79.20000000000002,-1186.007409550075,1856.1857172832965,-1358.302787642435,1520.7266858249054,-1006.591632667431,1504.2445126712519,285.08808555686073,15.579887402231863,12.001269,5.031111111111111,377.11862735615586,395.03497629726377
79.29999999999998,-1186.2023074374345,1856.6532591445555,-1359.8632674960606,1520.840501434817,-1007.7220177851909,1504.5478737194067,284.95344047500504,15.712625001801126,11.4064245,5.0680555555555555,378.05864265891773,394.75741442022513
79.39899999999997,-1186.3770434743797,1857.1096690566046,-1361.4209963255253,1520.9503487122684,-1008.8188450063953,1504.8415905936222,285.0288818278899,15.834827228571699,11.532434,4.891944444444444,379.00326394916465,394.48664482742385
79.499,-1186.5719413617392,1857.5549470202354,-1363.0048553424915,1521.0571391349931,-1009.9129921240534,1505.1347847056247,284.9718725272744,15.9143132911052,11.122552,4.7988888888888885,379.94650656021696,394.2186641340308
79.59900000000002,-1186.739956781905,1858.0002249830752,-1364.5920483006014,1521.1678271190315,-1010.985097272109,1505.4200986380254,284.83264378305756,15.90688264013963,11.065871,4.75,380.9034401372823,393.9575054936756
79.69899999999998,-1186.8945309684213,1858.423239048287,-1366.1810446418942,1521.292764534285,-1012.041261303981,1505.6999799576545,284.8518378691944,15.971518453564176,10.786507,4.538055555555555,381.83846169712217,393.6843448955813
79.799,-1187.0558257717626,1858.8462531127082,-1367.7747607927686,1521.433085260406,-1013.0663083385036,1505.9698945927373,284.64901080971805,16.026423020804213,10.413294,4.591944444444444,382.7623013245328,393.43878377579057
79.9,-1187.2171205750888,1859.2692671771292,-1369.3890353152917,1521.5902568187103,-1014.048214232546,1506.2248732576668,284.45775463291443,16.09093987453183,9.675287,4.465000000000001,383.6844022849417,393.2274331755516
79.99999999999997,-1187.3716947616354,1859.6811492947138,-1370.9913513867743,1521.7605192195995,-1014.9620821882734,1506.4612476971106,284.5482819645451,16.136049380019863,9.203569,4.476944444444444,384.5861808873223,393.05136228273943
80.1,-1187.5464307985658,1860.0930314099253,-1372.5943696085221,1521.9389715022407,-1015.8305488036538,1506.6871601074047,284.61560450547296,16.122378495517463,8.743809,4.348055555555556,385.47491214067776,392.914817740925
80.20000000000002,-1187.707725601907,1860.4937815767182,-1374.2021474075534,1522.1169301384937,-1016.6925635767321,1506.912474088685,284.67977577852764,16.22959780148599,9.075687,4.3630555555555555,386.366487876302,392.7670131864995
80.299,-1187.8488585548341,1860.9056636927212,-1375.8079571214496,1522.2892025417004,-1017.5372614005294,1507.1354276979532,284.8978750280331,16.397197622635247,8.573359,4.305,387.2850765216953,392.6314047564764
80.39899999999997,-1188.0101533581753,1861.2952819103048,-1377.4436088692976,1522.4604740839309,-1018.3661537480556,1507.356869972588,285.0170502494203,16.494701108567103,8.585896,4.218888888888889,388.1933294914018,392.49393122532643
80.499,-1188.164727544692,1861.67376817947,-1379.084308454922,1522.6371970632185,-1019.1870674992099,1507.5774042768005,285.0577302528746,16.509332540868513,8.414515,4.116944444444444,389.0964956526888,392.3489321044958
80.59900000000002,-1188.312581114414,1862.0411224994261,-1380.7283188357542,1522.8266860339206,-1019.9791797273798,1507.789393555316,284.90360460598436,16.588779392420186,7.9852715,3.95,389.987499837441,392.21221485621726
80.70000000000002,-1188.473875917755,1862.4307407162187,-1382.397240873286,1523.030892121594,-1020.7671564413599,1507.99852755947,284.82519246693175,16.705838658291285,8.15844,4.109999999999999,390.8945237551048,392.1067934641343
80.79999999999998,-1188.6217294874916,1862.7758311377556,-1384.060338606888,1523.2418571017297,-1021.5578400015103,1508.2071246142357,284.73294626191574,16.822677927716295,8.196299,3.95,391.76468633507665,391.95575109436294
80.9,-1188.762862440404,1863.1431854585028,-1385.7334318927492,1523.4567744545996,-1022.368729111327,1508.4178796734016,284.41237637553996,16.91413479454268,8.560364,3.805,392.6630400879281,391.81251916020784
80.99999999999997,-1188.9039953933163,1863.5105397776674,-1387.4147306300688,1523.6742640643245,-1023.2045332323768,1508.6326432067392,284.4089386287692,16.992015692278354,8.698743,3.9861111111111107,393.5672830596457,391.65626924004556
81.1,-1189.038407729419,1863.8556301984138,-1389.105776422071,1523.892484280864,-1024.040324849059,1508.8465952059466,284.307525099031,17.109346868481428,8.556096,3.693888888888889,394.4640574219136,391.47896786478447
81.20000000000002,-1189.1795406823462,1864.2007206199507,-1390.808508425693,1524.1148915588176,-1024.874479500523,1509.057683213506,284.09553071483253,17.234653518998623,8.652909,3.69,395.36389789843713,391.3089957415215
81.29999999999998,-1189.3206736352586,1864.5458110422787,-1392.520061123103,1524.3481417933237,-1025.7005873452829,1509.265386612989,284.1310540981306,17.313003483584488,8.383463,3.6869444444444444,396.26310102993006,391.1466638234249
81.4,-1189.4550859713913,1864.868637564606,-1394.2378726932784,1524.5936418152128,-1026.5138486289136,1509.471426703295,284.30236847887477,17.392483985664597,8.395667,3.5580555555555553,397.14362952190413,390.96933935373596
81.49999999999997,-1189.582777690699,1865.2137279869341,-1395.9658321737359,1524.8472981144341,-1027.3168427864784,1509.6773398636717,284.4648020137943,17.537083482182844,8.183853,3.6238888888888887,398.04933332678706,390.81499064144896
81.6,-1189.7104694099924,1865.5476864584705,-1397.7062652322727,1525.1028734994024,-1028.0929564676906,1509.8784540009335,284.5928580810061,17.644883765334804,7.8511105,3.4869444444444446,398.95478659928193,390.6671516861746
81.70000000000002,-1189.8516023628895,1865.8593810331702,-1399.458810090371,1525.357864641529,-1028.8528598618382,1510.076982976625,284.69026090617837,17.77508617704108,7.8570704,3.491944444444444,399.84555042706006,390.51467303263496
81.79999999999998,-1189.9792940822276,1866.1933395054978,-1401.2247754678338,1525.6130387039777,-1029.5888562907887,1510.2704728560043,284.7713344341893,17.911032726280208,7.3630395,3.4869444444444446,400.77374502316184,390.3923405228675
81.9,-1190.1069858015355,1866.5050340794066,-1403.0017047428182,1525.8723338874522,-1030.2980959477807,1510.4586073822286,284.9417893782408,18.00397962970414,7.312337,3.4338888888888888,401.689927423068,390.26649771677626
81.99999999999997,-1190.2346775208584,1866.8167286541068,-1404.7889713066036,1526.1404748422804,-1030.9874205929157,1510.6437644428408,285.1331572818144,18.141502934533957,6.9628587,3.383888888888889,402.60881124630123,390.1523667416538
82.1,-1190.3690898569612,1867.1395551772246,-1406.588575730179,1526.4200159637205,-1031.6195616564507,1510.81550701669,285.27467785721177,18.28236544896951,6.138263,3.441944444444444,403.5352159020835,390.08747737064783
82.20000000000002,-1190.4967815762693,1867.4623817003428,-1408.4028028955063,1526.7088393133631,-1032.2040599025245,1510.9759255717947,285.4216415316629,18.459122304170243,5.983996,3.4369444444444444,404.47003693284245,390.0502264298444
82.29999999999998,-1190.624473295577,1867.7629443258331,-1410.2347146061318,1527.005330159607,-1032.7493236278356,1511.1267498046584,285.50701224313735,18.655921825442064,5.330785,3.236111111111111,405.394141177125,390.0178689818672
82.39899999999997,-1190.752165014885,1868.0746389005333,-1412.0645893492613,1527.3069973432482,-1033.2575325315715,1511.26719679892,285.3898796162898,18.81025216565627,5.32091,3.373888888888889,406.32717691199707,390.02065329947607
82.499,-1190.8865773510029,1868.386333473651,-1413.929441959057,1527.6185646708232,-1033.7485820701686,1511.402444335575,285.40878722352915,19.003776657411994,4.8657784,3.351111111111111,407.2723802413124,390.038263078157
82.6,-1191.0075484535012,1868.6980280483506,-1415.8314877884563,1527.9410651989997,-1034.2106532747077,1511.5306032585095,285.59946471295973,19.19810872552961,4.6295786,3.326111111111111,408.24148665759276,390.0690139817778
82.70000000000002,-1191.141960789604,1868.99859067305,-1417.73063891066,1528.2653815894387,-1034.6568286427303,1511.6556932266876,285.723223596708,19.334768967242457,4.638004,3.291944444444445,409.19622288709314,390.1045282208168
82.79999999999998,-1191.2696525089268,1869.332549146169,-1419.643743337809,1528.58983909643,-1035.0997770902577,1511.7800990309645,285.65189035121426,19.473700989296162,4.56374,3.47,410.1954653746905,390.170199492053
82.9,-1191.3973442282347,1869.6553756692867,-1421.570033208285,1528.9131658895878,-1035.5408045519628,1511.9023584526942,285.33733652168735,19.591046832255326,4.589493,3.453888888888889,411.19912485055124,390.22875635636706
82.99999999999997,-1191.5317565643375,1869.978202192405,-1423.5136250682247,1529.241464403474,-1035.9856471442808,1512.0227889222303,284.96090325028655,19.831506446657443,4.627681,3.493888888888889,412.2100335916115,390.2904944334896
83.1,-1191.6796101340742,1870.312160663942,-1425.4877167587385,1529.5871800241048,-1036.432261643072,1512.1410533450855,284.70192632688736,20.251521117361296,4.612494,3.605,413.23085939390813,390.36941649097264
83.20000000000002,-1191.814022470177,1870.6461191370604,-1427.4912137526505,1529.9502834951395,-1036.895706692116,1512.260981535456,284.3286443233595,20.47124668955683,4.961774,3.635,414.2672940440054,390.43513086968994
83.29999999999998,-1191.961876039914,1871.002341507807,-1429.5057675588623,1530.3170679964421,-1037.373207448138,1512.3810268403877,283.89176400457245,20.48220479467954,4.885487,3.7469444444444444,415.3234353915986,390.5213230935874
83.4,-1192.1164502264453,1871.3696958269716,-1431.5261733529937,1530.675239314248,-1037.8646115244871,1512.5010961874068,283.5800749640212,20.556210870149,5.2317557,3.886111111111111,416.4009224605904,390.61528586346583
83.49999999999997,-1192.284465646581,1871.7259181977183,-1433.5593556143913,1531.0254769630142,-1038.3845675032553,1512.6265168673565,283.5436921440304,20.706382768371622,5.4656196,3.895,417.4809734425043,390.6885699433122
83.6,-1192.4255985994935,1872.1044044668834,-1435.6062038605003,1531.378981873915,-1038.940708403166,1512.761872148979,283.802382588532,20.836687749313374,5.9819202,4.013888888888888,418.6055665853793,390.7488541905439
83.70000000000002,-1192.5801727860248,1872.4940226844672,-1437.6616047891455,1531.740801529367,-1039.5430646527632,1512.9093391720917,283.7135741302867,20.90344125751762,6.4209795,4.111111111111112,419.73523326053635,390.7959839641227
83.79999999999998,-1192.741467589366,1872.883640902051,-1439.7232143022004,1532.1148004491322,-1040.1993613731706,1513.0685727961754,283.5691887659138,21.002023903724954,7.085781,4.196111111111111,420.8602925353608,390.814505110684
83.9,-1192.9162036263117,1873.2843910696351,-1441.7919125473607,1532.4986268145237,-1040.9273978337499,1513.2451419862534,283.6895099028913,21.078068490367684,7.8970675,4.313055555555556,421.98821738277843,390.80539654254324
83.99999999999997,-1193.0976602800815,1873.7074051340562,-1443.8647695935338,1532.882102405517,-1041.7251922636146,1513.4421114327174,284.03414401666237,21.08254195267405,8.538005,4.613888888888889,423.1383108316067,390.77449497006353
84.1,-1193.272396317012,1874.152683097687,-1445.9413066780917,1533.2612517990874,-1042.5928348835794,1513.6624685540294,284.4472465869518,21.134852624441944,9.365865,4.74,424.32127709539054,390.714121853183
84.19899999999998,-1193.4605735875914,1874.5868291113175,-1448.007731944567,1533.6302061433762,-1043.5332037175558,1513.9064778284946,284.6369844255983,21.27142302333565,10.260652,4.75,425.4946234364355,390.6002202222202
84.29999999999998,-1193.6621920917457,1875.0655029217853,-1450.1299133064338,1534.003946291958,-1044.543339691922,1514.1713246943648,284.7454883080512,21.398676013107163,10.418149,5.010000000000001,426.7302162207591,390.4882072732614
84.4,-1193.8839724463285,1875.5219128338344,-1452.2433404668868,1534.3772149758695,-1045.5592733582587,1514.4382002278244,284.6919167542065,21.524068360528293,10.589888,5.026111111111112,427.9360558781937,390.3609405011036
84.49999999999997,-1194.0855909505124,1875.978322745884,-1454.3675383574914,1534.7621716407755,-1046.5869171740733,1514.7072625335024,284.6523826663425,21.652229152270763,10.655785,5.02,429.15632806816876,390.22126763259155
84.6,-1194.3140919219047,1876.456996556352,-1456.5003156949545,1535.1635308677075,-1047.633904457064,1514.9806384836997,284.61542688855656,21.752215501149337,10.985998,5.286944444444445,430.3752382028241,390.1028516176074
84.70000000000002,-1194.5224310428684,1876.9468023160296,-1458.6414639791321,1535.5762802816678,-1048.69605634453,1515.2579651535402,284.6509502718547,21.859210013908378,10.9692,5.29611111111111,431.6163769752022,389.97967445190517
84.79999999999998,-1194.750932014261,1877.4254761257068,-1460.7915308896686,1535.9932233603486,-1049.7655580682451,1515.5388268230538,284.7764280289883,21.94321300475155,11.146122,5.236944444444445,432.8436016373732,389.84959356368125
84.9,-1194.9861536024632,1877.915281886175,-1462.9498427584742,1536.4094210959388,-1050.832578704734,1515.8188621395784,284.632902101308,22.018278847860355,10.917012,5.3661111111111115,434.08615695525185,389.73589820428236
84.99999999999997,-1195.22137519068,1878.3939556966434,-1465.1166190861125,1536.8261209496459,-1051.881251405412,1516.089219558678,284.27738178942946,22.111341237146988,10.74234,5.406111111111111,435.32979269873914,389.6294559126359
85.1,-1195.4565967788674,1878.8948934047394,-1467.2933414888482,1537.245070337339,-1052.9064077294288,1516.3492437104596,284.18628150000364,22.222118423772432,10.410048,5.458888888888889,436.6002947508227,389.56373613348313
85.20000000000002,-1195.7119802174832,1879.3846991652076,-1469.479606744599,1537.669382957057,-1053.8966280846594,1516.601870233917,284.44268011332474,22.31912882544178,10.028756,5.546111111111111,437.85622145348896,389.5163347896297
85.29999999999998,-1195.9673636560995,1879.8745049240943,-1471.6752014851952,1538.1005547647007,-1054.8598765692411,1516.8507273438458,284.52948321928704,22.43150773254246,9.868762,5.508888888888889,439.11757519820424,389.4837429220911
85.4,-1196.2361883283195,1880.3865745813998,-1473.8823336235669,1538.5340988246803,-1055.7998918609446,1517.092553621266,284.3209265818594,22.554693036934495,9.543727,5.733055555555556,440.3981121420801,389.49313091613635
85.49999999999997,-1196.5050130005548,1880.9097761879145,-1476.1018880474458,1538.9656272925563,-1056.7149219224739,1517.3247385020184,284.1533364267837,22.667627527178343,9.3368635,5.876944444444445,441.70149818600083,389.53221842701623
85.6,-1196.8141613736177,1881.4218458460107,-1478.3327203611968,1539.393422337528,-1057.6171904678213,1517.5510496087109,284.0075186679229,22.76201633547127,9.2675085,5.951111111111111,442.98548683014565,389.58664384667463
85.69899999999998,-1197.1098685130617,1881.9561794017352,-1480.55095048532,1539.8164945446867,-1058.4871172957182,1517.766300564789,283.78289629391986,22.85849198771907,8.836802,6.053888888888888,444.2954095010266,389.6800418321871
85.79999999999998,-1197.4190168861248,1882.490512957459,-1482.8211944593702,1540.2537938745975,-1059.353506649449,1517.978611790036,283.75540864369844,22.923281967738284,8.827038,6.206944444444444,445.6235797757472,389.78328749396485
85.9,-1197.7550477264115,1883.0248465131835,-1485.0701669659688,1540.687164012711,-1060.189218601121,1518.1820977182888,283.60987736373517,22.883690944351123,8.3755455,6.283888888888889,446.9284804120625,389.91613032951494
85.99999999999997,-1198.1045198003021,1883.548048119698,-1487.31744985952,1541.1151196668552,-1060.9897817608503,1518.3765330641638,283.6941021596194,22.8696908848136,8.101188,6.288055555555555,448.22363771027045,390.0649776583149
86.1,-1198.474153724622,1884.0712497270038,-1489.567609584942,1541.5380628518883,-1061.7707427375033,1518.5701216710738,284.15332783241684,22.921630227365828,7.990885,6.428055555555555,449.5157218112919,390.22928796499934
86.20000000000002,-1198.8505082657362,1884.6167152319376,-1491.824284603258,1541.9528137363054,-1062.5373137721601,1518.7621885837243,283.9768568315165,22.967942669047485,7.8144603,6.588888888888889,450.83498423444985,390.42389996263256
86.29999999999998,-1199.24030404047,1885.151048787662,-1494.0926423932995,1542.3662011670444,-1063.3007389218374,1518.9498103760272,283.64024412687723,23.146441538520403,7.908456,6.57,452.1497021899068,390.6186277929636
86.4,-1199.6502616656176,1885.6742503941766,-1496.3783022334949,1542.7882981465923,-1064.0612994238452,1519.1329457059517,283.4345522784252,23.339759762880657,7.737538,6.731111111111111,453.4515479166264,390.81567870845066
86.49999999999997,-1200.0534986739553,1886.2308478483196,-1498.6805801553185,1543.2195350276334,-1064.8166736392786,1519.311613379992,283.18130493297747,23.506611288073596,7.786834,6.836944444444445,454.7910448953974,391.04823675383494
86.6,-1200.497059383136,1886.7540494548346,-1500.9925822070913,1543.6540306838656,-1065.5823935558644,1519.4909233230212,283.1778671862067,23.54290152107196,7.941854,6.896944444444444,456.08681423373935,391.2597230375197
86.70000000000002,-1200.9540613259062,1887.2883830105586,-1503.310019360449,1544.0840025802497,-1066.3606080350028,1519.6717954359137,282.9919423816867,23.596924547065637,8.03731,7.018888888888889,457.3930171149734,391.48097415940555
86.79999999999998,-1201.4312251191197,1887.800452668655,-1505.631938645876,1544.5033452720006,-1067.142726082153,1519.8493792602062,282.59201784068557,23.592939472096404,8.003295,7.021111111111111,458.6839631566572,391.69043056479063
86.9,-1201.9285507627476,1888.3125223267514,-1507.949184152954,1544.9028250917472,-1067.9219310959252,1520.0203218523875,282.1537051274104,23.43618673035655,7.9515305,7.1288888888888895,459.9770083553964,391.9144282171523
86.99999999999997,-1202.452758873584,1888.8134600348471,-1510.2479553780781,1545.2767671857332,-1068.7180444002663,1520.1923053743888,282.2250383729041,23.144033397982266,8.338037,7.198055555555555,461.2540973530172,392.1307556395817
87.1,-1202.9635257508307,1889.3032657937338,-1512.5283181615164,1545.627182616736,-1069.5426207748949,1520.3745695185128,282.69744207498957,22.998969792166513,8.551706,7.136111111111111,462.54038834263275,392.3130393192813
87.20000000000002,-1203.4944544784619,1889.8153354518302,-1514.8161448773708,1545.964197180465,-1070.3854787823418,1520.5622442542617,282.4112496563217,23.25143544913884,8.718338,7.3388888888888895,463.84782009118857,392.5122224464228
87.304,-1204.0455450565364,1890.2940092622982,-1517.2121252897878,1546.308170058929,-1071.297096091843,1520.7590387968908,281.96464051417314,23.29758276877955,9.216738,7.31,465.1876659450847,392.6553770157762
87.39899999999997,-1204.6235181018199,1890.761551123557,-1519.4022320638562,1546.616419541633,-1072.1741347580398,1520.9453880576393,282.0250589136697,23.2643971217998,9.659422,7.441111111111111,466.39201360565056,392.81908509254606
87.499,-1205.2283736143415,1891.2179610363971,-1521.7069001000636,1546.936673237396,-1073.1178953791439,1521.1470529494377,282.0983975114464,23.271868586776243,9.641907,7.568888888888889,467.64116890529704,392.94485042030954
87.6,-1205.8332291268487,1891.663238999237,-1524.032741904153,1547.2501656925551,-1074.0746026412253,1521.352904829676,282.1872260232145,23.20114819397717,9.736376,7.556111111111111,468.9043559152203,393.05226019722863
87.70000000000002,-1206.464967106579,1892.0528572176117,-1526.329086910878,1547.542331195005,-1075.0301867063454,1521.5612915972295,282.41583618347175,23.09636555485694,9.824501,7.503055555555555,470.1069640821672,393.1146164857009
87.79999999999998,-1207.1168669367382,1892.453607382823,-1528.6217616698923,1547.8171752683186,-1075.9724011586097,1521.7682463912295,282.3593998406514,23.085667484578764,9.469007,7.608888888888888,471.3169503402057,393.2003404852274
87.9,-1207.7889286172963,1892.8320936527791,-1530.9155703324611,1548.0757827802236,-1076.9001891126702,1521.9688098642905,282.03768403868537,23.08148906301516,9.515443,7.71611111111111,472.5121590737901,393.2828974052786
87.99999999999997,-1208.4744315314888,1893.2105799211536,-1533.2078317302924,1548.3179787081133,-1077.8328714367367,1522.1654314189445,281.7715451428472,23.019154490961466,9.548253,7.838888888888889,473.7116080234614,393.37224031573083
88.1,-1209.1733756792705,1893.5890661895278,-1535.4985495196095,1548.5460034365526,-1078.7736438540223,1522.3617383458518,281.801338948194,23.021819709410483,9.672457,7.959999999999999,474.91350184626356,393.46387254492976
88.203,-1209.8790404438769,1893.9675524586933,-1537.853678726231,1548.7657449365254,-1079.7439143047932,1522.5659183269852,281.9668750495742,22.907714277587882,9.580401,8.018888888888888,476.16347116616674,393.54075378661656
88.29999999999998,-1210.6115876756917,1894.3349067770673,-1540.060718392748,1548.959093779186,-1080.6562894392946,1522.7604730365947,282.1074846220772,22.772676121548628,9.654416,8.21,477.30617210986435,393.64443264101146
88.4,-1211.3642967579206,1894.679997199395,-1542.3293898709007,1549.1489482076274,-1081.62223489299,1522.9699122198872,282.3541429528811,22.759408452475316,10.113436,8.295,478.4658803683236,393.70215886179295
88.49999999999997,-1212.1304470737687,1895.0250876209323,-1544.5982223512856,1549.332847559901,-1082.6170458249499,1523.1872972687765,282.2991390045486,22.76608365817691,10.252274,8.398888888888889,479.6227125943841,393.747461499133
88.6,-1212.9100386232508,1895.3701780424692,-1546.863682691956,1549.507592569543,-1083.6313957915206,1523.4053910981506,281.9734124980166,22.67788999804884,10.498432,8.548055555555557,480.776418324344,393.790261711671
88.70000000000002,-1213.7030714063073,1895.7152684640064,-1549.1239942623595,1549.6710239958124,-1084.6526429218336,1523.6179902118377,281.5431211938733,22.646446691152054,10.364544,8.653888888888888,481.9271880887909,393.8405738045512
88.79999999999998,-1214.516266039793,1896.0158310887055,-1551.390536921477,1549.8275753646424,-1085.6875920683192,1523.827997469255,281.4004547028857,22.79244223654466,10.756294,8.70111111111111,483.0430444415233,393.8535396966593
88.9,-1215.3361812900878,1896.3609215102429,-1553.6653190633083,1549.9759433404722,-1086.7558498223925,1524.0463188899655,281.6966738829684,22.80002428288006,11.050556,8.873888888888889,484.1995028581125,393.89219967478084
88.99999999999997,-1216.1762583907969,1896.6726160849425,-1555.938775401806,1550.1138831265087,-1087.8102331470523,1524.26419253156,281.6522696538458,22.752802669937473,10.482612,8.958888888888888,485.32620303813326,393.9109929544913
89.1,-1217.0432179586994,1896.950914811223,-1558.2093888839222,1550.2449202437529,-1088.8290676963043,1524.4695347840677,281.13345637035474,22.73505016036769,10.304032,9.066111111111113,486.41484645598234,393.9305101086257
89.20000000000002,-1217.9034569098671,1897.2626093859228,-1560.4821509747876,1550.3714228165384,-1089.8643396008508,1524.6687533009713,280.66191210496197,22.790571802445708,10.781458,9.196944444444444,487.53836458964116,393.9799451158975
89.29999999999998,-1218.7771370945943,1897.563172010622,-1562.760850087176,1550.4874963386935,-1090.8912038194248,1524.8583965034538,280.251960802546,22.842810975145273,10.10326,9.261944444444445,488.657671020612,394.03510200933846
89.4,-1219.6709791297503,1897.874866585322,-1565.0459977631592,1550.5903542261394,-1091.8886629351214,1525.036336475034,279.978373455371,22.906528945925277,10.160927,9.431111111111111,489.78611252319394,394.12801203018324
89.49999999999997,-1220.571541781716,1898.1754292100213,-1567.335607755859,1550.6869981703314,-1092.8901188921654,1525.213365005606,280.0709061392846,22.926453845337157,10.178727,9.526111111111112,490.91091570400545,394.21218536052214
89.6,-1221.4788250504912,1898.4871237847212,-1569.624462935252,1550.778859458337,-1093.884281911367,1525.3873374396037,279.77841118487027,22.887553308054432,10.006744,9.618888888888888,492.0431101631785,394.31436444752325
89.70000000000002,-1222.4197114032697,1898.7654225117924,-1571.9101579427427,1550.8668443921463,-1094.8790153061766,1525.5557631749252,279.4443767903089,22.860203504221044,10.171168,9.785,493.1297931377009,394.4009114888954
89.80100000000002,-1223.3538771392684,1899.065985136492,-1574.2128359809888,1550.950166958826,-1095.8904024002466,1525.7235254975622,279.39171623935846,22.767329883892685,10.12995,9.826111111111112,494.25361087704937,394.5016217479862
89.9,-1224.2947634920768,1899.355415812773,-1576.4563473185,1551.0203447261533,-1096.8796236515914,1525.8870525472823,279.3815061314492,22.578470632905393,10.125533,9.848055555555556,495.3333250166551,394.60516496971354
89.99999999999997,-1225.2625323120787,1899.6337145398445,-1578.7077121040045,1551.0797755959284,-1097.8691929500367,1526.0514681111244,279.4863574079581,22.464612541169455,9.937176,10.018055555555554,496.40038625233353,394.7059130042788
