relative_time_s,gt_east_m,gt_north_m,classical_east_m,classical_north_m,ai_east_m,ai_north_m,shared_heading_deg,classical_speed_mps,ai_forward_speed_mps,ref_speed_mps,classical_error_m,ai_error_m
0.0,45.16926555102964,154.74522415114313,45.16926555102964,154.74522415114313,45.16926555102964,154.74522415114313,19.929,8.473888888888888,11.770224,8.473888888888888,0.0,0.0
0.10000000000000853,45.458252073648936,155.5467244855204,45.45160962625442,155.5457095371634,45.57373206766269,155.86184064386484,19.894622532292146,8.50315216992077,11.982045,8.52,0.00671954072510544,0.33560962779272785
0.20000000000000284,45.74723859632792,156.33709287068828,45.72164235318851,156.35239564242758,45.97942901929912,156.9856255714264,19.805241116251743,8.510952701375048,11.913423,8.44111111111111,0.029821845780517487,0.6888447259333699
0.30000000000001137,46.04294573578666,157.1274612542742,45.99049779870252,157.15723909724244,46.382169537594514,158.10430085928704,19.79406843924669,8.460660147128403,11.865849,8.45111111111111,0.06031174045094664,1.0340640220192323
0.4000000000000057,46.331932258420885,157.9289615878605,46.26444905654281,157.95782555888536,46.7853380316842,159.22078243525416,19.91582197071198,8.462556747217056,11.875066,8.42388888888889,0.07339694379905233,1.3690792150162063
0.5,46.62763939786471,158.71932997302838,46.53836018065277,158.75916712032847,47.18218237269714,160.3112335229075,20.083698604685303,8.474693744729548,11.333311,8.498888888888889,0.09776388357152602,1.6857267937164966
0.6000000000000085,46.91662592051385,159.50969835740526,46.80976460275314,159.56253607299507,47.56888759356366,161.3695480901609,20.060493813982504,8.484873508502886,11.201735,8.405000000000001,0.11921059274370685,1.9709100229490282
0.7000000000000028,47.20561244314807,160.30006674178216,47.07690889262703,160.36825771563147,47.96231871539519,162.45321514191855,19.85279661324759,8.49228343598727,11.855817,8.381944444444445,0.145652369809897,2.282247229260674
0.8000000000000114,47.49459896581212,161.09043512695004,47.342545862564656,161.17541928384134,48.36729741183527,163.58095793089038,19.656272089517703,8.502694264918281,12.109289,8.453888888888889,0.17419085260055817,2.638997236572643
0.9000000000000057,47.79030610525596,161.88080351132692,47.607252142495085,161.98462753494755,48.774453201167404,164.72477594620685,19.531653769076755,8.525423045829594,12.173192,8.375,0.21044757343157136,3.009439269489885
1.0,48.086013244699785,162.66003994649438,47.87003236484932,162.7961852658879,49.18064555206186,165.8711344280273,19.49011432892977,8.535404365591242,12.150707,8.408055555555555,0.25531018086583934,3.392542948534614
1.1000000000000085,48.36827915053931,163.45040833166226,48.13336067326709,163.60909687366126,49.5850919626495,167.0121382795632,19.5454047561599,8.554561864559473,12.060588,8.363888888888889,0.28349381708542587,3.763848248998619
1.2000000000000028,48.657265673188455,164.24077671603916,48.397697903239965,164.422058897977,49.986386273639596,168.13968873821858,19.636505045585697,8.542591040679847,11.876062,8.36,0.31660489049313967,4.1192325167728505
1.3000000000000114,48.94625219583759,165.0200131519976,48.663047275062624,165.23381801603543,50.37344029471642,169.22401058487776,19.65254786384936,8.53797109316774,11.150572,8.34,0.3548486255255704,4.439646414439366
1.4000000000000057,49.241959335281415,165.79924958795604,48.93106642561654,166.04446350841053,50.73695089850845,170.24403621492021,19.574625603711574,8.538143488284652,10.506693,8.313055555555556,0.39595993239790184,4.689469898971478
1.5,49.52422524113587,166.57848602312353,49.2026801897014,166.85234736323554,51.08435532020302,171.2236153275435,19.478082215232035,8.508331500342797,10.280475,8.348055555555556,0.42236388779101863,4.90012572475353
1.6000000000000085,49.813211763755156,167.357722458291,49.47623118440753,167.6565662766294,51.41934101003071,172.17244190644385,19.41190558989442,8.48106134003757,9.844014,8.301944444444445,0.45040375066882204,5.075546721306291
1.6990000000000123,50.0887570528,168.1480908426679,49.74613462418295,168.45283255912187,51.73475603088431,173.07008942785143,19.306401141499027,8.504144573783933,9.377213,8.296944444444444,0.45853859416493964,5.189930896303272
1.8000000000000114,50.37774357544915,168.91619532941692,50.02096454783643,169.26884855064313,52.03520420690409,173.92922807394237,19.24129881202729,8.546425079990852,8.645729,8.283055555555556,0.5016528371149713,5.279931158879568
1.9000000000000057,50.666730098083356,169.6954317653754,50.293660561646305,170.0780836933395,52.30869140026457,174.71263074800035,19.247314868876163,8.532505538880988,7.9496317,8.30111111111111,0.5344187281448902,5.279045609683021
2.0,50.93555477030366,170.4858001497523,50.569479238188364,170.88422181669898,52.56501447470395,175.45032661893003,19.070557389078314,8.508018004172806,7.669564,8.266944444444444,0.5410648019471194,5.225099232687422
2.1000000000000085,51.22454129296772,171.25390463571034,50.85429634870815,171.68726125945616,52.78771742775558,176.0970495300844,18.913280474314888,8.533417888509678,6.010319,8.219999999999999,0.5699818261086528,5.08916221948877
2.2010000000000076,51.50680719880726,172.03314107166878,51.152908651049415,172.4955262484473,52.982849840858634,176.66723897461551,18.87074695239335,8.52953796781669,5.9234376,8.266111111111112,0.5822750499631758,4.863493112491199
2.2990000000000066,51.782352487837166,172.80124555841783,51.44916297285327,173.27607159654485,53.161878821206244,177.18965090619523,18.967043969020988,8.508799752042483,5.3467073,8.21,0.5800646682729469,4.600129824348435
2.4000000000000057,52.064618393661775,173.5804819935853,51.75793291224976,174.0781291171265,53.316603351363675,177.63842617552575,19.0960912532183,8.509831878225693,4.053274,8.236944444444443,0.5845585035544045,4.24669016035503
2.4990000000000094,52.35360491631092,174.34858648033435,52.063659337962505,174.86332019098833,53.4442852984258,178.00642792668702,19.175786817732025,8.512639903316167,3.815874,8.196944444444444,0.5907784959588642,3.8169867359719363
2.6000000000000085,52.62242958854614,175.1166909662924,52.377839761896546,175.66517272607342,53.55853514615956,178.33392717074597,19.301361977690846,8.54095838544073,3.052557,8.168888888888889,0.600546770962071,3.3506570117279297
2.700000000000003,52.89797487757606,175.89592740225083,52.69054008791628,176.46230497486536,53.66135849252699,178.62606327820316,19.477260020796,8.584476748388484,3.1415167,8.191111111111113,0.6031689205537044,2.83485386655777
2.8000000000000114,53.180240783430506,176.65289993979047,53.00345240514874,177.26366940894104,53.765563952396306,178.91942065062108,19.63596933004725,8.62134427679523,3.0847988,8.105,0.6358407624098688,2.3408800363863667
2.9000000000000057,53.4423448388412,177.42100442574852,53.31970492684109,178.06617832382975,53.86680862883624,179.20204894865506,19.78579779347395,8.630344850901404,2.9195127,8.125,0.6567266606288479,1.8309257498851064
3.0,53.72461074468073,178.1779769640791,53.64269091012746,178.86676708909616,53.967934624424494,179.48175764017284,19.96484710445232,8.635474800496329,3.0290546,8.12111111111111,0.6936445023311568,1.3262920348886211
3.1000000000000085,54.00015603369573,178.93494950082777,53.970001420168785,179.66556598716704,54.07599877485097,179.7789854366661,19.99378147310643,8.62968868383132,3.2962036,8.043055555555554,0.7312385047491028,0.8474365948980552
3.200000000000003,54.26898070593096,179.7030539875768,54.29891545651356,180.46115215908839,54.18826471614021,180.08667163692388,20.098059791820233,8.588242154155262,3.2543545,8.128055555555555,0.758688952695148,0.3920173107127857
3.3000000000000114,54.53780537816619,180.47115847353484,54.62840038401532,181.25496648164727,54.3040751922473,180.40082293350977,20.36677699773661,8.601307312853011,3.4420242,8.083055555555555,0.7890262661445306,0.24408377250504731
3.4000000000000057,54.80663005038649,181.21699906186504,54.960471050694366,182.05084877391096,54.42424553843847,180.7240986774706,20.41605136811786,8.646319227943946,3.4557476,7.993888888888888,0.8479223995477352,0.6238338752535826
3.5010000000000048,55.06873410581211,181.9851035486141,55.30299823722787,182.85934298157244,54.55369008572143,181.0726403381975,20.337639229065232,8.741115076210434,3.906682,8.055,0.9050824655285903,1.047787885497322
3.6000000000000085,55.34427939484202,182.74207608694468,55.64872202490405,183.65821809422505,54.69288348208759,181.44922877762147,20.236388992298686,8.844367375974894,4.204216,8.081944444444444,0.9654022438873838,1.4476777266979812
3.700000000000003,55.61310406706233,183.4990486236933,56.00860221019946,184.46905544773816,54.84902510884029,181.8745519188758,20.09171714902816,8.898168880460009,4.857358,7.965,1.0475361664011824,1.7952175908119479
3.8000000000000114,55.87520812250287,184.25602116044195,56.37847765895031,185.2840987522537,55.0197757984563,182.34403438980988,19.886598258371308,9.002782328749436,5.134046,8.023055555555556,1.144650060543165,2.094625950401589
3.9000000000000057,56.144032794738095,185.00186174877217,56.754929279052426,186.1064973024301,55.20567737605989,182.86197510198065,19.619886404737926,9.086499778939954,5.871836,7.971111111111111,1.2623051219704369,2.3365842062462514
4.0,56.39941623333918,185.7699662355212,57.13528667304554,186.93234968393165,55.41160583708966,183.44039912177348,19.575195696717724,9.098186312939038,6.4079185,8.048888888888888,1.3757327448208123,2.530346283889518
4.1000000000000085,56.66824090557441,186.5269387730608,57.51291585751172,187.7613314528897,55.6349768034802,184.06795441746027,19.60871372773288,9.120983321011241,6.914548,8.03111111111111,1.4957276030231719,2.667253037445965
4.200000000000003,56.9437861945894,187.29504325980983,57.88473738225328,188.59439015820564,55.872471318960976,184.7318276950306,19.756823317774188,9.12445540580882,7.1869726,8.10611111111111,1.6042728882384303,2.778090998198086
4.300000000000011,57.20589025002994,188.0520157965585,58.25670158727136,189.42653304091348,56.11782883967653,185.41219320869877,19.903500513327693,9.105441705743832,7.278136,8.023055555555556,1.730174014804389,2.855265474185312
4.399000000000001,57.47471492225025,188.8089883340981,58.62815194251884,190.24947338623463,56.36249614203893,186.09019907701366,19.7818300607427,9.134734630058876,7.2835083,8.073888888888888,1.845376423701909,2.937489683299758
4.5,57.756980828104695,189.57709282084716,59.00927174321276,191.09101606112563,56.6142445503851,186.79074359172117,19.751448973655886,9.1587633086306,7.4571996,8.078055555555554,1.9647381793810237,3.0115757050201184
4.599000000000004,58.02580550031008,190.35632925601462,59.37677692491721,191.91972631368265,56.86704078003556,187.49409084251766,19.786900737229608,9.15576921595332,7.641744,8.219999999999999,2.0662367120032656,3.0879029150299466
4.700000000000003,58.30807140614961,191.12443374276367,59.73625733775633,192.7709571199901,57.12996998852319,188.2234767086716,19.859236658864873,9.14269242135676,7.711314,8.208055555555555,2.1796225102050313,3.1310500896443108
4.800000000000011,58.57689607836991,191.90367017793113,60.075166111469656,193.61920847113623,57.39838714722038,188.9640535728486,19.98356850040827,9.127071695202648,8.043083,8.261944444444444,2.27769285188714,3.167053691631415
4.900000000000006,58.859161984224365,192.7051705123084,60.405348964456806,194.46912796416825,57.679449349695886,189.73672169681439,19.994454698515757,9.108979928234648,8.400907,8.421111111111111,2.3456854157819667,3.1942777384369596
5.0,59.14142789006389,193.51780279510413,60.73610712466266,195.31792483343838,57.96474531104159,190.52339207438698,19.872701167050465,9.110335244564041,8.33522,8.53,2.4048786277392846,3.2173090395733515
5.1000000000000085,59.41697317907888,194.308171180272,61.06752725149773,196.16760362249934,58.25198797666105,191.32262915509165,19.667582276393613,9.13021549372506,8.650545,8.441944444444443,2.486326155834335,3.2047857504005774
5.200000000000003,59.69923908491842,195.13193541148615,61.40179159872906,197.01619587519986,58.51813171582143,192.07333373031707,19.34615295332524,9.111027508824385,7.279236,8.656944444444443,2.539512267620993,3.278728238415853
5.300000000000011,59.98822560758248,195.93343574507247,61.740313739694756,197.8574656411398,58.764773240196256,192.78265114257476,19.01097264317368,9.02555750742099,7.7403255,8.513055555555555,2.602249769651173,3.3799821458995303
5.399000000000001,60.27049151342201,196.74606802786823,62.06692810809708,198.68423302609844,59.024878009058234,193.53676789575886,19.047558863181756,8.933692467860892,8.375096,8.568888888888889,2.642663050608697,3.4425514288403396
5.5,60.55275741926153,197.55870031066394,62.3860864413418,199.5230099168693,59.31278405448193,194.3671451226162,19.191652019079207,8.83760256069197,9.028326,8.63111111111111,2.686932736826979,3.423968233456221
5.6000000000000085,60.84174394191067,198.38246454266908,62.69271886584844,200.3501290282029,59.61961547824724,195.24691968434772,19.25983399669978,8.805202714982567,9.606578,8.713888888888889,2.7014462231696363,3.3652993240188755
5.700000000000003,61.13745108133958,199.20622877467423,62.99481398061978,201.17736505114908,59.94189072815891,196.16502357460865,19.422554010516922,8.8082132059579,9.853926,8.678888888888888,2.708352849991616,3.2677658464160775
5.800000000000011,61.43987883760793,200.00772910826052,63.299089700854424,202.00122387897844,60.275692856437054,197.10977141575026,19.495319650498544,8.756923270156012,10.185762,8.595,2.7259285454489555,3.1230574420484465
5.900000000000006,61.74230659384645,200.80922944184687,63.59761818392591,202.8230158455589,60.63145684829009,198.11816078409828,19.376430908008906,8.730416321208287,11.200386,8.626111111111111,2.7381593774027495,2.9113291943576924
6.0,62.05145496690951,201.62186172464257,63.89345890848335,203.64220671674863,61.01143560315267,199.19989549195597,19.33403203116923,8.689454994474897,11.73024,8.656944444444443,2.7340030007118887,2.6358225868338154
6.1000000000000085,62.374044573591775,202.41223010981042,64.2006985719788,204.45371321538846,61.39544073818618,200.28914659403497,19.50792472199145,8.66560274839353,11.368946,8.626944444444444,2.7394010477080344,2.337765831221762
6.200000000000003,62.68319294665483,203.21373044260577,64.51799678338534,205.2585372974645,61.779183026065795,201.3685145817584,19.63426191581779,8.636865212073912,11.542143,8.598888888888888,2.7473150880374617,2.054764100729341
6.300000000000011,63.012503170131794,204.0152307761921,64.83964855932841,206.0569420255171,62.171496904255434,202.46728376218653,19.663482763369462,8.578412582331307,11.791986,8.681944444444444,2.7398987388008718,1.761655896425891
6.400000000000006,63.335092776814065,204.80559916135996,65.16501153931317,206.84799923241604,62.566320712183895,203.57070537547543,19.713043612648274,8.528887146595958,11.64666,8.53,2.742261972823919,1.4546384945311945
6.5,63.64424114987711,205.60709949494625,65.49431190977363,207.63406953411248,62.96272169113956,204.67304343135746,19.84339151104053,8.516316021824531,11.782251,8.548055555555557,2.744334046048627,1.1562566767655529
6.6000000000000085,63.95338952294017,206.38633593011375,65.8222007037366,208.4215817937956,63.3656940137128,205.78496666414006,19.998090115725866,8.544722634206055,11.871607,8.46888888888889,2.7630926432358143,0.8408513576273474
6.700000000000003,64.25581727917869,207.16557236607218,66.1457844361617,209.2153168603799,63.76399018327345,206.87658091722707,20.09491998310297,8.598567429161715,11.368552,8.365,2.7880868613476184,0.5704471489736576
6.800000000000011,64.54480380182783,207.95594075044906,66.46312425806448,210.0158016465384,64.15429710538835,207.94404137469405,20.07400702358069,8.623608861340964,11.363024,8.383055555555554,2.8147789050037244,0.3906879510650794
6.900000000000006,64.84051094128658,208.73517718640753,66.77543856552091,210.81891981453487,64.54297790320865,209.00983433655873,19.998376594623426,8.610533402016776,11.326075,8.366944444444444,2.8435766652756445,0.404922781375735
7.0,65.1227768471261,209.5255455715754,67.09199037285732,211.61995614989544,64.92965020031566,210.07005737569636,20.07658533365878,8.616072744409097,11.244605,8.313055555555556,2.8747795707674104,0.5777464898511333
7.099000000000004,65.39160151936133,210.3047820067429,67.41363762109968,212.41038700695168,65.3116364678138,211.11316915727195,20.14890693134917,8.623851155085806,11.196886,8.301944444444445,2.919281146727299,0.8123325640459629
7.200000000000003,65.66714680837632,211.08401844191036,67.74218440286744,213.21651963232554,65.70062148890268,212.1724491612625,20.179288018435983,8.614147001870807,11.1485195,8.288055555555555,2.9754566617031535,1.0889453544901937
7.299000000000007,65.93597148061156,211.84099098024095,68.05604429563179,214.00838691858146,66.08105448916606,213.2073690401002,20.187229213476495,8.594221919787806,11.126793,8.098055555555556,3.031882895911847,1.3740589804793457
7.400000000000006,66.20479615283185,212.62022741540844,68.36470634226576,214.82066708833935,66.45714208500765,214.2268240387299,20.316276497673808,8.613262685334226,10.390333,8.233055555555556,3.083366144431886,1.6262936941258679
7.5,66.47362082506709,213.37719995215704,68.65539002700714,215.6345375469373,66.81576943939106,215.19409493176073,20.369848051518538,8.672413454437185,10.2419405,7.993888888888888,3.1393773056678795,1.848830181815762
7.6000000000000085,66.72900426366816,214.14530443890607,68.93465321118407,216.45483850534077,67.16611824459581,216.14127083283196,20.225749166043123,8.658356254894064,9.955961,8.128888888888888,3.1935614732928634,2.043269555884384
7.700000000000003,66.9843877022991,214.9022769764457,69.21593959523418,217.26880534050062,67.48558072157373,217.0119394019802,20.05987788435276,8.566147248895788,8.592589,7.991944444444444,3.2527342880626664,2.168379577537485
7.802000000000007,67.2330505241055,215.65924951319437,69.5133059514387,218.08758727131428,67.7790224354719,217.81828413465203,19.93189057207643,8.51494508617764,8.232503,7.971111111111111,3.331124296899374,2.226997041905069
7.900000000000006,67.4951545795311,216.41622205152495,69.80055334111431,218.87176737751912,68.04587484211191,218.55489138361193,19.895112411206984,8.528837892447838,7.7563586,7.995,3.3681695767762605,2.2084382082427463
8.0,67.74381740135242,217.16206263985515,70.0863700546528,219.67656082099947,68.31519514963115,219.30109265242376,19.79828254382988,8.552147538719666,8.109961,7.92,3.4366050160678596,2.2140284383668947
8.100000000000009,68.00592145676312,217.90790322739437,70.37027819695848,220.48214993568695,68.59752053044306,220.08600707310381,19.76877521738064,8.530962514983509,8.572945,7.886111111111111,3.495272365647977,2.2570170195798784
8.200000000000003,68.26130489537913,218.65374381572457,70.65676274005881,221.2839864256217,68.88712766620134,220.89102951790412,19.803725642883617,8.498635412297126,8.537678,7.8661111111111115,3.557582672624189,2.32316625613765
8.300000000000011,68.51668833399513,219.3773205064269,70.94673305116599,222.08249593764663,69.17986900524845,221.7037196291901,19.8154712776838,8.492039367206958,8.738464,7.731944444444444,3.6363568913302178,2.419078643020371
8.400000000000006,68.7720717725962,220.1120291455477,71.24115000766042,222.87779636077502,69.46857899386916,222.50481679415003,19.82234677122537,8.468983200316282,8.292215,7.771944444444444,3.7075349788901732,2.4920985214451834
8.5,69.03417582803674,220.84673778466848,71.53802028204622,223.66859518413688,69.74883141619944,223.2811395004122,19.87706424066036,8.42476045033641,8.214977,7.763888888888888,3.7725477111374746,2.5371330913667363
8.600000000000009,69.28283864984313,221.57031447457987,71.83274031287581,224.4564383760497,70.0279379091861,224.0510989302545,19.973894108037477,8.398580288340773,8.164747,7.656944444444445,3.851195874760499,2.5902633884974597
8.700000000000003,69.54494270526877,222.2938911644912,72.1237987931082,225.24586869789178,70.30298505993093,224.80610419647434,20.06069721399979,8.428994234826137,7.906149,7.723888888888889,3.9197793406629615,2.624088895126763
8.800000000000011,69.80032614388476,223.00633590677512,72.41279209335855,226.03942532370758,70.56809096728216,225.53208282318926,20.06069721399979,8.461855334128035,7.551226,7.630000000000001,4.00307503655223,2.6398599034460055
8.900000000000006,70.05570958250077,223.71878064747708,72.70156494229471,226.83417749445186,70.81184641532552,226.20042160254243,20.011995801413676,8.449937680144942,6.676824,7.506944444444444,4.0873277454947,2.5942792331998406
9.0,70.31109302110185,224.431225388179,72.99041343829066,227.62436772827982,71.03572548279112,226.81616139510749,19.948683965051725,8.37664143753609,6.4267244,7.556111111111111,4.168322912408459,2.492591414908956
9.100000000000009,70.55975584292317,225.12140623125313,73.28070236958854,228.40710375698404,71.25443760580553,227.41981363042632,19.88365325530437,8.320118164717938,6.4143214,7.458888888888889,4.266070584456682,2.401095442554378
9.200000000000003,70.81513928152425,225.82271902274564,73.57603907293067,229.18487134725132,71.47014184995595,228.01738246028006,19.811747052015455,8.319064342779246,6.29185,7.448055555555555,4.350475366137233,2.2903222412364816
9.300000000000011,71.06380210334557,226.51289986581972,73.87555955360314,229.9582082528618,71.68678307295798,228.6206174310546,19.700020281964935,8.26729286654016,6.5272956,7.323888888888889,4.4470360737126295,2.1978577349998947
9.400000000000006,71.31918554196157,227.19194875968438,74.17799888723812,230.7254858676399,71.89896186602263,229.21724189050332,19.446199978721996,8.227445600182365,6.137341,7.303055555555556,4.545184070687331,2.1066449277664536
9.5,71.56112774697327,227.89326155196792,74.47642040591195,231.49280486010514,72.0962997602345,229.7799518386436,19.197249816737667,8.239169580662,5.7888722,7.346111111111111,4.632023673775553,1.9611245043633547
9.600999999999999,71.80306995197006,228.55004654741376,74.76849784464072,232.27229648382362,72.29335610711708,230.3449445503287,19.256565272478586,8.244502194408453,6.060062,7.1,4.759086800609168,1.8606556249873094
9.700000000000003,72.05173277379137,229.21796349206903,75.0474261864879,233.04022047035838,72.49361678404469,230.91597978689612,19.393550886927443,8.261022270671111,6.1648498,7.09111111111111,4.856318300004125,1.7545714052200483
9.800000000000011,72.29367497878816,229.8970123859337,75.3237699005569,233.82010847358043,72.69762905537482,231.4947029024554,19.44397117289896,8.287035338715963,6.107746,7.123055555555555,4.9570311828591365,1.647966590248232
9.900000000000006,72.54233780059455,230.5426654329611,75.59753581485423,234.60285051755778,72.90072654188727,232.06846203318054,19.541946955866322,8.29771116762026,6.0651484,7.0,5.081273248657046,1.5673218415904917
10.0,72.78428000560626,231.19945042840695,75.86833137205984,235.38807455111365,73.10052252549015,232.62994520216643,19.634479639779943,8.314482593096592,5.8542814,6.958888888888889,5.201532934841867,1.4650340027233797
10.100000000000009,73.02622221061796,231.83397152543392,76.14230075962867,236.17231832501196,73.29771378879735,233.18202777532554,19.676592037722063,8.300324024800645,5.8705573,6.895,5.341460331876822,1.3751230235488665
10.200000000000003,73.26816441561475,232.49075652167073,76.42217667632832,236.95420829722934,73.49911949115909,233.74341739450918,19.793761906826308,8.30910630291765,6.0579453,6.965,5.465363216975505,1.2737737276534142
10.300000000000011,73.50338600381684,233.12527761869777,76.70290859221404,237.73737531196858,73.70378787458112,234.30983244228017,19.940725581277377,8.33013747208939,5.987232,6.77,5.613233464406934,1.2013871315600815
10.400000000000006,73.738607592004,233.75979871651575,76.98275075743047,238.52072558093369,73.91535562213181,234.89250713459904,19.969946428829047,8.306564356668934,6.4106827,6.771111111111111,5.761153485728329,1.1464153813303564
10.501000000000005,73.9671085633965,234.39431981433373,77.26146259153955,239.3117423816026,74.13548745693264,235.49903498176272,19.925387501101724,8.301114714971305,6.3663387,6.721111111111111,5.9189368274908745,1.1174735133040612
10.599000000000004,74.19560953480389,235.01770896215132,77.52761379706769,240.0815087249872,74.34593360370422,236.0803837575719,19.874291124931958,8.320954938344784,6.2513547,6.693888888888889,6.06170936632901,1.073254418352385
10.700000000000003,74.42411050619637,235.64109811075988,77.79754526211524,240.87558224087715,74.56109685580215,236.67632252805348,19.830021540891174,8.287017342917993,6.2950134,6.656111111111111,6.227349850529588,1.044248463795457
10.800000000000011,74.65261147758886,236.26448725936848,78.05944443443879,241.660022037659,74.77468479372463,237.26828273179547,19.85036154261832,8.253128729946622,6.291276,6.603055555555556,6.381089745460507,1.0111910032122027
10.900000000000006,74.88783306577604,236.8767444587676,78.31708641826492,242.44281815091887,74.9911679309998,237.86863875457468,19.807962665778643,8.228999575619238,6.472616,6.593055555555555,6.537656682788923,0.9972624471148097
11.0,75.10961342037383,237.47786970974832,78.57384756256403,243.2212081066684,75.21284437762051,238.48451053578708,19.78389843838315,8.163942374053388,6.618427,6.493055555555555,6.707224025888261,1.0119201466430374
11.100000000000009,75.3313937749567,238.10125885756588,78.83173715488677,243.99255468532075,75.43506123782173,239.10332351074013,19.722305475406582,8.102392842026708,6.5316296,6.5038888888888895,6.852719920406953,1.0074127813354818
11.200000000000003,75.56661536315879,238.69125215854623,79.08757194657719,244.75565195930827,75.65740579206239,239.7261307227288,19.57304996977501,7.994429541558669,6.694506,6.436111111111112,7.01242327628616,1.038853475994133
11.299000000000007,75.7951163345662,239.30350935794536,79.33562447801815,245.49669065765144,75.87988965301652,240.35417024472494,19.441169409280768,7.792495367278787,6.7657604,6.491944444444444,7.133771269453392,1.054075336268493
11.400000000000006,76.01689668914906,239.88237071050722,79.58175526704898,246.23110879729154,76.10183594485339,240.9847038307139,19.34047780636448,7.545418212453053,6.4709873,6.23,7.281118868347944,1.1056007349238692
11.5,76.23867704373193,240.48349596069698,79.81832018877647,246.93404731666678,76.30842916308983,241.57325821763934,19.343629074237697,7.288142217056866,6.0042205,6.383055555555555,7.377225619558352,1.0919922778165623
11.600000000000009,76.46717801512442,241.06235731325884,80.04751716781844,247.6086092529835,76.49863674037582,242.11393738872243,19.423270207760886,6.9605995400896346,5.458991,6.283055555555555,7.461383444553882,1.0520505246928276
11.700000000000003,76.68895836972222,241.65235061344816,80.26676166845209,248.2508097800595,76.67562550001338,242.6158968384685,19.421551334375494,6.611279039602659,5.185976,6.2411111111111115,7.506020238304698,0.9636384660055947
11.800000000000011,76.90401810748055,242.23121196601008,80.47330690086028,248.86264881581113,76.8465507203755,243.10232878226992,19.299224845115052,6.304015336904306,5.125799,6.148888888888888,7.530987795996309,0.8730103138860192
11.900000000000006,77.11907784526873,242.79894136857155,80.66614262479983,249.44745091960687,77.00440923865047,243.554154046269,19.211275823562477,6.011583543919487,4.4463587,6.138888888888889,7.535538985394332,0.7638684951604675
12.0,77.3274169662473,243.366670771924,80.84590526894307,250.00687071817399,77.15534031861998,243.98804749011975,19.15140173397131,5.740348676420881,4.7415414,6.041944444444445,7.5147864415687415,0.6447630561488406
12.100000000000009,77.54247670403548,243.92326822606702,81.01360002888222,250.54553105147477,77.30983940117815,244.43280548536504,19.16085553759097,5.543018177310569,4.675032,5.94388888888889,7.476835029949001,0.5601324247833395
12.200000000000003,77.75081582501407,244.46873373100067,81.17231327766434,251.06844621479402,77.45801331636127,244.8578989980817,19.277452448900085,5.386408868960119,4.3285275,5.896944444444444,7.433898686909187,0.48701428539174213
12.300000000000011,77.96587556278732,245.01419923593429,81.32751009725185,251.577533189559,77.60337980776251,245.27217955534752,19.391757529028695,5.2579881881978885,4.4523606,5.798055555555556,7.374139904430051,0.4449236087415027
12.400000000000006,78.16077345016159,245.52626889323963,81.48380954863043,252.0778348600665,77.75174455179167,245.6922411172343,19.514370497186682,5.2250579484196225,4.4575,5.531944444444444,7.346127247020104,0.4414197762214962
12.5,78.36239195433055,246.0272066021266,81.64226845761156,252.57755627743535,77.90272437522648,246.11574396662851,19.726364881385074,5.259802375412014,4.5347247,5.423055555555555,7.3256174310151065,0.4681165967922267
12.600000000000009,78.55056922488028,246.4724845657574,81.8003593418334,253.08018593198963,78.05386052448188,246.5357236299777,19.859864047650568,5.278340992816906,4.392208,4.978888888888888,7.363616852441016,0.5007181964887287
12.700000000000003,78.70514341141183,246.9066305801788,81.95694820611102,253.5839788231251,78.20259757476929,246.94718551785314,19.888511937407106,5.2730100672680615,4.3581886,4.641111111111111,7.427059578353108,0.5041795522395954
12.800000000000011,78.85299698114865,247.307380746181,82.11421647343042,254.0883815908231,78.34810434479965,247.34840998091832,19.98047166352561,5.29403758319557,4.177698,4.321111111111111,7.524461776889795,0.506556978377134
12.900000000000006,78.98068870045665,247.65247116771806,82.2752406096739,254.59591964850802,78.48971394236287,247.73641935792017,20.12170576002535,5.355408009234723,4.083169,3.766111111111111,7.685411445583855,0.49809990134857446
13.0,79.10165980295506,247.96416574162686,82.44181520958001,255.1103350278687,78.62982514233543,248.11754516651447,20.248329432749255,5.4588846489563885,4.0381174,3.416944444444444,7.888242745252722,0.496138282075561
13.100000000000009,79.1890278214203,248.24246446869836,82.61371156244016,255.63454462159442,78.77000580030536,248.49731227900378,20.272107181247186,5.574599150700388,4.0581455,2.955,8.14685876352632,0.4904353786144692
13.200000000000003,79.28311645669517,248.45397150209533,82.78981774885371,256.1690262802052,78.90913641086308,248.8746127902501,20.210514218270625,5.680338787082232,3.9845667,2.49,8.474610562241896,0.5628500404024783
13.300000000000011,79.36376385838066,248.66547853391035,82.97057488952026,256.712370683813,79.04437902699317,249.24227597573528,20.180433934026254,5.772143017770263,3.850401,2.263888888888889,8.818251475576954,0.6593193152154803
13.400000000000006,79.430970026432,248.83245777046966,83.15757964529084,257.26324630948886,79.17532632939134,249.598699517951,20.165250552455287,5.862960552021178,3.7439375,1.9369444444444444,9.21769030945544,0.8077624127302933
13.5,79.47801434406944,248.98830505702855,83.35129793963014,257.8212733970726,79.30246111809724,249.94530129050645,20.120559844435085,5.951010466567921,3.6397219,1.6380555555555556,9.644877163959135,0.9729649151126273
13.600000000000009,79.52505866170686,249.133020395169,83.55022380730648,258.3869391371236,79.4231556273717,250.27482430743402,20.111678998610557,6.041477799491294,3.3788986,1.5130555555555556,10.091430351146867,1.1463421838484282
13.700000000000003,79.5721029793443,249.24433988568123,83.75355602215663,258.96097821709225,79.53585618142644,250.58257324042893,20.114830266483775,6.138270787951334,3.1758194,1.3219444444444446,10.578166665953532,1.338724147133599
13.800000000000011,79.61242668018706,249.36679132540286,83.96228153980714,259.543334511657,79.64064974490805,250.86916309981729,20.053237303507206,6.234394047584946,2.927146,1.2219444444444445,11.067215933623785,1.502636845661453
13.900000000000006,79.65947099783942,249.46697886749664,84.17628343799123,260.1333403158052,79.7385221264976,251.13789254409127,19.96843954982785,6.317970680005653,2.7928038,1.1149999999999998,11.583300961533936,1.6727825906474334
14.0,79.6930740818576,249.556034460381,84.39466400395817,260.7302239514217,79.83077750371916,251.39232849149974,19.889084895202235,6.393610382434172,2.6200972,0.9749999999999999,12.12301359305028,1.841449972471339
14.100000000000009,79.71995654908115,249.64509005247442,84.61682344467913,261.3341189650611,79.91814842049219,251.6342881689045,19.818611086401138,6.475641949362726,2.5249271,0.9038888888888889,12.673306684227736,1.9990470640538764
14.200000000000003,79.75355963309936,249.72301369694034,84.84267792121645,261.945351470188,80.0000965545543,251.862036415032,19.75816403901484,6.556867186279987,2.3159313,0.8711111111111112,13.239511531540872,2.153183374019209
14.300000000000011,79.77372148352818,249.80093733982426,85.07246915157647,262.56388011678354,80.07665082364854,252.0753343355182,19.72808375477047,6.639830120713261,2.216466,0.83,13.81916912037711,2.294482050295305
14.400000000000006,79.80732456754639,249.87886098349924,85.30690679198926,263.19045376774545,80.15109706000494,252.28300710818368,19.715192204380028,6.740101802398811,2.1957998,0.7980555555555556,14.402913146200804,2.428600031995059
14.5,79.82748641796032,249.9567846271742,85.5465136871516,263.8258625119816,80.2235621712706,252.48538434502584,19.685971356828357,6.841596942529884,2.1033974,0.7561111111111111,15.001953015544593,2.559432072839548
14.600000000000009,79.85436888518383,250.0235763216397,85.79110462080209,264.4696366471486,80.29360618170593,252.68090962267053,19.733240374926655,6.931865965780669,2.050459,0.7469444444444444,15.618370277426816,2.693389996904172
14.699000000000012,79.87453073561267,250.09036801610523,86.03785274593184,265.1148010088389,80.36164165673554,252.87020453715095,19.805845586725635,7.022482008554902,2.0131817,0.6288888888888888,16.23946196633465,2.8221920794334268
14.800000000000011,79.9014132028362,250.14602776057035,86.29481120168163,265.7817681164749,80.43001834662222,253.06031863597167,19.757235847386735,7.131072754715518,1.9875412,0.6561111111111111,16.89236260707491,2.9618431262449465
14.90100000000001,79.92157505325012,250.20168750661745,86.55810795039076,266.45891271579853,80.49736831078991,253.24780573489537,19.76186534637139,7.255733492252982,1.9573507,0.5611111111111111,17.559639529240428,3.1000603439409513
14.99900000000001,79.92829567005971,250.26847920108295,86.81934245832451,267.1260763580492,80.56245211269773,253.42863329436366,19.827841436480703,7.366414970986407,1.9647627,0.5369444444444444,18.211675039507245,3.2231550206308923
15.099000000000004,79.94845752045872,250.31300699712966,87.0908390119315,267.8170564637244,80.62874265725105,253.61213075114014,19.89831524528179,7.481668422846817,1.9373274,0.5161111111111111,18.90516757658413,3.368531640287318
15.200000000000003,79.96189875407792,250.36866674396768,87.37061102168559,268.52604520876463,80.69521170196741,253.79533288356606,19.98540769493065,7.611261836567719,1.921833,0.4880555555555555,19.610696320581592,3.50425294632286
15.300000000000011,79.97533998769714,250.3909306408046,87.65474502095475,269.2392685070713,80.76102267582336,253.97607357243672,20.029525445155727,7.743506826314322,1.9251547,0.2880555555555555,20.35271731208796,3.6702243973159034
15.400000000000006,79.98206060449183,250.43545843764227,87.94625342549074,269.96323906707187,80.82700876966472,254.15688055741353,20.069918969712447,7.865618467819134,1.9242783,0.43,21.089395050621444,3.8161394098423407
15.5,79.99550183811107,250.46885428447953,88.24403000467733,270.697287385704,80.89303745361416,254.33746080482234,20.09971277505925,7.977342247949661,1.9211874,0.36194444444444446,21.84554239760025,3.971358280278348
15.600000000000009,80.00222245492067,250.49111818289836,88.54709987168785,271.4406336406142,80.95863458912132,254.51672170543614,20.09856685946899,8.077754482046595,1.896532,0.24388888888888888,22.625143711823174,4.13765729502998
15.700000000000003,80.01566368852498,250.52451403052663,88.85479321836462,272.192494261178,81.02378624286126,254.69471013100443,20.111171930961866,8.169950907943402,1.8942261,0.2938888888888889,23.40152939705399,4.290320104724323
15.800000000000011,80.01566368852498,250.55790987815487,89.16686396935417,272.9532089008908,81.0882098570415,254.87055405763306,20.131511932689012,8.274804596839658,1.8512506,0.2838888888888889,24.192847804622016,4.444013400338318
15.900000000000006,80.02238430533457,250.58017377578273,89.48322821730947,273.7233126538888,81.15192872741406,255.04435356736786,20.13666855284519,8.376275463711707,1.8509846,0.24805555555555556,25.002248792019838,4.604863929916716
16.0,80.03582553893888,250.60243767341058,89.80412201816506,274.5016736341122,81.21481278791428,255.21579853764752,20.148414187645372,8.462006671499188,1.8012905,0.2361111111111111,25.818464238047852,4.7616288596361205
16.10000000000001,80.0425461557485,250.62470157182943,90.1304232797149,275.2869410001621,81.27677871929856,255.38473434732597,20.13781446843545,8.54528149308894,1.7975473,0.23888888888888887,26.64566228279286,4.9174426325813565
16.199000000000012,80.05598738936771,250.64696547024826,90.45904489378194,276.0706422614745,81.33765743090208,255.55083962074477,20.118528709051347,8.622648728393619,1.7763939,0.24888888888888885,27.4697460313139,5.068595444427829
16.30000000000001,80.06942862295709,250.68036131708553,90.79849725424344,276.8773597196826,81.39908186345478,255.71862491748044,20.095670557814604,8.70856421166901,1.7617311,0.2569444444444445,28.30893214164968,5.210765572066193
16.400000000000006,80.07614923978164,250.70262521550436,91.13768184968848,277.68539838339035,81.45982741650522,255.8847182373065,20.082492528526597,8.818249577793358,1.7753305,0.24611111111111109,29.1620910002973,5.363641802297338
16.5,80.08959047340086,250.7360210615507,91.4805143330808,278.5042158622842,81.5201892104221,256.0496602396326,20.118875348517403,8.935580733198746,1.7374697,0.285,30.01375999218538,5.5028514482233355
16.60000000000001,80.10303170700516,250.7694169099699,91.82796859032425,279.33350125601544,81.57921615748235,256.21053286274173,20.17989535369884,9.047065610043177,1.6897268,0.3661111111111111,30.87686932714877,5.63780660747944
16.700000000000003,80.11647294060946,250.79168080759774,92.18063256078344,280.1723776856589,81.63715515087543,256.3680394082606,20.212553948021295,9.152780086645626,1.6667738,0.32805555555555554,31.761128701315833,5.779986992010092
16.80000000000001,80.12991417422866,250.82507665522598,92.5381648238828,281.0206648409136,81.6947562206417,256.5243875028004,20.23661817541679,9.258308449875846,1.6656494,0.34388888888888886,32.64564641823284,5.910234747241542
16.900000000000006,80.13663479102337,250.8696044512727,92.90056429005736,281.87884055613455,81.75192369540608,256.6792985415749,20.275292826588117,9.37283896453386,1.6368074,0.4111111111111111,33.53342541500015,6.030066638729146
17.0,80.15007602467243,250.89186834969152,93.26873305779259,282.74778043885004,81.80842077766631,256.8320316067948,20.324567196969365,9.501537401290575,1.6201429,0.31499999999999995,34.45139035488741,6.167304665801952
17.099000000000004,80.1702378750565,250.9252641965288,93.6398070615978,283.61930100323616,81.86358055876572,256.98079282025975,20.364840400389113,9.634425688509353,1.5850782,0.3769444444444444,35.359996278129884,6.287832405312388
17.199000000000012,80.19039972548534,250.96979199336647,94.02108452847942,284.5104095790675,81.91928365133772,257.1306888379962,20.406093361638536,9.750594191582966,1.6131496,0.4488888888888889,36.280309675497676,6.398881899147658
17.30000000000001,80.20384095908963,250.99205589099432,94.4119947759338,285.42124330369313,81.97652928599325,257.2843489191801,20.45904325627555,9.876645139649481,1.6339216,0.31499999999999995,37.24567868601459,6.537229952884918
17.399,80.21056157588433,251.03658368783198,94.80062917410419,286.3259806619691,82.03331310326561,257.4364392104544,20.487688281243113,10.015794813707373,1.6457729,0.3788888888888889,38.18653704277022,6.654365021623899
17.49900000000001,80.22400280950355,251.06997953546025,95.19853364459284,287.2526364418755,82.090946592473,257.5904942741164,20.53495729934141,10.15367624011742,1.6438828,0.39888888888888885,39.15892279594013,6.782521031725618
17.60000000000001,80.23744404310784,251.11450733150693,95.60839703935285,288.2048781604124,82.15005853729951,257.7475677259572,20.70914219863913,10.37509686798211,1.679451,0.4361111111111111,40.14924413035066,6.9033024270863885
17.700000000000003,80.25088527672706,251.14790317913517,96.02570798715469,289.17049160582394,82.21097494676268,257.9081384209747,20.838917139236255,10.663516232639578,1.7553005,0.38611111111111107,41.16506118312944,7.038659818430594
17.80000000000001,80.26432651033136,251.19243097439093,96.45394153820197,290.159358848766,82.27481598208742,258.07578446706196,20.855246436397486,10.888675665335672,1.8325052,0.4911111111111111,42.19626882459397,7.170956925062964
17.900000000000006,80.28448836076021,251.24809072043797,96.89053133004347,291.1671742611614,82.34023164768684,258.24724440976814,20.91053686362761,11.077685489462164,1.8377934,0.5711111111111111,43.23533154526444,7.294808621794546
18.0,80.3046502111592,251.2814865672753,97.33627227200763,292.19295978386907,82.40632923753596,258.4201865488456,20.922568977325355,11.291245039883961,1.8650637,0.47805555555555557,44.315062797830365,7.441645796245877
18.099000000000004,80.32481206158802,251.34827826174077,97.78656385518798,293.22340959509563,82.47204123777826,258.59203686022107,20.92909210182292,11.42673590071355,1.8518114,0.6430555555555555,45.37002754999174,7.5553048759226025
18.200000000000003,80.35169452881155,251.40393800778787,98.25225567729859,294.2843824668541,82.53876845141002,258.76612868095094,21.01358045829291,11.517368636957485,1.8401031,0.6769444444444443,46.46679036083498,7.680178634050094
18.299000000000007,80.37185637924037,251.4707297014624,98.71574422473394,295.3357673075056,82.60437440683582,258.93681188411887,21.037120429305862,11.695031136708712,1.8539896,0.6480555555555556,47.54618539344276,7.792722239482104
18.400000000000006,80.39873884644898,251.54865334592833,99.19850818308741,296.4273608050611,82.67223641060289,259.11363257425677,20.956393540760907,11.9402524391598,1.8964252,0.8530555555555556,48.65726780567554,7.899221600844892
18.5,80.42562131367251,251.62657698881233,99.68847261802276,297.5310382132768,82.74028551049156,259.29235251695377,20.734945352942855,12.210694684173239,1.9283171,0.8211111111111112,49.782296056749644,8.00760793195372
18.60000000000001,80.45922439769072,251.7267645309061,100.18589345537241,298.65049830523856,82.81116815608686,259.4814843771005,20.371403631932317,12.289257567228981,2.111268,1.0538888888888889,50.90165285563646,8.103537458148754
18.700000000000003,80.49954809853347,251.83808402141833,100.683331599891,299.7733545588585,82.886380494971,259.68504532683744,20.19034896867099,12.2729175331037,2.2289658,1.1830555555555555,52.011299521616,8.201937003990494
18.80000000000001,80.5465924161709,251.96053546113995,101.18104871024087,300.90033274694025,82.96582496156799,259.90135715893393,20.14451234506052,12.366912035115703,2.379819,1.301111111111111,53.112000008727875,8.301164698092922
18.900000000000006,80.6003573505881,252.11638274848983,101.68200347685578,302.0359304324276,83.05042522193216,260.13289004597743,20.004137685253475,12.456769736417952,2.5502834,1.545,54.18853240642448,8.38255461210152
19.0,80.6608429018746,252.28336198425816,102.18917973632703,303.1774539620717,83.14031504885385,260.38035253090493,19.925069509525425,12.5257208147227,2.715375,1.7388888888888887,55.26009306094032,8.468118919815248
19.10000000000001,80.72804906992593,252.46147317002686,102.70400094673771,304.32187994913687,83.23482545273038,260.641582440027,19.85574161631459,12.572168851755999,2.840642,1.9069444444444446,56.324455187659886,8.555589722662488
19.200000000000003,80.79525523799221,252.67298020263286,103.22600257964571,305.4685562515099,83.33319729839263,260.9141346404454,19.836547530177707,12.625922942933512,2.954588,2.1438888888888887,57.36297827552064,8.623095521321048
19.30000000000001,80.88262325645746,252.88448723444787,103.7520907514015,306.61850326946336,83.43465884515722,261.1959398242324,19.766360200274175,12.665554109003539,3.0356922,2.2888888888888888,58.39826215525255,8.69443096460179
19.400000000000006,80.95655004131842,253.1182581654727,104.27717075762747,307.77090246648214,83.5387156054324,261.48707257326834,19.572986944417533,12.662181299622693,3.1477165,2.4219444444444442,59.42022281754422,8.758118153611765
19.503,81.04391805979861,253.37429299412543,104.81387938063953,308.95689028052124,83.6484556703572,261.7972455398896,19.39741835204458,12.615063010164139,3.2409105,2.641944444444444,60.4519328251457,8.816447456487769
19.60000000000001,81.13800669507347,253.6303278227781,105.31711317763832,310.07021161394186,83.75210605413099,262.092923293638,19.238468400519373,12.576137395373971,3.2192793,2.763888888888889,61.40105595716803,8.857146129676524
19.700000000000003,81.23209533034834,253.90862655064055,105.8381470744995,311.2141377188981,83.858572195862,262.3983848710383,19.192918255806475,12.563866960250794,3.2503986,2.9188888888888886,62.36488910189077,8.886752897647197
19.80000000000001,81.33290458244774,254.19805722533957,106.36535716116795,312.35473605516916,83.96938585837185,262.7159662365233,19.275137699407754,12.567270749819311,3.4767895,3.0638888888888887,63.31526652097285,8.916602909242018
19.900000000000006,81.43371383453221,254.50975180003934,106.89978536520755,313.4934770275542,84.08627856576601,263.04927070507125,19.375691792453207,12.591048253912197,3.58737,3.1819444444444445,64.24640566537903,8.942006641844035
20.0,81.54124370341138,254.8214463747391,107.43946316923282,314.6338896074982,84.2084129107521,263.396412358052,19.390588695126606,12.642218874479916,3.7726336,3.303055555555555,65.17857114859055,8.980191155847368
20.099000000000004,81.66221480593963,255.13314094943888,107.97780062504994,315.7650005432469,84.33343855548227,263.7519058895016,19.362794512484808,12.664564462133049,3.8402605,3.3830555555555555,66.09638760784291,9.023222562487016
20.200000000000003,81.77646529161349,255.4670994209755,108.5273285098373,316.9192704386916,84.46290840372632,264.12029191648384,19.365398605663678,12.65040667481736,3.8919172,3.48,67.02222023859512,9.060613497933803
20.30000000000001,81.88399516052249,255.80105789330318,109.07218108010791,318.0600130023144,84.5935516854006,264.4916687228446,19.39605184770318,12.633320433267148,3.9817963,3.5588888888888888,67.93655087553252,9.103208948060706
20.400000000000006,82.01168687981558,256.1461483148402,109.62265660775896,319.1934373765292,84.72571630198415,264.8662149911298,19.476552417919056,12.567483469277546,3.9618168,3.63,68.82823771785509,9.132662182700786
20.498999999999995,82.12593736551928,256.49123873716826,110.17452196630123,320.30596460039226,84.85343007834486,265.2274260122198,19.467476766444186,12.52127549434818,3.7780676,3.665,69.7068313374353,9.152059036265486
20.599999999999994,82.24690846801766,256.8585930563331,110.74255546150083,321.4346417918593,84.9674088678223,265.55125804009094,19.29415989820609,12.499669631164789,3.0200596,3.758055555555556,70.58376561129519,9.108432738138134
20.700000000000017,82.36115895370645,257.2036834778702,111.30418568228055,322.54910647336646,85.07124341891534,265.8487188703814,19.195038199648433,12.45999117422157,3.2811985,3.7180555555555554,71.46833636423398,9.059867258759255
20.80000000000001,82.48885067301447,257.5487738994072,111.86128756638769,323.6602804434019,85.18048039283887,266.16257154276866,19.186157353823905,12.400191959513405,3.3651905,3.6830555555555557,72.34273527156579,9.024543223311722
20.900000000000006,82.61654239232244,257.90499626936275,112.41480265687456,324.76527568191847,85.2932835338914,266.4860870183025,19.257777078215256,12.3173658199903,3.4871626,3.743888888888889,73.19995408413182,8.98888544706779
21.0,82.72407226123147,258.2612186401092,112.96781365949437,325.86235827892875,85.41297369980687,266.82868046897426,19.25749059931769,12.25429637377801,3.7708263,3.69,74.0580716345773,8.979509626668541
21.099999999999994,82.83832274692024,258.61744101085566,113.52141683484206,326.9514618186846,85.53749816747967,267.18619443733223,19.150061012730667,12.180322838440624,3.8007708,3.7569444444444446,74.90654619306021,8.983823419608504
21.200000000000017,82.95257323257918,258.96253143239267,114.07741284263058,328.0310443637688,85.66900187488159,267.5649322979685,19.145763829267185,12.10671937793716,4.217598,3.721944444444444,75.75760766618158,9.02110221762177
21.30000000000001,83.06010310150312,259.341017700767,114.6378304897737,329.10126615477145,85.81214857455947,267.9765059793255,19.207929750038875,12.054869518789786,4.4975367,3.8438888888888885,76.57444176337405,9.063410621553645
21.400000000000006,83.16763297039721,259.7083720207229,115.20148978253613,330.16500119626664,85.96430807475632,268.4127421555935,19.248609753493163,12.022082521571006,4.7426915,3.833055555555555,77.39705793530335,9.142617299448188
21.5,83.2751628392913,260.07572633988775,115.76534299100277,331.22553629908685,86.12446303736206,268.87178033647024,19.21910242704393,12.000119435896753,4.980799,3.8780555555555556,78.2170522553798,9.246030366028485
21.599999999999994,83.36925147456616,260.4430806598437,116.32736721578445,332.2855662909393,86.29162952405821,269.35049492686005,19.2781170799424,11.996009165491948,5.1604505,3.8119444444444444,79.04163545161322,9.374557183590028
21.699000000000012,83.46334010984104,260.83269887821837,116.88328370510041,333.3359281389072,86.46100650500168,269.83274753730524,19.42644725873487,12.012144730428972,5.1654615,3.908055555555556,79.83489765220673,9.48614145385819
21.80000000000001,83.55070812832122,261.2000531973833,117.45121931612755,334.410417420255,86.6356649967548,270.3242811852004,19.697272949337307,12.054214773356026,5.164122,3.8349999999999995,80.67838674911711,9.631640319995372
21.899,83.63807614678647,261.5674075173392,118.01175104934295,335.47223366060797,86.8103822328951,270.80622109026274,20.155593348818307,12.202090624987232,5.192175,3.796111111111111,81.50750182390223,9.76827528989629
22.0,83.71200293164743,261.934761837295,118.5934258934808,336.57371809358284,86.99331282444778,271.2995437255497,20.53405489081402,12.464005194817535,5.2266374,3.76,82.38742294106767,9.92301035105641
22.099999999999994,83.78592971652331,262.29098420645954,119.17804856910163,337.6826916218646,87.17751852334185,271.79062397220514,20.588199402453878,12.60874623570492,5.263198,3.6761111111111116,83.28572280940516,10.086923728940942
22.200000000000017,83.84641526777997,262.66947047562485,119.7678057378132,338.80343709364325,87.35663524354645,272.2703352400927,20.35500557983558,12.720161785135275,4.9780283,3.733888888888889,84.18270111070406,10.222438481295484
22.30000000000001,83.90690081902171,263.0256928463713,120.36241294510577,339.93299528467423,87.52596159230914,272.7297577358071,20.10490950226099,12.809894533747467,4.8146544,3.6430555555555557,85.11014941069986,10.356953039341619
22.400000000000006,83.95394513665914,263.3930471655362,120.95679154604197,341.07022611478436,87.68601434385734,273.1686764068889,19.959664701195337,12.85404404625988,4.529153,3.675,86.04042521925318,10.463807511212494
22.5,84.00098945429657,263.76040148549214,121.54704642472547,342.2190088213906,87.83857803808941,273.5889587905775,19.942189488443848,12.977170666254812,4.4131727,3.6430555555555557,86.97964968379324,10.551190683415989
22.599999999999994,84.04131315513932,264.11662385623856,122.12813212703286,343.3774540086894,87.98359440932906,273.98914415536626,19.89434751255043,12.943562759610396,4.0998316,3.59,87.9368237762398,10.630533314176871
22.700000000000017,84.08835747277675,264.4839781754035,122.69545001281983,344.53711030677783,88.12179931904795,274.37166525724234,19.83475990185681,12.876445352424412,4.0346146,3.6719444444444442,88.87638358100948,10.678717570739229
22.80000000000001,84.10851932319066,264.8402005461499,123.25533814982326,345.7005393133455,88.25367741577314,274.73756156429636,19.804966096510007,12.94641226251646,3.7441244,3.5730555555555554,89.83800871452365,10.7303350710044
22.900000000000006,84.13540179042911,265.2075548653149,123.81225263140463,346.87446105237416,88.37983930796784,275.0898063085156,19.606436220497187,13.040237285465626,3.7390194,3.721111111111111,90.79502221390203,10.755191463983033
23.0,84.16228425763772,265.57490918447974,124.36468802544633,348.0573325546425,88.50707264623551,275.44792429421904,19.513617057685998,13.070161358450791,3.8619518,3.693888888888889,91.75828809281856,10.786733217190212
23.099999999999994,84.17572549125694,265.9756593520639,124.91073843776793,349.2448643563819,88.63925513997901,275.8205812879849,19.545129736418193,13.07115251671103,4.046157,3.9299999999999997,92.69898479381295,10.809513626865927
23.200999999999993,84.20932857527515,266.39867341727586,125.45451213314792,350.44833616015734,88.78429832218642,276.2286848233739,19.583901790414696,13.079864930600623,4.530319,4.103055555555556,93.62430760179078,10.842484605899648
23.30000000000001,84.23621104251359,266.82168748248785,125.9776581521346,351.63150956427734,88.94633290250391,276.67926327980655,19.951465675147087,13.055163849624122,5.143021,4.271944444444444,94.52541630879007,10.925065150187534
23.400000000000006,84.26309350972218,267.27809739453716,126.49272904416443,352.83203609639315,89.1338222476131,277.18896750082575,20.414988531407896,13.072445956737853,5.7189393,4.4511111111111115,95.40869218668057,11.043067721509336
23.5,84.28325536013611,267.7456392557958,126.9952795148769,354.04206449132465,89.3379701030946,277.73584750074195,20.52356403358518,13.132700799614472,5.955895,4.636944444444444,96.28805749326537,11.196178004572438
23.599999999999994,84.32357906097884,268.2131811170545,127.48717474683843,355.2615078906478,89.55407462440787,278.31602679357786,20.34193641252872,13.165929588538603,6.426514,4.7461111111111105,97.16227244468215,11.376536142547861
23.700000000000017,84.35046152818745,268.702986876732,127.96890039915662,356.48657388418,89.78320275502459,278.9389952783263,20.054311599372983,13.161789857929286,6.84891,4.881944444444444,98.02309094001613,11.588379750218957
23.80000000000001,84.3907852290302,269.21505653403733,128.43835055062365,357.71569381629183,90.02627530203888,279.60764883416647,19.906202009331675,13.153078220200513,7.3803935,5.026111111111112,98.85621280488758,11.8222131210566
23.900000000000006,84.43782954666763,269.7271261921337,128.8888510361644,358.9532705941515,90.28753859059367,280.32693133139173,20.01477751150896,13.188616495771484,7.924852,5.153055555555555,99.68549621840397,12.106814811866535
23.998999999999995,84.47815324749546,270.25032779864847,129.31510845542613,360.1890904417359,90.56326661199374,281.0828188722171,20.06526082283793,13.22149745686042,8.32983,5.268055555555556,100.49544058357874,12.424631484182528
24.099999999999994,84.5319181819425,270.7957933035821,129.73638757860323,361.4587382257451,90.8568225246603,281.89168030734015,19.834075217291623,13.268184357932686,8.709482,5.446111111111112,101.30752013247977,12.771966306904234
24.200000000000017,84.59240373319916,271.3523907577251,130.14673756456904,362.7194642866563,91.15273032620642,282.71936516587886,19.514078288710987,13.248374079100282,8.870389,5.566944444444444,102.0937777538916,13.124252062595424
24.30000000000001,84.66633051807504,271.9089882110772,130.55000248411037,363.978974991398,91.44888876891923,283.5587413689527,19.355368979459758,13.201678300683751,8.931451,5.591944444444445,102.86979060353521,13.480350331705973
24.400000000000006,84.74697791973068,272.4767176144297,130.9481378570579,365.2332097256776,91.7516275225205,284.4246974267899,19.188351782179133,13.11652024374027,9.415565,5.623055555555555,103.62583658691733,13.849885835429527
24.5,84.84778717181516,273.04444701778215,131.34973675246266,366.4724976990887,92.05781448262701,285.3039973108741,19.20983769949654,12.938471038079095,9.20613,5.798888888888889,104.36106538795907,14.222554876375177
24.599999999999994,84.96203765751886,273.6344403187625,131.7588222968345,367.693048126029,92.35886367469925,286.1580684436159,19.63096167891767,12.80750604420764,8.905515,5.973888888888889,105.05694053807044,14.544906205887207
24.700000000000017,85.08972937682687,274.2355655681612,132.1772499816199,368.9010462930793,92.6588371745628,286.98807478223097,20.11425157911063,12.761069915912087,8.745644,6.108888888888889,105.72978689842634,14.829628589707898
24.80000000000001,85.21742109613486,274.83669081993287,132.59367107717728,370.10716544987173,92.96840477110062,287.8267691294185,20.398438645495503,12.759012080519001,9.1344595,6.0811111111111105,106.4000582635181,15.12679352725338
24.900000000000006,85.36527466584185,275.4600799677505,132.99601741919585,371.31850277212897,93.2889883436888,288.68127714114894,20.73075416667136,12.76961259830966,9.118921,6.343055555555556,107.03982846482504,15.413802034098442
25.00200000000001,85.52656946918299,276.0612052179402,133.3952520494948,372.5586481938266,93.6213704147304,289.5486688365598,21.203255271581913,12.776090880253346,9.094864,6.308888888888888,107.71799883426678,15.730145492385697
25.099999999999994,85.70802612293804,276.68459436654877,133.7779439060462,373.7453221549915,93.94319958817397,290.3769997956518,21.26193187938125,12.670129535598544,9.040937,6.481111111111111,108.31205784443837,15.978111541651467
25.200000000000017,85.92308586072622,277.30798351515733,134.17755159295834,374.93870789367196,94.2774660394853,291.2444973090546,20.893806496009613,12.500805216816726,9.552555,6.538055555555555,108.90478320889608,16.24875641083748
25.30000000000001,86.13142498170481,277.94250461218434,134.58725076527026,376.1107448522975,94.62086631421614,292.15121067162306,20.597014358131865,12.331248389131527,9.838775,6.67611111111111,109.47588978495592,16.551674900797277
25.400000000000006,86.35320533628766,278.5770257100023,134.99861902943962,377.2656094620605,94.96943392203325,293.0804708317503,20.525967591535647,12.187610603078618,10.010902,6.721111111111111,110.0264188109606,16.86977520423359
25.5,86.60186815809405,279.18928290940147,135.40340236047072,378.40962026661344,95.3257693949523,294.0347745067677,20.42684589297802,12.082674486234199,10.362328,6.631111111111111,110.57244270515459,17.21903230608294
25.601,86.85725159671007,279.7904081595912,135.80734523320564,379.55461463147833,95.69527286064412,295.0277619580086,20.395307431145042,11.96009436257039,10.618027,6.558055555555556,111.12609306543179,17.614981426044597
25.699000000000012,87.10591441853137,280.39153340978095,136.2007835693787,380.65397812745954,96.0618153291961,296.01529102892897,20.332419583551474,11.86951762345718,10.879117,6.5649999999999995,111.6371980914264,18.008608032369718
25.80000000000001,87.37473909076661,280.98152671155225,136.61019456547155,381.77821235540597,96.44634220834119,297.0552574998736,20.251982038693058,11.822847394250775,11.076911,6.495,112.17888354136672,18.456944616545265
25.900000000000006,87.6435637629869,281.582651960951,137.01631497839622,382.88353364948586,96.82396287818503,298.0839715577926,20.06032765622181,11.728538991388376,10.83978,6.51,112.69222330512979,18.88314794602423
26.0,87.91238843520722,282.17264526272226,137.42868134772135,383.97890745737106,97.19688413787446,299.1104053468575,19.874975809497,11.680547113221948,11.001829,6.526111111111111,113.20944433148445,19.315526840357496
26.099999999999994,88.18121310744245,282.76263856370264,137.8594037740346,385.06796097204284,97.56821672983968,300.1420695811434,19.715693542450637,11.743164376713219,10.927341,6.483888888888888,113.72907113390455,19.752479831577627
26.200000000000017,88.44331716285313,283.3526318646829,138.31057438372315,386.15503627900677,97.93269119736097,301.1692070755145,19.357308441596224,11.797159505360693,10.8705,6.483888888888888,114.25881889858046,20.186098479151713
26.30000000000001,88.71886245189799,283.9426251664542,138.77176080797872,387.23769367179017,98.29595393857294,302.20757163226506,19.20833941486222,11.738720991902847,11.1309805,6.535,114.78311640379084,20.62350481230283
26.400000000000006,88.9876871241183,284.54375041664395,139.23075490264156,388.3149593424523,98.66397715107938,303.2589567865358,19.375356612142845,11.68076445256018,11.147749,6.563055555555555,115.29453439656649,21.068686199037362
26.501000000000005,89.2497911795439,285.13374371762427,139.69106652833779,389.40346609552205,99.04075036402936,304.32705521213256,19.484728525655367,11.721919188336376,11.280067,6.486111111111112,115.82960443503517,21.546370642813244
26.602000000000004,89.5051746181599,285.734868967814,140.15568554679666,390.49558722189994,99.41802197570046,305.39312808569713,19.491962117818893,11.780066157251635,11.113208,6.476944444444444,116.36271888557746,22.016168928306612
26.700000000000017,89.78071990718983,286.32486226879433,140.61516060215354,391.55641704968014,99.78244601514942,306.4222308121436,19.5079648290369,11.813148581608731,11.166837,6.521111111111111,116.8666782379492,22.448580077720838
26.80000000000001,90.03610334580583,286.9148555705656,141.0933192476592,392.6388014981903,100.1579327943533,307.47598853457924,19.716807945362074,11.852972458086908,11.20636,6.455000000000001,117.40695055300507,22.91749593976908
26.900000000000006,90.29820740123147,287.5159808207553,141.58316391645548,393.72655076912514,100.53766333926431,308.5264878254658,20.031648253786443,12.006289942614963,11.134217,6.46,117.94418990999928,23.372801768335425
26.998999999999995,90.55359083983252,288.10597412173564,142.07817588145673,394.8166806281037,100.9168744265768,309.5649714672372,20.088371075504387,12.180683368936123,11.200207,6.451111111111111,118.49876685771792,23.830363274057056
27.099999999999994,90.81569489527307,288.69596742271597,142.58116505536555,395.9445848845374,101.31355923146484,310.6444639905628,20.262845318488647,12.274832956623833,11.5735,6.481111111111111,119.08790806949096,24.329851154700318
27.200000000000017,91.07107833388908,289.2970926729057,143.0599381589246,397.07654747183244,101.71364699357139,311.7247988716423,20.380588145388057,12.308137831329773,11.467291,6.451111111111111,119.66307877813057,24.824710935132753
27.30000000000001,91.32646177250507,289.89821792388636,143.51262824242917,398.22488708558257,102.10596394133651,312.78550132005125,20.21242503251717,12.3805558419704,11.15133,6.526944444444444,120.24168670845486,25.298723451277276
27.400000000000006,91.57512459431148,290.5104751232856,143.94745450276793,399.3913259087397,102.49398457069043,313.8376996329274,20.27229912210834,12.51702698674386,11.277951,6.588888888888889,120.82177207690893,25.75618190856333
27.5,91.82378741611787,291.11160037347526,144.3711248584652,400.57380430697947,102.88321103755594,314.89068274920754,20.300660532967314,12.605149638275224,11.174405,6.548055555555555,121.42156629800154,26.22509503262637
27.599999999999994,92.05900900431996,291.73498952129285,144.77624868762805,401.7715418870619,103.27381092238929,315.9583301899858,19.89643880850254,12.684563389414215,11.562837,6.645,122.01291003976584,26.693482635525214
27.700000000000017,92.30095120931675,292.36951061990186,145.17052765867422,402.98052382421497,103.67347738687711,317.0815572906006,19.29483312361504,12.748442321496725,12.281756,6.723888888888888,122.59685296131865,27.203301312783484
27.80000000000001,92.54289341432846,293.0040317169288,145.57127656137988,404.19501015068045,104.07919185666042,318.2588639230886,18.741928851313826,12.829577847206444,12.623594,6.801111111111111,123.18864843907295,27.764955096521163
27.899,92.77811500256038,293.6608167131657,145.9739662240792,405.4016557756147,104.48295674899161,319.46445592642993,18.2980727713709,12.868738837392812,13.061607,6.953055555555555,123.75707535960156,28.334274597337203
28.0,93.02005720752733,294.28420586098326,146.392154546323,406.6310744647175,104.89656552291329,320.7291795077117,17.924240728359848,12.846355153002229,13.287804,6.7861111111111105,124.38006134186706,28.989447751580123
28.099999999999994,93.25527879572942,294.9521228056385,146.8212497763611,407.84375988025675,105.30089388690777,321.9901513744765,17.631459295048014,12.881565292022808,13.196478,7.001111111111111,124.95533189298165,29.599862023565642
28.200000000000017,93.47705915031229,295.653435597922,147.2631124756052,409.052047752423,105.70294041503486,323.2618493202837,17.458998998713597,12.849507113864114,13.4783125,7.26,125.50770801380365,30.19431537498715
28.299000000000007,93.71228073852932,296.3324844917867,147.69320850626636,410.2437907799717,106.09901311084221,324.5234537085086,17.399156421801163,12.746747438081968,13.235143,7.246944444444444,126.05445752906293,30.792237402330244
28.400000000000006,93.96094356032077,297.0337972832792,148.1099501804762,411.4598309377044,106.50134141253085,325.80565143655343,17.442268631095782,12.709001032135633,13.375502,7.326111111111111,126.59159567614778,31.386002767300543
28.5,94.1894445317282,297.7351100755627,148.50993573792218,412.6634133827781,106.89101853580047,327.04850603701044,17.371794822294696,12.657117598315741,12.67473,7.381944444444444,127.11896265293191,31.94691166566096
28.599999999999994,94.43138673673988,298.4586867654741,148.91783598559297,413.8564505023653,107.26762079359686,328.2571495816168,17.241160445004876,12.560801563276929,12.644437,7.603888888888888,127.61432923940478,32.4456051102064
28.700000000000017,94.67332894173667,299.18226345538545,149.33286575750193,415.0376108097561,107.63948762706593,329.45042870109774,17.378097358041174,12.478293377969601,12.353181,7.683888888888888,128.10201589169418,32.928454236342226
28.80000000000001,94.90855052992384,299.9392359929251,149.7398814659351,416.21159220145637,108.01061450002017,330.6273280549657,17.62676104112794,12.372546316424533,12.327455,7.878055555555555,128.55246271658106,33.367994765714876
28.900000000000006,95.16393396853984,300.6962085304647,150.1387964120629,417.38018274773924,108.38631337517857,331.8009974194227,17.87370585082931,12.323529333176152,12.319302,7.966111111111111,128.9859889283401,33.79850897598517
29.0,95.41259679036116,301.47544496642314,150.52708696661372,418.54564606306917,108.76342330018626,332.9665764442683,17.983713747494424,12.245773693746415,12.182027,8.08388888888889,129.39489561878932,34.204326192024
29.099999999999994,95.67470084577185,302.2435494523812,150.90150640696908,419.706008853388,109.13989443418362,334.1265251255333,17.978843606235813,12.139884113249101,12.208229,8.155,129.79764797956648,34.60976128418417
29.200000000000017,95.92336366759316,303.03391783754904,151.26830200697185,420.85939369788366,109.51624786723647,335.2815307132823,18.117785871555068,12.066199385407753,12.087301,8.283888888888889,130.17643781231658,34.995357364200025
29.301000000000016,96.18546772300387,303.8354181711354,151.63621591959213,422.0136446244393,109.89462121007519,336.42896971816737,18.38542878160555,11.923295627650576,11.837807,8.428055555555556,130.54071657230094,35.359305589633806
29.400000000000006,96.45429239523911,304.6369185047217,151.9949688417041,423.1289044171708,110.25840271979021,337.52677954793216,18.28049156142735,11.744218904030486,11.526112,8.448055555555555,130.86297209526825,35.66926437837026
29.5,96.70295521704548,305.4606827367268,152.3544763646482,424.2439620313608,110.62020934533763,338.6250838008194,18.18595352523077,11.687382127887512,11.601164,8.526944444444444,131.173774993438,35.96619885964391
29.599999999999994,96.95833865566149,306.28444696873197,152.7108453495602,425.35637459363653,110.98241264633931,339.7154657802732,18.56868933237814,11.674658860684945,11.378295,8.588888888888889,131.47800557874206,36.2533814984703
29.700999999999993,97.22044271108713,307.0970792515277,153.0652643242739,426.47745240196855,111.34912474677215,340.8054409875873,18.621349883328612,11.607941173460423,11.394189,8.573888888888888,131.7965006915857,36.54960064069833
29.80000000000001,97.47582614970312,307.90971153353246,153.4030717618523,427.5745578394114,111.7035566201245,341.8653932778853,18.354469007145603,11.582929969014039,11.184473,8.55,132.0891072086237,36.815983445546216
29.900000000000006,97.73120958831912,308.71121186790975,153.74484599032925,428.68166503738405,112.05478580266224,342.93408660447375,18.033899120769927,11.590653971806027,11.314214,8.451944444444445,132.4025569868861,37.09946078857004
30.0,98.00003426053944,309.5127122014961,154.09950731540772,429.7815573524986,112.39978352918382,344.0139066670201,17.40421850392119,11.523085946347907,11.358004,8.399999999999999,132.70925359970087,37.38562823529556
30.101,98.25541769915543,310.31421253508233,154.46560303972853,430.87540336460285,112.73891736994362,345.1122775862753,16.914070298920628,11.31837208347632,11.405272,8.44111111111111,133.0209971029147,37.69187039695402
30.200000000000017,98.51080113777144,311.1268448178781,154.82450682119506,431.9305868891883,113.07164511706661,346.2033987692664,17.002274286692057,11.19781856487244,11.639682,8.468055555555555,133.2845735493455,37.9787152823003
30.30000000000001,98.76618457638745,311.9283451514644,155.18588178956702,432.98772486303784,113.4104621864199,347.3088992273697,17.077045278956625,11.146158765017656,11.485446,8.46111111111111,133.56105588747712,38.291493486644754
30.400000000000006,99.01484739819384,312.7298454858417,155.54778819874375,434.03824923342165,113.74956648527642,348.4162375082268,16.976491185911172,11.076180435974544,11.676513,8.399999999999999,133.83460768928325,38.608684543125634
30.50200000000001,99.27023083682475,313.531345818637,155.9121088192263,435.1053402749306,114.09645727689035,349.5529166596182,16.965679472317053,11.03323641901911,11.626093,8.401111111111112,134.12135724571297,38.9534408788739
30.599999999999994,99.51217304183648,314.3328461530143,156.2517218989198,436.1299537024792,114.42723201368106,350.63436492000034,17.048781270922813,10.996182141346372,11.453572,8.36611111111111,134.36484589326653,39.24613673883635
30.700000000000017,99.76755648043755,315.1232145381822,156.58926008232953,437.1754285074476,114.76045794782917,351.71454873258114,17.24272748457464,10.976181892373624,11.154747,8.308055555555555,134.63078747084785,39.54380902919069
30.80000000000001,100.00949868544926,315.91358292176807,156.9278988514564,438.21865131210564,115.09106423591518,352.7709974697317,17.51345004277394,10.960250486801266,10.984732,8.280000000000001,134.90083035853735,39.82364406497027
30.899,100.24472027365135,316.69281935772653,157.27241038305607,439.24627834976803,115.4199501797563,353.81002145790717,17.61498389364906,10.935726237802434,11.032113,8.161944444444446,135.1721411760881,40.09955479115442
31.0,100.48666247864813,317.4831877428944,157.62965249382077,440.2926847851556,115.75877858771634,354.88083094865834,17.50300788695767,10.959470765687435,11.208242,8.258055555555556,135.4529212370382,40.39580730465084
31.099000000000018,100.72188406685024,318.2735561264803,157.98323505394154,441.32280479376305,116.0911727293136,355.93852221084506,17.388995015304566,11.04282864238966,11.189575,8.16,135.72022662245172,40.680028320128706
31.200000000000017,100.95038503825764,319.06392451164817,158.34773811463475,442.3799244485269,116.4285978176247,357.0214157842461,17.225226488722324,11.099687771272304,11.270766,8.21888888888889,136.01945441960342,40.992026231362466
31.30000000000001,101.17888600963519,319.84316094681566,158.71331872851047,443.42650006253666,116.75584840539845,358.0901202865405,16.821864200950248,11.072234502968247,11.083095,8.116944444444444,136.31967083027337,41.297356528155525
31.400000000000006,101.41410759783729,320.6223973827741,159.0826247669145,444.4734661597662,117.07637754977377,359.16939530683555,16.26810049195634,11.13159661089149,11.434482,8.103055555555555,136.6189778533106,41.607424205361816
31.498999999999995,101.63588795242016,321.4016338179416,159.4517024077162,445.52023244063093,117.39336581735712,360.25630560054697,16.249665574898007,11.291172746182065,11.438056,8.108055555555556,136.92368284993458,41.92831534891387
31.601,101.87783015743186,322.1586063546902,159.83989011569437,446.61313395352977,117.72227722524927,361.3649703168541,16.80369284447773,11.449938946915518,11.237221,8.051111111111112,137.289948045935,42.28694216916767
31.699000000000012,102.09961051201473,322.9489747406491,160.21567194983405,447.67287526242734,118.0407772654668,362.4113618754223,17.05636723213046,11.496961037094083,11.085088,8.17,137.59915682303736,42.560554458748314
31.80000000000001,102.33483210021683,323.72821117581657,160.59977676196223,448.76697280544545,118.37238603485342,363.50355698166413,16.728251491592893,11.464684882521118,11.51751,8.08388888888889,137.94743812883007,42.88684262313015
31.900000000000006,102.57005368841894,324.49631566177464,160.97721563660014,449.8477295670295,118.7000110839623,364.60772004575017,16.324889203820817,11.430697974608723,11.517512,8.101111111111111,138.29090185145074,43.23309250142598
32.0,102.7985546598114,325.27555209773305,161.35535382901276,450.9245753727646,119.02893455596427,365.73356441521133,16.24868581706842,11.39555371596222,11.940679,8.073055555555555,138.62386439178357,43.592155168730386
32.099999999999994,103.03377624799859,326.0436565844821,161.73790761817722,451.9984394900376,119.36317884574802,366.87644520681135,16.355542445860312,11.403886206460646,11.874417,8.048055555555557,138.96324109890645,43.976880470028874
32.20000000000002,103.26227721940599,326.834024968859,162.12703446196645,453.06903862752296,119.69113372345865,367.9975921951617,16.25298300053187,11.37881535984452,11.488169,8.17888888888889,139.28509725964457,44.320949818625216
32.30000000000001,103.49749880759315,327.6132614040265,162.52572397205827,454.1309092509033,120.02774701010846,369.15476028547204,16.188811727477223,11.306594806592015,12.614503,8.223055555555556,139.61033838069847,44.70956536306186
32.400000000000006,103.73944101260486,328.4036297891943,162.93724612280457,455.180107170833,120.3855896468196,370.38512080584445,16.243815675809778,11.23456875861597,13.012348,8.195,139.9166013994134,45.161264954974904
32.5,103.98810383441125,329.20513012278064,163.36094689235733,456.2181754639797,120.74729659163708,371.62419975405754,16.30340328650338,11.189894761018808,12.803531,8.345,140.20502194867694,45.60973591522942
32.599999999999994,104.23004603942296,329.9954985071575,163.78267100501148,457.259886118653,121.11314730698729,372.8756268209051,16.289079341625108,11.28758406509874,13.272638,8.32611111111111,140.5088591314477,46.084102601811516
32.70000000000002,104.47870886122935,330.79699884153484,164.18510068589177,458.3200722999625,121.47356155021721,374.12170250259913,15.967363539659077,11.394498791171015,12.670502,8.403055555555556,140.80833600679912,46.53874692382075
32.80000000000001,104.73409229984534,331.5984991751211,164.56670318309796,459.3965238492919,121.81566279774626,375.3113893743803,16.12206214434439,11.448072068473946,12.087454,8.411111111111111,141.11086576067305,46.93183163107159
32.900000000000006,104.98947573846137,332.4222634063353,164.95013702531716,460.4770063731606,122.15558557821271,376.47223210826394,16.52026781196029,11.482784840569463,12.104454,8.503055555555555,141.3976594511265,47.276580562381014
33.0,105.25157979388698,333.25715958754984,165.3615383186635,461.5427286575209,122.4986388651363,377.63440375329384,16.371298785226287,11.368762717486373,12.130487,8.7,141.67001921880532,47.610932004669095
33.09900000000002,105.51368384929768,334.06979187034557,165.7999276783269,462.57707450926716,122.8384597393275,378.78884664907974,16.433126660898864,11.328506245938994,12.1810055,8.608055555555556,141.9455983334913,47.95770761768318
33.19900000000001,105.77578790472329,334.91582000076954,166.2565934265173,463.61900815058016,123.18148916015939,379.95416857462516,16.37182017681987,11.42382548229335,12.114219,8.768055555555556,142.20562041104643,48.28468989704306
33.30000000000001,106.03789196016383,335.7618481304026,166.7123000039267,464.6846762301404,123.51660619129112,381.10091672595007,16.204290182312594,11.527648456538676,11.543453,8.901944444444444,142.48676919874202,48.59152798878803
33.400000000000006,106.31343724917882,336.61900820924495,167.1480826345687,465.75471841071266,123.84212323354912,382.2174821250203,16.30140652858726,11.58098648984831,11.717506,8.919999999999998,142.74762950187156,48.851567587809335
33.5,106.58226192141404,337.4650363396689,167.573095939879,466.8271649624887,124.17637789224767,383.3550867158354,16.444932456267523,11.490883834030505,11.996393,8.978055555555555,143.01902725195313,49.14722413648852
33.599999999999994,106.86452782725357,338.3444603169302,167.9944369379189,467.8864564878628,124.52760181195875,384.5307408093427,16.813630797434186,11.309362679908192,12.543667,9.153888888888888,143.2410365776097,49.448525643470624
33.70000000000002,107.13335249947389,339.212752345773,168.40042804547116,468.93452074574407,124.89110136661266,385.7266671620347,17.00012855974931,11.170813782565578,12.45534,9.07,143.46216136241173,49.78837129654689
33.80000000000001,107.41561840531342,340.0921763222433,168.7761298803173,469.9770677966229,125.25547187304535,386.90859917871535,17.269132244563217,10.994792774549767,12.281172,9.213888888888889,143.64956457220975,50.100277652186186
33.900000000000006,107.69788431115292,340.99386419792336,169.12541471125692,471.01302550728485,125.61902662708701,388.06791617285546,17.556184099923744,10.870853766634816,12.0185995,9.385,143.7995959613429,50.3699683466902
34.0,107.99359145059677,341.86215622597524,169.47398038877043,472.0413429735303,125.98251585360441,389.2272188802216,17.263689145509474,10.84570898993529,12.28051,9.246944444444445,143.96686732107466,50.66606913327504
34.099999999999994,108.2758573564363,342.7638441016553,169.84904956573226,473.0561601022782,126.33428976023696,390.387967222929,16.44579189296027,10.796250843215132,11.977738,9.42111111111111,144.10879781487694,50.93293712277813
34.20099999999999,108.57828511270465,343.654400027335,170.26058564493445,474.0650597902873,126.67326034775475,391.55921926214086,15.840774244402906,10.782411823097782,12.167477,9.401944444444444,144.2624219218464,51.20839613458425
34.30000000000001,108.86055101854419,344.55608790301505,170.6902130413402,475.03626012989133,126.99733704140671,392.71251593854,15.548368098446813,10.674097895324701,12.033905,9.408055555555555,144.3883044093547,51.4585713791181
34.400000000000006,109.14281692436879,345.4689077279046,171.1428899894,475.9991153546448,127.32073601565216,393.88784407452397,15.224933423095482,10.605800372045435,12.346374,9.531944444444443,144.50655404911265,51.71876003373653
34.5,109.42508283020831,346.37059560279374,171.59227548387852,476.959749111008,127.64496339816775,395.0838265048855,15.111774258557151,10.606302715323093,12.436676,9.48611111111111,144.63155553485035,52.00906567927571
34.599999999999994,109.70734873604785,347.2834154276832,172.02058108805056,477.92754195551333,127.96495737121775,396.27658106237243,14.922411707266425,10.561558769623504,12.262018,9.546944444444444,144.74400409818142,52.28451541310412
34.70000000000002,109.98289402509268,348.19623525178173,172.426620664228,478.89805468880786,128.28017046825568,397.4668671723136,14.743648875185567,10.48000522797923,12.364342,9.578888888888889,144.85228545222213,52.55840080411561
34.80000000000001,110.2651599309322,349.10905507667127,172.82090607346103,479.86657532297977,128.58953594167303,398.6410669572425,14.777453385098283,10.434040120956046,11.921063,9.505,144.95085538351364,52.81290521378335
34.900000000000006,110.55414645356645,349.9996110031419,173.216527746691,480.83271338279775,128.89865947986314,399.8064188225571,14.933297905373859,10.446028017092326,12.192045,9.46888888888889,145.06507059802658,53.077671984857474
35.0,110.82297112580166,350.9124308272404,173.6174698427286,481.79740715038963,129.21364014292007,400.9835298859067,15.028122420468005,10.447999163512696,12.178464,9.5,145.16895706803663,53.34165040416325
35.099999999999994,111.11867826526041,351.8029867537111,174.02684114053,482.75573578662255,129.53451356638303,402.17223078569106,15.182534546255754,10.394497265644462,12.446502,9.385,145.2792464036696,53.63025017833894
35.20000000000002,111.40094417108502,352.6935426809727,174.44223812865891,483.70008674893006,129.86020950175507,403.3594888888568,15.501672038143695,10.239188695240218,12.17602,9.351111111111111,145.3854165054903,53.92385911345997
35.30000000000001,111.66976884332024,353.6063625042803,174.85959478049296,484.63041013546587,130.1880645890512,404.53678919852024,15.6208472595309,10.153925939215842,12.265965,9.45111111111111,145.46564941466207,54.19257920217219
35.400000000000006,111.95203474915978,354.48578648154154,175.2724448181255,485.5571788836273,130.5181838255297,405.7198942407684,15.5604002121446,10.137734162932297,12.3,9.303055555555556,145.5650515663822,54.49436383159326
35.5,112.22758003818969,355.3763424080122,175.67378910038173,486.4894220605661,130.84679123572198,406.89496269547664,15.687883321561202,10.162049293596242,12.103037,9.303888888888888,145.65734138841174,54.77995310277524
35.599999999999994,112.49640471040999,356.27803028369226,176.06644776417554,487.4261093108668,131.1771204241161,408.06021973851614,15.966054331097201,10.151212968082028,12.120505,9.341944444444444,145.74281802674062,55.048744620668515
35.70000000000002,112.77867061626445,357.15745426095356,176.45642007001769,488.35694228114227,131.51103746057018,409.2241586193812,16.048846732493622,10.033285983658578,12.097299,9.231944444444444,145.83607726572532,55.333925130407614
35.80000000000001,113.04077467167514,358.04801018742427,176.84756651128964,489.2809403929927,131.84850201637775,410.384790162645,16.376005633513305,10.034293772631989,12.0767355,9.241111111111111,145.92254334133398,55.613569801329426
35.900000000000006,113.28271687667191,358.9385661138949,177.24594401757827,490.2054863475151,132.19479471146659,411.55237876559875,16.66105213659087,10.100428284647135,12.28053,9.223055555555556,146.02156955018248,55.90956957246158
36.0,113.56498278251145,359.81799009115616,177.65158299512262,491.12814592271087,132.5419657406565,412.7171967311245,16.530704238198616,10.057432350172771,12.028567,9.241944444444444,146.11450766887674,56.20010627509344
36.101,113.84052807155629,360.686282119208,178.05884883976526,492.05222109524755,132.88736115550503,413.8784221482884,16.598700004535765,9.939449939195173,11.961619,9.155,146.2224423450283,56.499430186516946
36.20000000000002,114.0891908933627,361.6102338933069,178.45331297049017,492.95098570039534,133.2285731755515,415.0150936305204,16.818784552801457,9.889219743038892,12.013786,9.33,146.2639165891936,56.73089984915817
36.30000000000001,114.35129494878831,362.5007898189866,178.84709621158882,493.8586700897373,133.57598677543857,416.1579665792954,16.998979779370092,9.899379400126339,11.876449,9.286111111111111,146.33728537100697,56.9972051395215
36.400000000000006,114.61339900419898,363.3913457454573,179.23449963215717,494.77016827277504,133.9236834298423,417.2909750134931,17.12159274752808,9.908923495600169,11.826738,9.19111111111111,146.4113440107465,57.25431966088626
36.5,114.88894429324384,364.2596377743001,179.62069818664662,495.6874535870732,134.26568117977186,418.40812475844194,16.91819273025665,9.996469517971494,11.539822,9.17,146.50416625964016,57.51101264141953
36.599999999999994,115.15104834865453,365.13906175077034,180.01291207112462,496.61008394306805,134.59627743687167,419.5073734773841,16.556942840426686,10.05436523451556,11.418007,9.226944444444444,146.60044693601694,57.741062116101496
36.70000000000002,115.41987302087482,366.02961767724105,180.4068739280861,497.53221241831784,134.9179328028168,420.5940106410373,16.42057888518552,10.000851922051153,11.246894,9.27,146.68415971245756,57.943483799024044
36.80000000000001,115.68869769311007,366.9090416545023,180.7939335375062,498.4517805708813,135.23460219328655,421.6699900153933,16.378466487243408,9.953446256945028,11.185327,9.20888888888889,146.7725583887434,58.14468030795415
36.900000000000006,115.95080174853568,367.7773336825541,181.17325469402937,499.37165336677583,135.5517197849862,422.74804933307786,16.40453606692186,9.946931042399543,11.2893305,9.14611111111111,146.87080493202276,58.36073651867656
37.0,116.2196264207709,368.66788960902477,181.54577742738888,500.2911825844757,135.87349964095722,423.83428129389443,16.597049886085806,9.895593585231198,11.368523,9.295,146.9428367054374,58.562833811928996
37.099999999999994,116.4817304761816,369.5584455354955,181.91253246575363,501.2028380838519,136.19975593649863,424.9228767571122,16.77036961911287,9.757651379674954,11.360192,9.255,147.00828527135585,58.77091774463658
37.20000000000002,116.76399638199128,370.4044736651284,182.27697840132157,502.1054467411612,136.52281156056958,425.99233195434,16.847432442557984,9.710518724501538,10.983486,9.10888888888889,147.09553739743092,58.995091036820035
37.30000000000001,117.01265920384243,371.31729349001796,182.6415491755142,503.00828746495546,136.84350651466258,427.0483044117862,16.938819210881345,9.762889382497336,11.088431,9.311944444444444,147.13826522363522,59.1541045357574
37.400000000000006,117.28820449287235,372.1744535688604,183.0039887419027,503.9160769893794,137.16441409328525,428.1020342623879,16.936813858598388,9.786563072827082,10.941805,9.10611111111111,147.22234762745416,59.35451112013796
37.5,117.55030854829798,373.0872733937499,183.3627684726268,504.822857108513,137.47042748717726,429.1150002691398,16.67296679394066,9.717006809259198,10.221846,9.341111111111111,147.26012324441652,59.46357975569905
37.599999999999994,117.81913322051827,373.9778293194296,183.72495004036193,505.72305656158886,137.76211903280463,430.09980909349895,16.32632732788653,9.689870683006388,10.320229,9.318055555555556,147.31049382776155,59.56004782461231
37.70000000000002,118.08123727592896,374.87951719510966,184.1011957283906,506.6212117437187,138.05027001886424,431.0803802581023,16.42659494203445,9.786350288338598,10.120433,9.328888888888889,147.35843714088367,59.64309916254917
37.80000000000001,118.35006194816421,375.79233701999914,184.49198255793834,507.52173845341235,138.33417637178337,432.04195593694635,16.47243156564491,9.847114431533923,9.931807,9.436944444444444,147.40213317301414,59.69409064219079
37.900000000000006,118.61888662039944,376.69402489488823,184.88257391465723,508.4245583496102,138.61531494008042,432.9975082199017,16.31744648206203,9.826989361998525,9.989246,9.448055555555557,147.45782345503682,59.748969698850956
38.0,118.88771129263466,377.59571277056835,185.2590838183287,509.3287990245487,138.9072586076435,433.98934801060443,16.480166495879175,9.763569815397332,10.689046,9.366944444444444,147.5085255330792,59.841660824914584
38.09900000000002,119.15653596485495,378.5085325946669,185.62223937884792,510.22548751588585,139.1996353970248,434.97369127068674,16.609494529396127,9.780612867704072,10.055362,9.496944444444445,147.53659188159153,59.916942338172966
38.20000000000002,119.41864002026567,379.4213524195564,185.99338224350063,511.13996369136186,139.49743456474621,435.9743649832433,16.538315982507026,9.762434311432198,10.618822,9.533888888888889,147.58722457402325,60.011675700550036
38.30000000000001,119.70090592610521,380.32304029523647,186.36815109252194,512.0396173508402,139.8044130356978,437.0101943199777,16.478155414018293,9.729857675935468,10.988385,9.42,147.62715959241345,60.14635840622586
38.400000000000006,119.96973059837025,381.24699206854444,186.75525485526205,512.9305398106794,140.12691956438195,438.0934404644593,16.675252895543284,9.698542770651123,11.616362,9.556111111111111,147.65115304738742,60.31443411191816
38.5,120.24527588737034,382.1598118934339,187.14142453465595,513.8190452964593,140.46136399243383,439.2046711850364,16.825081358969985,9.678061919490078,11.593025,9.516944444444444,147.67954646501337,60.52112184907358
38.599999999999994,120.52082117641517,383.08376366674185,187.5094318438654,514.7099706741328,140.80023309618934,440.32640161859524,16.793855159135358,9.601695156397303,11.842943,9.636944444444445,147.6920185057668,60.728692950687204
38.70000000000002,120.78292523182587,384.01884738925924,187.86310226944605,515.6024351572694,141.15193688422906,441.4858457015833,16.951705031693937,9.59822481735611,12.38934,9.673055555555555,147.69560156382482,60.97009538064044
38.80000000000001,121.0517499040611,384.94279916256716,188.21028377771944,516.4976241974855,141.52374586609614,442.6923015481591,17.29863097664563,9.604973962235864,12.859756,9.544999999999998,147.70558778200402,61.27077316676417
38.900000000000006,121.34073642671021,385.86675093666605,188.5461712250864,517.3905300405079,141.91560340612287,443.93422074760593,17.71975495606676,9.47535906228674,13.185884,9.665000000000001,147.6992719555346,61.60483910753229
39.0,121.61628171572522,386.8018346599744,188.87223442936525,518.281460938619,142.3241499819349,445.20285317666736,17.978445400568315,9.499127558850764,13.470054,9.683055555555557,147.68295535298392,61.96365686366329
39.099999999999994,121.88510638796046,387.72578643328234,189.20996304922517,519.1675439272883,142.73313126323683,446.4635825153018,17.96755920246083,9.46830183968786,13.03809,9.64111111111111,147.6806417157405,62.32791372870622
39.20000000000002,122.16737229379999,388.66087015500875,189.5671629201354,520.0361651103644,143.13756656132452,447.7155175081506,17.83950313524906,9.316806058873109,13.274731,9.748055555555556,147.6556802194909,62.667379246476074
39.30000000000001,122.45635881644913,389.59595387831706,189.9357906123792,520.8913772474737,143.53781386704637,448.9623253930896,17.75441890267214,9.30901504767629,12.9148,9.748055555555556,147.62100769601747,62.998363580972075
39.400000000000006,122.73862472228865,390.5310376008344,190.3074306576072,521.7470086406539,143.9263416453569,450.171189781317,17.88247496988387,9.3481992646185,12.480546,9.71,147.5912415810894,63.2919197095743
39.5,123.00072877769932,391.4772532725612,190.67668165400076,522.603989855902,144.30878908262426,451.3530566951451,17.9807372317488,9.31473837619718,12.363581,9.748888888888887,147.56102346050673,63.554270269260634
39.599999999999994,123.28971530033355,392.4012050466601,191.0503082078925,523.4556075403731,144.68448827207882,452.51198596755466,17.941776101679906,9.28511956068886,12.00252,9.721944444444444,147.5356037170962,63.80471999336965
39.70099999999999,123.58542243979231,393.347420717596,191.43866451310635,524.3089262005219,145.0522348693951,453.6551584898125,17.721006868849074,9.280411210740638,11.777064,9.851944444444444,147.49568935468653,64.01443017859474
39.80000000000001,123.87440896245636,394.29363638932267,191.8280483826515,525.1397738248347,145.40314410784512,454.76368364835844,17.409031349400284,9.256432607979063,11.7127285,9.856944444444444,147.43950892567028,64.18810678365827
39.899,124.15667486828096,395.2398520618405,192.21810347004228,525.9606505832056,145.7447348616517,455.85874975737534,17.23829565602927,9.103890938230927,11.461172,9.871944444444445,147.37803509809726,64.34823301458317
40.0,124.4591026245344,396.1749357835668,192.61324768890825,526.7892650024339,146.08675446706002,456.95843127464633,17.315261076649193,9.07450834462425,11.343604,9.821111111111112,147.32647585125463,64.51657653917779
40.09900000000002,124.74136853037393,397.1100195068752,192.99673242772178,527.6024008236486,146.42096819691182,458.0211715072466,17.60199494043349,9.08784094124207,11.162601,9.778888888888888,147.26525823316774,64.65426111026018
40.19900000000001,125.03707566983269,398.0451032293925,193.3728825900308,528.4262434011533,146.75927044905438,459.0783904255895,17.88818735910132,9.02577447222303,11.038011,9.848055555555556,147.20402243119221,64.78360820454436
40.30000000000001,125.3327828092616,398.9913189011193,193.74088081573018,529.2570770044542,147.10021250223573,460.1297133285465,18.04877310513161,8.96807626923824,10.847646,9.813055555555556,147.13543287427123,64.89779864218993
40.400000000000006,125.62848994872036,399.9375345728461,194.10417497434761,530.0751568348155,147.4388246588529,461.16701931662,18.10778775803008,8.934464713773805,10.975848,9.931944444444445,147.05346023718025,64.9980038320874
40.5,125.92419708816418,400.8726182961545,194.47346808596453,530.8920564574872,147.77626769948276,462.20098101397144,18.04075169599978,8.995472031105276,10.776807,9.821944444444444,146.98318561698989,65.10515389468159
40.599999999999994,126.22662484443254,401.8077020178808,194.84556457284768,531.7112234114711,148.10713261359308,463.2237701893286,17.81070914125477,8.998865687019054,10.722718,9.865,146.91318443185025,65.19731627817376
40.70000000000002,126.52905260070091,402.7539176903986,195.21640902826823,532.5303010655907,148.43321943279187,464.2446163480294,17.619054758783466,8.983506507916026,10.710552,9.885,146.83277091627915,65.27555856529786
40.79900000000001,126.82475974014473,403.7001333613344,195.5809382563227,533.341171367647,148.75020402719264,465.2387812335504,17.752353389820637,8.976931187467663,10.369794,9.87,146.7453945427342,65.32786763032327
40.899,127.12046687960347,404.6240851354333,195.94371950345356,534.157890460468,149.06437430588844,466.2121458848121,18.02823256817611,8.89646338893333,10.086479,9.796111111111111,146.68212850824838,65.3806110402965
41.0,127.40945340222278,405.58143275557853,196.30861061544184,534.981883684158,149.38522315855388,467.1905103228028,18.282276324959167,8.948538433633379,10.302313,9.916944444444445,146.60003603414145,65.41110681732526
41.099999999999994,127.69843992487193,406.52764842730534,196.6753272250009,535.8018397029505,149.71065374771217,468.1700954622198,18.471638876249894,9.016015226572936,10.342251,9.878055555555555,146.52517705700538,65.45478465196166
41.20000000000002,127.99414706433066,407.4627321506137,197.04332027713718,536.6202516183292,150.03552377372665,469.13993183610205,18.568468743627026,8.930761538001873,10.113789,9.786944444444446,146.45631825368775,65.4973224512965
41.29900000000001,128.2898542037745,408.4089478223404,197.4057923913971,537.4273476955545,150.35810157428946,470.09243628621766,18.848963097022267,8.943062451351878,10.202326,9.874999999999998,146.36516121468202,65.51229114509368
41.400000000000006,128.57884072642364,409.3551634940672,197.7790430117258,538.2547122135558,150.67748182181,471.02337713643806,19.030960275856597,9.030450368777359,9.286858,9.881944444444445,146.3002448952651,65.50815607314706
41.5,128.88126848267706,410.29024721658453,198.15356245906537,539.0817493678035,150.97501865723584,471.8877795674246,18.955902804694464,9.127252632809602,8.996688,9.776111111111112,146.23919358064921,65.43997087780988
41.599999999999994,129.1769756221358,411.23646288831134,198.5270757431626,539.9155757827026,151.26149694446232,472.72619477056094,18.770837436867218,9.146110747630281,8.723492,9.84888888888889,146.17712024145206,65.33539017245735
41.69900000000001,129.47940337837434,412.1938105092475,198.89366622123813,540.7438022555509,151.54661318009371,473.5667090535986,18.70645703421733,9.151480860216365,9.206934,9.898888888888889,146.09394328305626,65.21958620052959
41.80000000000001,129.7751105178331,413.1400261809743,199.266938844807,541.5904286830047,151.85269937134512,474.46755632771885,18.823930570953003,9.170531437143332,9.633227,9.896944444444443,146.04321314994144,65.1804102739817
41.90100000000001,130.06409704049716,414.0862418527011,199.64083334227408,542.4397806129363,152.17060719260618,475.40232243582994,18.742914338721505,9.205832047952047,9.918193,9.826944444444443,145.99846967239824,65.17944100084051
42.0,130.35980417992607,415.02132557521844,200.01171342875352,543.2754019269694,152.48640316274322,476.33862722040874,18.534741583016643,9.263527509192262,10.043989,9.84888888888889,145.94689637963413,65.18740571301838
42.09900000000002,130.6555113193848,415.9564092985268,200.3887445932728,544.1107657417958,152.7956591060501,477.2545872485369,18.784889226792856,9.251865346632844,9.486532,9.758888888888889,145.8981250675242,65.17401908741306
42.20000000000002,130.95793907563825,416.9026249694626,200.7806153769287,544.957766700364,153.08689652860923,478.10101819657206,19.220062131350616,9.228865700443182,8.2390175,9.878055555555555,145.85378106033465,65.07637122285875
42.30000000000001,131.2603668318917,417.8377086919799,201.17353751470915,545.7877070524279,153.35248852581424,478.86362260253185,19.18253339576955,9.1362657152727,7.911582,9.801944444444445,145.80484736579714,64.90164874298017
42.400000000000006,131.56279458814512,418.7839243637067,201.56777732224418,546.6098096034955,153.6139184899295,479.6200863653072,18.94991253094645,9.098665382051038,8.095737,9.831944444444446,145.7400238264601,64.70927810149658
42.5,131.85850172760385,419.7301400354335,201.96076092798947,547.4337268766241,153.87550775378614,480.3962344277232,18.308772758195094,9.158293580558716,8.285419,9.87,145.6795553161237,64.537768501639
42.599999999999994,132.16092948385733,420.6763557071603,202.35235716343027,548.2685486099793,154.14673142637426,481.227706766705,17.847828212012374,9.283818791493939,9.206532,9.878055555555555,145.62487496800435,64.41926421647335
42.70000000000002,132.45663662330114,421.62257137888713,202.74893739914188,549.1090397579223,154.45715344289735,482.18197441002417,18.16524683051492,9.303464380177743,10.863309,9.883055555555556,145.58092996034887,64.43185575332302
42.80000000000001,132.7590643795546,422.5799190006142,203.14249341868955,549.9443185362813,154.79595252108203,483.20536963897916,18.471779250909893,9.163781322194762,10.697126,9.921111111111111,145.51809974153727,64.50635398212349
42.899,133.06149213582296,423.5150027231316,203.51939676510102,550.7650963309289,155.14455640629302,484.24230433272203,18.68534067467796,9.082475195826882,11.403204,9.921111111111111,145.45412557896606,64.61785270616686
43.0,133.35719927525184,424.47235034327684,203.90232468801716,551.6021670765432,155.53133179430745,485.3815956911006,18.812651896756027,9.145365718627922,12.421646,9.953055555555556,145.39121370336198,64.81996854221721
43.099999999999994,133.65962703153514,425.4408299126315,204.29190552231407,552.4373913745806,155.93344774371803,486.5692291054747,18.600084554762503,9.287062873907884,12.655641,10.066944444444443,145.31705126363374,65.0600052028745
43.20000000000002,133.96877540458325,426.39817753356766,204.6899268368552,553.2818887419173,156.34095113239596,487.78791662211313,18.380928198124913,9.3848066207365,13.044665,10.078055555555554,145.26168603561717,65.3392249124201
43.30000000000001,134.27120316085163,427.34439320608544,205.08882653806035,554.1314330622043,156.76038833959993,489.0557403311133,18.23425100257143,9.38590010785379,13.663442,9.99,145.22427226973204,65.68145715489052
43.400000000000006,134.5870721507094,428.3017408270216,205.48239935039066,554.9794133092861,157.1902108446128,490.37496454563893,17.864120266916938,9.311453375531865,14.086297,10.03111111111111,145.16673215400883,66.06047972606126
43.5,134.8962205237575,429.2702203963762,205.86910138012078,555.8252194276563,157.63241497791816,491.7545877851689,17.684784477041,9.288902765774642,14.888933,10.16,145.09761402882833,66.49233569543955
43.599999999999994,135.19864828002588,430.2275680173125,206.25141095020348,556.672439475847,158.09244366121877,493.1844524214123,17.981576614918747,9.300840691253597,15.152068,10.033888888888889,145.04068602026777,66.99026168651018
43.70000000000002,135.51451726989853,431.18491563824864,206.62965111559336,557.519513043408,158.57459028221132,494.6500177384555,18.43106200519898,9.252886834400915,15.704916,10.133888888888889,144.9751453298626,67.52470771445724
43.80000000000001,135.81694502615196,432.1533952083943,207.00474250300346,558.3634636794785,159.08960077136425,496.19140056181374,18.517292153366167,9.218130768947434,16.797997,10.139999999999999,144.90232535429166,68.1357661957341
43.900000000000006,136.126093399215,433.1218747785399,207.3827402643509,559.2059353880393,159.63207649745834,497.8209992527707,18.311313826016647,9.249690869941297,17.55244,10.184999999999999,144.82644807576617,68.8368211725884
44.0,136.43524177227806,434.11261824631333,207.76137787810717,560.0448449882008,160.19474796361916,499.51327753014726,18.469450177472744,9.158318954004054,18.114973,10.308055555555557,144.7285162777447,69.5827591377096
44.099999999999994,136.7511107621358,435.0810978164589,208.1340531143828,560.8759031223856,160.7714294562028,501.21068251733425,19.066472199999026,9.057559932027486,17.739357,10.258055555555556,144.63698524520004,70.35693059588935
44.20000000000002,137.05353851838925,436.060709335814,208.50564302209085,561.7029840927298,161.35748029969454,502.89541960028834,19.29364996576845,9.076881537329836,17.935884,10.261944444444445,144.53852235338584,71.1165246777801
44.30000000000001,137.3694075082619,437.05145280358744,208.88078083840333,562.5279667148828,161.9521459647709,504.61125831834977,18.94070796396788,9.04857490508917,18.383593,10.318888888888889,144.42379325753208,71.89324273680828
44.400000000000006,137.67855588132497,438.0310643213605,209.2605730770258,563.3479516798183,162.55335858766765,506.378105032351,18.647926530656047,9.024973412400309,18.943216,10.291111111111112,144.3201560525002,72.73289340889218
44.5,137.987704254388,439.02180778992494,209.64564583828317,564.1632969331745,163.1597873386077,508.1662104505124,18.820959784785547,9.009181905266397,18.819649,10.341111111111111,144.20559246101024,73.58384459980542
44.599999999999994,138.30357324426066,440.00141930928,210.0292503339922,564.9761721650667,163.76316049396414,509.9222619184005,19.108011640146074,8.967782833761497,18.316843,10.301111111111112,144.09462726051035,74.41179217096354
44.70099999999999,138.6060010004992,440.9921627770534,210.41321209977266,565.7975675199633,164.32656668810813,511.5550689480468,18.955527517338933,8.98680483953909,15.886689,10.306944444444444,143.98841834987,75.10440217848104
44.80000000000001,138.91514937357715,441.96064234719904,210.79266615169897,566.6009069195757,164.84050230435386,513.0525962592083,18.92801694880572,8.961795785410864,16.098398,10.194999999999999,143.88041204716237,75.67159199866602
44.899,139.2175771298306,442.9513858157635,211.169673172282,567.3987196210404,165.36256764860127,514.5779684882383,18.860233176852773,8.864725168762066,16.47208,10.346111111111112,143.75062788086933,76.24911720514196
45.0,139.53344611968834,443.93099733432757,211.54247527600947,568.2109518539063,165.9136893151965,516.191261674985,18.861390551598937,8.832778383939134,17.286957,10.296111111111111,143.63428342643152,76.925048154914
45.099999999999994,139.8358738759567,444.89947690447315,211.9020779970584,569.0192233625382,166.48689715645767,517.8430239648845,19.408851724846407,8.860537587331956,17.681347,10.193055555555555,143.52438551423467,77.65975856035257
45.20000000000002,140.14502224900482,445.8790884230372,212.25691517870766,569.8349298060722,167.07054176026867,519.4914894839276,19.586468641337003,8.9304389976257,17.293427,10.223888888888888,143.40563348376887,78.38219945179405
45.29900000000001,140.45417062206786,446.8586999423922,212.6084515387858,570.653673351953,167.6375796861363,521.1023503876407,19.197633698460486,9.07000022761436,17.206741,10.291944444444445,143.2879467927519,79.06362855182356
45.400000000000006,140.77003961195547,447.8271795117469,212.97262591052834,571.4947718486687,168.2038003239224,522.7330465831237,19.0983888139769,9.079721164168756,16.975504,10.20111111111111,143.20225858070097,79.77154974372901
45.5,141.07246736819397,448.8179229803114,213.33528967252593,572.3237852617327,168.75229436283405,524.3130182708777,19.19235389237835,9.0176636462892,16.47391,10.351111111111111,143.09302395737143,80.40946608071026
45.59900000000002,141.38833635806662,449.77527060124754,213.68773982356674,573.1483019477386,169.28231554323543,525.8341052403629,19.229790954712204,9.097825504507377,16.067202,10.131111111111112,142.99688320061185,81.01247065386242
45.70000000000002,141.69748473112966,450.7326182213928,214.046568061636,574.0027611375948,169.81928941653635,527.3704283768022,19.300969501601305,9.25360520318736,16.159758,10.088888888888889,142.93326412471458,81.63448930556706
45.801000000000016,142.00663310419276,451.7010977907474,214.4173614988021,574.8670186894234,170.36275959265032,528.9160948489085,19.442747908006424,9.36932585306961,16.284376,10.171111111111111,142.8746221603291,82.2570706998568
45.900000000000006,142.29561962682695,452.68070931089335,214.79432641464876,575.7148855842099,170.89955401470286,530.4329975120273,19.53265358042937,9.376404384354489,16.222322,10.133055555555556,142.8057107302089,82.8468670679713
45.998999999999995,142.5980473830804,453.62692498262015,215.1811500437108,576.5640380854427,171.43374936099278,531.9209953484393,19.970837378200496,9.474322112756976,15.716929,10.078888888888889,142.76498369663267,83.43535918905617
46.09900000000002,142.89375452253915,454.6176684511846,215.5767983545197,577.4344069188603,171.98347384624083,533.4092363188562,20.56986475300991,9.647253244080519,16.013983,10.218888888888888,142.71221429337803,83.99001689116176
46.20000000000002,143.1827410451883,455.57501607132986,215.98148400403767,578.3270853402473,172.55698810669944,534.9380075723323,20.557133630802102,9.761193890707307,16.318838,10.091944444444445,142.7155474578356,84.62464658962467
46.29900000000001,143.46500695102782,456.5546275898939,216.3854000825267,579.211879659514,173.13194407230068,536.4742567063959,20.481692277917237,9.887905705675797,16.818861,10.126111111111111,142.69612895843625,85.24830952151945
46.400000000000006,143.75399347367696,457.5231071608305,216.8040721234399,580.1224239538392,173.73511183060393,538.0879656896126,20.50715452233285,9.957398644291073,17.295004,10.19888888888889,142.7126710171492,85.96257259816471
46.5,144.04297999629625,458.49158673018513,217.2218164949747,581.0267379528844,174.34001662759601,539.7058815466428,20.49225761965945,9.965394043932982,17.250975,10.075000000000001,142.72352783080336,86.6814404078106
46.599999999999994,144.33196651896031,459.47119824874915,217.64077588753037,581.9333574685456,174.94881035940398,541.3187653095264,20.86668553877742,10.0094496657047,17.228327,10.173055555555557,142.7275795766611,87.38658570123071
46.70000000000002,144.62095304159453,460.4508097681042,218.06045354309052,582.8417573714055,175.56823248744413,542.9138850930984,21.58288278269111,10.003743947392083,16.995672,10.218055555555555,142.73368309247567,88.07890154375893
46.80000000000001,144.90321894743406,461.46381713429656,218.47865911314094,583.7449053799565,176.18356424555566,544.4675512737018,21.630151800789402,9.901768338048331,16.425951,10.396944444444445,142.70952994849503,88.70219773520151
46.900000000000006,145.1989260868928,462.45456060207,218.89889646086,584.6419286152767,176.79285875054808,546.0168131417778,21.311587266696684,9.90995316048579,16.869535,10.35888888888889,142.69351258946025,89.33547240970681
47.0,145.48791260952703,463.45643601905283,219.32220315584618,585.5417450728814,177.42314664362465,547.622568265579,21.54506756821248,9.97834514433301,17.631042,10.406111111111112,142.67559408408687,90.02109191824061
47.099999999999994,145.76345789857186,464.4694433852452,219.74426587079915,586.4485629307007,178.07281734474233,549.2590312597315,21.76107265697679,10.026268535281197,17.583126,10.499999999999998,142.66066575376726,90.73681127165028
47.19900000000001,146.05244442120605,465.49358270143784,220.1613397270313,587.3537570870049,178.7329874869048,550.9169331386322,21.665778316490613,10.108256040858786,18.467522,10.583055555555555,142.62549023484746,91.46128522486825
47.29900000000001,146.34143094385522,466.5177220168395,220.58656623850007,588.2732778445229,179.4200316384991,552.6422573043235,21.759743394892062,10.153472529666258,18.674236,10.608888888888888,142.60699663701024,92.2584923050489
47.399,146.63041746650435,467.56412522986915,221.01905564380556,589.1939080950897,180.09158967794653,554.3198818641434,21.876913263996308,10.189760560873468,17.466698,10.785,142.57444921764252,92.98500607597559
47.5,146.91268337234388,468.6216603928991,221.46301728174492,590.1227028994722,180.75429709859728,555.9614436904645,22.090738248350153,10.195459529065577,17.588497,10.92388888888889,142.54913404222162,93.66692354327984
47.599999999999994,147.1949492781834,469.66806360592875,221.90739307195207,591.0409072743039,181.40233043478003,557.5538993589586,22.19845431383474,10.20621669743835,16.79676,10.86,142.52479236183743,94.30835091125927
47.70000000000002,147.48393580081762,470.73673071737716,222.35475703394874,591.9573465404453,182.03533052921074,559.1045968435883,22.21249177981545,10.189859739194022,16.701609,10.956111111111111,142.47834071411472,94.88244643440221
47.80000000000001,147.77964294026145,471.79426587961615,222.8017096827698,592.8734545483389,182.66565564854324,560.6362518932118,22.527618567137385,10.196664580135035,16.424198,11.023888888888889,142.43763697490053,95.44596566394164
47.900000000000006,148.0753500797202,472.8740649402739,223.24151394141072,593.7971591225372,183.25020184926302,562.0360699724457,22.826702536195658,10.265131381021158,13.915218,11.131944444444445,142.3809920470251,95.84953488862811
48.0,148.37105721917897,473.9427320517224,223.6842998906717,594.7228662405755,183.79698287466496,563.326825807593,23.087684811877732,10.258789799912057,14.120689,11.133055555555556,142.33736451252892,96.14838753253372
48.099999999999994,148.66004374181318,475.05592696079947,224.14718077350193,595.6341702791973,184.3230672927301,564.5613132925376,23.07479326148729,10.18591387695002,12.717524,11.41,142.25828840173673,96.34866595437093
48.20000000000002,148.9557508812719,476.1691218682945,224.6280783946422,596.5282456119653,184.81427001190718,565.7155740934807,23.029529595671946,10.118861428389836,12.371106,11.41111111111111,142.1710934741484,96.45932044317793
48.30000000000001,149.2581786375254,477.28231677578964,225.1139768557383,597.4170229995308,185.29959512318618,566.8615562305721,22.87683634326959,10.139726376872526,12.519199,11.57,142.07902647043588,96.55787820571719
48.400000000000006,149.5606063937788,478.4066436332851,225.59787289247936,598.3088164358644,185.78809583115475,568.0230892033205,22.743910134799247,10.152663903152215,12.68234,11.551111111111112,141.9795652175833,96.66197963802679
48.5,149.8630341500024,479.51983854078026,226.0797787583204,599.2015798135727,186.27510521356382,569.1832228751073,22.800632956517195,10.137830815214405,12.481831,11.591111111111111,141.8897859353421,96.77479738766229
48.599999999999994,150.17218252306546,480.65529734748515,226.55770002095977,600.0979937379989,186.7534694229273,570.3239864173833,22.698646468983913,10.179509685907929,12.258218,11.67,141.77907110874145,96.84350443248152
48.70000000000002,150.48133089615834,481.7907561533991,227.02717022159632,601.0020965035142,187.22831147231557,571.4536921695195,22.89774930279192,10.195463516410541,12.250675,11.735000000000001,141.67077745995022,96.90089099949172
48.80000000000001,150.79047926922138,482.926214959313,227.4874269566071,601.9128064667644,187.70993355035566,572.5755122314403,23.574412458841383,10.212861779622623,12.166467,11.76388888888889,141.56352193670057,96.95381687072981
48.900000000000006,151.09962764228447,484.06167376522694,227.95408392253896,602.81925299746,188.21588276951837,573.7218574027347,24.041373061872978,10.178922527844865,12.8944025,11.786111111111111,141.4566013844305,97.03898662177761
49.0,151.41549663215713,485.21939646955974,228.4385743767159,603.7099251641323,188.74253010608808,574.9066638584726,23.889825725060884,10.100612427377722,13.037251,11.976111111111111,141.32430751842963,97.14480613833307
49.099999999999994,151.72464500520525,486.3771191738925,228.94404662966593,604.5847067645192,189.27180510208697,576.1084804434478,23.648896972208387,10.108006891119006,13.226813,12.008888888888889,141.19443951953434,97.2702751441997
49.20000000000002,152.0270727614736,487.5459738266437,229.46654253780653,605.4536873294234,189.80500360651902,577.3398313654527,23.184801158152315,10.171399142084608,13.610141,12.08611111111111,141.0641711516186,97.41719001610014
49.30000000000001,152.34966236814094,488.7148284801859,229.99273170819325,606.3239265043507,190.34349831346069,578.6153042926278,22.60324899609456,10.167639840668643,14.079981,12.076944444444443,140.926740381667,97.59931926577832
49.400000000000006,152.658810741204,489.88368313372814,230.52182590302758,607.1926035294821,190.89051055714583,579.9239375770649,22.76568253101414,10.174942093816261,14.287236,12.126111111111111,140.79784065996077,97.82080704552128
49.5,152.96795911426705,491.0525377872703,231.04590905695622,608.0687897358918,191.4507440004031,581.2538521135968,22.919808177904322,10.245612586170152,14.574766,12.126111111111111,140.6732721143442,98.06733318893394
49.599999999999994,153.27038687052053,492.2325243892309,231.55688054038092,608.961063149218,192.00744589510245,582.5724825919614,22.856209862644803,10.319472372302526,14.051823,12.11,140.550086631645,98.29480042171629
49.70000000000002,153.57953524358356,493.3902470935637,232.05669701813216,609.8685301289228,192.54993153718647,583.8495067391963,23.179931016893793,10.40151065654862,13.697748,12.03111111111111,140.44876410653777,98.49654533493259
49.79900000000001,153.87524238302737,494.5924975939432,232.5485836445397,610.7686653312203,193.08006509585522,585.0871950432409,23.1935444941061,10.32135491585521,13.5031595,12.356944444444444,140.3082199137681,98.62204819605086
49.900000000000006,154.17094952248613,495.77248419669473,233.0570717604293,611.6721919442514,193.6282501437855,586.37754575883,22.850672225554938,10.2095099120776,14.25869,12.168055555555554,140.19901047335802,98.8238622651327
50.001000000000005,154.4800978955492,496.9190749518182,233.57306667595552,612.5580041357855,194.19647573416827,587.7472299497397,22.2303193616109,10.090949207238598,15.10558,11.935,140.10017720657223,99.13195453004246
50.099999999999994,154.7556431845791,498.14358934982545,234.08482233672294,613.4090421243818,194.76235845371542,589.1561472535633,21.545107675258116,9.971141863068633,15.567937,12.40388888888889,139.9258491783288,99.41741780395917
50.20000000000002,155.03790909041862,499.323575952577,234.59339260701518,614.2643585399865,195.34541771489305,590.6455739523352,21.220813563213998,9.931923556579275,16.421877,12.239999999999998,139.7871898972348,99.82185417121804
50.30000000000001,155.32017499625815,500.5369584029569,235.0758117141685,615.1319462662675,195.94836600774832,592.1988961272729,21.208494970618684,9.925102465887136,16.902927,12.386944444444445,139.61723687163988,100.26245923695724
50.400000000000006,155.60916151889234,501.7503408525458,235.5286273719708,616.011867738738,196.56067653047322,593.775394591097,21.24373187501923,9.868879281513745,16.92175,12.451944444444443,139.43750409629902,100.7255533483285
50.5,155.88470680793722,502.9525913529252,235.95451886264215,616.8976212842035,197.17650212974993,595.3613533737937,21.198754688101463,9.789205363374306,17.104752,12.363055555555555,139.26465685347335,101.21458224548468
50.599999999999994,156.1602520969671,504.17710575172356,236.35917772561555,617.7880795339522,197.78666260957928,596.93473806722,21.193884546842853,9.773403647791833,16.646309,12.493055555555555,139.06588739060248,101.66974183571698
50.70000000000002,156.43579738599703,505.379356252103,236.76395490294178,618.672067386416,198.3840705602752,598.4673324916133,21.40043583198756,9.6730328296966,16.252024,12.28888888888889,138.88070883398447,102.10303101608446
50.80000000000001,156.69790144142266,506.6038706509013,237.18710670542907,619.5352575063704,198.96166402393993,599.9331468949797,21.619592188625088,9.555626135206161,15.258198,12.50111111111111,138.67952372694023,102.45281563663777
50.900000000000006,156.96000549684828,507.8172531004902,237.62084537698001,620.3800344505311,199.51615555921768,601.3429296750705,21.319362303976554,9.436903691510775,15.04008,12.413888888888888,138.47942387021027,102.75250890787977
51.0,157.22210955225896,509.0528994484979,238.04847095527828,621.2176581643027,200.04966749260524,602.7192630765974,21.051504534752908,9.37278337187228,14.482389,12.54888888888889,138.2527894670708,102.9931424632003
51.099999999999994,157.47077237408027,510.2662818980868,238.4601159068206,622.0571506597861,200.56550590755847,604.0519206976078,21.2718068069807,9.3278689409034,14.097836,12.353055555555555,138.04518138768807,103.21289698170335
51.20000000000002,157.7261558126963,511.5019282460945,238.8569994539211,622.9023764726222,201.06683339255372,605.3367780468674,21.3597558285333,9.347941971176486,13.486136,12.668055555555554,137.8124582721321,103.36050198317905
51.30000000000001,157.97481863448775,512.7375745925202,239.25281191873097,623.7500478924385,201.53572734991812,606.5475383608742,20.964987907688183,9.36284689304181,12.481706,12.55111111111111,137.58590560256727,103.43046973853474
51.400000000000006,158.21676083949947,513.9620889921096,239.6558344518877,624.5925940953146,201.99399027597522,607.7482776094007,20.818024233237136,9.316870632762154,13.222631,12.51611111111111,137.3733284529215,103.50021735480534
51.5,158.46542366132078,515.2088672893267,240.06634474963417,625.4249187236946,202.47425360561834,608.99573807322,21.289568498629777,9.24471288427286,13.511921,12.556944444444444,137.1360212207004,103.59900696676969
51.599999999999994,158.69392463271328,516.4222497397064,240.483963005745,626.2439783355387,202.96170342131936,610.2311898229839,21.78259868133982,9.143246785602674,13.051068,12.418055555555554,136.93218193265835,103.72923155227218
51.70000000000002,158.91570498729615,517.6467641377138,240.90471750077268,627.0505811223798,203.44145378812874,611.424858412437,22.01235475718733,9.05183029099681,12.678384,12.443888888888889,136.71647063813958,103.81172030206272
51.79900000000001,159.13076472508433,518.8824104857216,241.3231319703522,627.8373692460593,203.9102686716335,612.5828865577835,22.06794312247092,8.950908730663574,12.560537,12.466944444444444,136.4799189325956,103.85077366023833
51.900000000000006,159.3458244628576,520.1180568329382,241.74383721982437,628.6353638250957,204.39156309361863,613.7717237245639,22.01325716571466,8.913097281809723,12.836832,12.59611111111111,136.25504916562696,103.92366376835652
52.0,159.56088420064577,521.3425712317367,242.1462374866822,629.4295657454486,204.86336666120366,614.941901102766,21.90238983235685,8.894020092919082,12.397392,12.438055555555556,136.02624364580035,103.98629462287288
52.099999999999994,159.76922332162434,522.5670856305348,242.53910511362594,630.227191649961,205.32303853666028,616.0872667877916,21.831629544658195,8.888674613957543,12.2858925,12.44,135.79967510997955,104.02487377705275
52.20000000000002,159.9708418257933,523.7804680793329,242.93044322139025,631.0223394339913,205.78077558583416,617.2242471278761,22.027294631695415,8.836025544416177,12.227385,12.32388888888889,135.58434435938923,104.06867864046461
52.30000000000001,160.17918094677185,524.9938505297126,243.32041609697907,631.8139934051308,206.23767944679997,618.3456220621111,22.312341134772982,8.813906466367637,11.990394,12.32611111111111,135.36250554059197,104.09581419209046
52.399,160.36063760052687,526.21836492772,243.7010090126782,632.599712347733,206.69000357586097,619.4466665495403,22.35459963695285,8.82347993297298,12.056768,12.368888888888888,135.13921927409834,104.10536189344687
52.5,160.55553548788623,527.4428793273092,244.08594927055597,633.4015171099611,207.15697945647955,620.5798703798715,22.43648390024397,8.788821206675093,12.213531,12.445,134.92428598091317,104.14506076758038
52.599999999999994,160.7369921416413,528.6451298276887,244.47053622027147,634.1902485469303,207.6390354554238,621.7514503582626,22.298687550515016,8.761431247469702,13.12403,12.23611111111111,134.72593844329572,104.25252318169515
52.70000000000002,160.93189002900064,529.8362483796498,244.85779417499913,634.9721959918888,208.15306101878406,622.9998997959254,22.453959112995506,8.690339746208618,13.878574,12.118888888888888,134.52555469890027,104.44761813875742
52.80000000000001,161.1133466827557,531.0496308292386,245.24282923314325,635.7519444367799,208.66890088339062,624.2502302696602,22.382625867501723,8.702324455801056,13.17262,12.213055555555554,134.3143488573276,104.63212924997482
52.900000000000006,161.29480333651074,532.2518813288272,245.627772888881,636.5374719489796,209.17276318618076,625.5022807333455,21.481649734658554,8.793233074014259,13.820862,12.18888888888889,134.1176131778188,104.82335631179157
53.0,161.4762599902658,533.4875276776258,246.0077488907406,637.3315230624306,209.66947328835877,626.7956121367707,20.539707119463532,8.813006411058687,13.888752,12.319999999999999,133.89976845838999,105.01897177858105
53.099999999999994,161.6442754104016,534.7009101272147,246.3834106412571,638.1253150807831,210.15123232612345,628.0985859821607,20.042952711085135,8.7510292922281,13.895192,12.296111111111113,133.7061276818416,105.2428179227887
53.20000000000002,161.81901144734707,535.9031606275942,246.76539666727783,638.9073305164707,210.61913105566393,629.3828997815168,19.99138650952335,8.656072642019156,13.442632,12.171111111111111,133.513098145573,105.45099954989261
53.30000000000001,161.9803062506882,537.1054111279736,247.15519512421508,639.6796459986791,211.08341412562086,630.6590237094321,19.993678340703873,8.64627654901708,13.7165365,12.163888888888888,133.32754911843352,105.65696205181602
53.400000000000006,162.15504228764854,538.2965296799347,247.54465205831877,640.4517822904701,211.55416886542747,631.9458302023364,20.19478652679478,8.649816330427893,13.687746,12.04111111111111,133.1430850352719,105.87948429692383
53.50200000000001,162.3230577077844,539.5099121295235,247.92787768914584,641.2465702594105,212.03600132244256,633.2500121251792,20.359592106986216,8.652775576823492,13.573905,12.191944444444445,132.96064384425495,106.1064706322367
53.599999999999994,162.48435251111056,540.7232945791123,248.2781876307936,642.0237911469839,212.50176937657508,634.5013019293837,20.473576330749523,8.746942027865556,13.674377,12.274999999999999,132.74928530670402,106.28290856238925
53.70000000000002,162.63892669764212,541.9144131310734,248.623567057633,642.8298285684774,212.97479889892497,635.7661610939364,20.536601688213928,8.791730000051292,13.333963,12.098055555555554,132.5793326681833,106.4981249879482
53.80000000000001,162.79350088417365,543.1389275298717,248.96784634142406,643.6332657693952,213.44448740786805,637.0192590852838,20.557514647736202,8.690477758316554,13.430655,12.266111111111112,132.38251332100205,106.6725788981291
53.900000000000006,162.95479568751477,544.3411780294603,249.31711081823562,644.4238249635977,213.91599086653943,638.2778249314698,20.51798055987218,8.595214316735847,13.449105,12.14111111111111,132.19298654649248,106.86971996439154
54.0,163.09592864042708,545.5434285306306,249.66881050897913,645.2006307132416,214.38683146711296,639.5458382067645,20.225772084355476,8.459199054948918,13.603144,12.169999999999998,132.00917324902866,107.08505842411556
54.099999999999994,163.25722344376825,546.767942929429,250.02190831660155,645.9682798057038,214.85737541035846,640.8289332347131,20.053598266918673,8.440095853770462,13.729977,12.308888888888887,131.79080915393334,107.28488048269409
54.20000000000002,163.41179763029973,547.9813253790178,250.3733134339964,646.7432284999921,215.3252534147566,642.1114177823233,20.032398828498827,8.578336180388332,13.573331,12.261944444444444,131.59110433062452,107.49642406768511
54.30000000000001,163.573092433626,549.1947078286067,250.71742577479526,647.5308868548947,215.78660028600552,643.3896495502602,19.659689782766247,8.612974336578501,13.605609,12.303888888888888,131.39307036129028,107.69836325681179
54.400000000000006,163.72766662017239,550.4080902781956,251.05005675448726,648.3205569389373,216.2366993270774,644.6667130868286,19.167805515646464,8.524740233409084,13.475855,12.291111111111112,131.19470624366045,107.89757406723739
54.5,163.8956820403082,551.6214727277844,251.37381123756566,649.1035652194256,216.6742814973225,645.9323946940499,18.974432259789822,8.42127920464875,13.30797,12.189999999999998,130.9777898897403,108.07465273028161
54.599999999999994,164.0704180772537,552.8348551773734,251.70384853144594,649.88209360789,217.10311406202678,647.1828128527237,18.883904928159158,8.491297377376192,13.130215,12.33611111111111,130.75849731531525,108.23125223761882
54.70000000000002,164.2384334974044,554.0482376269622,252.0437648457596,650.6681569346854,217.52728549200702,648.4198446877573,18.969562118531236,8.636933816185046,13.02448,12.171111111111111,130.55720975965053,108.37758977823678
54.80000000000001,164.40644891755517,555.2727520257605,252.38197012209176,651.4626005428795,217.95005693625663,649.6482098276472,19.01482578434657,8.631943849691963,12.957182,12.341944444444444,130.35405359618153,108.50642835784453
54.900000000000006,164.58118495448568,556.4861344753494,252.71037842528975,652.2571981400025,218.36722251420014,650.8696199532433,18.698553081434373,8.564211850842405,12.856632,12.413888888888888,130.1493425925519,108.63323693663376
55.0,164.75592099144603,557.7106488749387,253.028454609574,653.0509823865607,218.75983062484232,652.0397080290082,18.385431646395396,8.538755946153342,11.82744,12.33611111111111,129.93005574335314,108.6940368952409
55.09900000000002,164.93737764518616,558.9240313229457,253.34488511760733,653.833506314129,219.1293834848772,653.1575696439908,18.20221693224638,8.513838859574772,11.957704,12.253055555555555,129.70619037111626,108.70479861272446
55.19900000000001,165.1188342989412,560.1485457225349,253.67686762409656,654.6102341347306,219.4897252168123,654.2577311836361,18.06413410361986,8.381456822385863,11.195728,12.378055555555557,129.48179734658487,108.68639550263401
55.29900000000001,165.30029095269623,561.339664273705,254.02236657405842,655.3696658765442,219.83454397145147,655.3158558067001,18.03491325606819,8.306081437832256,11.062104,12.195,129.27972735116924,108.65316068739004
55.400000000000006,165.48846822326092,562.5641786725032,254.37531612155175,656.139017383824,220.16833184994226,656.3508750742385,17.704482766038296,8.455741785793151,10.472848,12.346944444444443,129.06247389982727,108.56257139633225
55.501000000000005,165.67664549382556,563.7886930705106,254.7198154251059,656.9294951883957,220.49304117238637,657.3762282107234,17.443784104464797,8.620356084040672,10.825019,12.38888888888889,128.85610241883734,108.45950381967045
55.599999999999994,165.8648227643753,565.0132074700998,255.0453997189335,657.7241165116316,220.81233142423426,658.3782573448783,17.913449068289385,8.728818530722808,10.421007,12.443055555555556,128.64092646298474,108.33402626158205
55.70000000000002,166.0597206517496,566.2377218688981,255.36989393466416,658.5339943163216,221.13828146611164,659.37166323618,18.415646575721667,8.720583588985043,10.489466,12.281111111111112,128.43250740958555,108.20156605144713
55.80000000000001,166.2411773054897,567.4511043184871,255.70287642112228,659.3396496009723,221.47609039262528,660.3847068727159,18.466353340590743,8.715106278296442,10.868179,12.33611111111111,128.24546917059996,108.10897329755191
55.900000000000006,166.436075192864,568.6978826157042,256.0467117333469,660.1411047567144,221.82884275737607,661.451474049677,18.139767397366192,8.727067521713991,11.603462,12.511944444444444,128.03096913138114,108.03512124469715
56.0,166.63097308022333,569.9223970137115,256.39140949235866,660.9391528058604,222.19429206545755,662.588638752788,17.509800301619887,8.6591673044871,12.285781,12.536111111111111,127.83186527554336,108.04774303380826
56.099999999999994,166.80570911716876,571.1469114125098,256.73187326574794,661.7332742123155,222.5604597955011,663.7669836079731,17.01734307670497,8.621392770990584,12.392983,12.273055555555555,127.64248557504364,108.10675278027657
56.20000000000002,166.99388638773343,572.371425812099,257.06993449520945,662.5297940086064,222.93185339645729,664.9778573373499,17.084379138735294,8.68455237144865,12.938017,12.376111111111111,127.44499126492701,108.18968210005082
56.30000000000001,167.17534304148847,573.6182041085251,257.3927991210517,663.3381375933869,223.31254766222753,666.2121791500191,17.19782478217119,8.72690847379176,12.895915,12.51611111111111,127.23543471060235,108.28217746524835
56.400000000000006,167.34335846162432,574.831586558114,257.6927979566643,664.1597958387337,223.6962998463253,667.446244932113,17.349658597880847,8.768655056482975,12.951228,12.353055555555555,127.0533360063799,108.41184874560567
56.5,167.52481511537934,576.0561009569124,257.9767134243848,664.9938151435103,224.08180853355498,668.6832785429123,17.26858506986984,8.85256838458934,12.963015,12.35,126.85213010603982,108.52874058078775
56.599999999999994,167.69955115232477,577.2806153557107,258.26217861955666,665.8353373628901,224.4638123355141,669.9375755991384,16.615699662318303,8.920527853875583,13.260973,12.34388888888889,126.66305019040655,108.66229166194447
56.70000000000002,167.86756657247554,578.505129754509,258.5635750126903,666.6781573461318,224.84362905779932,671.2272911229168,16.208899627775324,8.981818127100414,13.628799,12.358888888888888,126.4920896406593,108.8286309073149
56.80000000000001,168.04230260942097,579.7185122040978,258.87684709872485,667.5228710011172,225.22621491822534,672.5407040086507,16.271638506342146,9.036978332576409,13.731215,12.268055555555556,126.33495120644581,109.02274587599703
56.900000000000006,168.2170386463664,580.9207627044773,259.2009505032599,668.3686347971129,225.61502287381956,673.8617062148418,16.52889655635587,9.078199270431341,13.8095045,12.168055555555554,126.19509717224724,109.23620084006824
57.0,168.3783334496926,582.1564090524851,259.53769727511195,669.214944951868,226.0102531983622,675.1879937282137,16.658671496952994,9.13901268054266,13.868993,12.465,126.05244260227298,109.4363464356991
57.099999999999994,168.5530694866679,583.3920553997018,259.88415122289155,670.0591835282432,226.40970542124464,676.5203801625005,16.718832065441728,9.112449075700143,13.9505415,12.51888888888889,125.90694019456507,109.63701562333524
57.20000000000002,168.72780552359842,584.6054378500817,260.2297390376445,670.8975162630863,226.81535449467236,677.864262129009,16.872957712331953,9.023065436526723,14.124882,12.311944444444444,125.77331447348065,109.86979408078804
57.30000000000001,168.9025415605588,585.829952248089,260.5672020613894,671.733168465228,227.23116215811618,679.2249028012947,17.11130815510636,9.001446287116556,14.330331,12.351944444444444,125.62552503842952,110.11287286075836
57.400000000000006,169.08399821431385,587.0544666468872,260.89224843495305,672.5727644170626,227.66822646773903,680.6252217407873,17.54675607940576,9.005976030025582,15.008718,12.325,125.46766141952223,110.39745472107609
57.501000000000005,169.25873425124433,588.2678490964761,261.21343280172886,673.4252380482408,228.13728533594897,682.1032201826404,17.665386990887598,9.033103364004472,15.697113,12.36111111111111,125.32935601283769,110.77797906042667
57.59900000000002,169.44019090499938,589.4923634952745,261.5330113207216,674.254442100397,228.59745828877305,683.560500398533,17.382391676716544,9.103057954350161,15.490934,12.346944444444443,125.16268430160574,111.12333987405832
57.70000000000002,169.62836817556405,590.7168778948637,261.8685989566116,675.1099372147061,229.06906495159845,685.063843333681,17.450966130426774,9.094207172547932,15.708678,12.44611111111111,125.02179264393605,111.51029692693787
57.80000000000001,169.80310421250948,591.9525242420804,262.2020319011768,675.9531126978303,229.5432690485577,686.5675248121948,17.555244449140577,9.040053211883777,15.824984,12.455,124.87457987488023,111.8967632575714
57.900000000000006,169.99128148305923,593.1993025392976,262.5367910968496,676.8006859929254,230.02299505912393,688.0874071372192,17.480186977978445,9.185777995797093,16.050903,12.508055555555556,124.7151260474714,112.28338714638413
58.0,170.1727381368292,594.4238169373049,262.8725431591727,677.6581326424688,230.50768858116476,689.6333324796173,17.336661050298183,9.23099942384613,16.351671,12.42,124.58412885310634,112.71715971812921
58.099999999999994,170.35419479058424,595.670595234522,263.209252183812,678.5077382002295,230.97893725571436,691.1359471381585,17.49422444395915,9.047029079893523,15.143921,12.54611111111111,124.43493857522765,113.08842917402514
58.20000000000002,170.52893082752965,596.9285054801576,263.54097271152,679.3465565473329,231.45281590490478,692.6138071054264,18.049420547441045,8.993738689468863,15.895973,12.656944444444443,124.27379078929188,113.43454817664629
58.30000000000001,170.72382871490396,598.1641518281654,263.85686359290116,680.1965975681466,231.92697702105482,694.0489951087741,18.541304814560828,9.14532236925629,14.334047,12.583055555555555,124.10916299640894,113.75292758224552
58.400000000000006,170.91200598543873,599.399798176173,264.1480273214295,681.0701034896126,232.39094557269686,695.4166526562489,18.934067383122986,9.272817476065985,14.550402,12.48611111111111,123.94754715021901,114.01270261256767
58.50200000000001,171.0800214055895,600.6577084218086,264.43153218432053,681.9668206316863,232.86355483572137,696.7786447363648,19.351633294636393,9.167756071827561,13.717618,12.643055555555556,123.79691552308574,114.26477760490845
58.59900000000002,171.27491929294885,601.9044867190257,264.7164060663218,682.8034571261416,233.30453914896663,698.0174582599037,19.842933144805215,9.058528115245556,13.395258,12.618055555555554,123.59593384634395,114.39133287928634
58.69900000000001,171.46309656351352,603.1512650154519,265.04440422849086,683.6490875381859,233.75669025377167,699.2533511732769,20.356303329242404,9.08619548280328,12.925127,12.64611111111111,123.43970420893238,114.52555513392187
58.80000000000001,171.65127383406326,604.3980433126691,265.4065284279822,684.4838448869539,234.21077666050897,700.4521086878161,21.151419779857246,8.934719063649037,12.4592285,12.613055555555555,123.30362272766473,114.63016561527377
58.899,171.8394511046279,605.6448216098861,265.7777804723223,685.2730289358917,234.6583755780594,701.5917894013445,21.736799299986444,8.685918326887855,12.276956,12.541111111111112,123.14650269636883,114.68233473545021
58.998999999999995,172.03434899198726,606.8915999063123,266.1686165198997,686.0397339698816,235.1069351571136,702.7145115892814,21.820737616973105,8.528554666882313,11.903297,12.56,122.98653360738858,114.71783439796702
59.099999999999994,172.2292468793615,608.1383782043205,266.5676475517985,686.7950272670332,235.5684069523461,703.8561374350227,22.1899401609995,8.386862376622256,12.480343,12.64611111111111,122.82753064035768,114.7769080908605
59.20000000000002,172.42414476673582,609.3740245515371,266.9483918556925,687.5330054578862,236.04951252767347,705.026422392814,22.50105624375561,8.221563134167809,12.826109,12.526111111111112,122.65259713537736,114.8806712876473
59.30000000000001,172.62576327090477,610.609670898754,267.315244064254,688.2655739982372,236.5404714839314,706.2138350354338,22.42628525149104,8.164589074923002,12.872064,12.528888888888888,122.46034892613355,115.00107010906272
59.400000000000006,172.8206611582641,611.8341852975522,267.66421062379885,689.0019990715358,237.02732370831203,707.3918200843162,22.48415398879925,8.135784414899396,12.620479,12.445,122.27088924955751,115.1249628962212
59.5,173.02227966243308,613.0809635947693,268.00590260210635,689.7330710446447,237.50556111126446,708.5444761563338,22.584135124049574,8.004678796754993,12.338113,12.54888888888889,122.05504579186095,115.20145752984716
59.599999999999994,173.22389816660203,614.3166099427771,268.3610064456251,690.4434875410178,237.9701757591647,709.6668366518259,22.388183558114843,7.881876178570148,11.956448,12.536111111111111,121.84568463656022,115.25513522425014
59.70000000000002,173.42551667077097,615.5522562899938,268.7325501967836,691.1321514870359,238.42830651159346,710.7812915045025,22.305677635615986,7.769834597676718,12.142467,12.41611111111111,121.63778688189113,115.29931411320831
59.80000000000001,173.63385579174954,616.7879026372105,269.12149788123946,691.7990833376581,238.87922778725195,711.8812531796522,22.275310872474055,7.673957158109139,11.633536,12.584999999999999,121.4272087379337,115.32434211483354
59.900000000000006,173.84219491272813,618.0235489860092,269.52524670696096,692.4395261127094,239.32515179623383,712.9675660480673,22.35953566835828,7.4698072722629885,11.851988,12.53,121.21461979637355,115.33596151282319
59.998999999999995,174.05053403370673,619.2480633848076,269.92435858746416,693.0490747180143,239.7843474965552,714.0576436272506,23.319285811825917,7.2491357432704,12.044773,12.446944444444444,120.98917103761298,115.36806637071115
60.099999999999994,174.26559377147998,620.4614458343964,270.3194889444169,693.6605271721626,240.28062174937241,715.1805133222317,24.3591870212545,7.167274254136334,12.266129,12.358888888888888,120.76612226359866,115.45425788894502
60.20000000000002,174.48065350926817,621.7082241308226,270.70906456791346,694.2659202766498,240.79475628659452,716.2948406890395,25.17622483711124,7.231084970987732,12.278821,12.59388888888889,120.51774294626412,115.51704748258132
60.30000000000001,174.6889926302318,622.9216065804114,271.1032053568173,694.8766201606398,241.33074027569512,717.419706276902,25.76952263396917,7.305867834255912,12.642199,12.31611111111111,120.30471476637203,115.63309809690949
60.400000000000006,174.90405236802,624.1461209792097,271.49226319013343,695.4964580764587,241.87806590920817,718.5537741490255,25.756344604681164,7.33121183971955,12.542521,12.391944444444443,120.08394178118942,115.75112728110891
60.5,175.1258327226178,625.3595034287986,271.87530827945835,696.1207988293087,242.42318161863452,719.6867430921246,25.632012763137784,7.318368460862204,12.603227,12.426111111111112,119.86501552697494,115.87303962067602
60.599999999999994,175.34089246039105,626.5728858783875,272.2588476936514,696.7431952936881,242.96780526675946,720.8238368276106,25.5532310663073,7.303323901872969,12.612624,12.321944444444444,119.65350964361755,116.00276328843644
60.70000000000002,175.56267281498884,627.7751363795579,272.6459104095082,697.3666195676238,243.50766419572227,721.9563369003498,25.420018378939353,7.372853106901313,12.479257,12.238888888888889,119.44927607209998,116.13190941883954
60.80000000000001,175.7844531695717,628.9773868791464,273.0418603654416,697.9963598417619,244.04816568636028,723.095221449179,25.3575659792701,7.50484451517284,12.733441,12.251111111111111,119.25863441813134,116.267369587201
60.900000000000006,176.0062335241546,630.1907693295263,273.45452473700306,698.6326132556665,244.5959454277795,724.2542153704088,25.237244842292633,7.662940620231587,12.905056,12.31,119.08171757374949,116.41512126913871
61.0,176.2280138787374,631.3818878806962,273.87748399792633,699.2776332334716,245.1482330413548,725.427375377796,25.182240893960078,7.763699830436806,13.028138,12.168055555555554,118.93381038025854,116.59567027977653
61.099999999999994,176.44307361654054,632.5841383818668,274.29325469115975,699.9372627734989,245.70582380878903,726.6072182534801,25.407986265241608,7.832469478497788,13.071236,12.139999999999997,118.79015658568028,116.78042692479596
61.20000000000002,176.65141273750422,633.7863888822462,274.6946106176936,700.6101575969763,246.26515526055329,727.7859504286063,25.362436120528695,7.838388426224003,13.022913,12.21111111111111,118.65026218181613,116.97004197217893
61.30000000000001,176.8664724752924,634.9552435357884,275.0885649125591,701.289324836577,246.81903725679277,728.9740287346804,24.6322014106345,7.864735712578993,13.194525,11.96888888888889,118.5233723143861,117.18742803639554
61.400000000000006,177.08153221306566,636.1463620869584,275.4925844391525,701.9724820677503,247.35747139867107,730.1713131365235,23.791672325177633,8.009788778145289,13.061857,12.118055555555555,118.3968465457218,117.38568502288521
61.5,177.2898713340442,637.348612588129,275.91917091611685,702.6568804883349,247.8846790303833,731.3761995045397,23.474826664470307,8.120787221665339,13.241848,12.11,118.29162519880816,117.57896910164794
61.599999999999994,177.5116516886271,638.5174672408801,276.34986011659385,703.3432213747719,248.4135717871472,732.5959256424374,23.410082433620527,8.085663237936746,13.347322,11.971944444444443,118.20054925539893,117.80423850129696
61.70000000000002,177.71999080960566,639.7085857920501,276.77158274623156,704.0251294656385,248.94845857840977,733.8236185837404,23.673070061585634,7.95000387593621,13.435831,12.068055555555555,118.10095535302185,118.0302250191556
61.80000000000001,177.92832993058423,640.8885723955927,277.2012089726152,704.6911672501658,249.5066936327621,735.0829829957247,24.127998550919482,7.903529750546327,14.115249,11.958055555555555,118.00794728945377,118.30489904728167
61.900000000000006,178.1433896683724,642.0796909459718,277.64826779323556,705.3437517033638,250.0804241244052,736.3488416024542,24.64337408763963,7.918236228580019,13.681181,12.081944444444444,117.91336715639514,118.5816583280189
62.0,178.35172878935097,643.2596775487234,278.1092615650758,705.9894264164886,250.64941839154915,737.5728029012753,25.230082869853558,7.949266707953094,13.314252,12.023888888888889,117.84136259613054,118.83569133716502
62.099999999999994,178.56678852712423,644.439664150684,278.5624721693231,706.6440319888602,251.21996729596322,738.7813880053109,25.311729355659697,7.978142845612215,13.415544,11.931111111111111,117.76468114514572,119.07495641435078
62.19900000000001,178.7818482649124,645.6196507534356,278.9844559044164,707.309755623126,251.7836110444079,739.9699865114079,25.43084728126742,7.9479583488760905,13.159617,12.016944444444444,117.67001154325504,119.29477451487907
62.30000000000001,178.99690800268567,646.8107693046057,279.39285229311685,708.0016173477112,252.35714952783042,741.164504522812,25.865730842138635,7.9623299147027335,13.07965,12.058055555555555,117.57408521524539,119.51716356346037
62.400000000000006,179.20524712366426,647.9907559065664,279.7814493122864,708.6997082649787,252.93248790508318,742.3416288533808,26.229272563149124,8.018164870742014,13.124573,12.008888888888889,117.47829307213553,119.74052471518254
62.5,179.42030686145245,649.1818744585273,280.16460389357684,709.4100906575052,253.5125294936477,743.5234443480676,26.055379872326927,8.124336752047398,13.205183,12.063055555555556,117.37483295412065,119.95828134731593
62.599999999999994,179.6353665992257,650.3841249596978,280.55742056488333,710.1275583732828,254.08419682995552,744.6962242758298,25.916437607007712,8.235333473990552,12.8886385,12.168055555555554,117.27974596105915,120.15573394615824
62.70000000000002,179.83026448659996,651.5752435108678,280.9646830629278,710.8422458784152,254.64780942770787,745.8459847428818,26.31435679572616,8.217152318205379,12.720954,12.135000000000002,117.22093750864966,120.35214033596594
62.80000000000001,180.03860360757852,652.7774940112473,281.3793636803392,711.5479979406434,255.21043732529006,746.9772185926103,26.57505259251067,8.1541950774921,12.547591,12.133888888888889,117.14914333549355,120.51718838276932
62.900000000000006,180.25366334535178,653.9686125632084,281.7835846526977,712.2584123458232,255.7739442476599,748.1079416052872,26.40574356404952,8.195444324931556,12.719605,12.056944444444444,117.07273670403875,120.68772141380546
63.0,180.4687230831698,655.1597311143785,282.16884635412976,712.9876760453304,256.33589363433174,749.238000011305,26.47478497836278,8.301702886405723,12.521787,12.071944444444444,116.99139407779387,120.8575535334118
63.099999999999994,180.66362097049935,656.3619816155489,282.5342486899584,713.7377909954438,256.90332042400047,750.3709033522639,26.73118359168381,8.388769041214257,12.819493,12.169999999999998,116.91710009213648,121.03788307327582
63.20000000000002,180.8585188578736,657.5864960143471,282.8821132090233,714.5010882805325,257.48145992503254,751.5257618255624,26.457309765611214,8.388235886548824,13.010357,12.308888888888887,116.82501708604232,121.22566048049187
63.30000000000001,181.05341674523294,658.7776145655172,283.2203095232934,715.2691198397648,258.05499582836245,752.6830381050305,26.26651481983266,8.395933581399786,12.821689,12.11,116.74486775903277,121.43916893420686
63.400000000000006,181.24831463259227,659.9798650658965,283.55233748546215,716.0406443228845,258.61862425728896,753.8264723930432,26.21294326598793,8.402856229436464,12.674345,12.151944444444444,116.65729322584704,121.62791833389689
63.5,181.44321251996652,661.1821155670671,283.8959219805064,716.7990984577725,259.17907507670986,754.9656373682759,26.17999819276791,8.254139873680709,12.717009,12.15611111111111,116.57532526941891,121.81220500786736
63.599999999999994,181.63138979053122,662.395498015865,284.2507651726124,717.542396386148,259.73322634304486,756.0936660760099,26.1453342461625,8.21897361887831,12.418882,12.216944444444444,116.4985691056796,121.98050487968442
63.69900000000001,181.81284644428627,663.5977485162445,284.59604460975,718.2819118493032,260.2809125404412,757.2025149679582,26.42469414312346,8.269244421189102,12.565677,12.181944444444444,116.42484075384272,122.143725583226
63.80000000000001,181.99430309804129,664.7888670689964,284.9449521303928,719.0470443198445,260.8501715283123,758.3373882787134,26.85234411183115,8.382901002362235,12.575943,12.106111111111112,116.37347607924612,122.35020967050724
63.900000000000006,182.17575975178144,665.9799856193755,285.28961073603756,719.8178726975437,261.4206258657392,759.458040606085,27.103299626098437,8.50475350120417,12.573907,12.114999999999998,116.32275938029055,122.54752371842271
64.0,182.3572164055365,667.182236119755,285.63401957291484,720.5993168869464,261.9930361025913,760.5690194670578,27.416421061137413,8.574739821890168,12.421606,12.121944444444445,116.27330987875966,122.73123108148923
64.1,182.5386730592915,668.373354671716,285.9774330639023,721.3852450670119,262.56933242060234,761.6685832346427,27.90314870810102,8.578927983763991,12.407294,12.02111111111111,116.23182694328749,122.91829038192364
64.20000000000002,182.713409096237,669.564473222886,286.31767844704245,722.1701897705286,263.15825109269156,762.7675700756301,28.46550678402205,8.531363707233279,12.529704,12.026944444444442,116.19469024531699,123.11860081554103
64.30000000000001,182.89486574999202,670.7444598256376,286.6589473559422,722.9502711091626,263.7568999244839,763.8620735967115,28.890068510213965,8.498040650214744,12.420965,12.031944444444443,116.15692559334254,123.32703906790104
64.4,183.06960178693745,671.9355783775987,287.00873825594806,723.7209442274086,264.358309130503,764.9459349747158,29.160218110618132,8.429592561301314,12.369816,11.993055555555555,116.12522639858345,123.52643593948108
64.5,183.24433782388292,673.1266969287686,287.3590582058098,724.4881291947773,264.9686658470463,766.0335774052453,29.437529683461435,8.438593871497556,12.574205,11.996111111111112,116.09423639708656,123.73582436266356
64.6,183.41235324403365,674.3066835307294,287.70234090657715,725.263608982596,265.59256893107226,767.1328319420949,29.716846608587694,8.522805778463988,12.705234,11.961944444444445,116.07329485355606,123.97694011088124
64.70000000000002,183.58036866416947,675.4755381842715,288.0453518078608,726.0481155707446,266.2186913998066,768.2287043860921,29.766120978968956,8.601532766845388,12.537318,11.92111111111111,116.06256195139983,124.22657616235693
64.80000000000001,183.74166346751062,676.6555247870232,288.3843766948349,726.8405406974181,266.8407636683554,769.3232059635902,29.459588558573984,8.63695920845401,12.641395,11.92111111111111,116.05444090383881,124.46991439232181
64.9,183.90967888764646,677.8355113897748,288.7155603480075,727.6377518350076,267.47866331325326,770.4582072114556,29.22152459469714,8.62845759719424,13.398199,11.896944444444442,116.03678702053085,124.75070716914965
65.0,184.07769430779717,679.0154979917354,289.0455350151775,728.434280496843,268.14202287953486,771.6399409985643,29.39140658095342,8.615037605985625,13.705636,11.853055555555557,116.01923826269979,125.08436665124208
65.1,184.23898911112337,680.2177484921149,289.376367593842,729.2274169011091,268.8163157437449,772.8345967783878,29.491387716203743,8.572347943313904,13.730652,12.096944444444444,115.99920668598556,125.42409962524603
65.20000000000002,184.41372514806883,681.3866031456571,289.7001570345289,730.0170779527785,269.4939043968924,774.0370542936124,29.31233840522532,8.497294575299895,13.87395,11.851944444444445,115.97480683039859,125.78848516033413
65.30000000000001,184.57501995140996,682.577721697618,290.02286285084875,730.8044506629044,270.161048259148,775.2298549377872,29.122116417241894,8.521765295621043,13.459981,11.961944444444445,115.95285662214587,126.13241468967048
65.4,184.74303537156072,683.7577082995788,290.3578330026215,731.5915711911193,270.8226272543141,776.412549033143,29.320359814357147,8.587334392490678,13.643211,11.883055555555556,115.94207138815753,126.46982110394376
65.5,184.8976095580773,684.9265629523298,290.69701910501425,732.3812097685218,271.4892319057262,777.5992073597224,29.329813617976804,8.600891978964023,13.578249,11.896944444444442,115.9545538774998,126.83188905893056
65.6,185.04546312781414,686.117681504291,291.03253915819096,733.1731884994352,272.1628089378375,778.8068540650773,28.97859048956163,8.601489512737496,14.077742,11.928055555555556,115.9632744623872,127.20343804703717
65.70000000000002,185.2000373143457,687.308800055461,291.3742181264801,733.9615765628527,272.8554825666271,780.0616296068735,28.824178363773836,8.584131076694213,14.587653,11.981944444444444,115.97171304665827,127.61882491297695
65.80000000000001,185.36133211767188,688.4887866582126,291.72204102435444,734.7472038722008,273.5488927113033,781.3231658696686,28.766309626465628,8.599495953149942,14.203261,11.936944444444444,115.98466089218635,128.0440073062064
65.9,185.52262692101303,689.6687732601732,292.0637881401018,735.5367231487805,274.24759619341063,782.582555128295,29.269366570590464,8.607088345909547,14.601515,11.848055555555556,115.99520619790998,128.47214107900908
66.0,185.68392172433926,690.8487598629248,292.3993552640712,736.3272670967663,274.96665672529014,783.8431575048365,30.137684109111177,8.569233415552509,14.424593,11.905,116.00206194629261,128.91611521463102
66.1,185.8452165276804,692.0287464648854,292.7340291891419,737.1198298502445,275.70269205401786,785.096036090176,30.724392891325106,8.637326904003137,14.6374655,11.953888888888889,116.01044812016896,129.36725360833802
66.20000000000002,186.00651133103642,693.208733067637,293.0709815909842,737.9170234871489,276.4537281393973,786.3532609490096,30.981650941338906,8.672294375927564,14.651989,11.863888888888889,116.02427342706638,129.8329777160735
66.30000000000001,186.1678061343925,694.3887196703887,293.40562454673557,738.711616094047,277.2070606314105,787.610411486856,30.88166980608858,8.57150128139906,14.659708,11.94888888888889,116.03649790139744,130.30130346430627
66.399,186.33582155449847,695.5687062723492,293.72605637638657,739.4899212292751,277.9469931597808,788.8504595347633,30.766522478001153,8.43245435744741,14.512607,11.910000000000002,116.02472003152067,130.74437752577504
66.499,186.49711635782467,696.7598248235194,294.03970493166315,740.2675641236091,278.6985040965665,790.1191983278824,30.516426400426564,8.337849771258076,14.97961,11.954999999999998,116.01005015155569,131.21382748047927
66.6,186.66513177797543,697.9398114270618,294.3496658914072,741.0502045073516,279.4592390951764,791.4162218263974,30.267301486314707,8.331286103931614,14.795868,11.931944444444444,115.99338290938819,131.71402982955618
66.70000000000002,186.8331471981262,699.1197980290226,294.6507452461219,741.8221214607448,280.2150582116085,792.7186732984177,29.991135829061587,8.239841598988455,15.321606,11.969999999999999,115.96604190583803,132.2154709412847
66.799,187.00116261826201,700.3109165801926,294.94556715238707,742.5785562080563,280.9688900847997,794.0337401975064,29.653635039839813,8.161339869861658,15.300841,12.021944444444445,115.92475072191353,132.71737441656842
66.9,187.17589865520745,701.5131670805721,295.2481993252275,743.3436522089451,281.73192630884637,795.3754674524371,29.599817114143175,8.131356756227751,15.263929,12.08,115.88533840907681,133.23278048863926
67.0,187.3439140753582,702.704285632533,295.5435368214081,744.0986490892587,282.49174651836984,796.7035092449811,29.950180805865653,8.083260279378749,15.337009,12.095,115.8475363932053,133.74963199331216
67.1,187.53209134590793,703.8954041837031,295.81899135224137,744.8572883757222,283.26049501031645,798.0264165636886,30.373023658672178,8.060994527681027,15.264232,12.093055555555555,115.7753370521634,134.25563213443567
67.20000000000002,187.7001067660587,705.0976546840826,296.07691459231506,745.6281019649829,284.05005404376817,799.3682483417368,30.569834661299662,8.196013565124792,15.873675,12.093888888888888,115.70760403447622,134.79709629285028
67.30000000000001,187.88156341981374,706.299905185253,296.3410633208182,746.4063772215421,284.84096908310886,800.7046608549344,30.668096923164594,8.242914628849157,15.184636,12.118055555555555,115.63733055537743,135.32695311589512
67.4,188.07646130717308,707.5244195832604,296.6177879368588,747.1836924465488,285.61194542599947,802.0093852268709,30.490193527776484,8.259189382819688,15.125202,12.293055555555556,115.55984384974258,135.7960949179618
67.5,188.2579179609132,708.7266700844308,296.89498472407433,747.9665923074062,286.3580635007503,803.280811352072,30.317160273646984,8.351414524435384,14.358499,12.218055555555555,115.50663951032725,136.25022636971383
67.6,188.43265399788848,709.9400525340197,297.165848327332,748.7595113825303,287.08882698366824,804.5271703037995,30.44980000321976,8.407164457184985,14.5373745,12.233888888888888,115.4550039382258,136.6739306385614
67.70000000000002,188.61411065162864,711.1645669328179,297.4231255076665,749.5597528386548,287.8150205842273,805.7619191468167,30.472718315025,8.40546526476457,14.111967,12.338888888888889,115.38453975591898,137.07472260542744
67.80000000000001,188.79556730538366,712.3779493831978,297.6654685396011,750.3697738077564,288.51520844903547,806.9499323304743,30.557516068704356,8.505215480120656,13.468021,12.301944444444445,115.30843038501018,137.43313570023298
67.9,188.97702395913873,713.6024637812052,297.89672421826515,751.1948443114236,289.1709773522669,808.057517047692,30.70648509543836,8.63266516996049,12.275168,12.35611111111111,115.2245120556676,137.69744145814477
68.0,189.15175999608414,714.815846230794,298.131466209851,752.0123258202223,289.78920728586235,809.0964267775864,30.80675270958625,8.379470557156846,11.903688,12.358888888888888,115.15274404149336,137.90113728770731
68.1,189.3332166498392,716.0403606295923,298.38103429300304,752.7988420361208,290.4014031365489,810.1269196307221,30.621973820656567,8.12518466721393,12.068821,12.31611111111111,115.07655055679598,138.08352148024545
68.201,189.51467330359424,717.2537430791812,298.6475907881112,753.5681237814407,291.0294579383927,811.1918764035375,30.44026598550878,7.9980560902695785,12.413584,12.268055555555556,115.01620722520381,138.30988537307834
68.30000000000001,189.70285057414398,718.4671255287701,298.9188302120168,754.310708850667,291.65436806476055,812.2536858840701,30.51599095250226,7.973183306179128,12.47636,12.344999999999999,114.94734739703225,138.52808676191927
68.4,189.88430722789903,719.6916399275684,299.19523758790956,755.0620872756258,292.2863493715442,813.3301973158772,30.315455724206483,8.03895547828667,12.489873,12.298055555555557,114.89102681137797,138.7600723009053
68.501,190.07248449847862,720.8938904279479,299.4732056000083,755.8291013369154,292.915325769956,814.4108171575485,30.08571683709288,8.116178378553158,12.269388,12.245,114.84331386192551,139.0038329893812
68.6,190.25394115223364,722.1072728775367,299.7408502642309,756.5883839412896,293.519484077174,815.4539806653278,30.069550832903264,8.148154624013229,12.083872,12.274999999999999,114.78819750779962,139.2026587763393
68.69900000000001,190.4353978059738,723.3206553271256,300.0034384870529,757.3562679449053,294.11984876728087,816.4868908184284,30.264110111395873,8.246754371075994,12.051796,12.285000000000002,114.73263905688815,139.39301563123092
68.80000000000001,190.61685445972884,724.5340377775055,300.2709448897078,758.1518433084123,294.72735435223035,817.5243918698337,30.44003107281284,8.373943567899872,11.75571,12.198055555555554,114.69165792131466,139.59298743877906
68.9,190.7983111134839,725.7585521755128,300.5463414703566,758.9416291913572,295.329737178699,818.547870901714,30.518239811848193,8.355756416052584,11.996133,12.37111111111111,114.6549029368239,139.77366241499175
69.0,190.97976776723894,726.9608026758923,300.83609639298294,759.7241085933703,295.93587105397665,819.5741976799635,30.613350805839904,8.332760681104535,11.842876,12.181944444444444,114.63789580138719,139.97508546636604
69.1,191.16122442097904,728.1630531770627,301.13473990468515,760.5000611431298,296.54781008478443,820.6140871077442,30.34234176874304,8.296284089014971,12.288825,12.166944444444445,114.62921177449678,140.19103435215328
69.20000000000002,191.34268107473412,729.3653036774422,301.44010295112014,761.2719057206621,297.16918431775616,821.6795794524493,30.158135837608437,8.304916186175769,12.380053,12.14111111111111,114.62754275378727,140.43209854057375
69.30000000000001,191.52413772848917,730.5675541778216,301.7510519445465,762.0418762258422,297.79087209532855,822.7416662477882,30.528839531058058,8.302939668861482,12.233276,12.173055555555555,114.63248041448188,140.67226368008428
69.4,191.69887376543457,731.7475407805732,302.0670353104748,762.8105609529008,298.4120957965034,823.7923129966993,30.66119278173327,8.319055324026285,12.178028,12.021944444444445,114.65619174322218,140.9253413995181
69.5,191.87360980239495,732.9497912809527,302.3807193192471,763.5895064393466,299.03880827433863,824.8456618117172,30.84052857160921,8.47643755837326,12.335772,12.103888888888887,114.67612392628668,141.17092754578792
69.6,192.05506645613508,734.1297778829133,302.6775583895636,764.3857549428477,299.6713159310167,825.8990605234352,31.125575074686775,8.521394361110511,12.238395,11.971944444444443,114.6854823829622,141.43146180180682
69.70000000000002,192.22308187628585,735.3208964348744,302.95729389837686,765.1970129808711,300.3169699249584,826.9689169620988,31.096640706032662,8.641881368108635,12.7533,11.99,114.69371409115404,141.71678905492286
69.80000000000001,192.39781791324617,736.5008830368349,303.2342602939171,766.0181631374446,300.9763803520426,828.0599399960914,31.2006325458489,8.690171980459839,12.743011,11.97111111111111,114.69955006076367,142.0294516378346
69.9,192.56583333336707,737.6697376903772,303.5141360075999,766.840964963944,301.6483973802528,829.1692004690873,31.216102406317432,8.691816476661494,13.195884,11.821944444444444,114.71916303277003,142.37681506423533
70.0,192.73384875351783,738.8608562415473,303.80297397430377,767.6668852639493,302.3372234265357,830.3116623133541,30.960849708586665,8.808086386630688,13.485265,11.92611111111111,114.74379236085105,142.74505130090202
70.1,192.9018641736686,740.0297108950895,304.10651647207067,768.4951186013483,303.0419505848929,831.4960993209176,30.55233080065841,8.834470573565746,14.079608,11.853055555555557,114.7900436827691,143.1675202213701
70.19900000000001,193.0631589769948,741.209697497841,304.4079418905455,769.3187146094596,303.73749609828974,832.6897176352525,29.902287263770567,8.883668527156505,13.829683,11.865,114.83804911721111,143.58761430422626
70.30000000000001,193.22445378033595,742.3896840998017,304.7077890983287,770.1703404655482,304.44168297990325,833.9161954735076,29.823585781031397,8.995144571432775,14.175442,11.935,114.89255381327244,144.03601756182448
70.4,193.38574858366215,743.5696707017622,305.0008836612525,771.0275907944915,305.1477654218783,835.1361639370131,30.301146103272913,9.12444577791857,14.016117,11.89111111111111,114.94292389793921,144.48242485211463
70.5,193.54704338698835,744.7496573045139,305.28677586918377,771.8963050091846,305.8512646894265,836.3271537133405,30.845456008647165,9.166977859347327,13.649103,11.938055555555554,114.99003564132896,144.90919905532448
70.6,193.70833819034442,745.9185119580561,305.564597596895,772.7744294000655,306.5622552534331,837.502681517642,31.483730992422867,9.25370800301282,13.827663,11.863888888888889,115.03505148465644,145.3398318094578
70.69900000000001,193.88307422728982,747.0984985608077,305.8353046353505,773.6576407341371,307.2647196932509,838.6498617650278,31.47777509614248,9.408433624167934,13.347462,11.860000000000001,115.05950602328619,145.72937120951264
70.799,194.05781026423531,748.2896171127687,306.1111614970453,774.558783346452,307.96155112828376,839.7944381919746,31.19043676188439,9.440123242697888,13.452841,12.00111111111111,115.09136638825854,146.10679129856274
70.899,194.23254630119564,749.4696037147294,306.39613382650117,775.4575591358986,308.6565192424648,840.9448820534207,31.080715344116843,9.417634890478062,13.428405,11.966944444444445,115.13489563776723,146.49427337205145
71.0,194.40056172133148,750.6384583674806,306.6916231744565,776.3631054508727,309.3517848114947,842.1074063315854,30.683157118809422,9.444557476440579,13.394903,11.86888888888889,115.1999997822681,146.90252595372414
71.1,194.58201837508653,751.8295769194416,306.99469188115825,777.2670432569776,310.0351444836606,843.2762968263718,29.947765788759053,9.623550902801645,13.685429,11.97111111111111,115.25482141088915,147.28179422446905
71.20000000000002,194.77019564565117,753.0206954706116,307.3127652894893,778.1864094799188,310.71948074853583,844.4745030966573,29.520052794693797,9.833279494903373,13.911969,12.08,115.32191094339528,147.6754402233892
71.30000000000001,194.94493168258168,754.222945971782,307.6368820274598,779.1206244581522,311.4101802475993,845.7044429144081,29.120128253692506,9.943666113054984,14.300383,12.195,115.40957528101012,148.09800270825752
71.4,195.13982956994107,755.4140645229521,307.9617133374306,780.0640694235767,312.1084552547439,846.9672488122073,28.764321462916286,10.012329165441118,14.559879,12.041944444444447,115.48333298985499,148.53836187360437
71.5,195.3145656069014,756.6163150233315,308.28071137846854,781.0089261276877,312.81097357421004,848.2546326462364,28.479847917633847,9.933193651643535,14.772031,12.139999999999997,115.56967408006011,149.0066681124594
71.6,195.5027428774661,757.8185655237111,308.5870740747637,781.944447516015,313.52587098239957,849.5907985047608,27.83326504582875,9.755012668719198,15.536322,12.15,115.6292529779842,149.50452004538727
71.69900000000001,195.69092014798593,759.0430799225093,308.8950250347871,782.8528697308742,314.2545317965775,850.9814043205716,27.481867165285976,9.624356480962911,16.179913,12.318888888888889,115.68092087263312,150.03328130878626
71.80000000000001,195.87909741858047,760.2453304236798,309.21622365543357,783.7742958723029,315.0172995265895,852.4517315508855,27.3580280674464,9.69868651502621,16.620201,12.263055555555555,115.75368848857852,150.65168970297003
71.899,196.0739953059398,761.4809767716876,309.5265303649559,784.6871194562494,315.7660282709522,853.9012694907282,27.27663081828115,9.778702177820936,16.339172,12.458888888888888,115.80156635215914,151.22067736116898
72.0,196.26217257653434,762.7166231189042,309.84235736682746,785.6166220408421,316.5294923371238,855.3830671417811,27.241330888523137,9.660874553892691,16.669024,12.523055555555555,115.86573405291959,151.82653934750954
72.1,196.46379108067342,763.9634014161214,310.1557663004623,786.5220002009481,317.2888699539403,856.8653543350073,27.010715375982993,9.500964057431457,16.64068,12.541944444444445,115.90839317543778,152.4121797655097
72.20000000000002,196.6586889680328,765.2101797125475,310.4690554886232,787.4126500391384,318.0815420109216,858.4194878601371,27.03506608227606,9.381970963974991,18.251497,12.578055555555556,115.95580716874112,153.07346068612705
72.30000000000001,196.85358685540706,766.468089958974,310.77001895913315,788.300412301023,318.89902815573,860.0150987453285,27.22356919687409,9.367666953618498,17.605253,12.713888888888889,115.9896711008785,153.77299046017427
72.4,197.06864659318032,767.7371321538191,311.0419449456372,789.1989976566398,319.6742249725465,861.5342740164322,26.831952543902197,9.41228858690597,16.505493,12.813055555555556,115.97639590968208,154.36978872607835
72.5,197.26354448055457,769.0061743486641,311.28745727258035,790.1095547174012,320.3824764542864,862.9539376647393,26.16932685383344,9.450466419379998,15.225558,12.805,115.96036112133793,154.8691500669055
72.6,197.47188360153316,770.275216543509,311.52589545620634,791.01742544026,321.0481438799343,864.3183648217594,25.84274091060889,9.322963415942205,15.137533,12.85611111111111,115.92478962699214,155.29071396088085
72.70000000000002,197.6735021057021,771.544258739145,311.7761330426404,791.9102570521067,321.71164294508503,865.6909553694379,25.755364846851418,9.222976345752233,15.353365,12.938888888888888,115.90592855421464,155.7210996277865
72.80000000000001,197.8751206098711,772.8244328831994,312.041208416215,792.7906081823578,322.37270559410973,867.0770682445566,25.23941635233614,9.165427718558247,15.360544,12.903888888888886,115.89885142262001,156.1512341913079
72.90100000000001,198.07673911404004,774.1046070272538,312.31855456902076,793.6717388539951,323.03218530417126,868.4853573952715,24.947179228929667,9.126836249544912,15.432697,12.910000000000002,115.90541422373221,156.59370859841357
73.0,198.28507823501863,775.3736492220987,312.59546133443524,794.5332991303611,323.67247644773664,869.8563612280683,25.12188551982094,9.155320208800916,15.136034,12.96111111111111,115.90494324636275,156.99994426291275
73.1,198.48669673918755,776.6315594677344,312.87729934782266,795.4041416604202,324.3027741133112,871.2009688892716,25.108421011635365,9.150961189798485,14.5641,12.75388888888889,115.92074795888708,157.39459496485196
73.20000000000002,198.69503586016614,777.9228655609982,313.16517850508154,796.267928277951,324.9191903863142,872.5157848208651,25.12818805556738,9.05952663421746,14.478696,12.95111111111111,115.93081938482196,157.73508664829333
73.30000000000001,198.8966543643351,779.1807758074248,313.4591518198476,797.1169864502469,325.53763078072626,873.8208405838647,25.58368950269636,8.910789424811767,14.405016,12.846111111111112,115.95806774635388,158.09705490168272
73.4,199.09827286850407,780.4498180022697,313.74619017777025,797.9648182618502,326.15668940464224,875.1069338573858,25.826050650036684,8.992256845167194,14.141638,12.843055555555555,115.9781021462476,158.4418214824598
73.5,199.2931707558634,781.7188601971147,314.0203551336712,798.8299415497712,326.7725846621807,876.3960029075228,25.25509820718885,9.159018929899059,14.431613,12.813055555555556,115.99618933532574,158.7915687991813
73.6,199.49478926003235,782.9990343411691,314.2782450864473,799.7134257546318,327.3706632282723,877.6860029129094,24.480745747069587,9.249830246211706,14.007025,12.918055555555556,115.99401972419523,159.1158733767531
73.70000000000002,199.682966530597,784.2569445875957,314.51338853698775,800.609916799868,327.9478506324001,878.9599898066798,24.26531361610035,9.288230955762286,13.965782,12.785,115.98898878057835,159.4382239847674
73.80000000000001,199.87786441795637,785.5148548332313,314.71840977399864,801.5243387428324,328.5222491468687,880.2278683256238,24.4801727892744,9.458827134597431,13.872726,12.676111111111108,115.95108638009813,159.74959357410128
73.9,200.066041688521,786.7727650796579,314.8984375593893,802.4590717107178,329.1060513217844,881.5021021905388,24.747744079600476,9.580066421656536,14.159452,12.79,115.89883242365924,160.07801659072248
74.0,200.2542189590857,788.0306753245025,315.0847679147226,803.401982754487,329.70333247962196,882.7955195693368,24.825379860840698,9.644480415536185,14.333875,12.69,115.8547887036182,160.4289521750996
74.09900000000002,200.43567561284075,789.2774536225105,315.3062557553111,804.3222951657021,330.27821695597754,884.0447195189377,24.591114607145517,9.486193590176937,13.446662,12.684999999999999,115.8516181990025,160.74800225174903
74.20000000000002,200.630573500215,790.5242319189366,315.57146855208174,805.2297291649365,330.8231108071268,885.2292550886791,24.82403627481107,9.238239063786718,12.372272,12.563888888888888,115.87778477592828,160.99421785888177
74.30000000000001,200.82547138755942,791.7376143685256,315.8365632216826,806.1262415534479,331.3523263937631,886.3749693419735,24.76244331183451,9.462102968410429,12.868416,12.393055555555556,115.90765219407992,161.22496343364733
74.4,201.02036927493367,792.9843926657427,316.07424792112664,807.054052063619,331.8851747155481,887.5424762839025,24.30006637116396,9.697103704071596,12.798891,12.52111111111111,115.91095852897236,161.45224829821592
74.5,201.20854654548342,794.208907064541,316.2793697692896,808.0075103790969,332.4090868845301,888.7164592697052,23.801593089400175,9.81193887598096,12.912984,12.376944444444444,115.89519321713443,161.69495727780026
74.59900000000002,201.3967238160481,795.4334214633393,316.4657610080126,808.9596524512825,332.92878572015246,889.9113860125191,23.219900552682475,9.788356533227326,13.411578,12.421111111111111,115.8613060733604,161.94680945946794
74.70000000000002,201.57818046980316,796.6690678105559,316.6614900942779,809.9282213138524,333.46155200339973,891.1604326715628,22.98090266759956,9.779230881978995,13.478064,12.46,115.84460844487627,162.24007433542616
74.80000000000001,201.76635774035287,797.9047141577728,316.86090008491004,810.8840336795135,333.9766169665302,892.3902433599584,22.462948820801323,9.74861621409102,13.188489,12.541944444444445,115.82407527258962,162.502516513653
74.899,201.961255627757,799.1069646589433,317.0639062539744,811.8166559590438,334.4729968833504,893.5999585354152,22.156929197633005,9.534054626140074,13.227659,12.235000000000001,115.80222983226581,162.75222721157547
74.999,202.1628741318961,800.3314790577414,317.2724186853851,812.7430825604906,334.9738253734781,894.8270089773307,22.249175402649062,9.457994509732075,13.278816,12.37111111111111,115.77674701260666,162.9974047170012
75.09900000000002,202.35105140246077,801.5448615073304,317.4772606340886,813.6678664222437,335.4771087134445,896.0526651114442,22.399576823870937,9.48602850141373,13.220468,12.223888888888888,115.76273709709686,163.26136125011658
75.19900000000001,202.55266990662972,802.7582439569192,317.6835173890753,814.5953575626288,335.9815775261547,897.268625829101,22.666002198606755,9.517027152722624,13.108669,12.31111111111111,115.73776091034689,163.5098947163913
75.30000000000001,202.74756779398908,803.9604944580897,317.89726374439385,815.5318866359851,336.4879141280568,898.4786816599219,22.747597118211335,9.505038743828425,12.86601,12.158888888888889,115.72964008587137,163.76864153273354
75.4,202.9424656813484,805.1738769076785,318.1132416687521,816.4578920774278,336.9861628740104,899.6707678576998,22.619254572102037,9.512187046401253,12.97445,12.23611111111111,115.72223917593305,164.0041924961014
75.5,203.13736356872272,806.3649954588486,318.33532536670526,817.3839503525212,337.4853381597771,900.875495240707,22.39494159530833,9.534275273424301,13.106582,12.146111111111113,115.72375628780046,164.2608073940197
75.6,203.33226145609697,807.5449820616002,318.5594564804554,818.3076839767518,337.9835636025572,902.0846094271957,22.394082158615635,9.476459355412402,13.048232,12.061944444444444,115.7287441636517,164.52572538105696
75.69900000000001,203.5271593434563,808.7361006135613,318.77592070465033,819.2124685060213,338.4804646541028,903.2826673379457,22.65784327960416,9.317880894316566,13.154203,12.033888888888889,115.72394427908002,164.77696408672244
75.80000000000001,203.72877784761036,809.9272191647312,318.99491500824604,820.1239795392281,338.9951724921611,904.5135559021245,22.727285764374013,9.245546624715542,13.265018,12.046111111111113,115.71627499219541,165.0562710639462
75.899,203.9236757349846,811.0960738182735,319.2109086418336,821.0161115847172,339.49591778167627,905.7233948732024,22.24003672581686,9.298036977123363,13.187189,11.921944444444444,115.71323701550189,165.33046514057642
75.999,204.1252942391685,812.2760604202342,319.4300634315246,821.9188783791127,339.9893022363177,906.9500006570986,21.585145965982367,9.28173074304191,13.255557,11.991944444444446,115.70727607497544,165.59644811717064
76.09900000000002,204.33363336011726,813.4449150737762,319.6531173054218,822.8141519873286,340.4777402010268,908.1795283040886,21.746720064209295,9.171273437304876,13.204325,11.813888888888888,115.69946403399466,165.8609802557729
76.19900000000001,204.54197248109583,814.6137697265276,319.87605612188287,823.7033046866509,340.9773710336557,909.4219744385078,22.06241980932636,9.162311729537427,13.578632,11.806944444444445,115.69170452133275,166.14214895355303
76.30000000000001,204.7435909852797,815.7714924308602,320.10568888223577,824.6015055645663,341.5158310117464,910.7605051943718,21.77915234020266,9.196413826416428,14.991284,11.801111111111112,115.69953657266004,166.5219450632378
76.4,204.94520948944867,816.9403470844026,320.34419889788074,825.4871065559214,342.11111068988555,912.2521715584837,21.734748111080023,9.146983072153912,17.129904,11.811944444444444,115.71505456919344,167.02942356574803
76.5,205.1535486104272,818.0980697887352,320.58439946004574,826.3701037573659,342.7776292862247,913.9228216917411,21.76368247973413,9.154790398320744,18.844082,11.756111111111112,115.72686755393089,167.69845157046336
76.6,205.36188773140577,819.2557924930682,320.8198524897417,827.257063499834,343.4578941660212,915.6280020885964,21.733602195489762,9.19889681470445,17.87322,11.806111111111111,115.73487790575862,168.39866322365444
76.70000000000002,205.56350623555983,820.4135151974008,321.05112764471255,828.1452419903557,344.09043172042817,917.2140420282917,21.753082760524215,9.157041064287982,16.277191,11.753888888888886,115.74614593127794,168.99719251818445
76.80000000000001,205.7718453565384,821.5489740033148,321.2856044661961,829.0241362549837,344.7126313057456,918.7696343185456,21.84475600774514,9.036161163219795,17.231026,11.578055555555554,115.75537393284515,169.5771175374582
76.9,205.9734638607223,822.7066967076476,321.5349161976601,829.8874827572188,345.34177795575107,920.3344007747006,21.965077144722606,8.937795618810833,16.499214,11.686944444444444,115.78433812270148,170.16079329591375
77.0,206.17508236489124,823.8532874627708,321.8049205313194,830.7377088725964,345.9351267287082,921.8053884523514,21.970233764878785,8.905189548705703,15.223759,11.67,115.83460075703819,170.6677593713853
77.1,206.3699802522506,824.9998782178942,322.08408562039494,831.5861588610383,346.49517095514915,923.189991211163,22.076517435875548,8.958830511069438,14.647808,11.621944444444443,115.90139461568297,171.10338207982502
77.19900000000001,206.56487813962485,826.1242050753897,322.3569719375828,832.4323089505971,347.02290691821077,924.4934655130701,22.004195838185147,9.002154684960283,13.761371,11.478055555555557,115.96379245529828,171.47877200231596
77.30000000000001,206.7664966437789,827.2596638805128,322.627801082187,833.301442351226,347.5431192187703,925.7839845742365,21.90495095370156,9.025072872669309,13.791587,11.501111111111111,116.01872673520707,171.82869152671006
77.4,206.95467391434354,828.3951226872176,322.8787667273316,834.1691324988041,348.06003878765796,927.0627105809908,22.11665885900239,9.041666628932598,13.793572,11.47611111111111,116.067801236254,172.18018729460906
77.5,207.14285118490824,829.5083175955036,323.1256262300654,835.0325010273153,348.57926963699254,928.3236713115446,22.650655524064284,8.918656900172346,13.48032,11.333888888888888,116.1142571339275,172.53618343576335
77.59900000000002,207.32430783864834,830.6437764006267,323.38630171142705,835.8714172641687,349.09329679576473,929.5515719221398,22.780267171689825,8.829815531208784,13.411643,11.45611111111111,116.17966539254233,172.86178942973035
77.70000000000002,207.5124851092279,831.7569713089126,323.66921778396363,836.7128276604309,349.6140095238859,930.7960142515221,22.630965829434636,8.749441638598396,13.301085,11.32,116.26240603843921,173.20962810409154
77.80100000000002,207.7006623797926,832.8812981656173,323.9644603276028,837.5431880169875,350.1386276037597,932.05849054249,22.50162920155078,8.702145353309902,13.771002,11.355,116.35722551795203,173.56465488371552
77.9,207.88211903354764,833.9833611246939,324.25898389132664,838.3509562907836,350.64721862400154,933.2998255805412,22.050115540675936,8.667310310965924,13.329882,11.27111111111111,116.4587934063401,173.9127188364376
78.0,208.07701692090697,835.0965560329801,324.55723936735774,839.1602237828275,351.14475493927057,934.534586517506,21.84270481883859,8.582303588325853,13.294789,11.208888888888888,116.5510858669099,174.23059308953933
78.1,208.25175295785243,836.1986189912658,324.85408253765655,839.9607303377013,351.6339437948071,935.7537077949363,21.885390174575836,8.493136263092733,12.977345,11.21111111111111,116.66300504110222,174.55563112060182
78.19900000000001,208.41976837795838,837.3118138995517,325.1479715724679,840.7451359163641,352.10586854043845,936.920964413401,22.14716599680423,8.429243944003613,12.458027,11.25,116.77868436101612,174.83614685182505
78.30000000000001,208.6012250317433,838.4138768586283,325.4506550487417,841.5453983953064,352.58884584720863,938.0981124107275,22.4654440519994,8.513168243508227,12.737664,11.19,116.89138429513136,175.1267591366454
78.4,208.76924045187914,839.515939816914,325.750871354147,842.3425621633071,353.07878345342453,939.2823481566732,22.48578405372654,8.523274664466463,12.893982,11.19888888888889,117.01577569902088,175.4382524831185
78.499,208.95069710563416,840.6180027759908,326.0484204349208,843.1293325264161,353.5683546623733,940.4648999428586,22.492874406441285,8.469829258148568,12.962305,11.09388888888889,117.12464977970063,175.73750240358297
78.6,209.1321537593892,841.6978018366485,326.35512692579135,843.9311174875481,354.07145891721365,941.677322441097,22.579677512403602,8.529095362647933,13.031014,11.00611111111111,117.24424564458414,176.07755881976638
78.70000000000002,209.32033102995388,842.7776008980974,326.6594599501335,844.7295101655176,354.57270270919435,942.8835236232807,22.551602580442186,8.55953777233574,13.093049,10.98111111111111,117.35536257681102,176.40704986792502
78.80000000000001,209.4950670668993,843.8685319071736,326.9608552425121,845.5286315062394,355.07909023780064,944.1044658665872,22.50146877336824,8.52185635143073,13.34275,10.99,117.47751837009815,176.75392572540352
78.9,209.66980310384474,844.9483309686225,327.2556422675518,846.3303885264661,355.59477338751003,945.3453227573802,22.631816671760497,8.563233416968503,13.5322,10.915,117.59396096282488,177.12609325709323
79.0,209.8512597575998,846.0392619776989,327.54277666443664,847.1408024439031,356.11729209773983,946.5926170281864,22.828054716592792,8.632501399377237,13.5142355,11.024999999999999,117.69667175936178,177.4957166481386
79.1,210.03271641135484,847.1190610383566,327.8269184903545,847.9606704895156,356.64110822131045,947.8369768901415,22.82948711108062,8.721735082018263,13.488096,10.956111111111111,117.79720858278641,177.87107444053035
79.20000000000002,210.20073183149066,848.187728150596,328.11332751116856,848.7904058768163,357.15964857608157,949.0669988995046,22.888788242876675,8.833795255540588,13.20901,10.834999999999999,117.91413588014322,178.25136879579696
79.30000000000001,210.38890910205535,849.2452633128349,328.4053811034281,849.627346800177,357.67809839145957,950.2898526209972,23.06096206031348,8.894939027933818,13.355368,10.811111111111112,118.0170905057488,178.61722848030402
79.4,210.56364513901568,850.3027984750739,328.69836897764355,850.4718099184638,358.2032173215923,951.5161696302943,23.301317855370847,8.982128474476458,13.325046,10.73,118.13484473810794,179.0016474082254
79.501,210.7451017927558,851.3714655865224,328.99501360022356,851.3315712527061,358.7437786957735,952.7694839057123,23.3594759363656,9.027797323324371,13.7030525,10.736944444444443,118.24991853710418,179.4022477119576
79.6,210.91983782970127,852.4290007495523,329.29437204415046,852.1768075430482,359.2814990859107,954.0231624629422,23.0724584584728,9.087297634527674,13.855234,10.745000000000001,118.37480285897507,179.8125585851796
79.701,211.1080151002659,853.4865359110004,329.6143552636681,853.0438893586261,359.83975227069976,955.3280851676745,23.248090076203223,9.214994910808134,14.25015,10.77,118.50716685033996,180.2576788842423
79.80000000000001,211.27603052040172,854.5440710740303,329.93936752288226,853.8999582658903,360.4383995465715,956.7008477072472,23.840559949047332,9.28381405387128,16.005135,10.700000000000001,118.66508513406072,180.79109310358248
79.9,211.4574871741568,855.590474287851,330.27108714448804,854.76892091012,361.09072502046916,958.1767647548231,23.848294879281596,9.318701845726608,16.267824,10.65,118.81644030967414,181.42230529939
80.0,211.63894382791182,856.64800945009,330.60983893858315,855.6457567390904,361.7947630203859,959.8029216199177,23.03813255696666,9.481388752725119,19.17346,10.703055555555554,118.97511670064067,182.17493225503847
80.1,211.82712109847648,857.6944126639105,330.9575877459243,856.5374753740605,362.56538066164865,961.622830247551,22.866245218427423,9.661150726555936,20.35338,10.638055555555555,119.13608432180118,183.09325186246983
80.20000000000002,212.00857775223156,858.7519478261495,331.314678642675,857.4374067352148,363.3810433897116,963.5193967034522,23.66494838483997,9.703074945088925,20.938154,10.713055555555556,119.31334262336475,184.09193816522307
80.30000000000001,212.19675502278128,859.7983510399699,331.68118444387534,858.3384224735236,364.148126146752,965.2544655812135,24.078910391821967,9.75106684503814,17.00352,10.698055555555557,119.49334820609695,184.9600261694147
80.4,212.37821167655127,860.8558862022089,332.0541888371224,859.2374546782902,364.8536975141889,966.8357036283913,24.016457992152713,9.715992868032894,17.62679,10.708888888888888,119.6869200453214,185.68924439264273
80.5,212.5731095639106,861.9134213644479,332.4416699127774,860.1218226739308,365.5760896812577,968.4543856121488,24.084067011978146,9.596675388378147,17.82449,10.726111111111111,119.88194854096167,186.4427230749948
80.6,212.75456621766565,862.9598245782686,332.8472551487842,860.9872654391804,366.3318098908224,970.1108017501767,24.946368493649985,9.51974294687718,18.589876,10.711111111111112,120.10888778214375,187.26265426704532
80.70000000000002,212.949464105025,864.0284916905078,333.272866773177,861.8338929181648,367.1362316258723,971.8033541874511,25.886878714357444,9.434752284726622,18.89113,10.758055555555556,120.3434148319459,188.11959032690572
80.80000000000001,213.13764137558965,865.1082907503749,333.7168414977508,862.6692425632953,367.98245158849255,973.5434846711137,25.97797900378324,9.48561719716093,19.808455,10.89388888888889,120.60386585080548,189.03731518009386
80.9,213.33253926294898,866.1658259134048,334.16832768498017,863.5117015476297,368.88973646563284,975.4255175260809,25.521045162166434,9.630670518258798,21.978064,10.863888888888889,120.864933457653,190.09398152716923
81.0,213.52071653351368,867.2456249740626,334.61974906085413,864.3656327831766,369.84208300893715,977.4394734412081,25.101067098335566,9.687625570056237,22.57774,10.908055555555555,121.13327385189186,191.2565132400564
81.1,213.7088938040634,868.3365559839299,335.0666368337909,865.2266451008715,370.83451285533675,979.5591954829781,25.076716392042506,9.714086938927807,24.233109,11.005,121.39758374436427,192.50697571615717
81.20000000000002,213.90379169143768,869.4163550445876,335.51699940566925,866.0910094305411,371.85939930137005,981.7565075784241,24.93462285885003,9.779314025041039,24.258465,11.0,121.6586627166257,193.8305544715502
81.30000000000001,214.0919689619874,870.4961541052455,335.9828302674473,866.9540685203888,372.86451747115933,983.9362419299616,24.572227053429806,9.836471316566627,23.748043,11.023055555555555,121.94231603539976,195.13425041692875
81.4,214.28686684936167,871.6204809619501,336.4642390331014,867.8178936235598,373.84816188167866,986.0885962028663,24.549308741624575,9.94197999600651,23.581379,11.31,122.236532772286,196.37402139590097
81.5,214.48848535351573,872.7225439210267,336.9474550483371,868.6947959953216,374.81341054725317,988.2037089864166,24.510061132658116,10.083402361156429,22.917686,11.208888888888888,122.52518929620226,197.58537679503846
81.6,214.6901038576996,873.8357388285218,337.43203073412275,869.5802688669828,375.74402697802986,990.2563470208165,24.262543365161616,10.104859242993562,22.157333,11.245,122.81567342131365,198.72625434077162
81.70000000000002,214.88500174505893,874.9489337368079,337.9374656363012,870.4627234289131,376.63569205216675,992.2329229947633,24.300072100742693,10.235932658257502,21.210487,11.34611111111111,123.13421519883151,199.79694680121136
81.80000000000001,215.0866202492279,876.0509966958846,338.4713165069579,871.3401016770005,377.4857790716749,994.121668088828,24.15969744093565,10.30648548034561,20.214203,11.235,123.47459577780056,200.78388936719696
81.9,215.27479751979257,877.1864555017985,339.02656815352327,872.2050694338515,378.2536462769072,995.8408103414541,23.962313480513092,10.25169164920037,17.442566,11.403055555555556,123.85198804274975,201.59603434742797
82.0,215.48313664077114,878.3107823585029,339.58963233751854,873.059768910997,378.9276178783185,997.3630456116787,23.792431494256814,10.218321298936754,15.852743,11.489999999999998,124.21753264476264,202.2066760339886
82.1,215.6847551449401,879.446241164417,340.15677042277895,873.9120568793244,379.5498749305221,998.7678965176977,23.994399117040416,10.256578969588636,14.877159,11.475,124.59498297695582,202.70529080068496
82.20000000000002,215.89309426591865,880.5928319195402,340.72236590254937,874.77164769082,380.1434564185735,1000.0949589633352,24.207539416829132,10.323754229266772,14.198198,11.608055555555556,124.96492805245974,203.12296727664648
82.30000000000001,216.087992153278,881.7282907262452,341.2688555754447,875.6476015479763,380.7138906853318,1001.3743421343415,23.848581358179693,10.327650141443401,13.817767,11.63111111111111,125.32846184327752,203.51133650250276
82.4,216.29633127425657,882.886013430578,341.79110251007984,876.5379175168579,381.2536894601901,1002.6116764423999,23.277342436434296,10.317481099883254,13.181671,11.749999999999998,125.65522643034552,203.82630939921057
82.5,216.50467039523517,884.0326041857014,342.3061530300681,877.4311422011167,381.76081524411296,1003.8016583601229,22.87885028992083,10.304331754932052,12.689191,11.685,125.97457018563745,204.09365435541793
82.6,216.6995682825945,885.2014588384525,342.8297084193683,878.3188620331578,382.25605437935087,1004.9808068015672,22.68719590744958,10.308168595323304,12.889374,11.741944444444444,126.31778334702697,204.34295262419593
82.702,216.90118678676345,886.3703134919948,343.3807388011688,879.2081954189659,382.75668623332365,1006.2004543091081,21.948492881343284,10.208480591593258,12.962097,11.911944444444446,126.6821732251885,204.6150271727791
82.80000000000001,217.1028052909324,887.5503000947464,343.94020101114256,880.0329417188922,383.2171997103772,1007.3688473242189,21.064413273878355,10.136499876680828,12.66871,11.89888888888889,127.05996863700311,204.8181542088499
82.9,217.2977031783067,888.7302866967069,344.545061746064,880.8407206569092,383.65082392960585,1008.5208151577103,20.164010098830317,10.051115204074877,11.949603,11.996111111111112,127.4917076313896,204.99544261437322
83.0,217.50604229928527,889.9214052486681,345.1832150986103,881.6143863197735,384.06159294772453,1009.6464174491953,19.933967544085306,10.01309662487262,12.014683,12.048055555555557,127.94712586656142,205.1215005751986
83.1,217.70766080345422,891.1125237998381,345.8278504747253,882.3779633464693,384.4824747549255,1010.7898817280485,20.473407308200944,9.97482941589959,12.354847,12.108888888888888,128.41758270469055,205.27179194722504
83.20000000000002,217.90927930760827,892.3147743010085,346.444602687459,883.1608260735052,384.9289310537048,1011.9724450720045,20.883645089514708,9.96166617693903,12.925974,12.15,128.8608711925952,205.45929583186893
83.30000000000001,218.11089781179214,893.517024801388,347.031702724334,883.9675038691133,385.3971142305817,1013.1886463374171,21.222549625334572,9.995655048885713,13.138223,12.223888888888888,129.27400082512196,205.6841637189813
83.4,218.3192369327707,894.7192753017673,347.59463275653616,884.7887050564102,385.8795920218872,1014.410681713689,21.867127144856713,9.917831075201045,13.138839,12.211944444444445,129.65625395941842,205.91868629741842
83.5,218.52085543693968,895.9215258021469,348.1654882944073,885.6018922643875,386.374454916668,1015.6158508152035,22.788443279427025,9.95782641769212,12.918264,12.21,130.05470258741596,206.15907037681436
83.6,218.72247394109374,897.1460402009451,348.7755381853964,886.4002805594622,386.88014103765045,1016.7931554724706,23.70889997730464,10.141346687692737,12.708836,12.311944444444444,130.49624848862604,206.37934294922567
83.70000000000002,218.917371828468,898.3705545997434,349.41708082149995,887.1886280761487,387.38265471528933,1017.937232056584,23.716348428641343,10.188105214131516,12.282613,12.353055555555555,130.97789709735417,206.58349860578141
83.80000000000001,219.12571094946148,899.5728051001229,350.06452859178717,887.9688460286773,387.87892352652125,1019.0906787228242,22.861781877203768,10.089314909451565,12.831603,12.31,131.4519905961945,206.79015660898935
83.9,219.3273294536155,900.7750556005025,350.69622063939124,888.7443888942443,388.3815578260329,1020.2940279331251,22.48448916911014,9.916165441836165,13.250644,12.221111111111112,131.9186207962214,207.03651097823223
83.999,219.51550672418017,901.9884380500913,351.3051829745867,889.5095559856122,388.89145160961175,1021.5172909525448,22.768386891808458,9.839869505685492,13.522749,12.248055555555556,132.37915721051465,207.30498638964073
84.09900000000002,219.71712522834912,903.1795566020522,351.908633041631,890.287668885971,389.42025595720384,1022.7713109176834,22.95946831648463,9.854546426137519,13.696401,12.111944444444445,132.81865647126915,207.60862284468112
84.19900000000001,219.91874373253302,904.3595432048039,352.49835066610854,891.0785212000989,389.9599185367707,1024.0429221070137,23.031947477568675,9.876933877112386,13.93135,12.008888888888889,133.24315262012846,207.93776067433075
84.30000000000001,220.13380347030628,905.5506617559739,353.0781480509523,891.8898751096018,390.51187448248606,1025.3387243158706,23.11180633505401,9.871003427691887,13.958948,12.14388888888889,133.6443633221216,208.27353891861807
84.4,220.3488632080795,906.7529122571444,353.63445075563476,892.6999937768406,391.05917685742713,1026.6242328898247,23.011825199803685,9.784515274315376,13.984378,12.186944444444446,134.0243722824736,208.59325179995992
84.5,220.55720232905813,907.9440308075234,354.18303919470014,893.5066205690689,391.6102639525554,1027.9118021825986,23.33010325499884,9.725672707363266,14.026669,12.098055555555554,134.4035084826159,208.92921303511932
84.6,220.7722620668463,909.1462813086939,354.7370956652687,894.3055024516631,392.1596310301863,1029.1821022208771,23.445554250717695,9.718688145653115,13.65342,12.113888888888889,134.78436614880934,209.24203340208143
84.69900000000001,220.96715995420564,910.3262679106547,355.2859724475383,895.0925115476122,392.69344775320957,1030.4234129987592,23.093872756066332,9.66526889539718,13.644211,12.058888888888887,135.1799198200221,209.55486675221732
84.80000000000001,221.18221969199382,911.5396503602434,355.84326564897214,895.8941387019584,393.22609418690183,1031.685832697856,22.655806414643163,9.667608607868516,13.488427,12.18888888888889,135.5668814027857,209.84327456824184
84.9,221.38383819616277,912.719636963786,356.3955923128384,896.688816677187,393.73947650087985,1032.9329745713685,22.09287538092716,9.687782317209987,13.485398,12.04,135.96014470690636,210.1373660113333
85.0,221.59217731714133,913.9107555141651,356.9476395560941,897.4868877949002,394.25411497793635,1034.2020577289838,22.054773687550963,9.720229359901916,13.903833,12.108888888888888,136.34824747234737,210.4332248132816
85.1,221.8072370549146,915.0684782177069,357.48709060062237,898.2982909417791,394.76438469684564,1035.4625606412521,22.022115093228507,9.769649017602605,13.293541,11.803888888888888,136.71233243367038,210.73421649803367
85.20000000000002,222.0155761758932,916.2707287188772,357.99808137914204,899.1284714889481,395.2607734303846,1036.7013877775064,21.650551963086084,9.73052325084521,13.398129,12.071111111111112,137.05874180178606,210.99156858283087
85.299,222.24407714728565,917.4507153216289,358.472335022449,899.9684413985275,395.73783068349366,1037.89424221996,21.95515351571145,9.760015931830326,12.555743,12.03611111111111,137.3454336526131,211.20304374651303
85.40100000000001,222.4389750346599,918.6195699751711,358.9474516028265,900.8460533046162,396.2082635591183,1039.0583215284153,22.05654985671576,9.807981996528698,12.062753,11.860000000000001,137.6606772822224,211.4267213717333
85.5,222.6741966228471,919.7772926795038,359.41730034970476,901.6986943178596,396.6578658015691,1040.1694305969731,22.004364860735247,9.859607011467093,12.151927,11.815,137.93299871885554,211.57642593925706
85.6,222.85565327660214,920.946147333046,359.8998800277028,902.5617446221552,397.1169745169599,1041.301622448186,22.14044233707881,9.91652985463577,12.282813,11.798888888888891,138.27185667677753,211.78396650980503
85.70000000000002,223.07071301439032,922.1038700365879,360.3877195798013,903.4217928764631,397.58033714424107,1042.4471443226937,21.907534993358077,9.85928716515986,12.431002,11.798888888888891,138.5820345466972,211.98139677774248
85.80000000000001,223.28577275217853,923.2504607925023,360.8846419652634,904.2716372486964,398.0438784824401,1043.604029514547,21.76286315008755,9.830452544805421,12.49494,11.668055555555556,138.90156425262663,212.19184014132404
85.9,223.50755310676138,924.408183496835,361.39243955988206,905.1108017032033,398.50783054089203,1044.7636676969473,21.84823386156204,9.787073618309503,12.485157,11.783055555555555,139.2286998297376,212.39241907155298
86.0,223.72933346134425,925.5547742511674,361.9058910666393,905.9499599334642,398.9776450714009,1045.9387170848352,21.73879892269206,9.888583551463462,12.824669,11.648055555555555,139.56041636539007,212.61294507709383
86.1,223.95111381592713,926.7236289047095,362.41982877610656,906.805260092526,399.44683465422224,1047.1268844882572,21.356349594442257,10.068305564628606,12.72449,11.863888888888889,139.89398285438006,212.827845893506
86.20000000000002,224.17961478733451,927.8590877106234,362.9314973795398,907.675913200152,399.90596974680136,1048.3054762544198,21.210818314478995,10.129383728027683,12.572831,11.648055555555555,140.21214446759333,213.042447274208
86.30000000000001,224.408115758727,928.9945465165374,363.439798969261,908.5499934165683,400.36090532403256,1049.479202856054,21.161830422995312,10.0932457526126,12.603354,11.646944444444445,140.52682550962197,213.25087706516965
86.4,224.62317549650027,930.1634011700796,363.94237377297793,909.4186143830739,400.81492372931353,1050.6534337384517,21.116280278282414,9.977533489936025,12.575614,11.785,140.8551922622621,213.451118745399
86.5,224.84495585109806,931.2877280267841,364.4385588494476,910.2835263401063,401.2647068173514,1051.8238226539768,20.926917726991686,9.965119636077262,12.501223,11.545,141.16497613273435,213.6653426247935
86.6,225.06001558887132,932.4343187826985,364.9456566924709,911.1413363970648,401.71036477503003,1052.997484173389,20.659346436665608,9.966615201350473,12.607349,11.568888888888889,141.49693878610933,213.8710422582141
86.69900000000001,225.2817959434542,933.5809095378219,365.46964742598857,911.9753826255137,402.14191038820906,1054.1388718178127,20.765134499169605,9.933772490005161,12.044071,11.616111111111111,141.84298536215172,214.04140335578882
86.799,225.50357629803707,934.7275002929453,366.0151837360014,912.8011709660361,402.57074882087045,1055.2585826582297,21.1493027008048,9.861516358919417,11.936512,11.693055555555555,142.2120801569004,214.1973982133719
86.899,225.71863603584018,935.8740910480685,366.56531853636227,913.6176132857101,402.99712882952184,1056.3574495405455,21.266472569909045,9.828350165212315,11.637285,11.67388888888889,142.59431536281252,214.34529078294716
86.999,225.9135339231995,936.9984179055641,367.10686253847587,914.4348007857762,403.4184554421225,1057.4340543087526,21.480472306390396,9.778894725270543,11.484986,11.508888888888889,142.98486934983646,214.50580336969912
87.09900000000002,226.1218730441781,938.1784045075245,367.6341940798989,915.2523505514407,403.83587415105245,1058.4907882223165,21.630014290919576,9.678705348542874,11.238809,11.771944444444443,143.35738890937634,214.609729193598
87.20000000000002,226.37725648279408,939.3249952626479,368.16090475456275,916.0750594160029,404.25364570612027,1059.5489854647699,21.458144141114182,9.665291863557798,11.289522,11.71888888888889,143.67728572786208,214.69470804667765
87.30000000000001,226.6259193045856,940.460454069353,368.683102687788,916.8859440125071,404.6662189650184,1060.595364616922,21.57961119368191,9.62433970429693,11.206055,11.633055555555554,144.00000303885108,214.78069055538757
87.4,226.82753780878437,941.6181767728948,369.20853828582966,917.6914135201245,405.08370618664645,1061.649067784974,21.647506692404907,9.609908870563673,11.461864,11.738888888888889,144.37741962162397,214.9015503943849
87.5,227.0224356961437,942.7536355788086,369.7466052847479,918.4904063890758,405.50879826976603,1062.7151787442042,21.8297072712565,9.656481947491534,11.4928665,11.598055555555556,144.77186493055254,215.05383852278862
87.6,227.21733358348817,943.9002263339321,370.2893108664025,919.2911522433359,405.9410880632588,1063.7851645693709,22.167752370383667,9.690450228508682,11.587478,11.638055555555555,145.1729906395787,215.20822203405777
87.70000000000002,227.39206962044852,945.0468170890555,370.82421706995166,920.1091682815841,406.37716608184877,1064.8574547843177,22.09326785701664,9.858204371004755,11.563945,11.581944444444444,145.58388389523336,215.38396797403968
87.80000000000001,227.56680565739396,946.1934078441788,371.3503577261847,920.9450867731588,406.8086552468225,1065.9266086557304,21.86207938668137,9.896635617998518,11.494922,11.61111111111111,145.98351811908074,215.55435514231368
87.9,227.74826231116396,947.339998600093,371.86883605811465,921.7774940537197,407.23566052062466,1066.9870058275524,22.006464751054327,9.71690743451386,11.367954,11.616111111111111,146.37001542608928,215.71076110034292
88.0,227.92299834809444,948.475457406007,372.3910900020429,922.5942287881986,407.667861759693,1068.0554664287213,22.040555739864608,9.6726462717103,11.683346,11.508055555555556,146.76807384748537,215.8879211089093
88.09900000000002,228.09101376824518,949.610916211921,372.92078045005974,923.3879938791996,408.098263096429,1069.124158009311,21.831532141833918,9.606577582256733,11.591551,11.501944444444444,147.18458809527846,216.06949061730197
88.20000000000002,228.24558795476182,950.7463750178349,373.45978676858493,924.1917355041687,408.5330810062321,1070.2176997295905,21.53784829999474,9.557277784997506,11.711848,11.478888888888887,147.62219486527528,216.279859393254
88.30000000000001,228.4001621412933,951.8929657729583,373.9741797822746,925.0022800102828,408.9587189051512,1071.3159414032534,20.835115564266825,9.645373395764743,11.845355,11.525,148.03683187951466,216.47918959807978
88.4,228.54129509422054,953.0395565280817,374.4645153581656,925.8365164714471,409.3691407341741,1072.4129509710517,20.181943677817724,9.710750975366954,11.580448,11.508055555555556,148.43716381190626,216.67652632351246
88.5,228.69586928075205,954.1638833855772,374.927745658758,926.688815144508,409.763745959143,1073.497145790798,19.81582364672915,9.692918813324159,11.495126,11.381944444444445,148.7905946082743,216.85479815096159
88.6,228.83028161686966,955.2882102414907,375.36199009123715,927.5518810454059,410.16236282782705,1074.6007040938905,19.90291323158903,9.632330837765227,11.971763,11.365,149.1336499442383,217.064034021245
88.70000000000002,228.97813518659157,956.4459329466143,375.7669119110707,928.4256041883755,410.5670615811921,1075.7179142155212,19.922107317725917,9.630313856516862,11.79325,11.594999999999999,149.43923111415143,217.2564008377063
88.799,229.09238567229528,957.5591278549005,376.15659498361623,929.2925016005108,410.97609717014655,1076.8489023990658,19.84638235073246,9.571085630144871,12.503365,11.31888888888889,149.75608107909798,217.5126084139294
88.9,229.2469598588119,958.6834547116049,376.558314377712,930.1649632999927,411.41748684527437,1078.055874163442,20.32032730928672,9.448912279406894,12.945331,11.248055555555556,150.04645788084193,217.79778563683973
89.0,229.3880928117391,959.8300454667284,376.9598506341948,931.0128799086405,411.86541962402725,1079.2653175227988,20.325197450545332,9.315315790237447,12.849219,11.495,150.35907933214997,218.0888786978056
89.1,229.50906391423752,960.932108425805,377.37907899828497,931.8403647508808,412.30783588655345,1080.4658160738181,20.13440250476678,9.240630381115059,12.739321,11.20111111111111,150.7045815859754,218.4117631874882
89.20000000000002,229.6501968671498,962.045303334091,377.82852463922814,932.6478641186004,412.73452881028487,1081.644510827793,19.65884753480809,9.245905578512243,12.3319,11.203888888888889,151.06629754434954,218.6866320472874
89.299,229.78460920326742,963.1696301900047,378.3082130006302,933.4291141216673,413.1359652053528,1082.7796548015701,19.287596666664136,9.279552921205546,11.99219,11.25611111111111,151.47197490284142,218.9161431584769
89.4,229.91902153938506,964.2716931490813,378.809123803023,934.2209187092611,413.53618083901034,1083.9103830554775,19.698754045238985,9.274710219360141,11.759767,11.136944444444445,151.89243429647678,219.15445994043287
89.5,230.06015449229736,965.3737561081579,379.2880946547922,935.0155682303601,413.9241796226046,1085.0001452785684,19.493348675684597,9.28331486431614,11.375739,11.13,152.28459441573466,219.35462776761463
89.6,230.19456682841493,966.486951015653,379.7533442508476,935.8185531162953,414.3047329262794,1086.0947398888347,18.85994383316751,9.277591110851851,11.801829,11.193888888888889,152.6708175579278,219.55085155770834
89.70000000000002,230.3222585477379,967.5890139747298,380.2035268382102,936.6325439982375,414.69008798089845,1087.2300850907443,18.63964156093966,9.328051690371087,12.177433,11.113888888888889,153.04475691040847,219.7850823592953
89.80000000000001,230.47011211744487,968.679944984597,380.6337605253711,937.4631261241128,415.0818510368189,1088.401312064536,18.353449142271828,9.38143608968003,12.522854,10.998055555555556,153.37408869475823,220.03340628714673
89.9,230.6045244535774,969.7597440452547,381.04212654982,938.3024064887729,415.470011064119,1089.597132353767,17.6160524599385,9.287113970154293,12.622482,10.955,153.69136674065285,220.30943642149666
90.0,230.73221617287052,970.850675055122,381.43820215891685,939.1412874710412,415.85292419557095,1090.827618705822,16.968323672543143,9.26656577928827,13.151708,10.926944444444445,154.0057774013165,220.59950939788862
