relative_time_s,gt_east_m,gt_north_m,classical_east_m,classical_north_m,ai_east_m,ai_north_m,shared_heading_deg,classical_speed_mps,ai_forward_speed_mps,ref_speed_mps,classical_error_m,ai_error_m
0.0,11.364563018427155,57.58557258719338,11.364563018427155,57.58557258719338,11.364563018427155,57.58557258719338,14.817,6.871111111111111,16.11013,6.871111111111111,0.0,0.0
0.10000000000000853,11.552740288991815,58.25348953263961,11.537023932468065,58.25060352420417,11.786566013538842,59.166849635497236,15.064231288598972,6.869632661933702,16.622337,6.936111111111111,0.01597913974752886,0.9428155423793303
0.20000000000000284,11.73419694274686,58.95480232413215,11.70343038085557,58.913977302484035,12.226294242479513,60.80366689196045,15.011519171446938,6.808969450587991,17.274755,7.188888888888888,0.05112009118908055,1.91323285111224
0.30000000000001137,11.929094830106212,59.6672470648341,11.87154051944746,59.56808983148238,12.67710446644969,62.48085189967857,15.07798227568212,6.698968553098964,17.459553,7.325,0.11465014435826595,2.9113382803657277
0.4000000000000057,12.123992717465558,60.39082375474547,12.04662427727169,60.21165826584093,13.135750144072787,64.17755610537992,15.174239185264092,6.640385676594138,17.692478,7.485,0.19515672663896116,3.91956566288108
0.5,12.325611221649442,61.114400445447814,12.225529476087912,60.84739840777451,13.601840237828805,65.89132149112422,15.254739755479967,6.568375578624061,17.827845,7.473055555555555,0.28514284826440506,4.944465105384432
0.6000000000000085,12.527229725818401,61.83797713535918,12.406865758496224,61.47236012826323,14.071972393823192,67.59554650546744,15.592498375709617,6.446513928243432,17.529951,7.574999999999999,0.3849198364690152,5.961194088600316
0.7000000000000028,12.73556884678205,62.56155382606151,12.586847080967285,62.084896478446645,14.53761306495901,69.2477813180583,15.89215530256302,6.322112663420764,16.802082,7.546111111111111,0.4993199281646014,6.924810570622036
0.8000000000000114,12.950628584570232,63.2962624651823,12.761444013138869,62.686824515267645,14.993529089502148,70.84537004752555,15.96377502695438,6.212697271133456,16.425318,7.606111111111112,0.6381264897054882,7.82064369235956
0.9000000000000057,13.15896770553388,64.01983915509366,12.930923426167837,63.27919867032275,15.42650158744864,72.36256641510325,15.888144597997115,6.110143855139043,15.130037,7.613888888888889,0.7749532379655387,8.645392301135814
1.0,13.374027443336987,64.77681169263329,13.098602406202204,63.862992846539996,15.840232180426888,73.81174730650342,15.979531366320476,6.037842021275289,15.011626,7.771944444444444,0.9544232994620221,9.365480625788702
1.1000000000000085,13.602528414729466,65.5226522809635,13.26413064409107,64.43928725551456,16.243642424435834,75.20705636788915,16.28176660325201,5.954102870893785,14.037586,7.81,1.134985827902279,10.038085760299598
1.2000000000000028,13.831029386121951,66.25736092008427,13.423354575097196,65.00656549441145,16.63114487266277,76.53101113968616,16.347370270794485,5.829982232138068,13.552376,7.7938888888888895,1.3155561365552288,10.64840530655608
1.3000000000000114,14.052809740704822,67.01433345762389,13.577323813586338,65.5645021588455,16.99907394625096,77.79025864438151,16.22332490814865,5.7458543302015475,12.685597,7.816111111111112,1.5258104934116696,11.171438421236525
1.4000000000000057,14.281310712097305,67.78243794358195,13.728965385726688,66.11485777251903,17.337402962255513,78.95544221532803,16.156575325015915,5.671439328026051,11.580591,7.991944444444444,1.7566755495781543,11.583424549671536
1.5,14.523252917109009,68.55054243033098,13.87785754152752,66.6575282195376,17.654949083906008,80.04668494406232,16.29551759033513,5.583082420905515,11.149549,8.056944444444444,2.000009498249361,11.915066662723806
1.6000000000000085,14.758474505296181,69.31864691708002,14.019813355314927,67.1930283894175,17.961356501777328,81.08925735309715,16.464540139898737,5.497143800182055,10.583793,8.016944444444444,2.2503054058580068,12.198595128942454
1.7000000000000028,15.013857943912184,70.08675140303808,14.152264647869924,67.72135675850085,18.260390789837682,82.09779624268342,16.56652662743202,5.3966223224365075,10.454963,8.151944444444444,2.517426231727632,12.44207272361177
1.8000000000000114,15.262520765733504,70.86598783899653,14.27541230338525,68.2439966226131,18.56443786251007,83.11279414437969,16.782245237298792,5.342774834875392,10.736256,8.151944444444444,2.8016461331209226,12.684120828640749
1.9000000000000057,15.511183587539897,71.6340923249546,14.389284199540608,68.763309629139,18.861863404917134,84.09408703660615,16.949262434579417,5.290541183926971,9.771303,8.128888888888888,3.0822153596702835,12.902655674432454
2.0,15.759846409346288,72.42446071012246,14.500480845437078,69.27600420239779,19.130641170856755,84.97427919542477,17.016298496609718,5.2018947627394505,8.635,8.256944444444445,3.390985108282579,12.994622015982689
2.1000000000000085,16.021950464771905,73.19256519608051,14.614164798446351,69.78049703464004,19.37682140707638,85.77865900667845,17.017157933302414,5.141008479593459,8.189168,8.094999999999999,3.691079736422319,13.025548604519152
2.200000000000003,16.28405452019752,73.97180163203898,14.72925066594932,70.27570265883683,19.610012346100913,86.54748849230708,16.72294410550275,5.027126394077846,7.879199,8.22888888888889,4.009808305254876,13.008070397534292
2.3000000000000114,16.55287919241783,74.75103806720645,14.850450037820414,70.75681374359974,19.850319734304314,87.35441032869167,16.461675350923073,4.896780083092109,8.959734,8.218055555555555,4.341899696413403,13.027590202675693
2.4000000000000057,16.808262631048756,75.53027450316489,14.977789053050603,71.22474595505537,20.115507591646683,88.24627202902883,16.650178465521105,4.802288182275697,9.649342,8.243055555555555,4.678483685804134,13.1390434319694
2.5,17.08380792006375,76.29837898912295,15.104047376972579,71.6815877999169,20.397957684410528,89.18703842790059,16.770786081396135,4.677071471927475,9.995714,8.143055555555556,5.023366669148421,13.307934880713523
2.6000000000000085,17.352632592298978,77.0776154250814,15.230144590872989,72.12637931134624,20.68926085946808,90.15313256601846,16.787974815250063,4.569555304571428,10.18542,8.218055555555555,5.386993073148746,13.494526175313105
2.7010000000000076,17.628177881328895,77.85685186024888,15.359299147915575,72.56390642112159,20.98941908142675,91.14845406660324,16.7755330367288,4.464009799543228,10.40064,8.276111111111112,5.7587396302067395,13.710019387922076
2.7990000000000066,17.903723170358813,78.62495634699792,15.479971539188787,72.97690514407266,21.28396616863712,92.12634801901957,16.7497040993243,4.317151147931275,10.442027,8.16,6.146141420473892,13.918104030676924
2.9000000000000057,18.18598907619834,79.39306083374694,15.595523910810414,73.38999732552392,21.5957953895001,93.153429767087,17.022844539419065,4.176989600257772,10.812988,8.185,6.538140504520165,14.176548672926808
3.0,18.468254982052787,80.16116532049598,15.703514668993117,73.78767494644318,21.899742276082286,94.13813852919928,17.29815075997941,4.064632654989118,9.798088,8.171944444444444,6.947313764815943,14.392042423710947
3.0990000000000038,18.743800271067784,80.91813785724463,15.806190680493506,74.16978571781239,22.189123832789164,95.06332564395117,17.439390586057115,3.9286052726519314,9.785521,8.094999999999999,7.360014042406013,14.558729064246798
3.200000000000003,19.02606617690731,81.67511039478424,15.9073462871227,74.54787023821531,22.490156690805378,96.01360096053847,17.71310971352496,3.8215524464423716,9.953485,8.125,7.779715033363809,14.751007924636932
3.3000000000000114,19.30833208274684,82.45434682995172,16.002881634337285,74.91246734735472,22.795605267347717,96.96336874814158,17.94229283157731,3.7166221937220385,10.000078,8.168055555555556,8.234436762578754,14.92222474319932
3.4000000000000057,19.583877371791676,83.21131936749134,16.09561426377753,75.26623534449996,23.09795323933699,97.89714589440327,17.940573958191916,3.597839523807539,9.630042,8.07,8.677115859726975,15.100404960841757
3.5,19.859422660821597,83.96829190503095,16.187425487268982,75.60878906554625,23.3986574806549,98.8264415771302,17.92109339315747,3.495046692236837,9.904681,8.03888888888889,9.130435420391036,15.273859852323621
3.6000000000000085,20.134967949851514,84.71413249336116,16.274281788459312,75.94238912320496,23.70084085095109,99.75738595648681,18.04714410808626,3.399645094291639,9.670542,7.993055555555555,9.58375601675275,15.460107512648099
3.700000000000003,20.403792622071816,85.44884113248193,16.34981852389534,76.27003438904266,24.000226886141768,100.67073186419846,18.25140356205039,3.3264362924290083,9.552732,7.858888888888889,10.034201474063192,15.640981326761244
3.8000000000000114,20.679337911116654,86.18354977160273,16.41585022628892,76.59002641882505,24.295765567618023,101.5624544019356,18.424436816179913,3.2082805228775166,9.235713,7.858888888888889,10.498238783670738,15.79839411533912
3.9000000000000057,20.94144196652735,86.92939035993292,16.48105961696465,76.89974442992168,24.59555699656632,102.45863326646753,18.564811475986957,3.122066936873966,9.664158,7.873888888888889,10.976739415039493,15.953367729194738
4.0,21.20354602196789,87.6640989990537,16.54860468148714,77.20016959398967,24.91031182452835,103.39375614734855,18.63929598935396,3.0365397032216177,10.0693245,7.756944444444445,11.452610945870838,16.160514432342026
4.1000000000000085,21.458929460568974,88.36541179133722,16.619469812937307,77.49008680891252,25.23105639763563,104.3436563811913,18.676538246037467,2.9329872496505867,9.982485,7.511111111111111,11.903489536871364,16.417467581894133
4.200000000000003,21.71431289918498,89.08898848124858,16.692315734997866,77.76955958445055,25.543585450321025,105.26677510604884,18.732688109960286,2.843241426144216,9.509286,7.6930555555555555,12.38345372126733,16.624804009324446
4.300000000000011,21.969696337800983,89.79030127432307,16.75912579530034,78.04355904823116,25.852409487606973,106.17835514326056,18.698310642252434,2.79825648546959,9.740135,7.453888888888889,12.850525215127442,16.841727079337005
4.400000000000006,22.218359159607378,90.4916140658156,16.815926892604296,78.31751092594806,26.1594819244493,107.0896918325885,18.54189316418173,2.7980445580643445,9.493479,7.471111111111111,13.31897374648996,17.059561371834743
4.5,22.467021981428694,91.19292685730814,16.863612462763626,78.59135517103965,26.456029246418744,107.98108581857767,18.25741961889929,2.7619661218792775,9.295124,7.4030555555555555,13.791222106761598,17.255563168700053
4.6000000000000085,22.715684803250006,91.86084380196338,16.905988470814282,78.86085450702744,26.749636475798088,108.87447588957947,18.129650030585108,2.694246059792074,9.512876,7.233055555555556,14.239111388832036,17.48532078370921
4.700000000000003,22.950906391437183,92.53989269582807,16.95076461739415,79.12523569995608,27.04666158695298,109.78393128646842,18.044565798008186,2.669077282184157,9.6217375,7.208055555555556,14.69539804243198,17.723771538165572
4.800000000000011,23.192848596433965,93.21894158969275,17.000948016858857,79.38560498859889,27.337486075617537,110.67988484380987,17.91937451977209,2.634436681322869,9.217718,7.12,15.15588447786884,17.946101503038243
4.900000000000006,23.42807018465098,93.87572658592956,17.053528236348843,79.64362737216072,27.620246979638946,111.55475801794512,17.90247226481573,2.632069998346117,9.170939,7.028888888888888,15.594468028157392,18.16927347624637
5.0,23.65657115602854,94.52137963216599,17.107778517846356,79.9013863117283,27.90252966152947,112.42750376080377,17.94429818386028,2.6361546886268856,9.174292,6.906944444444444,16.019703171643094,18.402647769835188
5.1000000000000085,23.885072127421022,95.16703267919337,17.164453283986408,80.1580622728974,28.186560176303605,113.30153466399602,18.060322137374282,2.621049555739876,9.206179,6.91,16.444935703607864,18.63767586560865
5.200000000000003,24.113573098813504,95.80155377622039,17.217775516495877,80.41467469159134,28.462209229108055,114.14271327961727,18.23392834929891,2.621505723237724,8.49767,6.715,16.861437431645392,18.849635755704906
5.300000000000011,24.348794687015598,96.41381097641052,17.263877980479503,80.67268263065357,28.728843166632675,114.94736043818588,18.43360414090202,2.620760575235703,8.45583,6.635,17.262073060213456,19.044087805297206
5.400000000000006,24.577295658423,97.03720012422811,17.30780492829858,80.93047197560495,28.99681723178143,115.75130524166939,18.435323014287412,2.6093823530384923,8.492767,6.635,17.67122483386521,19.228881956162255
5.5,24.78563477938665,97.67172122204609,17.355587952710096,81.18608171895038,29.261456639498157,116.54699276585774,18.35711427525206,2.5917514521521277,8.278076,6.659999999999999,18.082641003809044,19.398681841199362
5.599000000000004,25.007415133969523,98.28397842144523,17.404119444295674,81.43754902924421,29.505043230953536,117.28227927030989,18.297555312448207,2.582243278881424,7.3700914,6.523888888888889,18.482756520904214,19.523424229441712
5.699000000000012,25.215754254948095,98.89623562084438,17.447067312439117,81.69077114166218,29.734126434899707,117.97696391923081,18.20330375514918,2.555214954772522,7.259553,6.493888888888889,18.87804292703854,19.608413488944116
5.799000000000007,25.430813992736276,99.4973608710341,17.484493416259976,81.94319179876027,29.964356321146074,118.67783177138469,18.167207414055937,2.548435687680916,7.4947224,6.3999999999999995,19.268961116835175,19.708969278038843
5.899000000000001,25.639153113714848,100.10961807043326,17.519515325187502,82.19672956003308,30.205883383147214,119.41600644532816,18.07180994116666,2.5705470788340175,8.038952,6.416944444444444,19.667233984546684,19.839144574200446
6.0,25.834051001074197,100.710743320623,17.548065790100637,82.45845420425634,30.455311324756252,120.18458816135436,17.88691932546692,2.644212411677958,7.961904,6.345,20.045039508664214,20.01466162242363
6.099000000000004,26.042390122052765,101.31186857081273,17.575050671492246,82.71757218181918,30.709464093789304,120.97408125888725,17.805805690410246,2.619620510313275,8.793517,6.3469444444444445,20.43143890118259,20.208517690536812
6.200000000000003,26.237288009412115,101.91299382100246,17.614014844358053,82.97466564163825,30.984865066467616,121.8297985314015,17.873512113060855,2.5317082967154536,9.007329,6.351944444444444,20.809159384954544,20.474828394515374
6.300000000000011,26.438906513581074,102.5141190711922,17.661560995205296,83.21874597876149,31.27225110683127,122.7123621017161,18.190357773768227,2.442027328765663,9.556246,6.271944444444444,21.197953135268754,20.768491555170975
6.400000000000006,26.63380440095535,103.09298042375406,17.710699995762912,83.45591505844605,31.582074744250388,123.6405074563269,18.716333029698294,2.402096203572933,10.013779,6.161944444444445,21.569333053836964,21.134953194758797
6.5,26.835422905124304,103.66070982710653,17.74942127602347,83.69746127096077,31.905089566633063,124.58586628106033,19.01341164647361,2.4952334872698003,9.966698,6.076944444444444,21.933689122408904,21.530529317256878
6.6000000000000085,27.030320792453807,104.25070312729586,17.76616178722393,83.9538826248429,32.24065349834655,125.55663889737883,19.120554754163084,2.650323612405273,10.575975,6.1611111111111105,22.31110854670777,21.933774548512996
6.700000000000003,27.20505682942909,104.82956447985774,17.7667313265791,84.22147926727735,32.59955704945488,126.59419991975031,19.044351367410687,2.7022422580011427,11.381667,6.048055555555556,22.666609019143625,22.423202011650478
6.800000000000011,27.393234100008677,105.38616193400078,17.769821288773674,84.48778490796332,32.97293935502234,127.68219224722793,18.840664871241664,2.6258825217060915,11.623948,5.963888888888889,23.00765604006311,22.983604557622613
6.900000000000006,27.601573221002166,105.94275938735285,17.786976595599224,84.74551625723235,33.34436123659438,128.77859309752643,18.587417525793853,2.542487416536159,11.528206,5.986111111111112,23.359140036328636,23.546866361168515
6.999000000000009,27.79647110833167,106.49935684228686,17.81617307080053,84.99178931110319,33.70990857882634,129.87208670266006,18.38349898171781,2.4687023737882954,11.764271,5.8788888888888895,23.71037346872406,24.109194176567396
7.099000000000004,27.991368995705937,107.06708624484834,17.850095815984577,85.23523329406268,34.082929837651,130.9971882165271,18.302425453706803,2.447223037768032,11.94226,5.961111111111111,24.07229164351546,24.693256040183556
7.199000000000012,28.179546266255677,107.60141980136352,17.882222809753628,85.47848514692897,34.45572562466581,132.1293062359487,18.149732201304424,2.460148840843745,11.896116,5.721111111111111,24.40203081901603,25.31812868848803
7.300000000000011,28.367723536820336,108.14688530550617,17.911499155037973,85.7260501969399,34.82599313967016,133.2578210403147,18.180113288391237,2.476432730496835,11.6228,5.830000000000001,24.73916884795644,25.928137992165528
7.400000000000006,28.555900807370072,108.7034827596492,17.935507387557138,85.9728330810689,35.185964346813236,134.35069457903873,18.282672733719647,2.482952288273318,11.389831,5.861111111111112,25.089344176401838,26.490323075524906
7.5,28.737357461125125,109.24894826458284,17.954726536647154,86.22110102465318,35.5407872347351,135.42746610108028,18.193577796576808,2.497371337176623,11.28471,5.731944444444445,25.42728609504059,27.04813214993334
7.6000000000000085,28.92553473168978,109.78328182030702,17.97186917923586,86.4699849421095,35.88787185977989,136.48831962920048,18.038306234096343,2.4921095517183063,11.039091,5.626111111111111,25.758350109546804,27.597702488787192
7.700000000000003,29.113712002254438,110.31761537603124,17.991043798018435,86.71626537261938,36.22639816142645,137.52574121173504,18.107061169512036,2.4487001980955316,10.786069,5.6738888888888885,26.090946130124756,28.122453945030642
7.800000000000011,29.29516865600949,110.85194893175546,18.012212104646448,86.96055471263702,36.55400498378857,138.52384614738673,18.239127941289702,2.455407970371567,10.223845,5.683888888888888,26.421654495380718,28.608121230621688
7.900000000000006,29.483345926559227,111.37515053906121,18.028561423184325,87.20794639435476,36.87064034976584,139.48396751209458,18.264911042070587,2.5040210054462118,9.995859,5.5488888888888885,26.74445445677803,29.063339631202542
8.0,29.671523197123882,111.89835214478504,18.038896133173996,87.46042342959748,37.175461821086635,140.40965002332402,18.185842866342536,2.5498793243776894,9.495726,5.6,27.065298304240574,29.482252315435154
8.100000000000009,29.84625923406932,112.4326857013002,18.049762180346164,87.71417805619677,37.46544457061652,141.29899216947942,17.92887129522634,2.530072361778097,9.212816,5.5761111111111115,27.38908474081483,29.85490971862922
8.200000000000003,30.034436504633984,112.94475535860559,18.063792111156236,87.96598109671194,37.746946420879304,142.17628301809853,17.651559722383038,2.5138357139566794,9.214202,5.48,27.699016062339485,30.231854367800253
8.300000000000011,30.20917254157942,113.45682501591097,18.08042681707103,88.21619286388601,38.02439159244156,143.05125378698395,17.53467633217634,2.5015675088770686,9.1439085,5.443888888888888,28.00349950066271,30.608950702352914
8.400000000000006,30.390629195319544,113.9688946740073,18.102648167772372,88.4616668840867,38.29492029474413,143.90881110264573,17.48167773612674,2.428715554817983,8.840424,5.411944444444445,28.31277357060338,30.96572966261728
8.5,30.572085849089515,114.46983238210326,18.13211660656205,88.70042118649863,38.549776037576805,144.72026991352226,17.38656674213503,2.3831626699965764,8.170365,5.438055555555556,28.614950430206633,31.284700918911934
8.600000000000009,30.753542502844564,114.97077009178118,18.168996261070667,88.93418479152464,38.78254438012292,145.46651777147696,17.25478644925493,2.3507381664399687,7.4637995,5.34,28.91841244274796,31.53498846819212
8.699000000000012,30.92827853979,115.48283974829556,18.20849785711011,89.16378241540065,39.004531455920954,146.1873479765256,16.98421858966029,2.3557955236034362,7.7733674,5.361111111111112,29.231585648193736,31.74890055896045
8.800000000000011,31.10301457673544,115.9837774571825,18.243137234938008,89.3978153893519,39.233339777796395,146.93628164969735,16.992898900256524,2.3298454307742573,7.7336807,5.288888888888889,29.53286007683987,32.00249527244175
8.900000000000006,31.277750613680876,116.47358321686002,18.267558465395627,89.63035963409094,39.47171436596526,147.71309506618965,17.11952257298043,2.347875633800151,8.517625,5.279999999999999,29.829913711739657,32.29625585974567
9.0,31.45248665062631,116.97452092495598,18.286872210996076,89.86659042938035,39.73098947072535,148.56232491608608,16.847081141395737,2.392504504256637,9.240972,5.223888888888889,30.135913779508318,32.65460105290589
9.100000000000009,31.63394330438136,117.46432668463348,18.310050407600862,90.10424362662394,40.004724045256076,149.47175275924826,16.66115633687577,2.3836935783777324,9.75368,5.231944444444444,30.431895551642167,33.08391292053782
9.200000000000003,31.808679341341715,117.95413244431099,18.331526621881213,90.34534323246284,40.29297689839015,150.43704234930135,16.59412027484547,2.458745305895099,10.394511,5.211111111111111,30.722611984789385,33.572648702958475
9.300000000000011,31.983415378272227,118.43280625557006,18.34242422757082,90.59638553992053,40.59347931470825,151.44730642987702,16.536824495332382,2.568012090143667,10.685674,5.1561111111111115,30.99907995138172,34.11876936158205
9.400000000000006,32.14471018161337,118.91148006524719,18.34372226189321,90.85874605233242,40.901957520074006,152.4884195563807,16.4729397011753,2.6800067932026703,11.031377,5.103055555555555,31.26376741788499,34.700147644328794
9.5,32.32616683536841,119.41241777334315,18.334642065610485,91.1333609142842,41.21939641690865,153.5683441165891,16.291598559016403,2.816502229870702,11.48091,5.216944444444444,31.55103520045957,35.294714005856804
9.600000000000009,32.50090287232878,119.89109158381123,18.31776509078016,91.42271267970358,41.539579834279635,154.67016719694723,16.11541403701366,2.980430000297423,11.467158,5.2011111111111115,31.805816995609995,35.93440943895882
9.699000000000012,32.67563890925929,120.36976539427934,18.304607200804277,91.72027632499994,41.855136872610565,155.76434385024766,16.059542057621478,3.0378465316732437,11.538314,5.098888888888889,32.05182953118556,36.565548907884136
9.800000000000011,32.843654329410036,120.85957115316589,18.30441316936655,92.02558330011654,42.17387669838495,156.8748392753372,15.969266827420666,3.0097996723776834,11.3395815,5.143055555555556,32.292234190586754,37.20420120586395
9.900000000000006,33.018390366355476,121.32711301521553,18.319098021755373,92.32551083066947,42.4800851641746,157.94910974928416,15.848086253750504,2.9976684240167875,11.00161,5.02,32.51402965955905,37.82452000009003
10.0,33.17968516969661,121.79465487726519,18.34066395678531,92.6299743468549,42.77939553302486,159.00772163421672,15.727192158977907,3.1068736558753183,11.000637,5.008055555555555,32.722700698416155,38.43132545875985
10.100000000000009,33.35442120664205,122.26219673852388,18.353724189473517,92.94833424475206,43.0759875208872,160.06097220386508,15.72690568008034,3.267975433339334,10.883636,5.026111111111112,32.92906687570498,39.028915925010594
10.200000000000003,33.52915724357256,122.74087054899196,18.35682408864036,93.281437806501,43.37375857786559,161.11947531751912,15.697398353631105,3.3944822481820203,11.108149,5.0,33.13695627050866,39.62112415631312
10.300000000000011,33.69717266372331,123.19728046104122,18.372295823252887,93.62252999099907,43.67947169276146,162.20176171369806,15.847513295955393,3.4401385318697684,11.384575,4.938888888888889,33.309423824810374,40.26159276151399
10.400000000000006,33.871908700683676,123.66482232229991,18.417214406404113,93.96146281619956,43.99501663272585,163.3059737295527,16.046902608660908,3.4049904009527125,11.583723,4.948888888888889,33.48338605455368,40.91330100464292
10.5,34.04664473762911,124.14349613276802,18.497501760024406,94.27920179805669,44.32116315813654,164.43663505432747,16.132846277930526,3.166648134819772,11.951505,5.133055555555555,33.66974789701083,41.58248156285812
10.600000000000009,34.22138077455962,124.62216994244514,18.6192540999831,94.56940048850966,44.65240135046502,165.5508919275384,17.00316916873432,3.145239817189456,11.298141,5.078055555555555,33.86141326969283,42.23702728161652
10.700000000000003,34.4028374283296,125.11197570212265,18.791572890086528,94.83791787514576,44.974421792059054,166.60276630892912,17.040697904315387,3.265421422987548,10.703105,5.226111111111111,34.06215139702932,42.81639990864843
10.800000000000011,34.591014698879334,125.60178146180016,19.024775750716664,95.0775199169363,45.278672756396965,167.61223428653912,16.49638799894106,3.4579659900916697,10.383567,5.228888888888889,34.26424284659667,43.3486352875617
10.900000000000006,34.76575073583969,126.09158722147768,19.27647727165272,95.31582842863611,45.586815607910054,168.63557184707736,17.004888042119635,3.486870127274467,10.991131,5.263055555555555,34.45380852276758,43.89858850565491
11.0,34.95392800640435,126.5925249303646,19.46176745895262,95.58589673316736,45.91273805128416,169.6730216382819,17.88552417323566,3.148026638606875,10.7583275,5.336944444444445,34.661477616905586,44.45249952703034
11.100000000000009,35.14210527693917,127.10459458766998,19.54663780798003,95.86435538124962,46.22892781676166,170.68533109941455,16.790601826740563,2.7377902726125685,10.453453,5.441111111111112,34.91663144190353,44.968858434872715
11.200000000000003,35.33700316431343,127.62779619418478,19.612848699411053,96.12990817173754,46.521479240468864,171.7240427693709,14.733683342221024,2.766726503708916,11.132498,5.561944444444444,35.20463014307543,45.492542983633115
11.300000000000011,35.53862166848239,128.15099780069957,19.726811237959577,96.39094979098233,46.803137229057995,172.83168909576364,13.824112842450765,2.940226325602012,11.726145,5.661944444444444,35.47835958257278,46.07877478209749
11.400000000000006,35.72007832223744,128.68533135642377,19.86958443791204,96.64767583808455,47.078502199969165,173.9977823724361,12.771589372795502,2.939063202885051,12.238166,5.575,35.744223694029344,46.714366206390324
11.5,35.91497620961171,129.2419288105668,20.077517368723285,96.8920793901796,47.341835317068735,175.19066533288,12.124433543195273,3.547038656110149,12.194285,5.843055555555556,36.01857659678629,47.34827871273286
11.599000000000004,36.11659471378068,129.78739431550045,20.380898142958934,97.12193262311229,47.605243302934646,176.39743772382985,12.493415498470561,4.166156502180372,12.759088,5.888888888888888,36.258027168419545,48.00505382698181
11.700000000000003,36.33165445155393,130.34399176964348,20.76945466210348,97.34099497653646,47.88747248260122,177.6672455841624,12.567776825911615,4.681921613754441,12.999217,5.995,36.488078321728636,48.71372785940383
11.799000000000007,36.53999357253251,130.93398507062378,21.176155319270777,97.55643397484218,48.158496191240346,178.93086417625213,11.647165429429228,4.619867260224717,13.109841,6.223888888888888,36.74382183475067,49.3830943439273
11.899000000000001,36.76849454392499,131.5239783716041,21.562132735564706,97.79840657726265,48.41335312047865,180.22893068565634,10.578312662612738,4.49992250265788,13.348284,6.333888888888889,36.9952379679066,50.07769075328891
11.99900000000001,36.990274898507856,132.1139716733754,21.92150420945363,98.06131259996246,48.652157716105606,181.53313312369866,10.171226149172254,4.408921067297233,13.169588,6.2780555555555555,37.237768999355914,50.776500758761415
12.100000000000009,37.212055253105646,132.7484927704024,22.25666033303784,98.34839535286747,48.87524126405245,182.79977562023714,9.793053950863085,4.34027863919285,12.298618,6.646111111111111,37.51040575028593,51.392225315120434
12.200000000000003,37.44055622449813,133.37188191901097,22.555766658961513,98.65834414931015,49.08115993944754,184.0185233307095,9.389118705295877,4.283408140056573,12.42196,6.6480555555555565,37.77018221955983,51.967162142392105
12.300000000000011,37.69593966311413,134.00640301682895,22.82257665459836,98.98965615537354,49.284335023603674,185.24090689350064,9.485089135980298,4.23257795430213,12.361121,6.878055555555555,38.04457238480061,52.52870924094462
12.400000000000006,37.93788186811092,134.65205606306537,23.08660605025988,99.32971044431733,49.486828735916454,186.4616946702704,9.351017011919692,4.380752332474348,12.388251,6.851111111111111,38.3174698202814,53.08122856871894
12.501000000000005,38.166382839503406,135.30884105930218,23.38239096248379,99.66334355894072,49.6888515158672,187.70475433542433,9.112597814209856,4.455158932886214,12.549805,6.921944444444445,38.58973837522168,53.647917130459945
12.599000000000004,38.4150456613098,135.98788995316687,23.683759733891144,99.97340528750743,49.893512354223276,188.9704999928828,9.25128797809922,4.369348835705556,13.617253,7.201944444444444,38.91084541369388,54.211734562186166
12.700000000000003,38.68387033354503,136.66693884624055,23.969714710677692,100.29491018773035,50.12404649600008,190.34892609023052,9.73015177932468,4.162703177531753,14.05766,7.328055555555555,39.23558135709787,54.887461091691115
12.800000000000011,38.93925377217595,137.3905155369429,24.21665295679294,100.62460942715765,50.36891100168121,191.74133220785941,10.2148740740054,4.079595153578389,14.218048,7.578888888888889,39.60412638656054,55.53961052419758
12.900000000000006,39.19463721077704,138.12522417606368,24.44663600951188,100.961386060868,50.628018921807865,193.13283039932355,10.884375257615728,4.077317396603657,14.090767,7.76888888888889,39.98317649818471,56.18326227412709
13.0,39.470182499806945,138.84880086597505,24.66398092599024,101.30598477700273,50.89912990874312,194.49509496797256,11.637814758212718,4.073262046688824,13.689437,7.768055555555556,40.35699003809489,56.80784176645186
13.100000000000009,39.73900717204218,139.59464145430525,24.875009721722655,101.65350034488445,51.18080959810085,195.84220659735038,11.98101647749611,4.058346121505906,13.835608,7.9561111111111105,40.748847945531985,57.39950720413955
13.200000000000003,40.01455246107209,140.36274594105427,25.08875193728637,101.9956541647837,51.46935536717352,197.18689177860063,12.242571710973316,4.010378345970244,13.670368,8.091944444444444,41.16810965595349,57.967198136397506
13.301000000000002,40.283377133307326,141.13085042780332,25.302627352986764,102.3371712390604,51.76240045694526,198.5296176352225,12.381167336826485,3.969120367498914,13.544145,8.18611111111111,41.58572361976741,58.53534362584817
13.40100000000001,40.572363655941544,141.9212188121802,25.506327456735782,102.67522555180882,52.051041305905336,199.87037999923854,11.923087579619352,3.9251327949186927,13.8856735,8.32388888888889,42.03847563540921,59.075082080987805
13.5,40.861350178605605,142.68932329892925,25.698152521554455,103.0093534961778,52.33090223443985,201.21678056997607,11.56147959116745,3.8585437726600476,13.895854,8.281944444444445,42.47849534451602,59.64070655999728
13.599000000000004,41.150336701224894,143.50195558172499,25.87767045064296,103.34232535824042,52.606455564715155,202.56285356278065,11.576794753031297,3.7847410873816174,13.861473,8.555,42.965686705657106,60.161718141548135
13.700000000000003,41.432602607079346,144.29232396610186,26.04991159081243,103.68002597168484,52.888817289387134,203.93556287885815,11.66996342009752,3.7220618421148446,13.889999,8.39611111111111,43.427939523874116,60.73352289182022
13.799000000000007,41.714868512918876,145.116088198107,26.21430010170279,104.0072345813741,53.17020354038109,205.29694189161134,11.686129424287138,3.675555359555954,14.193941,8.62,43.93410368668927,61.261405892049005
13.900000000000006,42.003855035553094,145.89532463327447,26.377662629906055,104.33803836799581,53.461533972312424,206.72246477451392,11.418486514236655,3.630346475916145,14.617773,8.411944444444444,44.39803971835491,61.896844704555356
14.00200000000001,42.292841558187305,146.69682496765176,26.53598803017058,104.67099908511517,53.75742598517197,208.20535867530626,11.154037843894013,3.5991137563475335,15.031844,8.45888888888889,44.88260770290265,62.56785448574315
14.100999999999999,42.56838684724707,147.50945724965652,26.681003576295595,104.99565815031556,54.05743220913107,209.7314100657053,11.092493582330043,3.584956252431302,16.387573,8.615,45.38537276543218,63.27376688304583
14.200000000000003,42.864093986705825,148.2998256348244,26.8141813379288,105.32203492295999,54.36539286410064,211.29271325414976,11.226359441584414,3.5374982996276634,15.761648,8.47888888888889,45.87690258186784,64.03423901701431
14.300000000000011,43.153080509325115,149.12358986603857,26.935058532662786,105.65475906636864,54.662390358347736,212.7768613113274,11.41371664059221,3.544014214202103,14.5098505,8.678055555555556,46.39572704383277,64.68541704965989
14.400000000000006,43.435346415164645,149.92509020041587,27.054287872890892,105.988001057315,54.943598448948414,214.16734259452863,11.453537207353799,3.5354380575136872,13.862787,8.485,46.89143718563328,65.26489759083344
14.5,43.724332937813784,150.74885443163,27.18235752460773,106.31592845874223,55.224800356946524,215.56060836925184,11.369885369264704,3.5061382574389337,14.564419,8.696111111111112,47.41225433454139,65.8241915964744
14.600000000000009,44.013319460448,151.56148671442574,27.316179802212535,106.63867397359499,55.517144565050344,217.00764421584924,11.472158335695564,3.4818550927793694,14.961025,8.633055555555556,47.92550028235872,66.44951108727896
14.700000000000003,44.30902659990675,152.36298704880303,27.451286916127575,106.95684858071247,55.805554033729486,218.4146388918096,11.705925116108927,3.4315841148428308,13.764034,8.57,48.434500078244604,67.04469296093757
14.800000000000011,44.591292505746274,153.1533554331799,27.58518355718276,107.27111830066937,56.07478968972226,219.70388553970693,11.893855272911853,3.4005101422505484,12.577184,8.43,48.93247823127642,67.53401931644632
14.900000000000006,44.88027902839542,153.94372381755682,27.718203524158582,107.58359719021918,56.329744201820894,220.90378725788736,12.102984868134593,3.391762374797648,11.956637,8.453888888888889,49.43478710903796,67.93188020871035
15.0,45.16926555102964,154.74522415114313,27.843114426486093,107.89868857290746,56.5800833734836,222.06341539325433,12.262267135180952,3.389204187085524,11.770224,8.473888888888888,49.94790694787343,68.27844195268877
15.100000000000009,45.458252073648936,155.5467244855204,27.94970728055757,108.22036579662995,56.831965620210184,223.22401045126526,12.2278896674731,3.3920505852453817,11.982045,8.52,50.4612065602994,68.62635350598512
15.200000000000003,45.74723859632792,156.33709287068828,28.038128709012213,108.54680772832805,57.08411095640678,224.39187401753315,12.138508251432697,3.373766925867258,11.913423,8.44111111111111,50.96590945906018,68.99259316661225
15.300000000000011,46.04294573578666,157.1274612542742,28.12265747401742,108.87037374121331,57.334007968332436,225.55427919997925,12.127335574427645,3.3153619837384283,11.865849,8.45111111111111,51.477016489187896,69.35212686366499
15.400000000000006,46.331932258420885,157.9289615878605,28.20993089375439,109.1895346502093,57.58462179511168,226.7145673770834,12.249089105892939,3.302220409108365,11.875066,8.42388888888889,51.99941030119105,69.69994681202795
15.5,46.62763939786471,158.71932997302838,28.294283701393436,109.50860352178839,57.832440749183135,227.84821404671254,12.41696573986626,3.2985152827441833,11.333311,8.498888888888889,52.51483151407903,70.03106586790874
15.600000000000009,46.91662592051385,159.50969835740526,28.373190763165706,109.82854634506556,58.074498576610445,228.9486588019308,12.39376094916346,3.2924497345782613,11.201735,8.405000000000001,53.02900953919448,70.3297046049964
15.700000000000003,47.20561244314807,160.30006674178216,28.444958121745504,110.14948127049288,58.31983988635545,230.07512671910524,12.186063748428548,3.2851863802738013,11.855817,8.381944444444445,53.5447791449386,70.65468877929035
15.800000000000011,47.49459896581212,161.09043512695004,28.51252259133657,110.47089129552401,58.57074536659587,231.24681694379504,11.989539224698659,3.2835167019128435,12.109289,8.453888888888889,54.06160783021611,71.0253400465111
15.900000000000006,47.79030610525596,161.88080351132692,28.57645979307345,110.7934707083402,58.82166386988045,232.43472914326878,11.864920904257712,3.2938988214976246,12.173192,8.375,54.581017423929474,71.41111451453986
16.0,48.086013244699785,162.66003994649438,28.635824597649012,111.11740425694796,59.07128862145871,233.62503056650843,11.82338146411073,3.2927355453518827,12.150707,8.408055555555555,55.09040871359702,71.81020936330647
16.10000000000001,48.36827915053931,163.45040833166226,28.693279925445374,111.44205548428214,59.3198974053788,234.80979229817214,11.87867189134086,3.301194598500006,12.060588,8.363888888888889,55.60552454932009,72.19487254978377
16.200000000000003,48.657265673188455,164.24077671603916,28.749530812187743,111.76621712095653,59.56717709446197,235.980800375093,11.969772180766656,3.278935824675982,11.876062,8.36,56.12394597668435,72.56484797628696
16.30000000000001,48.94625219583759,165.0200131519976,28.804818878996965,112.08867227321385,59.80611095275691,237.10706645987688,11.98581499903032,3.2642774153608873,11.150572,8.34,56.63394903485666,72.90047864611908
16.400000000000006,49.241959335281415,165.79924958795604,28.860844145167075,112.40975382612802,60.030289660654546,238.16647013739458,11.907892738892532,3.254410430584259,10.506693,8.313055555555556,57.147424387236924,73.16695074458444
16.5,49.52422524113587,166.57848602312353,28.918810797105394,112.72797138935692,60.24390216371152,239.18364011760366,11.811349350412993,3.2147322626437402,10.280475,8.348055555555556,57.65813932769398,73.39223306595599
16.60000000000001,49.813211763755156,167.357722458291,28.97726289535546,113.04222558903653,60.4493096675073,240.1686756736124,11.745172725075378,3.1781510647002653,9.844014,8.301944444444445,58.174822435488,73.58370394823791
16.699000000000012,50.0887570528,168.1480908426679,29.032382593948288,113.35273984840971,60.64214928574251,241.1003787323753,11.639668276679984,3.1931110781739447,9.377213,8.296944444444444,58.701800619191694,73.7116706903668
16.80000000000001,50.37774357544915,168.91619532941692,29.085789946893183,113.67252525821476,60.82529334933001,241.99192041488558,11.574565947208246,3.2270010036148356,8.645729,8.283055555555556,59.204817137260164,73.81878414769992
16.900000000000006,50.666730098083356,169.6954317653754,29.137330226371255,113.989965709346,60.99182143401154,242.80480625660365,11.580582004057119,3.2049570301967143,7.9496317,8.30111111111111,59.72113534884882,73.83487082398071
17.0,50.93555477030366,170.4858001497523,29.190697689816528,114.30422905961979,61.14743661291271,243.57010399772952,11.403824524259269,3.170563193172892,7.669564,8.266944444444444,60.24290613513283,73.79429517049992
17.10000000000001,51.22454129296772,171.25390463571034,29.251771640449764,114.6161124133994,61.28186897974322,244.24075671550398,11.246547609495845,3.1863763048003197,6.010319,8.219999999999999,60.75065525589234,73.67652554726544
17.201000000000008,51.50680719880726,172.03314107166878,29.32308613505022,114.92929047387928,61.3991876536891,244.83188190532564,11.20401408757431,3.174610118847958,5.9234376,8.266111111111112,61.2614661376076,73.46778789394756
17.299000000000007,51.782352487837166,172.80124555841783,29.397750739439417,115.22988455577838,61.506920881370846,245.37350830212924,11.300311104201946,3.1464494173426107,5.3467073,8.21,61.76999274025055,73.22090241305959
17.400000000000006,52.064618393661775,173.5804819935853,29.476959258047383,115.53731005643091,61.60039084486497,245.83891381189414,11.42935838839926,3.140045036285813,4.053274,8.236944444444443,62.283321633907505,72.88492248114362
17.49900000000001,52.35360491631092,174.34858648033435,29.55636657426528,115.83763743123535,61.67783602140252,246.220660079845,11.509053952912986,3.1356873578969533,3.815874,8.196944444444444,62.795264428540264,72.47438339989264
17.60000000000001,52.62242958854614,175.1166909662924,29.638139818659,116.14469152758065,61.747372641409484,246.56047391276587,11.634629112871806,3.156518595678621,3.052557,8.168888888888889,63.29276652213551,72.02415363904538
17.700000000000003,52.89797487757606,175.89592740225083,29.718952235818264,116.45169553501422,61.810302727049844,246.86371630782259,11.81052715597696,3.1927360509385356,3.1415167,8.191111111111113,63.80347790608995,71.52521688077778
17.80000000000001,53.180240783430506,176.65289993979047,29.798121813631457,116.76252374949051,61.87443964133404,247.16835343957874,11.969236465228212,3.2224164553906776,3.0847988,8.105,64.29292844266378,71.04940728860144
17.900000000000006,53.4423448388412,177.42100442574852,29.87920184799833,117.07455011583676,61.937073613293435,247.46196240557535,12.119064928654915,3.2257173736412823,2.9195127,8.125,64.78361100915242,70.55420761147683
18.0,53.72461074468073,178.1779769640791,29.966004014813787,117.38520586302192,61.99997947228406,247.7526620306163,12.298114239633287,3.2255681418625923,3.0290546,8.12111111111111,65.27045588847999,70.06510208146156
18.10000000000001,54.00015603369573,178.93494950082777,30.056162105051666,117.69431407094912,62.06742422734247,248.06164977896682,12.327048608287397,3.2142383471738207,3.2962036,8.043055555555554,65.75507792642522,69.59584403864856
18.200000000000003,54.26898070593096,179.7030539875768,30.1472069512287,118.0001151842577,62.13763794895769,248.38156300579493,12.431326927001201,3.1671048279058853,3.2543545,8.128055555555555,66.25037830864956,69.1278045924627
18.30000000000001,54.53780537816619,180.47115847353484,30.23795963108103,118.30391173261339,62.2105020066583,248.70835641548697,12.700044132917581,3.1741408008694445,3.4420242,8.083055555555555,66.74765217353148,68.66720801461226
18.400000000000006,54.80663005038649,181.21699906186504,30.329939587177577,118.60979205523499,62.28646966119831,249.04477436120456,12.749318503298829,3.214094512462779,3.4557476,7.993888888888888,67.22180260304516,68.23895590248405
18.501000000000005,55.06873410581211,181.9851035486141,30.42824975291375,118.92399266156917,62.36825786755855,249.4074696456844,12.670906364246202,3.3053684345565015,3.906682,8.055,67.70418875855174,67.81635862589258
18.60000000000001,55.34427939484202,182.74207608694468,30.532668729972105,119.23935122863621,62.4559660338189,249.7992615954115,12.569656127479654,3.4058952812733403,4.204216,8.081944444444444,68.17779761927716,67.43324265648165
18.700000000000003,55.61310406706233,183.4990486236933,30.64723803132907,119.56289730030267,62.5539691928708,250.24161367566805,12.42498428420913,3.459268004094854,4.857358,7.965,68.63764209937348,67.10250068672362
18.80000000000001,55.87520812250287,184.25602116044195,30.77022520738528,119.89167230651866,62.6605594913666,250.7296793441854,12.219865393552277,3.561339062234497,5.134046,8.023055555555556,69.08711580720302,66.81907082209467
18.900000000000006,56.144032794738095,185.00186174877217,30.897852773902507,120.22834747752445,62.77570038983071,251.26779136912103,11.953153539918894,3.639745733713411,5.871836,7.971111111111111,69.51962137908959,66.59694019653477
19.0,56.39941623333918,185.7699662355212,31.02802512678883,120.56870520823183,62.902620022887234,251.86851783306298,11.908462831898692,3.64832965154107,6.4079185,8.048888888888888,69.96364717644632,66.41769480207279
19.10000000000001,56.66824090557441,186.5269387730608,31.154239939848257,120.91154515367971,63.040271598046424,252.52026339816257,11.941980862913848,3.659331727505355,6.914548,8.03111111111111,70.40130769456908,66.30023883984029
19.200000000000003,56.9437861945894,187.29504325980983,31.273346321310044,121.25740383006949,63.187075259271154,253.20988652611467,12.090090452955158,3.6566147690657393,7.1869726,8.10611111111111,70.85154412389363,66.20985743200711
19.30000000000001,57.20589025002994,188.0520157965585,31.39193365509651,121.60213626045297,63.33947139493834,253.91690347286655,12.23676764850866,3.6346432394929424,7.278136,8.023055555555556,71.2877748667192,66.14986202762522
19.399,57.47471492225025,188.8089883340981,31.511883440664885,121.94275128126071,63.49149828435347,254.62148978497422,12.115097195923667,3.660706657828503,7.2835083,8.073888888888888,71.72978653354158,66.08696565320618
19.5,57.756980828104695,189.57709282084716,31.635398587409476,122.2922734642513,63.647536082195536,255.3493579624873,12.084716108836856,3.6799842610274838,7.4571996,8.078055555555554,72.17744782553025,66.03551698187655
19.599000000000004,58.02580550031008,190.35632925601462,31.74924160720925,122.63765055963468,63.80423841948706,256.08014361260354,12.120167872410578,3.6680212197800626,7.641744,8.219999999999999,72.63798768145874,65.97734505556276
19.700000000000003,58.30807140614961,191.12443374276367,31.84861038847908,122.99346216539122,63.96750932326251,256.83808696299417,12.192503794045845,3.6499125837628403,7.711314,8.208055555555555,73.08852417050407,65.95690606059661
19.80000000000001,58.57689607836991,191.90367017793113,31.928741665673,123.34868054550422,64.1347261197724,257.60785342485275,12.316835635589245,3.6350772091141095,8.043083,8.261944444444444,73.55209539574722,65.93882900775665
19.900000000000006,58.859161984224365,192.7051705123084,31.99936090483971,123.70419612743633,64.31019360392892,258.4111112623227,12.32772183369673,3.6141652756392415,8.400907,8.421111111111111,74.0444689364836,65.93166458965989
20.0,59.14142789006389,193.51780279510413,32.07007931349949,124.05849102357521,64.48798894912056,259.2288110139055,12.205968302231437,3.611535548411836,8.33522,8.53,74.54833268107551,65.928160267746
20.10000000000001,59.41697317907888,194.308171180272,32.14073586710495,124.41356892238532,64.66603706303006,260.059224844028,12.000849411574585,3.6292939806503863,8.650545,8.441944444444443,75.0283182984085,65.96024355285478
20.200000000000003,59.69923908491842,195.13193541148615,32.21377609740916,124.76777433914414,64.8296496166898,260.8387251849154,11.67942008850621,3.6042374561990056,7.279236,8.656944444444443,75.54181516916464,65.9067776071182
20.30000000000001,59.98822560758248,195.93343574507247,32.29145268305872,125.11511883770082,64.97945578279521,261.57460652417785,11.34423977835465,3.5143919972604283,7.7403255,8.513055555555555,76.04173354169113,65.83065911802518
20.399,60.27049151342201,196.74606802786823,32.3601856158075,125.45165077205418,65.13662812823824,262.356682877257,11.380825998362726,3.426829206180516,8.375096,8.568888888888889,76.56290947413461,65.79082053348242
20.5,60.55275741926153,197.55870031066394,32.41647649992966,125.7882885231176,65.31117926078637,263.2180469884208,11.524919154260175,3.3321657821121997,9.028326,8.63111111111111,77.08853554274805,65.8315455125562
20.60000000000001,60.84174394191067,198.38246454266908,32.46286668731042,126.11686075240345,65.49789645762586,264.1308917126122,11.593101131880749,3.3052178012695457,9.606578,8.713888888888889,77.63812314451788,65.91308998651873
20.700000000000003,61.13745108133958,199.20622877467423,32.50425494644977,126.44479059827866,65.69480588008396,265.08378350571627,11.755821145697894,3.3054100923612078,9.853926,8.678888888888888,78.1926262917195,66.03500359735796
20.80000000000001,61.43987883760793,200.00772910826052,32.54778104950181,126.76951738590168,65.89958454996487,266.064618884639,11.828586785679514,3.247379156992747,10.185762,8.595,78.73111818643596,66.20726290951352
20.900000000000006,61.74230659384645,200.80922944184687,32.585428448034605,127.09128784816207,66.11763829693707,267.11145683748936,11.709698043189874,3.2338128655488156,11.200386,8.626111111111111,79.27457635345422,66.44643621094781
21.0,62.05145496690951,201.62186172464257,32.62031562572,127.40998516922937,66.34990528823849,268.2342149935865,11.667299166350196,3.1791230576589182,11.73024,8.656944444444443,79.83479557684356,66.75089724634056
21.10000000000001,62.374044573591775,202.41223010981042,32.66709624961845,127.72245469875597,66.58515989921085,269.36495951607094,11.841191857172415,3.141543089473195,11.368946,8.626944444444444,80.38075223383379,67.08503161833946
21.200000000000003,62.68319294665483,203.21373044260577,32.72432215738014,128.02951541887768,66.82147252663229,270.4858742044172,11.967529050998754,3.105930122273651,11.542143,8.598888888888888,80.93330666482518,67.39930774267555
21.30000000000001,63.012503170131794,204.0152307761921,32.786317543643115,128.3306721891774,67.06369179324581,271.62716019739185,11.996749898550428,3.0436089904456836,11.791986,8.681944444444444,81.49708403395924,67.73319075104422
21.400000000000006,63.335092776814065,204.80559916135996,32.852582618012946,128.62492400564668,67.3077778682205,272.77339188600615,12.046310747829242,2.989294239562025,11.64666,8.53,82.05290179367044,68.08379450864905
21.5,63.64424114987711,205.60709949494625,32.92303927473498,128.91464469014826,67.55357157385485,273.91876011493224,12.176658646221497,2.974055230226008,11.782251,8.548055555555557,82.61673479773465,68.42343049733755
21.60000000000001,63.95338952294017,206.38633593011375,32.991540836834,129.20549633048012,67.80459911483545,275.0745045252717,12.331357250906834,3.0025297732101106,11.871607,8.46888888888889,83.15959400673928,68.79604872576297
21.700000000000003,64.25581727917869,207.16557236607218,33.05459353132701,129.5018354890266,68.05370174050485,276.20949765217335,12.428187118283937,3.057238253692839,11.368552,8.365,83.69690788237325,69.14830110201048
21.80000000000001,64.54480380182783,207.95594075044906,33.110216863395706,129.80392991118543,68.29810891263185,277.31948704668093,12.407274158761659,3.0871466013034237,11.363024,8.383055555555554,84.23698744738101,69.46501892351495
21.900000000000006,64.84051094128658,208.73517718640753,33.16017860556404,130.10786614752115,68.54112695855343,278.4276069091105,12.331643729804394,3.073169167915473,11.326075,8.366944444444444,84.76967322166348,69.79061054010882
22.0,65.1227768471261,209.5255455715754,33.21429891511573,130.4102098549322,68.78289754581512,279.52993868366997,12.409852468839746,3.0706075297725968,11.244605,8.313055555555556,85.30760405435588,70.10001097376265
22.099000000000004,65.39160151936133,210.3047820067429,33.27610757282865,130.70797012249352,69.02230681886289,280.6146869942922,12.482174066530137,3.073388463769419,11.196886,8.301944444444445,85.83156420319018,70.40358485425325
22.200000000000003,65.66714680837632,211.08401844191036,33.339297138154,131.0114461524616,69.26649526732055,281.7163927059618,12.512555153616947,3.0652902256112204,11.1485195,8.288055555555555,86.3522246230489,70.72402423155758
22.299000000000007,65.93597148061156,211.84099098024095,33.39261520421115,131.30941965466627,69.5054580461675,282.79281512008583,12.520496348657462,3.0509069937686517,11.126793,8.098055555555556,86.8585287573929,71.04155532583138
22.400000000000006,66.20479615283185,212.62022741540844,33.43470401383958,131.6161666285088,69.74217744659813,283.853331173447,12.649543632854776,3.081851128504494,10.390333,8.233055555555556,87.38155871101048,71.32088149638206
22.5,66.47362082506709,213.37719995215704,33.46003055092206,131.92735274702522,69.96855460775821,284.8598002195293,12.703115186699504,3.165578709221079,10.2419405,7.993888888888888,87.88614653361724,71.56798658010663
22.60000000000001,66.72900426366816,214.14530443890607,33.47291936760488,132.24331217141125,70.18940811161023,285.84524945856435,12.55901630122409,3.1591340117584976,9.955961,8.128888888888888,88.3962867998365,71.78339996554129
22.700000000000003,66.9843877022991,214.9022769764457,33.48840555023172,132.5531902296751,70.38985828805087,286.7507547088332,12.393145019533726,3.047249695562923,8.592589,7.991944444444444,88.90080375541477,71.92913861830824
22.802000000000007,67.2330505241055,215.65924951319437,33.51584010076095,132.8592246186956,70.5731017985067,287.5890396742471,12.265157707257398,2.9787713608767605,8.232503,7.971111111111111,89.40187023357906,72.00729584652312
22.900000000000006,67.4951545795311,216.41622205152495,33.54382861792627,133.15092413213142,70.73929741999856,288.35466325117426,12.22837954638795,3.0022547433839346,7.7563586,7.995,89.92108969622478,72.01155313562371
23.0,67.74381740135242,217.16206263985515,33.56431975725129,133.4521046089841,70.90665893573427,289.13012432993276,12.131549679010847,3.0358014899976102,8.109961,7.92,90.41899763176602,72.03752820577915
23.10000000000001,68.00592145676312,217.90790322739437,33.58259251768969,133.75375270519567,71.08174451849654,289.9456875139663,12.102042352561607,3.0083163033987987,8.572945,7.886111111111111,90.92242091673828,72.10341914518172
23.200000000000003,68.26130489537913,218.65374381572457,33.60370587878946,134.05196106178403,71.26136413621907,290.78215043761776,12.136992778064586,2.9708415356897473,8.537678,7.8661111111111115,91.42543855371801,72.19077085931217
23.30000000000001,68.51668833399513,219.3773205064269,33.62851128748088,134.3472749565403,71.44306699070285,291.6266306216609,12.14873841286477,2.9564543161646393,8.738464,7.731944444444444,91.90915919452597,72.30855069886057
23.400000000000006,68.7720717725962,220.1120291455477,33.657952046176476,134.6399415399924,71.62232115567463,292.4590836651273,12.155613906406339,2.9266015118331765,8.292215,7.771944444444444,92.40389149712828,72.40317823966545
23.5,69.03417582803674,220.84673778466848,33.69023161748631,134.9284159271406,71.79649853778565,293.26585538255495,12.21033137584133,2.87892513369535,8.214977,7.763888888888888,92.90399573308056,72.47178085578761
23.60000000000001,69.28283864984313,221.57031447457987,33.72058764556116,135.2136181057002,71.97038916386522,294.0661678266617,12.307161243218447,2.857556322826629,8.164747,7.656944444444445,93.39246599291846,72.5456523922142
23.700000000000003,69.54494270526877,222.2938911644912,33.74692233411979,135.49985068093363,72.14225178145279,294.8511182249853,12.393964349180761,2.8913598911175207,7.906149,7.723888888888889,93.88665360931036,72.60369972078095
23.80000000000001,69.80032614388476,223.00633590677512,33.77048487329744,135.78984515473311,72.30813448866758,295.6059751889239,12.393964349180761,2.927721163337281,7.551226,7.630000000000001,94.36559606702406,72.64293996385526
23.900000000000006,70.05570958250077,223.71878064747708,33.793500192011486,136.08094491054942,72.46054736883771,296.3008591766487,12.345262936594644,2.912468260225297,6.676824,7.506944444444444,94.84375615997294,72.62190694544886
24.0,70.31109302110185,224.431225388179,33.817035420204775,136.36748501378062,72.60027882359479,296.9409626688983,12.28195110023269,2.837632193013708,6.426725,7.556111111111111,95.32595978487201,72.54586392177895
24.10000000000001,70.55975584292317,225.12140623125313,33.84283441747528,136.64678256698375,72.73650213251281,297.56839733058166,12.216920390485337,2.772391552196992,6.4143214,7.458888888888889,95.79087300727879,72.47968504177864
24.200000000000003,70.81513928152425,225.82271902274564,33.874145885457864,136.9217837481736,72.87055603729299,298.1894016606555,12.145014187196422,2.7635000695524115,6.29185,7.448055555555555,96.2705213748314,72.39586655366354
24.30000000000001,71.06380210334557,226.51289986581972,33.9100468802799,137.19290756194556,73.00478262084573,298.8161464841179,12.033287417145901,2.7064574585890226,6.5272956,7.323888888888889,96.73914694858343,72.3292947353682
24.400000000000006,71.31918554196157,227.19194875968438,33.949505977650844,137.458372435665,73.1354685783439,299.4357445525071,11.77946711390296,2.6613667919318447,6.137341,7.303055555555556,97.20394884282156,72.26662379427533
24.5,71.56112774697327,227.89326155196792,33.9848394449549,137.72330005836437,73.25597086364967,300.0197513413924,11.530516951918631,2.6855728985700145,5.7888722,7.346111111111111,97.68622931772087,72.14639992774482
24.601,71.80306995197006,228.55004654741376,34.01054557948729,137.99404962329209,73.37588957316756,300.60598292635825,11.58983240765955,2.700484500631132,6.060062,7.1,98.12575338496127,72.07309989869536
24.700000000000003,72.05173277379137,229.21796349206903,34.02779936337588,138.26224854799304,73.49817783073205,301.198630513198,11.726818022108407,2.729556495329314,6.1648498,7.09111111111111,98.58377956331215,71.99519864622495
24.80000000000001,72.29367497878816,229.8970123859337,34.03918810307152,138.53656688147677,73.62315850063985,301.79939775888084,11.777238308079925,2.7616693842798856,6.107746,7.123055555555555,99.04613454798334,71.914675475557
24.900000000000006,72.54233780059455,230.5426654329611,34.047520470761114,138.8133325338478,73.74789481222348,302.39512335149095,11.87521409104729,2.77620681946658,6.0651484,7.0,99.47925148177177,71.86257076282752
25.0,72.78428000560626,231.19945042840695,34.05246097002575,139.0921257809652,73.87099687919647,302.97824226322786,11.967746774960913,2.8007072124847614,5.8542814,6.958888888888889,99.91953292281839,71.78701770396857
25.10000000000001,73.02622221061796,231.83397152543392,34.06056454180818,139.37033639021803,73.99277165071196,303.5516971149233,12.009859172903033,2.766909738491745,5.8705573,6.895,100.33865805351996,71.72423845220975
25.200000000000003,73.26816441561475,232.49075652167073,34.07472637228393,139.6469689327624,74.11748152744255,304.1349380669464,12.12702904200728,2.7730041237134846,6.0579453,6.965,100.77745025307367,71.64921554943126
25.30000000000001,73.50338600381684,233.12527761869777,34.08946023107382,139.92494923762442,74.2447544732324,304.72359480120156,12.273992716458348,2.7944073810426504,5.987232,6.77,101.19169311341324,71.60215534866154
25.400000000000006,73.738607592004,233.75979871651575,34.10318529952195,140.20296167880417,74.37669589673175,305.3292862817736,12.303213564010019,2.7726368352116317,6.4106827,6.771111111111111,101.60634063287735,71.5723319938524
25.501000000000005,73.9671085633965,234.39431981433373,34.11307555434499,140.48303457472298,74.51394258370539,305.9597602312692,12.258654636282696,2.7771595697304297,6.3663387,6.721111111111111,102.01800548159183,71.56752957532979
25.599000000000004,74.19560953480389,235.01770896215132,34.11803513907703,140.75641427975899,74.64494932416008,306.56398801429583,12.207558260112929,2.803038081522775,6.2513547,6.693888888888889,102.42755315170731,71.54769005672811
25.700000000000003,74.42411050619637,235.64109811075988,34.11862600283318,141.0382884477162,74.7786845403965,307.18330468220864,12.163288676072147,2.7789238873070587,6.2950134,6.656111111111111,102.83104432608336,71.54308522741785
25.80000000000001,74.65261147758886,236.26448725936848,34.11404537175481,141.3148738777118,74.9113893081428,307.7984681845864,12.183628677799293,2.7537469912468873,6.291276,6.603055555555556,103.24148596006916,71.53444899469784
25.900000000000006,74.88783306577604,236.8767444587676,34.10537810156628,141.58923627218195,75.04584330181369,308.42233870512547,12.141229800959614,2.736351396105031,6.472616,6.593055555555555,103.64804797639185,71.54576873092614
26.0,75.10961342037383,237.47786970974832,34.09634175307595,141.8590891334025,75.18337421155304,309.0622791294982,12.11716557356412,2.6637882486717563,6.618427,6.493055555555555,104.04345078746161,71.58444742141057
26.10000000000001,75.3313937749567,238.10125885756588,34.08928225221845,142.12208765726285,75.32104831708014,309.7052065527703,12.055572610587552,2.5980872629154668,6.5316296,6.5038888888888895,104.46488915971268,71.6039484425689
26.200000000000003,75.56661536315879,238.69125215854623,34.08120836843956,142.3766127608535,75.45831610090056,310.3521095436666,11.906317104955981,2.4951012576460454,6.694506,6.436111111111112,104.86919831783347,71.66093922005741
26.299000000000007,75.7951163345662,239.30350935794536,34.06988804690234,142.6135743122604,75.59502389960328,311.0042166570675,11.77443654446174,2.2976641385096683,6.7657604,6.491944444444444,105.30877558302747,71.70098649374998
26.400000000000006,76.01689668914906,239.88237071050722,34.05427450720853,142.83297727527756,75.73086619959602,311.65872382208016,11.673744941545449,2.058392406734067,6.4709873,6.23,105.73290134357558,71.77692302849266
26.5,76.23867704373193,240.48349596069698,34.034908727233606,143.0252430745155,75.85709314732796,312.26957878183475,11.676896209418668,1.8068150600727533,6.0042205,6.383055555555555,106.20390348635766,71.78709698179225
26.60000000000001,76.46717801512442,241.06235731325884,34.011958062740824,143.18838173384427,75.97346799792702,312.8308004694486,11.75653734294186,1.4891795001590602,5.458991,6.283055555555555,106.6853354352186,71.77014130294242
26.700000000000003,76.68895836972222,241.65235061344816,33.983394933282526,143.31809998650442,76.08190782427928,313.35188502524363,11.754818469556467,1.1713321197739797,5.185976,6.2411111111111115,107.20722920953773,71.70210418971652
26.80000000000001,76.90401810748055,242.23121196601008,33.946232452571294,143.41601413907054,76.18640985101298,313.8567719366553,11.632491980296026,0.932619442344034,5.125799,6.148888888888888,107.74884997043043,71.62915469777825
26.900000000000006,77.11907784526873,242.79894136857155,33.89902800236361,143.48528483920853,76.2825788852063,314.3256182844518,11.544542958743449,0.7613122455618716,4.4463587,6.138888888888889,108.31054926301266,71.53156814399433
27.0,77.3274169662473,243.366670771924,33.84219364511399,143.52763734827315,76.37427470471965,314.77576891279887,11.484668869152282,0.6804384498998569,4.7415414,6.041944444444445,108.89810486072615,71.41545895297327
27.10000000000001,77.54247670403548,243.92326822606702,33.77611084344198,143.54778782333156,76.46805718358723,315.23716298244364,11.49412267277194,0.7162692491863384,4.675032,5.94388888888889,109.5022001912439,71.32198793240049
27.200000000000003,77.75081582501407,244.46873373100067,33.703171328419984,143.55111806085694,76.55819449073643,315.6782245082588,11.610719584081057,0.7521164755250186,4.3285275,5.896944444444444,110.11158040027023,71.21947712812404
27.30000000000001,77.96587556278732,245.01419923593429,33.628537402644525,143.54025764139823,76.64699203493836,316.1081951969045,11.725024664209666,0.7620315999232965,4.4523606,5.798055555555556,110.73734861309516,71.10622838724102
27.400000000000006,78.16077345016159,245.52626889323963,33.556115806827485,143.52082126406958,76.7379897815526,316.544295211989,11.847637632367656,0.7384052413726385,4.4575,5.531944444444444,111.33142786071863,71.03227699840569
27.5,78.36239195433055,246.0272066021266,33.485860966099196,143.50108226453412,76.8311201260867,316.98415463209545,12.059632016566049,0.7214082632015928,4.5347247,5.423055555555555,111.91742136604631,70.97346875516001
27.60000000000001,78.55056922488028,246.4724845657574,33.414804211774886,143.48416141093514,76.92487543000635,317.4205432160726,12.193131182831541,0.7397290857276997,4.392208,4.978888888888888,112.44479529778322,70.96668166515364
27.700000000000003,78.70514341141183,246.9066305801788,33.342056056216684,143.4681786505171,77.01738944396234,317.8481701007793,12.221779072588081,0.7499354978832216,4.3581886,4.641111111111111,112.94832018228514,70.96161316520056
27.80000000000001,78.85299698114865,247.307380746181,33.269853787530224,143.45287713251508,77.10806783649268,318.26522012057876,12.313738798706586,0.7262388578918865,4.177698,4.321111111111111,113.41772729274233,70.97929096858255
27.900000000000006,78.98068870045665,247.65247116771806,33.20091095004119,143.44117062820015,77.19664692895343,318.66865326143636,12.454972895206327,0.6731122708600956,4.083169,3.766111111111111,113.82347390154264,71.03858757190083
28.0,79.10165980295506,247.96416574162686,33.13650830459476,143.43700766081056,77.28465936046845,319.0650644649022,12.581596567930232,0.6210111844935463,4.0381174,3.416944444444444,114.18722314129184,71.12411187400131
28.10000000000001,79.1890278214203,248.24246446869836,33.076031425661846,143.4432490533071,77.37292189378714,319.4601383843268,12.605374316428163,0.6003051797298079,4.0581455,2.955,114.49578153048613,71.24082620726101
28.200000000000003,79.28311645669517,248.45397150209533,33.01831593620423,143.46022049944136,77.460472837437,319.8526276642402,12.543781353451603,0.6074800987466568,3.9845667,2.49,114.73499691379313,71.42191632491392
28.30000000000001,79.36376385838066,248.66547853391035,32.96398836033139,143.48658450347367,77.54545626523026,320.2350470677481,12.513701069207233,0.6040505381675206,3.850401,2.263888888888889,114.95885749143127,71.59266291054557
28.400000000000006,79.430970026432,248.83245777046966,32.91481001571339,143.52123480171184,77.62768226538408,320.60575425994926,12.498517687636268,0.6032559384711859,3.7439375,1.9369444444444444,115.1269161635028,71.79594651312767
28.5,79.47801434406944,248.98830505702855,32.87129456810884,143.56385753738695,77.70744016248533,320.96621885056516,12.453826979616066,0.6186621165037468,3.6397219,1.6380555555555556,115.26708317250238,71.99968754794898
28.60000000000001,79.52505866170686,249.133020395169,32.8318857213727,143.61473496840424,77.78309384098293,321.30889815280534,12.444946133791538,0.670586631800524,3.3788986,1.5130555555555556,115.3878718004633,72.1968958579377
28.700000000000003,79.5721029793443,249.24433988568123,32.795692559899344,143.6744886477991,77.85372992106211,321.62893153361864,12.448097401664757,0.7288570669849386,3.1758194,1.3219444444444446,115.46872330686314,72.40498542231799
28.80000000000001,79.61242668018706,249.36679132540286,32.76370182551667,143.74319495165832,77.91935254097194,321.9269401076691,12.386504438688188,0.7890086455468918,2.927146,1.2219444444444445,115.54716409948065,72.57989867274199
28.900000000000006,79.65947099783942,249.46697886749664,32.73588780861124,143.82017684947115,77.98049862048697,322.2063245636751,12.301706685008831,0.8491780197258887,2.7928038,1.1149999999999998,115.59874322825613,72.75872016845862
29.0,79.6930740818576,249.556034460381,32.71146483116584,143.9045500676289,78.0379848135282,322.47079392592633,12.222352030383217,0.9082528458556196,2.6200972,0.9749999999999999,115.62658760932378,72.93354144976419
29.10000000000001,79.71995654908115,249.64509005247442,32.6898216713759,143.99636719847078,78.09229467803095,322.72224690603446,12.15187822158212,0.978885288933142,2.5249271,0.9038888888888889,115.64379026691064,73.09528122229429
29.200000000000003,79.75355963309936,249.72301369694034,32.67083272374782,144.09594051022626,78.14312619310226,322.9588920356399,12.09143117419582,1.048911720667569,2.3159313,0.8711111111111112,115.6454139307393,73.25358265576821
29.30000000000001,79.77372148352818,249.80093733982426,32.654744018909476,144.20326152276243,78.19053988906722,323.180496413835,12.06135088995145,1.121878274971999,2.216466,0.83,115.63333072811027,73.39663584836345
29.400000000000006,79.80732456754639,249.87886098349924,32.64215988532784,144.31916733516144,78.23661485170433,323.3962446940881,12.048459339561008,1.2104054069678665,2.1957998,0.7980555555555556,115.6174800046763,73.53416101827368
29.5,79.82748641796032,249.9567846271742,32.63349397613522,144.44451098462147,78.28143288041859,323.6064804727862,12.019238492009338,1.302843429212694,2.1033974,0.7561111111111111,115.58595421512065,73.66592142702149
29.60000000000001,79.85436888518383,250.0235763216397,32.62862625335814,144.5788025079276,78.32476557614125,323.8096025421861,12.066507510107634,1.3850656608570462,2.050459,0.7469444444444444,115.53731471586286,73.80187905265147
29.699000000000012,79.87453073561267,250.09036801610523,32.62730074859663,144.7201159136482,78.3669388886937,324.00628198244107,12.139112721906615,1.4700701666485951,2.0131817,0.6288888888888888,115.47809649271736,73.93128681861054
29.80000000000001,79.9014132028362,250.14602776057035,32.62993349770816,144.87366479884062,78.40934107790538,324.2038188059458,12.090502982567717,1.5712778366355515,1.9875412,0.6561111111111111,115.39871401821814,74.07282020921362
29.90100000000001,79.92157505325012,250.20168750661745,32.637466762711796,145.03813875494015,78.4510761895739,324.3986151364816,12.095132481552374,1.689360888058741,1.9573507,0.5611111111111111,115.30463513180104,74.21149800818856
29.99900000000001,79.92829567005971,250.26847920108295,32.649109923767284,145.2085307431258,78.49145385093139,324.5865091278633,12.161108571661687,1.7962702067735994,1.9647627,0.5369444444444444,115.2081341521554,74.33191835686074
30.099000000000004,79.94845752045872,250.31300699712966,32.6644952625059,145.39316123621234,78.53267127457933,324.7772101423557,12.231582380462775,1.9092092479037372,1.9373274,0.5161111111111111,115.0823493039058,74.47766108537188
30.200000000000003,79.96189875407792,250.36866674396768,32.684043515997324,145.59137317810737,78.57410500219773,324.96764228629826,12.318674830111636,2.0349768663335643,1.921833,0.4880555555555555,114.94988839881218,74.61188325905594
30.30000000000001,79.97533998769714,250.3909306408046,32.708944903886675,145.79972173793814,78.61521492466208,325.15554719620826,12.362792580336713,2.1619375484107373,1.9251547,0.2880555555555555,114.77557703615311,74.77698729464589
30.400000000000006,79.98206060449183,250.43545843764227,32.73970159277507,146.01969954784116,78.65648955706911,325.34354117248546,12.403186104893434,2.28056992092213,1.9242783,0.43,114.60580783505264,74.91981044831786
30.5,79.99550183811107,250.46885428447953,32.77530719107537,146.25049570934195,78.69783664809907,325.5313161200202,12.432979910240235,2.390039879085612,1.9211874,0.36194444444444446,114.41683899933564,75.07367788884045
30.60000000000001,80.00222245492067,250.49111818289836,32.81490017478097,146.4912075041618,78.73893206345383,325.71772594141504,12.431833994649972,2.4889273736196813,1.896532,0.24388888888888888,114.20431167497553,75.2372143122464
30.700000000000003,80.01566368852498,250.52451403052663,32.85792185338227,146.74096918707428,78.77975574116434,325.902815230569,12.44443906614285,2.5798993663959036,1.8942261,0.2938888888888889,113.99507355698691,75.38843253615674
30.80000000000001,80.01566368852498,250.55790987815487,32.9040836125616,147.00008471797048,78.82014398665625,326.085682062505,12.464779067869996,2.6840208872910076,1.8512506,0.2838888888888889,113.77048883239111,75.53723345800167
30.900000000000006,80.02238430533457,250.58017377578273,32.953231462728475,147.26907338268373,78.86010653541335,326.26642873252257,12.469935688026172,2.7848269748388215,1.8509846,0.24805555555555556,113.52836039401605,75.69517870373964
31.0,80.03582553893888,250.60243767341058,33.005750892612596,147.5468450682031,78.89955585774584,326.4447305380846,12.481681322826354,2.869081258803639,1.8012905,0.2361111111111111,113.27966758624213,75.85080418663593
31.10000000000001,80.0425461557485,250.62470157182943,33.06269269897679,147.8321782867165,78.93843000734243,326.62042312454514,12.471081603616433,2.9502148492116924,1.7975473,0.23888888888888887,113.01950926340209,76.00374179464502
31.199000000000012,80.05598738936771,250.64696547024826,33.12374520918623,148.1216291108484,78.97660428004525,326.7931654305609,12.451795844232329,3.02600796992925,1.7763939,0.24888888888888885,112.7567290748862,76.15384977985427
31.30000000000001,80.06942862295709,250.68036131708553,33.189212642484584,148.4246020221904,79.01509526218737,326.9676455469319,12.428937692995586,3.1119214477024504,1.7617311,0.2569444444444445,112.48997715063896,76.29456962327662
31.400000000000006,80.07614923978164,250.70262521550436,33.25584156008395,148.73420903025172,79.05313916140243,327.1403582414241,12.415759663707577,3.2219873412280085,1.7753305,0.24611111111111109,112.20382841307354,76.44457848508453
31.5,80.08959047340086,250.7360210615507,33.32463430770138,149.0549811912935,79.0909563301353,327.31187871263745,12.452142483698383,3.339330399188259,1.7374697,0.285,111.9195916463093,76.58236902284753
31.60000000000001,80.10303170700516,250.7694169099699,33.39659798281874,149.38674044382145,79.1279934834813,327.47918809855855,12.513162488879821,3.4501756930495904,1.6897268,0.3661111111111111,111.62409255475067,76.71596766868655
31.700000000000003,80.11647294060946,250.79168080759774,33.47243267723555,149.72869632152566,79.16440147959257,327.6430163520921,12.545821083202277,3.5551223881803278,1.6667738,0.32805555555555554,111.30765169260958,76.8572326787749
31.80000000000001,80.12991417422866,250.82507665522598,33.55182448705754,150.08062470830978,79.20062912267991,327.8056514275856,12.569885310597774,3.6603282074716827,1.6656494,0.34388888888888886,110.9908241116835,76.98618358504258
31.900000000000006,80.13663479102337,250.8696044512727,33.634708981352816,150.4429991447885,79.23661876547222,327.9668044471565,12.608559961769103,3.7743347674932197,1.6368074,0.4111111111111111,110.67037615094864,77.10245311305961
32.0,80.15007602467243,250.89186834969152,33.72186376314668,150.81680788030053,79.27223457365892,328.12570952486834,12.657834332150351,3.9023767379523275,1.6201429,0.31499999999999995,110.32042703757791,77.23882979619484
32.099000000000004,80.1702378750565,250.9252641965288,33.813160637390126,151.1989234628502,79.3070549228795,328.28049984550455,12.698107535570099,4.034444318552661,1.5850782,0.3769444444444444,109.97418627181894,77.36005149376194
32.19900000000001,80.19039972548534,250.96979199336647,33.91032782925274,151.5964452776523,79.34226233169811,328.4364873098074,12.739360496819522,4.1500732124652915,1.6131496,0.4488888888888889,109.62165430334464,77.47133805665827
32.30000000000001,80.20384095908963,250.99205589099432,34.01278149475887,152.0094331185832,79.3784963269212,328.5964109816847,12.792310391456537,4.275803711954839,1.6339216,0.31499999999999995,109.22991158717826,77.60874385534024
32.399,80.21056157588433,251.03658368783198,34.117019676435376,152.42680241902684,79.41448205991803,328.75471728485866,12.8209554164241,4.41488713789955,1.6457729,0.3788888888888889,108.8508317226738,77.72221067623481
32.49900000000001,80.22400280950355,251.06997953546025,34.225892920335255,152.8617632310454,79.45104774767502,328.9150841523749,12.868224434522396,4.552705711980815,1.6438828,0.39888888888888885,108.44666828939808,77.84894201173188
32.60000000000001,80.23744404310784,251.11450733150693,34.34157678577506,153.3183090242814,79.48867598936911,329.0786396680916,13.042409333820116,4.773549924132552,1.679451,0.4361111111111111,108.03021352681338,77.96772784040068
32.7,80.25088527672706,251.14790317913517,34.46446719571302,153.794462989557,79.52762599534972,329.24590189955586,13.17218427441724,5.061600476851053,1.7553005,0.38611111111111107,107.58293729693007,78.10134767161787
32.80000000000001,80.26432651033136,251.19243097439093,34.59507151969099,154.2951176016987,79.56853055537296,329.4205664109179,13.18851357157847,5.286591750029382,1.8325052,0.4911111111111111,107.12035376269931,78.23122973523134
32.900000000000006,80.28448836076021,251.24809072043797,34.731421037075556,154.8156634331887,79.61048685486783,329.59922079846916,13.243803998808591,5.475548661273446,1.8377934,0.5711111111111111,106.65033977961237,78.35402901277322
33.0,80.3046502111592,251.2814865672753,34.87443431091894,155.3552373005005,79.65292124180435,329.77943510882733,13.255836112506337,5.688589614275427,1.8650637,0.47805555555555557,106.14023655114894,78.50065398378314
33.099000000000004,80.32481206158802,251.34827826174077,35.02294640380583,155.90540376659737,79.69511914756818,329.9585159097102,13.262359237003901,5.82372964808062,1.8518114,0.6430555555555555,105.64847998893046,78.61275962740523
33.2,80.35169452881155,251.40393800778787,35.1794032280403,156.4771426175205,79.73802415004923,330.13995362311675,13.34684759347389,5.914099810696542,1.8401031,0.6769444444444443,105.12674438232841,78.73840705977665
33.29900000000001,80.37185637924037,251.4707297014624,35.33818643949999,157.04981341682722,79.78027266376243,330.3178636012518,13.370387564486842,6.091495497218213,1.8539896,0.6480555555555556,104.61042424286197,78.84935317111828
33.400000000000006,80.39873884644898,251.54865334592833,35.50746294448024,157.65417267370606,79.82393825170593,330.5021571834669,13.289660675941885,6.336592481160109,1.8964252,0.8530555555555556,104.07401286014199,78.95559615345792
33.5,80.42562131367251,251.62657698881233,35.683875692639084,158.27683167102356,79.86753588252662,330.6883580011346,13.068212488123834,6.606785921332468,1.9283171,0.8211111111111112,103.51810832947679,79.06375070908828
33.60000000000001,80.45922439769072,251.7267645309061,35.865565909993684,158.91612514664897,79.91255266750237,330.8852556878645,12.704670767113296,6.685440404117451,2.111268,1.0538888888888889,102.96800066152579,79.16037880295198
33.7,80.49954809853347,251.83808402141833,36.046813725171184,159.55878487730322,79.9599354458373,331.09703110781567,12.523616103851966,6.669147566215892,2.2289658,1.1830555555555555,102.4280949925253,79.26078396697375
33.80000000000001,80.5465924161709,251.96053546113995,36.227781852686974,160.20556508687818,80.00981141504182,331.3220080392414,12.477779480241496,6.763274016418612,2.379819,1.301111111111111,101.89765236816612,79.3632878830503
33.900000000000006,80.6003573505881,252.11638274848983,36.410802719796635,160.86131790266614,80.06276643671576,331.5627578004373,12.337404820434452,6.853018974518805,2.5502834,1.545,101.39133887311672,79.44819389316145
34.0,80.6608429018746,252.28336198425816,36.59919305324052,161.52377187537599,80.11883856056758,331.8200004472851,12.258336644706404,6.921517993911418,2.715375,1.7388888888888887,100.8897030628792,79.53848519241646
34.10000000000001,80.72804906992593,252.46147317002686,36.7947671336374,162.19012059527415,80.17765323448009,332.09150388371523,12.189008751495567,6.967734187759382,2.840642,1.9069444444444446,100.3944737391891,79.63193283500426
34.2,80.79525523799221,252.67298020263286,36.99715177502522,162.85965582486216,80.23878431640435,332.3747435574806,12.169814665358686,7.021465645099282,2.954588,2.1438888888888887,99.9235062572337,79.7037059474572
34.30000000000001,80.88262325645746,252.88448723444787,37.20314479830547,163.53297613491966,80.30174303235862,332.6675657000287,12.099627335455153,7.061055287322642,3.0356922,2.2888888888888888,99.45646974503607,79.78519305785866
34.400000000000006,80.95655004131842,253.1182581654727,37.40780641734612,164.20859066558543,80.36602936503425,332.96997825656575,11.906254079598511,7.057640249761892,3.1477165,2.4219444444444442,99.00213152335144,79.85390357506259
34.503,81.04391805979861,253.37429299412543,37.61464700076808,164.9029473404229,80.43340802809544,333.29201904099597,11.730685487225559,7.010547702182952,3.2409105,2.641944444444444,98.5559769191887,79.92005792666482
34.60000000000001,81.13800669507347,253.6303278227781,37.80772109166219,165.55301195105798,80.49668526432826,333.5988817586612,11.571735535700352,6.971551366995478,3.2192793,2.763888888888889,98.15868388298588,79.97112548772701
34.7,81.23209533034834,253.90862655064055,38.00948886594609,166.21968494425752,80.56144782045617,333.91581649315197,11.526185390987454,6.959269109817494,3.2503986,2.9188888888888886,97.76269324043932,80.01000069103627
34.80000000000001,81.33290458244774,254.19805722533957,38.217817127553985,166.88388249499508,80.62890212377883,334.2453426809814,11.608404834588734,6.963075414604128,3.4767895,3.0638888888888887,97.37903200938212,80.05038118759225
34.900000000000006,81.43371383453221,254.50975180003934,38.43354246781766,167.54720091510978,80.70028349895804,334.5912624304516,11.708958927634187,6.987361205963979,3.58737,3.1819444444444445,97.01288571102697,80.0848691383458
35.0,81.54124370341138,254.8214463747391,38.65424330258612,168.2128750592364,80.77501362629951,334.9515949623258,11.723855830307588,7.038789915567136,3.7726336,3.303055555555555,96.64543149416274,80.13381197222428
35.099000000000004,81.66221480593963,255.13314094943888,38.8764728310548,168.8745160915949,80.85149497696162,335.32059044433555,11.696061647665791,7.061543663122479,3.8402605,3.3830555555555555,96.2869154075863,80.19154770384284
35.2,81.77646529161349,255.4670994209755,39.103458893625636,169.5498698832234,80.93066080578876,335.70295607828587,11.69866574084466,7.046967903343365,3.8919172,3.48,95.93099502499436,80.240314547992
35.30000000000001,81.88399516052249,255.80105789330318,39.32923250814925,170.2165578083578,81.01059057632149,336.08844230518895,11.729318982884163,7.0307563588653785,3.9817963,3.5588888888888888,95.58040844854051,80.29213492783475
35.400000000000006,82.01168687981558,256.1461483148402,39.56155149201966,170.8767419968963,81.09160524191033,336.47727262412326,11.809819553100038,6.967002230221033,3.9618168,3.63,95.2516963012041,80.3363932661524
35.498999999999995,82.12593736551928,256.49123873716826,39.799652557136845,171.52176566110992,81.16998791979525,336.8522931118793,11.800743901625166,6.923641512803853,3.7780676,3.665,94.92800293118626,80.36674000827733
35.599999999999994,82.24690846801766,256.8585930563331,40.04837863543418,172.17421989292853,81.23974515074396,337.1884363483965,11.62742703338707,6.903263188983634,3.0200596,3.758055555555556,94.61584950794554,80.33615687394516
35.70000000000002,82.36115895370645,257.2036834778702,40.29427177909242,172.81709886867407,81.30296702636542,337.4970907732809,11.528305334829415,6.862757220007629,3.2811985,3.7180555555555554,94.29060747798118,80.30037998205115
35.80000000000001,82.48885067301447,257.5487738994072,40.53611289103071,173.45611142487854,81.36935618323642,337.8227112521924,11.519424489004889,6.802170225141137,3.3651905,3.6830555555555557,93.97663587008681,80.28174316761891
35.900000000000006,82.61654239232244,257.90499626936275,40.775220496233594,174.08852099962024,81.43799050657718,338.1583839219181,11.591044213396238,6.719889853180882,3.4871626,3.743888888888889,93.679761659899,80.26204093006054
36.0,82.72407226123147,258.2612186401092,41.01488116656183,174.71302048202912,81.51090508299022,338.5138828288173,11.590757734498672,6.658336887565637,3.7708263,3.69,93.38071555323123,80.26183329570736
36.099999999999994,82.83832274692024,258.61744101085566,41.25619032079964,175.32969033546513,81.58662018864479,338.88481382428137,11.483328147911648,6.58576938313616,3.8007708,3.7569444444444446,93.09094021261922,80.27713184751848
36.20000000000002,82.95257323257918,258.96253143239267,41.501138328777735,175.93724266053925,81.6664206494398,339.27771009379364,11.479030964448166,6.516012871613046,4.217598,3.721944444444444,92.79773720966334,80.32547610739618
36.30000000000001,83.06010310150312,259.341017700767,41.751714576116136,176.5361069560411,81.75337937143738,339.70470195962133,11.541196885219856,6.467686180477948,4.4975367,3.8438888888888885,92.53667492408805,80.37430730378675
36.400000000000006,83.16763297039721,259.7083720207229,42.006366282171726,177.12897414048535,81.8459800843657,340.15733826279444,11.581876888674142,6.437264397157584,4.7426915,3.833055555555555,92.26920845895341,80.4598218725913
36.5,83.2751628392913,260.07572633988775,42.26163455012723,177.718695072426,81.94346275373235,340.633639420386,11.552369562224905,6.414707049603056,4.980799,3.8780555555555556,92.00429393194503,80.56891947272834
36.599999999999994,83.36925147456616,260.4430806598437,42.51515512732416,178.30767063961903,82.04526922488363,341.13037650955704,11.611384215123376,6.409731196993405,5.1604505,3.8119444444444444,91.73485034347718,80.69815760311161
36.69900000000001,83.46334010984104,260.83269887821837,42.765530674651075,178.89161451115402,82.14879442028843,341.63091489556865,11.759714393915846,6.425761427753261,5.1654615,3.908055555555556,91.49127280824874,80.80890880315314
36.80000000000001,83.55070812832122,261.2000531973833,43.02135548155489,179.49034171186372,82.25631572374951,342.1413559647006,12.03054008451828,6.467153999365523,5.164122,3.8349999999999995,91.2091298994393,80.95165190017771
36.899,83.63807614678647,261.5674075173392,43.27477241831392,180.08625193293614,82.36517515515885,342.6422968882527,12.48886048399928,6.614793580916569,5.192175,3.796111111111111,90.93060542659232,81.08488122603592
37.0,83.71200293164743,261.934761837295,43.54060779059489,180.7135645994098,82.48065594249722,343.1556145399734,12.86732202599499,6.876587982243903,5.2266374,3.76,90.61249289327621,81.23018607117595
37.099999999999994,83.78592971652331,262.29098420645954,43.80998411757247,181.35405769328972,82.597699597583,343.66687996122187,12.921466537634851,7.020132001964143,5.263198,3.6761111111111116,90.2710490685055,81.38457040929504
37.20000000000002,83.84641526777997,262.66947047562485,44.08287652056832,182.00690191778116,82.71121650952884,344.1661991083587,12.688272715016552,7.131558430661744,4.9780283,3.733888888888889,89.93102345714651,81.50463455569992
37.30000000000001,83.90690081902171,263.0256928463713,44.35939794715282,182.669126568443,82.81773730871174,344.6441047070862,12.438176637441963,7.221219908606307,4.8146544,3.6430555555555557,89.56105586346985,81.62567875256829
37.400000000000006,83.95394513665914,263.3930471655362,44.634667316420625,183.3389242210033,82.91780284014106,345.10045257058744,12.292931836376308,7.262112487590297,4.529153,3.675,89.1889466734723,81.71397486895391
37.5,84.00098945429657,263.76040148549214,44.90430686306154,184.01961979701858,83.01293254181137,345.5373316187196,12.27545662362482,7.381396477903681,4.4131727,3.6430555555555557,88.80958762390793,81.78289893661798
37.599999999999994,84.04131315513932,264.11662385623856,45.163568361266485,184.70866768749966,83.1032635462188,345.95328640443716,12.227614647731398,7.343520876730429,4.0998316,3.59,88.41437973064033,81.84203855046945
37.70000000000002,84.08835747277675,264.4839781754035,45.40902184066901,185.39707857888507,83.18920058097578,346.35082610875367,12.16802703703778,7.274083841227754,4.0346146,3.6719444444444442,88.03879084091865,81.87178557756242
37.80000000000001,84.10851932319066,264.8402005461499,45.646607023379204,186.08823675197922,83.27108528600691,346.73104556511225,12.138233231690979,7.343095517162032,3.7441244,3.5730555555555554,87.64240126329696,81.89512680059995
37.900000000000006,84.13540179042911,265.2075548653149,45.87984369961547,186.7893966651093,83.34912615025114,347.0969728890172,11.93970335567816,7.435862008788314,3.7390194,3.721111111111111,87.25190691527655,81.89319271858315
38.0,84.16228425763772,265.57490918447974,46.10744579631543,187.498828313751,83.42744532901655,347.468863894943,11.846884192866973,7.46525872601409,3.8619518,3.693888888888889,86.85646282488084,81.8972515190249
38.099999999999994,84.17572549125694,265.9756593520639,46.328096768642794,188.21202632301214,83.50872976154022,347.85582421291394,11.878396871599167,7.465999134684343,4.046157,3.9299999999999997,86.4848288533999,81.88288148901117
38.20099999999999,84.20932857527515,266.39867341727586,46.5427424639542,188.93535198606065,83.59803096795403,348.2796299642138,11.91716892559567,7.474888353037052,4.530319,4.103055555555556,86.13557845883037,81.883238393497
38.30000000000001,84.23621104251359,266.82168748248785,46.74289332928439,189.64653967920424,83.69850507121888,348.74779778155397,12.284732810328062,7.45118483044164,5.143021,4.271944444444444,85.80065449402946,81.92787484395231
38.400000000000006,84.26309350972218,267.27809739453716,46.931103905297256,190.36848198340016,83.81631838054722,349.27795876804714,12.748255666588872,7.471169890499668,5.7189393,4.4511111111111115,85.49132348088835,82.00107848858394
38.5,84.28325536013611,267.7456392557958,47.10563702755152,191.09817046890248,83.94568163740172,349.8471856375659,12.856831168766156,7.534890585096567,5.955895,4.636944444444444,85.18808470860886,82.10224037318483
38.599999999999994,84.32357906097884,268.2131811170545,47.26835283412837,191.83576790816693,84.08245219284642,350.45100927997396,12.675203547709696,7.572292642666456,6.426514,4.7461111111111105,84.89169004799126,82.23818166229361
38.70000000000002,84.35046152818745,268.702986876732,47.4202386327336,192.57758059545517,84.22642139796179,351.0989771041814,12.387578734553957,7.572094340314158,6.84891,4.881944444444444,84.61039442407395,82.39608359331072
38.80000000000001,84.3907852290302,269.21505653403733,47.559416644359295,193.32177295182265,84.37811548709695,351.794081948195,12.239469144512647,7.57061912424715,7.3803935,5.026111111111112,84.35840328449999,82.57902638608948
38.900000000000006,84.43782954666763,269.7271261921337,47.67868501014541,194.07181812751944,84.54108326118538,352.541789993738,12.348044646689932,7.620888941704861,7.924852,5.153055555555555,84.11278348389513,82.8147281701891
38.998999999999995,84.47815324749546,270.25032779864847,47.77578131935163,194.82225317119435,84.7135029580674,353.3277056153459,12.398527958018903,7.666939508551641,8.32983,5.268055555555556,83.88360118137864,83.0777111768527
39.099999999999994,84.5319181819425,270.7957933035821,47.86018774497833,195.59481786666294,84.89652389121925,354.168500021321,12.167342352472593,7.722847450137843,8.709482,5.446111111111112,83.66601771272184,83.37350396118265
39.20000000000002,84.59240373319916,271.3523907577251,47.936572959290075,196.3624479273512,85.07936444176428,355.02826335221295,11.847345423891955,7.705609607439164,8.870389,5.566944444444444,83.46940430737605,83.67728954250757
39.30000000000001,84.66633051807504,271.9089882110772,48.00609758741909,197.1279279694875,85.2608936415909,355.89964695493165,11.688636114640726,7.667334543222474,8.931451,5.591944444444445,83.28372979992082,83.99276314977654
39.400000000000006,84.74697791973068,272.4767176144297,48.07124143207058,197.88749457057006,85.44539829069326,356.79825069490636,11.521618917360101,7.579783242017092,9.415565,5.623055555555555,83.11836043377494,84.32442547718009
39.5,84.84778717181516,273.04444701778215,48.14181096739655,198.63270980415416,85.63154011195937,357.71053900627805,11.543104834677505,7.391610906953501,9.20613,5.798888888888889,82.97249739684453,84.6697195063007
39.599999999999994,84.96203765751886,273.6344403187625,48.222299118993405,199.3603535078591,85.81595587990759,358.59713865683193,11.964228814098636,7.2505314647262615,8.905515,5.973888888888889,82.8640353800901,84.96698938538613
39.70000000000002,85.08972937682687,274.2355655681612,48.313719636324215,200.07680323195996,86.0025160743318,359.4597451236625,12.447518714291595,7.195153438074101,8.745644,6.108888888888889,82.7767897642251,85.22906757945597
39.80000000000001,85.21742109613486,274.83669081993287,48.40340133798581,200.79112278868104,86.19742552817294,360.33224189135507,12.731705780676467,7.2041738135908595,9.1344595,6.0811111111111105,82.6923103790439,85.50116760426711
39.900000000000006,85.36527466584185,275.4600799677505,48.478437125359086,201.5087359015102,86.4011427710818,361.22188061244725,13.064021301852327,7.227096809671775,9.118921,6.343055555555556,82.64042638407322,85.76805624795375
40.00200000000001,85.52656946918299,276.0612052179402,48.54330272107479,202.24375275933025,86.61483422138289,362.1258618946018,13.53652240676288,7.241262858932587,9.094864,6.308888888888888,82.56378326385526,86.07153681120442
40.099999999999994,85.70802612293804,276.68459436654877,48.605390708701314,202.9450318895487,86.82327823144315,362.9897237408132,13.595199014562219,7.126816436185043,9.040937,6.481111111111111,82.54773545640832,86.31233482865613
40.20000000000002,85.92308586072622,277.30798351515733,48.680104953240075,203.64448787893693,87.03882309995386,363.89406129167077,13.227073631190581,6.94289674856181,9.552555,6.538055555555555,82.54302039677758,86.59326610255229
40.30000000000001,86.13142498170481,277.94250461218434,48.76766791223684,204.3241320424379,87.2581883261498,364.8384826849489,12.930281493312831,6.762979046222329,9.838775,6.67611111111111,82.557344447143,86.90328302691884
40.400000000000006,86.35320533628766,278.5770257100023,48.85917532513736,204.98697984182925,87.47966670796713,365.8059387040043,12.859234726716613,6.6197124688280775,10.010902,6.721111111111111,82.59114442454987,87.23618616914115
40.5,86.60186815809405,279.18928290940147,48.945604012652005,205.6381921665723,87.70550244181864,366.79925068657974,12.760113028158987,6.518873461875711,10.362328,6.631111111111111,82.63024372983051,87.61691881452136
40.601,86.85725159671007,279.7904081595912,49.02944675080217,206.28490119906536,87.93922762483912,367.8326573965939,12.72857456632601,6.394434222571324,10.618027,6.558055555555556,82.66802509425278,88.04889734026172
40.69900000000001,87.10591441853137,280.39153340978095,49.11382929738773,206.90108290781785,88.1707464863435,368.8602594907591,12.665686718732443,6.29827548766346,10.879117,6.5649999999999995,82.72995132860717,88.47513414357611
40.80000000000001,87.37473909076661,280.98152671155225,49.20585966508722,207.52794652875707,88.41309327840912,369.9422295521978,12.585249173874027,6.248023501043571,11.076911,6.495,82.7785708881373,88.9667624976914
40.900000000000006,87.6435637629869,281.582651960951,49.298772611952295,208.1409928602255,88.65009679013397,371.0121264251176,12.393594791402778,6.152924781116962,10.83978,6.51,82.84926251864671,89.43513857355931
41.0,87.91238843520722,282.17264526272226,49.39920221684159,208.74501373881282,88.88274711298067,372.0791364609381,12.208242944677968,6.094491676601027,11.001829,6.526111111111111,82.91491171014734,89.91172757509665
41.099999999999994,88.18121310744245,282.76263856370264,49.51866643854271,209.34521955499753,89.11312517171552,373.1511182407338,12.048960677631609,6.147042505532293,10.927341,6.483888888888888,82.97535735882447,90.39328359131896
41.20000000000002,88.44331716285313,283.3526318646829,49.6586594389885,209.94619269559658,89.33731032785143,374.21769879821,11.690575576777197,6.195528403454701,10.8705,6.483888888888888,83.02261731746418,90.86946468761342
41.30000000000001,88.71886245189799,283.9426251664542,49.809167607287584,210.54412347561168,89.55879677839071,375.29524440007384,11.541606550043191,6.136185001752456,11.1309805,6.535,83.07408984371308,91.35648050639601
41.400000000000006,88.9876871241183,284.54375041664395,49.9582218638898,211.13641809705194,89.78326405751778,376.3863293042704,11.708623747323816,6.079119989633098,11.147749,6.563055555555555,83.13805143722337,91.84602462484074
41.501000000000005,89.2497911795439,285.13374371762427,50.10546052825261,211.73466317759073,90.01417338881166,377.4951454213432,11.817995660836338,6.1208563692900855,11.280067,6.486111111111112,83.1847560930484,92.36456466003386
41.602000000000004,89.5051746181599,285.734868967814,50.256485413285546,212.33706482920007,90.24584689402549,378.60202058490273,11.825229252999865,6.177288017230506,11.113208,6.476944444444444,83.23278955238226,92.87010522709437
41.70000000000002,89.78071990718983,286.32486226879433,50.411450045784456,212.92386579358927,90.46971988973581,379.67054207925815,11.84123196421787,6.209046154296484,11.166837,6.521111111111111,83.29253083544303,93.34822258754357
41.80000000000001,90.03610334580583,286.9148555705656,50.57881281889371,213.52378963160058,90.70126749129014,380.76497406305805,12.050075080543044,6.247928123249429,11.20636,6.455000000000001,83.32542430364612,93.85247564340173
41.900000000000006,90.29820740123147,287.5159808207553,50.75704100827957,214.1305892487641,90.93745563268476,381.85674290707044,12.364915388967413,6.400961270679688,11.134217,6.46,83.36017955768563,94.34292781829558
41.998999999999995,90.55359083983252,288.10597412173564,50.9416935090497,214.74580319299048,91.17473197708837,382.9365342106815,12.421638210685359,6.575353955458173,11.200207,6.451111111111111,83.37156043183542,94.83259430752466
42.099999999999994,90.81569489527307,288.69596742271597,51.125969588962086,215.38878645587226,91.42385481173942,384.0592989926373,12.596112453669619,6.670562689982556,11.5735,6.481111111111111,83.3619642054816,95.36527075722458
42.20000000000002,91.07107833388908,289.2970926729057,51.28732547324491,216.03792674308735,91.67623780438603,385.1833525935333,12.71385528056903,6.710927311771591,11.467291,6.451111111111111,83.36457511682927,95.88816954948554
42.30000000000001,91.32646177250507,289.89821792388636,51.42064625862509,216.69981779655564,91.9235386254385,386.28691254907324,12.545692167698142,6.795901626983455,11.15133,6.526944444444444,83.36953816010158,96.39054389469871
42.400000000000006,91.57512459431148,290.5104751232856,51.53384792349687,217.37726293717347,92.16771607694014,387.38147121383355,12.60556625728931,6.941791918362745,11.277951,6.588888888888889,83.37727845215157,96.87280861129321
42.5,91.82378741611787,291.11160037347526,51.633853212319785,218.06911585372038,92.41298388553226,388.47696853822464,12.633927668148283,7.03983266428316,11.174405,6.548055555555555,83.36927105429343,97.36715087921985
42.599999999999994,92.05900900431996,291.73498952129285,51.71344169330569,218.77361714397628,92.65765645594465,389.5871823289514,12.229705943683511,7.142818487076199,11.562837,6.645,83.373416991443,97.85402401556374
42.70000000000002,92.30095120931675,292.36951061990186,51.78078182043068,219.48781536012004,92.9038996326818,390.75368852280644,11.62810025879601,7.204525283693071,12.281756,6.723888888888888,83.38840225860982,98.3860254732938
42.80000000000001,92.54289341432846,293.0040317169288,51.85379938849778,220.20833182492265,93.14892195817795,391.97459769137726,11.075195986494798,7.279795925137356,12.623594,6.801111111111111,83.39554122019902,98.9724214107072
42.899,92.77811500256038,293.6608167131657,51.93140734141098,220.9267022785988,93.38823856052238,393.2232792883595,10.631339906551874,7.317200735502288,13.061607,6.953055555555555,83.41885236165784,99.56433199089345
43.0,93.02005720752733,294.28420586098326,52.01809447121343,221.65897826392208,93.62942225853709,394.5318771558219,10.25750786354082,7.285110404231579,13.287804,6.7861111111111105,83.40014767226141,100.24952331958197
43.099999999999994,93.25527879572942,294.9521228056385,52.119444369386294,222.38149134072083,93.86190902495582,395.8355187392884,9.964726430228986,7.307830996636395,13.196478,7.001111111111111,83.41854365288582,100.88521980617664
43.20000000000002,93.47705915031229,295.653435597922,52.23403401727459,223.1013494111688,94.09070337868974,397.1494860980339,9.792266133894568,7.270832401316807,13.4783125,7.26,83.45533135860431,101.49790552696288
43.29900000000001,93.71228073852932,296.3324844917867,52.340790431278876,223.80860642524948,94.31492389058076,398.4526531536333,9.732423556982136,7.180422931534551,13.235143,7.246944444444444,83.4943896321955,102.12194683951492
43.400000000000006,93.96094356032077,297.0337972832792,52.42782761750709,224.52743010945105,94.54259671494545,399.77706402688557,9.775535766276754,7.159379797052724,13.375502,7.326111111111111,83.55939803915052,102.74491316624939
43.5,94.1894445317282,297.7351100755627,52.50154147267195,225.2370376927319,94.76298024918039,401.0607956639947,9.705061957475666,7.109157154373353,12.67473,7.381944444444444,83.62925182427168,103.32727735471742
43.599999999999994,94.43138673673988,298.4586867654741,52.5845058928388,225.93725004048295,94.97496991996394,402.3088777358061,9.574427580185846,6.9948763553277695,12.644437,7.603888888888888,83.72884939505948,103.85161359965241
43.70000000000002,94.67332894173667,299.18226345538545,52.67612037325692,226.62664282105712,95.18431627709006,403.5411009710933,9.711364493222144,6.914224004174059,12.353181,7.683888888888888,83.83366634698115,104.36008851896781
43.80000000000001,94.90855052992384,299.9392359929251,52.76074995475927,227.30785162044123,95.39511452559603,404.75699214360435,9.960028176308906,6.814977224633151,12.327455,7.878055555555555,83.97472887236574,104.81888545956375
43.900000000000006,95.16393396853984,300.6962085304647,52.838070172630054,227.98263696170136,95.61087482178904,405.97029215450306,10.206972986010276,6.769098749694053,12.319302,7.966111111111111,84.13526155159661,105.27503236288902
44.0,95.41259679036116,301.47544496642314,52.90527797284437,228.6529055484157,95.82911289270896,407.17576239598577,10.316980882675388,6.704339309308311,12.182027,8.08388888888889,84.32078273083846,105.70113807511166
44.099999999999994,95.67470084577185,302.2435494523812,52.959418921018724,229.31626858127973,96.04746903139416,408.37556740289324,10.312110741416776,6.607389875293788,12.208229,8.155,84.51617363063514,106.13267258656977
44.20000000000002,95.92336366759316,303.03391783754904,53.00693492017544,229.97169887811322,96.26636798323145,409.57045780087395,10.451053006736032,6.535637652338611,12.087301,8.283888888888889,84.73433599025088,106.53709212906871
44.301000000000016,96.18546772300387,303.8354181711354,53.05382223345553,230.62277085923265,96.4882782522337,410.7581187327118,10.718695916786515,6.3902758969176165,11.837807,8.428055555555556,84.9731167431979,106.92312934813094
44.400000000000006,96.45429239523911,304.6369185047217,53.10007464607046,231.24470959674713,96.70234819384329,411.89464742537115,10.613758696608317,6.208846821173633,11.526112,8.448055555555555,85.24086182714314,107.2580157605703
44.5,96.70295521704548,305.4606827367268,53.14548044151532,231.86118278914208,96.91439494374177,413.031402650588,10.519220660411737,6.15403510978133,11.601164,8.526944444444444,85.52274552044896,107.57092771536554
44.599999999999994,96.95833865566149,306.28444696873197,53.188128464431614,232.4746158034333,97.12789173980006,414.1603593417178,10.901956467559105,6.144272405213833,11.378295,8.588888888888889,85.81213478776962,107.8760456197411
44.70099999999999,97.22044271108713,307.0970792515277,53.22606643059138,233.09101060710375,97.34591129814255,415.28951441935044,10.954617018509579,6.084858638637949,11.394189,8.573888888888888,86.09531543883811,108.19250791949442
44.80000000000001,97.47582614970312,307.90971153353246,53.253981922084755,233.69216270446577,97.55576578516023,416.38727664535133,10.687736142326568,6.07325029444314,11.184473,8.55,86.39337972950614,108.47759456650125
44.900000000000006,97.73120958831912,308.71121186790975,53.2828729716146,234.29839052717026,97.761280062323,417.49327449654413,10.36716625595089,6.065751048140331,11.314214,8.451944444444445,86.67711697951594,108.78206678480392
45.0,98.00003426053944,309.5127122014961,53.32549831314901,234.8991871905997,97.95913416103609,418.60946827649684,9.73748563910215,5.981353635400843,11.358004,8.399999999999999,86.96546600039775,109.09676374167273
45.101,98.25541769915543,310.31421253508233,53.378641056053546,235.4901512310117,98.14870190806091,419.7432647783004,9.24733743410159,5.768351121285078,11.405272,8.44111111111111,87.25001565564429,109.4291042781079
45.20000000000002,98.51080113777144,311.1268448178781,53.43305656781778,236.05257044828886,98.3328880195719,420.8690217085495,9.335541421873021,5.646710793477292,11.639682,8.468055555555555,87.56797204249024,109.74232110622152
45.30000000000001,98.76618457638745,311.9283451514644,53.488039015545446,236.61189048694294,98.52119066954577,422.0098417563066,9.41031241413759,5.593615592190716,11.485446,8.46111111111111,87.87877336798523,110.0817692298606
45.400000000000006,99.01484739819384,312.7298454858417,53.54443035100277,237.16472689664704,98.70953279606702,423.15252151771483,9.309758321092136,5.520522461333148,11.676513,8.399999999999999,88.19096310759133,110.4230981228397
45.50200000000001,99.27023083682475,313.531345818637,53.59776144319538,237.72357233440013,98.90167742220585,424.3253186686153,9.298946607498017,5.487475435957122,11.626093,8.401111111111112,88.50306763694341,110.79458584019866
45.599999999999994,99.51217304183648,314.3328461530143,53.63875786468007,238.25848675486716,99.08521845380284,425.4412285915495,9.38204840610378,5.461653319434579,11.453572,8.36611111111111,88.83511905690352,111.1092027616436
45.70000000000002,99.76755648043755,315.1232145381822,53.67167211213617,238.80306762602444,99.27135746204597,426.5562123859433,9.575994619755607,5.450077952758467,11.154747,8.308055555555555,89.16050347765626,111.43410260241244
45.80000000000001,100.00949868544926,315.91358292176807,53.70597743564034,239.34556341822187,99.45806675655338,427.6473237878146,9.846717177954906,5.421993232243134,10.984732,8.280000000000001,89.48004073997137,111.73510158000059
45.899,100.24472027365135,316.69281935772653,53.74980485137003,239.87875210436445,99.64539573457195,428.7209366910786,9.948251028830029,5.386304817722234,11.032113,8.161944444444446,89.78963240892084,112.02972044577473
46.0,100.48666247864813,317.4831877428944,53.80050098008176,240.4215190844582,99.83833777070997,429.8273773927045,9.836275022138638,5.408351947046712,11.208242,8.258055555555556,90.10049085267423,112.3460603359077
46.09900000000002,100.72188406685024,318.2735561264803,53.85298554221186,240.95838855863664,100.02665317056763,430.91995873139314,9.722262150485536,5.4892385358892115,11.189575,8.16,90.41199469626025,112.64854799697714
46.20000000000002,100.95038503825764,319.06392451164817,53.90944825239266,241.51274160972693,100.21659228471493,432.038188276009,9.558493623903294,5.544853434095563,11.270766,8.21888888888889,90.70300823665656,112.97664681209355
46.30000000000001,101.17888600963519,319.84316094681566,53.97000677165984,242.06215439548714,100.39834082494015,433.1409982000434,9.155131336131218,5.510213636119893,11.083095,8.116944444444444,90.986610328353,113.30052593454377
46.400000000000006,101.41410759783729,320.6223973827741,54.03420522656854,242.61245115299752,100.57201778488492,434.25338743741094,8.601367627137309,5.570365023780226,11.434482,8.103055555555555,91.27106255261629,113.63411026646025
46.498999999999995,101.63588795242016,321.4016338179416,54.09982519313032,243.16788517514468,100.7411668927845,435.3728713040469,8.582932710078977,5.728582947391068,11.438056,8.108055555555556,91.54341423258953,113.97474939603406
46.601,101.87783015743186,322.1586063546902,54.17336547911254,243.75549408194775,100.91923028356398,436.51550580216525,9.136959979658698,5.883180458964052,11.237221,8.051111111111112,91.77561748251698,114.36091712188258
46.69900000000001,102.09961051201473,322.9489747406491,54.24551983301557,244.3300472945132,101.09528328604726,437.595034824368,9.389634367311425,5.934609800096852,11.085088,8.17,92.03776261673602,114.65045907407657
46.80000000000001,102.33483210021683,323.72821117581657,54.316475291929315,244.9236625761208,101.27821714962097,438.72170679419355,9.061518626773859,5.903839874228471,11.51751,8.08388888888889,92.28173963775188,114.99834985636754
46.900000000000006,102.57005368841894,324.49631566177464,54.384225427814094,245.5085327945511,101.4556062495211,439.85970826700986,8.658156339001783,5.871807619038305,11.517512,8.101111111111111,92.52536888572864,115.3687754398204
47.0,102.7985546598114,325.27555209773305,54.45319031871732,246.08962028698082,101.63138964568847,441.0193704558878,8.581952952249388,5.83164347063859,11.940679,8.073055555555555,92.77761610437204,115.74970307649048
47.099999999999994,103.03377624799859,326.0436565844821,54.5269290514498,246.66834180616823,101.81017345361388,442.19662662983,8.68880958104128,5.836444997140871,11.874417,8.048055555555557,93.02341007029223,116.15941483217756
47.20000000000002,103.26227721940599,326.834024968859,54.60761759448483,247.24470442220277,101.98562359518567,443.35150420737824,8.58625013571284,5.803656418529468,11.488169,8.17888888888889,93.2830951903684,116.52447301994115
47.30000000000001,103.49749880759315,327.6132614040265,54.69894773150363,247.8136922875144,102.1648491434818,444.54323601312126,8.52207886265819,5.722522603270312,12.614503,8.223055555555556,93.53753160259633,116.9375684594596
47.400000000000006,103.73944101260486,328.4036297891943,54.80468640562024,248.37183272108967,102.35534961004741,445.8103381932858,8.577082810990747,5.640415525160711,13.012348,8.195,93.8067095169428,117.41486655144654
47.5,103.98810383441125,329.20513012278064,54.92397958049597,248.92056775299525,102.54851670877012,447.08659640611154,8.63667042168435,5.5912044591043175,12.803531,8.345,94.08984665579808,117.89025618854338
47.599999999999994,104.23004603942296,329.9954985071575,55.04082777648808,249.4726488566947,102.7441431640439,448.3756451792609,8.622346476806081,5.696374082514675,13.272638,8.32611111111111,94.35840454961966,118.38947180160818
47.70000000000002,104.47870886122935,330.79699884153484,55.13608912320987,250.04046622404525,102.93509567720974,449.6586651202392,8.30063067484005,5.822787916285287,12.670502,8.403055555555556,94.63779204424864,118.87168902733724
47.80000000000001,104.73409229984534,331.5984991751211,55.20853943128045,250.62162496835322,103.11542177264957,450.88335716959403,8.455329279525364,5.89180138896878,12.087454,8.411111111111111,94.92120175827804,119.29583999887501
47.900000000000006,104.98947573846137,332.4222634063353,55.282266882755316,251.20702295402114,103.29743699357252,452.07917229278104,8.853534947141263,5.9103203518359875,12.104454,8.503055555555555,95.21933571471702,119.66887163909162
48.0,105.25157979388698,333.25715958754984,55.385680900790476,251.78152378406315,103.48237744574772,453.2767220910482,8.704565920407257,5.772118922143079,12.130487,8.7,95.52427493574041,120.03260165671581
48.09900000000002,105.51368384929768,334.06979187034557,55.52164894568751,252.33389494240524,103.66514547872751,454.46618098999653,8.766393796079836,5.724028327294876,12.1810055,8.608055555555556,95.81210988397376,120.4105792991541
48.19900000000001,105.77578790472329,334.91582000076954,55.67309635135506,252.89085850892386,103.84964199678222,455.66684972388566,8.705087312000842,5.819744378744065,12.114219,8.768055555555556,96.11646065388969,120.76639109144378
48.30000000000001,106.03789196016383,335.7618481304026,55.81880537167623,253.46585056377216,104.028774797004,456.84805511966,8.537557317493567,5.927413117276176,11.543453,8.901944444444444,96.40844295635553,121.1028739329525
48.400000000000006,106.31343724917882,336.61900820924495,55.94580625935254,254.0478853341136,104.20242012874043,457.998066830021,8.634673663768236,5.989247600923081,11.717506,8.919999999999998,96.7206729938711,121.3974145727518
48.5,106.58226192141404,337.4650363396689,56.06181327605471,254.6308662216726,104.38191811493834,459.17009535137026,8.7781995914485,5.898970925265129,11.996393,8.978055555555555,97.02481883758169,121.72494773836793
48.599999999999994,106.86452782725357,338.3444603169302,56.17593579116136,255.20031973631603,104.57315745727861,460.38209712665736,9.146897932615163,5.7165666147620415,12.543667,9.153888888888888,97.37700691380037,122.05914622131053
48.70000000000002,107.13335249947389,339.212752345773,56.27634342694195,255.75659848965032,104.77385816269516,461.61582764591265,9.333395694930289,5.591215107900054,12.45534,9.07,97.73108506642306,122.42581450191354
48.80000000000001,107.41561840531342,340.0921763222433,56.347468564604206,256.30336842506966,104.97728902954584,462.83580512128884,9.602399379744195,5.4408498954489914,12.281172,9.213888888888889,98.12502360245624,122.76784538674048
48.900000000000006,107.69788431115292,340.99386419792336,56.39329189349394,256.8400835963748,105.18292852388933,464.03326090354324,9.88945123510472,5.333762133992592,12.0185995,9.385,98.55972804688372,123.0650971815112
49.0,107.99359145059677,341.86215622597524,56.439421749774745,257.3691308644346,105.38850498248001,465.23069378465766,9.596956280690453,5.288919838559701,12.28051,9.246944444444445,98.97930969797224,123.39603938082615
49.099999999999994,108.2758573564363,342.7638441016553,56.51361923918267,257.8883343162715,105.58227798311249,466.4279964283995,8.77905902814125,5.2081784231547354,11.977738,9.42111111111111,99.41419142273428,123.69348382405838
49.20099999999999,108.57828511270465,343.654400027335,56.623125747224876,258.40117248579895,105.76196080938982,467.6340007735414,8.174041379583887,5.1807443076685225,12.167477,9.401944444444444,99.8371243122583,124.01158447407317
49.30000000000001,108.86055101854419,344.55608790301505,56.758833943471764,258.88979347845714,105.92927831978949,468.8202232559937,7.881635233627794,5.068789061513739,12.033905,9.408055555555555,100.2661604062205,124.29870351157274
49.400000000000006,109.14281692436879,345.4689077279046,56.9168776282462,259.36785319706956,106.09298493488771,470.0281898399486,7.558200558276463,5.002919584601662,12.346374,9.531944444444443,100.70223595672596,124.59661406086373
49.5,109.42508283020831,346.37059560279374,57.07195561774199,259.8432721774491,106.25475704750718,471.2567366045795,7.445041393738132,5.000902433809848,12.436676,9.48611111111111,101.13272283528651,124.92637503700477
49.599999999999994,109.70734873604785,347.2834154276832,57.20518702290334,260.3229739528408,106.41276422686578,472.48151956840013,7.255678842447406,4.958860744938072,12.262018,9.546944444444444,101.58048713238517,125.24144508715132
49.70000000000002,109.98289402509268,348.19623525178173,57.31598854722356,260.80240076343085,106.5663625847914,473.7032183301682,7.076916010366548,4.884620939467223,12.364342,9.578888888888889,102.03668575170435,125.55347660865853
49.80000000000001,110.2651599309322,349.10905507667127,57.4154067154151,261.2782851384283,106.71631168113221,474.90819442934054,7.110720520279265,4.83854551140634,11.921063,9.505,102.50531968091032,125.84918667108028
49.900000000000006,110.55414645356645,349.9996110031419,57.516467035379975,261.7519864980365,106.8672014127785,476.1043694252082,7.266565040554839,4.848768233648149,12.192045,9.46888888888889,102.95940301332561,126.15864481049834
50.0,110.82297112580166,350.9124308272404,57.6229928748073,262.22496626705566,107.02232710769547,477.312979905196,7.3613895556489854,4.848033808323954,12.178464,9.5,103.42003701420872,126.45767553676221
50.099999999999994,111.11867826526041,351.8029867537111,57.73872171658854,262.69276233961256,107.18174667753287,478.5338627758211,7.515801681436733,4.790862893558164,12.446502,9.385,103.87517439826081,126.79201223917012
50.20000000000002,111.40094417108502,352.6935426809727,57.862287130755135,263.1475095690387,107.34613813463348,479.7539591222966,7.834939173324675,4.634242395740164,12.17602,9.351111111111111,104.33062754419554,127.12509932438947
50.30000000000001,111.66976884332024,353.6063625042803,57.98966609584052,263.5886160482289,107.51399791959749,480.9644747438362,7.95411439471188,4.548562872699553,12.265965,9.45111111111111,104.80814905342967,127.4258968388835
50.400000000000006,111.95203474915978,354.48578648154154,58.1130529351688,264.02559842443844,107.68332720023919,482.1810452703588,7.893667347325581,4.533533983019306,12.3,9.303055555555556,105.269566286243,127.76658789089278
50.5,112.22758003818969,355.3763424080122,58.22430650000957,264.4664712918856,107.85223033645958,483.38944935586113,8.021150456742182,4.561392645976246,12.103037,9.303888888888888,105.74005021367375,128.08785748639033
50.599999999999994,112.49640471040999,356.27803028369226,58.326359178861594,264.91058974264087,108.02414880766595,484.5883594393605,8.299321466278181,4.552635609949921,12.120505,9.341944444444444,106.21865666591998,128.38824572715197
50.70000000000002,112.77867061626445,357.15745426095356,58.426530515850374,265.34854784843594,108.19979891158098,485.786441801562,8.382113867674605,4.432843063378383,12.097299,9.231944444444444,106.69128563363297,128.7104599549312
50.80000000000001,113.04077467167514,358.04801018742427,58.52877731515728,265.77988882819074,108.37940605744313,486.98171966833627,8.709272768694285,4.4330645640230575,12.0767355,9.241111111111111,107.16792465546423,129.01794370499772
50.900000000000006,113.28271687667191,358.9385661138949,58.63811743120687,266.2127374477807,108.56683427958986,488.1850701733689,8.994319271771854,4.496477218559362,12.28053,9.223055555555556,107.62951059246201,129.3325108403339
51.0,113.56498278251145,359.81799009115616,58.7549057505108,266.644685302011,108.75550261715048,489.3857919874134,8.863971373379599,4.452779730886199,12.028567,9.241944444444444,108.0990715482089,129.65703369925123
51.101,113.84052807155629,360.686282119208,58.87149620018193,267.0728873286584,108.94289049756091,490.5827164814151,8.931967139716749,4.335198622549658,11.961619,9.155,108.5590261060197,129.9887322571514
51.20000000000002,114.0891908933627,361.6102338933069,58.98201869418642,267.4850287606845,109.12940813879733,491.754748422384,9.152051687982441,4.285074230180685,12.013786,9.33,109.070411519568,130.23898842889426
51.30000000000001,114.35129494878831,362.5007898189866,59.0890550530913,267.9005535916273,109.32124458041356,492.9337537515052,9.332246914551074,4.297070352339446,11.876449,9.286111111111111,109.5587506891246,130.52991797641673
51.400000000000006,114.61339900419898,363.3913457454573,59.189259803234435,268.319006981087,109.51467757882956,494.1030205091659,9.454859882709064,4.308879248254565,11.826738,9.19111111111111,110.04810222941184,130.8110808750813
51.5,114.88894429324384,364.2596377743001,59.28749837531389,268.7430350215673,109.704578336317,495.25581004585587,9.251459865437633,4.396306659978451,11.539822,9.17,110.52122958774862,131.09872158100728
51.599999999999994,115.15104834865453,365.13906175077034,59.390985402888596,269.17316282757326,109.88556771067331,496.3893374948726,8.89020997560767,4.452005021133801,11.418007,9.226944444444444,110.98936154358695,131.35585319753298
51.70000000000002,115.41987302087482,366.02961767724105,59.496271718124184,269.6030264319405,110.0593786354324,497.5091733142265,8.753846020366503,4.3994502068639605,11.246894,9.27,111.46989136918219,131.58878542852923
51.80000000000001,115.68869769311007,366.9090416545023,59.595059045679555,270.0294317610373,110.22967001916214,498.6177814332331,8.71173362242439,4.354872203749588,11.185327,9.20888888888889,111.94710853710546,131.82182337248398
51.900000000000006,115.95080174853568,367.7773336825541,59.68613643834514,270.45510661180856,110.40012811071794,499.7285106974713,8.73780320210284,4.351591843755149,11.2893305,9.14611111111111,112.41587274258701,132.0678730556965
52.0,116.2196264207709,368.66788960902477,59.77052200298537,270.8795339675638,110.57411647109049,500.8479615444776,8.930317021266786,4.303292338958047,11.368523,9.295,112.91175265945924,132.30057898381784
52.099999999999994,116.4817304761816,369.5584455354955,59.85024185621463,271.29538851183514,110.75222593867738,501.97035197141224,9.10363675429385,4.165244022081679,11.360192,9.255,113.41408148439317,132.53580719277056
52.20000000000002,116.76399638199128,370.4044736651284,59.92888018106435,271.70196902131414,110.92971686390796,503.073346226421,9.180699577738963,4.1170827424988605,10.983486,9.10888888888889,113.89650941330487,132.79709546590098
52.30000000000001,117.01265920384243,371.31729349001796,60.007611255558736,272.1087961729947,111.10666696438848,504.1626633273635,9.272086346062324,4.170437744773396,11.088431,9.311944444444444,114.41984719220672,132.97658828362833
52.400000000000006,117.28820449287235,372.1744535688604,60.08356993770331,272.5202435565853,111.28412697663342,505.2497862349138,9.270080993779366,4.197756195710269,10.941805,9.10611111111111,114.90575176100224,133.21070944560648
52.5,117.55030854829798,373.0872733937499,60.15603615359208,272.9302022923189,111.45226428191712,506.29452264887095,9.006233929121638,4.128531046159053,10.221846,9.341111111111111,115.43630882584044,133.34675623347832
52.599999999999994,117.81913322051827,373.9778293194296,60.23275171702568,273.3340930252416,111.60996423598894,507.30944289342807,8.65959446306751,4.094476556720304,10.320229,9.318055555555556,115.95409863355347,133.47611380964196
52.70000000000002,118.08123727592896,374.87951719510966,60.32367839570658,273.73783406242467,111.76472062964584,508.3196910105958,8.759862077215427,4.184219752235012,10.120433,9.328888888888889,116.47135130457967,133.58958930414423
52.80000000000001,118.35006194816421,375.79233701999914,60.42869983195178,274.1458653686775,111.91780453618635,509.3105471661151,8.80569870082589,4.24286332955684,9.931807,9.436944444444444,116.99097994529467,133.67305777918125
52.900000000000006,118.61888662039944,376.69402489488823,60.53322159643805,274.5561432802159,112.06894898573464,510.2950645176209,8.65071361724301,4.2255143513028255,9.989246,9.448055555555557,117.49932485767172,133.76150220184053
53.0,118.88771129263466,377.59571277056835,60.623598227059524,274.9659506485838,112.22596080129667,511.3169865132866,8.813433631060155,4.169156473045705,10.689046,9.366944444444444,118.01514709787575,133.8871090545458
53.09900000000002,119.15653596485495,378.5085325946669,60.703368745658835,275.3718575329895,112.38440198490254,512.3315367742279,8.942761664577109,4.187884963844071,10.055362,9.496944444444445,118.54934205103515,133.99424706413782
53.20000000000002,119.41864002026567,379.4213524195564,60.785439447241146,275.78572707079553,112.54603841691912,513.3629949106262,8.871583117688008,4.167246069737001,10.618822,9.533888888888889,119.07222619429457,134.11784462182456
53.30000000000001,119.70090592610521,380.32304029523647,60.8747025155697,276.19075614194855,112.71208195765082,514.4305190270043,8.811422549199275,4.1287920257402435,10.988385,9.42,119.59956024450422,134.28946165747183
53.400000000000006,119.96973059837025,381.24699206854444,60.97735506093665,276.5887776703368,112.88718883496176,515.5471076943732,9.008520030724267,4.093683497454737,11.616362,9.556111111111111,120.1392617447385,134.4867408146297
53.5,120.24527588737034,382.1598118934339,61.079404314672,276.9842792104962,113.07039345265748,516.6930234233271,9.158348494150967,4.076968188425196,11.593025,9.516944444444444,120.67515499926543,134.72439995226895
53.599999999999994,120.52082117641517,383.08376366674185,61.16313070678613,277.37975595179404,113.25658241825015,517.8499353059456,9.12712229431634,4.010320870969258,11.842943,9.636944444444445,121.22983405453476,134.96181009093996
53.70000000000002,120.78292523182587,384.01884738925924,61.23244303382405,277.7748453425427,113.45045992939474,519.0459359943943,9.284972166874917,4.012559830446523,12.38934,9.673055555555555,121.7951062272916,135.2260319043281
53.80000000000001,121.0517499040611,384.94279916256716,61.29496095602553,278.17176924079223,113.65799103466205,520.2912104497175,9.631898111826612,4.0239953911654585,12.859756,9.544999999999998,122.35573814062266,135.5502124977103
53.900000000000006,121.34073642671021,385.86675093666605,61.346590372430626,278.56492359962914,113.88066028710912,521.5743059386213,10.053022091247742,3.9079867224182703,13.185884,9.665000000000001,122.93485962349943,135.91244689364305
54.0,121.61628171572522,386.8018346599744,61.38874683795731,278.9548100054895,114.11630555645435,522.8861023602162,10.311712535749294,3.9352500874176997,13.470054,9.683055555555557,123.52463998845668,136.29078309959448
54.099999999999994,121.88510638796046,387.72578643328234,61.44311119617327,279.3414481279566,114.35343600281813,524.1901243328672,10.300826337641809,3.878677400998124,13.03809,9.64111111111111,124.09834637354088,136.67202192534688
54.20000000000002,122.16737229379999,388.66087015500875,61.519102334757,279.71337821133886,114.5872343638001,525.4848240907495,10.172770270430041,3.71616778402241,13.274731,9.748055555555556,124.69069191339412,137.03376540709786
54.30000000000001,122.45635881644913,389.59595387831706,61.6082080440112,280.07354370680514,114.81756618105176,526.773883849506,10.087686037853118,3.7050911744962693,12.9148,9.748055555555556,125.29028606481124,137.39044953746605
54.400000000000006,122.73862472228865,390.5310376008344,61.70024323860667,280.4345265887099,115.0413453051497,528.0237757837392,10.21574210506485,3.7457219345629955,12.480546,9.71,125.88457312629829,137.70802868191208
54.5,123.00072877769932,391.4772532725612,61.78973065346246,280.7965284994194,115.26270019546087,529.2461003956198,10.31400436692978,3.7122504667561906,12.363581,9.748888888888887,126.47928339326282,137.98598596943182
54.599999999999994,123.28971530033355,392.4012050466601,61.88427005875086,281.1537985693746,115.48042729027605,530.4447921206216,10.275043236860887,3.6800837887691733,12.00252,9.721944444444444,127.06932813719995,138.26430092930866
54.70099999999999,123.58542243979231,393.347420717596,61.991559286594054,281.50935370861293,115.69237500282637,531.6268069862759,10.054274004030056,3.675346431769193,11.777064,9.851944444444444,127.67755170914226,138.50447236347637
54.80000000000001,123.87440896245636,394.29363638932267,62.10610741128733,281.8535073841075,115.89225820027922,532.7722379218346,9.742298484581266,3.652648413672195,11.7127285,9.856944444444444,128.28914875088063,138.70846337981814
54.899,124.15667486828096,395.2398520618405,62.222650969347455,282.1878688708095,116.08470179488444,533.9030869343464,9.57156279121025,3.500742847257055,11.461172,9.871944444444445,128.90529166693983,138.897982183347
55.0,124.4591026245344,396.1749357835668,62.339963228091364,282.51984617978076,116.27695466231103,535.038567310609,9.648528211830172,3.4714420711315443,11.343604,9.821111111111112,129.5232290834326,139.10447766392662
55.09900000000002,124.74136853037393,397.1100195068752,62.45102788528088,282.8456593680157,116.46639979774385,536.1363952387787,9.93526207561447,3.4830293603068396,11.162601,9.778888888888888,130.14004201484153,139.2724246097354
55.19900000000001,125.03707566983269,398.0451032293925,62.55177380657919,283.17573928300123,116.66063351028896,537.229296661606,10.221454494282298,3.4207243449140794,11.038011,9.848055555555556,130.76461188865437,139.43602290881648
55.30000000000001,125.3327828092616,398.9913189011193,62.64188665690452,283.5062943651808,116.8582700182318,538.3167069524519,10.382040240312588,3.364066952555834,10.847646,9.813055555555556,131.40372655466032,139.58288262784853
55.400000000000006,125.62848994872036,399.9375345728461,62.73066029970463,283.82894791457863,117.055467464465,539.3899147947179,10.441054893211058,3.3292444851953067,10.975848,9.931944444444445,132.0505239305661,139.71565074844355
55.5,125.92419708816418,400.8726182961545,62.82553671779725,284.1512321298572,117.25195241006426,540.4596522687798,10.374018831180756,3.39006766930108,10.776807,9.821944444444444,132.685051641535,139.85616854837573
55.599999999999994,126.22662484443254,401.8077020178808,62.92288896055722,284.47613740741343,117.44340856699142,541.5174395009733,10.143976276435744,3.3934735617084506,10.722718,9.865,133.3193873028065,139.9855550968418
55.70000000000002,126.52905260070091,402.7539176903986,63.01901227337622,284.8007871474758,117.63038856058212,542.5726636361153,9.95232189396444,3.3781616741651956,10.710552,9.885,133.96442149785221,140.101634321416
55.79900000000001,126.82475974014473,403.7001333613344,63.111593080122546,285.12182618851193,117.8119072651198,543.6002306716869,10.085620525001612,3.371857778862562,10.369794,9.87,134.61122738397418,140.19011640334227
55.899,127.12046687960347,404.6240851354333,63.20003991267416,285.44306272928355,117.99341178702284,544.6068079498282,10.361499703357088,3.292114668578433,10.086479,9.796111111111111,135.2402938676551,140.2799551653575
56.0,127.40945340222278,405.58143275557853,63.2879859751417,285.76642404675596,118.18086815654003,545.6192313144879,10.615543460140142,3.3437312005052013,10.302313,9.916944444444445,135.8940723390739,140.34155411303712
56.099999999999994,127.69843992487193,406.52764842730534,63.37990114296973,286.0913935953165,118.37270245089292,546.6334757215401,10.804906011430868,3.41075717951922,10.342251,9.878055555555555,136.53485236010187,140.4158545935448
56.20000000000002,127.99414706433066,407.4627321506137,63.47328733953472,286.41500313350286,118.56528178345884,547.6379837237861,10.901735878808,3.325537660393236,10.113789,9.786944444444446,137.1695813211759,140.492009217916
56.29900000000001,128.2898542037745,408.4089478223404,63.56433292555338,286.73202724096177,118.75790164659051,548.6250089277364,11.18223023220324,3.3378719859652337,10.202326,9.874999999999998,137.82113809900343,140.53968091419787
56.400000000000006,128.57884072642364,409.3551634940672,63.660113988214405,287.05984496005993,118.95022935677751,549.5902367044863,11.36422741103757,3.425062718564842,9.286858,9.881944444444445,138.4578853537948,140.56523722186537
56.5,128.88126848267706,410.29024721658453,63.75881752964288,287.392873322872,119.129785859112,550.4866067138017,11.289169939875435,3.5218917609173883,8.996688,9.776111111111112,139.08521894184628,140.53508682756294
56.599999999999994,129.1769756221358,411.23646288831134,63.855618138449415,287.7324960219618,119.30184964377698,551.3557464700602,11.10410457204819,3.5413860649724267,8.723492,9.84888888888889,139.7143857132683,140.4668350342921
56.69900000000001,129.47940337837434,412.1938105092475,63.947926238509325,288.0710110669257,119.47228351257954,552.2267848298217,11.039724169398303,3.5470131365742494,9.206934,9.898888888888889,140.35969449073156,140.39008634898323
56.80000000000001,129.7751105178331,413.1400261809743,64.04115934906532,288.4179214414858,119.65545081173003,553.1604144717496,11.157197706133974,3.566267990204442,9.633227,9.896944444444443,140.98423935641134,140.38559986575123
56.90100000000001,130.06409704049716,414.0862418527011,64.13464516021465,288.7676159185483,119.84580892730128,554.1292368742199,11.076181473902476,3.6015518014386676,9.918193,9.826944444444443,141.60314484946514,140.41529071494114
57.0,130.35980417992607,415.02132557521844,64.23021796325372,289.1140319782419,120.03386879392585,555.0993024549645,10.868008718197617,3.6584252973431415,10.043989,9.84888888888889,142.21732930309005,140.45805262895578
57.09900000000002,130.6555113193848,415.9564092985268,64.3319212093846,289.461013459828,120.21816130591522,556.0483326344761,11.118156361973828,3.646459470430887,9.486532,9.758888888888889,142.82823171022042,140.4801952563747
57.20000000000002,130.95793907563825,416.9026249694626,64.443536250593,289.8107762090185,120.39387229642635,556.9260514014534,11.553329266531586,3.6245216261291895,8.2390175,9.878055555555555,143.445124715063,140.42136396101125
57.30000000000001,131.2603668318917,417.8377086919799,64.56009063761368,290.14913692759876,120.55535047458059,557.7172715901168,11.51580053095052,3.533125762394561,7.911582,9.801944444444445,144.06005068588755,140.2885935911545
57.400000000000006,131.56279458814512,418.7839243637067,64.67899656025261,290.4799056992359,120.71352305275482,558.501850767793,11.283179666127419,3.4968384268924764,8.095737,9.831944444444446,144.69057897488966,140.13852308165056
57.5,131.85850172760385,419.7301400354335,64.79641540472332,290.8123053792383,120.86922740894958,559.3059595360695,10.642039893376063,3.5542035747555163,8.285419,9.87,145.31734760316667,140.00776242524825
57.599999999999994,132.16092948385733,420.6763557071603,64.91100450609692,291.1553269517511,121.02709919550486,560.166183361637,10.181095347193342,3.67901811126861,9.206532,9.878055555555555,145.9391972684993,139.93346346019393
57.70000000000002,132.45663662330114,421.62257137888713,65.02977669175718,291.50463217761217,121.20743670826714,561.1533342847074,10.49851396569589,3.7003392434209506,10.863309,9.883055555555556,146.5505357964096,139.98349294044863
57.80000000000001,132.7590643795546,422.5799190006142,65.14624707944915,291.848368164434,121.4066752503288,562.2127806558767,10.805046386090863,3.5588463623018325,10.697126,9.921111111111111,147.18094797659853,140.09358583810695
57.899,133.06149213582296,423.5150027231316,65.2497695644056,292.18087695466875,121.61382464203926,563.286953527153,11.018607809858928,3.477089192774963,11.403204,9.921111111111111,147.80758542601694,140.23996335784602
58.0,133.35719927525184,424.47235034327684,65.3538464663692,292.51960517905616,121.84514883274167,564.4676605690755,11.145919031936996,3.540157084592193,12.421646,9.953055555555556,148.4452186822571,140.4678404141265
58.099999999999994,133.65962703153514,425.4408299126315,65.46638446610694,292.8627568381138,122.08522710166105,565.6983241252519,10.933351689943473,3.682871212538452,12.655641,10.066944444444443,149.0881074792335,140.73425814825586
58.20000000000002,133.96877540458325,426.39817753356766,65.5860503659818,293.2162247233509,122.32650169868347,566.9604829281868,10.714195333305883,3.78062592796221,13.044665,10.078055555555554,149.71182197157236,141.04362528981332
58.30000000000001,134.27120316085163,427.34439320608544,65.70591348079822,293.57481163163106,122.57304813816386,568.2729307866063,10.5675181377524,3.78122022664936,13.663442,9.99,150.3179959403206,141.41322263324284
58.400000000000006,134.5870721507094,428.3017408270216,65.82070598724015,293.9311377832806,122.82302965809944,569.6377051832363,10.19738740209791,3.7061807789218153,14.086297,10.03111111111111,150.94459936568435,141.82470700223263
58.5,134.8962205237575,429.2702203963762,65.9289791807513,294.2843926041336,123.0772242439549,571.0639905302428,10.018051612221972,3.6835069207795756,14.888933,10.16,151.58381867211764,142.28549441822165
58.599999999999994,135.19864828002588,430.2275680173125,66.03271054450803,294.63846271345096,123.34238129930347,572.5424461445368,10.314843750099723,3.695647854194279,15.152068,10.033888888888889,152.21147269485036,142.8078975515181
58.70000000000002,135.51451726989853,431.18491563824864,66.13242842124339,294.99184474859146,123.62469572072082,574.0592340763567,10.764329140379955,3.648066953637258,15.704916,10.133888888888889,152.84772425966264,143.36819286586962
58.80000000000001,135.81694502615196,432.1533952083943,66.22944229869941,295.34171168725305,123.9294653620837,575.655546162944,10.850559288547139,3.6132984344776404,16.797997,10.139999999999999,153.49220593806098,143.99367868537152
58.900000000000006,136.126093399215,433.1218747785399,66.32953387294559,295.69050065992803,124.24968577645218,577.3429496989103,10.644580961197619,3.644314361080157,17.55244,10.184999999999999,154.139360040951,144.7092516365457
59.0,136.43524177227806,434.11261824631333,66.43073480210852,296.0358447292549,124.5815592653538,579.0951668470618,10.802717312653717,3.553060510190197,18.114973,10.308055555555557,154.80899967707808,145.46631633386252
59.099999999999994,136.7511107621358,435.0810978164589,66.527074121342,296.37261207235554,124.92663358430038,580.8543339649956,11.399739335180001,3.4525019527620833,17.739357,10.258055555555556,155.47173164131695,146.25202438854032
59.20000000000002,137.05353851838925,436.060709335814,66.62286840916171,296.705293009221,125.28268353486331,582.6021963916592,11.626917100949424,3.471546153228612,17.935884,10.261944444444445,156.14227919302607,147.01347032017725
59.30000000000001,137.3694075082619,437.05145280358744,66.72245883121903,297.0363676842393,125.64312200432697,584.382031740603,11.273975099148856,3.4432035179141756,18.383593,10.318888888888889,156.82861798267254,147.7964994904682
59.400000000000006,137.67855588132497,438.0310643213605,66.82732880901528,297.3631103266715,126.003243890848,586.2132925509618,10.981193665837022,3.4204383226173998,18.943216,10.291111111111112,157.50355443196804,148.64146686966134
59.5,137.987704254388,439.02180778992494,66.93805109229312,297.6859592109554,126.3656991373023,588.066317917961,11.15422691996652,3.4059488942651788,18.819649,10.341111111111111,158.1893653441703,149.49694646462785
59.599999999999994,138.30357324426066,440.00141930928,67.04764776144323,298.0061642709072,126.72940244508511,589.8871682210844,11.441278775327046,3.363157950096689,18.316843,10.301111111111112,158.8712037149129,150.33196318993828
59.70099999999999,138.6060010004992,440.9921627770534,67.15484050557794,298.329495147197,127.06993819948886,591.5805437658572,11.288794652519906,3.382117918289975,15.886689,10.306944444444444,159.55533545243128,151.0296038324208
59.80000000000001,138.91514937357715,441.96064234719904,67.26321733714946,298.64506170984305,127.37949337438378,593.1332489725903,11.261284083986695,3.3588824253688787,16.098398,10.194999999999999,160.22907045219773,151.61209830764503
59.899,139.2175771298306,442.9513858157635,67.36990633189411,298.9548245177726,127.69339079210937,594.7146347800091,11.19350031203375,3.26009740247034,16.47208,10.346111111111112,160.92575140335592,152.20016625132217
60.0,139.53344611968834,443.93099733432757,67.46726162822432,299.26758536257796,128.02435518941743,596.3870320311156,11.194657686779914,3.2274962840628176,17.286957,10.296111111111111,161.62004117827058,152.88983514122017
60.099999999999994,139.8358738759567,444.89947690447315,67.55368525983363,299.58002575568906,128.37207613632577,598.100501037167,11.742118860027384,3.2564684847802177,17.681347,10.193055555555555,162.3035972285292,153.62933461393823
60.20000000000002,140.14502224900482,445.8790884230372,67.63439405064055,299.89919884692995,128.73058037452913,599.8120951193669,11.91973577651798,3.3282230621063893,17.293427,10.223888888888888,162.99668512694942,154.3556284489751
60.29900000000001,140.45417062206786,446.8586999423922,67.7130476675065,300.2263073330531,129.07764324569806,601.4842052305556,11.530900833641464,3.468394467722406,17.206741,10.291944444444445,163.6836263376089,155.04345281489685
60.400000000000006,140.77003961195547,447.8271795117469,67.79800128221427,300.5665253676132,129.42124989297392,603.1758642873888,11.43165594915788,3.475858499646022,16.975504,10.20111111111111,164.34907555856643,155.76266847228638
60.5,141.07246736819397,448.8179229803114,67.88469139444221,300.8999306244442,129.7540555984916,604.8148873522664,11.52562102755933,3.4139714782519217,16.47391,10.351111111111111,165.03388444369372,156.40703097448508
60.59900000000002,141.38833635806662,449.77527060124754,67.96348043210654,301.23288255237503,130.07640943358857,606.3930876010972,11.563058089893184,3.4995625241110755,16.067202,10.131111111111112,165.69867384807225,157.02579499096046
60.70000000000002,141.69748473112966,450.7326182213928,68.04135324021026,301.58562861391283,130.40362114139205,607.9873153823264,11.634236636782285,3.653789851608571,16.159758,10.088888888888889,166.34317002865293,157.65973212574144
60.801000000000016,142.00663310419276,451.7010977907474,68.12977708056829,301.94968173444533,130.73602457876686,609.5916696543437,11.776015043187407,3.765694263781906,16.284376,10.171111111111111,166.98286279377,158.29232230258953
60.900000000000006,142.29561962682695,452.68070931089335,68.22974656954877,302.3090456727343,131.0656493399062,611.1666266244757,11.86592071561035,3.77102153568652,16.222322,10.133055555555556,167.6227633021377,158.8832848960922
60.998999999999995,142.5980473830804,453.62692498262015,68.33931512855091,302.6709989835877,131.39655447426347,612.7125904084048,12.30410451338148,3.868949810701282,15.716929,10.078888888888889,168.23213400024162,159.4795359516417
61.09900000000002,142.89375452253915,454.6176684511846,68.45317767173184,303.04979047043946,131.74281749323606,614.2608669074193,12.903131888190892,4.041922495264907,16.013983,10.218888888888888,168.8615442232689,160.03216617282985
61.20000000000002,143.1827410451883,455.57501607132986,68.57139910297326,303.44653198701025,132.10725044996187,615.8524851947157,12.890400765983085,4.155787741044461,16.318838,10.091944444444445,169.44004254075014,160.65968256075584
61.29900000000001,143.46500695102782,456.5546275898939,68.69315231440663,303.84608882392337,132.47211459431912,617.4517068555414,12.814959413098217,4.282522907577838,16.818861,10.126111111111111,170.0315501835996,161.27217304476994
61.400000000000006,143.75399347367696,457.5231071608305,68.82285160899062,304.26240244229143,132.85460436263241,619.131459695785,12.840421657513831,4.352189774498931,17.295004,10.19888888888889,170.5975370044039,161.97548052731963
61.5,144.04297999629625,458.49158673018513,68.95408403890067,304.67778350498116,133.23825439964185,620.8156135435544,12.82552475484043,4.360178000437882,17.250975,10.075000000000001,171.1637472092217,162.68322524503384
61.599999999999994,144.33196651896031,459.47119824874915,69.08621304719473,305.09561157160516,133.6264299432003,622.495299105749,13.199952673958402,4.404259157463228,17.228327,10.173055555555557,171.73743091547084,163.3752306000154
61.70000000000002,144.62095304159453,460.4508097681042,69.2188163744043,305.5152999341027,134.02750878021308,624.1587974265024,13.916149917872094,4.398514070843461,16.995672,10.218055555555555,172.30929870874527,164.0503772762539
61.80000000000001,144.90321894743406,461.46381713429656,69.35066143407616,305.9295869576544,134.4300641692066,625.7806670057483,13.963418935970385,4.296732461835387,16.425951,10.396944444444445,172.91352088095934,164.65027823446255
61.900000000000006,145.1989260868928,462.45456060207,69.4853372192251,306.33807501927146,134.82722385588298,627.3973662087442,13.644854401877666,4.305841161474248,16.869535,10.35888888888889,173.50765000410317,165.26857332405893
62.0,145.48791260952703,463.45643601905283,69.62268226774185,306.7497408179423,135.23765245798276,629.0728544087477,13.878334703393463,4.373683882577795,17.631042,10.406111111111112,174.1049151967453,165.9333175507704
62.099999999999994,145.76345789857186,464.4694433852452,69.7578603936303,307.1681794696269,135.66319384101743,630.7813618516482,14.094339792157772,4.4210875949387045,17.583126,10.499999999999998,174.70128357151293,166.61833499950657
62.19900000000001,146.05244442120605,465.49358270143784,69.88993220009256,307.58970917389684,136.09628063051022,632.5125172720054,13.999045451671597,4.502909950799708,18.467522,10.583055555555555,175.31218309870232,167.31541979899728
62.29900000000001,146.34143094385522,466.5177220168395,70.0265511361008,308.02115925617176,136.5470063383595,634.3140775622101,14.093010530073046,4.54854109518387,18.674236,10.608888888888888,175.912254510646,168.08196716977446
62.399,146.63041746650435,467.56412522986915,70.17022002290194,308.4546778617364,136.98874800857394,636.066298627274,14.210180399177293,4.585781928168158,17.466698,10.785,176.52755602145314,168.77779542814596
62.5,146.91268337234388,468.6216603928991,70.32254802591683,308.89245274891437,137.42652933449946,637.7815985618893,14.424005383531139,4.593106364642341,17.588497,10.92388888888889,177.14250931653646,169.4257117434254
62.599999999999994,147.1949492781834,469.66806360592875,70.47832068027404,309.3251529356837,137.8563190408034,639.4462736260618,14.531721449015727,4.604641041983464,16.79676,10.86,177.75064023973513,170.0348511698438
62.70000000000002,147.48393580081762,470.73673071737716,70.63729027874786,309.75650244658755,138.27678088185348,641.0675581934981,14.545758914996435,4.589666633787686,16.701609,10.956111111111111,178.38172782577865,170.57949023960032
62.80000000000001,147.77964294026145,471.79426587961615,70.79589643386603,310.18746878670544,138.69713212592157,642.6696136790257,14.86088570231837,4.594958054569573,16.424198,11.023888888888889,179.00629623784232,171.1165581942957
62.900000000000006,148.0753500797202,472.8740649402739,70.94640463529306,310.62501011372683,139.08970214968957,644.1349033064253,15.159969671376643,4.660331785772851,13.915218,11.131944444444445,179.64862932256761,171.49640412148437
63.0,148.37105721917897,473.9427320517224,71.09960071218984,311.0649338730743,139.4593946662858,645.4870673345222,15.420951947058718,4.658194438555558,14.120689,11.133055555555556,180.27771667689802,171.7756580458194
63.099999999999994,148.66004374181318,475.05592696079947,71.27463361624154,311.49326418522827,139.81608239041122,646.7807048544149,15.408060396668276,4.601169036421463,12.717524,11.41,180.94542369050993,171.95236257462892
63.20000000000002,148.9557508812719,476.1691218682945,71.46982069856469,311.90692342887127,140.14890333342152,647.9901792558862,15.362796730852931,4.548537178969124,12.371106,11.41111111111111,181.62086667679966,172.04661090972172
63.30000000000001,149.2581786375254,477.28231677578964,71.67067072012192,312.3159992524194,140.47700367246077,649.1906648616696,15.210103478450575,4.566011106198848,12.519199,11.57,182.30114454400598,172.13247565576677
63.400000000000006,149.5606063937788,478.4066436332851,71.86913384360173,312.7277970186876,140.80617657191357,650.4069859503354,15.077177269980233,4.576570632141647,12.68234,11.551111111111112,182.99028696233643,172.22298858946922
63.5,149.8630341500024,479.51983854078026,72.06549518571185,313.1402905455335,141.13405815885153,651.6217212877299,15.13390009169818,4.560372141449214,12.481831,11.591111111111111,183.66984254363294,172.32310659600728
63.599999999999994,150.17218252306546,480.65529734748515,72.25742052109266,313.5558703971465,141.45595603746577,652.8161062892807,15.031913604164899,4.595225246163106,12.258218,11.67,184.37171319092204,172.38131203712803
63.70000000000002,150.48133089615834,481.7907561533991,72.43994456540656,313.9779428951517,141.77583846967536,653.9990624540816,15.231016437972904,4.602719498597171,12.250675,11.735000000000001,185.07187326569388,172.42820638554826
63.80000000000001,150.79047926922138,482.926214959313,72.61245603317809,314.4053343523343,142.10349235875375,655.175107949101,15.907679594022369,4.615620027839892,12.166467,11.76388888888889,185.77160848107786,172.4678082361751
63.900000000000006,151.09962764228447,484.06167376522694,72.79187930667717,314.829354348235,142.45198401055114,656.3787048221232,16.374640197053964,4.596018662101126,12.8944025,11.786111111111111,186.47166375792224,172.53388343350065
64.0,151.41549663215713,485.21939646955974,72.99108112169424,315.2401201693329,142.81585760587274,657.623180519476,16.22309286024187,4.537163269729528,13.037251,11.976111111111111,187.19867339195164,172.6181292509931
64.1,151.72464500520525,486.3771191738925,73.21319714811028,315.63793667067506,143.1800660369623,658.8848648476795,15.982164107389373,4.580176240360971,13.226813,12.008888888888889,187.92529336543373,172.71922923402747
64.20000000000002,152.0270727614736,487.5459738266437,73.45295857273267,316.03227513200096,143.5442227047115,660.1763429386996,15.5180682933333,4.650051908120663,13.610141,12.08611111111111,188.65534781834836,172.83866200838906
64.30000000000001,152.34966236814094,488.7148284801859,73.69621233250929,316.4283536733481,143.90774188030446,661.5122551911836,14.936516131275548,4.646196861851913,14.079981,12.076944444444443,189.39111543014562,173.00351643670595
64.4,152.658810741204,489.88368313372814,73.94255355560313,316.8232715907374,144.27527850388032,662.8821677059847,15.098949666195127,4.663040316917745,14.287236,12.126111111111111,190.12142222469035,173.2014990612712
64.5,152.96795911426705,491.0525377872703,74.18292672641105,317.2249630366231,144.65307899206843,664.274935086615,15.25307531308531,4.702345219466243,14.574766,12.126111111111111,190.84838765901944,173.421844522478
64.6,153.27038687052053,492.2325243892309,74.40815922719747,317.640848644908,145.0288849157888,665.6560481325783,15.189476997825793,4.758298042693481,14.051823,12.11,191.57636646538137,173.6192412782329
64.70000000000002,153.57953524358356,493.3902470935637,74.62030945311497,318.07030380363796,145.39615240139418,666.9940301722581,15.513198152074782,4.823573149060609,13.697748,12.03111111111111,192.28011299303154,173.79655132935244
64.799,153.87524238302737,494.5924975939432,74.8272001762269,318.4968006045235,145.7564260463947,668.2913800975728,15.526811629287089,4.753539163870666,13.5031595,12.356944444444444,193.0240593162356,173.88851877486815
64.9,154.17094952248613,495.77248419669473,75.04684888567597,318.9181417028598,146.1275640820353,669.6433299392816,15.183939360735929,4.6567486996680225,14.25869,12.168055555555554,193.74746904285155,174.0567925953655
65.001,154.4800978955492,496.9190749518182,75.27630058473005,319.32292821988824,146.50797957367183,671.0765777050627,14.56358649679189,4.5586766395505505,15.10558,11.935,194.45727767939803,174.339870470826
65.1,154.7556431845791,498.14358934982545,75.50943282634633,319.70341743869335,146.88083901771384,672.5483953079893,13.878374810439109,4.457131455331562,15.567937,12.40388888888889,195.2456319813984,174.58249878487607
65.20000000000002,155.03790909041862,499.323575952577,75.73721603946979,320.08235606622185,147.25998063837466,674.1022941542925,13.554080698394989,4.388019117405087,16.421877,12.239999999999998,196.0000378181329,174.95169764034813
65.30000000000001,155.32017499625815,500.5369584029569,75.93744473393592,320.46996746202325,147.65030915410264,675.7221707152747,13.541762105799677,4.344599638446597,16.902927,12.386944444444445,196.78856443000666,175.35303092603942
65.4,155.60916151889234,501.7503408525458,76.10668915454869,320.8658529313032,148.0468242424037,677.3662654106707,13.57699901020022,4.270822335276033,16.92175,12.451944444444443,197.58502241458834,175.77867306214483
65.5,155.88470680793722,502.9525913529252,76.24847202624251,321.2639263655679,148.44556087688915,679.0202048066151,13.532021823282452,4.184230374717608,17.104752,12.363055555555555,198.37515185903038,176.22470144523268
65.6,156.1602520969671,504.17710575172356,76.368584413941,321.66382978654883,148.8403605524269,680.6609267272491,13.52715168202384,4.168595093434882,16.646309,12.493055555555555,199.1928867584847,176.63555666497388
65.70000000000002,156.43579738599703,505.379356252103,76.48967727893898,322.0573364346079,149.22796355737682,682.2595216852638,13.733702967168549,4.06892779739475,16.252024,12.28888888888889,199.995862632551,177.0269634608337
65.80000000000001,156.69790144142266,506.6038706509013,76.6317551566719,322.4326826376516,149.60483837491034,683.7892901142404,13.952859323806077,3.962907317688852,15.258198,12.50111111111111,200.82234505926593,177.32733690569248
65.9,156.96000549684828,507.8172531004902,76.78678178157462,322.79119266584087,149.96629299857847,685.2604457500466,13.652629439157543,3.8493613160437876,15.04008,12.413888888888888,201.6491726758774,177.58096359738582
66.0,157.22210955225896,509.0528994484979,76.9367042771059,323.1417978550402,150.31141806821898,686.6956521120487,13.3847716699339,3.777745800349927,14.482389,12.54888888888889,202.50600977721263,177.77712234894307
66.1,157.47077237408027,510.2662818980868,77.07053968370167,323.49212313271823,150.64485442587076,688.0852152810247,13.605073942161688,3.7249085639815003,14.097836,12.353055555555555,203.34400359779022,177.94989807606356
66.20000000000002,157.7261558126963,511.5019282460945,77.18898075413897,323.84616114616426,150.97028664066838,689.4254695586638,13.69302296371429,3.742700864726312,13.486136,12.668055555555554,204.20803973466857,178.05175742315808
66.30000000000001,157.97481863448775,512.7375745925202,77.30603404642284,324.2024800109341,151.27346059978038,690.6879621850752,13.298255042869174,3.758878017006524,12.481706,12.55111111111111,205.06812208581624,178.07652468489462
66.4,158.21676083949947,513.9620889921096,77.4309167140669,324.5546813747488,151.56743547833767,691.9391050318867,13.151291368418127,3.7153545471394667,13.222631,12.51611111111111,205.91629044684092,178.1011840673208
66.5,158.46542366132078,515.2088672893267,77.56458387996585,324.89775148494215,151.8769809814439,693.2394865359457,13.622835633810768,3.6498136015310947,13.511921,12.556944444444444,206.7928109873221,178.15248795983925
66.6,158.69392463271328,516.4222497397064,77.70706516101907,325.228623435084,152.19525082124704,694.5289254286015,14.115865816520813,3.5560146539489805,13.051068,12.418055555555554,207.63880693791216,178.22519655272393
66.70000000000002,158.91570498729615,517.6467641377138,77.85431652020567,325.5475683219676,152.51146436274712,695.7759274783483,14.345621892368326,3.470249810254396,12.678384,12.443888888888889,208.50191781676483,178.24425132500502
66.799,159.13076472508433,518.8824104857216,78.00351358568578,325.8519292949637,152.8215949944571,696.9861487687268,14.401210257651913,3.378083469914318,12.560537,12.466944444444444,209.3857625202119,178.21545166755627
66.9,159.3458244628576,520.1180568329382,78.15024324267286,326.15697054712217,153.13998335241152,698.2285685783208,14.346524300895652,3.3263127931553775,12.836832,12.59611111111111,210.27036263548268,178.2185929079516
67.0,159.56088420064577,521.3425712317367,78.2809588542249,326.461176769074,153.45145511324301,699.4512292201371,14.235656967537844,3.2972118636964085,12.397392,12.438055555555556,211.15204041645367,178.21340907519556
67.1,159.76922332162434,522.5670856305348,78.40177024328895,326.7675046106774,153.75421377649985,700.6476814662977,14.164896679839192,3.288850895958728,12.2858925,12.44,212.03334253840086,178.1821510506826
67.20000000000002,159.9708418257933,523.7804680793329,78.52139639369616,327.0711724297775,154.05617360460454,701.835565198881,14.360561766876412,3.2390049451735496,12.227385,12.32388888888889,212.90504727727887,178.15330732382841
67.30000000000001,160.17918094677185,524.9938505297126,78.64013562817735,327.37119553107283,154.35938962183636,703.0078718687377,14.64560826995398,3.214458626996631,11.990394,12.32611111111111,213.7833709159326,178.10912880691052
67.399,160.36063760052687,526.21836492772,78.7519918728787,327.6694510775435,154.66077914688375,704.1594188435591,14.68786677213385,3.2210971226403693,12.056768,12.368888888888888,214.6663509928503,178.0323202541357
67.5,160.55553548788623,527.4428793273092,78.86276792763672,327.9734970175437,154.97239904602972,705.344792384943,14.76975103542497,3.186780026915404,12.213531,12.445,215.5498614026285,177.98949992090624
67.6,160.7369921416413,528.6451298276887,78.97655927926758,328.26990516908455,155.29384446799048,706.5702108736991,14.631954685696016,3.163994509667052,13.12403,12.23611111111111,216.41395296705988,178.00832093423762
67.70000000000002,160.93189002900064,529.8362483796498,79.09390281690531,328.55994631272165,155.63671845862604,707.8760767568335,14.787226248176504,3.0936045774596974,13.878574,12.118888888888888,217.27771612538726,178.11855414452688
67.80000000000001,161.1133466827557,531.0496308292386,79.2093366990472,328.84751155515175,155.98113958167255,709.1840489084738,14.715893002682721,3.1038508106704326,13.17262,12.213055555555554,218.1604086225167,178.20833441272086
67.9,161.29480333651074,532.2518813288272,79.32390900591054,329.14079201072843,156.3134607471934,710.4921277389478,13.814916869839553,3.1935151001094444,13.820862,12.18888888888889,219.02817654663318,178.30984048653255
68.0,161.4762599902658,533.4875276776258,79.43242092527112,329.44185713503475,156.63318632460158,711.8401643110935,12.872974254644534,3.208537640687818,13.888752,12.319999999999999,219.92232082191742,178.41838009756958
68.1,161.6442754104016,534.7009101272147,79.53669172513449,329.7420899126947,156.93680808205843,713.1957624966327,12.376219846266139,3.1483014690355056,13.895192,12.296111111111113,220.79350824324763,178.5569168949435
68.20000000000002,161.81901144734707,535.9031606275942,79.64880138969498,330.0314951070801,157.2291828822155,714.5310183270095,12.324653644704354,3.060849662547859,13.442632,12.171111111111111,221.66435456588206,178.68681560915422
68.30000000000001,161.9803062506882,537.1054111279736,79.76994772677622,330.3123293200017,157.5190669609062,715.8576751286611,12.326945475884877,3.0566224657981116,13.7165365,12.163888888888888,222.53521458921668,178.80792639413988
68.4,162.15504228764854,538.2965296799347,79.89077949982703,330.59294038147505,157.81393968877848,717.1957823925186,12.528053661975784,3.054312611593016,13.687746,12.04111111111111,223.40140988697217,178.9519147505689
68.50200000000001,162.3230577077844,539.5099121295235,79.99917104566592,330.8844376953587,158.11747303862657,718.5525876512174,12.69285924216722,3.047983842094634,13.573905,12.191944444444445,224.2806520813547,179.09206180167794
68.6,162.48435251111056,540.7232945791123,80.08377007668949,331.1755968842833,158.41214196670828,719.8548304385577,12.806843465930529,3.14359235945069,13.674377,12.274999999999999,225.1668128182643,179.17781681358238
68.70000000000002,162.63892669764212,541.9144131310734,80.15639558266814,331.48392561287505,158.7121971525833,721.1714900455165,12.869868823394933,3.1926317424208532,13.333963,12.098055555555554,226.0184904300515,179.3000803927054
68.80000000000001,162.79350088417365,543.1389275298717,80.22827767736072,331.78953059375596,159.01051025820314,722.4760478872267,12.890781782917207,3.087134331532258,13.430655,12.266111111111112,226.904349161603,179.377015685245
68.9,162.95479568751477,544.3411780294603,80.30681846640766,332.08303776510064,159.3098926186398,723.7862668395337,12.851247695053182,2.9901228423477018,13.449105,12.14111111111111,227.78104892028486,179.48210277472415
69.0,163.09592864042708,545.5434285306306,80.38960755826714,332.3632393200639,159.60735765752162,725.1057603363404,12.559039219536478,2.853829565108379,13.603144,12.169999999999998,228.66160285189636,179.59621691730192
69.1,163.25722344376825,546.767942929429,80.47500386570047,332.63455259462535,159.90251662260374,726.4401611901332,12.386865402099676,2.834954983687222,13.729977,12.308888888888887,229.5778838097189,179.70353383441878
69.20000000000002,163.41179763029973,547.9813253790178,80.55774876855595,332.9128743954831,160.19511492478108,727.773601355803,12.365665963679831,2.973523428405868,13.573331,12.261944444444444,230.47609858994338,179.82104868046028
69.30000000000001,163.573092433626,549.1947078286067,80.63157048045544,333.2028193081043,160.481807843374,729.1019554345797,11.992956917947252,3.0114911655243137,13.605609,12.303888888888888,231.36938425505096,179.93380388791542
69.4,163.72766662017239,550.4080902781956,80.69374507871949,333.4932262293512,160.7575093327347,730.427651143244,11.501072650827467,2.9293982297765635,13.475855,12.291111111111112,232.2642683924516,180.04406163036035
69.5,163.8956820403082,551.6214727277844,80.7480112852484,333.7758466777276,161.0223243137714,731.740396782122,11.307699394970825,2.826270825336463,13.30797,12.189999999999998,233.174295198105,180.14184130045106
69.6,164.0704180772537,552.8348551773734,80.80910180528767,334.0548654752652,161.28050421203025,733.0368481233713,11.217172063340161,2.8883840845139033,13.130215,12.33611111111111,234.08786957336105,180.22358858119784
69.70000000000002,164.2384334974044,554.0482376269622,80.87897779347809,334.34266982280394,161.53585052209098,734.3194109580256,11.30282925371224,3.0349732486944636,13.02448,12.171111111111111,234.98794730667026,180.29143043665934
69.80000000000001,164.40644891755517,555.2727520257605,80.94604001905768,334.63855126804464,161.7909655916691,735.5931977974316,11.348092919527572,3.033143746795509,12.957182,12.341944444444444,235.89211601386864,180.3394130974207
69.9,164.58118495448568,556.4861344753494,81.00337230451275,334.93327830386926,162.04145278060713,736.859343911633,11.031820216615376,2.973037266727093,12.856632,12.413888888888888,236.7929873224597,180.39108880945435
70.0,164.75592099144603,557.7106488749387,81.05057334133886,335.22582084378433,162.274448940225,738.071350521843,10.718698781576398,2.953940492575218,11.82744,12.33611111111111,237.7100837770195,180.37777136361515
70.09900000000002,164.93737764518616,558.9240313229457,81.09926698513559,335.5123499789161,162.491563516811,739.228521713692,10.535484067427381,2.918810486435534,11.957704,12.253055555555555,238.62440813968107,180.32107825159346
70.19900000000001,165.1188342989412,560.1485457225349,81.16252554413398,335.7898438164331,162.7019106859635,740.3669221904656,10.39740123880086,2.7770510588647648,11.195728,12.378055555555557,239.55268502090215,180.23458252091294
70.299,165.30029095269623,561.339664273705,81.24148720407116,336.0519994270051,162.90248181809696,741.4615905934261,10.36818039124919,2.7016064356111396,11.062104,12.195,240.45875825124116,180.13788560370358
70.4,165.48846822326092,562.5641786725032,81.3248881313487,336.3196143113126,163.09520318442017,742.5318885458512,10.037749901219296,2.8505053145396846,10.472848,12.346944444444443,241.39202786519826,179.9836223510453
70.501,165.67664549382556,563.7886930705106,81.3970958771012,336.60703928768237,163.28021671552793,743.5913955972145,9.777051239645798,3.0211196320519087,10.825019,12.38888888888889,242.31084643304504,179.8186717412734
70.6,165.8648227643753,565.0132074700998,81.45324755631347,336.9067788914048,163.46297129132182,744.6270641810996,10.246716203470386,3.1420482336076936,10.421007,12.443055555555556,243.22388202648514,179.62991513970655
70.70000000000002,166.0597206517496,566.2377218688981,81.50466219838245,337.21612736085535,163.65347655766655,745.6550750945473,10.748913710902666,3.1299618611349462,10.489466,12.281111111111112,244.13203120659668,179.43348809276847
70.80000000000001,166.2411773054897,567.4511043184871,81.56505256271868,337.52242348288576,163.85311481318294,746.7041303110601,10.799620475771741,3.115493800775772,10.868179,12.33611111111111,245.02498724059376,179.26893252864878
70.9,166.436075192864,568.6978826157042,81.63675907997931,337.8260049055942,164.0603956256895,747.8084224397314,10.47303453254719,3.1238704509728694,11.603462,12.511944444444444,245.95273515577122,179.12629435529652
71.0,166.63097308022333,569.9223970137115,81.70977487918019,338.1263247381065,164.2708680926904,748.9841767080261,9.843067436800887,3.057700823355029,12.285781,12.536111111111111,246.86236859087765,179.0773325768715
71.1,166.80570911716876,571.1469114125098,81.77911839751341,338.42218816954204,164.47655868346365,750.2008388571595,9.350610211885972,3.0199202434257097,12.392983,12.273055555555555,247.77069628574665,179.0690757085006
71.20000000000002,166.99388638773343,572.371425812099,81.84576087759694,338.72010802593286,164.68308872780364,751.4504362867788,9.417646273916294,3.086033210222039,12.938017,12.376111111111111,248.6828132000721,179.0939188761461
71.30000000000001,167.17534304148847,573.6182041085251,81.89576517828246,339.02771858522567,164.8957080696988,752.7245130021588,9.53109191735219,3.154288215696689,12.895915,12.51611111111111,249.6103008663384,179.12081571136935
71.4,167.34335846162432,574.831586558114,81.92133177073708,339.3454742401891,165.1113921519012,753.9987439349254,9.68292573306185,3.2247256536046445,12.951228,12.353055555555555,250.50076195211267,179.18105914436052
71.5,167.52481511537934,576.0561009569124,81.92930966872704,339.67333476232704,165.32842109521764,755.2761505029137,9.601852205050843,3.3362281125170403,12.963015,12.35,251.40286932823952,179.23350776560434
71.6,167.69955115232477,577.2806153557107,81.93782247119901,340.00883787955934,165.5396733543652,756.5701986059507,8.948966797499308,3.377917020833746,13.260973,12.34388888888889,252.2954032341202,179.30259265874233
71.70000000000002,167.86756657247554,578.505129754509,81.96195092420646,340.34775255321307,165.7440328792383,757.8990567847629,8.542166762956331,3.419145554642071,13.628799,12.358888888888888,253.17723261641927,179.4064950069601
71.80000000000001,168.04230260942097,579.7185122040978,81.99759627501355,340.69012831616527,165.94797530497436,759.2517699236045,8.604905641523153,3.465792403575881,13.731215,12.268055555555556,254.0438147096899,179.54547288705706
71.9,168.2170386463664,580.9207627044773,82.04383602115367,341.03498984734847,166.15707170835856,760.6128346352133,8.862163691536878,3.494366504154257,13.8095045,12.168055555555554,254.8941052083158,179.70387914162146
72.0,168.3783334496926,582.1564090524851,82.10253322320929,341.3820796147493,166.3718279605438,761.9799942680627,8.991938632134003,3.546849004002891,13.868994,12.465,255.76510985846247,179.83477935055302
72.1,168.5530694866679,583.3920553997018,82.17112719794011,341.7284113638442,166.58995470901374,763.3537615492618,9.052099200622736,3.514894519153907,13.9505415,12.51888888888889,256.6381826663032,179.9724131634924
72.20000000000002,168.72780552359842,584.6054378500817,82.23965068504815,342.06877451325454,166.81268927797487,764.7397482816908,9.206224847512964,3.4292740482069366,14.124882,12.311944444444444,257.49608538760054,180.14449052054184
72.30000000000001,168.9025415605588,585.829952248089,82.30047962198813,342.4053971570181,167.04325583560527,766.1436991763303,9.444575290287373,3.4125706349996623,14.330331,12.351944444444444,258.3707242574085,180.32333258541138
72.4,169.08399821431385,587.0544666468872,82.3484767645928,342.74427178166115,167.28959551413078,767.589809513003,9.880023214586775,3.4352069950216317,15.008718,12.325,259.2499218828036,180.5442602378608
72.501,169.25873425124433,588.2678490964761,82.38930707795781,343.0900279292854,167.55728046359695,769.1171733805198,9.99865412606861,3.4590933624279274,15.697113,12.36111111111111,260.11240141466897,180.8573278553753
72.59900000000002,169.44019090499938,589.4923634952745,82.43651428420807,343.4286056929674,167.8189229650314,770.6228187489868,9.715658811897555,3.5184299797773004,15.490934,12.346944444444443,260.992361285398,181.13771095536742
72.70000000000002,169.62836817556405,590.7168778948637,82.49121601494333,343.7792778654808,168.085751705391,772.17564045427,9.784233265607787,3.5095506187453034,15.708678,12.44611111111111,261.860767574936,181.46531948326944
72.80000000000001,169.80310421250948,591.9525242420804,82.54704721143801,344.12281888230194,168.35510949564008,773.7291442023281,9.888511584321591,3.45155709801232,15.824984,12.455,262.741664648165,181.78238708101628
72.9,169.99128148305923,593.1993025392976,82.60360608792705,344.47089533448207,168.62777847063614,775.2994406575269,9.813454113159457,3.601418574136678,16.050903,12.508055555555556,263.6331283462105,182.10524276676682
73.0,170.1727381368292,594.4238169373049,82.65983174375731,344.82888934060253,168.90189613247907,776.8962100466507,9.669928185479193,3.6462333619539105,16.351671,12.42,264.492224209646,182.47681849060078
73.1,170.35419479058424,595.670595234522,82.71805189358884,345.1792400168914,169.1684672446298,778.4482622260231,9.82749157914016,3.4571071779545006,15.143921,12.54611111111111,265.378998002155,182.78151301668694
73.20000000000002,170.52893082752965,596.9285054801576,82.77276726966686,345.51823439199893,169.44094736422662,779.9761318675293,10.382687682622054,3.4111181313267793,15.895973,12.656944444444443,266.2860654465715,183.0508596922375
73.30000000000001,170.72382871490396,598.1641518281654,82.81029727771802,345.8662392739821,169.71940032563222,781.4617486812824,10.874571949741838,3.59448920192309,14.334047,12.583055555555555,267.17602004849795,183.30034884995993
73.4,170.91200598543873,599.399798176173,82.82019070254835,346.2342004311486,169.99676112621893,782.8790789075796,11.267334518303995,3.7739354575314903,14.550402,12.48611111111111,268.05407626341065,183.48156346310827
73.50200000000001,171.0800214055895,600.6577084218086,82.81615444992461,346.6134119301295,170.2834412317851,784.2919470751265,11.684900429817404,3.6620550461715125,13.717618,12.643055555555556,268.9405413654094,183.63596637303107
73.59900000000002,171.27491929294885,601.9044867190257,82.82959700625366,346.9600915308338,170.55521243540514,785.5785186912888,12.176200279986224,3.4991697541633715,13.395258,12.618055555555554,269.8503653365516,183.67544201364726
73.69900000000001,171.46309656351352,603.1512650154519,82.87971448872581,347.305340472964,170.83844024958506,786.8636855754627,12.689570464423413,3.489798301344416,12.925127,12.64611111111111,270.7473964506552,183.713482530621
73.80000000000001,171.65127383406326,604.3980433126691,82.96348220943806,347.6390005219217,171.12854032811904,788.1123072106599,13.484686915038255,3.329314401211485,12.4592285,12.613055555555555,271.6444927438688,183.71500757939958
73.899,171.8394511046279,605.6448216098861,83.06561879770575,347.9394440259699,171.4200923921842,789.3015146415651,14.070066435167453,3.085754143949727,12.276956,12.541111111111112,272.56715674880263,183.65717180949417
73.999,172.03434899198726,606.8915999063123,83.18854194290721,348.2148563687052,171.71485898031332,790.474043304656,14.154004752154114,2.955345975619726,11.903297,12.56,273.5091133352293,183.5827214036594
74.1,172.2292468793615,608.1383782043205,83.31948794035345,348.47468647806863,172.01990040841872,791.6670292712956,14.52320729618051,2.8065184592507415,12.480343,12.64611111111111,274.46343660950265,183.5287704650375
74.20000000000002,172.42414476673582,609.3740245515371,83.43624202415565,348.72028242449005,172.3405766724676,792.8910375191107,14.834323378936618,2.6327143794166337,12.826109,12.526111111111112,275.4255255406732,183.51703199476322
74.30000000000001,172.62576327090477,610.609670898754,83.53994990212585,348.9586637229695,172.66873321863474,794.133334891639,14.75955238667205,2.5675244426806496,12.872064,12.528888888888888,276.4010341870655,183.52366902334367
74.4,172.8206611582641,611.8341852975522,83.62541751090858,349.19848094184715,172.99407748631506,795.3657410630219,14.81742112398026,2.5303781369365383,12.620479,12.445,277.36853587191246,183.5316376947489
74.5,173.02227966243308,613.0809635947693,83.7043897284363,349.4320224052807,173.31426310042727,796.571895367602,14.917402259230583,2.4030761213093847,12.338113,12.54888888888889,278.3674723321674,183.4911640847875
74.6,173.22389816660203,614.3166099427771,83.79940958339978,349.6468823221996,173.62498949204863,797.7462074906914,14.721450693295852,2.3031985662697982,11.956448,12.536111111111111,279.3685806906674,183.43003606509262
74.70000000000002,173.42551667077097,615.5522562899938,83.91362441147945,349.84237739940806,173.9303446468082,798.9118196193333,14.638944770796995,2.231970128188038,12.142467,12.41611111111111,280.38209392878275,183.36025827755438
74.80000000000001,173.63385579174954,616.7879026372105,84.04798689182995,350.01865652042744,174.23048831762887,800.062106305558,14.608578007655062,2.210904676752713,11.633536,12.584999999999999,281.40976987352514,183.27517480727676
74.9,173.84219491272813,618.0235489860092,84.20055213164784,350.1706579880395,174.52750029111377,801.19819950485,14.692802803539289,2.1070469604517097,11.851988,12.53,282.4549439051493,183.17593246974636
74.999,174.05053403370673,619.2480633848076,84.35426481626104,350.2967886429781,174.83716306501543,802.3397943481684,15.652552947006926,1.9111778505998205,12.044773,12.446944444444444,283.51403650751325,183.09342077855396
75.1,174.26559377147998,620.4614458343964,84.50053492614143,350.4135433352975,175.1791981181962,803.5188348514217,16.692454156435506,1.7951833192220918,12.266129,12.358888888888888,284.57623835041096,183.05966881493282
75.20000000000002,174.48065350926817,621.7082241308226,84.64372966419823,350.52891758945503,175.5400734382657,804.6917921422665,17.509491972292246,1.8827962638878626,12.278821,12.59388888888889,285.6726958989989,182.98663484742454
75.30000000000001,174.6889926302318,622.9216065804114,84.79074077727897,350.6501602271637,175.92119698194148,805.8781084035501,18.102789769150178,1.9291241159816166,12.642199,12.31611111111111,286.7288548184615,182.96065119835058
75.4,174.90405236802,624.1461209792097,84.9314952602528,350.77978108920524,176.3123331012231,807.0750577858868,18.08961173986217,1.9001375097791624,12.542521,12.391944444444443,287.79196795144907,182.93435755987653
75.5,175.1258327226178,625.3595034287986,85.06569002119525,350.91306237179276,176.70142566028497,808.2706232350251,17.96527989831879,1.8825793521572627,12.603227,12.426111111111112,288.8454228688022,182.91790574427918
75.6,175.34089246039105,626.5728858783875,85.20063407718096,351.0444826945028,177.08948026490813,809.4702109580405,17.88649820148831,1.8849996282572465,12.612624,12.321944444444444,289.8985462924111,182.90568356560814
75.70000000000002,175.56267281498884,627.7751363795579,85.33893281855319,351.1773916854145,177.473425587131,810.6646104169647,17.75328551412036,1.9512748221209226,12.479257,12.238888888888889,290.94094869720726,182.89945513815928
75.80000000000001,175.7844531695717,628.9773868791464,85.48519673293235,351.31774587032015,177.8571559691427,811.8654230047006,17.690833114451106,2.1030526813126245,12.733441,12.251111111111111,291.9740261704116,182.89978090407155
75.9,176.0062335241546,630.1907693295263,85.64715672685793,351.4667848560926,178.2454167333987,813.0871362007889,17.57051197747364,2.299389765989132,12.905056,12.31,293.0048161385862,182.91007341355484
76.0,176.2280138787374,631.3818878806962,85.81815002824924,351.6258854891317,178.636255164602,814.3234902486797,17.515508029141085,2.372716415308269,13.028138,12.168055555555554,294.00232032345065,182.95745271252636
76.1,176.44307361654054,632.5841383818668,85.98006994873971,351.7985060545982,179.0314577772058,815.5671749234352,17.741253400422615,2.3665870299402982,13.071236,12.139999999999997,294.99851924039314,183.00134260309724
76.20000000000002,176.65141273750422,633.7863888822462,86.12593422683227,351.9823502376334,179.4285336932874,816.8099910524254,17.695703255709702,2.3296752323712644,13.022913,12.21111111111111,295.98712549028306,183.0446703735213
76.30000000000001,176.8664724752924,634.9552435357884,86.2636262298018,352.1714233091506,179.8189619928719,818.0613427495936,16.965468545815508,2.3483892168326297,13.194525,11.96888888888889,296.9437063312766,183.12990133685778
76.4,177.08153221306566,636.1463620869584,86.4107611817793,352.36579351540536,180.19285233673315,819.3197573374002,16.12493946035864,2.528721088892167,13.061857,12.118055555555555,297.91374560130976,183.19981725014495
76.5,177.2898713340442,637.348612588129,86.58009576622581,352.5644044902519,180.55460234192003,820.5842081986495,15.808093799651312,2.6940918883671365,13.241848,12.11,298.8817635211271,183.26467735844793
76.6,177.5116516886271,638.5174672408801,86.75323725335018,352.76548791444577,180.91604262330281,821.8635909883657,15.743349568801532,2.6149775607440398,13.347322,11.971944444444443,299.8187510476629,183.37772757580015
76.70000000000002,177.71999080960566,639.7085857920501,86.91808370605361,352.9609819314065,181.28236050004423,823.1516690336612,16.00633719676664,2.500226501995481,13.435831,12.068055555555555,300.7809413068965,183.47766966854573
76.80000000000001,177.92832993058423,640.8885723955927,87.09288037379004,353.14180193441155,181.66759261021505,824.4742503428341,16.46126568610049,2.5357752914371186,14.115249,11.958055555555555,301.74373698061174,183.62375454372864
76.9,178.1433896683724,642.0796909459718,87.28674862218712,353.3116145636762,182.0673152457274,825.805335052359,16.976641222820636,2.6215882570549174,13.681181,12.081944444444444,302.7241833083817,183.76754200414032
77.0,178.35172878935097,643.2596775487234,87.49534908866616,353.47643829289495,182.46793354707597,827.0942651178316,17.563350005034565,2.6963986858610878,13.314252,12.023888888888889,303.69262007153833,183.88066436771328
77.1,178.56678852712423,644.439664150684,87.69504448975073,353.64907468843415,182.87214393862072,828.368163844337,17.644996490840704,2.5933940706072294,13.415544,11.931111111111111,304.6585642718693,183.9788821706921
77.19900000000001,178.7818482649124,645.6196507534356,87.8639302191327,353.8339295659541,183.27217732813784,829.6213334143188,17.764114416448425,2.472647372053981,13.159617,12.016944444444444,305.62227489284516,184.05646491534165
77.30000000000001,178.99690800268567,646.8107693046057,88.01262031005531,354.0321445679851,183.68122727609014,830.8816896384141,18.198997977319642,2.438023048825251,13.07965,12.058055555555555,306.590058073647,184.13051501473186
77.4,179.20524712366426,647.9907559065664,88.14247830435352,354.2392574368343,184.09438153278995,832.1250477920157,18.56253969833013,2.4555574902288537,13.124573,12.008888888888889,307.54246977978875,184.19918860686207
77.5,179.42030686145245,649.1818744585273,88.26530269639177,354.4578258254617,184.51157110613525,833.3736826336881,18.388647007507934,2.558814563323794,13.205183,12.063055555555556,308.49878383390404,184.2621588130466
77.6,179.6353665992257,650.3841249596978,88.39675754887595,354.68470522735373,184.92166672811183,834.612245463422,18.24970474218872,2.686259347121941,12.8886385,12.168055555555554,309.4553774156907,184.30394828485737
77.70000000000002,179.83026448659996,651.5752435108678,88.54290000442627,354.9107565003532,185.3268506583707,835.826920018437,18.647623930907166,2.699904623337725,12.720954,12.135000000000002,310.3920114424871,184.33364520725354
77.80000000000001,180.03860360757852,652.7774940112473,88.69758635187716,355.1289418629803,185.73353034127913,837.0231021991348,18.908319727691676,2.649594451703911,12.547591,12.133888888888889,311.3484254485093,184.33360064574975
77.9,180.25366334535178,653.9686125632084,88.84128454804343,355.35035246169684,186.14114934238938,838.2188953806215,18.739010699230526,2.6369632024666245,12.719605,12.056944444444444,312.2964749455821,184.34432242318186
78.0,180.4687230831698,655.1597311143785,88.96367825446173,355.58791448658496,186.54731339657226,839.4138221044343,18.808052113543788,2.7134417576471845,12.521787,12.071944444444444,313.2354490583405,184.35433085981452
78.1,180.66362097049935,656.3619816155489,89.06360834001337,355.8434919157613,186.95852634532235,840.6122990764158,19.064450726864816,2.7838567576038,12.819493,12.169999999999998,314.1686250492663,184.35781870620025
78.20000000000002,180.8585188578736,657.5864960143471,89.14439871680773,356.10979410698667,187.37742719139658,841.8339641111783,18.79057690079222,2.7832325568692418,13.010357,12.308888888888887,315.11851996699477,184.36275563668954
78.30000000000001,181.05341674523294,658.7776145655172,89.21497571135905,356.3794984091484,187.79144303072084,843.0574111693775,18.59978195501367,2.793255893464675,12.821689,12.11,316.0362635939949,184.40294041740236
78.4,181.24831463259227,659.9798650658965,89.27897350007758,356.6518414867016,188.19748663109843,844.2658182082057,18.54621040116894,2.8021758790012217,12.674345,12.151944444444444,316.9641140520635,184.41692849907838
78.5,181.44321251996652,661.1821155670671,89.35616824114828,356.91277282014755,188.60095059950467,845.4695701710222,18.51326532794892,2.652332931942504,12.717009,12.15611111111111,317.89912969313303,184.426405752593
78.6,181.63138979053122,662.395498015865,89.44654303713737,357.16018546254446,188.99965702571612,846.661444987079,18.478601381343505,2.615818424804395,12.418882,12.216944444444444,318.8520691487982,184.41320607604914
78.69900000000001,181.81284644428627,663.5977485162445,89.52956551620711,357.40793935108417,189.3945149694829,847.8334489291534,18.757961278304467,2.66392714657554,12.565677,12.181944444444444,319.7943138572793,184.39163485435313
78.80000000000001,181.99430309804129,664.7888670689964,89.60952341310396,357.6708336631335,189.8072809228987,849.0341226960181,19.185611247012158,2.777527681098002,12.575943,12.106111111111112,320.71238510621805,184.41083710985723
78.9,182.17575975178144,665.9799856193755,89.68613180575738,357.94417192183283,190.22312877288022,850.2208620758308,19.436566761279444,2.900438371835755,12.573907,12.114999999999998,321.62150705122497,184.41654130149112
79.0,182.3572164055365,667.182236119755,89.76107639867784,358.22799777382176,190.6422055828354,851.3982754000884,19.74968819631842,2.970643031312659,12.421606,12.121944444444445,322.53180701457256,184.40225099982192
79.1,182.5386730592915,668.373354671716,89.83443633059579,358.51613474344003,191.06665663208145,852.5648941175504,20.23641584328203,2.9761016306496697,12.407294,12.02111111111111,323.42784705267735,184.38885461774558
79.20000000000002,182.713409096237,669.564473222886,89.90478768129671,358.8028743682453,191.5036941702356,853.7326250237281,20.798773919203057,2.928780372469087,12.529704,12.026944444444442,324.3242382734204,184.37781116343743
79.30000000000001,182.89486574999202,670.7444598256376,89.97680223357132,359.08493065199053,191.9509730117134,854.8972107953363,21.22333564539497,2.8936487523909125,12.420965,12.031944444444443,325.2159723205196,184.37529327012243
79.4,183.06960178693745,671.9355783775987,90.05851775539877,359.35879974250554,192.40240732853627,856.051617819487,21.49348524579914,2.824839430243428,12.369816,11.993055555555555,326.12160967132183,184.35242672404462
79.5,183.24433782388292,673.1266969287686,90.14122295473223,359.6292824442767,192.86220473939065,857.2109657910164,21.77079681864244,2.833552465764735,12.574205,11.996111111111112,327.03030270419833,184.3353503985406
79.6,183.41235324403365,674.3066835307294,90.21584719370807,359.907046972799,193.33387824428834,858.3836292976623,22.0501137437687,2.9190862554125934,12.705234,11.961944444444445,327.92182026779966,184.34413096492395
79.70000000000002,183.58036866416947,675.4755381842715,90.28899779041376,360.19372134854854,193.80820250206833,859.5532370344048,22.099388114149964,2.99812410724046,12.537318,11.92111111111111,328.7946226852547,184.36162235936206
79.80000000000001,183.74166346751062,676.6555247870232,90.35714158609785,360.4877117003772,194.27869565346447,860.7209458187053,21.79285569375499,3.038810925782123,12.641395,11.92111111111111,329.6706765228178,184.36677647249311
79.9,183.90967888764646,677.8355113897748,90.41687573668194,360.785399175051,194.75947160506936,861.9309037824278,21.554791729878147,3.0338970470355906,13.398199,11.896944444444442,330.54754256595817,184.41483536368742
80.0,184.07769430779717,679.0154979917354,90.47550275821683,361.08224898297647,195.2592452630588,863.1905731630795,21.724673716134426,3.0179084431352523,13.705636,11.853055555555557,331.4255890666106,184.51418751991775
80.1,184.23898911112337,680.2177484921149,90.53543258594513,361.375851311946,195.76813055125385,864.4645076443026,21.82465485138475,2.975218148744177,13.730652,12.096944444444444,332.3259121749561,184.60712164060948
80.20000000000002,184.41372514806883,681.3866031456571,90.58884588500807,361.6650697245824,196.27924133117864,865.7466138136346,21.645605540406326,2.9079992758318096,13.87395,11.851944444444445,333.2040919644465,184.74145178543014
80.30000000000001,184.57501995140996,682.577721697618,90.64149053583132,361.95187568438513,196.78128901866697,867.017755988679,21.4553835524229,2.924875540096102,13.459981,11.961944444444445,334.1024409970222,184.84349935507615
80.4,184.74303537156072,683.7577082995788,90.7063235328853,362.2400679110986,197.279169906903,868.2781395458409,21.653626949538154,2.984420966090761,13.643211,11.883055555555556,334.987307601954,184.94578723613776
80.5,184.8976095580773,684.9265629523298,90.77499885855089,362.5313181309731,197.78150265501034,869.5431223739864,21.66308075315781,3.0007041657111793,13.578249,11.896944444444442,335.8537773024403,185.0655794955487
80.6,185.04546312781414,686.117681504291,90.83972870474571,362.82439849484825,198.28794538058176,870.8298361529048,21.311857624742636,3.002190276506378,14.077742,11.928055555555556,336.7391679582483,185.18623979969001
80.70000000000002,185.2000373143457,687.308800055461,90.91104144419079,363.11474195447363,198.80702650036994,872.1658051672871,21.157445498954843,2.9793785949643246,14.587653,11.981944444444444,337.627312358151,185.35712150770541
80.80000000000001,185.36133211767188,688.4887866582126,90.98881150592187,363.4031690053064,199.32593559915978,873.5085727265766,21.099576761646635,2.9952298597696116,14.203261,11.936944444444444,338.506767216531,185.54603576249852
80.9,185.52262692101303,689.6687732601732,91.06004086761422,363.6946426575901,199.85037715082098,874.8499186623976,21.602633705771467,3.0069328352466607,14.601515,11.848055555555556,339.38520001026217,185.73459839008868
81.0,185.68392172433926,690.8487598629248,91.12500877932926,363.98630734405964,200.3948319340785,876.1951827216949,22.47095124429218,2.9693272215814583,14.424593,11.905,340.26526546797186,185.92930738789144
81.1,185.8452165276804,692.0287464648854,91.18882214619373,364.2798536272126,200.9571402105403,877.535056654929,23.05766002650611,3.0387687625135116,14.6374655,11.953888888888889,341.1439135520725,186.1208246213229
81.20000000000002,186.00651133103642,693.208733067637,91.25427581237598,364.5782933708842,201.53373530958336,878.8812392721734,23.31491807651991,3.071996034446672,14.651989,11.863888888888889,342.017473283259,186.32062216714917
81.30000000000001,186.1678061343925,694.3887196703887,91.31778768243711,364.8738472306067,202.11261620250667,880.2276545981923,23.214936941269585,2.9743350344190422,14.659708,11.94888888888889,342.89441109376816,186.52170571600686
81.399,186.33582155449847,695.5687062723492,91.37100971072798,365.15672910503326,202.6804985728429,881.5553326168099,23.099789613182157,2.841433969771927,14.512607,11.910000000000002,343.78829262227305,186.70343769151125
81.499,186.49711635782467,696.7598248235194,91.4159761271983,365.43268388930613,203.25602819559253,882.9129895935943,22.849693535607567,2.750655402178338,14.97961,11.954999999999998,344.70001094748466,186.90602419371277
81.6,186.66513177797543,697.9398114270618,91.45499986886573,365.7077337173447,203.83692594016102,884.299909023181,22.60056862149571,2.750814397066586,14.795868,11.931944444444444,345.60544364559075,187.1495564803282
81.70000000000002,186.8331471981262,699.1197980290226,91.4882733452509,365.97633687903283,204.41222759630494,885.6915520730219,22.32440296424259,2.6624015964165784,15.321606,11.969999999999999,346.51870177093684,187.3980882365137
81.799,187.00116261826201,700.3109165801926,91.51903212711522,366.23412722892255,204.98387673958783,887.0954326587918,21.986902175020816,2.582429947566226,15.300841,12.021944444444445,347.45379322491397,187.64816400350364
81.9,187.17589865520745,701.5131670805721,91.55313320491595,366.49081176720875,205.56109117565714,888.5269632384947,21.933084249324178,2.5454567178303464,15.263929,12.08,348.40162432467923,187.91534066544705
82.0,187.3439140753582,702.704285632533,91.58297347032604,366.74188008145364,206.1369441338835,889.944501641518,22.283447941046656,2.512956888534641,15.337009,12.095,349.34352103513874,188.18096734226862
82.1,187.53209134590793,703.8954041837031,91.59262257140269,366.99390563989317,206.72233055722447,891.358142597747,22.70629079385318,2.538507739410233,15.264232,12.093055555555555,350.2955914507047,188.44241447901211
82.20000000000002,187.7001067660587,705.0976546840826,91.58327291374717,367.25565780981646,207.32581676622976,892.7933151948328,22.903101796480666,2.7009211524547316,15.873675,12.093888888888888,351.2487161567776,188.71891655999298
82.30000000000001,187.88156341981374,706.299905185253,91.57909762697459,367.5256354931596,207.93136984788933,894.2232978766087,23.001364058345597,2.7035155303014444,15.184636,12.118055555555555,352.1962105463263,188.98993692372298
82.4,188.07646130717308,707.5244195832604,91.58751388827099,367.7963394857674,208.52139000809115,895.6192156458836,22.823460662957487,2.713311113895348,15.125202,12.293055555555556,353.1646717619647,189.20266228419052
82.5,188.2579179609132,708.7266700844308,91.59565304931333,368.07264118492816,209.09121645746632,896.9788164663108,22.650427408827987,2.8153155072045752,14.358499,12.218055555555555,354.1027546677708,189.40141748052275
82.6,188.43265399788848,709.9400525340197,91.59617896865683,368.3580276198807,209.6491698034425,898.3115257250134,22.783067138400764,2.8934626108089576,14.5373745,12.233888888888888,355.04307152869563,189.56252914295214
82.70000000000002,188.61411065162864,711.1645669328179,91.58226303190973,368.6488584045684,210.20414303165086,899.6321189882088,22.805985450206002,2.932539385324141,14.111967,12.338888888888889,355.9946488939197,189.70015201871053
82.80000000000001,188.79556730538366,712.3779493831978,91.55224175325884,368.9473889051388,210.73957803449326,900.9029249247311,22.89078320388536,3.0695722373338823,13.468021,12.301944444444445,356.93250655370446,189.79780296361443
82.9,188.97702395913873,713.6024637812052,91.50922446299388,369.25935523747825,211.24172116871657,902.0880953905342,23.039752230619364,3.2295379774092314,12.275168,12.35611111111111,357.87169256617324,189.79607494624827
83.0,189.15175999608414,714.815846230794,91.47067477460223,369.5642655259969,211.71582288404588,903.2001966634336,23.140019844767252,2.9195595118114257,11.903688,12.358888888888888,358.8039135645087,189.73086312442544
83.1,189.3332166498392,716.0403606295923,91.45094974858279,369.84046528609707,212.18506735824178,904.3031512877941,22.95524095583757,2.620497009691136,12.068821,12.31611111111111,359.77118521301264,189.6446293128625
83.201,189.51467330359424,717.2537430791812,91.44873921191927,370.09648526752056,212.665431159392,905.442377507923,22.773533120689784,2.4525923104555933,12.413584,12.268055555555556,360.74241375333804,189.60727759622628
83.30000000000001,189.70285057414398,718.4671255287701,91.4579740156016,370.3374035866813,213.14309827857113,906.5780650363572,22.849258087683264,2.418277903173198,12.47636,12.344999999999999,361.72691228256616,189.56574261947225
83.4,189.88430722789903,719.6916399275684,91.46953612126109,370.58236030950627,213.6258119689217,907.7292664644676,22.648722859387487,2.4863165284012276,12.489873,12.298055555555557,362.7158065034032,189.53049369692042
83.501,190.07248449847862,720.8938904279479,91.47893762556109,370.8376552974676,214.10499950614067,908.8841386894982,22.41898397227388,2.5726485239101744,12.269388,12.245,363.67575563777723,189.52017100834627
83.6,190.25394115223364,722.1072728775367,91.4823821725939,371.0946423099524,214.56458788396944,909.9985784084187,22.402817968084268,2.6200361953042934,12.083872,12.274999999999999,364.64460462379515,189.45751565618735
83.69900000000001,190.4353978059738,723.3206553271256,91.4796679592682,371.3594792485131,215.02178446449963,911.1023503197558,22.597377246576876,2.730697485705524,12.051796,12.285000000000002,365.6075846261046,189.3844116690383
83.80000000000001,190.61685445972884,724.5340377775055,91.47489098672497,371.64168453284844,215.48544563087358,912.2116247628982,22.773298207993843,2.858337542934795,11.75571,12.198055555555554,366.55441874274857,189.31804848850823
83.9,190.7983111134839,725.7585521755128,91.4803273639923,371.9245705318021,215.94590052050884,913.3063191005714,22.851506947029197,2.803802358825211,11.996133,12.37111111111111,367.5085692360194,189.22623003051245
84.0,190.97976776723894,726.9608026758923,91.50096849484581,372.20213092127676,216.40969300762578,914.4043361584557,22.946617941020907,2.7638808677370887,11.842876,12.181944444444444,368.44232478065834,189.160670706573
84.1,191.16122442097904,728.1630531770627,91.53128951057874,372.47440863673006,216.87742935337394,915.5165690973234,22.675608903924044,2.71606979966155,12.288825,12.166944444444445,369.378580571735,189.1101877842871
84.20000000000002,191.34268107473412,729.3653036774422,91.56881804173385,372.74351156017775,217.35110085334514,916.6554348418874,22.49140297278944,2.7184101606266973,12.380053,12.14111111111111,370.31598177429134,189.08736375277843
84.30000000000001,191.52413772848917,730.5675541778216,91.61213260758736,373.01150238945803,217.82553743207546,917.7909673101061,22.86210666623906,2.711265824185537,12.233276,12.173055555555555,371.2529312177374,189.06181542360656
84.4,191.69887376543457,731.7475407805732,91.6606080794786,373.27889057395674,218.30104030835187,918.9151000836482,22.994459916914273,2.723866616626289,12.178028,12.021944444444445,372.16586058155235,189.04859301313832
84.5,191.87360980239495,732.9497912809527,91.70543585267878,373.55614103612305,218.78162241143,920.0426430310231,23.173795706790212,2.8951597160792004,12.335772,12.103888888888887,373.0917566882489,189.0179259185271
84.6,192.05506645613508,734.1297778829133,91.7312608582746,373.84829254436613,219.2679412324922,921.1710085683762,23.45884220986778,2.9767549604653283,12.238395,11.971944444444443,373.9887894675282,189.01048259270235
84.70000000000002,192.22308187628585,735.3208964348744,91.7381327603816,374.1530376148861,219.76509323530416,922.317438577292,23.429907841213666,3.1209373147623367,12.7533,11.99,374.8859123032511,189.01393907043277
84.80000000000001,192.39781791324617,736.5008830368349,91.74094058757197,374.46721694705195,220.27305484820192,923.4866812261345,23.533899681029904,3.163015564087479,12.743011,11.97111111111111,375.7661271793458,189.0521556572931
84.9,192.56583333336707,737.6697376903772,91.74641137544056,374.78342131897637,220.79107729873726,924.6756801428273,23.549369541498436,3.162035730985511,13.195884,11.821944444444444,376.63116500567884,189.123998766507
85.0,192.73384875351783,738.8608562415473,91.76034826323348,375.103911948976,221.32132908789507,925.8998261421829,23.294116843767668,3.2556017956645005,13.485265,11.92611111111111,377.5112744307516,189.2110469643865
85.1,192.9018641736686,740.0297108950895,91.7885496516386,375.4286566826469,221.86173990719215,927.1676934613448,22.885597935839414,3.265042618811149,14.079608,11.853055555555557,378.3620370841338,189.36551671692823
85.19900000000001,193.0631589769948,741.209697497841,91.81689287976693,375.7538889069598,222.3918262725618,928.4434350836067,22.23555439895157,3.3314594828877726,13.829683,11.865,379.22124733649287,189.51686789219954
85.30000000000001,193.22445378033595,742.3896840998017,91.8366898725478,376.0959582508215,222.92609294484657,929.7528953444979,22.1568529162124,3.4538418454483972,14.175442,11.935,380.0665366308237,189.70282100428412
85.4,193.38574858366215,743.5696707017622,91.85066554260409,376.4480667210473,223.46310665349682,931.0561573072417,22.634413238453917,3.594126054497739,14.016117,11.89111111111111,380.90372169030775,189.8837279182387
85.5,193.54704338698835,744.7496573045139,91.85597383485143,376.8105757275979,224.00142634833875,932.3303550049726,23.17872314382817,3.657826542978888,13.649103,11.938055555555554,381.73320706787086,190.0368058859848
85.6,193.70833819034442,745.9185119580561,91.85202837137192,377.1813341021131,224.54923316735506,933.5902283675895,23.81699812760387,3.7580441723897957,13.827663,11.863888888888889,382.54648630343456,190.18894274663634
85.69900000000001,193.88307422728982,747.0984985608077,91.84197448939894,377.5615505777741,225.09237194827335,934.8208701001272,23.811042231323484,3.9259707187545896,13.347462,11.860000000000001,383.36658952017905,190.29899905302523
85.799,194.05781026423531,748.2896171127687,91.8330108453676,377.95485927557746,225.6302754565144,936.0481797846787,23.523703897065392,3.9426788576830343,13.452841,12.00111111111111,384.1845161879365,190.3945860967145
85.899,194.23254630119564,749.4696037147294,91.83339694403999,378.34703840958787,226.165549521453,937.2810558666397,23.413982479297847,3.9016088973277894,13.428405,11.966944444444445,384.99031710906456,190.50684568821737
86.0,194.40056172133148,750.6384583674806,91.8416814623255,378.7419648226051,226.69950672445734,938.5259440600773,23.016424253990426,3.9206034691393867,13.394903,11.86888888888889,385.7788561222021,190.6434607538394
86.1,194.58201837508653,751.8295769194416,91.85931350295819,379.14167408087053,227.22081513755197,939.775553186477,22.281032923940057,4.08241383066888,13.685429,11.97111111111111,386.5853424775163,190.75896059968082
86.20000000000002,194.77019564565117,753.0206954706116,91.88975779852868,379.5586756276038,227.739180373033,941.0543463176048,21.8533199298748,4.2804736825020235,13.911969,12.08,387.373546795383,190.9020895768385
86.30000000000001,194.94493168258168,754.222945971782,91.92421041739115,379.9911994393538,228.25961836342694,942.3654382485731,21.45339538887351,4.397537436338027,14.300383,12.195,388.1528940027521,191.06926950392963
86.4,195.13982956994107,755.4140645229521,91.95813984080715,380.43296606145657,228.78317945384953,943.7101131184636,21.09758859809729,4.463846981259255,14.559879,12.041944444444447,388.91809587463155,191.27800947336917
86.5,195.3145656069014,756.6163150233315,91.98609979872998,380.8753535815289,229.3076669633208,945.0797123217758,20.81311505281485,4.402731958765047,14.772031,12.139999999999997,389.68967390922825,191.5045249102461
86.6,195.5027428774661,757.8185655237111,92.00278279316522,381.3068035446503,229.83791485491076,946.4993089825167,20.166532181009753,4.23300888772,15.536322,12.15,390.47835874223404,191.77937059780004
86.69900000000001,195.69092014798593,759.0430799225093,92.02627649973381,381.7169742772169,230.37454024202333,947.9746951390845,19.81513430046698,4.06999062214296,16.179913,12.318888888888889,391.3072301199678,192.08880428377793
86.80000000000001,195.87909741858047,760.2453304236798,92.05792193110662,382.13106845823665,230.9343319615126,949.5336402968567,19.691295202627405,4.154129428561334,16.620201,12.263055555555555,392.1086986809558,192.50697058419425
86.899,196.0739953059398,761.4809767716876,92.08316313865303,382.5459154976663,231.48298370766037,951.0701090512176,19.609897953462152,4.242301624297641,16.339172,12.458888888888888,392.94512827822547,192.86740403224786
87.0,196.26217257653434,762.7166231189042,92.10840748451626,382.96729729329894,232.0419352608953,952.6405149924118,19.57459802370414,4.116988715617548,16.669024,12.523055555555555,393.77348469373226,193.2647824155477
87.1,196.46379108067342,763.9634014161214,92.13609516026544,383.36981352770414,232.59677158404742,954.210860923293,19.343982511163997,3.9523979880505786,16.64068,12.541944444444445,394.6336874594458,193.6483620612116
87.20000000000002,196.6586889680328,765.2101797125475,92.16562907783909,383.7577171238616,233.17501964765677,955.8568527764878,19.368333217457064,3.82819642077498,18.251497,12.578055555555556,395.50572787279384,194.1123292237064
87.30000000000001,196.85358685540706,766.468089958974,92.18333269327249,384.1411145726842,233.77232645485014,957.5472616832246,19.556836332055095,3.852364338658118,17.605253,12.713888888888889,396.3959866275067,194.61306020007274
87.4,197.06864659318032,767.7371321538191,92.17081447842156,384.5313644524328,234.33791930031265,959.1562763948717,19.1652196790832,3.964102392178763,16.505493,12.813055555555556,397.3036818127727,195.01355714435732
87.5,197.26354448055457,769.0061743486641,92.13052156577164,384.9299551533432,234.85044116950675,960.6577378060673,18.502593989014443,4.0509140483382815,15.225558,12.805,398.20534232801606,195.30257698856153
87.6,197.47188360153316,770.275216543509,92.08357613321661,385.32493976303005,235.32812879204698,962.0987753224612,18.176008045789892,3.9046123380232247,15.137533,12.85611111111111,399.115786388366,195.52333109515703
87.70000000000002,197.6735021057021,771.544258739145,92.05033100606484,385.70659386640534,235.8025783531457,963.5476139729001,18.08863198203242,3.759592169935826,15.353365,12.938888888888888,400.03369596521713,195.7526880441311
87.80000000000001,197.8751206098711,772.8244328831994,92.03345605926927,386.0778585740724,236.2728092534486,965.0095290281977,17.572683487517143,3.6744606148162178,15.360544,12.903888888888886,400.96804198674886,195.9834015253112
87.90100000000001,198.07673911404004,774.1046070272538,92.02701687749976,386.4461671016258,236.7385128107902,966.4932109404294,17.28044636411067,3.6203079126763975,15.432697,12.910000000000002,401.90248771563864,196.2348278492875
88.0,198.28507823501863,775.3736492220987,92.02599578649128,386.8057531725044,237.19017359477496,967.9373808730488,17.455152655001942,3.644140901218438,15.136034,12.96111111111111,402.8349568287381,196.4545677562394
88.1,198.48669673918755,776.6315594677344,92.02700218512699,387.1698305957981,237.63545176795537,969.3540573563309,17.441688146816368,3.6374464838709457,14.5641,12.75388888888889,403.75005240923684,196.658552350826
88.20000000000002,198.69503586016614,777.9228655609982,92.03493705958313,387.5277211342788,238.0709471745223,970.7393564960311,17.461455190748385,3.523275550079919,14.478696,12.95111111111111,404.70328077260405,196.7959897160907
88.30000000000001,198.8966543643351,779.1807758074248,92.05087654814871,387.8718279139212,238.509750720206,972.1152527545747,17.916956637877362,3.366364668086078,14.405016,12.846111111111112,405.63371770436754,196.9591576895318
88.4,199.09827286850407,780.4498180022697,92.0601066823769,388.21379409753814,238.95169676939202,973.472438511076,18.159317785217688,3.4775988196233243,14.141638,12.843055555555555,406.57873464936915,197.09395582998104
88.5,199.2931707558634,781.7188601971147,92.05427162284592,388.57117973542114,239.39011072940608,974.8321514160468,17.588365342369855,3.6722446167009015,14.431613,12.813055555555556,407.5110797753497,197.23211665611146
88.6,199.49478926003235,782.9990343411691,92.02985750104601,388.9445908980313,239.81074306498158,976.1904100156456,16.81401288225059,3.8154531004733694,14.007025,12.918055555555556,408.4453647126439,197.35319548008212
88.70000000000002,199.682966530597,784.2569445875957,91.98116495922613,389.32785800209086,240.2128073099517,977.5300115414357,16.598580751281354,3.915113222106917,13.965782,12.785,409.35151336349077,197.4769515749707
88.80000000000001,199.87786441795637,785.5148548332313,91.90022729652718,389.72487708858046,240.61292251866016,978.8631872282766,16.813439924455402,4.196106062032328,13.872726,12.676111111111108,410.2546484824252,197.59282020967422
88.9,200.066041688521,786.7727650796579,91.79180989335437,390.13869124043833,241.02150945523113,980.2039159992054,17.08101121478148,4.360267134765577,14.159452,12.79,411.147051310269,197.7193983554744
89.0,200.2542189590857,788.0306753245025,91.6885476769071,390.5614511937061,241.44089559627957,981.5654550408715,17.1586469960217,4.347356757031179,14.333875,12.69,412.0294760233633,197.86877796226534
89.09900000000002,200.43567561284075,789.2774536225105,91.62476489240964,390.9718707221561,241.8439843452305,982.8801839618689,16.92438174232652,4.05738990197136,13.446662,12.684999999999999,412.90089811164216,197.98147697936597
89.20000000000002,200.630573500215,790.5242319189366,91.60279166938531,391.3646287268751,242.22597748550834,984.1268254764125,17.157303409992075,3.738497813743437,12.372272,12.563888888888888,413.78188219325773,198.02055919747565
89.30000000000001,200.82547138755942,791.7376143685256,91.58377976009986,391.7519127988306,242.59761169397635,985.3329010554859,17.095710447015513,4.020974928683128,12.868416,12.393055555555556,414.63515124725023,198.05061659380246
89.4,201.02036927493367,792.9843926657427,91.53342739636442,392.1665584277281,242.96993878442086,986.5610591606184,16.633333506344965,4.3387755470854,12.798891,12.52111111111111,415.50249901194786,198.06991743649417
89.5,201.20854654548342,794.208907064541,91.44738157264186,392.60227835648976,243.33254562982438,987.7944432400633,16.13486022458118,4.550010234712812,12.912984,12.376944444444444,416.33567894001334,198.11560038326616
89.59900000000002,201.3967238160481,795.4334214633393,91.34456950103684,393.0395607501611,243.6881826826807,989.0480217525924,15.55316768786348,4.524862753335858,13.411578,12.421111111111111,417.1717821342087,198.1796683270898
89.70000000000002,201.57818046980316,796.6690678105559,91.2455776447258,393.48363724732985,244.04955019091378,990.3569797324476,15.314169802780562,4.485156558587065,13.478064,12.46,418.00929973459955,198.28974877852292
89.80000000000001,201.76635774035287,797.9047141577728,91.15355696708549,393.92092815966265,244.39594089997127,991.6445121484338,14.796215955982326,4.452207346830638,13.188489,12.541944444444445,418.8533049222286,198.374370032585
89.899,201.961255627757,799.1069646589433,91.06981545280777,394.34108186223466,244.72649454956252,992.9096359021808,14.49019633281401,4.203177786008992,13.227659,12.235000000000001,419.68122590875237,198.46496174653473
89.999,202.1628741318961,800.3314790577414,90.99073622530254,394.75046405845603,245.05914429452812,994.1925334470778,14.582442537830067,4.135925438942796,13.278816,12.37111111111111,420.54156034163043,198.55024150781279
90.09900000000002,202.35105140246077,801.5448615073304,90.90823848534592,395.1577285177659,245.39441296069458,995.4743766515551,14.732843959051943,4.174862637355042,13.220468,12.223888888888888,421.3905580460448,198.64890590765128
90.19900000000001,202.55266990662972,802.7582439569192,90.82678172432928,395.567864805284,245.73214997550434,996.7467692634124,14.99926933378776,4.1883322780419805,13.108669,12.31111111111111,422.240072664564,198.73604466630178
90.30000000000001,202.74756779398908,803.9604944580897,90.7499205307811,395.98259162029666,246.07252585855878,998.0135589564413,15.08086425339234,4.164031983581859,12.86601,12.158888888888889,423.07143864413445,198.83069137459174
90.4,202.9424656813484,805.1738769076785,90.67829624818015,396.39255239855174,246.40728352711093,999.2614606429225,14.952521707283044,4.159491411448091,12.97445,12.23611111111111,423.9167548068313,198.89489825169142
90.5,203.13736356872272,806.3649954588486,90.61271611003451,396.80338011416893,246.74127298263156,1000.5220141232987,14.728208730489339,4.161460359996951,13.106582,12.146111111111113,424.73816999352135,198.99308734939513
90.6,203.33226145609697,807.5449820616002,90.54947521896186,397.2121771067103,247.07373583911374,1001.7867884734741,14.727349293796642,4.111824403135907,13.048232,12.061944444444444,425.5501940941386,199.10599172136432
90.69900000000001,203.5271593434563,808.7361006135613,90.48278531183982,397.6065373550569,247.40636116966155,1003.0404286937987,14.991110414785165,3.968530609755517,13.154203,12.033888888888889,426.38779096654326,199.1972797595825
90.80000000000001,203.72877784761036,809.9272191647312,90.4144628304352,397.9971699033456,247.75225414580342,1004.3289817059176,15.06055289955502,3.8842568538038917,13.265018,12.046111111111113,427.23120142646326,199.32413738555945
90.899,203.9236757349846,811.0960738182735,90.3489945170905,398.3789279887836,248.08711762960166,1005.5948105364192,14.573303860997868,3.9406154253065235,13.187189,11.921944444444444,428.05916726007246,199.44966328608783
90.999,204.1252942391685,812.2760604202342,90.28361898723894,398.7662816823305,248.41244920476743,1006.8762742836121,13.918413101163374,3.9160687767376423,13.255557,11.991944444444446,428.89423420703133,199.57603896915933
91.09900000000002,204.33363336011726,813.4449150737762,90.2231073588003,399.1467293524329,248.73248869949967,1008.1599738597956,14.079987199390303,3.788671523226784,13.204325,11.813888888888888,429.7257251274281,199.71282501003887
91.19900000000001,204.54197248109583,814.6137697265276,90.1632982966563,399.52109547959805,249.06189754173096,1009.4579696920333,14.395686944507368,3.793778759668901,13.578632,11.806944444444445,430.5628982177375,199.86566985753842
91.30000000000001,204.7435909852797,815.7714924308602,90.10729489117419,399.89995613914846,249.41696970498822,1010.8563714552183,14.112419475383668,3.791235782250928,14.991284,11.801111111111112,431.3822146076539,200.13450674529602
91.4,204.94520948944867,816.9403470844026,90.0633916707044,400.2728796734599,249.80792370670622,1012.4141202814317,14.068015246261032,3.7192096181984775,17.129904,11.811944444444444,432.21477353740244,200.55587534356332
91.5,205.1535486104272,818.0980697887352,90.02151125830379,400.643448230712,250.24560144592976,1014.158756949511,14.096949614915136,3.73950501056653,18.844082,11.756111111111112,433.04012179589444,201.17923918455244
91.6,205.36188773140577,819.2557924930682,89.97439710676659,401.01731053515505,250.6922958789143,1015.9394491115775,14.06686933067077,3.7970254834536723,17.87322,11.806111111111111,433.86368917335176,201.83980450755342
91.70000000000002,205.56350623555983,820.4135151974008,89.92297983312046,401.39182331953896,251.1075842502682,1017.5956984939659,14.086349895705222,3.7635844366107607,16.277191,11.753888888888886,434.6859896647453,202.37360611455742
91.80000000000001,205.7718453565384,821.5489740033148,89.87597422153088,401.7575620081404,251.51668910999268,1019.2203932072017,14.178023142926149,3.6120635846519287,17.231026,11.578055555555554,435.495904149562,202.89549206452747
91.9,205.9734638607223,822.7066967076476,89.8457451471719,402.1098710553429,251.9314550007954,1020.8551068901895,14.298344279903615,3.4629154788651464,16.499214,11.686944444444444,436.33397392640495,203.40828254400049
92.0,206.17508236489124,823.8532874627708,89.83777410128276,402.451937617225,252.32325411765677,1022.3921042767184,14.303500900059792,3.384089889663426,15.223759,11.67,437.16526273901263,203.8315862127482
92.1,206.3699802522506,824.9998782178942,89.83911887571517,402.79346607277523,252.69357108223397,1023.8390457686334,14.409784571056553,3.4466757241951713,14.647808,11.621944444444443,437.9928037189782,204.16387932162397
92.19900000000001,206.56487813962485,826.1242050753897,89.83616916095502,403.13724334003604,253.04269200304554,1025.2012737543582,14.337462973366152,3.498702249239588,13.761371,11.478055555555557,438.79785926771854,204.43059080121435
92.30000000000001,206.7664966437789,827.2596638805128,89.82487179288906,403.4927924031222,253.3860848854048,1026.5496585708079,14.238218088882569,3.54645224728435,13.791587,11.501111111111111,439.60630680701286,204.6701932169816
92.4,206.95467391434354,828.3951226872176,89.79570235849062,403.8496269169837,253.72778779094173,1027.8859164670976,14.449925994183396,3.6178319517736193,13.793572,11.47611111111111,440.41469389067714,204.9007100637765
92.5,207.14285118490824,829.5083175955036,89.76304003775344,404.201630639825,254.07415139529633,1029.2048762437691,14.983922659245293,3.454155742829866,13.48032,11.333888888888888,441.20720532892176,205.13717965156323
92.59900000000002,207.32430783864834,830.6437764006267,89.74895371584171,404.5366096619374,254.41976840207113,1030.4903772021833,15.113534306870836,3.3218893423073315,13.411643,11.45611111111111,442.03086028373247,205.3208373682944
92.70000000000002,207.5124851092279,831.7569713089126,89.75333377613674,404.8662960678139,254.76980437118064,1031.7931639371154,14.964232964615647,3.209404026096518,13.301085,11.32,442.83503286268024,205.54253230174425
92.80100000000002,207.7006623797926,832.8812981656173,89.7714043134722,405.1866756962814,255.12130485660066,1033.1143444409588,14.834896336731791,3.14568279012253,13.771002,11.355,443.6552715760972,205.7716942478151
92.9,207.88211903354764,833.9833611246939,89.79501897404673,405.4953008913136,255.45974202201546,1034.4124344947033,14.383382675856945,3.1074327674625173,13.329882,11.27111111111111,444.46212545393286,205.998649658665
93.0,208.07701692090697,835.0965560329801,89.82051085047532,405.80054397290587,255.78810035830318,1035.7025343976009,14.175971954019598,3.018718088344258,13.294789,11.208888888888888,445.28605098146676,206.20161502373566
93.1,208.25175295785243,836.1986189912658,89.84577184945223,406.096916016048,256.110272353371,1036.9760208054822,14.218657309756843,2.930224964755811,12.977345,11.21111111111111,446.1025120579633,206.40252653007556
93.19900000000001,208.41976837795838,837.3118138995517,89.87187448859183,406.3823027061046,256.4222538698439,1038.1958029631924,14.480433131985237,2.8594208483625048,12.458027,11.25,446.93830308335373,206.53962253165756
93.30000000000001,208.6012250317433,838.4138768586283,89.90133482402783,406.6738462076721,256.74386953016796,1039.4268626097974,14.798711187180405,2.943122047637862,12.737664,11.19,447.760112115642,206.69768905312264
93.4,208.76924045187914,839.515939816914,89.9303847688705,406.9673553582645,257.0714376885712,1040.665875225375,14.81905118890755,2.9557741299719558,12.893982,11.19888888888889,448.576583803957,206.86807093585105
93.499,208.95069710563416,840.6180027759908,89.95979924846084,407.25557398312856,257.3988673833759,1041.9031700530543,14.826141541622292,2.8971866213678563,12.962305,11.09388888888889,449.40163379999507,207.03367786187945
93.6,209.1321537593892,841.6978018366485,89.99304352054146,407.5491630706594,257.7357240749359,1043.1718740275198,14.912944647584611,2.953672524623837,13.031014,11.00611111111111,450.1990316858374,207.25373051549812
93.70000000000002,209.32033102995388,842.7776008980974,90.02600943442766,407.84443936045545,258.07156692524387,1044.4341640935497,14.884869715623195,2.98865343745897,13.093049,10.98111111111111,450.99666314737334,207.46578629046206
93.80000000000001,209.4950670668993,843.8685319071736,90.05596666577794,408.1400458742579,258.4105409150097,1045.7117496777203,14.83473590854925,2.9538101886731756,13.34275,10.99,451.8019613117743,207.68584001263417
93.9,209.66980310384474,844.9483309686225,90.07902307417747,408.43738289269095,258.75607060212326,1047.0103120249512,14.965083806941506,3.0118840904091377,13.5322,10.915,452.5966885188764,207.93870694346612
94.0,209.8512597575998,846.0392619776989,90.09334033919777,408.7422784797705,259.10751592963464,1048.3161661447887,15.1613218517738,3.0931352895251947,13.5142355,11.024999999999999,453.39895350542207,208.18771513109786
94.1,210.03271641135484,847.1190610383566,90.10343050177072,409.05614444172795,259.460638554451,1049.619285175883,15.162754246261628,3.18746766769834,13.488096,10.956111111111111,454.18295049013847,208.44534118836154
94.20000000000002,210.20073183149066,848.187728150596,90.11445118267113,409.3800920077408,259.81044539553056,1050.907490678502,15.222055378057682,3.2953238813864427,13.20901,10.834999999999999,454.9426956632532,208.70176280826357
94.30000000000001,210.38890910205535,849.2452633128349,90.13010468105568,409.71193374494993,260.16111883341995,1052.1885798928788,15.394229195494486,3.349094141381853,13.355368,10.811111111111112,455.68819146626925,208.95756173455618
94.4,210.56364513901568,850.3027984750739,90.14568056781776,410.0513550781718,260.5179397297818,1053.4739911679167,15.634584990551852,3.4467463058512213,13.325046,10.73,456.4228517553936,209.2222863088282
94.501,210.7451017927558,851.3714655865224,90.16121824338626,410.4010599163657,260.88646330127204,1054.7882185643284,15.692743071546607,3.485117868562726,13.7030525,10.736944444444443,457.1601159864567,209.50544509859756
94.6,210.91983782970127,852.4290007495523,90.18462592713094,410.7474632200198,261.252122685644,1056.102427968285,15.405725593653802,3.5297544881191696,13.855234,10.745000000000001,457.8859814272658,209.80039049974178
94.701,211.1080151002659,853.4865359110004,90.22231694079748,411.10753672086196,261.63129479693845,1057.4701627355807,15.581357211384228,3.640932887456865,14.25015,10.77,458.5984419336492,210.14738114908278
94.80000000000001,211.27603052040172,854.5440710740303,90.26970392811631,411.46809830224555,262.04144934449323,1058.91051991284,16.17382708422834,3.7059002270927306,16.005135,10.700000000000001,459.30256772961997,210.57723798970125
94.9,211.4574871741568,855.590474287851,90.32039683171554,411.8369673884511,262.49104032834106,1060.4602707323152,16.181562014462603,3.7408219344056084,16.267824,10.65,459.99061897189654,211.13042661524926
95.0,211.63894382791182,856.64800945009,90.3770086783087,412.21457744724086,262.9718379602197,1062.1658173580047,15.371399692147666,3.8963148956253937,19.17346,10.703055555555554,460.67942476092594,211.83162036691613
95.1,211.82712109847648,857.6944126639105,90.4405515855829,412.6081375705949,263.4927714933519,1064.0722662075723,15.199512353608428,4.076822198169723,20.35338,10.638055555555555,461.34205480809044,212.74669883223712
95.20000000000002,212.00857775223156,858.7519478261495,90.51225740553845,413.0110833405686,264.04812046705445,1066.0606971279235,15.998215520020977,4.109786914253883,20.938154,10.713055555555556,462.00246117324883,213.7405706529148
95.30000000000001,212.19675502278128,859.7983510399699,90.59314930089324,413.41635984398226,264.5768692518681,1067.8825930330954,16.412177527002974,4.155713599106282,17.00352,10.698055555555557,462.6492396931602,214.57569324717514
95.4,212.37821167655127,860.8558862022089,90.68074632101329,413.820537527217,265.0651791986385,1069.543826945666,16.34972512733372,4.116090074843062,17.62679,10.708888888888888,463.30430177037414,215.23608702635846
95.5,212.5731095639106,861.9134213644479,90.78464697752132,414.21211343266623,265.5651641563381,1071.2444141529734,16.417334147159153,3.9912702873571106,17.82449,10.726111111111111,463.97078651891906,215.9343011004887
95.6,212.75456621766565,862.9598245782686,90.90901478787005,414.58734857371905,266.09314508857796,1072.9868445225018,17.27963562883099,3.917535670062868,18.589876,10.711111111111112,464.633420711082,216.69414644291584
95.70000000000002,212.949464105025,864.0284916905078,91.05574012923503,414.94660835762755,266.6645712232172,1074.7715854710418,18.22014584953845,3.850647445718257,18.89113,10.758055555555556,465.3306543550433,217.4809516001569
95.80000000000001,213.13764137558965,865.1082907503749,91.22216900444693,415.2971409576468,267.2710745197309,1076.609055491648,18.311246138964247,3.910730907911394,19.808455,10.89388888888889,466.04018376244653,218.31857930582672
95.9,213.33253926294898,866.1658259134048,91.39509373358837,415.6557214553336,267.9191655553449,1078.5953061115397,17.85431229734744,4.051436233395873,21.978064,10.863888888888889,466.72057469223273,219.33076352220974
96.0,213.52071653351368,867.2456249740626,91.56642370878416,416.02566300527116,268.59431548515005,1080.718312220552,17.434334233516573,4.102675674490373,22.57774,10.908055555555555,467.41020914984034,220.4624446515169
96.1,213.7088938040634,868.3365559839299,91.73231591502714,416.40201750685344,269.2950800653511,1082.9514865392127,17.409983527223513,4.1235949096290145,24.233109,11.005,468.10587757686636,221.69662270842886
96.20000000000002,213.90379169143768,869.4163550445876,91.90120466386325,416.7821576318256,270.0176597606935,1085.2658873808855,17.267889994031037,4.196425811017783,24.258465,11.0,468.7881695488017,223.02418433769097
96.30000000000001,214.0919689619874,870.4961541052455,92.08559756195213,417.1630678213163,270.72299295229163,1087.5602303080311,16.905494188610813,4.269185750069342,23.748043,11.023055555555555,469.4639941272555,224.3298599294332
96.4,214.28686684936167,871.6204809619501,92.28532691592008,417.5468154368682,271.4106971398196,1089.8245730808667,16.882575876805582,4.383418185188146,23.581379,11.31,470.1779125708853,225.55743792766773
96.5,214.48848535351573,872.7225439210267,92.48510271558851,417.9437645276271,272.08513844117095,1092.049553081802,16.843328267839123,4.50647392013811,22.917686,11.208888888888888,470.8593883121021,226.76355834725854
96.6,214.6901038576996,873.8357388285218,92.68508263442557,418.34938889981635,272.73359189607015,1094.207996492764,16.595810500342623,4.5391999090875785,22.157333,11.245,471.5432537690118,227.88808317175267
96.70000000000002,214.88500174505893,874.9489337368079,92.90613798057647,418.7548047877349,273.3535896858094,1096.285861244363,16.6333392359237,4.699528135448992,21.210487,11.34611111111111,472.22020974634034,228.9292712919648
96.80000000000001,215.0866202492279,876.0509966958846,93.15603251494709,419.15898073629245,273.9440986802516,1098.2711332908525,16.492964576116655,4.8078708719834315,20.214203,11.235,472.88199635093673,229.88256105138692
96.9,215.27479751979257,877.1864555017985,93.42879221328764,419.55371222727706,274.47574968437664,1100.077349595576,16.2955806156941,4.790891422987292,17.442566,11.403055555555556,473.5759461016964,230.61895717203492
97.0,215.48313664077114,878.3107823585029,93.71066451061685,419.93930950516625,274.9406139471976,1101.675892417829,16.12569862943782,4.761889063062564,15.852743,11.489999999999998,474.2709585188897,231.14316775422765
97.1,215.6847551449401,879.446241164417,93.99689601317218,420.3230603334635,275.36988628532407,1103.151200916713,16.327666252221423,4.8131560739157635,14.877159,11.475,474.97582068606965,231.53017923592853
97.20000000000002,215.89309426591865,880.5928319195402,94.28062442187084,420.71384292335944,275.7811172140565,1104.5455906903533,16.54080655201014,4.847111372634811,14.198198,11.608055555555556,475.68716331399867,231.82194342575653
97.30000000000001,216.087992153278,881.7282907262452,94.5432348071524,421.11829336629074,276.17576876757465,1105.8896393138234,16.181848493360697,4.80264726281271,13.817767,11.63111111111111,476.3766342992336,232.07509797272817
97.4,216.29633127425657,882.886013430578,94.77990310369695,421.53374329300664,276.54566845661316,1107.187927851586,15.6106095716153,4.76304322494463,13.181671,11.749999999999998,477.08716129908737,232.25273183289465
97.5,216.50467039523517,884.0326041857014,95.00905126160488,421.9511158543214,276.88950454340164,1108.4349283610682,15.212117425101834,4.760184880836422,12.689191,11.685,477.7870732106588,232.38487749939316
97.6,216.6995682825945,885.2014588384525,95.2473626689465,422.3641674134646,277.2230055407936,1109.669606429542,15.020463042630585,4.7778307743821875,12.889374,11.741944444444444,478.5070496680681,232.48448494581808
97.702,216.90118678676345,886.3703134919948,95.50944555088883,422.77175194816425,277.5564480385969,1110.9451409827868,14.28176001652429,4.730064883012916,12.962097,11.911944444444446,479.2281096782475,232.62182584625882
97.80000000000001,217.1028052909324,887.5503000947464,95.79498679826405,423.13791487776535,277.8569686862263,1112.1645269924884,13.39768040905936,4.759898803312078,12.66871,11.89888888888889,479.9942191009968,232.68566628551145
97.9,217.2977031783067,888.7302866967069,96.12454172554651,423.48258715764376,278.13303173998,1113.3640473313126,12.497277234011323,4.788040499991189,11.949603,11.996111111111112,480.768506646231,232.72572616290634
98.0,217.50604229928527,889.9214052486681,96.49164274056402,423.79789270079937,278.3899613466501,1114.534388684106,12.267234679266311,4.902875211247355,12.014683,12.048055555555557,481.5761765811521,232.71837900418268
98.1,217.70766080345422,891.1125237998381,96.86651376801763,424.1040645636436,278.65453036082357,1115.723781507939,12.80667444338195,4.7805973638510935,12.354847,12.108888888888888,482.38934877856116,232.7331905810986
98.20000000000002,217.90927930760827,892.3147743010085,97.21117796421625,424.4256298141361,278.93922901513105,1116.9553357963987,13.216912224695713,4.654670683970011,12.925974,12.15,483.20625326723274,232.78323958194875
98.30000000000001,218.11089781179214,893.517024801388,97.52327786365385,424.76684132637774,279.2409726659891,1118.2231259108376,13.555816760515576,4.600562848032854,13.138223,12.223888888888888,484.0125087150252,232.87275050441156
98.4,218.3192369327707,894.7192753017673,97.80948624127844,425.11922186410226,279.556104815993,1119.4986050396346,14.200394280037715,4.480674959997348,13.138839,12.211944444444445,484.81626437278635,232.97145976610977
98.5,218.52085543693968,895.9215258021469,98.10461842832181,425.46471740871857,279.8857614997237,1120.7590209704877,15.121710414608026,4.616207520517059,12.918264,12.21,485.6229799948171,233.0612600362144
98.6,218.72247394109374,897.1460402009451,98.44056893788563,425.8007752795722,280.2298620761363,1121.9932654771758,16.042167112485643,4.892691220433926,12.708836,12.311944444444444,486.450506665375,233.1082012920498
98.70000000000002,218.917371828468,898.3705545997434,98.80907022154251,426.1310835998847,280.5752515512859,1123.1941557040436,16.049615563822346,5.007152625967694,12.282613,12.353055555555555,487.27417547529296,233.12517183997738
98.80000000000001,219.12571094946148,899.5728051001229,99.18450842384455,426.4541228361534,280.91320191402554,1124.4034991197807,15.195049012384771,4.898580449515462,12.831603,12.31,488.0852175291585,233.16632478352676
98.9,219.3273294536155,900.7750556005025,99.54495545356542,426.77042679365957,281.25080332566364,1125.6631482168857,14.817756304291146,4.692787772496193,13.250644,12.221111111111112,488.90510863704503,233.2577347421028
98.999,219.51550672418017,901.9884380500913,99.88588152016418,427.07878114644006,281.59294261084034,1126.9435016035532,15.101654026989463,4.594043337645245,13.522749,12.248055555555556,489.74526995857457,233.36321189211563
99.09900000000002,219.71712522834912,903.1795566020522,100.21799615891182,427.3938643801793,281.94972010721176,1128.2568598673492,15.292735451665637,4.5632296274075,13.696401,12.111944444444445,490.56300999097033,233.52235077297232
99.19900000000001,219.91874373253302,904.3595432048039,100.53480153666911,427.71974109204,282.31491191306264,1129.5891007095224,15.365214612749682,4.529044856360431,13.93135,12.008888888888889,491.36343638117813,233.71271975950356
99.30000000000001,220.13380347030628,905.5506617559739,100.83741889537492,428.05924685786755,282.6890598498303,1130.9469563910666,15.445073470235016,4.4786578020799235,13.958948,12.14388888888889,492.16834383577077,233.91590312746476
99.4,220.3488632080795,906.7529122571444,101.11853771591518,428.3997597871736,283.05996909672615,1132.2939896177884,15.345092334984693,4.354015448156943,13.984378,12.186944444444446,492.98844712115374,234.0971174080899
99.5,220.55720232905813,907.9440308075234,101.3924770837455,428.7357828897695,283.4343543094447,1133.6435700646714,15.663370390179848,4.317365782862506,14.026669,12.098055555555554,493.8023659473437,234.2942983985174
99.6,220.7722620668463,909.1462813086939,101.67286885781758,429.06485981014407,283.8093387848618,1134.9758061610264,15.778821385898702,4.329668335456448,13.65342,12.113888888888889,494.63404323886476,234.46246466371377
99.69900000000001,220.96715995420564,910.3262679106547,101.9513325277845,429.3868448577545,284.17277939272674,1136.2772375520801,15.42713989124734,4.270253859899335,13.644211,12.058888888888887,495.44676386515243,234.62478771542345
99.80000000000001,221.18221969199382,911.5396503602434,102.23294452581439,429.71370851696565,284.532244015094,1137.5994330388592,14.98907354982417,4.273220545408832,13.488427,12.18888888888889,496.291414690725,234.76850497125966
99.9,221.38383819616277,912.719636963786,102.5121828027728,430.03838833456973,284.8746549496138,1138.903917229984,14.426142516108168,4.291620074083708,13.485398,12.04,497.10326717315405,234.92639794531033
100.0,221.59217731714133,913.9107555141651,102.79069147513364,430.3663936850529,285.2153836143898,1140.230314153989,14.38804082273197,4.314413834666473,13.903833,12.108888888888888,497.9246357582562,235.09243927116609
100.1,221.8072370549146,915.0684782177069,103.05493791198346,430.7059314187366,285.5529272712997,1141.5476246935173,14.355382228409514,4.296585290031742,13.293541,11.803888888888888,498.70751477526073,235.27923157298628
100.20000000000002,222.0155761758932,916.2707287188772,103.2884733864755,431.0602817920902,285.87960580948067,1142.8416013474784,13.983819098267091,4.198430322200181,13.398129,12.071111111111112,499.52507719198775,235.399606211917
100.299,222.24407714728565,917.4507153216289,103.48591544325816,431.42479869653806,286.19325892747133,1144.0874372376343,14.288420650892458,4.184686334796525,12.555743,12.03611111111111,500.3245872456996,235.48609634368648
100.40100000000001,222.4389750346599,918.6195699751711,103.67432690203448,431.8106388125976,286.50418579741796,1145.303871456319,14.389816991896764,4.234649799695186,12.062753,11.860000000000001,501.086795980211,235.56341772030856
100.5,222.6741966228471,919.7772926795038,103.86571297672843,432.1871258908767,286.80153504367786,1146.4650299142381,14.337631995916254,4.298267549652099,12.151927,11.815,501.8561811268755,235.58362792338457
100.6,222.85565327660214,920.946147333046,104.06670614257334,432.57026184593946,287.10549311246086,1147.6483509581321,14.473709472259817,4.354859209365377,12.282813,11.798888888888891,502.61498135901854,235.6309212463498
100.70000000000002,223.07071301439032,922.1038700365879,104.2733126694206,432.95112431074745,287.41188869791625,1148.8454503836394,14.240802128539084,4.311927431069528,12.431002,11.798888888888891,503.3718615296764,235.69372318035286
100.80000000000001,223.28577275217853,923.2504607925023,104.49028214445838,433.3230858555972,287.7169454077635,1150.053835389805,14.09613028526856,4.301556511425014,12.49494,11.668055555555556,504.1241923388479,235.7777486076628
100.9,223.50755310676138,924.408183496835,104.71945442941,433.6859138224489,288.0220418877562,1151.2650035715697,14.181500996743047,4.28286784843384,12.485157,11.783055555555555,504.8949973427753,235.85193676773915
101.0,223.72933346134425,925.5547742511674,104.95423091558791,434.0494899135068,288.3308924132578,1152.4922273123561,14.072066057873066,4.373288820360571,12.824669,11.648055555555555,505.65301296106156,235.95331958020174
101.1,223.95111381592713,926.7236289047095,105.18733575095978,434.42912850256687,288.6373734929395,1153.7323684297214,13.689616729623262,4.537378620460699,12.72449,11.863888888888889,506.41752547326007,236.04508046501752
101.20000000000002,224.17961478733451,927.8590877106234,105.41614351542725,434.8236800743414,288.9351674544066,1154.9616781307395,13.54408544966,4.585177790392947,12.572831,11.648055555555555,507.13772812878744,236.15433126823012
101.30000000000001,224.408115758727,928.9945465165374,105.64115715125074,435.22117892347507,289.2294485060972,1156.1856058971662,13.495097558176319,4.5501777182691985,12.603354,11.646944444444445,507.8560120753356,236.25744991774897
101.4,224.62317549650027,930.1634011700796,105.8612235165691,435.6125033089011,289.52275330810687,1157.4099110758814,13.44954741346342,4.429074361020737,12.575614,11.785,508.61084515902854,236.3322480418033
101.5,224.84495585109806,931.2877280267841,106.07545209534831,435.99929938185016,289.81237321288967,1158.6298435947622,13.260184862172695,4.414140539879294,12.501223,11.545,509.32977781782483,236.44281090696148
101.6,225.06001558887132,932.4343187826985,106.30144335959073,436.38051292049954,290.09746826193566,1159.8524691263133,12.992613571846615,4.453570555899737,12.607349,11.568888888888889,510.07154085315267,236.53516727098335
101.69900000000001,225.2817959434542,933.5809095378219,106.54896818107665,436.7457945604811,290.37288280190313,1161.0412265457524,13.098401634350614,4.464276817649547,12.044071,11.616111111111111,510.8254260146002,236.5904592365516
101.799,225.50357629803707,934.7275002929453,106.8173263463117,437.10040073608377,290.6485062805746,1162.2081397668103,13.482569835985808,4.432228832487242,11.936512,11.693055555555555,511.58494518601503,236.62481534671778
101.899,225.71863603584018,935.8740910480685,107.09148875510286,437.44635792469825,290.9244741201611,1163.3540673772386,13.599739705090055,4.3961719721593955,11.637285,11.67388888888889,512.3500807245641,236.64095366398112
101.999,225.9135339231995,936.9984179055641,107.35703774517573,437.7919075273384,291.1984037428186,1164.477257700934,13.813739441571405,4.320650010580376,11.484986,11.508888888888889,513.0913980861649,236.66165042526882
102.09900000000002,226.1218730441781,938.1784045075245,107.60845299205552,438.13592006179607,291.47111138138996,1165.5802334425102,13.963281426100584,4.201632780236921,11.238809,11.771944444444443,513.8948501231623,236.60539882730956
102.20000000000002,226.37725648279408,939.3249952626479,107.8569433184424,438.4795969395226,291.7439734881024,1166.6847065055047,13.791411276295193,4.19651400605938,11.289522,11.71888888888889,514.6777415568174,236.5697486757072
102.30000000000001,226.6259193045856,940.460454069353,108.10416005272943,438.81631900725523,292.01326042772115,1167.7767736134094,13.91287832886292,4.15809122167893,11.206055,11.633055555555554,515.4553769807384,236.533747085292
102.4,226.82753780878437,941.6181767728948,108.3553079410066,439.1481063318919,292.28644030065794,1168.8767548421617,13.980773827585919,4.165023370093961,11.461864,11.738888888888889,516.2478483624218,236.4980533144104
102.5,227.0224356961437,942.7536355788086,108.6198383692915,439.47516007865823,292.56550172085633,1169.990047517193,14.16297440643751,4.249415558615399,11.4928665,11.598055555555556,517.0187607384283,236.50006430136756
102.6,227.21733358348817,943.9002263339321,108.88873204809083,439.8045699774237,292.8511795609799,1171.1081406722021,14.501019505564676,4.255962961473314,11.587478,11.638055555555555,517.7973432713052,236.49786061557464
102.70000000000002,227.39206962044852,945.0468170890555,109.14759204010038,440.15005515793507,293.140304332173,1172.2290230077087,14.426534992197652,4.381155363631183,11.563945,11.581944444444444,518.5580938398126,236.50493663721565
102.80000000000001,227.56680565739396,946.1934078441788,109.39537646131865,440.51211334018166,293.4252996923306,1173.3461848334687,14.195346521862378,4.394652894380591,11.494922,11.61111111111111,519.3053613140165,236.50734730763836
102.9,227.74826231116396,947.339998600093,109.63603548645982,440.8696694620939,293.70701948168943,1174.4540700378768,14.339731886235338,4.225755511344753,11.367954,11.616111111111111,520.060277681966,236.4981164671869
103.0,227.92299834809444,948.475457406007,109.88252725930677,441.2121968448422,293.9928130403107,1175.5706397890133,14.37382287504562,4.216283322905027,11.683346,11.508055555555556,520.8162519833718,236.51097707090616
103.09900000000002,228.09101376824518,949.610916211921,110.14107478241495,441.5383178307381,294.27679197109234,1176.687198328437,14.16479927701493,4.193821996434975,11.591551,11.501944444444444,521.5840807890592,236.52525263949315
103.20000000000002,228.24558795476182,950.7463750178349,110.40428127396112,441.86483739169455,294.5618327179855,1177.8289740863195,13.871115435175751,4.1121902056622925,11.711848,11.478888888888887,522.3475786265151,236.56785732468794
103.30000000000001,228.4001621412933,951.8929657729583,110.643808229955,442.2001811487825,294.8371484912586,1178.9741830715066,13.168382699447836,4.136893054455945,11.845355,11.525,523.118814022626,236.60040660374185
103.4,228.54129509422054,953.0395565280817,110.8563320395919,442.555795552983,295.09754858990436,1180.116140977125,12.515210812998735,4.155446198511485,11.580448,11.508055555555556,523.8734778059021,236.62947847727096
103.5,228.69586928075205,954.1638833855772,111.0395831789252,442.9256945720159,295.3439830973392,1181.2432885824912,12.149090781910159,4.1068006392545495,11.495126,11.381944444444445,524.6022182193337,236.65803882372776
103.6,228.83028161686966,955.2882102414907,111.19267109557602,443.302397541591,295.59181009035353,1182.3901617741988,12.23618036677004,4.030716216145843,11.971763,11.365,525.3266410673804,236.711634851522
103.70000000000002,228.97813518659157,956.4459329466143,111.31527672851573,443.6857505337746,295.8438433013139,1183.5513761374507,12.255374452906926,4.025622753003302,11.79325,11.594999999999999,526.0870203004195,236.74438799808843
103.799,229.09238567229528,957.5591278549005,111.42531178638303,444.0656716056272,296.098336438196,1184.7268239787556,12.179649485913469,3.965683329999268,12.503365,11.31888888888889,526.8026859154166,236.84374511534503
103.9,229.2469598588119,958.6834547116049,111.54329058640086,444.44198138523825,296.37475741393524,1185.981892554365,12.65359444446773,3.8439242867340155,12.945331,11.248055555555556,527.539995307523,237.00363088012114
104.0,229.3880928117391,959.8300454667284,111.66598378992336,444.7993068615149,296.6573332659628,1187.2402835514818,12.658464585726342,3.713426066691799,12.849219,11.495,528.3135022510555,237.15093737333692
104.1,229.50906391423752,960.932108425805,111.80893676609325,445.1387435322865,296.9356352486837,1188.4890737367255,12.46766963994779,3.661784981735064,12.739321,11.20111111111111,529.0520911960066,237.33629091109222
104.20000000000002,229.6501968671498,962.045303334091,111.98450317936485,445.4624046925231,297.2012633077507,1189.7141573699714,11.992114669989098,3.711071323972229,12.3319,11.203888888888889,529.8142189861952,237.4789541733614
104.299,229.78460920326742,963.1696301900047,112.19516524072512,445.76945164777504,297.4476707540439,1190.8927100378226,11.620863801845145,3.8230524687709235,11.99219,11.25611111111111,530.5942160323189,237.56281483809664
104.4,229.91902153938506,964.2716931490813,112.42220928794838,446.07905852617415,297.6934574561426,1192.0667235959554,12.032021180419996,3.7816756340462794,11.759767,11.136944444444445,531.3465041445922,237.66352277984723
104.5,230.06015449229736,965.3737561081579,112.62875128912842,446.39392368810337,297.93260182671236,1193.1985074662114,11.826615810865608,3.752713680276558,11.375739,11.13,532.0998035303273,237.71997484124435
104.6,230.19456682841493,966.486951015653,112.82058266376058,446.71521914021923,298.1637225812607,1194.3340872188394,11.193210968348518,3.7320768693501902,11.801829,11.193888888888889,532.8595550569327,237.7690551979967
104.70000000000002,230.3222585477379,967.5890139747298,112.99601339780331,447.0454121025098,298.3941655949738,1195.5106938918827,10.972908696120667,3.750921325278365,12.177433,11.113888888888889,533.6019951715763,237.86987347141005
104.80000000000001,230.47011211744487,968.679944984597,113.14946010754976,447.3893865984687,298.62617231268865,1196.7237164799067,10.686716277452838,3.7860020201591964,12.522854,10.998055555555556,534.3294691953162,238.01094567087182
104.9,230.6045244535774,969.7597440452547,113.28007419458908,447.73906419628145,298.85132719655036,1197.9606318566416,9.94931959511951,3.6829393215345267,12.622482,10.955,535.0426308422144,238.18747087649984
105.0,230.73221617287052,970.850675055122,113.39856101432997,448.08670630798645,299.0666572610863,1199.231203417845,9.301590807724152,3.662660227271015,13.151708,10.926944444444445,535.7698700497439,238.3846924072001
105.1,230.86662850898807,971.9416060649893,113.50648307185996,448.4410174390566,299.28394888998605,1200.5518280057972,9.384096730222986,3.7493273349642804,13.615929,10.951944444444445,536.4944268384545,238.6285048017977
105.20000000000002,230.99432022829612,973.0214051256471,113.5874714397432,448.80408591545523,299.50324427631955,1201.8602126965043,9.652527457241838,3.697299334571368,12.916848,10.98388888888889,537.2040263274079,238.87375855181256
105.30000000000001,231.14889441482762,974.1234680847238,113.6599394193231,449.16553362959445,299.7132833061325,1203.1307981825948,9.119103749975071,3.6772167953205526,12.8400135,10.963888888888889,537.944688135622,239.05110889220612
105.4,231.2967479845495,975.1921351961722,113.75208659151122,449.5302536501102,299.9037804001465,1204.3956475472803,8.006419711831075,3.849227154983665,12.743476,10.86111111111111,538.6438165732064,239.25127997768232
105.5,231.44460155428638,976.2830662060395,113.86168961729302,449.9036835301386,300.07595300441716,1205.6601171819825,7.501930373218414,3.934891706008052,12.779521,10.933055555555557,539.3523854455872,239.42450567202124
105.6,231.59245512400832,977.3406013682785,113.97521321539598,450.27805132155925,300.2472853345874,1206.9262478513883,7.911022238941799,3.8891603292651236,12.77405,10.786944444444444,540.0266171735792,239.63108058495027
105.70000000000002,231.7134262265067,978.4092684797268,114.08872729935557,450.64758142274206,300.4242290707257,1208.2095380166925,7.79184701755456,3.8424049927671415,13.134594,10.741944444444444,540.7106140283707,239.8527429627587
105.80000000000001,231.85455917938916,979.4668036427569,114.20460285464483,451.01780010098435,300.5967520216099,1209.5213933402213,7.196543868413669,3.9161783586068006,13.328783,10.68,541.3869794957269,240.10540043411302
105.9,232.0091333659505,980.5243388042047,114.31767998164736,451.3965168318046,300.7627029397042,1210.8502202180164,7.041272305933225,3.989207983892181,13.454226,10.656944444444445,542.0586040134089,240.36860231357633
106.0,232.15698693567242,981.5818739672349,114.4220092982747,451.7828540081638,300.9323704671178,1212.1916947759275,7.373874306006648,4.015080051663858,13.589121,10.598055555555556,542.723250385379,240.6469256676984
106.1,232.29139927179003,982.6282771810554,114.51942901132941,452.17652546945214,301.1099837883997,1213.5558414765162,7.461536848661659,4.096064047091663,13.924104,10.598888888888888,543.368473388859,240.96376807790818
106.20000000000002,232.43925284151194,983.6635484456665,114.62190618913701,452.5772681939601,301.28770572637325,1214.9602914509974,6.970512018234432,4.177608177476459,14.389155,10.456111111111111,543.9977612488859,241.3261129457669
106.30000000000001,232.5803857944392,984.7099516586961,114.74098339563108,452.98216511145705,301.45844048840223,1216.3668121677026,6.870244404086543,4.265081318311969,13.947763,10.528055555555556,544.6288311723264,241.6797207862378
106.4,232.7349599809707,985.7452229233073,114.87434364666773,453.389523929238,301.63092580516457,1217.7925205712982,6.924675394623969,4.307986687734331,14.774326,10.488888888888889,545.2464719135429,242.0590887626072
106.5,232.87609293389792,986.7582302894996,115.00180991406064,453.8031356022024,301.8061124471284,1219.2623451038517,6.669709175790767,4.351325750545144,14.830304,10.316944444444443,545.8346631999351,242.50672360926356
106.6,233.03066712041453,987.7935015541107,115.10574920230468,454.23397696723026,301.97671656760747,1220.7468866869165,6.443390846714104,4.518033936213933,15.056002,10.455000000000002,546.4357716542455,242.94204530959254
106.70000000000002,233.18524130691625,988.8287728179308,115.18552587863098,454.68687413441717,302.1418067057736,1222.22409878733,6.308459285960764,4.682927163556285,14.67219,10.455000000000002,547.0205670451388,243.36882728888872
106.80000000000001,233.3599773438915,989.8529121341235,115.25204324493042,455.1514380278409,302.3014495900958,1223.6539569826218,6.435369437582235,4.703216009811867,14.10268,10.33,547.5903126503939,243.7536772393879
106.90100000000001,233.52799276404227,990.8881833979437,115.32645126225292,455.61866442377357,302.46177116791154,1225.0657238531262,6.522461887231095,4.66736343652285,14.03279,10.415,548.1651779858319,244.11265075508146
107.0,233.7094494177973,991.923454662555,115.41973317967486,456.07584482483475,302.61519981965165,1226.4332409228714,6.278270139735339,4.761278466879962,13.767215,10.493888888888888,548.7486837674358,244.42348964512792
107.1,233.90434730515665,992.9475939779566,115.53127742224895,456.5423413953002,302.76923100995765,1227.8549754516591,6.095210124191051,4.832249989903907,14.833903,10.52111111111111,549.3111856423162,244.79348455076862
107.20000000000002,234.0925245757213,993.9717332925673,115.6464321757094,457.0095333274294,302.9315084658754,1229.3221802552287,6.5297986117978795,4.791319910041238,14.689343,10.333888888888888,549.870785727186,245.21141610568094
107.30100000000002,234.30086369669988,995.0070045579695,115.76686109511162,457.4798926835249,303.113088012187,1230.795435515031,7.522247456633726,4.82398497719832,14.705877,10.536111111111111,550.4413736019804,245.6243196192874
107.4,234.50920281766352,996.0311438725802,115.89798977154149,457.9453450124682,303.3096389083997,1232.2610401475642,7.750840428157046,4.945693509432475,15.167425,10.514999999999999,551.0035814722055,246.04484123908227
107.501,234.71082132183247,997.0664151371914,116.04566245280827,458.4245139895372,303.51040063452734,1233.7723514954882,7.381059196757567,4.984097033117245,15.022585,10.495,551.5582631067819,246.50168847466722
107.601,234.9326016764303,998.1016864010114,116.2079941202469,458.8950932337604,303.70270656547075,1235.2480605399899,7.469008218310144,4.97366896380366,14.741152,10.598055555555556,552.1225249475003,246.91644354662563
107.70000000000002,235.15438203101317,999.1369576656225,116.38540687809939,459.35824260059013,303.88379858025314,1236.6366167828971,7.388461811470638,5.046807094783537,13.548052,10.558055555555555,552.6908093103511,247.24445550915917
107.80000000000001,235.36944176878637,1000.1833608794431,116.57996907116215,459.8278342219449,304.0515285054151,1237.9663692423342,6.985386002596126,5.120112750778286,13.257896,10.62611111111111,553.2585598190793,247.5035112975259
107.9,235.6113839737981,1001.2297640932636,116.78240652738184,460.29828996997196,304.2073293302371,1239.268725848012,6.65478935480566,5.123120973269651,12.975067,10.785,553.8295636548831,247.7255558730713
107.999,235.85332617880982,1002.2761673062932,116.97912833756462,460.7611098003171,304.35007222751864,1240.5223875490485,6.330902042796191,5.036464080058018,12.515175,10.716944444444445,554.4092643689318,247.8972885677065
108.09900000000002,236.0952683838066,1003.3225705193229,117.17142447284934,461.22792090091014,304.48439509007784,1241.7654798393426,6.003170183981285,5.061061392470859,12.491495,10.728055555555557,554.986026666859,248.0566339702318
108.201,236.3372105888034,1004.3801056823527,117.36729504670036,461.71493682607814,304.6154916423153,1243.047551016453,5.677357733780221,5.23167645482012,12.778338,10.843888888888888,555.5531714371758,248.24196487686802
108.30000000000001,236.57915279381513,1005.4265088961735,117.55656071244228,462.2005900112186,304.74140089818883,1244.3060591635635,5.749112103253443,5.298605351450978,12.772997,10.746944444444445,556.1121976491546,248.41403262012543
108.4,236.82109499882677,1006.4951760076218,117.72910427569617,462.70240644517105,304.8717755092083,1245.5731157460211,6.001213533110991,5.319810786392053,12.701993,10.928055555555556,556.6807689176975,248.57424723306258
108.5,237.05631658702887,1007.5749750674886,117.8767785565345,463.2176897634278,304.99962468098045,1246.8306589163778,5.6070185700610065,5.402893265102277,12.578665,10.935,557.250945579071,248.7158526687619
108.6,237.28481755842134,1008.6547741281464,117.99637958914812,463.7466392162094,305.1222660051919,1248.1176559067708,5.288454035968287,5.450427686599041,13.277979,11.051944444444445,557.8123402420879,248.88630167506543
108.69900000000001,237.52003914662345,1009.7345731888043,118.07930083756077,464.28363505195347,305.2388673837325,1249.3720978004997,5.334399521559836,5.532338626318572,12.173525,11.036944444444444,558.375156934999,249.0220530391394
108.80000000000001,237.73509888439673,1010.8143722502531,118.13731224528351,464.8483788164465,305.3535955991914,1250.5803145929353,5.516686044080705,5.7114383546166,11.859212,11.048055555555557,558.9118862174414,249.11838190997292
108.9,237.96359985580415,1011.9164352085388,118.17165784206719,465.42289069272846,305.46970878106947,1251.7542689440616,5.781965503226261,5.802748354606309,11.734504,11.15611111111111,559.4687690737316,249.1571015106293
109.0,238.15849774316348,1013.0296301168248,118.20325703201264,465.9984578238226,305.5927230493885,1252.9216562469805,6.24863962736029,5.7281204620847825,11.742706,11.253055555555557,560.0288949994691,249.18980505526713
109.1,238.36683686412712,1014.1316930759016,118.25627359528758,466.5674877995668,305.72311033879345,1254.0919182902496,6.465790631714859,5.703718681130002,11.807403,11.236944444444445,560.5828273401372,249.23438218134086
109.20000000000002,238.56845536831102,1015.2226240849777,118.32661157186193,467.13198881944345,305.85219911456716,1255.2722615718596,6.0194565093078465,5.674506990434622,11.940402,11.180000000000001,561.1251602497847,249.30088373308124
109.30000000000001,238.7566326388757,1016.3469509424733,118.40963428702625,467.69014148030004,305.9791474337005,1256.4795440450425,5.9865114360878255,5.6120646638945635,12.33837,11.31888888888889,561.7007162017078,249.3642491727804
109.4,238.92464805902642,1017.4824097483872,118.50037568707735,468.24256048219047,306.10741658690296,1257.7262665016751,5.76534972716734,5.584463903348853,12.727748,11.438055555555556,562.2867750519017,249.4606884756886
109.5,239.10610471276652,1018.5733407582545,118.58761490835559,468.7927261539832,306.22998014863555,1258.999812559274,5.231639541003009,5.556830530346889,12.861132,11.203055555555556,562.8351717682417,249.62071828319156
109.6,239.25395828247355,1019.7087995633774,118.6626381225412,469.3397850754755,306.3483083872696,1260.2813100098942,5.31930208365802,5.487484338070511,12.877852,11.403055555555556,563.4255217917447,249.7534476208975
109.70000000000002,239.40181185219546,1020.8553903192918,118.71700511012487,469.8859045947862,306.4711850828632,1261.5608086911018,5.652477041526669,5.492461779643251,12.829964,11.485,564.0320884292818,249.87476715167276
109.799,239.53622418832796,1021.9908491252058,118.75492440308466,470.4236109814573,306.599756944459,1262.8181802083463,6.02628043664793,5.3973329715224025,12.70407,11.506944444444443,564.6366447294538,249.99064146955828
109.899,239.663915907636,1023.1485718303294,118.81527387447207,470.95274135847956,306.73741855579743,1264.0704569011957,6.524467239514153,5.265729738921653,12.492578,11.506944444444443,565.265096633213,250.08440467888565
109.999,239.7983282437387,1024.2951625846617,118.92333122840948,471.46445634931126,306.88390174967543,1265.3387214255074,6.649658517750231,5.205869582732802,13.041354,11.555,565.8909388390418,250.2048589282004
110.1,239.93274057985624,1025.4417533397852,119.05710872101892,471.9690190578964,307.0339028911069,1266.6070057401485,6.846701568284695,5.130759166058562,12.248265,11.561944444444446,566.5183015320366,250.32627698436235
110.19900000000001,240.05371168235467,1026.6106079941183,119.169456045323,472.46613549726686,307.18138375601814,1267.82071359261,7.008361610180886,5.173720155811831,12.451465,11.651111111111112,567.1764272779088,250.3765951539098
110.299,240.1814034016627,1027.7794626468694,119.26948538841643,472.9721441883172,307.33082140362654,1269.0652492227048,6.6877917238052085,5.143208342422073,12.618141,11.721944444444444,567.8299503661385,250.45533562198676
110.4,240.30909512097068,1028.9483173004116,119.39535850554293,473.4731398821177,307.4698994587742,1270.3358408419228,5.808186916720377,5.093161510020711,12.693112,11.798055555555555,568.4828972187204,250.5564011571134
110.5,240.43006622348398,1030.1171719531628,119.5531558770793,473.95571719348834,307.58799388626585,1271.590016260525,4.943593603868014,5.066438652189938,12.502067,11.713888888888889,569.1456678349491,250.63782991768633
110.6,240.56447855958666,1031.2971585559146,119.71952279517724,474.42713567993445,307.69447937894057,1272.842293621044,4.778008801075216,4.932223056869807,12.633892,11.82,569.8313133828262,250.69999857127658
110.70000000000002,240.6988908957192,1032.4660132094568,119.8706553744397,474.89398580223315,307.80214937286456,1274.1120684081382,4.914372756316383,4.883311958280108,12.8527565,11.793055555555554,570.513828269033,250.79007813574827
110.80000000000001,240.8265826150123,1033.634867862208,120.00885834583733,475.3657012912094,307.9134670196008,1275.406524815614,4.91580515080421,4.948128219699386,13.131924,11.698055555555555,571.1929488723225,250.90672403327497
110.899,240.96771556795443,1034.8037225157502,120.12606208931594,475.8426986801638,308.02109826523315,1276.7034199928362,4.572915693519229,4.9803370637358695,13.158169,11.721111111111112,571.8742268915241,251.02115403020008
110.999,241.10212790404222,1035.9725771692924,120.21288383229289,476.33127047959994,308.12641342225476,1278.0273372971237,4.523927802035546,4.949242582206682,13.403824,11.745,572.5492131560269,251.16281920254204
111.09900000000002,241.24998147377906,1037.1414318228344,120.26724174783412,476.81857158096034,308.22556363440276,1279.3304342970052,4.1692669268494855,4.862588043347192,12.733574,11.773888888888889,573.2351446145207,251.27921029243223
111.20000000000002,241.39783504350098,1038.3102864755858,120.31947601410923,477.2991067551092,308.31509473726794,1280.6033996525896,3.874715053950683,4.713616685121532,12.536014,11.751111111111111,573.9281425375576,251.3640235553358
111.30000000000001,241.54568861322292,1039.4680091799185,120.39376632315364,477.76158846098343,308.40455037830236,1281.8757869295052,4.163485782696601,4.656395802547646,12.9746275,11.746944444444445,574.6232603640896,251.45901874861252
111.4,241.70698341656401,1040.6368638326699,120.48223033645952,478.21125769914664,308.5029295205538,1283.1867087727999,4.416733128144411,4.510472185333156,13.317599,11.741944444444444,575.3416404137573,251.57926324800343
111.5,241.86155760309555,1041.7834545885842,120.59428744952419,478.6415156266639,308.61037636433,1284.519965418334,4.796604146316126,4.3909157386979585,13.434132,11.61111111111111,576.0508607998866,251.7467348265344
111.59900000000002,242.03629364002606,1042.9634411913357,120.71014647643038,479.0597369246917,308.72377494171997,1285.8331198999756,5.077098499711447,4.380313658515123,13.193053,11.92111111111111,576.8079590914165,251.85889104496934
111.70000000000002,242.19086782657251,1044.0988999972496,120.7970509915685,479.49577631143245,308.844231233824,1287.144831638884,5.420549455635689,4.431962645161938,12.890845,11.483055555555556,577.5059705678831,252.01983203916532
111.80000000000001,242.35888324670833,1045.2343588031636,120.85614388732024,479.93901328425073,308.9658258401348,1288.4235191271314,5.443754246338486,4.513297823569846,12.798273,11.538888888888888,578.2056237509131,252.14569697046298
111.899,242.52689866684415,1046.3920815074964,120.8969872987653,480.3862160861682,309.0825712844939,1289.6834495622522,5.143690519450554,4.560511428350904,12.76399,11.643055555555556,578.9270031970814,252.23074223326233
112.0,242.71507593742373,1047.494144466573,120.9209543853322,480.84542210403634,309.20103058350486,1290.962172536603,5.442871891334013,4.546715342631532,12.665764,11.321944444444444,579.5900125086189,252.38277052427657
112.09900000000002,242.88981197435425,1048.629603272487,120.93299802334208,481.29378390110037,309.32269109286653,1292.2077206196116,5.71514143558023,4.514538998142741,12.616644,11.466111111111111,580.2959558801736,252.47500208603714
112.20000000000002,243.07798924491897,1049.7650620776099,120.94683749695228,481.75030398577985,309.44980736640775,1293.4941206877409,5.57365237286165,4.530035641393845,12.980709,11.441944444444445,580.9963714494309,252.6045768622031
112.30000000000001,243.27960774908783,1050.878256986687,120.96248887592168,482.20367045554235,309.57619180554286,1294.7868457121813,5.593992374588793,4.54282817525252,12.997059,11.388055555555555,581.6805505909583,252.75805963730804
112.4,243.48122625325684,1051.9803199449725,120.97773068697731,482.6601675872637,309.7066467540057,1296.0921791449023,5.818305351382498,4.592284443853276,13.239713,11.15611111111111,582.3508755952568,252.9355770202115
112.5,243.6694035238215,1053.104646802468,120.99429587064188,483.119510636668,309.84049667117097,1297.4058301650446,5.817445914689801,4.600559530412718,13.169337,11.323055555555557,583.0370807141386,253.10409273788997
112.6,243.87774264480004,1054.1955778123354,121.01034962562197,483.5760006173646,309.9701464238181,1298.706278546725,5.567349837115211,4.5348860889333995,12.968629,11.173055555555555,583.6977798017537,253.2857844627506
112.70000000000002,244.08608176577863,1055.297640770621,121.02968074712187,484.0285124598527,310.0979055448447,1300.0144857275966,5.587976317739925,4.523819755233414,13.319988,11.241944444444444,584.3725650581225,253.46379442503206
112.80000000000001,244.30114150355192,1056.3997037296976,121.05263555659474,484.4778175641325,310.2344540519902,1301.3754632873204,5.863569017197836,4.474011901909424,14.0363,11.173055555555555,585.0511414340928,253.6933670288686
112.9,244.5229218581497,1057.490634739565,121.07886989940108,484.9232736976887,310.3816152465352,1302.786392503919,6.043477764868904,4.4507258888374475,14.335395,11.133055555555556,585.723327941147,253.98302359018803
113.0,244.73798159592295,1058.581565750223,121.10891280583199,485.3657768324834,310.5321988344307,1304.2217227202714,5.93547522048675,4.419741240185172,14.52877,11.16611111111111,586.3961863062308,254.29896920415925
113.1,244.95976195050585,1059.6724967592995,121.14246490878635,485.8078406776631,310.6812036951546,1305.6843882403539,5.700849003380691,4.447089382200068,14.876004,11.056111111111111,587.0701547059025,254.63927162769164
113.20000000000002,245.18154230510362,1060.7745597175851,121.18223626544996,486.2539843334342,310.82502615821534,1307.1777889078594,5.304362209150071,4.511441115337434,15.130378,11.206944444444444,587.7497081565006,254.99729082437045
113.30000000000001,245.4100432764961,1061.854358778243,121.23828593092813,486.6987312889578,310.956914158981,1308.691072631814,4.660071168525497,4.457594468294035,15.2505045,11.058888888888887,588.406850023757,255.39137727909844
113.4,245.63182363107896,1062.9341578396918,121.3138426394917,487.1335369950554,311.0780132661746,1310.2140050782566,4.433179881653704,4.370240456689415,15.304347,11.061944444444444,589.0681754796242,255.79391429054922
113.5,245.84016275205755,1064.0028249511402,121.38760946876788,487.5613892800629,311.2045743288973,1311.7794598254243,4.801591743922803,4.314697721724297,16.107063,11.001944444444444,589.7229576481338,256.2533260084848
113.59900000000002,246.07538434028947,1065.0937559610074,121.44916821634664,487.98070957890553,311.34079395808635,1313.358499019408,5.061098653282478,4.2473446036495615,15.911281,11.098055555555556,590.4160923025403,256.7001292138991
113.70000000000002,246.29716469485743,1066.1512911232464,121.5137832671441,488.39800395088054,311.48569456164256,1315.00023217057,5.027534785643715,4.11515352413278,16.724667,10.979999999999999,591.075082471769,257.245680015364
113.799,246.55254813345852,1067.1865623878575,121.58759788589627,488.799711547113,311.63301957332783,1316.6732595473609,5.037177665335766,4.136862374068164,17.204657,10.89111111111111,591.7326998027482,257.8353734893515
113.899,246.76760787124667,1068.2774933977248,121.67724030477231,489.2107216426755,311.78142075831886,1318.3620453027208,5.006237944398703,4.278013241885636,16.701216,11.0,592.4237724878451,258.397134209414
114.0,246.9759469922253,1069.3572924583827,121.78665330915202,489.63142190403744,311.93380732760727,1320.095475166487,5.040669843097089,4.331787120711229,17.756512,10.901111111111112,593.0889007921664,259.0157521988067
114.1,247.21116858041245,1070.4036956722032,121.90676176324608,490.0486994021161,312.0878587432897,1321.8398496490067,5.0532749145899665,4.352691460667299,17.266762,10.858055555555556,593.7281499671839,259.6711852576963
114.20000000000002,247.43294893501022,1071.5057586312798,122.02909409835928,490.4664276681283,312.2296540651781,1323.5279537845831,4.5396182512550665,4.352757556921472,16.614555,11.068888888888889,594.4180607400809,260.21875383149387
114.30000000000001,247.62784682238447,1072.5410298951,122.14958691233214,490.88126018933684,312.35255964287427,1325.163298046234,4.050025815315806,4.28681528454001,16.18487,10.819999999999999,595.040235113741,260.7820906724968
114.4,247.84962717695245,1073.6208289557578,122.26489081741734,491.29040152299586,312.4647013164655,1326.7466842260528,4.052317646496329,4.2148899353728195,15.562178,10.916111111111112,595.7182662303694,261.2428112166402
114.5,248.06468691474063,1074.711759965625,122.38443316558718,491.6967517021971,312.5823864445333,1328.349059094857,4.33965598075442,4.257728463916857,16.571737,11.021944444444445,596.4076005911196,261.7143730523566
114.6,248.2797466525288,1075.769295127864,122.52072499030021,492.10358275552875,312.7076567667899,1329.9580979020086,4.569985014396998,4.325059052796478,15.706485,10.868888888888888,597.0602945503465,262.22681605328665
114.70000000000002,248.50152700712664,1076.8490941885218,122.6688996117292,492.509837642345,312.83070831047365,1331.4706462582035,4.737861648370368,4.323802157903365,14.644457,10.969999999999999,597.734235976297,262.62212082292785
114.799,248.7098661281201,1077.9177613007614,122.81555094492415,492.91075521397,312.9464790104138,1332.8543639412421,4.831454304204978,4.30053204019787,13.407114,10.77888888888889,598.4000131735269,262.9049520272679
114.9,248.91148463225917,1079.0086923098377,122.96195356229507,493.32241598309565,313.060129710018,1334.182156693185,4.9550040583580115,4.351376548452387,12.981966,11.0,599.0757036086746,263.1131801919314
115.0,249.11982375322285,1080.077359421286,123.11000534550736,493.7348454434131,313.174913374583,1335.4663481126327,5.262395915445681,4.412745211947615,12.804347,10.78611111111111,599.7299542569451,263.2994304042249
115.1,249.32144225740674,1081.1460265327344,123.2631878102652,494.1525454440757,313.2950684178158,1336.741051186766,5.507335372864094,4.485305712980646,12.802782,10.831944444444444,600.3765737891858,263.4794896609731
115.20000000000002,249.50961952795646,1082.2258255933923,123.41290029582824,494.5799954295264,313.41698617016385,1338.0119861867238,5.451471987838826,4.573940305857789,12.732606,10.9,601.0224657282665,263.6488411926347
115.30000000000001,249.70451741533074,1083.2944927056317,123.55151914642597,495.0197064938098,313.5315126196623,1339.2445390626026,5.157258160039165,4.64815276786523,12.02472,10.815,601.6492359047746,263.7883840258121
115.4,249.9061359194997,1084.3408959194521,123.67667491507592,495.47177712029765,313.634310159366,1340.4196334481876,4.8355423580732255,4.735042782261835,11.567017,10.78611111111111,602.2463913555315,263.8893707716507
115.5,250.0943131900644,1085.4318269293194,123.7953067594927,495.92919641413295,313.7283697805225,1341.5478116341928,4.693162345983224,4.716037071889536,11.074849,10.893055555555556,602.8804113666938,263.90280555444
115.6,250.28921107742374,1086.4893620907676,123.92203474226783,496.3841679276993,313.81976710173785,1342.653954352166,4.753609393369523,4.730909784930655,11.123399,10.781944444444443,603.4838882962435,263.9250459452589
115.70000000000002,250.48410896478308,1087.535765304588,124.05843463812322,496.84314807627294,313.91627073050165,1343.7679953181391,5.146085483034226,4.845487427716262,11.240992,10.741944444444444,604.0705415570168,263.96703363107605
115.80000000000001,250.65884500174346,1088.6266963136643,124.19337219808693,497.31185074200204,314.01981959049783,1344.8704932185492,5.591846647645982,4.909827809671195,10.906176,10.886944444444445,604.6873261487223,263.96116485776594
115.9,250.84030165548353,1089.6842314766943,124.32004537948582,497.7841898126004,314.12423691959316,1345.9787095630434,5.181608866332335,4.871094077482045,11.35646,10.718055555555555,605.2710422365341,263.99188616331764
116.0,251.0150376924439,1090.7528985889337,124.44080778523036,498.2574310423948,314.219130978614,1347.1282445037746,4.270605972074378,4.8971122284688375,11.71317,10.83111111111111,605.8646009957968,264.0512741894672
116.1,251.18977372938937,1091.821565700382,124.55776971698226,498.73751983850957,314.30092090152743,1348.3142007404758,3.629179720425458,4.985736176495119,12.062667,10.805000000000001,606.452265142184,264.1429323816824
116.20000000000002,251.36450976633478,1092.8568369642023,124.67039965722189,499.2251577033983,314.37269289876457,1349.5171055778353,3.199461374077243,5.023918067755221,12.038384,10.62111111111111,607.0007974939919,264.28114693725706
116.30000000000001,251.5325251864706,1093.9255040764415,124.78199200702787,499.7199853900905,314.44110361297265,1350.7287086098452,3.263346168234326,5.121175171368937,12.232276,10.715,607.573778317159,264.3962463770402
116.4,251.7139818402406,1094.9719072894711,124.89987786215447,500.22055258497056,314.5107911397332,1351.9727576160851,3.151046440388691,5.164508537451947,12.687722,10.661111111111111,608.1208686524443,264.5616682869979
116.499,251.8954384939807,1096.0628382993384,125.0252950001142,500.7179527043737,314.57564545276944,1353.2489516476664,2.6754255802837177,5.198688581228109,13.127467,10.948888888888888,608.7130408609921,264.7140065119631
116.6,252.07689514773577,1097.1203734615774,125.1597516694516,501.22845921454314,314.6389001683462,1354.584444912556,2.7474721582324424,5.255191927193192,13.347596,10.819999999999999,609.2578557340744,264.95613327551683
116.70000000000002,252.27851365190472,1098.1111169301419,125.29760872805518,501.73951291928137,314.7090647027676,1355.9271599630554,3.231621495118098,5.331238423865995,13.543585,10.488055555555555,609.7403056103199,265.2671968971352
116.80000000000001,252.45997030565977,1099.1909159907998,125.43829866295641,502.25858741694867,314.7907934051354,1357.2875615015046,3.6418592764317443,5.424821441552659,13.713676,10.785,610.2972308338839,265.51649653484156
116.9,252.62798572579558,1100.2818470006669,125.5833186232356,502.7794856282112,314.87862070540115,1358.6660251005972,3.6493077277684445,5.389641676835071,13.911497,10.898055555555555,610.859574112464,265.777209421238
117.0,252.79600114596127,1101.3839099589527,125.73575002651928,503.294238081414,314.9623797631737,1360.0569261669993,3.2436536088158445,5.347749657467812,13.957092,11.026111111111112,611.4372927955225,266.03832044377924
117.1,252.9774577997014,1102.452577071192,125.90022703144764,503.8036065532748,315.03873501380195,1361.4749332485649,2.9262349903133864,5.3588179097857225,14.444243,10.901944444444444,611.9879185751057,266.3534928044369
117.20000000000002,253.1454732198372,1103.5991678263154,126.07628708783886,504.30816546443646,315.1123411132517,1362.9526450164074,2.780417231452559,5.32940885338885,15.146657,11.31,612.6143024580425,266.65355584936697
117.30000000000001,253.30004740636875,1104.7346266322295,126.2586293008055,504.8088354009164,315.1848126270608,1364.5056205818762,2.5687093261517315,5.327559934388729,15.946709,11.363888888888887,613.2295466615984,267.04062137436614
117.399,253.47478344331418,1105.8255576420966,126.44303022165096,505.3024490697434,315.2537833052391,1366.117039567705,2.3378474417596933,5.317589010188569,16.637081,11.193055555555556,613.8119176555404,267.5225231395836
117.5,253.6293576298457,1106.97214839722,126.62176115837048,505.80375966783754,315.3189616939388,1367.8065191301007,2.0823569665439345,5.223113157331677,16.84293,11.348055555555556,614.4382484586577,268.0301777882528
117.6,253.79065243318684,1108.141003050762,126.77825813960807,506.29438206892166,315.38009447725005,1369.500634130918,2.0511307667093064,5.077709041070243,17.061424,11.72,615.102839768641,268.5183720523685
117.70000000000002,253.95194723652796,1109.276461856676,126.91718978073963,506.7746015437619,315.4390682860417,1371.150298740172,2.0433958364750384,4.921191919155584,15.952944,11.553055555555556,615.7485860985579,268.99548787859146
117.80000000000001,254.11996265666377,1110.4230526117994,127.04555073726219,507.2399185449574,315.4948250736918,1372.7225992136282,2.0181856934892837,4.7327533178379575,15.512833,11.533055555555555,616.4233929592223,269.38434602670225
117.9,254.29469869360926,1111.625303112179,127.1692392547756,507.6880756036856,315.55009015481653,1374.2081437856752,2.2530983894929077,4.565501482691218,14.218674,11.966111111111111,617.1718214631807,269.6330306161107
118.0,254.4694347305547,1112.7718938673024,127.29082682212969,508.12399794555665,315.61225427480224,1375.6134700121863,2.8186077332869983,4.485738494989865,13.915678,11.713888888888889,617.8782051117512,269.859479233447
118.1,254.6240089170862,1113.951880470054,127.41141916300268,508.547410559554,315.6809864745096,1376.997581914497,2.8673091458731155,4.319343986126353,13.800673,11.841944444444444,618.6255856166589,270.0388778617752
118.201,254.78530372042732,1115.1541309696422,127.5330180213612,508.95008565334393,315.7433014429993,1378.3897061895818,2.2585300293907187,4.010683695662073,13.794138,12.058055555555555,619.4162483931798,270.20149064673495
118.30000000000001,254.96676037418243,1116.311853674766,127.65196022382256,509.3141535342924,315.79565959767064,1379.7208609449526,2.246051008612767,3.7271828136757534,13.118671,11.873055555555556,620.2058257652458,270.341376951081
118.4,255.13477579431824,1117.4361805314707,127.76354203170509,509.6596417738136,315.850286837778,1381.0212490175672,2.5674803316811405,3.5347557005425587,12.91213,11.50388888888889,620.9796713697222,270.4874518532953
118.5,255.29607059765934,1118.6161671342222,127.86613010607944,509.9911068354243,315.9076863224521,1382.3166493021617,2.507033284294842,3.4048151839539753,13.0213,11.736944444444445,621.822204297501,270.5766291762349
118.59900000000002,255.4640860178101,1119.7516259401361,127.9669134366243,510.3068131270083,315.9605475741674,1383.610356243751,2.1740703208104066,3.290329748853798,13.136112,11.61888888888889,622.6383451740063,270.70510046594177
118.70000000000002,255.6052189707224,1120.9316125428877,128.0663821682035,510.6120932122039,316.0097681735807,1384.9379807043974,2.0725106868344936,3.067617168378269,13.171553,11.748055555555554,623.5030638007935,270.8284918435118
118.80000000000001,255.75979315723902,1122.100467195639,128.1613854462902,510.89384306900297,316.0576267116208,1386.2547405867645,2.0905588573811134,2.879476974503711,13.181034,11.645,624.3836088708996,270.948904559781
118.9,255.88748487656193,1123.2470579507624,128.25393840178597,511.1609571749638,316.1046654591335,1387.5512294796688,2.064775756600228,2.7744383687799017,12.765805,11.693888888888889,625.2517228673983,271.0771180400434
119.0,256.02189721267956,1124.4493084519327,128.34080814567048,511.4190226560504,316.1528210199728,1388.7999622686816,2.358416626604758,2.671529198442938,12.227496,11.753888888888886,626.1857486467723,271.10329428330664
119.1,256.16303016559186,1125.5402394618,128.42008859703074,511.6703891376699,316.204131809847,1390.0085882033368,2.50509382215824,2.600419585530871,11.966816,11.205,627.0202965275994,271.1981588667794
119.20000000000002,256.3108837353137,1126.6089065740393,128.49425942919606,511.9180764638477,316.25505636468785,1391.1938330029425,2.4145664905275495,2.570667413847657,11.759957,10.958888888888888,627.8390765718297,271.2904110461855
119.30000000000001,256.4116929873982,1127.6664417354875,128.57149762492347,512.1598736594167,316.3061583118027,1392.3646297362845,2.584448476783829,2.506937974058078,11.678297,10.541944444444445,628.6425462018129,271.3898997888491
119.4,256.579708407549,1128.7351088469359,128.65970818796237,512.391672379403,316.3591161337498,1393.5193574220136,2.6681003148729245,2.456489476425726,11.440537,10.87,629.4781633486477,271.44847739776316
119.5,256.6939588932377,1129.7369842647097,128.76158051408507,512.6152071353056,316.41218448468,1394.6466658465406,2.7231042632054803,2.4585369249614737,11.130602,10.231944444444444,630.2427954725865,271.557371219375
119.6,256.82837122935535,1130.7722555293208,128.868646976134,512.8347859416202,316.46313232550557,1395.7436550643763,2.5933293226083562,2.4272934900578162,10.832846,10.52611111111111,631.0470722152277,271.59924024665634
119.70000000000002,256.962783565473,1131.729603148675,128.98324690206246,513.046627099239,316.5089991007289,1396.8302182207863,2.2423926730906474,2.3945556479407366,10.917872,9.878055555555555,631.7811224292542,271.7058849126806
119.80000000000001,257.09719590159057,1132.6980827196116,129.11188559811697,513.2444556983727,316.5515223909126,1397.9326359934364,2.1762160477530412,2.3280380256129547,11.146883,9.818055555555555,632.5369836485805,271.8164549630215
119.9,257.2383288545029,1133.6331664421289,129.25132671690187,513.4287370411906,316.5911187439281,1399.0405432772243,1.9160932087636622,2.2965822040038484,11.025467,9.601111111111111,633.2726166231363,271.9629190646118
120.0,257.37274119062056,1134.5459862662276,129.404115253591,513.6005116860772,316.6254130399721,1400.1275530982587,1.694931499843177,2.305773082504396,10.725587,9.386944444444444,633.994677915974,272.11109452251947
