relative_time_s,gt_east_m,gt_north_m,classical_east_m,classical_north_m,ai_east_m,ai_north_m,shared_heading_deg,classical_speed_mps,ai_forward_speed_mps,ref_speed_mps,classical_error_m,ai_error_m
0.0,-375.6579483929009,427.0883583774327,-375.6579483929009,427.0883583774327,-375.6579483929009,427.0883583774327,253.38,12.898055555555555,12.174035,12.898055555555555,0.0,0.0
0.09899999999998954,-376.8881451022011,426.74326795589565,-376.8899629639225,426.710543187641,-376.8182955173991,426.7453035818025,253.6783620422364,13.135879598609295,12.270426,12.806944444444444,0.032775220495947124,0.06987924062154958
0.19900000000001228,-378.1116559598016,426.3870455859402,-378.1453511275888,426.29850936909037,-378.01000032060574,426.4067067536295,254.5902243731873,13.291599676508417,12.5078335,12.758055555555556,0.09473133603136347,0.10353951175870563
0.2990000000000066,-379.34853852075685,426.04195516440313,-379.40878861364126,425.8672850064807,-379.2232473955034,426.0712587804714,254.49941056265908,13.408429493312282,12.66751,12.79888888888889,0.18476941781915426,0.12867232795730763
0.3990000000000009,-380.5921069333969,425.68573279365665,-380.6918886833062,425.4244236850706,-380.46780376378985,425.7212297358031,254.09175109142353,13.739292469334798,13.189497,12.916944444444445,0.279712080262887,0.12927223551911335
0.4989999999999952,-381.84236119770685,425.32951042291023,-381.9931572508429,424.95515919831314,-381.72652053863476,425.3644994890772,254.2633519510652,13.928032000352127,12.976345,12.93611111111111,0.4035818244157586,0.1210094750236289
0.5989999999999895,-383.09930131370163,424.9732880529547,-383.30833664333295,424.46521658968555,-382.99337623854973,425.0103017021009,254.4928215480151,14.141461204336855,13.332485,13.043888888888889,0.5493927382324029,0.11220575639892681
0.6990000000000123,-384.36292728141075,424.63932957983616,-384.64322591697135,423.9573426916409,-384.29563972813554,424.64884842782766,254.48250830770272,14.42388882905389,13.697414,13.046111111111111,0.7373421463386994,0.0679575109377114
0.7990000000000066,-385.6131815457207,424.3053711075085,-385.98863260406085,423.4421239375489,-385.59712934969787,424.28688067850317,254.43237450062878,14.390032504451774,13.32033,12.95,0.941360278348315,0.024486097319841593
0.8990000000000009,-386.8701216617303,423.9714126351809,-387.3392096715736,422.943025422047,-386.8820412670224,423.92634160369175,254.2203801164304,14.40772485628583,13.370441,12.998055555555554,1.1303202294553705,0.04662054128616785
0.9989999999999952,-388.1538051844641,423.6263222136438,-388.69715341837355,422.4657633588862,-388.13855184943935,423.57257133561734,254.33325280207114,14.38072815811521,12.736829,13.228055555555557,1.2814539237322533,0.05587325941799963
1.0989999999999895,-389.42411700382837,423.2923637413162,-390.05371995631265,422.02058911694115,-389.3851267882715,423.2291808239599,254.85664974792311,14.176395088298138,13.123573,13.14388888888889,1.4190879370148965,0.07424498605847256
1.1990000000000123,-390.69442882319265,422.96953721898893,-391.40389735223425,421.6134955933232,-390.64191900469456,422.88936968885395,254.88386524319185,14.029813949220198,12.914847,13.133888888888887,1.5304229755981296,0.09583378280463913
1.2990000000000066,-391.9580547908573,422.6355787450794,-392.74562612905106,421.24245285563745,-391.91433289576804,422.53695860825434,254.17024630935646,13.813750676559298,13.491957,13.066111111111109,1.6003338266054554,0.1078774095795263
1.399000000000001,-393.2350524619064,422.30162027275173,-394.07982144108746,420.8692090901132,-393.20720579632393,422.15641824706734,253.02633607137784,13.89752451277642,13.463654,13.15611111111111,1.6629601391297888,0.1478481147898514
1.4989999999999952,-394.5187359846105,421.9787937504245,-395.41871121804076,420.4479848066062,-394.49964479078886,421.7533075972933,252.33219770257688,14.178498161550081,13.613747,13.191944444444445,1.7757622147297423,0.22629290518136586
1.5989999999999895,-395.81579121074344,421.6559672273063,-396.7625442692921,419.97966940639446,-395.79960235872375,421.33417701771833,251.92854893590723,14.285922672377582,13.703525,13.343055555555555,1.9251794041763988,0.32219717242145135
1.6990000000000123,-397.0994747334922,421.33314070339713,-398.0983641129915,419.49015967127275,-397.1028352315366,420.9091173830353,251.94315935968308,14.167902392520485,13.712468,13.25,2.096272662905941,0.42403663657490975
1.7990000000000066,-398.3764724045115,421.01031418027884,-399.4207543231412,419.00200446136313,-398.40968849373263,420.4804023089312,251.73317032776765,14.024378632319209,13.795119,13.151111111111112,2.263588445956594,0.5309518810384651
1.899000000000001,-399.65347007554567,420.6652237587419,-400.73275491032234,418.5106340842823,-399.7240182001236,420.0408590213992,251.2865497264632,13.995920877264165,13.922673,13.225,2.409795099145742,0.6283377778857762
1.9989999999999952,-400.94383944996423,420.33126528720516,-402.04238822486826,418.01590423575163,-401.03331979657617,419.5867397758689,250.45232317675277,14.00342033182626,13.794446,13.301944444444445,2.5627536380680658,0.7498833038948622
2.0989999999999895,-402.22752297268323,420.008438763296,-403.35246754600144,417.5311193764293,-402.3307499449437,419.11982751521214,249.96244426191595,13.9348168146488,13.7835655,13.273888888888889,2.7207740879359683,0.8945869203287197
2.1990000000000123,-403.511206495417,419.67448029096835,-404.6581901462193,417.0521723584573,-403.61726439016786,418.6520808587607,250.0781817365324,13.881054654509281,13.594588,13.213055555555556,2.862179307471494,1.0278856337246263
2.2990000000000066,-404.8015758698208,419.35165376785017,-405.9615495278039,416.56527738357096,-404.88888497267567,418.1871323263812,249.75216875110297,13.945900727704315,13.484635,13.311944444444444,3.01818359979701,1.1677898214500508
2.399000000000001,-406.10531694756435,419.0065633463131,-407.272757034779,416.0614900134126,-406.1413481084746,417.7176264594822,249.1442605304692,14.14762427001434,13.267187,13.441944444444445,3.1680235626329227,1.2894403990840115
2.4989999999999952,-407.3956863219978,418.6948687724043,-408.5923975752571,415.54335230323363,-407.3791619634956,417.23887909043157,248.56614611518225,14.20677074553134,13.276566,13.346944444444444,3.371079037805443,1.4560834483074456
2.5989999999999895,-408.6793698447167,418.36091029928576,-409.90820626019234,415.01872690772706,-408.6090648092184,416.7562587960477,248.58333484903616,14.124137652976035,13.14754,13.23611111111111,3.5609308837451352,1.6061909117102564
2.6990000000000123,-409.9630533674505,418.03808377616747,-411.2153757961268,414.4918739959444,-409.83714879545477,416.2751485718144,248.6303173882369,14.062863839298972,13.231676,13.24888888888889,3.7608397028742773,1.7674253862601632
2.8000000000000114,-411.26010859352425,417.7152572530493,-412.52971912912403,413.9590877643101,-411.06900266977215,415.7903511756674,248.40318259430217,14.020799596613106,12.982581,13.315,3.964936334954358,1.9343693754903248
2.899000000000001,-412.56384967131237,417.3924307299311,-413.81550590770973,413.43335007144964,-412.2677428279964,415.315062631188,248.34135471862962,14.042232286966405,13.068452,13.4,4.1522238613151,2.09836543059925
3.0010000000000048,-413.8675907490856,417.0807361552313,-415.1449070920991,412.87997049885746,-413.48707899419037,414.83256517691603,248.48307582925523,14.192902738217791,12.643907,13.363055555555555,4.390668416072823,2.2801451583950727
3.0999999999999943,-415.1713318268292,416.78017353053195,-416.4411244648237,412.33136482241065,-414.6559817293761,414.3765613984309,248.89318183027598,14.24213081470311,12.703738,13.386944444444445,4.626475144746914,2.458238597965678
3.1990000000000123,-416.48175875628726,416.4796109050416,-417.7330258458117,411.7851133380462,-415.80079758044803,413.9363222073694,249.04207923728563,14.09408847093703,12.07498,13.431944444444444,4.858392402415953,2.632874004335861
3.2990000000000066,-417.78549983406054,416.19018022955163,-419.0250631679064,411.24795813126036,-416.9381192770791,413.50151849628827,249.11312600388186,13.891120307754637,12.277067,13.421111111111111,5.095299454149247,2.819034537614762
3.4000000000000057,-419.0892409118338,415.9007495532707,-420.3199033064843,410.7166162942353,-418.10234740475687,413.0510570465212,248.5856524633175,13.824122633943542,12.4427185,13.343888888888888,5.328204911322784,3.0157430555893017
3.5,-420.39966784127694,415.60018692857125,-421.6042136045503,410.1814965076111,-419.27922662729617,412.5763038141432,247.49731913146655,14.00299224594368,12.939012,13.411944444444444,5.550958149186967,3.22478799360666
3.5999999999999943,-421.71009477073505,415.3107562514994,-422.9052114539205,409.62644839105343,-420.46459608137474,412.07548369366066,246.69002159812726,14.286146123144752,12.79815,13.47888888888889,5.808585003144588,3.4667355694807167
3.6990000000000123,-423.0138358485232,415.0213255760095,-424.21088772708623,409.05922263858815,-421.63707374833604,411.56740005223577,246.45377104567194,14.472947296456597,13.016679,13.353888888888887,6.081085810640999,3.718208628397169
3.7990000000000066,-424.31089107459684,414.73189489972845,-425.53016106557084,408.48239589060984,-422.8196991712599,411.05729547780675,246.88664065989326,14.324385772450789,12.742461,13.27888888888889,6.367327318103271,3.965644235703057
3.9000000000000057,-425.64137555907945,414.44246422344753,-426.8514801425967,407.9100549902059,-424.00720910764403,410.54997561682126,246.84786860589676,14.189542938193762,12.828586,13.524999999999999,6.643547508190954,4.22160722281365
3.9989999999999952,-426.96517419189223,414.1530335471666,-428.142326760635,407.359799078366,-425.1920728818199,410.04542585189114,247.01832068515918,14.158839999617978,13.187948,13.538055555555555,6.89447044508848,4.473961246375128
4.0989999999999895,-428.28897282470496,413.8747348200951,-429.44878891843416,406.8046113434341,-426.4194593514485,409.53124220613967,247.51708044582054,14.231949219416926,13.427054,13.516111111111112,7.164622763726408,4.728742825971081
4.199000000000012,-429.5927139024634,413.5964360938146,-430.75861020475355,406.2310601061128,-427.6616989314347,409.02159573084475,247.86973596872363,14.366840167522444,13.427485,13.408888888888889,7.457082380388985,4.965680533924314
4.299000000000007,-430.8964549802516,413.31813736674303,-432.0699951779296,405.64152543503366,-428.8988560108753,408.52129025369834,248.09490838221004,14.38929000405246,13.262363,13.346944444444444,7.76579470148606,5.1961662664293495
4.399000000000001,-432.2135677613647,413.0287066904621,-433.38313830006405,405.05667716248,-430.13187078376814,408.02162841535693,247.78694356732723,14.360996896651587,13.345907,13.418888888888889,8.057366197462546,5.422572743593666
4.498999999999995,-433.53736639419225,412.75040796339056,-434.7084013575189,404.4847581823272,-431.3661048805731,407.5096780448821,247.1572629504785,14.507662445524373,13.37847,13.518888888888888,8.348190773366776,5.672708933064816
4.5989999999999895,-434.861165027005,412.47210923631906,-436.05394095394,403.9099769196216,-432.6092565236252,406.9840117751755,247.00199138799806,14.75572970006201,13.616006,13.528888888888886,8.64481487485478,5.932141742288755
4.699000000000012,-436.19164951145797,412.18267856003814,-437.40512122243905,403.3144155495643,-433.8684748757194,406.4474343926358,246.83927137418087,14.77764614771426,13.75953,13.571944444444444,8.950899531124813,6.187904818907747
4.799000000000007,-437.50876229261564,411.91551178217605,-438.7411896340112,402.70824286651253,-435.1561526950247,405.89543548046987,246.75476009939908,14.56537747274223,14.2605915,13.50611111111111,9.2893852346193,6.4634426273497265
4.899000000000001,-438.8258750737585,411.6372130558954,-440.0651178264521,402.11536892235716,-436.48147926592173,405.32937406190354,246.9870944853246,14.447626770755864,14.562487,13.453055555555554,9.60214758809197,6.729414868911487
4.998999999999995,-440.13630200320165,411.35891432882397,-441.39212425587874,401.5394409214334,-437.82241887929285,404.7545262823752,246.60493163597238,14.484594818121932,14.616908,13.43111111111111,9.899451880218878,6.997999469790305
5.0989999999999895,-441.45341478434443,411.08061560175247,-442.7264454536767,400.9581869422214,-439.1664777431215,404.16461803923085,246.00418538777774,14.624467655763718,14.73983,13.45111111111111,10.202164919876395,7.2843052733477975
5.199000000000012,-442.7705275654725,410.79118492547155,-444.0682874890091,400.3449153835574,-440.5193850577023,403.5576932514832,245.675021134475,14.884499444085314,14.916428,13.451944444444443,10.526572479276478,7.575687717161287
5.299000000000007,-444.0943261982703,410.5128861984,-445.40854542504513,399.6971852802765,-441.8786147878509,402.9368611180769,245.22840053317054,14.888348679294973,14.969836,13.521944444444445,10.895253945013003,7.893385399937583
5.400000000000006,-445.4248106827679,410.23458747132844,-446.75433232644224,399.0453682919079,-443.2309770766728,402.3089933831374,244.95931090468736,14.723304297169431,14.555135,13.565000000000001,11.267930317769594,8.223621315576287
5.498999999999995,-446.7352376122259,409.95628874425694,-448.0748292515112,398.44072917261394,-444.56827503764396,401.6743274832934,244.2817567992665,14.619326125353277,15.349609,13.483055555555556,11.593214308728259,8.560759845232186
5.599999999999994,-448.0523503933836,409.67799001718544,-449.4278028184492,397.8531197639971,-445.98984753654906,400.96758115580747,242.88191204378083,14.59062027949659,16.089642,13.441111111111113,11.904596838127596,8.951264746773083
5.699999999999989,-449.3761490261667,409.3885593416955,-450.7721547061144,397.27778083070154,-447.50911197335677,400.1872145923447,242.751277666491,14.655249566532751,18.069633,13.521944444444445,12.190971577392807,9.38885363358973
5.799000000000007,-450.71331936233406,409.11026061462394,-452.10127762078713,396.6947056595936,-449.10403866461354,399.3843956792107,243.81312888905126,14.666652685049831,18.004314,13.665000000000001,12.49289529967281,9.858104944965687
5.899000000000001,-452.04380384681673,408.8319618875524,-453.44237003754625,396.0889117652442,-450.7444643460495,398.59090746147285,244.5510985291797,14.76489776083594,18.441578,13.571111111111112,12.819567613984132,10.323152565770652
5.998999999999995,-453.34754492460485,408.57592705889977,-454.7799950880787,395.4687819644961,-452.3481275397947,397.83201006310054,244.8095024947837,14.723348664888466,17.04181,13.338888888888889,13.185187370552859,10.790300622396218
6.0989999999999895,-454.6579718540629,408.2976283318282,-456.1051831633513,394.83501099351355,-453.9012098026651,397.0972071598697,244.55253092366752,14.65593469696747,17.321047,13.419999999999998,13.540180433495804,11.22595756413199
6.199999999999989,-455.9884563385456,408.00819765554724,-457.4468350119898,394.19259581652375,-455.4595731173189,396.3445875971588,243.88327897669805,14.80036118845302,16.948593,13.566944444444445,13.892362021254197,11.675594933699731
6.300000000000011,-457.31894082302824,407.7187669792663,-458.7867899161975,393.56742761427057,-456.9642245470937,395.6048115983701,243.75235812051062,14.772386864541135,16.58496,13.571944444444444,14.227262097241201,12.119147602317497
6.400000000000006,-458.62936775247147,407.4293363037763,-460.1250169138231,392.94902596429125,-458.4444421635134,394.88019252293236,244.08295476830108,14.711682618811594,16.376469,13.473888888888888,14.55734707773536,12.550506248982396
6.498999999999995,-459.92642297854513,407.11764172907664,-461.4460887378795,392.32673098300825,-459.8764678323211,394.1856740773527,244.172860440724,14.789899792412651,15.776206,13.388055555555557,14.868773477266197,12.932064137710908
6.5989999999999895,-461.24353575970275,406.8170791043773,-462.77550585419476,391.67309117829575,-461.2905614712192,393.49895082842085,244.02159958280947,14.840135832835522,15.664239,13.501944444444444,15.221277958033655,13.318211298533075
6.699000000000012,-462.5606485408308,406.5165164788869,-464.10251095109055,391.00545618971313,-462.67490117539785,392.8151929104835,243.39764854391186,14.869689000340308,15.216124,13.485000000000001,15.58750560502082,13.701799925213894
6.799000000000007,-463.87776132195876,406.23821775181534,-465.4428209718836,390.3477704509852,-464.02393386422494,392.12662055712144,242.51701241279582,14.990909056500804,15.076823,13.431944444444444,15.967333125111496,14.112354225904525
6.899000000000001,-465.1881882514465,405.95991902474384,-466.80054770489545,389.70068904295096,-465.3295711056073,391.4469841474667,242.48464029737093,15.09003187093,14.361889,13.416944444444445,16.33897985211925,14.513623526312706
7.0,-466.4852434775053,405.6816202984633,-468.1919502302707,389.04557379272495,-466.68615833166183,390.7599873042228,243.7406812406457,15.363735251638358,15.751258,13.315,16.72336363537625,14.922985558976707
7.0989999999999895,-467.8090421103477,405.40332157139176,-469.5855677973374,388.4085649121997,-468.11425204122975,390.0753501762025,245.01297413177923,15.593297637186907,16.245125,13.483888888888888,17.087357824476143,15.331009757796418
7.199999999999989,-469.1395265948007,405.13615479352967,-471.02615440448096,387.77166309189704,-469.6418467609853,389.3743095025229,245.66891626916782,15.596894010293958,17.038088,13.576944444444445,17.4666807536042,15.76984757462758
7.300000000000011,-470.46332522761344,404.8912519132954,-472.4548869856041,387.13972301631736,-471.17423296899955,388.6725176918137,245.11200129230053,15.648253187672763,16.671177,13.468888888888888,17.862897201073974,16.234307178436143
7.400000000000006,-471.78043800875633,404.6574809830616,-473.8637021236904,386.5078116657246,-472.73904985490316,387.90993661578176,243.01440280432672,15.232700272790485,18.14948,13.43111111111111,18.268839199611335,16.774956900259962
7.5,-473.10423664156895,404.40144615361794,-475.2217703123926,385.8817194171485,-474.309109293435,387.0867001812305,241.61323451633436,14.677128577013349,17.309084,13.47888888888889,18.640392357473967,17.356616784256108
7.5989999999999895,-474.4280352743669,404.13427937575574,-476.5420087261565,385.27763345181467,-475.8468017192695,386.2658896089473,242.19095645553162,14.655615545971749,17.904522,13.531111111111112,18.97477217928465,17.92462694406123
7.699999999999989,-475.76520561054923,403.8671125978937,-477.90023908076364,384.6739889333685,-477.4352634745865,385.4546764405096,243.7241886505127,14.776661131879573,17.41772,13.608055555555554,19.31150858738627,18.488020405629637
7.799000000000007,-477.07563254000723,403.5999458200316,-479.2284907584109,384.06298579256884,-478.99603790874573,384.7128400354604,245.42842582902887,14.761927878585858,17.497301,13.45,19.655218279714596,18.984486342744813
7.899000000000001,-478.3994311728051,403.33277904216953,-480.56154830312056,383.4283908654067,-480.5808736882275,383.99148797495803,245.62638274724657,14.766052161687604,17.328335,13.473888888888888,20.021473951147044,19.463921280016717
7.998999999999995,-479.7299156573026,403.0767442143078,-481.8901816931731,382.7848805169152,-482.1684981082067,383.24670384027223,244.12723867628685,14.759892991563937,17.747475,13.548055555555557,20.406530367980082,19.979419050756633
8.09899999999999,-481.0470284384158,402.8207093848642,-483.2170658517071,382.1371768322031,-483.77431891180487,382.4485972046729,243.02859210412356,14.770848551000434,18.118555,13.466111111111111,20.797057032957184,20.553857740301115
8.199000000000012,-482.3574553678887,402.56467455621146,-484.55710791913924,381.50062079044415,-485.3907946853508,381.61695255001337,242.52324332881807,14.900973849126862,18.239063,13.358888888888888,21.17859373030606,21.166204304594086
8.299000000000007,-483.68793985240103,402.27524387993054,-485.9113983125251,380.8771911834441,-487.01191162222136,380.7740171165837,242.5304053012572,14.917222981861835,18.304392,13.541111111111112,21.513261647772243,21.756643598115605
8.399000000000001,-485.0251101885685,401.9858132036495,-487.2642793683197,380.2563945219231,-488.63751104668677,379.9375181720946,243.01140337026948,14.853231027004822,18.259869,13.678888888888888,21.844484769875194,22.342263845864476
8.498999999999995,-486.3489088213664,401.69638252736866,-488.6044659479431,379.63618427986626,-490.25692890589335,379.1301749941846,244.0014744402555,14.681567628874127,17.931631,13.578055555555554,22.175208785270968,22.90210347133641
8.59899999999999,-487.65933575080953,401.40695185187866,-489.92738201135495,379.0202588395923,-491.8712367826917,378.35246335302975,244.55294631806888,14.503931558236022,17.906336,13.381944444444443,22.501290137819304,23.4360736951804
8.699000000000012,-488.98982023530704,401.1397850740166,-491.23396791987494,378.3789319445288,-493.4436686123028,377.5955765255794,244.02582514654839,14.610729670836044,16.996294,13.59111111111111,22.871218463655687,23.961772086754543
8.799000000000007,-490.31361886813465,400.85035439773566,-492.5393877329235,377.69428344937785,-494.9237158244331,376.8544927947235,242.7441185588408,14.871652838754953,16.110125,13.533888888888889,23.262795808003045,24.43469598782405
8.899000000000001,-491.6441033526026,400.572055671455,-493.8560735910031,376.9923100780895,-496.32080173750046,376.12433277374913,242.05485033129847,14.970836646024962,15.418101,13.581111111111111,23.683268663413237,24.891015701781214
8.998999999999995,-492.97458783710005,400.2937569443836,-495.1841024716671,376.3095797552355,-497.64633466657284,375.4213264577411,242.0663094872011,14.896665890249412,14.590267,13.531111111111112,24.085736658047555,25.307370798871062
9.09899999999999,-494.2850147665432,399.99319431889325,-496.5229072622026,375.6712177634706,-498.93761960936473,374.7372419060798,242.1069894906554,14.771659497568482,14.635672,13.458888888888888,24.424715072742533,25.680924128655157
9.199000000000012,-495.60212754768605,399.7037636426122,-497.86791530134184,375.0666474542658,-500.2265808904142,374.062215387885,242.6140571393463,14.72153591945267,14.465005,13.435000000000002,24.74108502517011,26.05522146554458
9.300000000000011,-496.9326120321688,399.42546491474974,-499.2312020189725,374.4554417018814,-501.5211861107048,373.3902873924506,242.5252286275782,14.863523696022057,14.418009,13.523055555555555,25.075597204824817,26.436442285070108
9.400000000000006,-498.2630965166514,399.1360342400508,-500.58003011808864,373.8337433607667,-502.8039061287032,372.7228710461675,242.49772665341192,14.841154193169837,14.501295,13.623055555555554,25.408150366631812,26.800636967050114
9.5,-499.5935810011638,398.85773551218836,-501.92612335934365,373.20897885859944,-504.0975480449155,372.059933213455,243.233977420155,14.83927264351927,14.571601,13.56611111111111,25.75460098172218,27.173662380569915
9.59899999999999,-500.9040079306219,398.5794367851168,-503.2597680083335,372.60695370615383,-505.36617497483024,371.42292787428624,243.44498631694574,14.721742773942186,14.106709,13.478055555555555,26.07910049888142,27.520663345101955
9.699000000000012,-502.22112071173495,398.3011380588363,-504.59779204423995,372.0188929095413,-506.6597124329339,370.7769680732534,243.48136913693656,14.509318782773526,14.810438,13.45111111111111,26.38948610167295,27.87976021888921
9.799000000000007,-503.5382334928778,398.0339712809741,-505.92650163126376,371.43466706950096,-507.99210789934665,370.1172607550692,243.8345976176347,14.520351399897091,14.925146,13.501944444444444,26.706306544247575,28.26976695722422
9.900000000000006,-504.86871797733073,397.73340865548374,-507.26920800695973,370.83388196794965,-509.30841681954064,369.4580891370178,242.9431297194017,14.608312952112005,14.22689,13.565000000000001,27.006423095176952,28.621750814386974
9.998999999999995,-506.1925166101732,397.4439779792028,-508.59162715954034,370.23098085880844,-510.5467217710018,368.81034016101285,241.82058507760357,14.752838131485497,14.006583,13.56611111111111,27.318545783088055,28.962809209154177
10.09899999999999,-507.50962939128624,397.17681120134074,-509.92673812247654,369.6113338549245,-511.78724913871065,368.1502829697657,242.14545214744274,14.685305802622425,14.097506,13.46111111111111,27.67124782069256,29.3400301956555
10.199000000000012,-508.8200563207444,396.8762485766414,-511.2446300903687,368.98663831265986,-513.0444844300254,367.494429553128,242.7522144524864,14.484052823655377,14.263317,13.43888888888889,27.994801636038314,29.683953274134108
10.299000000000007,-510.1371691018872,396.59794984956983,-512.5484974693501,368.35133644081395,-514.3050411739873,366.8432894516528,242.6098344403964,14.524616321332747,14.112658,13.476111111111111,28.349350496253674,30.045148909678627
10.400000000000006,-511.46096773471476,396.3196511224983,-513.8657198720191,367.68125487006546,-515.5664609900175,366.18729437103747,242.43680691584487,14.741806517244537,14.04179,13.526944444444444,28.739181838619395,30.410754648095224
10.498999999999995,-512.7847663675127,396.04135239463585,-515.1726815306235,367.0002550889676,-516.8020844650428,365.5443391944807,242.58258456765998,15.030738009710555,14.0975275,13.536944444444444,29.139105537807882,30.760472344019362
10.59899999999999,-514.0951932969558,395.7519217199369,-516.518982216176,366.31593694746044,-518.0589759309062,364.89136188146546,242.51239723775646,15.175204513578304,14.230242,13.446944444444444,29.535604822830358,31.114076015737353
10.699000000000012,-515.4123060780986,395.47362299286533,-517.88591506833,365.6569857019838,-519.3027679617627,364.23953753220115,242.16833608178032,15.176503527543844,13.854711,13.446111111111112,29.91906751174811,31.47544738732583
10.799000000000007,-516.7227330075419,395.1953242650028,-519.2653865161263,365.005589473758,-520.5412965518157,363.5765978836425,241.52347208336062,15.334469806885997,14.241585,13.43111111111111,30.29661983836503,31.848473833466297
10.899000000000001,-518.0264740853152,394.91702553872227,-520.6360432012385,364.32936495305194,-521.7850224360951,362.90512494698083,241.75007689133486,15.235959038068858,14.026686,13.331944444444444,30.69877572599519,32.231792770503574
10.998999999999995,-519.3302151630736,394.6498587608602,-521.9902850401764,363.6388909493582,-523.1271948787129,362.1947002549055,242.41384849699386,15.166181176704624,16.345716,13.258055555555554,31.12484692905464,32.67651096135599
11.099999999999994,-520.627270389162,394.39382393220745,-523.3603739240946,362.92523325245844,-524.5279353495566,361.4633793832987,242.4500164578115,15.425317950127464,14.944572,13.198055555555557,31.587055169835747,33.160659904802955
11.199999999999989,-521.904268060211,394.16005300118263,-524.721533685542,362.1902189714278,-525.8468447842033,360.7764078615008,242.52364153448582,15.513979014464711,14.797337,13.003055555555557,32.09372638840405,33.615646268319296
11.300000000000011,-523.1612081762504,393.9374140193673,-526.0759739270601,361.45498828203057,-527.1667230496519,360.08882963394353,242.44314096426993,15.308836800551932,14.967364,12.79888888888889,32.61293978106984,34.08475926712983
11.400000000000006,-524.3847190338212,393.7259069867613,-527.4172295013038,360.7447728896018,-528.4895609441664,359.3921331451048,242.00769303997052,15.045466285779419,14.934598,12.489999999999998,33.12025552543653,34.578284418388094
11.5,-525.5748006330128,393.52553190336465,-528.7552552135403,360.0534687410684,-529.7997403846313,358.69180792594983,241.7395487918493,15.075945664606431,14.777606,12.138055555555557,33.622824147884245,35.089007424541514
11.599999999999994,-526.7515105288496,393.31402487075866,-530.112661491324,359.3637512702328,-531.1025707160089,357.99320760610254,241.85843753433895,15.37585765044403,14.78867,11.966944444444445,34.11624852387944,35.587804891500575
11.699000000000012,-527.9014770179326,393.12478173657155,-531.4873245796003,358.6718480354002,-532.3695087486846,357.3099967782526,241.46222862463898,15.714460555286422,14.290549,11.71,34.63903785258513,36.09241096349254
11.800000000000011,-529.0180142486511,392.9578025008032,-532.9182164671026,357.9541738892082,-533.6296809649342,356.61751024605286,240.95674520425175,15.984225401364986,14.1831,11.343055555555555,35.220244083811885,36.631739121460534
11.900000000000006,-530.1144939243152,392.8019552134533,-534.3487095114958,357.2279232118657,-534.8729744160233,355.92065106421796,240.50468150389355,16.102050907436173,14.322499,11.103888888888887,35.825135512496026,37.18701026350964
12.0,-531.1976018966097,392.634975976894,-535.7785012741688,356.47879831756956,-536.0964369701302,355.2189493298586,239.81283496627313,16.181940767203805,13.886141,10.966944444444445,36.44521672373417,37.73536319063612
12.09899999999999,-532.2740240172344,392.47912869033513,-537.1997474171704,355.72454592951414,-537.2757101786292,354.531991373863,239.74278228145147,16.322914773642598,13.684971,10.858055555555556,37.083178193551824,38.27534578514323
12.199000000000012,-533.3437602861742,392.32328140298523,-538.6494989762172,354.9542151281351,-538.4816600553954,353.83143477804816,239.94732821431322,16.51126721827101,14.208404,10.80111111111111,37.74384688000363,38.83323667473834
12.300000000000011,-534.413496555129,392.17856606484474,-540.1232402112619,354.1537578352739,-539.7051139408777,353.1259887296491,240.1197770514917,16.699206505561694,13.757279,10.834999999999999,38.45110159038865,39.409453321234906
12.400000000000006,-535.4832328240541,392.0449826759137,-541.5861962071003,353.33934766740236,-540.8895893975757,352.4460037252216,240.1618894494338,16.788396278746248,13.558372,10.78111111111111,39.183827575504914,39.96633364892775
12.5,-536.5462832413092,391.9113992861916,-543.0471322893084,352.5131983654665,-542.0549573662486,351.77372948952853,239.87655646745867,16.778716690024083,13.349221,10.738888888888887,39.93093129560964,40.51392386971098
12.599999999999994,-537.6093336585792,391.8000797964704,-544.5092930042152,351.70009915094363,-543.2008837121335,351.10210980899217,239.37235360774358,16.683610544862063,13.215826,10.703055555555554,40.6892846673796,41.08028959371006
12.699000000000012,-538.6723840758342,391.67762835595784,-545.9662340801244,350.93476484528355,-544.3086952648638,350.44485173439483,239.26514747469662,16.566614549815938,12.806666,10.653888888888888,41.39059283139731,41.61622125738103
12.800000000000011,-539.7287486414046,391.5663088654456,-547.4614306531561,350.18855493694593,-545.4152576569265,349.7870177037663,239.27324909791977,16.524447484026638,12.685074,10.666111111111112,42.09409568172635,42.16450586400823
12.900000000000006,-540.7917990586598,391.46612132414276,-548.9424141158169,349.4534924868393,-546.5043147503695,349.1387595953498,239.20048345793816,16.54328080111014,12.662783,10.69,42.795952000521936,42.71110378400581
12.998999999999995,-541.8548494759445,391.3770657312584,-550.3985634100837,348.7065088868119,-547.561550594848,348.50872056873885,239.215798619802,16.519947718428643,12.200454,10.64611111111111,43.517484637827444,43.246519566705125
13.09899999999999,-542.9045281898153,391.31027403679286,-551.8548622944826,347.93101609897553,-548.6084006992661,347.8779881194592,238.64685152923713,16.47893736721238,12.243403,10.546944444444444,44.29298476983525,43.805223679477876
13.199000000000012,-543.9608927554004,391.25461429153677,-553.3021473367362,347.1572006779514,-549.6421010425491,347.2298606785286,237.17291760126275,16.34478411403551,12.1603,10.591944444444444,45.075946185975425,44.3898080451813
13.299000000000007,-545.0038856176013,391.2212184439085,-554.7434466662332,346.40378714065406,-550.6629135327153,346.5576427078268,236.10177300326575,16.182282727688598,12.286096,10.47,45.86350616821572,45.02065741941967
13.399000000000001,-546.0468784798319,391.1989545462807,-556.1898506628611,345.6831180041845,-551.681591824708,345.87678285601675,236.38338175957253,16.141353175052288,12.219289,10.456111111111111,46.63229847254498,45.671098532887136
13.498999999999995,-547.0965571937173,391.18782259707126,-557.6574068394285,345.0182230584505,-552.7131176269687,345.1987597055511,236.97667955643047,16.089296837172434,12.469184,10.441944444444445,47.36204669137442,46.33076361059208
13.59899999999999,-548.139550055933,391.18782259707126,-559.1426263907952,344.4068344416831,-553.8133262090755,344.491893954281,237.55622636620527,16.036184503771604,13.685447,10.428055555555554,48.057554469878845,47.039361046346365
13.699000000000012,-549.169171214794,391.2100864946991,-560.6348850179813,343.82579272416814,-555.012437556758,343.7406990661991,238.28875290728018,15.992178043737244,14.614684,10.331944444444444,48.75175780573025,47.827675088594496
13.799000000000007,-550.1921065219702,391.23235039311794,-562.1336116440224,343.2505410093403,-556.2420553555067,342.9839014097342,238.4912934878589,16.11451980219981,14.26236,10.258888888888889,49.445460624016555,48.62627592352302
13.899000000000001,-551.2284135325011,391.2880101375831,-563.6548173100085,342.68146732751995,-557.4218846128286,342.2645371134879,238.77490759644866,16.37030208781229,13.374527,10.36,50.169826736676626,49.4131560555187
13.998999999999995,-552.2513488396625,391.3770657312584,-565.1941202123809,342.1194738875617,-558.5526216958436,341.5917130203061,239.73289302990733,16.403454220411465,12.941853,10.31,50.92961500980228,50.18254063080082
14.09899999999999,-553.2742841468386,391.46612132414276,-566.7246121572495,341.53270948092774,-559.6647327690949,340.94913479604213,240.23222574836382,16.38222525937538,12.746504,10.286944444444444,51.71321825115673,50.91958131675867
14.199000000000012,-554.3306487124237,391.6108366614923,-568.2467647376212,340.9176467208794,-560.7331454822302,340.33779379995553,240.21102630994397,16.452417738707453,11.872542,10.533888888888887,52.56860081438175,51.67123851010707
14.299000000000007,-555.3602698712699,391.73328810200485,-569.775100239779,340.2923247537173,-561.7346667028395,339.7661719941585,240.36200068896093,16.57386762717275,11.190836,10.44111111111111,53.42246760261786,52.356605042083324
14.399000000000001,-556.3564617717218,391.9002673377732,-571.3065916355301,339.65132422183626,-562.7172421295198,339.2083693526705,240.47028971224066,16.631493604080575,11.406504,10.19,54.34573064811206,53.07443490073745
14.498999999999995,-557.3860829305828,392.0783785235419,-572.8391695785925,338.998422102839,-563.6971242435965,338.6507626795557,240.24253898867616,16.68563874896615,11.142103,10.326944444444445,55.283629227598794,53.799064835990684
14.59899999999999,-558.4023323861038,392.25648970851967,-574.3846030401501,338.35573767092035,-564.6561018051266,338.09508605611956,239.57389724175852,16.790184637288633,11.025046,10.331944444444444,56.22031701687527,54.521255282178934
14.699000000000012,-559.4185818415656,392.47912869033513,-575.9475165261146,337.7297221401954,-565.579334345775,337.5532756792765,239.61314485072498,16.882806184919787,10.384456,10.363888888888889,57.190062068497255,55.270283158407466
14.799000000000007,-560.4548888521114,392.70176767135956,-577.5118306586922,337.0936810471278,-566.5089695709827,337.02354551991664,240.99483257368288,16.892597588957337,11.016498,10.463055555555556,58.16526937787832,56.00639530710791
14.899000000000001,-561.4711383075879,392.980066398431,-579.0581493613494,336.4291368749806,-567.4339090100993,336.5134273964959,241.26183090621385,16.77020148465166,10.109217,10.493888888888888,59.222551344664154,56.78059487734861
14.998999999999995,-562.4740160597246,393.2472331770841,-580.5748511195717,335.7385899463408,-568.354796402523,335.9926488652473,239.8242797982307,16.56238108806026,11.05131,10.39,60.29000146048023,57.5558077187826
15.09899999999999,-563.4702079601617,393.54779580178354,-582.0583066044899,335.0191391765249,-569.3161816633694,335.416303933203,238.31224417688054,16.41425953955783,11.368805,10.451944444444445,61.40945413833855,58.42470158593404
15.199000000000012,-564.486457415668,393.85949037569225,-583.5422811485831,334.3215809746598,-570.2931568336528,334.79731681557047,236.9955871636696,16.39036343429232,11.763874,10.551944444444445,62.51309522000552,59.34693002823965
15.299000000000007,-565.516078574514,394.1934488480199,-585.0502947228722,333.69294546508047,-571.3169449837003,334.1215640102648,236.18399244686682,16.29219948395158,12.770668,10.661944444444446,63.57591139826343,60.35131646499299
15.400000000000006,-566.6192441018629,394.5608031679758,-586.5924420141449,333.11148076869284,-572.3873000576546,333.39895138006415,235.7687842566804,16.347217685581835,12.802659,11.155,64.61383642977874,61.433236799273516
15.5,-567.6622369640786,394.96155333476895,-588.1396301613412,332.566990641997,-573.4571430665385,332.66929193027534,235.64273354175162,16.45787255866906,13.096909,11.141944444444443,65.66890501430298,62.561224153800666
15.59899999999999,-568.7319732330334,395.3956993483994,-589.6861707304951,332.0459834214046,-574.5229559272258,331.94692183187794,236.1044573105357,16.511145519232127,12.91434,11.415000000000001,66.72529431028057,63.71250151191264
15.699000000000012,-569.7682802435792,395.7964495159835,-591.2520110961855,331.5309021516155,-575.6108203943875,331.22403432261785,236.68085285243745,16.456553932245765,13.208896,11.191944444444443,67.7614290683797,64.8361942075428
15.799000000000007,-570.8380165124893,396.19719968277667,-592.7895769302645,331.0028574007466,-576.7382362696741,330.48841110127483,237.06416161737997,16.061315768089827,13.7149105,11.35888888888889,68.79079350001516,65.973157344723
15.900000000000006,-571.9077527814292,396.5534220527322,-594.2866230485821,330.43615474553826,-577.9158312442459,329.72414172327314,236.9692568881945,15.640216391431,14.084411,11.293055555555556,69.80191165437373,67.0988056240108
16.0,-572.9908607537238,396.9319083218975,-595.7108060649894,329.83417070406597,-579.1317998328278,328.93563401019617,237.1033290122551,15.29086210918131,14.900599,11.375,70.83997676720581,68.27301409082068
16.099999999999994,-574.0873404293731,397.29926264106234,-597.1179863379638,329.2163779763353,-580.3910543447055,328.13341532633115,237.89601612181855,15.446657830640836,14.961641,11.473055555555554,71.87273360070152,69.4525107097725
16.200999999999993,-575.1303332916035,397.74454060469316,-598.5580630981619,328.6174493560143,-581.6570606982035,327.3536124461531,238.85721584850796,15.439644538654344,14.482912,11.383055555555556,72.98913116616941,70.69286341393178
16.299000000000007,-576.2669280773466,398.12302687306754,-599.9609253835868,328.0693850065826,-582.8689364268934,326.6334156006429,239.70395579646421,15.299179326944635,14.287784,11.733055555555554,73.95213483805486,71.7938091629764
16.399,-577.2831775328528,398.5460409374885,-601.407818081992,327.55082876958573,-584.1044927246286,325.9108317314281,239.65582734167322,15.445838889001058,14.338967,11.241944444444444,74.9821207514878,72.95480763701394
16.498999999999995,-578.3261703950241,398.9356591558632,-602.887781095643,327.07572044155233,-585.317383215774,325.1977624826408,239.43667098503568,15.645119672424153,13.80053,11.191944444444443,75.94157960059349,74.0685794550958
16.59899999999999,-579.3424198505451,399.45886076237804,-604.4107616610729,326.65286780033404,-586.5234923136861,324.478766262916,238.9705698186968,15.975762418396672,14.282826,11.336944444444445,77.00087254258005,75.32318615717965
16.69999999999999,-580.4723287846034,399.83734703154335,-605.9555226259453,326.24839609192867,-587.8040140984137,323.6950089115461,238.1242395355642,15.646022433741228,15.447421,11.798888888888891,77.87635628833965,76.49450479557815
16.799000000000007,-581.6289811254156,400.2937569443836,-607.4390702109547,325.8428738247572,-589.1126150290147,322.886919953698,238.48130969827875,15.42418758502811,15.623438,12.27,78.79780895364878,77.76775160248408
16.899,-582.792319317883,400.7056390595951,-608.9086834167842,325.44475027537123,-590.4603339044909,322.0721678158704,239.2035229990411,15.027758292422245,15.874281,12.306111111111111,79.66345369325695,79.00646332761717
16.998999999999995,-583.8887989935322,401.0062016850855,-610.3323980944308,325.0648270596398,-591.7991216148145,321.2650097227383,238.6156683012369,14.442941127389785,15.391809,11.666944444444445,80.41365750549674,80.13258325767788
17.09899999999999,-585.0521371860144,401.35129210662257,-611.7175392591938,324.69211009830263,-593.1071186107476,320.4352482636519,236.6171915118207,14.24531882197571,15.592639,11.938055555555554,81.1644864082133,81.31598168226435
17.199000000000012,-586.2221612301665,401.61845888448465,-613.1125849659815,324.31688559058443,-594.3896067404316,319.57495774650965,235.66636805080088,14.647264458394837,15.294509,11.981944444444444,81.845147213527,82.44903422806149
17.299000000000007,-587.3721277192642,402.00807710206834,-614.5654127391758,323.9626345790942,-595.6366886909898,318.72873881665925,236.02045596819173,15.267377126804572,14.8473,12.081944444444444,82.64723739352098,83.68841707973078
17.399,-588.5488376150713,402.31977167597717,-616.0749994430101,323.66160994418465,-596.8999056408626,317.8913402694716,236.88046561868305,15.525777231273421,15.46496,12.148055555555555,83.33544259198906,84.84044063378272
17.498999999999995,-589.8057777311107,402.53127870858316,-617.6169192996592,323.4062045387264,-598.2046622647249,317.0501655495534,237.49754116403892,15.734863094723279,15.583612,12.556111111111111,83.87035803984136,85.89273524760888
17.59899999999999,-590.9490583685235,402.85410523170145,-619.1357594059654,323.1363288629362,-599.5270894898969,316.210677600711,237.68604427863696,15.126287661454201,15.744078,12.084999999999999,84.55420737346306,87.06702113639774
17.699000000000012,-592.1057107093359,403.2548553984945,-620.5749545724054,322.80431701384657,-600.8530199287541,315.3740483502954,237.8126679513609,14.424804211019346,15.612217,12.18111111111111,85.33924637887677,88.31507043547502
17.799000000000007,-593.275734753488,403.5999458200316,-621.9508522359132,322.42221084554166,-602.1845715446628,314.5349102347223,237.7499290727941,14.13832500322036,15.865923,12.178055555555556,86.09347837217068,89.50948517774083
17.899,-594.4190153909158,403.98956403840634,-623.3015520131055,322.01509661335683,-603.5266439675364,313.69853174198005,238.3899229299552,14.07651954241589,15.761694,12.096944444444444,86.91383222107189,90.74921162987573
17.998999999999995,-595.6024111384078,404.41257810361833,-624.6505822179766,321.594852631505,-604.8850346986334,312.866540790867,238.6340029506809,14.183091076526814,16.09703,12.405,87.76429738476936,92.01545548345946
18.09899999999999,-596.8794088094716,404.60182123701446,-625.9984280476358,321.1554038584072,-606.2656088155917,312.03159710938144,239.03564636506758,14.171712550007367,16.171516,12.651944444444442,88.38111707099713,93.04486630435395
18.199000000000012,-598.0962338153873,404.90238386250485,-627.341995595267,320.7070124566942,-607.6395633687827,311.21195271891025,239.33043315066246,14.156664889455719,15.82589,12.57388888888889,89.13010236866032,94.17521981305563
18.299000000000007,-599.2528861561699,405.25860623325127,-628.6997601152995,320.2673969654643,-608.9737026924151,310.3988317431801,237.9292648626701,14.387106782182501,15.424444,12.233888888888888,89.94789624424588,95.35654718181912
18.399,-600.48976871714,405.5925647055789,-630.07580952121,319.83606337457627,-610.2710930909353,309.5536956678506,235.91732356506833,14.45439608394216,15.547905,12.63888888888889,90.71665409942297,96.53568600549401
18.5,-601.519389875986,406.00444682158144,-631.4544184613178,319.38802375509636,-611.5761909209804,308.6455969465695,234.43993470158966,14.252974856041973,15.938762,11.536944444444444,91.64338863899,97.87688642495584
18.599999999999994,-602.6426129583597,406.4385928352119,-632.797296958679,318.9224751436518,-612.8784177141499,307.71737823664967,234.59749809525064,14.173243822287349,16.044918,11.89888888888889,92.56552178301656,99.2504403557689
18.69999999999999,-603.7190350789992,406.8727388496333,-634.1218411121553,318.4486884660381,-614.1799147027555,306.798596182782,234.9653369997246,13.961602109216319,15.817794,11.69111111111111,93.50477688829749,100.61940187164718
18.80000000000001,-604.8222006063331,407.1510375767049,-635.4149234545993,317.9528510042406,-615.4563505044928,305.89620455837246,234.51155442598088,13.74100942395709,15.446482,11.448055555555555,94.2986276627978,101.81172011918329
18.900000000000006,-605.9654812437611,407.4404682529858,-636.6929419208858,317.41803618876025,-616.7057105630894,304.9936434447351,233.79678957655523,13.968919742501388,15.379543,11.678055555555554,95.12210633928554,103.00827364403392
19.0,-607.0753326227948,407.7187669792663,-637.987585598156,316.8493912282726,-617.912906016354,304.10311070037085,233.3607686944607,14.312091421266205,14.6231365,11.516944444444446,95.98338832000049,104.18088703388445
19.09899999999999,-608.205241556853,408.0193296047567,-639.2810827306265,316.2601374276827,-619.0642483131734,303.25073307885253,233.6143197075399,14.403669864224947,14.3168955,11.589999999999998,96.878569630475,105.32984783878457
19.199000000000012,-609.3418363425961,408.2419685865721,-640.5679725741219,315.6347728426506,-620.2212140503018,302.4011089942001,233.80139042765015,14.216647993290177,14.391544,11.57,97.73005825999901,106.3985357914249
19.299000000000007,-610.5319179418025,408.34215612787494,-641.8370917015744,314.97958776768917,-621.4017221924621,301.5347522063489,233.65242140091615,14.349165141304521,14.894474,11.593055555555555,98.4712296812621,107.35908986622266
19.399,-611.655141024176,408.3532880770843,-643.1355743856956,314.31484615555985,-622.5601441565487,300.66652298276495,232.61508131283185,14.827095707709654,14.060215,11.198055555555555,99.16776816918389,108.23750953249144
19.5,-612.8117933649586,408.42007977154987,-644.5010437335052,313.6579892217425,-623.6775847829515,299.81220723176966,232.58672563155082,15.181195966432847,13.793289,11.443888888888889,99.9202801952152,109.15005909644059
19.599999999999994,-613.9417022990317,408.4868714660154,-645.9179028632003,313.04737675577854,-624.7409131655646,299.00274503810857,232.86145889431603,15.685976722512379,12.934274,11.36111111111111,100.65373591211238,110.0154393484011
19.699000000000012,-615.0782970847748,408.4534756191781,-647.3756980770886,312.4630304272346,-625.7479313676456,298.2336472872417,232.39292838692566,16.04230750164596,12.664355,11.344999999999999,101.2782685426929,110.73505160179293
19.799000000000007,-616.2148918705178,408.4534756191781,-648.8681577397097,311.8540867872153,-626.7410893759968,297.47384154646966,232.77709658856085,16.196469725008527,12.345124,11.334999999999999,101.9690035973328,111.47771083421395
19.900000000000006,-617.2979998428273,408.5870590081091,-650.3787346549915,311.2265457709764,-627.738250347851,296.72549378254206,233.44808459764957,16.194452315127865,12.34317,11.08611111111111,102.82706138712044,112.34771295100512
20.0,-618.4479663319547,408.59819095652756,-651.8427277683803,310.57575805861404,-628.7634543357369,295.9769815467958,234.26225762453043,15.8577244188007,13.044977,11.333055555555555,103.55485233740491,113.0926438883928
20.099999999999994,-619.4909591941704,408.60932290573703,-653.2437625869603,309.87595524914644,-629.9021911784853,295.1687675672152,234.96155261348756,15.470450871291787,14.88353,10.64111111111111,104.34332573616685,113.91730925080464
20.19999999999999,-620.5673813147803,408.64271875415625,-654.5795735019502,309.12690252687077,-631.1285080952838,294.29787980668186,234.28345706295028,15.170997271918404,15.198876,10.798055555555557,105.16761334536332,114.83152699845859
20.30000000000001,-621.6371175837498,408.7206423970402,-655.8723157890116,308.3319319975751,-632.3734110196186,293.3828176407092,233.10058569490243,15.183711375157136,15.703398,10.783055555555556,106.06574363017133,115.83644424904968
20.399,-622.680110445921,408.59819095652756,-657.1307906335037,307.51361351297624,-633.6016758105906,292.4639318085797,233.3005336414582,15.14468991268508,15.285426,10.511111111111111,106.79391912617699,116.64667478268494
20.5,-623.7498467148756,408.5536631604809,-658.3933734631237,306.6566781702553,-634.8800057026754,291.53405902610774,234.60373760563914,15.072433810575989,16.018703,10.72111111111111,107.62513412607129,117.54772728921262
20.599999999999994,-624.7527244669975,408.5870590081091,-659.6669532703526,305.8430081755322,-636.1417996377743,290.6260504666208,233.89584824975503,15.172017495062622,15.072746,10.258055555555556,108.51425415317648,118.50953788354201
20.699000000000012,-625.8157748842526,408.60932290573703,-660.9708834733407,305.1162538584572,-637.3675925175116,289.7021309621698,232.14027691758412,14.995138789242153,15.940797,10.568055555555556,109.3009469343043,119.46700291936854
20.799000000000007,-626.8186526364042,408.5647951088993,-662.311825785216,304.45382582152854,-638.6096510748438,288.7247227608425,231.45358700011985,14.926216606878876,15.670125,10.194999999999999,109.99481472381959,120.41873020657034
20.899,-627.8415879435656,408.53139926206205,-663.6593426706997,303.8257986456561,-639.8390137114346,287.7405626726281,231.1900264143597,14.807424535439345,15.825377,10.271944444444443,110.66243424999944,121.38519032003397
20.998999999999995,-628.8912666574658,408.4646075675966,-664.9865957347116,303.19614405742146,-641.0861352117761,286.75185582207183,231.9913078908501,14.57374579258848,16.005281,10.373888888888887,111.28486955102089,122.32215153652525
21.09899999999999,-629.9543170747063,408.37555197550313,-666.3065715963252,302.55603391854817,-642.3295870616965,285.77978444711823,231.97526507258644,14.766298982622375,15.561127,10.481944444444444,111.88948480804967,123.2187872165795
21.199000000000012,-630.9638806785426,408.3310241786655,-667.6172393162888,301.86691156946375,-643.5604728930782,284.80980731831636,231.54927095190658,14.862427629981996,15.7819395,10.141111111111112,112.5969625393688,124.16185062280883
21.299000000000007,-631.9801301340191,408.2864963826188,-668.8906716881704,301.1183288242285,-644.8147849399621,283.81826286550785,231.794210409325,14.685612531829985,16.195995,10.201944444444443,113.34639039530084,125.12821232183323
21.399,-632.9027776659682,408.2308366373627,-670.1376696724776,300.34648162527975,-646.1083323447602,282.802801338415,231.93830929480038,14.64559205214372,16.694315,9.584999999999999,114.12918662248306,126.1212857265919
21.5,-633.8855978630655,408.1417810444783,-671.4052741784587,299.56360276939535,-647.4429611254064,281.7662374727981,232.38997478949096,14.857301689778932,16.76894,9.653888888888888,114.87796528641852,127.10066920226942
21.59899999999999,-634.875103911803,407.91914206266296,-672.6671398463994,298.7969998382351,-648.7628130109533,280.76177372177585,233.0652599820431,14.97056708938741,16.738728,9.761944444444444,115.48108028473797,127.91350510170011
21.699000000000012,-635.7776938887573,407.8634823174068,-673.9417330652842,298.01088798569054,-650.1037714806952,279.7605213285207,233.4396879011612,14.980863289488877,16.731892,9.166111111111112,116.29310541763041,128.90153262583922
21.799000000000007,-636.6869697173369,407.74103087768515,-675.2082453069233,297.1982525222196,-651.4514928905837,278.7724653558863,234.06850908131725,15.116486978279173,16.690805,9.305000000000001,117.06235312684626,129.810947293685
21.899,-637.5227011774433,407.62971138717296,-676.4795958779791,296.36235893726615,-652.8483162281644,277.7749163162061,234.8445804148219,15.314144821528958,17.639091,8.635,117.8900477814833,130.7560410826425
21.998999999999995,-638.385176044289,407.551787743498,-677.7714879088611,295.52002188753573,-654.2826525581888,276.754692923868,234.30685952409166,15.531226099909587,17.564571,8.70888888888889,118.75351836092472,131.75966671468655
22.09899999999999,-639.2008499493411,407.5406557942886,-679.0891403769295,294.67060787178383,-655.7082024217127,275.71990991039587,233.74421496927323,15.82296078541823,17.666342,8.373055555555556,119.71099962519807,132.8502981970042
22.199000000000012,-640.016523854423,407.41820435456697,-680.4216956501791,293.79747398991276,-657.110962022033,274.7011484609367,234.28766543795493,16.040440073123882,17.007435,8.42611111111111,120.5912446093912,133.81344006242134
22.299000000000007,-640.7853967977263,407.32914876168263,-681.7668624582085,292.91392219360586,-658.4788441683779,273.7292815149129,234.93424830976002,16.147912611449662,16.55276,7.831111111111111,121.53322425701386,134.7664001456317
22.399,-641.6077565544633,407.206697321961,-683.1392742630356,292.0535192535698,-659.8081436312522,272.8081449486221,235.64242414454168,16.252238481949995,15.7930565,8.0,122.4137303672593,135.62531094819306
22.498999999999995,-642.390001201151,406.98405834093654,-684.5408009288163,291.2411567696065,-661.0968240224632,271.9337933610151,236.05065657357235,16.152719194306695,15.35317,7.84,123.17917511427143,136.33972015232746
22.59899999999999,-643.1187590343308,406.88387079884274,-685.9497804034482,290.46805805792934,-662.3882046058409,271.0539460769493,235.4252731401871,15.99037026754977,15.899783,7.533055555555555,124.04490254601038,137.1899412587841
22.699000000000012,-643.814087609176,406.79481520595846,-687.341732611027,289.66907328794383,-663.6912167536353,270.1573250837088,235.51035737276405,16.11749683103359,15.734194,7.20888888888889,124.95237212335162,138.07571824884118
22.799000000000007,-644.496044480607,406.73915546070225,-688.7242279968337,288.7914501796111,-664.9951164112035,269.27486883934506,236.31020645476664,16.64049592126557,15.755513,6.883055555555555,125.96742991035488,138.98432302362167
22.899,-645.131200390289,406.70575961307406,-690.1262685705533,287.85904589384194,-666.3014590385835,268.4153189002503,237.00663665474812,17.034991016999896,15.52034,6.706944444444444,127.07909947118665,139.90148621005676
22.998999999999995,-645.7396128932321,406.5833081741434,-691.5616415911016,286.935064696147,-667.5930525630316,267.582502766126,237.36931893906592,17.110114467657805,15.216089,6.34,128.1224433163772,140.7081970941248
23.09899999999999,-646.3613970995596,406.494252581259,-693.01931997314,286.0244732417084,-668.8907946949408,266.7485934793442,237.1848265290338,17.26436200602989,15.635462,6.378055555555555,129.18951002692515,141.55007239079515
23.19999999999999,-646.943066195808,406.60557207177123,-694.4867874780779,285.0818650440305,-670.2915215941864,265.8504472418077,237.46491121760556,17.274813839388237,17.31398,5.885,130.49297606817893,142.67850411112633
23.30000000000001,-647.4913060336476,406.46085673363075,-695.925111195563,284.11298559747286,-671.7222959626296,264.9392824796621,237.55629798592895,17.411547176377184,16.611458,5.611944444444444,131.5858467085738,143.5809766377844
23.400000000000006,-648.0930326849058,406.3829330899558,-697.3587251704761,283.1163215014005,-673.1209854989863,264.0615960298768,238.23066931079788,17.509125868688447,16.414352,6.08,132.74699992318676,144.50522967917965
23.498999999999995,-648.6279008193907,406.41632893758407,-698.7779151924311,282.1136315731095,-674.4911081126062,263.2303948284913,239.29705835909525,17.595507932774087,15.9615755,5.413055555555555,134.0379965297166,145.50298010070205
23.59899999999999,-649.1627689538607,406.282745548653,-700.2145515634562,281.072826257006,-675.8543254885744,262.41924916992957,239.19507187156196,17.88634727230689,15.764256,5.575,135.21763345303066,146.31864126131293
23.699000000000012,-649.6240927198278,406.13803021130354,-701.6606413805943,280.0109138413321,-677.1766079816002,261.62036859360614,238.51296561645856,17.99591397933669,15.133807,5.3,136.43992040575452,147.12068385069955
23.799000000000007,-650.0921023374946,406.0601065660466,-703.1192690245528,278.95583791820223,-678.4725227670024,260.8246722354728,238.38748785932492,18.00898562545863,15.280207,4.933055555555556,137.7220952329743,147.9823626279363
23.899,-650.5667978068311,405.97105097395325,-704.6017560571264,277.92321431281414,-679.8072516351795,260.02041842622316,239.4488921748047,18.127211141133177,15.8873,4.716944444444444,138.98210383610157,148.85090285641635
23.998999999999995,-651.0147498694436,405.94878707632535,-706.1151493855436,276.9078473576587,-681.1735482019154,259.22628678026587,240.22238519823128,18.322333892751278,15.719821,4.51,140.31257303004034,149.7900037051401
24.09899999999999,-651.5161887455195,405.88199538185984,-707.6447449545032,275.8898133844167,-682.5355129890035,258.44477491637286,240.08201053842424,18.42580441065226,15.685354,4.631944444444445,141.59230982846992,150.66496757743985
24.199000000000012,-651.9708266598166,405.8040717381849,-709.1814577492615,274.86647790827465,-683.9425580430941,257.63408787212734,240.02213644883307,18.499566859302043,16.792269,3.8530555555555557,142.89055177869224,151.5801297219138
24.299000000000007,-652.351920205611,405.77067589134765,-710.7314876751489,273.8488419974076,-685.4235871852379,256.78211049306407,240.15534913620098,18.585573577544732,17.379747,3.8988888888888886,144.2620676264923,152.6149657676139
24.399,-652.8065581199231,405.7150161453006,-712.2981226923282,272.84068471190085,-687.0079004032532,255.88346929164328,240.6950753792142,18.674485920625752,19.04924,3.5519444444444446,145.5844573062166,153.68547181351008
24.498999999999995,-653.1943375174172,405.61482860399775,-713.8751973286038,271.8365653200038,-688.7144133758089,254.94082227348264,241.456536288943,18.717615250765437,19.942747,3.2338888888888886,146.89721057496797,154.80417298210668
24.59899999999999,-653.5620593598718,405.55916885874166,-715.4567521657357,270.8368924049633,-690.4865710771563,253.987411835311,241.9787873192047,18.70260102501434,20.30458,3.361944444444444,148.26005790643865,156.00454189775942
24.699000000000012,-653.8495509821388,405.514641061904,-717.0421733474468,269.84285291659376,-692.3792630249006,252.99232614160817,242.52710792914505,18.722954155984045,22.462616,2.803888888888889,149.66676858925757,157.31368427045385
24.799000000000007,-654.2239586762632,405.42558546901967,-718.6373611071222,268.8534733539467,-694.3110540807918,251.99105844230903,242.6815200549328,18.81924265955589,21.054564,3.005,151.00009344464607,158.58477008175208
24.899,-654.5047644468752,405.48124521427576,-720.246299873531,267.86802460155513,-696.2575638780556,250.98681097148562,242.73595104547022,18.9156631424742,22.751438,2.693888888888889,152.51015693277466,160.03695345869397
24.998999999999995,-654.7655126624032,405.43671741902,-721.8656334638642,266.88235431038413,-698.2240347185316,249.97882963586687,242.99378205327906,18.99892077772196,21.44385,2.395,153.94719142618476,161.41808452990148
25.09899999999999,-654.9393448061182,405.4144535198102,-723.4954438197072,265.8973662222693,-700.1214075636889,249.0162230114609,243.2072088319653,19.087846244462497,21.108006,1.6919444444444445,155.45081653034399,162.7938122324427
25.199000000000012,-655.2201505767005,405.38105767297293,-725.1408974139424,264.9148390712689,-702.0011712413767,248.07340219149916,243.52061674590192,19.241818139788027,20.951265,2.041111111111111,156.90656266243099,164.11630743928805
25.299000000000007,-655.3739251653907,405.3921896221824,-726.805746565731,263.937454155885,-703.8461185162139,247.16702647644462,244.16433482873137,19.36947940207703,20.160683,1.4619444444444445,158.46749601861669,165.4834003177809
25.399,-655.5745007158002,405.40332157139176,-728.4860615239746,262.96962812844885,-705.7758826078317,246.24543996931638,244.74731938527694,19.412984537568775,22.610472,1.6049999999999998,160.0107894089719,166.88741720072795
25.498999999999995,-655.6814743427269,405.40332157139176,-730.1750366389209,262.00548967538555,-707.8116463680722,245.28904181003665,244.9255092595626,19.482773277555534,22.374165,1.43,161.59278763624383,168.38686830893192
25.59899999999999,-655.9154791515306,405.38105767297293,-731.8649476854554,261.0377928463288,-709.8208947546301,244.3562739403622,245.27300816230942,19.464599186129142,21.930147,1.6980555555555557,163.1051803941259,169.808052834596
25.699000000000012,-656.0959971469155,405.3699257245545,-733.5480389958334,260.06582512059504,-711.812821880109,243.4491260051037,245.7577304569902,19.40716860870313,21.84554,1.4799999999999998,164.65752469563031,171.23875128059044
25.799000000000007,-656.2832009939704,405.3587937745541,-735.2225107234333,259.0918088209248,-713.7457140637081,242.58701334322907,246.1800003520016,19.33591677150113,20.483511,1.675,166.20904159518307,172.61689637191736
25.900000000000006,-656.47040484104,405.34766182534463,-736.9040505656714,258.1069023357235,-715.621168626706,241.76004920421872,246.23121418451936,19.253226010490348,20.10427,1.7438888888888888,167.77786689440288,173.9532116964421
25.998999999999995,-656.6977237981887,405.31426597850736,-738.5398618236245,257.13885988358254,-717.3869576892936,240.98098659336046,246.15236946233142,19.146590820803464,18.885897,2.011111111111111,169.27517989348107,175.1816480792608
26.09899999999999,-656.9451003103471,405.3031340300889,-740.1771396875122,256.1663678198869,-719.0395181445906,240.25206208524887,246.2486263719134,18.939743378782772,17.23772,2.3280555555555558,170.79036101173395,176.345039840406
26.199000000000012,-657.17910511921,405.26973818246074,-741.798932514351,255.20882379958664,-720.5174020666735,239.60480608540269,246.46291258729238,18.72782352339101,15.03047,2.1888888888888887,172.2753412819366,177.3601127281101
26.299000000000007,-657.399738224674,405.25860623325127,-743.4037823670596,254.26539149068546,-721.8108463834043,239.04367042155567,246.64368077165614,18.504461397156522,13.167944,2.246111111111111,173.76894575021169,178.25878867848772
26.399,-657.6471147368769,405.26973818246074,-744.9879110883134,253.32884283816563,-722.8682866700808,238.58389867783913,246.3105058137876,18.301026712176384,9.893548,2.2730555555555556,175.25538618065104,178.9915371175437
26.498999999999995,-657.8543761389712,405.2808701308792,-746.5525907437387,252.39479706286684,-723.7271218445231,238.20163922456334,245.66907956213868,18.144401024095593,8.908024,2.3130555555555556,176.75272165438076,179.59590203296486
26.59899999999999,-658.1351819095681,405.3031340300889,-748.1008529254206,251.4652188611079,-724.543073601069,237.82953946821735,245.30439192553794,17.97337266414832,9.027903,2.396111111111111,178.21314795735805,180.15940984135202
26.699000000000012,-658.3357574599926,405.38105767297293,-749.634601740216,250.54782838943723,-725.3797668832776,237.4449801858524,245.3264508006505,17.770223784749152,9.388845,2.3369444444444443,179.74651000025682,180.824294057269
26.799000000000007,-658.6165632305897,405.42558546901967,-751.1566771087048,249.65089478684527,-726.2562603024168,237.04250816619307,245.34535840788982,17.563912596314488,9.900784,2.696111111111111,181.1889260791112,181.46071018801345
26.899,-658.9374841113103,405.4144535198102,-752.6673640036677,248.77781204010395,-727.1624434535146,236.62731631393373,245.42184827353978,17.33313304161432,10.034638,3.1319444444444446,182.53856534627903,182.0542302815312
26.998999999999995,-659.2784625469961,405.48124521427576,-754.1637615264423,247.9245696789489,-728.0916179340045,236.20354378588442,245.54302884720994,17.118184735309743,10.390342,3.3599999999999994,183.92206493013052,182.72982940723213
27.09899999999999,-659.6060692793866,405.4923771642761,-755.6391488386673,247.08293828857148,-729.0582216283977,235.76354992439218,245.50807842170695,16.853084655987587,10.850349,3.421111111111111,185.24552003909497,183.38886624366435
27.19999999999999,-660.0339637869448,405.52577301111336,-757.101512143333,246.24465143504608,-730.0232188757328,235.32166034580794,245.2766034724741,16.525044157487546,10.166733,3.6761111111111116,186.5277047369899,184.03243137030879
27.299000000000007,-660.3682563709904,405.61482860399775,-758.5080427702313,245.4343797197154,-730.9481798640938,234.89356367855478,245.0542500113397,16.26747807126916,10.42371,3.856111111111111,187.8541824907256,184.73569199815077
27.399,-660.8228942852876,405.648224450835,-759.9054771901735,244.62447649377697,-731.8927434004448,234.45732449100774,245.36737144637866,16.035890239138535,10.385067,4.411111111111111,189.0661409169864,185.3570815542444
27.498999999999995,-661.1772444243578,405.79293978897545,-761.2800738938384,243.8227812911231,-732.8437723635494,234.02540022955264,245.778468664385,15.790128142241484,10.505397,3.793055555555555,190.4072181184719,186.11872252182692
27.59899999999999,-661.6786833004336,405.8040717381849,-762.6331995065843,243.03415886397238,-733.7899913041606,233.60017152811258,245.8240188090979,15.533245872794954,10.242132,4.538055555555555,191.5355290265926,186.69286003907308
27.699000000000012,-662.1065778080213,405.94878707632535,-763.9694568803668,242.26426862114036,-734.7214096234051,233.1788067683171,245.49227624571708,15.310460527670132,10.203866,4.858055555555556,192.79177294379832,187.40965795605635
27.799000000000007,-662.5344723156093,406.1268982605122,-765.2925880349604,241.5104125288635,-735.6300278691627,232.76228662314438,245.24819622499137,15.145954266451701,9.786939,5.098055555555556,194.05622309225143,188.14422342941594
27.899,-663.0693404500495,406.26048165023417,-766.6040209794926,240.77397906089936,-736.5153949144666,232.35537491852622,245.38570609582277,14.93549583529928,9.70104,5.265,195.2055650118197,188.77846557210083
27.998999999999995,-663.6042085845194,406.40519698837466,-767.9047523554651,240.06336661545285,-737.413973396245,231.9455763387616,245.57993878837212,14.708991636009504,10.051235,5.473888888888888,196.3369755362674,189.4308333370498
28.09899999999999,-664.1123333122799,406.6389679186085,-769.1984135818594,239.38298379580988,-738.3421933880865,231.52607194418485,245.77674979099953,14.525479279829225,10.321093,5.55,197.52885483217477,190.19621043391777
28.199000000000012,-664.707374111883,406.85047495200547,-770.4819274562954,238.72672371254316,-739.28148258855,231.1066647722894,246.1013303819412,14.305777990983215,10.252435,6.273888888888888,198.62993698342285,190.91145715114578
28.299000000000007,-665.2154988396139,407.10650977986717,-771.7454131811616,238.08528395588226,-740.2143137359928,230.69345007711613,246.11508136902435,14.033884429258926,10.152666,5.978055555555556,199.79188529232107,191.69347894372336
28.399,-665.8239113425719,407.31801681326414,-772.9870155253826,237.45425082259186,-741.1352582576893,230.28009318914724,245.5366804748398,13.821308374089096,10.036724,6.366944444444444,200.84230105889,192.390814165614
28.498999999999995,-666.3922087354509,407.5963155395447,-774.2158194102229,236.83266558750867,-742.0435891816027,229.86156782462115,244.98434916033372,13.720200728490335,9.965794,6.333055555555555,201.95582478325875,193.1651415465428
28.59899999999999,-666.9738778316696,407.87461426740714,-775.4391085216475,236.21918425388864,-742.9590858692587,229.43168761818785,244.713913081032,13.649843697773903,10.262275,6.416111111111111,203.05243884710194,193.94749266658323
28.699000000000012,-667.6023478896819,408.1417810444783,-776.6577773504883,235.6115829976568,-743.872637951674,229.00102335307716,244.8075916805359,13.584952946594347,9.937228,6.828055555555555,204.1072167586349,194.7012280710877
28.799000000000007,-668.237503799364,408.4534756191781,-777.8775479672923,235.0175769350742,-744.7712848803857,228.5799241424015,244.97776014568973,13.550319774388296,9.911127,6.928055555555555,205.18516086088687,195.4786795725466
28.899,-668.8258587472824,408.78743409150576,-779.1061288808452,234.44764056989442,-745.6473738415802,228.17544580665074,245.4713632861949,13.538018587124153,9.388115,6.978055555555555,206.2913027393294,196.27082180903008
28.998999999999995,-669.5011297670435,409.09912866541447,-780.344870036269,233.90318972802913,-746.4665536550882,227.80585984634337,245.98501994952966,13.52543469883368,8.585928,7.409999999999999,207.31606733927683,196.95412103677947
29.09899999999999,-670.1764007868195,409.4108232393233,-781.5800568533733,233.37532752237684,-747.2577076705746,227.45105987725293,245.7091407711742,13.339603171459364,8.755491,7.42,208.32491530612964,197.61296352640503
29.199000000000012,-670.8449859548956,409.74478171165094,-782.7959050334308,232.85482053468115,-748.0353815367242,227.09984806825747,245.68049288141765,13.111990951673773,8.310574,7.543888888888889,209.3395964640197,198.28648202960986
29.299000000000007,-671.5603720847803,410.089872133188,-783.9916334588683,232.335095905299,-748.8214862133617,226.7453410438894,245.7687283818678,12.964138261939015,8.9362955,7.918055555555555,210.32724266246487,198.95853044477502
29.399,-672.2490148078961,410.434962554725,-785.1661450372114,231.8071898120003,-749.6514091245426,226.3712144889858,245.70111936204236,12.790646422786919,9.270769,7.863888888888888,211.32477255222747,199.67622291589342
29.5,-672.9911443444603,410.79118492547155,-786.3349414547159,231.26689422805637,-750.5390956580083,225.9713088968873,245.79197327961626,12.70715370378205,10.008596,8.241944444444444,212.310591572302,200.42971667931295
29.599999999999994,-673.7466455843941,411.1696711938458,-787.4823393116944,230.72809129413343,-751.4575901423684,225.55725449674307,245.6773817205901,12.645174941375888,10.141582,8.406944444444445,213.29550343205676,201.22365699944788
29.699000000000012,-674.4754034176184,411.5926852598488,-788.609886475641,230.19823157007465,-752.3715484617901,225.14629544868723,245.90115325226745,12.52342490964556,10.102929,8.545,214.31432068887432,202.06450872520452
29.799000000000007,-675.2643339159612,411.9823034766415,-789.74707664546,229.68302591727104,-753.2909599299292,224.73774777772275,246.18333496636936,12.447055424685473,10.019047,8.866944444444444,215.26570786248564,202.85136924854393
29.900000000000006,-676.0666361176736,412.36078974580687,-790.9057358192096,229.19548915181426,-754.2012367017901,224.33721366720755,246.31874781167056,12.448481728556757,9.674047,8.84611111111111,216.18868185440925,203.61208453779025
30.0,-676.8756241710558,412.7949357594373,-792.0618400904596,228.74186279954736,-755.094639930572,223.94690639465452,246.48118134659015,12.390599328207774,9.824783,9.126944444444444,217.12530484448388,204.40595055269134
30.099999999999994,-677.7046697794775,413.2402137230681,-793.2177178624959,228.30309241459423,-755.9917004270834,223.55943362831815,246.79802700729746,12.33662244759675,9.718604,9.47111111111111,218.04816696155666,205.20150463622844
30.199000000000012,-678.5604587946236,413.6632277882801,-794.367322373206,227.88844679313763,-756.9013369518514,223.17505179314392,247.3726291913004,12.35442491868684,10.231466,9.503055555555555,218.91436432016408,205.96853736529658
30.299000000000007,-679.3025883312323,414.20869329321374,-795.5261134696107,227.4840979012703,-757.9075069651046,222.7553618215877,247.3454136960317,12.191924345981388,11.572367,9.355,219.94086096011412,206.96161809625957
30.399,-680.1383197913092,414.73189489972845,-796.6699580142052,227.07760874943048,-758.9597238944198,222.3135865165765,247.10076071751084,12.086665638271947,11.251584,9.661944444444444,220.8930823214929,207.9365748150614
30.5,-680.9941088064551,415.23283260782443,-797.8145090099346,226.66201058093563,-760.0174092017852,221.86564199023405,246.99370355349063,12.025804176784224,11.493588,9.90611111111111,221.82416645532038,208.89124541902208
30.59899999999999,-681.9501855968281,415.6335827746176,-798.9208754070178,226.24031423375644,-761.067062270324,221.42237205454808,247.21719147105935,11.895207065973024,11.52488,10.208055555555555,222.60267842787147,209.70806981116488
30.699000000000012,-682.8661472771074,416.1345204835045,-800.0182301374294,225.79566676335352,-762.1545097674359,220.9711767845919,247.70420559692067,11.786116136558952,12.022045,10.459999999999999,223.50277348170152,210.6546347701318
30.799000000000007,-683.775423105687,416.6131942939726,-801.1027040720221,225.34077679281978,-763.2872645746639,220.50811388726927,247.8248132127957,11.734276850745866,12.452941,10.296111111111111,224.3899029717885,211.61128395033026
30.899,-684.7181281926905,417.1141320028596,-802.195449563951,224.9034911728223,-764.4721514232082,220.03256109053004,248.42441354540009,11.81009298300704,13.08254,10.64388888888889,225.26839877102162,212.60726660847118
30.998999999999995,-685.6541474280389,417.62620165937403,-803.3089389928288,224.50279817027007,-765.7082823026237,219.55913501764442,249.648537874697,11.860625472940226,13.392745,10.623888888888889,226.139998570287,213.63339485805486
31.09899999999999,-686.6102242183822,418.1382713174703,-804.4439981986576,224.13539562110424,-766.9498889015164,219.10691756257464,250.33551427105883,12.003479597018954,13.035651,10.803888888888888,226.98439168562734,214.63443688957477
31.199000000000012,-687.5729868604399,418.63920902635726,-805.5997371586911,223.79731624447535,-768.1711122127957,218.66434207869668,249.8212846499288,12.081656971972125,12.943521,10.9,227.80183706193444,215.60613446989078
31.299000000000007,-688.5357495024681,419.16241063287197,-806.7618754210187,223.4772665429743,-769.3486514868354,218.23606153641325,250.21834440195443,12.026604641865578,12.116741,10.963888888888889,228.6265349148978,216.5689795154582
31.399,-689.5118838478804,419.69674418859626,-807.9253399531304,223.16615923896333,-770.5489595181784,217.82598373936975,251.97789779080108,12.06035744290422,13.254753,11.076944444444445,229.44719960687002,217.52887522704336
31.498999999999995,-690.4947040449777,420.25334164273926,-809.0945436894581,222.8566611268792,-771.8517188847399,217.41949499136072,253.32520804605113,12.129124783625512,14.041198,11.283055555555555,230.28541300390043,218.54183400674623
31.599999999999994,-691.4708383903902,420.8099390968823,-810.2802744689285,222.54491510582056,-773.2021138708583,217.0172480663474,253.5011290074681,12.148724440960748,13.860445,11.29,231.13784164319904,219.571087142937
31.69999999999999,-692.4804019941968,421.39993239786264,-811.45535676005,222.23978085775872,-774.5183416856511,216.62300619393545,253.14732756897484,12.132343332086654,13.619732,11.536111111111111,231.99096064936234,220.5987603191535
31.799000000000007,-693.4297929328404,421.9676618004241,-812.6239217427179,221.93834825046997,-775.8013499174587,216.23187493559467,252.94340902489878,12.247800858798199,13.477342,11.183055555555555,232.8496652821548,221.61292245029557
31.899,-694.4527282400464,422.546523152986,-813.8145213259181,221.63486809322004,-777.0769501121282,215.83650673242408,252.6122394193132,12.325616550523488,13.232108,11.608055555555556,233.69366869371717,222.61130458392265
32.0,-695.4088050304046,423.16991230159454,-815.0261061835412,221.33378874822586,-778.3471150550658,215.43388735530678,252.21120906976728,12.396068304949917,13.15319,11.471944444444444,234.6190945047118,223.68061903131328
32.099999999999994,-696.4250544858961,423.7710375517843,-816.230174028731,221.03292942543715,-779.6046558876315,215.0285353026066,252.05736990177465,12.426043399216272,13.271968,11.736944444444445,235.4909916649114,224.7048694056262
32.19999999999999,-697.4279322380327,424.34989890434616,-817.4338645578982,220.72247794295396,-780.8551694226907,214.63414418648264,252.94459504753468,12.435632502354796,12.953451,11.604999999999999,236.3589438953986,225.70069047556828
32.30000000000001,-698.4374958418541,424.98442000137317,-818.6308211067006,220.4031014217806,-782.1079756692484,214.26214055066305,253.9701895008191,12.341518208996543,13.185003,11.865,237.27610783638949,226.72588791633294
32.39999999999998,-699.4336877422912,425.63007304840056,-819.8099478938987,220.0572117430059,-783.3635586975399,213.8970160792191,253.5977669339842,12.238845290879022,12.967034,11.788888888888888,238.22393942123975,227.76108239135004
32.5,-700.4298796427285,426.26459414542757,-820.9734202815187,219.67128727996425,-784.6077445309757,213.51657253061288,252.40143105775076,12.280668897912564,13.055419,11.875,239.18933845667777,228.7960524968944
32.60000000000002,-701.4394432465499,426.910247192455,-822.1297860415045,219.2536103145177,-785.8651049998248,213.1126549885362,251.98489074069056,12.310236632043855,13.357667,11.981944444444444,240.18209276176103,229.8632262774356
32.69999999999999,-702.4490068503713,427.5670321879008,-823.2940305002139,218.8313587297966,-787.1463137226376,212.70184119652623,252.4552890904928,12.459671873622483,13.551768,11.981944444444444,241.19307849716444,230.95602198508425
32.80000000000001,-703.4318270474389,428.2349491333471,-824.4840022689664,218.42674050374373,-788.4585448712719,212.28792972947392,252.53034656165497,12.679652033481382,13.967491,11.92,242.22533627642372,232.08329955709974
32.89999999999998,-704.4614482062999,428.91399802642076,-825.697428314381,218.03954872705071,-789.7664297754313,211.86476024871115,251.59642535559203,12.795089686697935,13.526223,12.216944444444444,243.24102499389286,233.21087346089715
33.0,-705.4776976617914,429.62644276791366,-826.9115691217565,217.6488764085866,-791.065490619281,211.42338732414186,250.88194698506373,12.715033568209263,13.914202,12.43388888888889,244.29628277437675,234.38823287087573
33.10000000000002,-706.4605178588886,430.35001945782506,-828.110737859472,217.24001801422364,-792.4108259379722,210.9560345409313,250.806603035004,12.624761236528435,14.569805,12.183055555555555,245.3867330184787,235.62931922110963
33.19900000000001,-707.4500239076557,431.0847280969458,-829.2803653329431,216.8258927085892,-793.7812295845705,210.48397905633792,251.17757028903935,12.441659442512476,14.711729,12.291111111111112,246.4740972876805,236.8918900066168
33.29899999999998,-708.4595875114624,431.8083047876482,-830.4428826270181,216.40082718641708,-795.1776591200789,210.0106670042907,251.3743812916667,12.31462940390365,14.777565,12.455,247.54859259097725,238.14746706567047
33.399,-709.4958945219931,432.543013426769,-831.5904913399726,215.9644243302406,-796.519693344216,209.556773653356,251.24775761894276,12.241600376516745,13.556707,12.584999999999999,248.6229591714889,239.36583860220478
33.499000000000024,-710.3917986472478,433.3779096071925,-832.7262050344726,215.52182627837385,-797.7995251373978,209.12201014758392,251.22655818052291,12.13660269906508,13.476522,12.34388888888889,249.85391737871123,240.6882196797653
33.59899999999999,-711.4147339544091,434.2016738399887,-833.8712331513108,215.09437689295103,-799.0510067235477,208.69966946698958,251.48238383604874,12.310654853237592,12.940037,12.821944444444444,251.00518275724528,241.93236716302962
33.69900000000001,-712.3975541515065,434.9586463767373,-835.0559851636091,214.69296351336774,-800.2749853472266,208.29660537950633,252.0659413503896,12.710230125164658,12.83303,12.549999999999999,252.1151755559693,243.1010566463851
33.80000000000001,-713.3937460519434,435.7490147619052,-836.2939220760944,214.30919538543392,-801.5146460131233,207.91013454722483,253.30143889191996,12.955952359376363,12.881458,12.66388888888889,253.25885349233405,244.28640639103875
33.899,-714.336451138947,436.6061748407476,-837.5240215062225,213.93682579127918,-802.7450171299083,207.5621984580819,255.11288220348254,13.00847073726929,12.952504,12.713888888888889,254.4736066846746,245.51419033889118
33.999000000000024,-715.2724703742656,437.4522029703806,-838.7755391455937,213.54718271564124,-803.9763359115907,207.24872268924938,256.3444549841165,13.207067292923444,12.460874,12.703055555555556,255.70777479617362,246.70228635910334
34.09899999999999,-716.2887198297572,438.28709915159516,-840.0326456812633,213.14701522427163,-805.1658841873285,206.9654413400487,256.8755868602026,13.178293501705863,11.995664,13.07611111111111,256.90585157980604,247.8081106762346
34.19900000000001,-717.2046815100363,439.1331272812281,-841.2836645326609,212.7367659875127,-806.3137318397054,206.69880245571213,256.9709843330919,13.153481761036725,11.572548,12.526111111111112,258.1683683857557,248.92998655796566
34.29899999999998,-718.2209309655426,439.97915541165213,-842.53373861885,212.31388534294246,-807.4589279560716,206.42863388031287,256.4885538695919,13.239985443234136,11.96032,13.193055555555555,259.3938113026344,250.01853174203353
34.39999999999998,-719.1101492390975,440.9142391341695,-843.8008941111733,211.8770876409163,-808.6063857703186,206.14975028881085,256.1832962802911,13.301187944393117,11.423172,12.903888888888886,260.7792143191181,251.24478417685575
34.499000000000024,-720.0929694361799,441.7491353153841,-845.0607319931777,211.45906335398007,-809.750261168302,205.86602749327173,255.96491341667686,13.51698792599172,12.3857,12.813055555555556,262.01232589802106,252.3475193390201
34.59899999999999,-721.0958471882723,442.595163445017,-846.3717556451234,211.0660399738336,-810.9457155281611,205.56344677866696,255.62600888085709,13.859674505527263,12.277467,13.17611111111111,263.24852944513066,253.48971092825883
34.69900000000001,-722.1522117538573,443.3743998809755,-847.7246661556132,210.69399144149634,-812.1515067882237,205.25142637960968,255.36158885840416,14.20379461761245,12.632752,13.083055555555553,264.4023709728109,254.56320161369572
34.80000000000001,-723.1952046161027,444.153636316143,-849.1075265116527,210.31327168495014,-813.3892201958782,204.9276076615542,255.31558321224412,14.199247108751347,12.701351,13.17111111111111,265.584692585958,255.6639458982258
34.89999999999998,-724.1646531098155,445.01079639498545,-850.4586388199057,209.9163898625177,-814.62172868908,204.6070653713815,255.52757759644246,13.965967595117178,12.7688675,13.076944444444443,266.8699136459441,256.8587869091149
34.999000000000024,-725.2210176753861,445.83456062699054,-851.7685284699417,209.50464699097117,-815.8493751813976,204.28607315829808,255.1676712926419,13.774191344710879,12.865958,13.28611111111111,268.07853432810793,257.9906412695052
35.101,-726.2172095758527,446.7028526550424,-853.0972823444481,209.05797540944621,-817.112661806868,203.9508146716344,255.1063075127834,13.713969720529505,12.761814,13.398055555555555,269.3949527122558,259.21137162821145
35.19900000000001,-727.2602024380534,447.4709571417914,-854.3568508968355,208.61493395613522,-818.3187887389873,203.6310885657628,255.20035853485413,13.53548750610372,12.703191,13.010000000000002,270.5656257944123,260.28743274752924
35.29899999999998,-728.2497084868355,448.3169852722154,-855.6294321581696,208.16581313794953,-819.5635299167245,203.2958031383366,254.65662158727517,13.454766567417122,13.07924,13.055000000000001,271.8421959152906,261.48344819206636
35.39999999999998,-729.232528683918,449.19640924947663,-856.9108245777209,207.71128613237374,-820.8262033600705,202.94936403865347,254.65806830570787,13.46859688113663,12.848232,13.07,273.1607803642899,262.7299155325523
35.5,-730.3022649528577,450.13149297199396,-858.1740707381337,207.24338276909094,-822.1522848881589,202.60469522349192,256.1119487108527,13.47501238512964,14.556803,13.888055555555555,274.49195396718807,264.01882843036606
35.60000000000002,-731.3118285566645,451.0331808468831,-859.4456787734089,206.76154814738453,-823.6037266688371,202.26878888861896,257.78842321940584,13.721756579444845,15.242467,13.493055555555555,275.83856531138974,265.3328422255951
35.69999999999999,-732.3815648256043,451.8680770280977,-860.7339887164961,206.28702433907668,-825.1106366399747,201.95486222378523,258.66734047713624,13.737379244002971,15.543679,13.596944444444443,277.099978633191,266.56199221453363
35.80000000000001,-733.4111859844505,452.71410515852165,-862.0186543931662,205.8245020156762,-826.6083964150245,201.6499032941039,258.3092418551794,13.570443084678557,15.026287,13.393055555555556,278.3780829564902,267.80394599381424
35.899,-734.5344090668536,453.47107769527025,-863.2675167107982,205.3492515528138,-828.0650291611768,201.32884468067658,256.83501571872995,13.428729075492972,15.109452,13.463888888888889,279.5293430249046,268.9306277923998
35.999000000000024,-735.7178048143455,454.1612585383443,-864.5042297328943,204.82416410373958,-829.5687563422498,200.95603988798993,255.35363333941888,13.44770233764474,15.878157,13.59,280.633087686381,270.0386710352182
36.09899999999999,-736.8343420450344,454.94049497430285,-865.7354461883074,204.26812031196337,-831.082871002443,200.5481788697982,254.48331044861544,13.571536507779177,15.484468,13.59888888888889,281.87254933428903,271.2899476642098
36.19900000000001,-737.8973924623192,455.76425920630794,-866.9787123882965,203.70697566087296,-832.5791201438428,200.13081409312912,254.3452276199889,13.709346926537707,15.5829315,13.505,283.1869724089304,272.6042696239199
36.29899999999998,-738.9805004346138,456.63255123515074,-868.2353894273821,203.14975205214395,-834.060528808558,199.71335793369806,254.17735098601563,13.784319000330827,15.1991825,13.739999999999998,284.53533314895253,273.94832301413936
36.399,-739.9900640384352,457.4117876703183,-869.4892665976823,202.5885066138602,-835.5366464089064,199.29141841396694,253.92066589379695,13.691404453148325,15.505657,13.025,285.8407739141838,275.23676067653537
36.499000000000024,-741.0330569006657,458.23555190153246,-870.7192140411936,202.00606904918354,-837.0452458925994,198.85692028891916,253.94473012119246,13.52924542025058,15.892821,13.321944444444444,287.17946868928476,276.57840655455107
36.60000000000002,-742.162965834724,459.0259202859093,-871.9424120762386,201.39572402606373,-838.5665710040389,198.41266108124555,253.49161790806914,13.540828139719128,15.490885,13.543888888888889,288.47187504441524,277.8721395946676
36.69999999999999,-743.2327021036639,459.81628867107725,-873.1635340689062,200.78670183960276,-840.015817821952,197.97439329894138,252.84159728949345,13.751002954185514,14.790916,13.348888888888888,289.7901791801517,279.1561384963836
36.80000000000001,-744.3291817792983,460.6289209538729,-874.3994888596613,200.17872472318743,-841.4160975503436,197.53878431880392,252.59579839538227,13.796923158525123,14.53858,13.596944444444443,291.12298002834217,280.43232554146346
36.899,-745.4390331583766,461.397025439831,-875.618395934211,199.56944846024425,-842.771787145762,197.11411868003015,252.61848752406945,13.732887079482088,14.161341,13.446944444444444,292.40442294829217,281.6365029682383
36.999000000000024,-746.5020835755872,462.14286602816117,-876.8333952552716,198.939598403306,-844.1240154291888,196.6877746438057,252.38271539137307,13.63917390288668,14.1956625,13.114999999999998,293.70429158006556,282.8364317422806
37.09899999999999,-747.5985632512512,462.9109705149102,-878.0249302501766,198.2920030298932,-845.4510267602342,196.2583642140241,251.74358097090484,13.485404225348322,13.699949,13.346944444444444,295.0156524006394,284.039992011393
37.19900000000001,-748.7017287786002,463.63454720561253,-879.1971414791619,197.61938919071537,-846.7350026074951,195.82200773733672,250.70538144612755,13.54608135280353,13.423118,13.188055555555554,296.2990331229257,285.1913025918881
37.29899999999998,-749.7982084542645,464.3915197423612,-880.3647058228987,196.9132858536324,-848.000203056034,195.36692345856562,249.7296343210201,13.745013272723934,13.469,13.323888888888888,297.644445335953,286.3876134706687
37.399,-750.8612588715195,465.126228381482,-881.5304343100236,196.18043878677778,-849.2753238667592,194.89413639312855,249.58438951995439,13.794538691573555,13.729998,12.981944444444444,299.0088145030134,287.59470045410984
37.499000000000024,-751.9978536572775,465.7162216832533,-882.6879479652318,195.43038637501826,-850.5380807623595,194.42622525892148,249.75484446400586,13.791812225672418,13.203252,12.771944444444443,300.22380571582323,288.63201228871884
37.59899999999999,-753.1344484430205,466.38413862790856,-883.8436653656184,194.6657168332231,-851.772182298844,193.96849329857955,249.5445689531929,13.92397536924694,13.121877,13.155,301.52247035853463,289.72346532582935
37.69900000000001,-754.2041847119751,467.06318752177316,-885.0131685226958,193.88941065275733,-852.9968546864006,193.50512766872146,249.0051291890771,14.15014143081249,13.066427,12.751111111111111,302.87770240556864,290.85048349838024
37.79899999999998,-755.3207219426787,467.7088405680096,-886.1971696811294,193.1018896630275,-854.2129741904411,193.03799675772072,248.969605805779,14.289646229432519,12.988577,12.896944444444445,304.199970509477,291.93107062128746
37.899,-756.4439450250375,468.3322297166182,-887.3895679353071,192.3039831509911,-855.4089122427056,192.58633791305442,249.66231178009232,14.405098253716238,12.579554,12.86888888888889,305.513255132168,292.9673387648132
37.999000000000024,-757.4936237389527,469.05580640652954,-888.5865540018032,191.4984150364311,-856.5686349526345,192.1591686415676,249.9006622228668,14.451239648797559,12.1383505,12.828888888888887,306.95840413494886,294.0877519593968
38.09899999999999,-758.6369043763805,469.6791955551381,-889.7951249230268,190.68771358092292,-857.7195188347265,191.73909310597676,249.9940543434731,14.654773980076712,12.364696,12.938055555555554,308.28351534120594,295.072982560843
38.19900000000001,-759.7467557553994,470.26918885690935,-891.0173022166641,189.87298232884814,-858.8724744230743,191.32616363530454,250.60196256410703,14.722117547019034,12.129055,12.658055555555556,309.60295380303825,296.0322945578132
38.29899999999998,-760.8766646894725,470.85918215788973,-892.2357023878227,189.05460420430225,-860.0088989974241,190.9281476051427,250.7953358199636,14.63271990232499,11.953152,12.76888888888889,310.9164147172615,296.9656276148098
38.39999999999998,-761.9932019201613,471.4603074080794,-893.4615692502833,188.2229399372314,-861.1412267188869,190.52778402157983,250.25715656299724,14.701081353140701,11.829751,12.683055555555555,312.26164980711945,297.9151112612364
38.5,-763.1164250025645,472.02803681064097,-894.6676366867448,187.38187239773484,-862.2995469848587,190.10505045350328,249.66729651290993,14.708333970468047,12.8315525,12.601944444444444,313.5748079973186,298.86094077795025
38.601,-764.2730773433321,472.5512384179467,-895.8534462864911,186.4966628298942,-863.4811953418971,189.66133672819547,249.1563155624784,14.600512774517961,12.162958,12.638055555555555,314.8660250107634,299.7814990202936
38.69900000000001,-765.4297296841443,473.06330807604303,-896.9727296311437,185.6105737022383,-864.5982289826125,189.23576091862506,249.13132887303274,14.534345698240722,12.232088,12.66388888888889,316.12123518364507,300.6534014085099
38.79899999999998,-766.5262093597937,473.6310374786046,-898.1097945578628,184.70563249626423,-865.7407658148792,188.8023594448803,249.32212381881124,14.53032348123768,12.207481,12.466944444444444,317.47776227286676,301.61383264535186
38.899,-767.6828617005763,474.15423908511934,-899.2439649505592,183.80748341655692,-866.893703740465,188.3683784133241,249.4229643907543,14.404278287834744,12.430754,12.681944444444444,318.76254864022616,302.5166926603927
38.999000000000024,-768.8194564863045,474.64404484479684,-900.372340866696,182.9133416747072,-868.0816099654239,187.9228491659844,249.45877425294998,14.38969465691477,12.943388,12.371944444444445,320.0202564852975,303.4172361036863
39.10000000000002,-769.9894805304862,475.11158670605556,-901.5127234039121,182.01578181886094,-869.3086011180009,187.45972268790857,249.1841870944225,14.347668044587,13.0266905,12.538888888888888,321.25303774192497,304.31543271315013
39.19900000000001,-771.2129913880867,475.5123368728487,-902.6119648928066,181.12523011473363,-870.5210031724994,186.99842176143198,249.1538403848034,14.235700855354551,13.179289,12.584999999999999,322.3809219905978,305.1267940012657
39.29899999999998,-772.3963871356085,475.91308703964177,-903.6953469073803,180.19620430676227,-871.7396999803717,186.5375213212595,249.41682801276835,14.309925976166477,12.879568,12.488055555555555,323.55508274542836,305.9531203335019
39.399,-773.5797828831003,476.36949695169113,-904.7755684108006,179.25716509585013,-872.940684463588,186.0909491359959,249.79096945298886,14.316941898162906,12.747043,12.715,324.7892730387593,306.8130115964384
39.499000000000024,-774.7832361856763,476.73685127164697,-905.8716543079643,178.3349631024291,-874.167073282824,185.6435643777699,250.1175553962135,14.333200459189033,13.361933,12.535,325.92615763199825,307.59136650893413
39.59899999999999,-775.9933753399221,477.08194169318404,-906.9937389904172,177.43508529152356,-875.4299496348231,185.1923824063494,250.56073825074705,14.43633629594747,13.459318,12.538055555555555,327.0310900020964,308.3620390517742
39.69900000000001,-777.2436296042322,477.4047682163022,-908.129946473272,176.5465357076269,-876.7025324749895,184.73854461621667,250.18545089493628,14.411468214318491,13.562565,12.788055555555555,328.09587624928605,309.1044997999706
39.79899999999998,-778.4136536483841,477.71646279021104,-909.2522257932351,175.64263964070287,-877.967659353405,184.27148345790258,249.28304236760553,14.411531187659751,13.41005,12.295,329.19192972043487,309.87248336574555
39.899,-779.6304786543,478.01702541570137,-910.3571120346379,174.70817492519018,-879.2330931895575,183.77693706992434,248.04086986776161,14.531377607207503,13.764318,12.489999999999998,330.2812611409139,310.64112801106967
39.999000000000024,-780.840617808531,478.28419219356346,-911.4552663453106,173.7468227823735,-880.5043707780699,183.24986669157775,246.92131033607572,14.659249621599773,13.761166,12.431111111111111,331.3656526863852,311.4130968350318
40.09899999999999,-782.044071111107,478.5402270222162,-912.5595777939475,172.77735436550822,-881.7703858006314,182.70838142784376,246.76517933690263,14.730741219449522,13.7779255,12.396944444444443,332.4533527879675,312.1887549373402
40.19900000000001,-783.2943253754167,478.78512990165945,-913.6793775216205,171.80931286071115,-883.0408030952465,182.16396537634884,246.8410962447575,14.873784177149748,13.865155,12.653055555555556,333.5182364895899,312.94324575210743
40.29899999999998,-784.497778677978,478.97437303663753,-914.8084052662524,170.82730563717482,-884.3176143165269,181.62207057514337,247.1648173990063,15.053526871288566,13.875877,12.318888888888889,334.56759339290124,313.6596744340254
40.399,-785.6678027221004,479.0968244763592,-915.9317685097294,169.81124025111924,-885.5933629467903,181.08441983422304,247.13015345240086,15.243498095057314,13.812409,12.008055555555554,335.5983810930389,314.3191227189438
40.499000000000024,-786.8846277280456,479.20814396687143,-917.0465332646717,168.7604098602086,-886.8556446036962,180.54617174168186,246.6792356676328,15.396693238010249,13.632773,12.158888888888889,336.63023819153085,314.94948462982364
40.59899999999999,-788.0880810306218,479.3305954065931,-918.1613176483047,167.6869582261351,-888.0924597542603,180.00453433565502,246.01431814638372,15.55538643771749,13.371998,12.121944444444445,337.69927965464285,315.58987087697204
40.69900000000001,-789.2982201848379,479.44191489789625,-919.2859718713528,166.5900568683354,-889.3269648679491,179.45228062265963,245.78570798612645,15.86470681423872,13.676065,12.163888888888888,338.78178915204927,316.2270235692536
40.79899999999998,-790.4816159323595,479.486442693943,-920.4209131784513,165.46687311721786,-890.5699892007489,178.8928348709214,245.7521899551113,16.07079535367517,13.586284,11.976111111111111,339.84189124644405,316.8188749547175
40.899,-791.6716975315362,479.6088941336646,-921.5565249859549,164.32506246556076,-891.812555308888,178.32937763340306,245.46399218416045,16.13710763539484,13.7008295,11.971944444444443,340.9896815362385,317.48628074141277
40.999000000000024,-792.9420093509005,479.6645538789207,-922.6954284854979,163.17728217138293,-893.0458999422607,177.76663177020967,245.48404570699003,16.201795898102176,13.412429,12.446944444444444,342.0528364595144,318.06154166306294
41.10000000000002,-794.1320909501069,479.76474142180547,-923.8524598544292,162.0194763691859,-894.293570758585,177.1997469843724,245.6443421093338,16.210857811037336,13.724554,12.11,343.2046438672311,318.71287689133
41.19999999999999,-795.375659362747,479.80926921785215,-925.0029974508808,160.87587502401215,-895.5417445041556,176.6362071382944,245.75836071056477,16.2333700366375,13.665347,12.341944444444444,344.26988934819536,319.29163813550036
41.30000000000001,-796.619227775387,479.7202136249678,-926.1619655896071,159.72413322075053,-896.7960515142728,176.0680670890512,245.50711871739986,16.445212239729138,13.874285,12.251111111111111,345.22284454315314,319.74993684171625
41.39999999999998,-797.8627961880418,479.6645538789207,-927.3353458542541,158.56096545693282,-898.0491864515215,175.49232979005967,245.13899333402844,16.599026453534602,13.70716,12.401944444444444,346.2234186396801,320.246865248031
41.499000000000024,-799.0796211939428,479.58663023603674,-928.5040693055844,157.40537792763018,-899.2726468105258,174.92458177247445,245.0731948608356,16.604297979740007,13.540817,12.246111111111112,347.2051945291374,320.714212588434
41.601,-800.316503754898,479.486442693943,-929.7007033291907,156.20789701280145,-900.5133565739335,174.34408450188178,244.77689546666173,16.590035997344287,13.317994,12.416944444444445,348.20868627476005,321.17171120422745
41.69900000000001,-801.6135589809865,479.44191489789625,-930.8402843959873,155.0439890846833,-901.6835497747854,173.78816248636977,244.39844538382187,16.653460516377578,13.121565,12.786111111111111,349.1898635891352,321.61812669797973
41.79899999999998,-802.7367820633897,479.274935661337,-931.9961107040498,153.8399498603022,-902.8683368959253,173.22137551610786,244.46977862931564,16.727312729397475,13.146048,11.93,350.16553803016353,322.0172510142127
41.899,-804.0137797344239,479.15248422161534,-933.1548551026966,152.64383413490515,-904.0574666612014,172.65825004828224,244.84907668969234,16.580867605735197,13.168654,12.528055555555557,351.12008761778304,322.4088318818221
41.999000000000024,-805.2439764437094,479.01890083189323,-934.3274273387614,151.47567980128878,-905.2831441972419,172.0880152566186,245.24126630045947,16.5234406987079,13.868169,12.46,352.0612147597044,322.8225574597316
42.09899999999999,-806.460801449625,478.86305354533437,-935.5171008044139,150.3321663008662,-906.5390902624979,171.51407962923437,245.64205027815333,16.48053178776701,13.749405,12.353055555555555,352.9703560878595,323.2322008386422
42.19900000000001,-807.6976840105951,478.7183382071939,-936.7113360169718,149.2052132367722,-907.7909352349576,170.94793534451483,245.68845985955895,16.35981790885128,13.728845,12.431944444444445,353.8692158577731,323.63757479458263
42.29899999999998,-808.9679958299446,478.51796312379736,-937.8953303240339,148.08088857341275,-909.0392904079538,170.37879569895657,245.29369193871395,16.29585384555436,13.710783,12.696111111111112,354.698347638056,323.98149715653943
42.399,-810.191506687545,478.52909507379775,-939.0729354963393,146.95279580932083,-910.3040672872041,169.78501420183048,244.42480144239786,16.319166962620187,14.234515,12.438055555555556,355.74325703479224,324.5696108129908
42.5,-811.4350751001851,478.3621158372385,-940.2639013974334,145.80539492580928,-911.5991162457766,169.14792545063048,243.19103996298676,16.428661737992314,14.346784,12.431944444444445,356.63824683913083,325.0326917020213
42.60000000000002,-812.5850415892828,478.17287270305127,-941.4450481982735,144.67082106520755,-912.8767889743352,168.49410734540984,242.60920132203128,16.327398689611805,14.358469,11.948055555555557,357.5311451467132,325.514012458727
42.70100000000002,-813.8085524468835,477.95023372123586,-942.6318132673472,143.53845283019854,-914.1619766608409,167.8280884297454,242.60196772986777,16.154303395044483,14.305119,12.238888888888889,358.36667217688137,325.95483544758594
42.79899999999998,-815.0454350078536,477.81665033230485,-943.7691267085091,142.4413301554247,-915.4162655223975,167.17830748432223,242.62526992339573,16.095954124018988,14.523577,12.283055555555556,359.2302801669011,326.45134961509973
42.899,-816.2221449036904,477.66080304495495,-944.919978777758,141.33545669358406,-916.696864380086,166.51744235869526,242.78311979595432,15.826154602130762,14.297805,12.01388888888889,360.10813798392104,326.963851446915
42.999000000000024,-817.5392576848036,477.6162752489082,-946.0745864253112,140.27570004182348,-917.9719999048054,165.86598669116603,243.09223052642747,15.522246929902845,14.340491,12.54611111111111,360.99860722096577,327.52859131023183
43.09899999999999,-818.9098572793948,477.5272196560238,-947.2424313979931,139.26741887945502,-919.2230417650748,165.23555473604168,243.42626492098861,15.338758887215642,13.677837,13.261111111111111,361.7857686550281,328.0073458935828
43.19900000000001,-820.1066247302712,477.39363626709286,-948.4171241582303,138.2905075507518,-920.4424178581078,164.6274266244731,243.56148296063952,15.218017909772662,13.574322,12.428888888888888,362.56656791362286,328.4660915175312
43.29899999999998,-821.396994104675,477.08194169318404,-949.5905811957789,137.32229564285586,-921.6357391241659,164.03455307122059,243.6004440907084,15.208521498101227,13.075368,12.941944444444445,363.13938488620147,328.7042341164974
43.399,-822.667305924039,476.7257193224376,-950.7658725856282,136.3531618687318,-922.8376234983347,163.43957087391632,243.72191114327617,15.258051645792685,13.746503,13.038055555555555,363.67942016057196,328.9107832416629
43.499000000000024,-823.910874336694,476.5364761882504,-951.9400742000133,135.36252339191142,-924.0504912591363,162.84507652565014,244.05995624240344,15.469253476806621,13.268216,12.80888888888889,364.40518943110607,329.28746878624867
43.60000000000002,-825.1945578594278,476.3249691556444,-953.1205651888998,134.31479845385564,-925.2482760054332,162.25969149648597,243.84728863279577,15.788732638099413,13.131396,12.95111111111111,365.152050815447,329.61757408543093
43.69999999999999,-826.4849272337871,476.1134621230384,-954.285119162678,133.24309342839723,-926.4147344007627,161.67437576098843,242.852633900449,15.864311295256298,12.971079,12.965,365.91389531672684,329.9362141272607
43.79899999999998,-827.7953541632598,475.90195509122333,-955.4391816905099,132.192446012475,-927.549412812667,161.07915843549344,241.78482678160867,15.666114932969293,12.91528,13.056944444444445,366.6458418378157,330.2487933530786
43.89999999999998,-829.1525820544668,475.67931610861694,-956.6215702823006,131.1525164455825,-928.692604546239,160.4605018551655,241.37222268460113,15.515716928536628,12.824592,13.563055555555554,367.3514102952108,330.56182014415157
44.0,-830.5231816490582,475.4789410252204,-957.7959876199917,130.14303013105103,-929.8133083219611,159.85612142791223,241.95721259342983,15.45755934776626,12.641424,13.628888888888886,368.04246832780126,330.8720198283259
44.09899999999999,-831.8001793201072,475.28969789103326,-958.962286366865,129.14935360615954,-930.9094382978678,159.27381201003865,242.08568978462097,15.496035935443308,12.433402,13.168055555555556,368.7591889163198,331.1928219999199
44.19900000000001,-833.0437477327621,475.11158670605556,-960.142760297713,128.13580231846245,-931.9970868969906,158.69219799885977,241.63992862000907,15.622089042774805,12.234612,12.876944444444444,369.52179089516636,331.5312849213273
44.29899999999998,-834.2405151836383,474.97800331712443,-961.327322054816,127.10462818127466,-933.0664518485443,158.1143534735652,241.5895083340376,15.788264878205784,12.075435,12.50111111111111,370.36055622746824,331.9173667494332
44.399,-835.3436807109724,474.82215602977465,-962.5219799139397,126.06273934761047,-934.1246338217491,157.54985833738837,242.2590095176481,15.915036777929997,11.91167,11.743055555555555,371.22425905730205,332.294128116161
44.499000000000024,-836.6741651954699,474.6106489979596,-963.7315334690038,125.03232544628662,-935.1886916402444,156.99645544317298,242.78068759011484,15.86554840804619,12.075857,12.63111111111111,371.9523882566082,332.54155810679606
44.60000000000002,-837.9244194597799,474.3100863724692,-964.966209538227,124.0236014683156,-936.2445095774153,156.4540017155752,242.834794859498,15.707574969312013,11.429418,12.668055555555554,372.6127184260409,332.71508933943846
44.69900000000001,-839.1746737241194,474.0095237461879,-966.1849806414277,123.05610883013586,-937.2455638463962,155.9354702552545,242.39661106172687,15.728931244514074,11.346092,12.706944444444444,373.22904161448554,332.8498204799408
44.79899999999998,-840.4650430985084,473.6755652746512,-967.4273997704898,122.096398363101,-938.2345511120614,155.41112641704072,241.73083410378507,15.671077662011266,11.04207,13.056111111111111,373.8012180530223,332.94313288993044
44.899,-841.7019256594784,473.3972665483707,-968.6821746614718,121.16690449268914,-939.1981883949705,154.88754108831563,241.23150138532844,15.561377406173564,10.892024,12.816111111111113,374.41983332949223,333.0975329539799
44.999000000000024,-842.9454940721185,473.10783587129873,-969.9477376440268,120.26330835977605,-940.1517948891419,154.3591594916495,240.78831853079464,15.540191028107111,10.91229,12.648055555555555,375.0051072547253,333.24132938803973
45.09899999999999,-844.2559210015618,472.8518010426461,-971.2250437994502,119.37594505431788,-941.0929908205202,153.83107526827163,240.61815006564083,15.566055760358228,10.672198,13.104999999999999,375.58799090325914,333.3941234706012
45.19900000000001,-845.3925157873197,472.50671062110905,-972.5159377177034,118.50029060491292,-942.0500790088879,153.29202110859765,240.60382612076256,15.631740840304854,11.296845,12.229999999999999,376.1394818627444,333.5276638129145
45.30000000000001,-846.6895710134081,472.2618077416658,-973.8403810710163,117.62893913168702,-943.0342743349762,152.7348847963996,240.36714298517197,15.762873205540972,11.098194,12.841111111111111,376.7383707519695,333.73605790353406
45.39999999999998,-847.9531969810877,471.91671732012867,-975.1697363730935,116.7633109482658,-944.0444450294548,152.15783592905845,240.1686131091592,15.964283618222519,12.169245,12.966944444444444,377.2505665369044,333.885115241697
45.5,-849.1700219870035,471.59389079701054,-976.5071991821626,115.87684626130165,-945.1105824797434,151.55286106274608,240.68255625139167,16.127322566135206,12.347475,12.741944444444444,377.82187928870775,334.1120348940299
45.60000000000002,-850.3801611412345,471.2821962223107,-977.8543485711709,114.9638814521898,-946.2081510419721,150.9506826564332,241.79953747299948,16.420517350333068,12.69189,12.576944444444445,378.43415530517524,334.3580150554519
45.69999999999999,-851.5301276303471,470.9037099539364,-979.2167081955155,114.02959032475746,-947.3407966212832,150.34555912328256,241.9711383326411,16.618391665986533,12.991289,12.266944444444444,379.0290227905071,334.57019047796075
45.79899999999998,-852.7135233778688,470.5697514816088,-980.5779581642288,113.0944001426944,-948.4830511908563,149.72458038004453,240.97877256668562,16.74605689990578,13.27512,12.313888888888888,379.65502827977355,334.8334306438272
45.899,-853.8835474220208,470.30258470453765,-981.9595906125792,112.14807333461337,-949.6315491712166,149.08023809968284,240.42930604115503,16.7469829551378,13.063175,12.095,380.36578034042316,335.18871669149826
45.999000000000024,-855.1003724279366,470.0688137727219,-983.3443330942994,111.21571354529713,-950.7726449108432,148.42714046840027,240.004744314963,16.640990641718343,13.232526,12.196944444444444,381.08012410808016,335.56899399087445
46.09899999999999,-856.21690965864,469.82391089327854,-984.7297299710085,110.29168808819388,-951.9156669280967,147.76511218589118,239.83686768098974,16.664573037621956,13.185533,11.723055555555556,381.81011539743696,335.97637114500156
46.19900000000001,-857.3401327410285,469.51221631857885,-986.1189466749582,109.35682550423655,-953.0754967822796,147.09353507117882,240.01591699196817,16.825216754347306,13.619135,11.71,382.4864552515047,336.3317795650947
46.29899999999998,-858.4432982683626,469.1225981009951,-987.5163795474392,108.41190850775804,-954.2496273931296,146.41609696367513,240.01677642866088,16.913118022124127,13.491786,11.73111111111111,383.1084205518116,336.6278933431605
46.399,-859.5865789057904,468.87769522155185,-988.9229436118013,107.47030252873476,-955.4442363892277,145.7309514978404,240.30612011520202,16.940030774184024,14.051105,11.658888888888889,383.8530952439831,337.0645464557939
46.5,-860.6763727297846,468.5548686984336,-990.3568828080178,106.52535757603872,-956.6821579916518,145.03841419189237,241.2459084090874,17.06599679781813,14.03836,11.501111111111111,384.5548096405387,337.4611194496793
46.60000000000002,-861.8330250705523,468.2320421745244,-991.7937810914053,105.59814673649242,-957.9709350251762,144.34006961216983,241.8260281766575,17.136422373685228,15.278437,11.76388888888889,385.2183020393413,337.85870955293785
46.69999999999999,-862.8559603777434,467.93147954982504,-993.2433310446014,104.68463576683807,-959.3198502719223,143.62046597031153,242.016823122436,17.13166435613501,15.298733,11.123888888888889,385.939290494915,338.35324083343386
46.80000000000001,-863.8989532399589,467.68657666959075,-994.7004916084607,103.77752389502271,-960.6930254660821,142.89334074477824,242.17639186837997,17.19717171334272,15.77747,10.83888888888889,386.7025227883185,338.9096317908756
46.89999999999998,-864.9352602504899,467.41940989172866,-996.1717551405266,102.87099856860108,-962.0794922905156,142.16337331387967,242.29126990630365,17.36547115953193,15.560336,10.748055555555556,387.45136699880004,339.4532238011261
46.999000000000024,-865.9047087442176,467.15224311386663,-997.6510159853277,101.97438645361954,-963.4246629194012,141.44949627873254,241.7935271457284,17.579758658886323,15.204815,10.20111111111111,388.2163784111136,339.98885387359593
47.10000000000002,-866.9075864963395,466.8962082852139,-999.1842549286653,101.06355997032848,-964.7666892827524,140.7209508524574,241.2107889610347,17.735049897119314,15.033746,10.306944444444444,389.0123951555247,340.5388414843257
47.19900000000001,-867.8770349900672,466.66243735498006,-1000.7037045667153,100.18346691431643,-966.0758445588433,140.00896988624922,241.70966617804402,17.738927390313407,15.072325,10.033888888888889,389.80733693207065,341.094552888301
47.29899999999998,-868.8197400770855,466.4620622715835,-1002.2504866395199,99.31421341503186,-967.3897617918716,139.30674616791885,242.04971662945405,17.747920001159887,14.723757,9.805,390.6421726442267,341.68208913512296
47.399,-869.8092461258378,466.2505552389774,-1003.8130674919631,98.46144267833458,-968.7201026669751,138.6007886176737,242.04427353040032,17.855278359192628,15.397219,9.998055555555556,391.4407432279752,342.25389275901045
47.5,-870.7720087678658,466.08357600241817,-1005.4047940840916,97.60157323280141,-970.0840693609362,137.88433608440664,242.53702582857974,17.96919670838317,15.111671,9.830000000000002,392.3072434293213,342.89594115708366
47.59899999999999,-871.694656299815,465.7496175300906,-1006.9696907105442,96.75803222821752,-971.4260037358301,137.20202768820076,243.5543496360911,17.94540292540658,15.302342,9.838888888888889,393.00652024923636,343.350929010419
47.69900000000001,-872.6306755351634,465.5381104974845,-1008.5535086226631,95.92344259710866,-972.80096686807,136.52747990329,244.18059250616923,17.86071603280185,15.328416,9.68111111111111,393.814701708351,343.92162233524795
47.79899999999998,-873.5132079570484,465.22641592357576,-1010.1443683502142,95.11164292555365,-974.1671172287696,135.8662022384556,244.1611119411348,17.86018389817479,15.027177,9.435,394.52885722309395,344.3970961120141
47.899,-874.3890545272488,465.01490889096976,-1011.7418916195306,94.3093414328548,-975.5323244650755,135.2044706499709,244.11928602209025,17.893249523148416,15.315399,9.11,395.3333019133879,344.97084837191073
47.999000000000024,-875.3250737625525,464.79226990915436,-1013.3443343849893,93.49891781885434,-976.9051149969139,134.5359800626999,243.951982345912,18.021368708757965,15.222698,9.411944444444446,396.11623244852717,345.5252838220669
48.09899999999999,-876.2744647012408,464.6030267749672,-1014.9544057211696,92.6844822859196,-978.2182046093641,133.8986740910394,244.2831519514975,18.065601126155613,13.968951,9.56611111111111,396.9326514361631,346.0605365980796
48.19900000000001,-877.1636829747958,464.36925584394237,-1016.570805094037,91.88905890975767,-979.4592656678228,133.31639960441169,245.4697475452137,17.965674963408944,13.449857,9.308055555555555,397.713267072772,346.4973013788957
48.29899999999998,-878.0328436933113,464.20227660817403,-1018.1854798675678,91.11056915093423,-980.7209713318716,132.75345207638196,246.41426847048652,17.885247260174015,14.183027,8.996944444444445,398.5475926410196,346.9916062982215
48.399,-878.9153761151815,464.04642932082413,-1019.7940452408546,90.32609640665368,-982.0179451207209,132.1965408890375,247.11241754385358,17.90837260123853,14.047205,8.928055555555554,399.39164569141815,347.4974650090721
48.499000000000024,-879.6708773551153,463.7792625437531,-1021.4001739072045,89.53206892455002,-983.3230005668097,131.65028330654303,247.45962996770294,17.925296516765393,14.248275,8.278888888888888,400.1851514399295,347.9273221456507
48.59899999999999,-880.3996351883397,463.45643601984386,-1023.0077673091639,88.75023642462833,-984.6323648848885,131.10576076217282,247.3782699607944,17.828154558096422,14.113254,7.856944444444444,400.926196901724,348.31226404510033
48.69900000000001,-881.2019373900372,463.3005887332849,-1024.6215148361296,87.98631561914537,-985.9239240981511,130.56313290026785,247.04137077725738,17.88064701320713,13.90522,7.795,401.78349741871,348.82790744767453
48.79899999999998,-881.9440669266014,463.1336094967256,-1026.2495750381856,87.22857143338769,-987.1828604539453,130.0239566485514,246.5827180622553,18.034723163788467,13.485741,7.655000000000001,402.65205489695694,349.33829518637384
48.899,-882.7062540182349,462.9554983109569,-1027.8984762977007,86.47483497056501,-988.4310026728206,129.48121241825336,246.4159873438722,18.22568866589355,13.735091,7.711944444444445,403.50770907093124,349.8325625634696
48.999000000000024,-883.4283259997745,462.799651024398,-1029.5683323008418,85.72013704874966,-989.6197999350213,128.96109823833208,246.31829803980236,18.423942084690786,12.216856,7.401111111111111,404.4080381270718,350.3210077383814
49.10000000000002,-884.1102828712203,462.6883315330948,-1031.2729039659653,84.95089210947565,-990.7575676868538,128.46306529645776,246.40047164678,18.60789147732397,12.377116,7.068888888888889,405.391675037596,350.8278380480913
49.19999999999999,-884.8323548527451,462.5770120425826,-1032.9777774822546,84.18233652319607,-991.8736732092135,127.97763895873302,246.59155307145608,18.794095733345262,11.9649,7.1899999999999995,406.36141143998634,351.30411939457247
49.30000000000001,-885.5343692792452,462.4768245004888,-1034.6930687707136,83.41049267144629,-993.0066576527804,127.49099034729609,246.90925816885618,18.82487710371873,12.696749,7.031944444444445,407.3568479359491,351.8036410436291
49.39999999999998,-886.2163261506912,462.376636959186,-1036.41156403399,82.65545123668872,-994.1066851005667,127.02456184594547,247.1504734006062,18.717448590225867,11.199881,6.75111111111111,408.3464073177576,352.2802064225146
49.5,-886.8849113187823,462.3543730615582,-1038.1392949062154,81.9351076754624,-995.082811111196,126.61003860142166,246.81242830147892,18.722280129783964,10.010129,6.806111111111111,409.3857667668859,352.7478471111755
49.60000000000002,-887.5668681902281,462.2875813663016,-1039.8811221180424,81.24844908789026,-995.9888548324544,126.2152617487712,246.0913609163066,18.725005458200613,9.7565365,6.781111111111111,410.3540572201905,353.12877424610224
49.69999999999999,-888.2220816549498,462.243053570255,-1041.633639292642,80.58083806462596,-996.9159282350108,125.7999865590961,245.66622623231967,18.782556435430685,10.560282,6.595,411.34067725121497,353.56511369795095
49.79899999999998,-888.8973526747257,462.2207896718361,-1043.3738040863948,79.92653267257032,-997.8604878345016,125.37583079763155,245.97167862727082,18.775278587258455,10.35743,6.688888888888888,412.32496040788317,354.03035342017233
49.899,-889.5859953978563,462.2207896718361,-1045.12903737881,79.27687529717264,-998.794975050934,124.96097893864994,246.1544521639176,18.656995423099406,10.091248,6.825,413.32756920544057,354.50074918489366
50.0,-890.2545805659324,462.243053570255,-1046.8937362262773,78.62702478888924,-999.722481767433,124.55396135221635,246.46086712796458,18.581669715650634,9.965914,6.698055555555556,414.36346680658437,354.9889355973007
50.09899999999999,-891.0234535092507,462.27644941709224,-1048.6125797724078,77.98685026846026,-1000.5865388508039,124.18062351910095,246.82048981765635,18.472711204924128,9.049591,7.539999999999999,415.3466368350676,355.40520136768583
50.19900000000001,-891.7187820840512,462.3543730615582,-1050.33665073519,77.33592557021575,-1001.3983514011214,123.83364881223277,246.89697968330634,18.38455288451511,8.6074915,6.981944444444444,416.4118552155708,355.84531565255406
50.29899999999998,-892.3806814004577,462.5213522973264,-1052.0506641831064,76.6881903877214,-1002.1273677507527,123.52358783113849,247.03334363854742,18.26197049080619,7.236795,6.966944444444444,417.56644049896397,356.31982751166555
50.399,-893.1161250853372,462.6326717878387,-1053.7522347950696,76.04970111858385,-1002.7984674331105,123.23908804044767,247.01959265146428,18.08640583292249,7.3414755,7.366944444444444,418.62913533836024,356.67663353770666
50.499000000000024,-893.8448829185467,462.78851907597954,-1055.4416740956583,75.42038176417935,-1003.4646953448536,122.95571475261221,246.89468785212574,17.970575531949663,7.138313,7.378055555555555,419.72323824533794,357.07539563888014
50.59899999999999,-894.5602690484164,462.9777622093757,-1057.128563525541,74.81735581533346,-1004.1182905637705,122.6733579216485,246.37472865304468,17.860280004002856,7.1013856,7.241944444444445,420.8288862010178,357.50531136751476
50.69900000000001,-895.2622834749017,463.20040119119113,-1058.8145929730056,74.24899644678497,-1004.7816888089087,122.38005172414131,245.93154579851088,17.725617187244442,7.405628,7.48,421.93903966664476,357.9846515642207
50.79899999999998,-896.0177847148503,463.3896443253783,-1060.495305310712,73.70477930625698,-1005.4573162432907,122.08016617470778,246.199690046632,17.607305366208404,7.378238,7.711111111111111,422.9741703772618,358.42596297791755
50.89999999999998,-896.806715213193,463.5900194087749,-1062.1867284781579,73.17077611636071,-1006.137681475137,121.77927129807509,246.0848206030752,17.5159133347766,7.3530927,7.945,424.002045184385,358.87023797992305
50.999000000000024,-897.4485569745452,463.9462417795213,-1063.8388252628442,72.65540596089065,-1006.8056454729044,121.47778343549348,245.3357957422893,17.446031273103635,7.4522977,7.456944444444444,425.1990587674139,359.50468392689
51.09899999999999,-898.1840006594394,464.20227660817403,-1065.490820609037,72.13767056437568,-1007.4947213793434,121.16105123018782,245.29339686544964,17.178547698734697,7.715365,7.720000000000001,426.27013420356565,360.0362703577727
51.19900000000001,-898.8860150859248,464.58076287654836,-1067.1163644924823,71.62060808645286,-1008.1844913058749,120.84979513839883,246.1491093324777,16.937479674040222,7.4199557,7.879999999999999,427.4565869349872,360.68980452212367
51.29899999999998,-899.6348304741739,464.8701935528293,-1068.735429041203,71.12267002226874,-1008.8588732864198,120.55823107380365,247.09850039900917,16.942898728028453,7.274774,7.946944444444445,428.5231904135141,361.2210113412691
51.399,-900.3435307523588,465.21528397357537,-1070.3585204883912,70.65965038902394,-1009.5317462533112,120.27894366880473,247.8169894741034,16.815288826972555,7.2961607,7.938055555555556,429.62686686036056,361.80539695688753
51.5,-901.1458329540562,465.5715063451128,-1071.999129799219,70.21706277029688,-1010.213867370947,120.00216863506773,248.0128751498917,16.833916197417736,7.2807765,8.528888888888888,430.6924483865646,362.3727408303821
51.59899999999999,-901.8812766389653,465.92772871506827,-1073.619819399102,69.80470373102916,-1010.8881935465383,119.72856997246157,247.82058478426785,16.951775080432622,7.4205976,8.215,431.74943890163996,362.95504604259617
51.69900000000001,-902.6902646923477,466.317346933443,-1075.2618701199237,69.40956671213816,-1011.558171571233,119.45726131731644,248.0956045259307,16.826999151577127,7.035985,8.934999999999999,432.8010455163604,363.54386274810946
51.79899999999998,-903.4591376356362,466.70696515102674,-1076.8949741925353,69.02444450293913,-1012.242735661003,119.18564556031792,248.5983749911578,16.731000610149916,7.693761,8.63,433.8564009337744,364.1496104205141
51.899,-904.241382282309,467.08545141940107,-1078.5121000053416,68.63628759550171,-1012.9475775743344,118.91148337034649,248.89774543911375,16.530473706724305,7.431991,8.728055555555555,434.893112393914,364.7494330658953
51.999000000000024,-905.023626928967,467.54186133224135,-1080.0993467451947,68.23364744215283,-1013.6733985405389,118.63074757180864,248.81466655881977,16.221122505232785,8.132442,8.97111111111111,436.002932730117,365.4363667956329
52.10000000000002,-905.845986685704,467.9426114990344,-1081.6795638272577,67.81309903235781,-1014.4409815632882,118.32775613888398,248.10693190154032,16.15963664797594,8.208853,9.158888888888889,437.0595767137645,366.09209224041075
52.19900000000001,-906.6616605907859,468.3878894626652,-1083.230591303958,67.40445103973303,-1015.2030191549627,118.01212254040314,246.9123492761604,16.244037585925685,8.455056,9.298055555555555,438.1373131595509,366.802950595167
52.29899999999998,-907.510763754262,468.79977157787687,-1084.8094593775681,67.00791815922072,-1015.9960494287507,117.6685659305921,246.25545316404313,16.3145815343569,8.830229,9.328055555555556,439.17140269298574,367.5080690096358
52.39999999999998,-908.3264376593143,469.27844538834495,-1086.4190023143685,66.62373096747544,-1016.8344581044844,117.30428841813092,246.76354067760923,16.453462488975674,9.271463,9.538055555555557,440.28147886410875,368.3202379395169
52.5,-909.1822266745046,469.73485530039426,-1088.0203657551988,66.24770818943468,-1017.7175128803335,116.92539430365866,246.78989673618526,16.444980817033,9.946721,9.678055555555556,441.34448889001305,369.126569242297
52.60000000000002,-910.0447015413057,470.1912652124435,-1089.62044322377,65.86559994530268,-1018.656003607186,116.51493308128572,245.98775582300192,16.456466468628566,10.540296,9.678055555555556,442.4100932331033,369.977516676615
52.69999999999999,-910.8670612980575,470.6922029213304,-1091.206408972008,65.47815394287095,-1019.6355555353185,116.07503795707535,245.6508566394651,16.19584387769354,10.935641,9.73388888888889,443.5320797969221,370.92306348611805
52.79899999999998,-911.769651274982,471.19314063021733,-1092.7484622401764,65.08952091041898,-1020.6376651936533,115.62461278421385,245.93929218790086,15.931092367919312,11.260066,10.143888888888888,444.6048582369497,371.8618324716455
52.89999999999998,-912.6388119934975,471.68294638910385,-1094.3029498818707,64.68285073788796,-1021.6753287983129,115.16253010773745,246.0530042567115,15.887187087693514,11.232991,9.946944444444444,445.7027449487211,372.82136368824894
52.999000000000024,-913.5480878220772,472.1727521487814,-1095.818541891796,64.2756231392377,-1022.7073300088504,114.70662672635483,246.27535771784596,15.81684957493995,11.559321,10.375,446.76905251036567,373.7616499579814
53.09899999999999,-914.4373060956322,472.7070857045056,-1097.3496607457037,63.876231706933154,-1023.7423652956097,114.25247093611615,246.34411265326165,15.8314215259827,11.046483,10.33,447.8834632625075,374.7496588597047
53.19900000000001,-915.3800111826356,473.2080234141835,-1098.896190307126,63.50345271617006,-1024.7926735665344,113.78952472684453,246.09229770230158,15.98656130309809,11.909762,10.61,448.9276369876281,375.7030581304785
53.30000000000001,-916.3026587145848,473.73122501990736,-1100.4723657014713,63.15149313576533,-1025.891813257716,113.30790407045154,246.58476065679446,15.994316095518068,11.853382,10.65,449.9935524045756,376.7157457257564
53.39999999999998,-917.2453638015882,474.2432946780036,-1102.014253557235,62.79825024728462,-1027.0093650077858,112.83938065387696,247.89568809205335,15.644935558149012,12.384012,10.709999999999999,451.0283441294247,377.7048120328261
53.5,-918.2081264436757,474.7776282337279,-1103.524930289207,62.406838172091426,-1028.196866109139,112.3671751536897,248.70900168224173,15.569992777158818,13.17548,11.005,452.09731948285366,378.7332298001796
53.59899999999999,-919.1642032340043,475.3453576370803,-1105.0058609583534,61.990825803008846,-1029.4253359701825,111.8929144487583,249.0686243719335,15.506188684532056,13.427432,11.080000000000002,453.20976460519756,379.80942043586225
53.69900000000001,-920.1336517277467,475.8796911920136,-1106.4920635036488,61.56433594947281,-1030.6827885491211,111.41501696285208,249.31213143486417,15.41754279277026,13.476703,10.950000000000001,454.2979982669849,380.8616683428772
53.79899999999998,-921.1298436281838,476.4028927993193,-1107.9618060480066,61.13193916568285,-1031.944063881428,110.93223403288326,248.79790181373443,15.223563943772547,13.533899,11.286944444444446,455.36375252476114,381.9012880699766
53.899,-922.1460930836605,476.98175415109023,-1109.4156939172724,60.694741069637,-1033.2000392772832,110.44459597351732,248.7640973038217,15.140441802305853,13.4124565,11.678055555555554,456.4699121044654,382.9914715630978
53.999000000000024,-923.1690283908811,477.6162752489082,-1110.8658908842767,60.26147033651092,-1034.4905547885649,109.94954697680322,249.24738720401467,15.130348775062135,14.231984,11.935,457.61899586154624,384.15010779358647
54.09899999999999,-924.2387646597913,478.15060880463244,-1112.2949161524868,59.82071562310374,-1035.8382267776249,109.44322993333414,249.5668111748,14.780424039334147,14.561021,11.976111111111111,458.6556613010602,385.2266491030091
54.19900000000001,-925.2015273018641,478.7406021056127,-1113.6867432042268,59.36250598382695,-1037.2283050258698,108.93078721643434,249.95441712320607,14.52676615015609,15.06964,11.396111111111113,459.78762936870544,386.405613462838
54.29899999999998,-926.2712635707592,479.37512320343075,-1115.0546627386527,58.89194432805657,-1038.6374203743947,108.41816191992329,250.06413854097357,14.405484543392852,14.919643,12.27,460.9178620085406,387.60188379252344
54.399,-927.3209422846597,479.9762484536204,-1116.4162818298018,58.42043007672868,-1040.0229535766746,107.9120960583299,249.803442744189,14.413624486702847,14.581653,12.143055555555556,462.02419357118464,388.7588929489478
54.499000000000024,-928.3706209985751,480.6107695506475,-1117.7846115134776,57.96366694781463,-1041.398077988714,107.40540692820758,249.74242273900757,14.438366251623748,14.728425,12.214999999999998,463.15033535705135,389.94544326585554
54.59899999999999,-929.4804723775939,481.2007628524188,-1119.1565957849764,57.5240253874196,-1042.7505135642327,106.89741174857718,249.0706297242169,14.375932338505292,14.165954,12.536111111111111,464.197166794282,391.0666194882767
54.69900000000001,-930.5234652397946,481.85754784786457,-1120.5183584928332,57.08831086771675,-1044.0734523516921,106.3793092597485,248.15848091436843,14.219675001666882,14.250416,12.428888888888888,465.32457934965186,392.2722361145972
54.79899999999998,-931.6199449154587,482.503200894892,-1121.8568541735083,56.64003577368309,-1045.3850704816944,105.84979273177163,247.8702831434177,14.013050596359166,14.039105,12.733055555555556,466.42203748441113,393.45939266459953
54.899,-932.7231104428224,483.1599858903378,-1123.1564402324443,56.16455138799989,-1046.6719204063866,105.32406147773156,247.68378538110258,13.668113725675692,13.7629175,12.758055555555556,467.5360458623519,394.64454521612373
54.999000000000024,-933.8998203386296,483.72771529289935,-1124.4269725935828,55.67601753785858,-1047.9484991126103,104.80105165747817,247.75855637336716,13.556310611917308,13.828337,13.028055555555556,468.53906101557305,395.71772457644886
55.09899999999999,-935.089901937836,484.3065766454612,-1125.6879949556348,55.19049576241377,-1049.215874717528,104.27941886122322,247.4964281820949,13.468991303488194,13.582256,13.136944444444444,469.5404603806232,396.7938738393993
55.19900000000001,-936.1195230966822,485.0301533353726,-1126.9425003227534,54.7011362919524,-1050.4925496009832,103.7529709678775,247.6820665077173,13.462517326801985,14.036948,12.798055555555555,470.7403440825716,398.0621546766907
55.29899999999998,-937.2494320307553,485.75373002607495,-1128.222006597691,54.2268092609614,-1051.747049805451,103.2407367593044,247.90380117443286,13.834273789399042,13.064059,13.39388888888889,471.8961830548584,399.2817232155571
55.399,-938.3726551131435,486.43277891914863,-1129.554976864079,53.78065040603086,-1052.9675674806235,102.7416825920459,247.62076002363816,14.281275354409788,13.308116,13.123888888888889,473.01008917042094,400.4383240165762
55.499000000000024,-939.4958781955321,487.1563556098509,-1130.9346563448316,53.35862117499159,-1054.2003644454724,102.23919915701899,248.0278465370787,14.576847832773824,13.317438,13.311944444444444,474.1616603861108,401.6445399823041
55.60000000000002,-940.6926456464231,487.790876706878,-1132.332568052399,52.932665176581246,-1055.4775446002811,101.73228124546291,248.6620878979767,14.363181562452604,13.892909,13.46,475.2131353351849,402.7614829616754
55.69900000000001,-941.782439470373,488.5701131428364,-1133.6805835333216,52.48923778577512,-1056.7515637348456,101.24336448615166,249.35382270882704,14.306444342242772,13.675501,13.461944444444445,476.4361736339769,404.02959020237415
55.80000000000001,-942.9390918111703,489.2491620367011,-1135.0380309820653,52.012503470948865,-1058.0326180180177,100.76468406978269,249.67181142033567,14.184627983947616,13.405106,13.418055555555554,477.57501821632945,405.17491210087945
55.899,-944.155916817086,489.9170789813563,-1136.3416589859546,51.517588448431106,-1059.2392503557437,100.31616408420719,249.54276700092734,13.98859517779066,12.600897,13.7,478.6747045672324,406.24259568275903
56.000999999999976,-945.2991974545138,490.6406556712677,-1137.654309986636,50.968321663108625,-1060.4570585470317,99.85108666256917,248.6661415743774,13.916716624191602,12.960491,13.571111111111112,479.90858568005183,407.4037557723394
56.10000000000002,-946.4892790536907,491.36423236197004,-1138.899515484489,50.394594765684744,-1061.648955354372,99.38385998999253,248.5229164495395,13.784836427413428,12.902208,13.87611111111111,481.1194450083627,408.54664772893665
56.19999999999999,-947.6659889495124,492.08780905188144,-1140.1547590058826,49.804133453595746,-1062.8803347090309,98.90717699779213,249.13884607930493,13.960082768718037,13.50667,13.821111111111112,482.3554460131489,409.7137475009192
56.29899999999998,-948.8293271420245,492.8893093854677,-1141.4386161577552,49.24619584060016,-1064.1293771235075,98.43509020304894,249.45252328340516,14.325462343726093,13.468786,14.098888888888888,483.6502356155009,410.96013499674655
56.39999999999998,-950.0127228895312,493.6017541269607,-1142.790181756439,48.70804202418814,-1065.4054263876733,97.95483270893449,249.29888178585185,14.483529307713132,13.529907,13.884999999999998,484.86447974229566,412.13100156160533
56.5,-951.2562913021711,494.24740717319713,-1144.1341251580475,48.179253644262594,-1066.6823922222109,97.46234548401924,248.52968594588853,14.401782908442456,13.843582,13.976944444444444,485.98215644779407,413.2330697721177
56.60000000000002,-952.4731163081018,494.9375880162712,-1145.4625947029128,47.63820846376757,-1067.987777347819,96.94819993444176,248.47554143424867,14.286965371554007,14.216186,13.90611111111111,487.1567239802361,414.4142733314935
56.69999999999999,-953.6631979072787,495.6834286046014,-1146.7767686159368,47.08074286990887,-1069.3052681245872,96.42519617723822,248.22057521541555,14.264780404844943,14.133945,14.116944444444446,488.40272403031,415.6684069846628
56.80000000000001,-954.8933946165638,496.3624774984661,-1148.0768188650984,46.49300333780532,-1070.6278702969355,95.89261643456469,247.91518871061075,14.272636369938594,14.38224,13.98611111111111,489.5940963553163,416.85798358859705
56.89999999999998,-956.1235913258492,497.1528458836339,-1149.3721280181098,45.885332137333705,-1072.011826400098,95.33139917163884,247.93724758572327,14.342675343642718,15.486134,14.571944444444444,490.90464032892095,418.1991846791969
56.999000000000024,-957.3471021834499,497.92095036959194,-1150.6573535332413,45.280020739458976,-1073.4399050393602,94.75050699051498,247.79402246088537,14.35706604286377,15.659381,14.356944444444444,492.1916948236231,419.5520769695018
57.09899999999999,-958.5371837826414,498.73358265238767,-1151.9471850776567,44.655898583148335,-1074.8733291799442,94.16345173537417,247.6616692102102,14.302087661305963,15.320237,14.49,493.55240022779935,420.9644754086879
57.19900000000001,-959.8141814536903,499.42376349546174,-1153.2199888297787,44.015339234952116,-1076.3037038127013,93.57142018855467,247.3720390447715,14.196534634149181,15.640953,14.42111111111111,494.7753421647414,422.2391897812638
57.29899999999998,-961.0310064596061,500.169604083792,-1154.4740739761894,43.36649856806161,-1077.772994279912,92.94404343946805,246.40402684989832,14.04364832107428,16.312752,14.34,496.0738831858022,423.628786748871
57.399,-962.2946324272856,500.9043127229128,-1155.724690942151,42.71646446731101,-1079.2567098397446,92.26849055975468,244.63444669963636,14.145741838127664,16.296556,14.541944444444447,497.3442387583902,425.0451302010155
57.5,-963.5382008399255,501.6278894128242,-1156.9999831992743,42.05621472222057,-1080.7478341742337,91.54104048844854,243.36451725940762,14.291333088556836,16.559061,14.413055555555555,498.63171320282277,426.50829043183523
57.60000000000002,-964.8018268076053,502.36259805194493,-1158.2598007513063,41.38784622637877,-1082.2352798398697,90.79506340862171,243.36652261169058,14.232430863958102,16.721422,14.563888888888888,499.92370368191587,427.99351801571026
57.69999999999999,-966.0520810719299,503.1084386402751,-1159.5088299423962,40.70936624322541,-1083.7689008148395,90.03855546118815,244.10449225181884,14.195803689575635,17.480442,14.601944444444444,501.23688595032854,429.51598112290213
57.79899999999998,-967.3290787429642,503.7206958396743,-1160.7425969037386,40.036213420021866,-1085.3515996320762,89.2775885629636,244.53246594168073,14.197320781223977,17.997257,14.14888888888889,502.4062979741687,430.92041562937817
57.89999999999998,-968.606076414028,504.36634888670164,-1162.0033570959201,39.35444409606327,-1086.9998327077762,88.48710276791486,244.2248936028876,14.184988419038755,18.200655,14.333055555555553,503.62543598607914,432.4033173805144
58.0,-969.8964457884317,505.06766167819416,-1163.2554028413706,38.69126215330277,-1088.646785264096,87.68506622261685,243.84702793699873,14.152000486739672,18.436768,14.571111111111112,504.87090657553375,433.94685632554086
58.10000000000002,-971.1065849426627,505.81350226652444,-1164.518680033075,38.032293397300705,-1090.2781904322212,86.88553829707034,243.93669583193673,14.344447615214845,17.899054,14.173055555555557,506.18919180323775,435.5485168733228
58.19999999999999,-972.2832948385146,506.57047480327304,-1165.797099429113,37.36011170747227,-1091.8728712387513,86.10338581638923,243.80863976472503,14.543234020231672,17.62431,14.003055555555555,507.5489704487848,437.1432713707168
58.30000000000001,-973.5068056961002,507.1716000550448,-1167.0603767931786,36.65471388126524,-1093.4458328454805,85.32814635707031,243.71782595419677,14.400067546655295,17.448223,13.868888888888888,508.7721740220285,438.5627317287402
58.39999999999998,-974.6968872953066,507.6948016615595,-1168.2862879844663,35.90474940458039,-1095.0320663871767,84.54780567730168,243.89057272942864,14.347893415032496,17.907543,13.266944444444444,509.96343934426426,439.92492034161234
58.5,-975.8535396360743,508.2847949625398,-1169.4864555863899,35.11257055570233,-1096.626490621267,83.75819053719717,243.4138718438797,14.415881732369405,17.677485,13.223888888888888,511.25889732065934,441.37166147656467
58.60000000000002,-977.070364642005,508.70780902696083,-1170.6757130372603,34.29413467922502,-1098.1753580588268,82.98265554476829,243.39038057427933,14.457768482254766,16.9661,13.06,512.3976632805499,442.6153247888338
58.69900000000001,-978.2136452794624,509.17535088821955,-1171.853717591707,33.47407711944541,-1099.6995259711225,82.23086417792884,244.09204187893033,14.538920663477937,17.367744,12.89,513.6031342099906,443.8923449888969
58.79899999999998,-979.3769834719002,509.7096844447347,-1173.0491802586084,32.64320966177685,-1101.2830849989095,81.48414268497052,245.40526114536974,14.57791521094014,17.650278,12.938888888888888,514.8799288863647,445.23949982560737
58.899,-980.5403216643673,510.2328860512495,-1174.2473866844812,31.818951328691245,-1102.859529793579,80.77003640014587,245.86420033926962,14.50903410813285,16.962864,12.851111111111111,516.141763448209,446.54263839839956
58.999000000000024,-981.656858895071,510.9119349451141,-1175.4403724494414,30.997747198168764,-1104.3798688970703,80.06983235235296,244.66213488508487,14.457305666781306,16.515636,12.821944444444444,517.5612791991757,447.979747924504
59.09899999999999,-982.8201970875384,511.5019282460945,-1176.6325949790635,30.165039343312937,-1105.8807164883485,79.34456896723391,243.76316410452492,14.627504102644277,16.823359,12.741944444444444,518.891555332202,449.3371502714586
59.19900000000001,-983.889933356493,512.1030534954933,-1177.8346942149115,29.304264133807465,-1107.403451521995,78.5844394496291,243.18791447821343,14.94371344034968,17.215395,12.843055555555555,520.2972624121124,450.77042704004754
59.29899999999998,-985.0265281422212,512.6373870527993,-1179.0490151878525,28.415062343886813,-1108.8868895704297,77.84070832690898,243.5720826798485,15.157876618674374,15.973491,12.461944444444445,521.6473763241561,452.0946150577239
59.39999999999998,-986.1430653729396,513.2385123021982,-1180.2973677084105,27.509204981619224,-1110.3258659953915,77.1385582116683,244.414072807683,15.38506424808537,15.733223,12.718055555555555,523.09545314933,453.43636590837957
59.499000000000024,-987.232859196919,513.8285056039695,-1181.5506180702275,26.616673563238702,-1111.7323410453203,76.46100809605588,244.14293771987107,15.697601921000464,15.805617,12.308055555555555,524.5328976280044,454.7421784449461
59.59899999999999,-988.3226530208984,514.4407628033686,-1182.8391923701515,25.70600178565038,-1113.144029042652,75.76176438247907,243.15315312878292,15.860277174748393,15.703048,12.421111111111111,526.0212454905749,456.0917008316625
59.69999999999999,-989.3990751415082,515.0196241559305,-1184.1431169139073,24.76505851592175,-1114.5213150145994,75.04311384505439,241.70672403976414,15.982737797757816,15.061861,12.203055555555554,527.5175645765016,457.4220201697726
59.80000000000001,-990.4554397070933,515.6207494053292,-1185.4339707141216,23.799849022918977,-1115.8234392859347,74.3194503744232,240.1494247525982,16.254074893041874,14.73496,11.969999999999999,529.059945192058,458.7635249720334
59.899,-991.4917467176392,516.1550829610535,-1186.7122300065766,22.81286697323308,-1117.0995240234301,73.57711974717864,239.48321521152093,16.372713753327556,15.089686,11.693888888888889,530.5634544249533,460.05713475854617
60.0,-992.5949122449731,516.7562082112432,-1188.0188882726413,21.78533791473422,-1118.4244732987045,72.80477222368295,240.03528296544127,16.543707486618633,15.279514,12.084999999999999,532.1528848447091,461.43900566639525
