speed_source,heading_source,outage_s,outage_dist_m,final_drift_m,max_drift_m,rmse_m,drift_pct,drift_rate_m_per_s,speed_mae_ms,pass_isro,key,driver,scenario,window,anchor_t
truth,truth,60.0,430.5,0.62,1.02,0.63,0.14,0.01,,True,M/M,M,isro_60s,0,20.0
truth,veh_yawrate,60.0,430.5,2.23,20.65,11.64,0.52,0.037,,True,M/M,M,isro_60s,0,20.0
hold,truth,60.0,430.5,6.29,6.29,1.95,1.46,0.105,0.46,True,M/M,M,isro_60s,0,20.0
obd,veh_yawrate,60.0,430.5,2.51,20.71,11.82,0.58,0.042,0.415,True,M/M,M,isro_60s,0,20.0
wheel_speed,veh_yawrate,60.0,430.5,2.33,20.7,11.74,0.54,0.039,0.233,True,M/M,M,isro_60s,0,20.0
obd,gps_hold,60.0,430.5,430.11,430.11,238.34,99.91,7.168,0.415,False,M/M,M,isro_60s,0,20.0
hold,imu_aligned,60.0,430.5,423.95,423.95,233.25,98.48,7.066,0.46,False,M/M,M,isro_60s,0,20.0
imu_integrate,imu_aligned,60.0,430.5,71.58,74.67,34.23,16.63,1.193,5.795,False,M/M,M,isro_60s,0,20.0
truth,truth,152.5,1000.6,0.88,1.07,0.64,0.09,0.006,,True,M/M,M,isro_1km,0,20.0
truth,veh_yawrate,152.5,1000.6,18.34,22.24,12.74,1.83,0.12,,True,M/M,M,isro_1km,0,20.0
hold,truth,152.5,1000.6,12.73,13.07,6.43,1.27,0.084,0.975,True,M/M,M,isro_1km,0,20.0
obd,veh_yawrate,152.5,1000.6,19.21,22.19,12.93,1.92,0.126,0.359,True,M/M,M,isro_1km,0,20.0
wheel_speed,veh_yawrate,152.5,1000.6,18.98,22.2,12.84,1.9,0.124,0.201,True,M/M,M,isro_1km,0,20.0
obd,gps_hold,152.5,1000.6,1022.1,1022.1,600.03,102.15,6.702,0.359,False,M/M,M,isro_1km,0,20.0
hold,imu_aligned,152.5,1000.6,1107.29,1107.29,631.92,110.67,7.261,0.975,False,M/M,M,isro_1km,0,20.0
imu_integrate,imu_aligned,152.5,1000.6,120.24,131.04,76.71,12.02,0.788,5.648,False,M/M,M,isro_1km,0,20.0
truth,truth,30.0,213.1,0.73,1.02,0.63,0.34,0.024,,True,M/M,M,tunnels,0,20.0
truth,veh_yawrate,30.0,213.1,19.5,19.5,11.4,9.15,0.65,,True,M/M,M,tunnels,0,20.0
hold,truth,30.0,213.1,0.96,3.7,1.99,0.45,0.032,0.482,True,M/M,M,tunnels,0,20.0
obd,veh_yawrate,30.0,213.1,19.68,19.68,11.59,9.24,0.656,0.411,True,M/M,M,tunnels,0,20.0
wheel_speed,veh_yawrate,30.0,213.1,19.73,19.73,11.5,9.26,0.658,0.24,True,M/M,M,tunnels,0,20.0
obd,gps_hold,30.0,213.1,183.91,183.91,101.82,86.31,6.13,0.411,False,M/M,M,tunnels,0,20.0
hold,imu_aligned,30.0,213.1,183.46,183.46,104.2,86.1,6.115,0.482,False,M/M,M,tunnels,0,20.0
imu_integrate,imu_aligned,30.0,213.1,12.71,31.51,16.02,5.97,0.424,5.713,True,M/M,M,tunnels,0,20.0
truth,truth,30.0,181.9,0.33,1.25,0.83,0.18,0.011,,True,M/M,M,tunnels,1,155.0
truth,veh_yawrate,30.0,181.9,0.83,0.9,0.55,0.46,0.028,,True,M/M,M,tunnels,1,155.0
hold,truth,30.0,181.9,3.45,4.86,2.81,1.9,0.115,0.679,True,M/M,M,tunnels,1,155.0
obd,veh_yawrate,30.0,181.9,0.6,1.3,0.9,0.33,0.02,0.318,True,M/M,M,tunnels,1,155.0
wheel_speed,veh_yawrate,30.0,181.9,0.77,0.84,0.5,0.42,0.026,0.03,True,M/M,M,tunnels,1,155.0
obd,gps_hold,30.0,181.9,196.03,196.03,113.3,107.76,6.534,0.318,False,M/M,M,tunnels,1,155.0
hold,imu_aligned,30.0,181.9,206.87,206.87,118.82,113.72,6.896,0.679,False,M/M,M,tunnels,1,155.0
imu_integrate,imu_aligned,30.0,181.9,58.63,64.88,46.97,32.23,1.954,4.993,False,M/M,M,tunnels,1,155.0
truth,truth,30.0,532.0,63.0,70.32,21.28,11.84,2.1,,False,M/M,M,tunnels,2,290.0
truth,veh_yawrate,30.0,532.0,59.79,64.12,22.07,11.24,1.993,,False,M/M,M,tunnels,2,290.0
hold,truth,30.0,532.0,13.68,65.87,15.2,2.57,0.456,4.947,True,M/M,M,tunnels,2,290.0
obd,veh_yawrate,30.0,532.0,20.74,70.68,18.58,3.9,0.691,4.63,True,M/M,M,tunnels,2,290.0
wheel_speed,veh_yawrate,30.0,532.0,26.45,59.16,17.72,4.97,0.882,4.722,True,M/M,M,tunnels,2,290.0
obd,gps_hold,30.0,532.0,288.63,288.63,125.0,54.25,9.621,4.63,False,M/M,M,tunnels,2,290.0
hold,imu_aligned,30.0,532.0,291.56,291.56,125.79,54.8,9.719,4.947,False,M/M,M,tunnels,2,290.0
imu_integrate,imu_aligned,30.0,532.0,263.41,263.41,116.29,49.51,8.78,7.055,False,M/M,M,tunnels,2,290.0
truth,truth,30.0,374.3,2.66,2.66,1.57,0.71,0.089,,True,M/M,M,tunnels,3,425.0
truth,veh_yawrate,30.0,374.3,12.84,12.84,5.06,3.43,0.428,,True,M/M,M,tunnels,3,425.0
hold,truth,30.0,374.3,31.79,31.79,17.53,8.49,1.06,1.066,True,M/M,M,tunnels,3,425.0
obd,veh_yawrate,30.0,374.3,12.27,12.27,4.61,3.28,0.409,0.075,True,M/M,M,tunnels,3,425.0
wheel_speed,veh_yawrate,30.0,374.3,13.81,13.81,5.8,3.69,0.46,0.176,True,M/M,M,tunnels,3,425.0
obd,gps_hold,30.0,374.3,47.67,47.67,20.55,12.74,1.589,0.075,False,M/M,M,tunnels,3,425.0
hold,imu_aligned,30.0,374.3,53.97,53.97,25.47,14.42,1.799,1.066,False,M/M,M,tunnels,3,425.0
imu_integrate,imu_aligned,30.0,374.3,51.01,51.01,21.54,13.63,1.7,1.065,False,M/M,M,tunnels,3,425.0
truth,truth,30.0,404.0,3.36,3.36,1.77,0.83,0.112,,True,M/M,M,tunnels,4,582.5
truth,veh_yawrate,30.0,404.0,106.93,106.93,62.17,26.47,3.564,,False,M/M,M,tunnels,4,582.5
hold,truth,30.0,404.0,7.22,60.76,39.44,1.79,0.241,3.953,True,M/M,M,tunnels,4,582.5
obd,veh_yawrate,30.0,404.0,106.86,106.86,62.14,26.45,3.562,0.12,False,M/M,M,tunnels,4,582.5
wheel_speed,veh_yawrate,30.0,404.0,107.19,107.19,62.13,26.53,3.573,0.092,False,M/M,M,tunnels,4,582.5
obd,gps_hold,30.0,404.0,115.56,115.56,64.78,28.61,3.852,0.12,False,M/M,M,tunnels,4,582.5
hold,imu_aligned,30.0,404.0,114.22,114.22,71.29,28.27,3.807,3.953,False,M/M,M,tunnels,4,582.5
imu_integrate,imu_aligned,30.0,404.0,112.2,112.2,66.59,27.77,3.74,1.736,False,M/M,M,tunnels,4,582.5
truth,truth,30.0,364.0,1.21,1.32,0.85,0.33,0.04,,True,M/M,M,tunnels,5,717.5
truth,veh_yawrate,30.0,364.0,23.26,23.26,10.19,6.39,0.775,,True,M/M,M,tunnels,5,717.5
hold,truth,30.0,364.0,16.56,19.64,12.59,4.55,0.552,1.337,True,M/M,M,tunnels,5,717.5
obd,veh_yawrate,30.0,364.0,23.06,23.06,10.14,6.34,0.769,0.066,True,M/M,M,tunnels,5,717.5
wheel_speed,veh_yawrate,30.0,364.0,23.18,23.18,10.2,6.37,0.773,0.077,True,M/M,M,tunnels,5,717.5
obd,gps_hold,30.0,364.0,43.44,43.44,17.48,11.94,1.448,0.066,False,M/M,M,tunnels,5,717.5
hold,imu_aligned,30.0,364.0,48.03,48.03,21.92,13.2,1.601,1.337,False,M/M,M,tunnels,5,717.5
imu_integrate,imu_aligned,30.0,364.0,83.03,83.03,36.79,22.81,2.768,2.575,False,M/M,M,tunnels,5,717.5
truth,truth,30.0,318.2,1.13,1.19,1.0,0.35,0.038,,True,M/M,M,tunnels,6,852.5
truth,veh_yawrate,30.0,318.2,34.65,34.95,26.16,10.89,1.155,,False,M/M,M,tunnels,6,852.5
hold,truth,30.0,318.2,88.26,88.26,43.21,27.74,2.942,3.055,False,M/M,M,tunnels,6,852.5
obd,veh_yawrate,30.0,318.2,35.1,35.2,26.4,11.03,1.17,0.077,False,M/M,M,tunnels,6,852.5
wheel_speed,veh_yawrate,30.0,318.2,34.56,34.92,26.15,10.86,1.152,0.076,False,M/M,M,tunnels,6,852.5
obd,gps_hold,30.0,318.2,229.04,229.04,150.9,71.99,7.635,0.077,False,M/M,M,tunnels,6,852.5
hold,imu_aligned,30.0,318.2,278.81,278.81,174.27,87.63,9.294,3.055,False,M/M,M,tunnels,6,852.5
imu_integrate,imu_aligned,30.0,318.2,304.13,304.13,169.8,95.59,10.138,6.105,False,M/M,M,tunnels,6,852.5
truth,truth,30.0,248.4,0.9,1.21,0.99,0.36,0.03,,True,M/M,M,tunnels,7,1077.5
truth,veh_yawrate,30.0,248.4,65.97,65.97,38.83,26.56,2.199,,False,M/M,M,tunnels,7,1077.5
hold,truth,30.0,248.4,24.43,24.5,14.97,9.84,0.814,0.945,True,M/M,M,tunnels,7,1077.5
obd,veh_yawrate,30.0,248.4,66.78,66.78,39.26,26.89,2.226,0.1,False,M/M,M,tunnels,7,1077.5
wheel_speed,veh_yawrate,30.0,248.4,66.3,66.3,38.98,26.69,2.21,0.071,False,M/M,M,tunnels,7,1077.5
obd,gps_hold,30.0,248.4,296.12,296.12,171.03,119.22,9.871,0.1,False,M/M,M,tunnels,7,1077.5
hold,imu_aligned,30.0,248.4,280.45,280.45,161.86,112.91,9.348,0.945,False,M/M,M,tunnels,7,1077.5
imu_integrate,imu_aligned,30.0,248.4,260.66,260.87,157.29,104.94,8.689,2.13,False,M/M,M,tunnels,7,1077.5
truth,truth,60.0,430.5,0.62,1.02,0.63,0.14,0.01,,True,M/M,M,every_2min,0,20.0
truth,veh_yawrate,60.0,430.5,2.23,20.65,11.64,0.52,0.037,,True,M/M,M,every_2min,0,20.0
hold,truth,60.0,430.5,6.29,6.29,1.95,1.46,0.105,0.46,True,M/M,M,every_2min,0,20.0
obd,veh_yawrate,60.0,430.5,2.51,20.71,11.82,0.58,0.042,0.415,True,M/M,M,every_2min,0,20.0
wheel_speed,veh_yawrate,60.0,430.5,2.33,20.7,11.74,0.54,0.039,0.233,True,M/M,M,every_2min,0,20.0
obd,gps_hold,60.0,430.5,430.11,430.11,238.34,99.91,7.168,0.415,False,M/M,M,every_2min,0,20.0
hold,imu_aligned,60.0,430.5,423.95,423.95,233.25,98.48,7.066,0.46,False,M/M,M,every_2min,0,20.0
imu_integrate,imu_aligned,60.0,430.5,71.58,74.67,34.23,16.63,1.193,5.795,False,M/M,M,every_2min,0,20.0
truth,truth,60.0,409.5,1.19,1.19,0.62,0.29,0.02,,True,M/M,M,every_2min,1,200.0
truth,veh_yawrate,60.0,409.5,154.31,154.31,60.89,37.68,2.572,,False,M/M,M,every_2min,1,200.0
hold,truth,60.0,409.5,45.37,78.61,47.9,11.08,0.756,3.516,False,M/M,M,every_2min,1,200.0
obd,veh_yawrate,60.0,409.5,153.31,153.31,60.8,37.44,2.555,0.139,False,M/M,M,every_2min,1,200.0
wheel_speed,veh_yawrate,60.0,409.5,152.09,152.09,59.47,37.14,2.535,0.204,False,M/M,M,every_2min,1,200.0
obd,gps_hold,60.0,409.5,281.09,281.09,169.45,68.64,4.685,0.139,False,M/M,M,every_2min,1,200.0
hold,imu_aligned,60.0,409.5,254.23,319.97,199.14,62.08,4.237,3.516,False,M/M,M,every_2min,1,200.0
imu_integrate,imu_aligned,60.0,409.5,254.15,254.15,108.98,62.06,4.236,4.81,False,M/M,M,every_2min,1,200.0
truth,truth,60.0,733.6,8.04,8.04,4.5,1.1,0.134,,True,M/M,M,every_2min,2,380.0
truth,veh_yawrate,60.0,733.6,182.68,182.68,86.44,24.9,3.045,,False,M/M,M,every_2min,2,380.0
hold,truth,60.0,733.6,210.01,210.01,129.9,28.63,3.5,4.072,False,M/M,M,every_2min,2,380.0
obd,veh_yawrate,60.0,733.6,181.64,181.64,86.69,24.76,3.027,0.232,False,M/M,M,every_2min,2,380.0
wheel_speed,veh_yawrate,60.0,733.6,183.74,183.74,87.91,25.05,3.062,0.321,False,M/M,M,every_2min,2,380.0
obd,gps_hold,60.0,733.6,506.65,506.65,232.36,69.06,8.444,0.232,False,M/M,M,every_2min,2,380.0
hold,imu_aligned,60.0,733.6,659.35,659.35,320.32,89.88,10.989,4.072,False,M/M,M,every_2min,2,380.0
imu_integrate,imu_aligned,60.0,733.6,1255.22,1255.22,620.09,171.1,20.92,15.458,False,M/M,M,every_2min,2,380.0
truth,truth,60.0,709.8,4.81,4.81,2.89,0.68,0.08,,True,M/M,M,every_2min,3,590.0
truth,veh_yawrate,60.0,709.8,59.03,59.03,31.72,8.32,0.984,,True,M/M,M,every_2min,3,590.0
hold,truth,60.0,709.8,264.45,264.45,148.24,37.26,4.408,4.826,False,M/M,M,every_2min,3,590.0
obd,veh_yawrate,60.0,709.8,58.24,58.24,31.04,8.21,0.971,0.072,True,M/M,M,every_2min,3,590.0
wheel_speed,veh_yawrate,60.0,709.8,59.53,59.53,32.07,8.39,0.992,0.083,True,M/M,M,every_2min,3,590.0
obd,gps_hold,60.0,709.8,61.61,69.3,46.26,8.68,1.027,0.072,True,M/M,M,every_2min,3,590.0
hold,imu_aligned,60.0,709.8,298.65,298.65,173.32,42.08,4.977,4.826,False,M/M,M,every_2min,3,590.0
imu_integrate,imu_aligned,60.0,709.8,147.34,147.34,79.4,20.76,2.456,2.476,False,M/M,M,every_2min,3,590.0
truth,truth,60.0,767.9,1.77,2.52,1.48,0.23,0.029,,True,M/M,M,every_2min,4,770.0
truth,veh_yawrate,60.0,767.9,95.78,98.94,65.37,12.47,1.596,,False,M/M,M,every_2min,4,770.0
hold,truth,60.0,767.9,89.82,103.47,58.05,11.7,1.497,2.35,False,M/M,M,every_2min,4,770.0
obd,veh_yawrate,60.0,767.9,98.64,100.3,66.32,12.85,1.644,0.095,False,M/M,M,every_2min,4,770.0
wheel_speed,veh_yawrate,60.0,767.9,96.18,98.81,65.44,12.52,1.603,0.088,False,M/M,M,every_2min,4,770.0
obd,gps_hold,60.0,767.9,146.92,158.77,105.54,19.13,2.449,0.095,False,M/M,M,every_2min,4,770.0
hold,imu_aligned,60.0,767.9,134.61,163.72,105.64,17.53,2.243,2.35,False,M/M,M,every_2min,4,770.0
imu_integrate,imu_aligned,60.0,767.9,150.01,164.6,104.83,19.54,2.5,2.742,False,M/M,M,every_2min,4,770.0
truth,truth,60.0,271.0,0.45,0.81,0.4,0.16,0.007,,True,M/M,M,every_2min,5,950.0
truth,veh_yawrate,60.0,271.0,31.17,31.17,17.33,11.5,0.52,,False,M/M,M,every_2min,5,950.0
hold,truth,60.0,271.0,42.39,139.81,66.36,15.64,0.706,5.762,False,M/M,M,every_2min,5,950.0
obd,veh_yawrate,60.0,271.0,32.8,32.8,18.61,12.1,0.547,0.074,False,M/M,M,every_2min,5,950.0
wheel_speed,veh_yawrate,60.0,271.0,30.4,30.4,17.04,11.22,0.507,0.062,False,M/M,M,every_2min,5,950.0
obd,gps_hold,60.0,271.0,63.17,63.17,40.28,23.31,1.053,0.074,False,M/M,M,every_2min,5,950.0
hold,imu_aligned,60.0,271.0,388.98,388.98,183.0,143.53,6.483,5.762,False,M/M,M,every_2min,5,950.0
imu_integrate,imu_aligned,60.0,271.0,351.1,351.1,172.61,129.56,5.852,5.163,False,M/M,M,every_2min,5,950.0
truth,truth,60.0,451.3,0.15,1.04,0.52,0.03,0.002,,True,M/M,M,every_2min,6,1130.0
truth,veh_yawrate,60.0,451.3,33.57,33.57,16.66,7.44,0.56,,True,M/M,M,every_2min,6,1130.0
hold,truth,60.0,451.3,94.89,94.89,43.39,21.02,1.581,2.168,False,M/M,M,every_2min,6,1130.0
obd,veh_yawrate,60.0,451.3,34.01,34.01,16.99,7.54,0.567,0.087,True,M/M,M,every_2min,6,1130.0
wheel_speed,veh_yawrate,60.0,451.3,32.95,32.95,16.23,7.3,0.549,0.084,True,M/M,M,every_2min,6,1130.0
obd,gps_hold,60.0,451.3,531.71,531.71,255.47,117.81,8.862,0.087,False,M/M,M,every_2min,6,1130.0
hold,imu_aligned,60.0,451.3,641.77,641.77,307.59,142.2,10.696,2.168,False,M/M,M,every_2min,6,1130.0
imu_integrate,imu_aligned,60.0,451.3,881.2,881.2,422.72,195.25,14.687,5.914,False,M/M,M,every_2min,6,1130.0
truth,truth,60.0,418.1,0.44,1.26,0.87,0.1,0.007,,True,M/M,M,every_2min,7,1310.0
truth,veh_yawrate,60.0,418.1,244.0,244.0,150.47,58.35,4.067,,False,M/M,M,every_2min,7,1310.0
hold,truth,60.0,418.1,58.88,58.88,34.19,14.08,0.981,1.606,False,M/M,M,every_2min,7,1310.0
obd,veh_yawrate,60.0,418.1,244.26,244.26,150.49,58.42,4.071,0.116,False,M/M,M,every_2min,7,1310.0
wheel_speed,veh_yawrate,60.0,418.1,244.21,244.21,150.47,58.4,4.07,0.101,False,M/M,M,every_2min,7,1310.0
obd,gps_hold,60.0,418.1,440.31,440.31,251.25,105.3,7.339,0.116,False,M/M,M,every_2min,7,1310.0
hold,imu_aligned,60.0,418.1,501.38,501.38,287.48,119.91,8.356,1.606,False,M/M,M,every_2min,7,1310.0
imu_integrate,imu_aligned,60.0,418.1,670.08,670.08,401.97,160.25,11.168,4.897,False,M/M,M,every_2min,7,1310.0
truth,truth,60.0,406.0,0.9,1.12,0.67,0.22,0.015,,True,M/M,M,every_2min,8,1490.0
truth,veh_yawrate,60.0,406.0,41.24,41.24,17.64,10.16,0.687,,False,M/M,M,every_2min,8,1490.0
hold,truth,60.0,406.0,13.72,14.73,9.4,3.38,0.229,1.434,True,M/M,M,every_2min,8,1490.0
obd,veh_yawrate,60.0,406.0,39.03,39.03,16.31,9.61,0.65,0.08,True,M/M,M,every_2min,8,1490.0
wheel_speed,veh_yawrate,60.0,406.0,40.85,40.85,17.53,10.06,0.681,0.061,False,M/M,M,every_2min,8,1490.0
obd,gps_hold,60.0,406.0,152.18,152.18,116.35,37.48,2.536,0.08,False,M/M,M,every_2min,8,1490.0
hold,imu_aligned,60.0,406.0,151.77,151.77,117.3,37.38,2.53,1.434,False,M/M,M,every_2min,8,1490.0
imu_integrate,imu_aligned,60.0,406.0,165.86,165.86,125.8,40.85,2.764,1.539,False,M/M,M,every_2min,8,1490.0
truth,truth,60.0,184.1,1.13,1.13,0.5,0.62,0.019,,True,M/M,M,every_2min,9,1670.0
truth,veh_yawrate,60.0,184.1,6.93,6.93,3.61,3.76,0.116,,True,M/M,M,every_2min,9,1670.0
hold,truth,60.0,184.1,72.85,73.87,33.99,39.56,1.214,3.282,False,M/M,M,every_2min,9,1670.0
obd,veh_yawrate,60.0,184.1,6.8,6.96,4.01,3.69,0.113,0.119,True,M/M,M,every_2min,9,1670.0
wheel_speed,veh_yawrate,60.0,184.1,6.46,6.46,3.76,3.51,0.108,0.087,True,M/M,M,every_2min,9,1670.0
obd,gps_hold,60.0,184.1,231.04,231.04,119.35,125.46,3.851,0.119,False,M/M,M,every_2min,9,1670.0
hold,imu_aligned,60.0,184.1,410.77,410.77,226.01,223.06,6.846,3.282,False,M/M,M,every_2min,9,1670.0
imu_integrate,imu_aligned,60.0,184.1,343.07,343.07,170.75,186.3,5.718,3.923,False,M/M,M,every_2min,9,1670.0
truth,truth,60.0,478.5,0.97,1.29,0.86,0.2,0.016,,True,M/M,M,every_2min,10,1940.0
truth,veh_yawrate,60.0,478.5,4.48,6.65,3.94,0.94,0.075,,True,M/M,M,every_2min,10,1940.0
hold,truth,60.0,478.5,49.56,84.91,55.71,10.36,0.826,3.206,False,M/M,M,every_2min,10,1940.0
obd,veh_yawrate,60.0,478.5,4.67,7.3,4.27,0.98,0.078,0.114,True,M/M,M,every_2min,10,1940.0
wheel_speed,veh_yawrate,60.0,478.5,5.58,7.98,4.69,1.17,0.093,0.089,True,M/M,M,every_2min,10,1940.0
obd,gps_hold,60.0,478.5,486.57,486.57,250.23,101.68,8.109,0.114,False,M/M,M,every_2min,10,1940.0
hold,imu_aligned,60.0,478.5,668.32,668.32,340.68,139.67,11.139,3.206,False,M/M,M,every_2min,10,1940.0
imu_integrate,imu_aligned,60.0,478.5,505.51,505.51,301.05,105.64,8.425,4.063,False,M/M,M,every_2min,10,1940.0
truth,truth,60.0,519.3,0.88,0.88,0.62,0.17,0.015,,True,M/M,M,every_2min,11,2180.0
truth,veh_yawrate,60.0,519.3,21.55,21.55,9.46,4.15,0.359,,True,M/M,M,every_2min,11,2180.0
hold,truth,60.0,519.3,73.07,73.07,37.44,14.07,1.218,2.166,False,M/M,M,every_2min,11,2180.0
obd,veh_yawrate,60.0,519.3,22.08,22.08,9.6,4.25,0.368,0.088,True,M/M,M,every_2min,11,2180.0
wheel_speed,veh_yawrate,60.0,519.3,21.24,21.24,9.22,4.09,0.354,0.078,True,M/M,M,every_2min,11,2180.0
obd,gps_hold,60.0,519.3,153.71,187.76,150.13,29.6,2.562,0.088,False,M/M,M,every_2min,11,2180.0
hold,imu_aligned,60.0,519.3,107.97,210.61,147.76,20.79,1.799,2.166,False,M/M,M,every_2min,11,2180.0
imu_integrate,imu_aligned,60.0,519.3,212.9,212.9,166.39,41.0,3.548,2.676,False,M/M,M,every_2min,11,2180.0
truth,truth,60.0,810.0,0.86,1.51,1.03,0.11,0.014,,True,M/M,M,every_2min,12,2360.0
truth,veh_yawrate,60.0,810.0,143.21,143.21,69.42,17.68,2.387,,False,M/M,M,every_2min,12,2360.0
hold,truth,60.0,810.0,84.31,95.13,49.01,10.41,1.405,2.775,False,M/M,M,every_2min,12,2360.0
obd,veh_yawrate,60.0,810.0,144.5,144.5,70.27,17.84,2.408,0.121,False,M/M,M,every_2min,12,2360.0
wheel_speed,veh_yawrate,60.0,810.0,142.55,142.55,69.0,17.6,2.376,0.097,False,M/M,M,every_2min,12,2360.0
obd,gps_hold,60.0,810.0,1101.77,1101.77,549.73,136.02,18.363,0.121,False,M/M,M,every_2min,12,2360.0
hold,imu_aligned,60.0,810.0,1055.64,1055.64,533.71,130.32,17.594,2.775,False,M/M,M,every_2min,12,2360.0
imu_integrate,imu_aligned,60.0,810.0,968.79,968.79,462.57,119.6,16.146,4.582,False,M/M,M,every_2min,12,2360.0
truth,truth,60.0,951.2,5.63,6.39,3.02,0.59,0.094,,True,M/M,M,every_2min,13,2540.0
truth,veh_yawrate,60.0,951.2,143.78,143.78,72.32,15.11,2.396,,False,M/M,M,every_2min,13,2540.0
hold,truth,60.0,951.2,296.34,300.88,147.14,31.15,4.939,5.469,False,M/M,M,every_2min,13,2540.0
obd,veh_yawrate,60.0,951.2,144.88,144.88,73.41,15.23,2.415,0.174,False,M/M,M,every_2min,13,2540.0
wheel_speed,veh_yawrate,60.0,951.2,143.62,143.62,72.75,15.1,2.394,0.166,False,M/M,M,every_2min,13,2540.0
obd,gps_hold,60.0,951.2,501.94,501.94,269.65,52.77,8.366,0.174,False,M/M,M,every_2min,13,2540.0
hold,imu_aligned,60.0,951.2,499.72,499.72,265.38,52.53,8.329,5.469,False,M/M,M,every_2min,13,2540.0
imu_integrate,imu_aligned,60.0,951.2,490.37,490.37,258.22,51.55,8.173,6.24,False,M/M,M,every_2min,13,2540.0
truth,truth,60.0,848.4,0.67,1.02,0.81,0.08,0.011,,True,M/M,M,every_2min,14,2720.0
truth,veh_yawrate,60.0,848.4,221.09,221.09,96.73,26.06,3.685,,False,M/M,M,every_2min,14,2720.0
hold,truth,60.0,848.4,404.73,404.73,262.28,47.7,6.745,7.165,False,M/M,M,every_2min,14,2720.0
obd,veh_yawrate,60.0,848.4,221.87,221.87,97.2,26.15,3.698,0.13,False,M/M,M,every_2min,14,2720.0
wheel_speed,veh_yawrate,60.0,848.4,222.95,222.95,98.06,26.28,3.716,0.137,False,M/M,M,every_2min,14,2720.0
obd,gps_hold,60.0,848.4,370.8,370.8,161.43,43.7,6.18,0.13,False,M/M,M,every_2min,14,2720.0
hold,imu_aligned,60.0,848.4,638.33,638.33,349.08,75.24,10.639,7.165,False,M/M,M,every_2min,14,2720.0
imu_integrate,imu_aligned,60.0,848.4,1124.05,1124.05,649.3,132.49,18.734,15.98,False,M/M,M,every_2min,14,2720.0
truth,truth,60.0,693.8,2.76,2.79,1.51,0.4,0.046,,True,M/M,M,every_2min,15,2930.0
truth,veh_yawrate,60.0,693.8,316.58,321.56,183.38,45.63,5.276,,False,M/M,M,every_2min,15,2930.0
hold,truth,60.0,693.8,32.91,52.61,36.95,4.74,0.549,2.844,True,M/M,M,every_2min,15,2930.0
obd,veh_yawrate,60.0,693.8,319.28,324.25,185.11,46.02,5.321,0.18,False,M/M,M,every_2min,15,2930.0
wheel_speed,veh_yawrate,60.0,693.8,318.03,323.0,184.4,45.84,5.3,0.198,False,M/M,M,every_2min,15,2930.0
obd,gps_hold,60.0,693.8,137.16,149.78,86.14,19.77,2.286,0.18,False,M/M,M,every_2min,15,2930.0
hold,imu_aligned,60.0,693.8,156.18,170.35,105.75,22.51,2.603,2.844,False,M/M,M,every_2min,15,2930.0
imu_integrate,imu_aligned,60.0,693.8,196.01,207.06,161.33,28.25,3.267,5.666,False,M/M,M,every_2min,15,2930.0
truth,truth,60.0,558.9,1.25,1.25,0.51,0.22,0.021,,True,M/M,M,every_2min,16,3260.0
truth,veh_yawrate,60.0,558.9,306.75,306.75,190.34,54.89,5.113,,False,M/M,M,every_2min,16,3260.0
hold,truth,60.0,558.9,212.33,213.16,129.33,37.99,3.539,5.234,False,M/M,M,every_2min,16,3260.0
obd,veh_yawrate,60.0,558.9,307.71,307.71,189.78,55.06,5.128,0.154,False,M/M,M,every_2min,16,3260.0
wheel_speed,veh_yawrate,60.0,558.9,307.59,307.59,190.14,55.04,5.126,0.142,False,M/M,M,every_2min,16,3260.0
obd,gps_hold,60.0,558.9,225.4,225.4,109.77,40.33,3.757,0.154,False,M/M,M,every_2min,16,3260.0
hold,imu_aligned,60.0,558.9,528.38,528.38,242.61,94.54,8.806,5.234,False,M/M,M,every_2min,16,3260.0
imu_integrate,imu_aligned,60.0,558.9,1364.75,1364.75,625.78,244.2,22.746,19.157,False,M/M,M,every_2min,16,3260.0
truth,truth,60.0,760.8,2.35,2.56,1.82,0.31,0.039,,True,M/M,M,every_2min,17,3440.0
truth,veh_yawrate,60.0,760.8,26.08,26.08,11.46,3.43,0.435,,True,M/M,M,every_2min,17,3440.0
hold,truth,60.0,760.8,233.77,233.77,143.23,30.73,3.896,4.999,False,M/M,M,every_2min,17,3440.0
obd,veh_yawrate,60.0,760.8,24.42,24.42,10.82,3.21,0.407,0.098,True,M/M,M,every_2min,17,3440.0
wheel_speed,veh_yawrate,60.0,760.8,25.92,25.92,11.36,3.41,0.432,0.065,True,M/M,M,every_2min,17,3440.0
obd,gps_hold,60.0,760.8,759.52,759.52,346.94,99.83,12.659,0.098,False,M/M,M,every_2min,17,3440.0
hold,imu_aligned,60.0,760.8,589.85,589.85,289.72,77.53,9.831,4.999,False,M/M,M,every_2min,17,3440.0
imu_integrate,imu_aligned,60.0,760.8,634.91,634.91,297.99,83.45,10.582,3.937,False,M/M,M,every_2min,17,3440.0
truth,truth,60.0,308.2,4.24,4.24,2.15,1.38,0.071,,True,M/M,M,every_2min,18,3620.0
truth,veh_yawrate,60.0,308.2,15.43,15.43,6.72,5.0,0.257,,True,M/M,M,every_2min,18,3620.0
hold,truth,60.0,308.2,27.85,51.51,28.73,9.04,0.464,2.903,True,M/M,M,every_2min,18,3620.0
obd,veh_yawrate,60.0,308.2,13.34,13.34,6.46,4.33,0.222,0.14,True,M/M,M,every_2min,18,3620.0
wheel_speed,veh_yawrate,60.0,308.2,14.42,14.42,6.75,4.68,0.24,0.126,True,M/M,M,every_2min,18,3620.0
obd,gps_hold,60.0,308.2,356.92,356.92,184.53,115.79,5.949,0.14,False,M/M,M,every_2min,18,3620.0
hold,imu_aligned,60.0,308.2,327.1,327.1,166.76,106.12,5.452,2.903,False,M/M,M,every_2min,18,3620.0
imu_integrate,imu_aligned,60.0,308.2,590.75,590.75,310.3,191.65,9.846,4.414,False,M/M,M,every_2min,18,3620.0
truth,truth,60.0,512.0,0.26,2.34,1.05,0.05,0.004,,True,M/M,M,every_2min,19,3800.0
truth,veh_yawrate,60.0,512.0,157.84,317.11,199.78,30.82,2.631,,False,M/M,M,every_2min,19,3800.0
hold,truth,60.0,512.0,44.71,83.17,56.68,8.73,0.745,4.247,True,M/M,M,every_2min,19,3800.0
obd,veh_yawrate,60.0,512.0,160.13,319.62,201.7,31.27,2.669,0.149,False,M/M,M,every_2min,19,3800.0
wheel_speed,veh_yawrate,60.0,512.0,159.45,318.21,200.79,31.14,2.658,0.133,False,M/M,M,every_2min,19,3800.0
obd,gps_hold,60.0,512.0,471.15,471.15,276.53,92.01,7.852,0.149,False,M/M,M,every_2min,19,3800.0
hold,imu_aligned,60.0,512.0,223.08,223.65,150.98,43.57,3.718,4.247,False,M/M,M,every_2min,19,3800.0
imu_integrate,imu_aligned,60.0,512.0,283.31,283.31,182.04,55.33,4.722,3.372,False,M/M,M,every_2min,19,3800.0
truth,truth,60.0,767.8,3.01,3.14,2.37,0.39,0.05,,True,M/M,M,every_2min,20,3980.0
truth,veh_yawrate,60.0,767.8,152.64,152.64,58.01,19.88,2.544,,False,M/M,M,every_2min,20,3980.0
hold,truth,60.0,767.8,95.98,106.28,69.52,12.5,1.6,2.184,False,M/M,M,every_2min,20,3980.0
obd,veh_yawrate,60.0,767.8,153.18,153.18,58.22,19.95,2.553,0.073,False,M/M,M,every_2min,20,3980.0
wheel_speed,veh_yawrate,60.0,767.8,152.44,152.44,57.96,19.85,2.541,0.083,False,M/M,M,every_2min,20,3980.0
obd,gps_hold,60.0,767.8,86.27,86.27,32.25,11.24,1.438,0.073,False,M/M,M,every_2min,20,3980.0
hold,imu_aligned,60.0,767.8,139.15,139.15,81.44,18.12,2.319,2.184,False,M/M,M,every_2min,20,3980.0
imu_integrate,imu_aligned,60.0,767.8,394.36,394.36,189.78,51.36,6.573,6.875,False,M/M,M,every_2min,20,3980.0
truth,truth,60.0,936.7,1.01,1.09,0.4,0.11,0.017,,True,M/M,M,every_2min,21,4280.0
truth,veh_yawrate,60.0,936.7,79.69,79.69,38.9,8.51,1.328,,True,M/M,M,every_2min,21,4280.0
hold,truth,60.0,936.7,120.9,120.9,38.44,12.91,2.015,2.297,False,M/M,M,every_2min,21,4280.0
obd,veh_yawrate,60.0,936.7,80.64,80.64,39.35,8.61,1.344,0.09,True,M/M,M,every_2min,21,4280.0
wheel_speed,veh_yawrate,60.0,936.7,79.76,79.76,38.87,8.51,1.329,0.061,True,M/M,M,every_2min,21,4280.0
obd,gps_hold,60.0,936.7,220.25,223.39,110.07,23.51,3.671,0.09,False,M/M,M,every_2min,21,4280.0
hold,imu_aligned,60.0,936.7,279.99,279.99,123.48,29.89,4.666,2.297,False,M/M,M,every_2min,21,4280.0
imu_integrate,imu_aligned,60.0,936.7,450.03,450.03,194.37,48.04,7.5,5.769,False,M/M,M,every_2min,21,4280.0
truth,truth,60.0,879.9,1.59,1.59,1.01,0.18,0.027,,True,M/M,M,every_2min,22,4490.0
truth,veh_yawrate,60.0,879.9,43.58,43.85,21.31,4.95,0.726,,True,M/M,M,every_2min,22,4490.0
hold,truth,60.0,879.9,18.43,29.49,21.3,2.09,0.307,0.683,True,M/M,M,every_2min,22,4490.0
obd,veh_yawrate,60.0,879.9,44.16,44.4,21.64,5.02,0.736,0.073,True,M/M,M,every_2min,22,4490.0
wheel_speed,veh_yawrate,60.0,879.9,43.59,43.87,21.32,4.95,0.727,0.038,True,M/M,M,every_2min,22,4490.0
obd,gps_hold,60.0,879.9,71.5,71.56,34.52,8.13,1.192,0.073,True,M/M,M,every_2min,22,4490.0
hold,imu_aligned,60.0,879.9,74.82,75.28,41.36,8.5,1.247,0.683,True,M/M,M,every_2min,22,4490.0
imu_integrate,imu_aligned,60.0,879.9,147.96,147.96,57.91,16.82,2.466,2.061,False,M/M,M,every_2min,22,4490.0
truth,truth,60.0,1226.4,2.96,2.96,1.75,0.24,0.049,,True,M/M,M,every_2min,23,4670.0
truth,veh_yawrate,60.0,1226.4,38.19,38.19,15.87,3.11,0.636,,True,M/M,M,every_2min,23,4670.0
hold,truth,60.0,1226.4,60.06,60.75,39.24,4.9,1.001,1.026,True,M/M,M,every_2min,23,4670.0
obd,veh_yawrate,60.0,1226.4,39.01,39.01,16.47,3.18,0.65,0.133,True,M/M,M,every_2min,23,4670.0
wheel_speed,veh_yawrate,60.0,1226.4,38.14,38.14,15.83,3.11,0.636,0.046,True,M/M,M,every_2min,23,4670.0
obd,gps_hold,60.0,1226.4,100.65,100.65,52.69,8.21,1.677,0.133,True,M/M,M,every_2min,23,4670.0
hold,imu_aligned,60.0,1226.4,118.95,118.95,66.73,9.7,1.982,1.026,True,M/M,M,every_2min,23,4670.0
imu_integrate,imu_aligned,60.0,1226.4,124.86,124.86,66.47,10.18,2.081,1.177,False,M/M,M,every_2min,23,4670.0
truth,truth,60.0,1152.1,1.44,2.18,1.1,0.12,0.024,,True,M/M,M,every_2min,24,4850.0
truth,veh_yawrate,60.0,1152.1,267.31,267.31,157.3,23.2,4.455,,False,M/M,M,every_2min,24,4850.0
hold,truth,60.0,1152.1,466.44,468.18,284.88,40.49,7.774,8.191,False,M/M,M,every_2min,24,4850.0
obd,veh_yawrate,60.0,1152.1,268.4,268.4,158.11,23.3,4.473,0.113,False,M/M,M,every_2min,24,4850.0
wheel_speed,veh_yawrate,60.0,1152.1,267.07,267.07,157.46,23.18,4.451,0.066,False,M/M,M,every_2min,24,4850.0
obd,gps_hold,60.0,1152.1,609.54,609.54,363.95,52.91,10.159,0.113,False,M/M,M,every_2min,24,4850.0
hold,imu_aligned,60.0,1152.1,628.71,628.71,381.17,54.57,10.479,8.191,False,M/M,M,every_2min,24,4850.0
imu_integrate,imu_aligned,60.0,1152.1,888.37,888.37,432.79,77.11,14.806,7.883,False,M/M,M,every_2min,24,4850.0
truth,truth,60.0,940.3,2.57,2.58,1.48,0.27,0.043,,True,M/M,M,every_2min,25,5030.0
truth,veh_yawrate,60.0,940.3,31.26,40.52,24.73,3.32,0.521,,True,M/M,M,every_2min,25,5030.0
hold,truth,60.0,940.3,48.78,60.54,36.94,5.19,0.813,4.759,True,M/M,M,every_2min,25,5030.0
obd,veh_yawrate,60.0,940.3,30.66,40.65,24.71,3.26,0.511,0.109,True,M/M,M,every_2min,25,5030.0
wheel_speed,veh_yawrate,60.0,940.3,29.16,40.67,24.55,3.1,0.486,0.087,True,M/M,M,every_2min,25,5030.0
obd,gps_hold,60.0,940.3,306.62,306.62,89.73,32.61,5.11,0.109,False,M/M,M,every_2min,25,5030.0
hold,imu_aligned,60.0,940.3,460.85,460.85,151.7,49.01,7.681,4.759,False,M/M,M,every_2min,25,5030.0
imu_integrate,imu_aligned,60.0,940.3,302.57,302.57,135.38,32.18,5.043,6.327,False,M/M,M,every_2min,25,5030.0
truth,truth,60.0,675.8,2.38,2.82,1.51,0.35,0.04,,True,M/M,M,every_2min,26,5210.0
truth,veh_yawrate,60.0,675.8,7.4,9.25,5.87,1.09,0.123,,True,M/M,M,every_2min,26,5210.0
hold,truth,60.0,675.8,105.94,105.94,66.59,15.68,1.766,2.809,False,M/M,M,every_2min,26,5210.0
obd,veh_yawrate,60.0,675.8,8.4,10.17,6.45,1.24,0.14,0.11,True,M/M,M,every_2min,26,5210.0
wheel_speed,veh_yawrate,60.0,675.8,5.91,8.57,5.37,0.88,0.099,0.074,True,M/M,M,every_2min,26,5210.0
obd,gps_hold,60.0,675.8,194.23,194.23,56.7,28.74,3.237,0.11,False,M/M,M,every_2min,26,5210.0
hold,imu_aligned,60.0,675.8,181.0,181.0,69.51,26.78,3.017,2.809,False,M/M,M,every_2min,26,5210.0
imu_integrate,imu_aligned,60.0,675.8,503.2,503.2,218.88,74.46,8.387,5.753,False,M/M,M,every_2min,26,5210.0
truth,truth,60.0,1038.4,2.67,2.88,1.89,0.26,0.044,,True,M/M,M,every_2min,27,5390.0
truth,veh_yawrate,60.0,1038.4,33.45,33.45,13.18,3.22,0.557,,True,M/M,M,every_2min,27,5390.0
hold,truth,60.0,1038.4,217.75,217.75,90.53,20.97,3.629,4.705,False,M/M,M,every_2min,27,5390.0
obd,veh_yawrate,60.0,1038.4,33.26,33.26,13.75,3.2,0.554,0.126,True,M/M,M,every_2min,27,5390.0
wheel_speed,veh_yawrate,60.0,1038.4,33.95,33.95,13.95,3.27,0.566,0.09,True,M/M,M,every_2min,27,5390.0
obd,gps_hold,60.0,1038.4,1135.92,1135.92,462.59,109.4,18.932,0.126,False,M/M,M,every_2min,27,5390.0
hold,imu_aligned,60.0,1038.4,1038.44,1038.44,450.16,100.01,17.307,4.705,False,M/M,M,every_2min,27,5390.0
imu_integrate,imu_aligned,60.0,1038.4,800.42,800.42,368.38,77.08,13.34,11.925,False,M/M,M,every_2min,27,5390.0
truth,truth,60.0,948.2,0.67,2.94,2.2,0.07,0.011,,True,M/M,M,every_2min,28,5570.0
truth,veh_yawrate,60.0,948.2,21.33,31.45,21.43,2.25,0.356,,True,M/M,M,every_2min,28,5570.0
hold,truth,60.0,948.2,267.04,270.66,165.87,28.16,4.451,4.898,False,M/M,M,every_2min,28,5570.0
obd,veh_yawrate,60.0,948.2,21.37,32.44,22.16,2.25,0.356,0.125,True,M/M,M,every_2min,28,5570.0
wheel_speed,veh_yawrate,60.0,948.2,21.6,32.2,21.98,2.28,0.36,0.085,True,M/M,M,every_2min,28,5570.0
obd,gps_hold,60.0,948.2,1561.69,1561.69,913.92,164.71,26.028,0.125,False,M/M,M,every_2min,28,5570.0
hold,imu_aligned,60.0,948.2,1304.91,1306.16,762.37,137.63,21.749,4.898,False,M/M,M,every_2min,28,5570.0
imu_integrate,imu_aligned,60.0,948.2,736.68,779.02,462.48,77.7,12.278,14.167,False,M/M,M,every_2min,28,5570.0
truth,truth,60.0,703.7,1.15,1.15,0.54,0.16,0.019,,True,M/M,M,every_2min,29,5750.0
truth,veh_yawrate,60.0,703.7,24.2,24.2,11.63,3.44,0.403,,True,M/M,M,every_2min,29,5750.0
hold,truth,60.0,703.7,70.75,85.78,47.26,10.05,1.179,2.217,False,M/M,M,every_2min,29,5750.0
obd,veh_yawrate,60.0,703.7,25.49,25.49,12.05,3.62,0.425,0.103,True,M/M,M,every_2min,29,5750.0
wheel_speed,veh_yawrate,60.0,703.7,24.31,24.31,11.45,3.45,0.405,0.077,True,M/M,M,every_2min,29,5750.0
obd,gps_hold,60.0,703.7,763.79,763.79,429.36,108.54,12.73,0.103,False,M/M,M,every_2min,29,5750.0
hold,imu_aligned,60.0,703.7,721.56,721.56,402.68,102.54,12.026,2.217,False,M/M,M,every_2min,29,5750.0
imu_integrate,imu_aligned,60.0,703.7,1014.91,1014.91,584.76,144.23,16.915,5.91,False,M/M,M,every_2min,29,5750.0
truth,truth,60.0,310.2,2.82,2.83,1.28,0.91,0.047,,True,M/M,M,every_2min,30,5930.0
truth,veh_yawrate,60.0,310.2,5.96,7.57,4.99,1.92,0.099,,True,M/M,M,every_2min,30,5930.0
hold,truth,60.0,310.2,291.84,291.84,140.96,94.07,4.864,4.871,False,M/M,M,every_2min,30,5930.0
obd,veh_yawrate,60.0,310.2,6.05,7.64,5.1,1.95,0.101,0.093,True,M/M,M,every_2min,30,5930.0
wheel_speed,veh_yawrate,60.0,310.2,5.75,7.41,4.87,1.85,0.096,0.085,True,M/M,M,every_2min,30,5930.0
obd,gps_hold,60.0,310.2,2.08,3.88,2.3,0.67,0.035,0.093,True,M/M,M,every_2min,30,5930.0
hold,imu_aligned,60.0,310.2,293.92,293.92,142.12,94.74,4.899,4.871,False,M/M,M,every_2min,30,5930.0
imu_integrate,imu_aligned,60.0,310.2,265.34,265.34,121.66,85.53,4.422,4.419,False,M/M,M,every_2min,30,5930.0
truth,truth,60.0,614.5,1.85,1.85,0.79,0.3,0.031,,True,M/M,M,every_2min,31,6110.0
truth,veh_yawrate,60.0,614.5,11.45,14.29,8.18,1.86,0.191,,True,M/M,M,every_2min,31,6110.0
hold,truth,60.0,614.5,39.95,39.95,12.57,6.5,0.666,1.983,True,M/M,M,every_2min,31,6110.0
obd,veh_yawrate,60.0,614.5,12.54,15.35,8.94,2.04,0.209,0.075,True,M/M,M,every_2min,31,6110.0
wheel_speed,veh_yawrate,60.0,614.5,10.58,14.15,7.93,1.72,0.176,0.05,True,M/M,M,every_2min,31,6110.0
obd,gps_hold,60.0,614.5,152.62,152.7,84.26,24.84,2.544,0.075,False,M/M,M,every_2min,31,6110.0
hold,imu_aligned,60.0,614.5,164.88,164.88,83.61,26.83,2.748,1.983,False,M/M,M,every_2min,31,6110.0
imu_integrate,imu_aligned,60.0,614.5,315.81,315.81,142.82,51.4,5.264,4.263,False,M/M,M,every_2min,31,6110.0
truth,truth,60.0,667.5,1.17,1.38,0.89,0.18,0.02,,True,M/M,M,every_2min,32,6290.0
truth,veh_yawrate,60.0,667.5,98.21,98.21,45.68,14.71,1.637,,False,M/M,M,every_2min,32,6290.0
hold,truth,60.0,667.5,43.25,66.62,46.26,6.48,0.721,2.111,True,M/M,M,every_2min,32,6290.0
obd,veh_yawrate,60.0,667.5,98.99,98.99,46.13,14.83,1.65,0.091,False,M/M,M,every_2min,32,6290.0
wheel_speed,veh_yawrate,60.0,667.5,98.38,98.38,45.75,14.74,1.64,0.061,False,M/M,M,every_2min,32,6290.0
obd,gps_hold,60.0,667.5,287.65,290.29,146.51,43.09,4.794,0.091,False,M/M,M,every_2min,32,6290.0
hold,imu_aligned,60.0,667.5,297.25,299.21,160.94,44.53,4.954,2.111,False,M/M,M,every_2min,32,6290.0
imu_integrate,imu_aligned,60.0,667.5,312.32,312.32,149.6,46.79,5.205,3.573,False,M/M,M,every_2min,32,6290.0
truth,truth,60.0,404.4,2.62,3.04,1.99,0.65,0.044,,True,M/M,M,every_2min,33,6470.0
truth,veh_yawrate,60.0,404.4,139.14,139.14,95.36,34.4,2.319,,False,M/M,M,every_2min,33,6470.0
hold,truth,60.0,404.4,251.05,251.05,99.64,62.08,4.184,4.449,False,M/M,M,every_2min,33,6470.0
obd,veh_yawrate,60.0,404.4,138.32,138.32,94.8,34.2,2.305,0.088,False,M/M,M,every_2min,33,6470.0
wheel_speed,veh_yawrate,60.0,404.4,138.48,138.48,94.98,34.24,2.308,0.059,False,M/M,M,every_2min,33,6470.0
obd,gps_hold,60.0,404.4,102.76,102.76,70.14,25.41,1.713,0.088,False,M/M,M,every_2min,33,6470.0
hold,imu_aligned,60.0,404.4,290.39,290.39,130.61,71.8,4.84,4.449,False,M/M,M,every_2min,33,6470.0
imu_integrate,imu_aligned,60.0,404.4,232.6,232.6,105.01,57.51,3.877,3.463,False,M/M,M,every_2min,33,6470.0
truth,truth,60.0,463.1,5.43,5.56,3.3,1.17,0.091,,True,M/M,M,every_2min,34,6650.0
truth,veh_yawrate,60.0,463.1,19.72,19.72,10.02,4.26,0.329,,True,M/M,M,every_2min,34,6650.0
hold,truth,60.0,463.1,49.91,49.91,34.75,10.78,0.832,1.175,False,M/M,M,every_2min,34,6650.0
obd,veh_yawrate,60.0,463.1,17.85,17.85,8.66,3.85,0.297,0.149,True,M/M,M,every_2min,34,6650.0
wheel_speed,veh_yawrate,60.0,463.1,18.3,18.3,9.02,3.95,0.305,0.135,True,M/M,M,every_2min,34,6650.0
obd,gps_hold,60.0,463.1,544.16,544.16,273.01,117.5,9.069,0.149,False,M/M,M,every_2min,34,6650.0
hold,imu_aligned,60.0,463.1,584.87,584.87,299.67,126.29,9.748,1.175,False,M/M,M,every_2min,34,6650.0
imu_integrate,imu_aligned,60.0,463.1,522.69,522.69,249.18,112.86,8.711,1.617,False,M/M,M,every_2min,34,6650.0
truth,truth,60.0,527.0,3.08,3.08,1.9,0.58,0.051,,True,M/M,M,every_2min,35,6860.0
truth,veh_yawrate,60.0,527.0,7.57,7.57,2.89,1.44,0.126,,True,M/M,M,every_2min,35,6860.0
hold,truth,60.0,527.0,241.34,241.34,161.62,45.79,4.022,5.475,False,M/M,M,every_2min,35,6860.0
obd,veh_yawrate,60.0,527.0,8.69,8.69,3.46,1.65,0.145,0.062,True,M/M,M,every_2min,35,6860.0
wheel_speed,veh_yawrate,60.0,527.0,7.1,7.1,2.58,1.35,0.118,0.052,True,M/M,M,every_2min,35,6860.0
obd,gps_hold,60.0,527.0,673.18,673.18,247.37,127.74,11.22,0.062,False,M/M,M,every_2min,35,6860.0
hold,imu_aligned,60.0,527.0,771.88,771.88,339.78,146.46,12.865,5.475,False,M/M,M,every_2min,35,6860.0
imu_integrate,imu_aligned,60.0,527.0,828.97,828.97,350.83,157.3,13.816,3.677,False,M/M,M,every_2min,35,6860.0
truth,truth,60.0,311.4,0.84,1.0,0.72,0.27,0.014,,True,M/M,M,every_2min,36,7130.0
truth,veh_yawrate,60.0,311.4,9.24,9.24,4.41,2.97,0.154,,True,M/M,M,every_2min,36,7130.0
hold,truth,60.0,311.4,565.45,565.45,296.94,181.61,9.424,9.425,False,M/M,M,every_2min,36,7130.0
obd,veh_yawrate,60.0,311.4,9.27,9.27,4.41,2.98,0.155,0.034,True,M/M,M,every_2min,36,7130.0
wheel_speed,veh_yawrate,60.0,311.4,9.2,9.2,4.38,2.95,0.153,0.036,True,M/M,M,every_2min,36,7130.0
obd,gps_hold,60.0,311.4,19.96,19.96,10.33,6.41,0.333,0.034,True,M/M,M,every_2min,36,7130.0
hold,imu_aligned,60.0,311.4,567.19,567.19,297.73,182.17,9.453,9.425,False,M/M,M,every_2min,36,7130.0
imu_integrate,imu_aligned,60.0,311.4,439.28,439.28,220.95,141.09,7.321,7.297,False,M/M,M,every_2min,36,7130.0
truth,truth,60.0,786.1,2.6,2.6,1.25,0.33,0.043,,True,M/M,M,every_2min,37,7310.0
truth,veh_yawrate,60.0,786.1,192.67,192.67,103.64,24.51,3.211,,False,M/M,M,every_2min,37,7310.0
hold,truth,60.0,786.1,359.22,359.22,229.49,45.69,5.987,6.897,False,M/M,M,every_2min,37,7310.0
obd,veh_yawrate,60.0,786.1,192.52,192.52,103.34,24.49,3.209,0.084,False,M/M,M,every_2min,37,7310.0
wheel_speed,veh_yawrate,60.0,786.1,192.81,192.81,103.34,24.53,3.214,0.058,False,M/M,M,every_2min,37,7310.0
obd,gps_hold,60.0,786.1,660.59,660.59,321.54,84.03,11.01,0.084,False,M/M,M,every_2min,37,7310.0
hold,imu_aligned,60.0,786.1,547.33,547.33,307.02,69.62,9.122,6.897,False,M/M,M,every_2min,37,7310.0
imu_integrate,imu_aligned,60.0,786.1,546.47,546.47,296.41,69.51,9.108,6.132,False,M/M,M,every_2min,37,7310.0
truth,truth,60.0,409.3,1.07,1.1,0.8,0.26,0.018,,True,M/M,M,every_2min,38,7550.0
truth,veh_yawrate,60.0,409.3,16.31,16.31,9.08,3.99,0.272,,True,M/M,M,every_2min,38,7550.0
hold,truth,60.0,409.3,28.61,28.61,11.32,6.99,0.477,1.808,True,M/M,M,every_2min,38,7550.0
obd,veh_yawrate,60.0,409.3,17.78,17.78,10.08,4.34,0.296,0.087,True,M/M,M,every_2min,38,7550.0
wheel_speed,veh_yawrate,60.0,409.3,16.92,16.92,9.6,4.13,0.282,0.065,True,M/M,M,every_2min,38,7550.0
obd,gps_hold,60.0,409.3,630.78,630.78,290.96,154.13,10.513,0.087,False,M/M,M,every_2min,38,7550.0
hold,imu_aligned,60.0,409.3,591.76,591.76,284.57,144.59,9.863,1.808,False,M/M,M,every_2min,38,7550.0
imu_integrate,imu_aligned,60.0,409.3,499.86,499.86,214.75,122.14,8.331,3.35,False,M/M,M,every_2min,38,7550.0
truth,truth,60.0,682.8,1.17,1.57,1.02,0.17,0.02,,True,M/M,M,every_2min,39,7760.0
truth,veh_yawrate,60.0,682.8,19.08,19.08,7.03,2.79,0.318,,True,M/M,M,every_2min,39,7760.0
hold,truth,60.0,682.8,66.1,69.93,36.07,9.68,1.102,1.454,True,M/M,M,every_2min,39,7760.0
obd,veh_yawrate,60.0,682.8,21.21,21.21,8.0,3.11,0.354,0.058,True,M/M,M,every_2min,39,7760.0
wheel_speed,veh_yawrate,60.0,682.8,19.46,19.46,7.12,2.85,0.324,0.055,True,M/M,M,every_2min,39,7760.0
obd,gps_hold,60.0,682.8,301.79,301.79,113.1,44.2,5.03,0.058,False,M/M,M,every_2min,39,7760.0
hold,imu_aligned,60.0,682.8,274.71,274.71,103.87,40.23,4.578,1.454,False,M/M,M,every_2min,39,7760.0
imu_integrate,imu_aligned,60.0,682.8,378.19,378.19,136.39,55.39,6.303,2.276,False,M/M,M,every_2min,39,7760.0
truth,truth,60.0,673.8,4.56,4.57,4.0,0.68,0.076,,True,M/M,M,every_2min,40,7940.0
truth,veh_yawrate,60.0,673.8,89.27,89.27,47.39,13.25,1.488,,False,M/M,M,every_2min,40,7940.0
hold,truth,60.0,673.8,119.81,119.81,96.65,17.78,1.997,2.612,False,M/M,M,every_2min,40,7940.0
obd,veh_yawrate,60.0,673.8,89.88,89.88,47.66,13.34,1.498,0.075,False,M/M,M,every_2min,40,7940.0
wheel_speed,veh_yawrate,60.0,673.8,89.2,89.2,47.22,13.24,1.487,0.06,False,M/M,M,every_2min,40,7940.0
obd,gps_hold,60.0,673.8,876.4,876.4,450.48,130.07,14.607,0.075,False,M/M,M,every_2min,40,7940.0
hold,imu_aligned,60.0,673.8,987.45,987.45,529.68,146.55,16.457,2.612,False,M/M,M,every_2min,40,7940.0
imu_integrate,imu_aligned,60.0,673.8,1099.87,1099.87,573.38,163.23,18.331,4.976,False,M/M,M,every_2min,40,7940.0
truth,truth,60.0,524.0,4.44,5.19,2.9,0.85,0.074,,True,M/M,M,every_2min,41,8120.0
truth,veh_yawrate,60.0,524.0,10.04,10.04,5.06,1.92,0.167,,True,M/M,M,every_2min,41,8120.0
hold,truth,60.0,524.0,237.74,237.74,120.18,45.37,3.962,4.323,False,M/M,M,every_2min,41,8120.0
obd,veh_yawrate,60.0,524.0,11.05,11.05,6.18,2.11,0.184,0.234,True,M/M,M,every_2min,41,8120.0
wheel_speed,veh_yawrate,60.0,524.0,10.35,10.35,5.49,1.98,0.173,0.213,True,M/M,M,every_2min,41,8120.0
obd,gps_hold,60.0,524.0,503.37,503.37,300.02,96.07,8.389,0.234,False,M/M,M,every_2min,41,8120.0
hold,imu_aligned,60.0,524.0,661.76,661.76,370.68,126.3,11.029,4.323,False,M/M,M,every_2min,41,8120.0
imu_integrate,imu_aligned,60.0,524.0,1035.68,1035.68,562.66,197.66,17.261,11.264,False,M/M,M,every_2min,41,8120.0
truth,truth,60.0,643.2,1.79,2.03,1.47,0.28,0.03,,True,M/M,M,every_2min,42,8300.0
truth,veh_yawrate,60.0,643.2,29.43,29.43,13.46,4.58,0.491,,True,M/M,M,every_2min,42,8300.0
hold,truth,60.0,643.2,17.56,21.53,10.05,2.73,0.293,1.392,True,M/M,M,every_2min,42,8300.0
obd,veh_yawrate,60.0,643.2,31.08,31.08,14.61,4.83,0.518,0.086,True,M/M,M,every_2min,42,8300.0
wheel_speed,veh_yawrate,60.0,643.2,30.77,30.77,14.23,4.78,0.513,0.063,True,M/M,M,every_2min,42,8300.0
obd,gps_hold,60.0,643.2,769.46,769.46,342.23,119.64,12.824,0.086,False,M/M,M,every_2min,42,8300.0
hold,imu_aligned,60.0,643.2,838.95,838.95,380.87,130.44,13.982,1.392,False,M/M,M,every_2min,42,8300.0
imu_integrate,imu_aligned,60.0,643.2,708.84,708.84,326.15,110.21,11.814,6.345,False,M/M,M,every_2min,42,8300.0
truth,truth,60.0,639.4,1.49,1.52,1.31,0.23,0.025,,True,M/M,M,every_2min,43,8480.0
truth,veh_yawrate,60.0,639.4,72.86,72.86,39.26,11.39,1.214,,False,M/M,M,every_2min,43,8480.0
hold,truth,60.0,639.4,215.02,215.02,108.35,33.63,3.584,3.581,False,M/M,M,every_2min,43,8480.0
obd,veh_yawrate,60.0,639.4,73.84,73.84,39.99,11.55,1.231,0.09,False,M/M,M,every_2min,43,8480.0
wheel_speed,veh_yawrate,60.0,639.4,73.42,73.42,39.71,11.48,1.224,0.07,False,M/M,M,every_2min,43,8480.0
obd,gps_hold,60.0,639.4,1039.49,1039.49,562.27,162.56,17.325,0.09,False,M/M,M,every_2min,43,8480.0
hold,imu_aligned,60.0,639.4,867.36,867.36,476.19,135.64,14.456,3.581,False,M/M,M,every_2min,43,8480.0
imu_integrate,imu_aligned,60.0,639.4,643.78,643.78,346.26,100.68,10.73,9.647,False,M/M,M,every_2min,43,8480.0
truth,truth,60.0,519.3,1.38,1.38,0.86,0.27,0.023,,True,M/M,M,every_2min,44,8660.0
truth,veh_yawrate,60.0,519.3,2.59,3.21,2.54,0.5,0.043,,True,M/M,M,every_2min,44,8660.0
hold,truth,60.0,519.3,125.22,125.22,73.92,24.12,2.087,2.869,False,M/M,M,every_2min,44,8660.0
obd,veh_yawrate,60.0,519.3,3.36,3.91,2.93,0.65,0.056,0.1,True,M/M,M,every_2min,44,8660.0
wheel_speed,veh_yawrate,60.0,519.3,1.31,2.52,1.79,0.25,0.022,0.084,True,M/M,M,every_2min,44,8660.0
obd,gps_hold,60.0,519.3,249.82,249.82,106.32,48.11,4.164,0.1,False,M/M,M,every_2min,44,8660.0
hold,imu_aligned,60.0,519.3,381.91,381.91,185.16,73.55,6.365,2.869,False,M/M,M,every_2min,44,8660.0
imu_integrate,imu_aligned,60.0,519.3,538.9,538.9,255.29,103.78,8.982,6.386,False,M/M,M,every_2min,44,8660.0
truth,truth,60.0,836.7,0.91,0.99,0.51,0.11,0.015,,True,M/M,M,every_2min,45,8840.0
truth,veh_yawrate,60.0,836.7,25.58,25.58,18.89,3.06,0.426,,True,M/M,M,every_2min,45,8840.0
hold,truth,60.0,836.7,88.95,88.95,36.98,10.63,1.482,1.504,False,M/M,M,every_2min,45,8840.0
obd,veh_yawrate,60.0,836.7,26.4,26.4,19.36,3.15,0.44,0.08,True,M/M,M,every_2min,45,8840.0
wheel_speed,veh_yawrate,60.0,836.7,25.55,25.55,18.88,3.05,0.426,0.041,True,M/M,M,every_2min,45,8840.0
obd,gps_hold,60.0,836.7,180.17,180.17,100.16,21.53,3.003,0.08,False,M/M,M,every_2min,45,8840.0
hold,imu_aligned,60.0,836.7,211.18,211.18,110.87,25.24,3.52,1.504,False,M/M,M,every_2min,45,8840.0
imu_integrate,imu_aligned,60.0,836.7,474.76,474.76,242.16,56.74,7.913,7.013,False,M/M,M,every_2min,45,8840.0
truth,truth,60.0,825.2,0.81,0.81,0.57,0.1,0.014,,True,M/M,M,every_2min,46,9020.0
truth,veh_yawrate,60.0,825.2,110.74,110.74,52.47,13.42,1.846,,False,M/M,M,every_2min,46,9020.0
hold,truth,60.0,825.2,691.43,691.43,343.89,83.79,11.524,11.784,False,M/M,M,every_2min,46,9020.0
obd,veh_yawrate,60.0,825.2,111.13,111.13,52.58,13.47,1.852,0.079,False,M/M,M,every_2min,46,9020.0
wheel_speed,veh_yawrate,60.0,825.2,111.07,111.07,52.64,13.46,1.851,0.044,False,M/M,M,every_2min,46,9020.0
obd,gps_hold,60.0,825.2,195.39,195.39,120.4,23.68,3.257,0.079,False,M/M,M,every_2min,46,9020.0
hold,imu_aligned,60.0,825.2,691.25,691.25,344.49,83.76,11.521,11.784,False,M/M,M,every_2min,46,9020.0
imu_integrate,imu_aligned,60.0,825.2,600.9,600.9,304.57,72.82,10.015,10.21,False,M/M,M,every_2min,46,9020.0
truth,truth,60.0,1291.5,0.96,1.21,0.64,0.07,0.016,,True,M/M,M,every_2min,47,9200.0
truth,veh_yawrate,60.0,1291.5,54.25,54.25,22.17,4.2,0.904,,True,M/M,M,every_2min,47,9200.0
hold,truth,60.0,1291.5,134.45,134.45,78.49,10.41,2.241,2.246,False,M/M,M,every_2min,47,9200.0
obd,veh_yawrate,60.0,1291.5,54.76,54.76,22.45,4.24,0.913,0.099,True,M/M,M,every_2min,47,9200.0
wheel_speed,veh_yawrate,60.0,1291.5,54.15,54.15,22.14,4.19,0.903,0.056,True,M/M,M,every_2min,47,9200.0
obd,gps_hold,60.0,1291.5,61.71,61.71,19.68,4.78,1.028,0.099,True,M/M,M,every_2min,47,9200.0
hold,imu_aligned,60.0,1291.5,143.84,143.84,79.98,11.14,2.397,2.246,False,M/M,M,every_2min,47,9200.0
imu_integrate,imu_aligned,60.0,1291.5,421.72,421.72,181.39,32.65,7.029,7.171,False,M/M,M,every_2min,47,9200.0
truth,truth,60.0,990.1,0.75,0.87,0.54,0.08,0.012,,True,M/M,M,every_2min,48,9380.0
truth,veh_yawrate,60.0,990.1,9.42,9.84,6.14,0.95,0.157,,True,M/M,M,every_2min,48,9380.0
hold,truth,60.0,990.1,57.26,57.26,24.25,5.78,0.954,1.027,True,M/M,M,every_2min,48,9380.0
obd,veh_yawrate,60.0,990.1,10.57,10.84,6.8,1.07,0.176,0.093,True,M/M,M,every_2min,48,9380.0
wheel_speed,veh_yawrate,60.0,990.1,9.49,9.94,6.21,0.96,0.158,0.054,True,M/M,M,every_2min,48,9380.0
obd,gps_hold,60.0,990.1,22.52,22.52,15.55,2.28,0.375,0.093,True,M/M,M,every_2min,48,9380.0
hold,imu_aligned,60.0,990.1,51.15,51.15,25.08,5.17,0.852,1.027,True,M/M,M,every_2min,48,9380.0
imu_integrate,imu_aligned,60.0,990.1,248.86,248.86,105.06,25.14,4.148,3.993,False,M/M,M,every_2min,48,9380.0
truth,truth,60.0,777.0,0.91,0.91,0.44,0.12,0.015,,True,M/M,M,every_2min,49,9560.0
truth,veh_yawrate,60.0,777.0,4.9,5.58,4.15,0.63,0.082,,True,M/M,M,every_2min,49,9560.0
hold,truth,60.0,777.0,115.1,115.1,48.81,14.81,1.918,1.955,False,M/M,M,every_2min,49,9560.0
obd,veh_yawrate,60.0,777.0,5.94,6.34,4.58,0.76,0.099,0.065,True,M/M,M,every_2min,49,9560.0
wheel_speed,veh_yawrate,60.0,777.0,4.86,5.56,4.13,0.63,0.081,0.042,True,M/M,M,every_2min,49,9560.0
obd,gps_hold,60.0,777.0,45.05,47.14,20.03,5.8,0.751,0.065,True,M/M,M,every_2min,49,9560.0
hold,imu_aligned,60.0,777.0,136.11,136.11,57.86,17.52,2.268,1.955,False,M/M,M,every_2min,49,9560.0
imu_integrate,imu_aligned,60.0,777.0,515.24,515.24,208.49,66.31,8.587,8.368,False,M/M,M,every_2min,49,9560.0
truth,truth,60.0,429.7,1.58,2.17,1.13,0.37,0.026,,True,S/S1,S,isro_60s,0,70.0
truth,veh_yawrate,60.0,429.7,5.78,6.46,3.27,1.34,0.096,,True,S/S1,S,isro_60s,0,70.0
hold,truth,60.0,429.7,225.59,291.19,212.31,52.5,3.76,6.53,False,S/S1,S,isro_60s,0,70.0
obd,veh_yawrate,60.0,429.7,5.18,6.46,3.02,1.2,0.086,0.137,True,S/S1,S,isro_60s,0,70.0
wheel_speed,veh_yawrate,60.0,429.7,4.96,6.11,2.91,1.15,0.083,0.102,True,S/S1,S,isro_60s,0,70.0
obd,gps_hold,60.0,429.7,285.12,285.12,100.36,66.35,4.752,0.137,False,S/S1,S,isro_60s,0,70.0
hold,imu_aligned,60.0,429.7,419.07,419.07,262.35,97.52,6.985,6.53,False,S/S1,S,isro_60s,0,70.0
imu_integrate,imu_aligned,60.0,429.7,308.89,308.89,202.77,71.88,5.148,6.935,False,S/S1,S,isro_60s,0,70.0
truth,truth,96.8,1000.1,60.3,60.3,29.69,6.03,0.623,,True,S/S1,S,isro_1km,0,70.0
truth,veh_yawrate,96.8,1000.1,49.25,106.45,32.14,4.92,0.509,,True,S/S1,S,isro_1km,0,70.0
hold,truth,96.8,1000.1,116.28,291.19,189.67,11.63,1.201,5.98,False,S/S1,S,isro_1km,0,70.0
obd,veh_yawrate,96.8,1000.1,52.77,112.55,33.36,5.28,0.545,0.917,True,S/S1,S,isro_1km,0,70.0
wheel_speed,veh_yawrate,96.8,1000.1,51.59,111.22,32.74,5.16,0.533,0.879,True,S/S1,S,isro_1km,0,70.0
obd,gps_hold,96.8,1000.1,344.41,344.41,214.76,34.44,3.558,0.917,False,S/S1,S,isro_1km,0,70.0
hold,imu_aligned,96.8,1000.1,369.84,431.29,311.97,36.98,3.821,5.98,False,S/S1,S,isro_1km,0,70.0
imu_integrate,imu_aligned,96.8,1000.1,305.42,325.34,242.66,30.54,3.155,7.278,False,S/S1,S,isro_1km,0,70.0
truth,truth,30.0,477.3,59.23,59.25,47.9,12.41,1.974,,False,S/S1,S,tunnels,0,132.5
truth,veh_yawrate,30.0,477.3,101.34,101.34,67.82,21.23,3.378,,False,S/S1,S,tunnels,0,132.5
hold,truth,30.0,477.3,139.39,139.39,69.64,29.2,4.646,6.202,False,S/S1,S,tunnels,0,132.5
obd,veh_yawrate,30.0,477.3,91.76,91.76,60.06,19.22,3.059,2.567,False,S/S1,S,tunnels,0,132.5
wheel_speed,veh_yawrate,30.0,477.3,91.7,91.7,60.19,19.21,3.057,2.504,False,S/S1,S,tunnels,0,132.5
obd,gps_hold,30.0,477.3,242.84,242.84,152.85,50.88,8.095,2.567,False,S/S1,S,tunnels,0,132.5
hold,imu_aligned,30.0,477.3,303.09,303.09,173.75,63.5,10.103,6.202,False,S/S1,S,tunnels,0,132.5
imu_integrate,imu_aligned,30.0,477.3,289.3,289.3,162.25,60.61,9.643,6.268,False,S/S1,S,tunnels,0,132.5
truth,truth,30.0,379.7,1.72,1.72,1.13,0.45,0.057,,True,S/S1,S,tunnels,1,267.5
truth,veh_yawrate,30.0,379.7,17.42,17.42,7.73,4.59,0.581,,True,S/S1,S,tunnels,1,267.5
hold,truth,30.0,379.7,75.29,79.91,55.12,19.83,2.51,2.857,False,S/S1,S,tunnels,1,267.5
obd,veh_yawrate,30.0,379.7,17.82,17.82,7.87,4.69,0.594,0.071,True,S/S1,S,tunnels,1,267.5
wheel_speed,veh_yawrate,30.0,379.7,17.46,17.46,7.77,4.6,0.582,0.084,True,S/S1,S,tunnels,1,267.5
obd,gps_hold,30.0,379.7,88.22,88.22,39.9,23.24,2.941,0.071,False,S/S1,S,tunnels,1,267.5
hold,imu_aligned,30.0,379.7,104.87,104.87,64.03,27.62,3.496,2.857,False,S/S1,S,tunnels,1,267.5
imu_integrate,imu_aligned,30.0,379.7,86.98,86.98,47.14,22.91,2.899,2.496,False,S/S1,S,tunnels,1,267.5
truth,truth,30.0,390.0,0.44,0.47,0.26,0.11,0.015,,True,S/S1,S,tunnels,2,402.5
truth,veh_yawrate,30.0,390.0,17.87,17.87,8.96,4.58,0.596,,True,S/S1,S,tunnels,2,402.5
hold,truth,30.0,390.0,114.63,114.63,70.91,29.4,3.821,3.824,False,S/S1,S,tunnels,2,402.5
obd,veh_yawrate,30.0,390.0,18.19,18.19,9.16,4.66,0.606,0.092,True,S/S1,S,tunnels,2,402.5
wheel_speed,veh_yawrate,30.0,390.0,17.88,17.88,8.96,4.59,0.596,0.053,True,S/S1,S,tunnels,2,402.5
obd,gps_hold,30.0,390.0,24.53,24.53,12.32,6.29,0.818,0.092,True,S/S1,S,tunnels,2,402.5
hold,imu_aligned,30.0,390.0,115.98,115.98,71.39,29.74,3.866,3.824,False,S/S1,S,tunnels,2,402.5
imu_integrate,imu_aligned,30.0,390.0,46.78,46.78,32.09,12.0,1.559,4.273,False,S/S1,S,tunnels,2,402.5
truth,truth,30.0,413.8,1.32,1.32,0.68,0.32,0.044,,True,S/S1,S,tunnels,3,537.5
truth,veh_yawrate,30.0,413.8,1.98,2.48,1.75,0.48,0.066,,True,S/S1,S,tunnels,3,537.5
hold,truth,30.0,413.8,6.32,7.42,4.08,1.53,0.211,0.483,True,S/S1,S,tunnels,3,537.5
obd,veh_yawrate,30.0,413.8,3.14,3.19,2.22,0.76,0.105,0.087,True,S/S1,S,tunnels,3,537.5
wheel_speed,veh_yawrate,30.0,413.8,1.96,2.46,1.75,0.47,0.065,0.045,True,S/S1,S,tunnels,3,537.5
obd,gps_hold,30.0,413.8,14.08,14.08,6.9,3.4,0.469,0.087,True,S/S1,S,tunnels,3,537.5
hold,imu_aligned,30.0,413.8,15.25,15.25,7.9,3.68,0.508,0.483,True,S/S1,S,tunnels,3,537.5
imu_integrate,imu_aligned,30.0,413.8,55.52,55.52,34.07,13.42,1.851,1.791,False,S/S1,S,tunnels,3,537.5
truth,truth,30.0,348.7,1.28,1.75,1.2,0.37,0.043,,True,S/S1,S,tunnels,4,695.0
truth,veh_yawrate,30.0,348.7,11.41,11.62,6.44,3.27,0.38,,True,S/S1,S,tunnels,4,695.0
hold,truth,30.0,348.7,50.15,50.15,19.98,14.38,1.672,1.809,False,S/S1,S,tunnels,4,695.0
obd,veh_yawrate,30.0,348.7,11.34,11.65,6.48,3.25,0.378,0.067,True,S/S1,S,tunnels,4,695.0
wheel_speed,veh_yawrate,30.0,348.7,11.46,11.68,6.48,3.29,0.382,0.049,True,S/S1,S,tunnels,4,695.0
obd,gps_hold,30.0,348.7,107.0,108.93,60.73,30.68,3.567,0.067,False,S/S1,S,tunnels,4,695.0
hold,imu_aligned,30.0,348.7,127.66,127.66,67.29,36.61,4.255,1.809,False,S/S1,S,tunnels,4,695.0
imu_integrate,imu_aligned,30.0,348.7,250.9,250.9,114.04,71.94,8.363,6.891,False,S/S1,S,tunnels,4,695.0
truth,truth,30.0,225.4,0.25,0.5,0.38,0.11,0.008,,True,S/S1,S,tunnels,5,852.5
truth,veh_yawrate,30.0,225.4,13.25,13.25,5.9,5.88,0.442,,True,S/S1,S,tunnels,5,852.5
hold,truth,30.0,225.4,35.4,35.4,13.09,15.71,1.18,2.465,False,S/S1,S,tunnels,5,852.5
obd,veh_yawrate,30.0,225.4,13.08,13.08,5.87,5.8,0.436,0.083,True,S/S1,S,tunnels,5,852.5
wheel_speed,veh_yawrate,30.0,225.4,13.42,13.42,6.06,5.95,0.447,0.059,True,S/S1,S,tunnels,5,852.5
obd,gps_hold,30.0,225.4,114.44,114.44,47.89,50.77,3.815,0.083,False,S/S1,S,tunnels,5,852.5
hold,imu_aligned,30.0,225.4,88.38,88.38,38.63,39.21,2.946,2.465,False,S/S1,S,tunnels,5,852.5
imu_integrate,imu_aligned,30.0,225.4,96.91,96.91,40.52,43.0,3.23,1.501,False,S/S1,S,tunnels,5,852.5
truth,truth,30.0,290.7,1.2,1.21,0.78,0.41,0.04,,True,S/S1,S,tunnels,6,987.5
truth,veh_yawrate,30.0,290.7,10.91,10.91,4.42,3.75,0.364,,True,S/S1,S,tunnels,6,987.5
hold,truth,30.0,290.7,40.59,40.59,15.33,13.96,1.353,2.959,False,S/S1,S,tunnels,6,987.5
obd,veh_yawrate,30.0,290.7,10.96,10.96,4.51,3.77,0.365,0.097,True,S/S1,S,tunnels,6,987.5
wheel_speed,veh_yawrate,30.0,290.7,11.58,11.58,4.89,3.98,0.386,0.069,True,S/S1,S,tunnels,6,987.5
obd,gps_hold,30.0,290.7,291.28,291.28,122.85,100.2,9.709,0.097,False,S/S1,S,tunnels,6,987.5
hold,imu_aligned,30.0,290.7,260.54,260.54,113.59,89.62,8.685,2.959,False,S/S1,S,tunnels,6,987.5
imu_integrate,imu_aligned,30.0,290.7,400.19,400.19,186.73,137.66,13.34,5.212,False,S/S1,S,tunnels,6,987.5
truth,truth,30.0,285.8,1.23,1.28,0.72,0.43,0.041,,True,S/S1,S,tunnels,7,1122.5
truth,veh_yawrate,30.0,285.8,1.01,1.22,0.73,0.35,0.034,,True,S/S1,S,tunnels,7,1122.5
hold,truth,30.0,285.8,34.79,84.33,55.28,12.17,1.16,5.032,False,S/S1,S,tunnels,7,1122.5
obd,veh_yawrate,30.0,285.8,1.56,2.63,1.86,0.55,0.052,0.122,True,S/S1,S,tunnels,7,1122.5
wheel_speed,veh_yawrate,30.0,285.8,0.94,0.94,0.44,0.33,0.031,0.093,True,S/S1,S,tunnels,7,1122.5
obd,gps_hold,30.0,285.8,28.4,28.4,6.16,9.94,0.947,0.122,True,S/S1,S,tunnels,7,1122.5
hold,imu_aligned,30.0,285.8,21.01,84.3,54.66,7.35,0.7,5.032,True,S/S1,S,tunnels,7,1122.5
imu_integrate,imu_aligned,30.0,285.8,93.24,120.93,84.0,32.63,3.108,5.608,False,S/S1,S,tunnels,7,1122.5
truth,truth,60.0,585.6,49.74,54.23,11.39,8.49,0.829,,True,S/S1,S,every_2min,0,80.0
truth,veh_yawrate,60.0,585.6,102.68,110.36,26.15,17.53,1.711,,False,S/S1,S,every_2min,0,80.0
hold,truth,60.0,585.6,224.34,224.34,104.47,38.31,3.739,8.143,False,S/S1,S,every_2min,0,80.0
obd,veh_yawrate,60.0,585.6,105.35,116.86,28.01,17.99,1.756,1.26,False,S/S1,S,every_2min,0,80.0
wheel_speed,veh_yawrate,60.0,585.6,103.82,114.82,27.36,17.73,1.73,1.218,False,S/S1,S,every_2min,0,80.0
obd,gps_hold,60.0,585.6,396.18,416.15,205.43,67.65,6.603,1.26,False,S/S1,S,every_2min,0,80.0
hold,imu_aligned,60.0,585.6,344.81,347.63,190.65,58.88,5.747,8.143,False,S/S1,S,every_2min,0,80.0
imu_integrate,imu_aligned,60.0,585.6,354.39,354.39,190.46,60.51,5.906,9.354,False,S/S1,S,every_2min,0,80.0
truth,truth,60.0,725.4,3.41,3.5,2.41,0.47,0.057,,True,S/S1,S,every_2min,1,260.0
truth,veh_yawrate,60.0,725.4,61.07,61.07,28.71,8.42,1.018,,True,S/S1,S,every_2min,1,260.0
hold,truth,60.0,725.4,112.01,112.01,71.12,15.44,1.867,3.184,False,S/S1,S,every_2min,1,260.0
obd,veh_yawrate,60.0,725.4,61.89,61.89,29.11,8.53,1.032,0.067,True,S/S1,S,every_2min,1,260.0
wheel_speed,veh_yawrate,60.0,725.4,61.12,61.12,28.8,8.43,1.019,0.071,True,S/S1,S,every_2min,1,260.0
obd,gps_hold,60.0,725.4,377.06,377.06,174.89,51.98,6.284,0.067,False,S/S1,S,every_2min,1,260.0
hold,imu_aligned,60.0,725.4,355.78,355.78,172.23,49.04,5.93,3.184,False,S/S1,S,every_2min,1,260.0
imu_integrate,imu_aligned,60.0,725.4,370.96,370.96,179.27,51.14,6.183,4.542,False,S/S1,S,every_2min,1,260.0
truth,truth,60.0,840.6,1.77,1.77,0.93,0.21,0.029,,True,S/S1,S,every_2min,2,500.0
truth,veh_yawrate,60.0,840.6,1.02,1.33,0.93,0.12,0.017,,True,S/S1,S,every_2min,2,500.0
hold,truth,60.0,840.6,7.75,7.75,2.43,0.92,0.129,0.356,True,S/S1,S,every_2min,2,500.0
obd,veh_yawrate,60.0,840.6,5.93,5.93,3.67,0.71,0.099,0.105,True,S/S1,S,every_2min,2,500.0
wheel_speed,veh_yawrate,60.0,840.6,1.14,1.45,1.04,0.14,0.019,0.055,True,S/S1,S,every_2min,2,500.0
obd,gps_hold,60.0,840.6,117.64,117.64,51.27,14.0,1.961,0.105,False,S/S1,S,every_2min,2,500.0
hold,imu_aligned,60.0,840.6,117.94,117.94,50.9,14.03,1.966,0.356,False,S/S1,S,every_2min,2,500.0
imu_integrate,imu_aligned,60.0,840.6,342.68,342.68,164.56,40.77,5.711,5.162,False,S/S1,S,every_2min,2,500.0
truth,truth,60.0,643.2,1.73,2.22,1.45,0.27,0.029,,True,S/S1,S,every_2min,3,680.0
truth,veh_yawrate,60.0,643.2,21.42,21.57,14.27,3.33,0.357,,True,S/S1,S,every_2min,3,680.0
hold,truth,60.0,643.2,106.93,106.93,34.65,16.63,1.782,2.442,False,S/S1,S,every_2min,3,680.0
obd,veh_yawrate,60.0,643.2,20.12,21.47,14.08,3.13,0.335,0.079,True,S/S1,S,every_2min,3,680.0
wheel_speed,veh_yawrate,60.0,643.2,21.07,21.45,14.21,3.28,0.351,0.051,True,S/S1,S,every_2min,3,680.0
obd,gps_hold,60.0,643.2,153.25,153.25,57.14,23.83,2.554,0.079,False,S/S1,S,every_2min,3,680.0
hold,imu_aligned,60.0,643.2,247.3,247.3,84.73,38.45,4.122,2.442,False,S/S1,S,every_2min,3,680.0
imu_integrate,imu_aligned,60.0,643.2,997.8,997.8,422.16,155.14,16.63,15.01,False,S/S1,S,every_2min,3,680.0
truth,truth,60.0,395.0,0.75,1.31,0.8,0.19,0.013,,True,S/S1,S,every_2min,4,860.0
truth,veh_yawrate,60.0,395.0,8.12,8.13,5.35,2.06,0.135,,True,S/S1,S,every_2min,4,860.0
hold,truth,60.0,395.0,63.23,63.23,31.43,16.01,1.054,2.563,False,S/S1,S,every_2min,4,860.0
obd,veh_yawrate,60.0,395.0,8.28,8.29,5.51,2.1,0.138,0.088,True,S/S1,S,every_2min,4,860.0
wheel_speed,veh_yawrate,60.0,395.0,9.05,9.05,5.86,2.29,0.151,0.065,True,S/S1,S,every_2min,4,860.0
obd,gps_hold,60.0,395.0,568.49,568.49,334.51,143.93,9.475,0.088,False,S/S1,S,every_2min,4,860.0
hold,imu_aligned,60.0,395.0,659.92,659.92,375.87,167.08,10.999,2.563,False,S/S1,S,every_2min,4,860.0
imu_integrate,imu_aligned,60.0,395.0,1026.11,1026.11,529.12,259.8,17.102,8.375,False,S/S1,S,every_2min,4,860.0
truth,truth,60.0,630.2,1.33,1.51,0.99,0.21,0.022,,True,S/S1,S,every_2min,5,1070.0
truth,veh_yawrate,60.0,630.2,12.97,13.89,10.47,2.06,0.216,,True,S/S1,S,every_2min,5,1070.0
hold,truth,60.0,630.2,104.88,119.44,71.02,16.64,1.748,2.392,False,S/S1,S,every_2min,5,1070.0
obd,veh_yawrate,60.0,630.2,14.05,14.44,10.87,2.23,0.234,0.098,True,S/S1,S,every_2min,5,1070.0
wheel_speed,veh_yawrate,60.0,630.2,12.93,13.83,10.45,2.05,0.216,0.052,True,S/S1,S,every_2min,5,1070.0
obd,gps_hold,60.0,630.2,203.56,203.56,115.97,32.3,3.393,0.098,False,S/S1,S,every_2min,5,1070.0
hold,imu_aligned,60.0,630.2,244.08,244.08,145.88,38.73,4.068,2.392,False,S/S1,S,every_2min,5,1070.0
imu_integrate,imu_aligned,60.0,630.2,222.66,222.66,129.61,35.33,3.711,4.682,False,S/S1,S,every_2min,5,1070.0
truth,truth,60.0,393.5,3.12,3.2,1.71,0.79,0.052,,True,S/S1,S,every_2min,6,1280.0
truth,veh_yawrate,60.0,393.5,18.06,18.06,10.55,4.59,0.301,,True,S/S1,S,every_2min,6,1280.0
hold,truth,60.0,393.5,68.59,68.61,42.07,17.43,1.143,2.266,False,S/S1,S,every_2min,6,1280.0
obd,veh_yawrate,60.0,393.5,18.62,18.66,10.92,4.73,0.31,0.093,True,S/S1,S,every_2min,6,1280.0
wheel_speed,veh_yawrate,60.0,393.5,18.84,18.87,10.81,4.79,0.314,0.073,True,S/S1,S,every_2min,6,1280.0
obd,gps_hold,60.0,393.5,163.7,163.7,60.25,41.6,2.728,0.093,False,S/S1,S,every_2min,6,1280.0
hold,imu_aligned,60.0,393.5,226.05,226.05,97.4,57.45,3.767,2.266,False,S/S1,S,every_2min,6,1280.0
imu_integrate,imu_aligned,60.0,393.5,237.2,237.2,83.91,60.28,3.953,3.276,False,S/S1,S,every_2min,6,1280.0
truth,truth,60.0,403.0,1.6,1.78,0.98,0.4,0.027,,True,S/S1,S,every_2min,7,1460.0
truth,veh_yawrate,60.0,403.0,304.53,304.53,133.0,75.57,5.075,,False,S/S1,S,every_2min,7,1460.0
hold,truth,60.0,403.0,94.66,102.98,58.55,23.49,1.578,2.947,False,S/S1,S,every_2min,7,1460.0
obd,veh_yawrate,60.0,403.0,306.42,306.42,133.87,76.04,5.107,0.118,False,S/S1,S,every_2min,7,1460.0
wheel_speed,veh_yawrate,60.0,403.0,304.68,304.68,132.97,75.61,5.078,0.084,False,S/S1,S,every_2min,7,1460.0
obd,gps_hold,60.0,403.0,582.71,582.71,287.59,144.6,9.712,0.118,False,S/S1,S,every_2min,7,1460.0
hold,imu_aligned,60.0,403.0,453.37,453.37,235.36,112.51,7.556,2.947,False,S/S1,S,every_2min,7,1460.0
imu_integrate,imu_aligned,60.0,403.0,1036.95,1036.95,522.82,257.33,17.282,7.75,False,S/S1,S,every_2min,7,1460.0
truth,truth,60.0,238.2,0.66,1.09,0.6,0.28,0.011,,True,S/S1,S,every_2min,8,1640.0
truth,veh_yawrate,60.0,238.2,81.77,84.88,48.5,34.33,1.363,,False,S/S1,S,every_2min,8,1640.0
hold,truth,60.0,238.2,64.85,64.85,38.54,27.23,1.081,2.039,False,S/S1,S,every_2min,8,1640.0
obd,veh_yawrate,60.0,238.2,80.75,83.99,47.96,33.9,1.346,0.088,False,S/S1,S,every_2min,8,1640.0
wheel_speed,veh_yawrate,60.0,238.2,81.28,84.44,48.13,34.12,1.355,0.056,False,S/S1,S,every_2min,8,1640.0
obd,gps_hold,60.0,238.2,261.12,261.12,139.29,109.63,4.352,0.088,False,S/S1,S,every_2min,8,1640.0
hold,imu_aligned,60.0,238.2,251.45,251.45,130.26,105.57,4.191,2.039,False,S/S1,S,every_2min,8,1640.0
imu_integrate,imu_aligned,60.0,238.2,956.24,956.24,441.3,401.47,15.937,13.051,False,S/S1,S,every_2min,8,1640.0
truth,truth,60.0,510.5,1.83,2.07,1.28,0.36,0.031,,True,S/S1,S,every_2min,9,1820.0
truth,veh_yawrate,60.0,510.5,20.11,20.11,10.26,3.94,0.335,,True,S/S1,S,every_2min,9,1820.0
hold,truth,60.0,510.5,75.54,108.58,84.72,14.8,1.259,3.564,False,S/S1,S,every_2min,9,1820.0
obd,veh_yawrate,60.0,510.5,21.03,21.03,10.94,4.12,0.35,0.121,True,S/S1,S,every_2min,9,1820.0
wheel_speed,veh_yawrate,60.0,510.5,21.43,21.43,11.09,4.2,0.357,0.128,True,S/S1,S,every_2min,9,1820.0
obd,gps_hold,60.0,510.5,562.6,562.6,293.77,110.2,9.377,0.121,False,S/S1,S,every_2min,9,1820.0
hold,imu_aligned,60.0,510.5,572.15,572.15,328.53,112.07,9.536,3.564,False,S/S1,S,every_2min,9,1820.0
imu_integrate,imu_aligned,60.0,510.5,1871.73,1871.73,850.68,366.63,31.195,23.873,False,S/S1,S,every_2min,9,1820.0
truth,truth,60.0,631.8,1.54,2.35,1.25,0.24,0.026,,True,S/S1,S,every_2min,10,2000.0
truth,veh_yawrate,60.0,631.8,11.06,11.06,5.52,1.75,0.184,,True,S/S1,S,every_2min,10,2000.0
hold,truth,60.0,631.8,103.59,103.59,39.72,16.4,1.727,2.716,False,S/S1,S,every_2min,10,2000.0
obd,veh_yawrate,60.0,631.8,8.65,8.65,5.01,1.37,0.144,0.082,True,S/S1,S,every_2min,10,2000.0
wheel_speed,veh_yawrate,60.0,631.8,12.64,12.64,6.24,2.0,0.211,0.048,True,S/S1,S,every_2min,10,2000.0
obd,gps_hold,60.0,631.8,57.0,60.36,27.46,9.02,0.95,0.082,True,S/S1,S,every_2min,10,2000.0
hold,imu_aligned,60.0,631.8,171.82,171.82,67.03,27.2,2.864,2.716,False,S/S1,S,every_2min,10,2000.0
imu_integrate,imu_aligned,60.0,631.8,304.4,367.23,248.9,48.18,5.073,6.587,False,S/S1,S,every_2min,10,2000.0
truth,truth,60.0,475.4,0.63,1.44,0.84,0.13,0.01,,True,S/S1,S,every_2min,11,2180.0
truth,veh_yawrate,60.0,475.4,11.99,11.99,7.25,2.52,0.2,,True,S/S1,S,every_2min,11,2180.0
hold,truth,60.0,475.4,57.49,65.02,35.93,12.09,0.958,2.447,False,S/S1,S,every_2min,11,2180.0
obd,veh_yawrate,60.0,475.4,11.01,11.01,6.65,2.31,0.183,0.079,True,S/S1,S,every_2min,11,2180.0
wheel_speed,veh_yawrate,60.0,475.4,12.47,12.47,7.68,2.62,0.208,0.048,True,S/S1,S,every_2min,11,2180.0
obd,gps_hold,60.0,475.4,109.55,109.55,82.47,23.04,1.826,0.079,False,S/S1,S,every_2min,11,2180.0
hold,imu_aligned,60.0,475.4,157.84,165.04,100.86,33.2,2.631,2.447,False,S/S1,S,every_2min,11,2180.0
imu_integrate,imu_aligned,60.0,475.4,1001.08,1001.08,443.26,210.58,16.685,15.591,False,S/S1,S,every_2min,11,2180.0
truth,truth,60.0,366.1,0.86,1.89,1.13,0.24,0.014,,True,S/S1,S,every_2min,12,2360.0
truth,veh_yawrate,60.0,366.1,213.53,213.53,138.67,58.33,3.559,,False,S/S1,S,every_2min,12,2360.0
hold,truth,60.0,366.1,161.06,161.06,63.12,43.99,2.684,3.236,False,S/S1,S,every_2min,12,2360.0
obd,veh_yawrate,60.0,366.1,214.41,214.41,139.56,58.57,3.574,0.073,False,S/S1,S,every_2min,12,2360.0
wheel_speed,veh_yawrate,60.0,366.1,213.24,213.24,138.79,58.25,3.554,0.06,False,S/S1,S,every_2min,12,2360.0
obd,gps_hold,60.0,366.1,511.7,511.7,338.55,139.78,8.528,0.073,False,S/S1,S,every_2min,12,2360.0
hold,imu_aligned,60.0,366.1,674.56,674.56,401.47,184.27,11.243,3.236,False,S/S1,S,every_2min,12,2360.0
imu_integrate,imu_aligned,60.0,366.1,1420.76,1420.76,817.52,388.1,23.679,16.28,False,S/S1,S,every_2min,12,2360.0
truth,truth,60.0,384.7,1.05,1.49,0.96,0.27,0.017,,True,S/S1,S,every_2min,13,2540.0
truth,veh_yawrate,60.0,384.7,26.99,27.0,15.62,7.02,0.45,,True,S/S1,S,every_2min,13,2540.0
hold,truth,60.0,384.7,129.95,129.95,90.53,33.78,2.166,2.869,False,S/S1,S,every_2min,13,2540.0
obd,veh_yawrate,60.0,384.7,27.81,27.81,15.5,7.23,0.463,0.081,True,S/S1,S,every_2min,13,2540.0
wheel_speed,veh_yawrate,60.0,384.7,27.45,27.46,15.34,7.14,0.458,0.062,True,S/S1,S,every_2min,13,2540.0
obd,gps_hold,60.0,384.7,249.55,249.55,108.64,64.87,4.159,0.081,False,S/S1,S,every_2min,13,2540.0
hold,imu_aligned,60.0,384.7,376.34,376.34,189.36,97.83,6.272,2.869,False,S/S1,S,every_2min,13,2540.0
imu_integrate,imu_aligned,60.0,384.7,888.78,888.78,438.55,231.03,14.813,12.019,False,S/S1,S,every_2min,13,2540.0
truth,truth,60.0,428.3,1.4,1.64,1.02,0.33,0.023,,True,S/S1,S,every_2min,14,2720.0
truth,veh_yawrate,60.0,428.3,306.7,306.7,152.87,71.61,5.112,,False,S/S1,S,every_2min,14,2720.0
hold,truth,60.0,428.3,161.67,161.67,115.34,37.75,2.695,3.988,False,S/S1,S,every_2min,14,2720.0
obd,veh_yawrate,60.0,428.3,307.68,307.68,153.55,71.84,5.128,0.105,False,S/S1,S,every_2min,14,2720.0
wheel_speed,veh_yawrate,60.0,428.3,306.69,306.69,153.07,71.61,5.111,0.076,False,S/S1,S,every_2min,14,2720.0
obd,gps_hold,60.0,428.3,635.56,635.56,253.41,148.39,10.593,0.105,False,S/S1,S,every_2min,14,2720.0
hold,imu_aligned,60.0,428.3,781.02,781.02,368.85,182.36,13.017,3.988,False,S/S1,S,every_2min,14,2720.0
imu_integrate,imu_aligned,60.0,428.3,1210.37,1210.37,602.23,282.6,20.173,9.697,False,S/S1,S,every_2min,14,2720.0
truth,truth,60.0,545.7,1.06,1.24,0.89,0.19,0.018,,True,S/S1,S,every_2min,15,2900.0
truth,veh_yawrate,60.0,545.7,259.22,259.22,81.9,47.5,4.32,,False,S/S1,S,every_2min,15,2900.0
hold,truth,60.0,545.7,241.78,241.78,156.86,44.31,4.03,5.08,False,S/S1,S,every_2min,15,2900.0
obd,veh_yawrate,60.0,545.7,261.86,261.86,82.67,47.99,4.364,0.096,False,S/S1,S,every_2min,15,2900.0
wheel_speed,veh_yawrate,60.0,545.7,260.44,260.44,82.22,47.73,4.341,0.082,False,S/S1,S,every_2min,15,2900.0
obd,gps_hold,60.0,545.7,210.35,210.35,66.59,38.55,3.506,0.096,False,S/S1,S,every_2min,15,2900.0
hold,imu_aligned,60.0,545.7,249.7,249.7,157.77,45.76,4.162,5.08,False,S/S1,S,every_2min,15,2900.0
imu_integrate,imu_aligned,60.0,545.7,226.38,306.46,200.0,41.49,3.773,6.778,False,S/S1,S,every_2min,15,2900.0
truth,truth,60.0,315.4,1.28,1.69,0.97,0.41,0.021,,True,S/S1,S,every_2min,16,3080.0
truth,veh_yawrate,60.0,315.4,12.61,12.61,6.03,4.0,0.21,,True,S/S1,S,every_2min,16,3080.0
hold,truth,60.0,315.4,30.06,30.06,18.65,9.53,0.501,1.689,True,S/S1,S,every_2min,16,3080.0
obd,veh_yawrate,60.0,315.4,12.15,12.15,5.47,3.85,0.202,0.104,True,S/S1,S,every_2min,16,3080.0
wheel_speed,veh_yawrate,60.0,315.4,12.95,12.95,6.09,4.11,0.216,0.087,True,S/S1,S,every_2min,16,3080.0
obd,gps_hold,60.0,315.4,311.95,311.95,141.81,98.92,5.199,0.104,False,S/S1,S,every_2min,16,3080.0
hold,imu_aligned,60.0,315.4,372.87,372.87,171.39,118.24,6.214,1.689,False,S/S1,S,every_2min,16,3080.0
imu_integrate,imu_aligned,60.0,315.4,638.79,638.79,278.85,202.56,10.647,6.53,False,S/S1,S,every_2min,16,3080.0
truth,truth,60.0,401.4,0.81,1.43,0.87,0.2,0.013,,True,S/S1,S,every_2min,17,3290.0
truth,veh_yawrate,60.0,401.4,22.46,22.46,9.42,5.6,0.374,,True,S/S1,S,every_2min,17,3290.0
hold,truth,60.0,401.4,56.11,57.26,38.45,13.98,0.935,2.035,False,S/S1,S,every_2min,17,3290.0
obd,veh_yawrate,60.0,401.4,20.94,20.94,9.05,5.22,0.349,0.085,True,S/S1,S,every_2min,17,3290.0
wheel_speed,veh_yawrate,60.0,401.4,22.25,22.25,9.47,5.54,0.371,0.067,True,S/S1,S,every_2min,17,3290.0
obd,gps_hold,60.0,401.4,127.33,127.4,49.41,31.72,2.122,0.085,False,S/S1,S,every_2min,17,3290.0
hold,imu_aligned,60.0,401.4,97.63,97.96,46.54,24.32,1.627,2.035,False,S/S1,S,every_2min,17,3290.0
imu_integrate,imu_aligned,60.0,401.4,130.27,134.5,83.35,32.45,2.171,3.142,False,S/S1,S,every_2min,17,3290.0
truth,truth,60.0,552.1,0.96,1.23,0.72,0.17,0.016,,True,S/S1,S,every_2min,18,3470.0
truth,veh_yawrate,60.0,552.1,208.36,208.5,114.07,37.74,3.473,,False,S/S1,S,every_2min,18,3470.0
hold,truth,60.0,552.1,145.44,157.16,100.48,26.34,2.424,3.508,False,S/S1,S,every_2min,18,3470.0
obd,veh_yawrate,60.0,552.1,209.18,209.22,114.3,37.89,3.486,0.118,False,S/S1,S,every_2min,18,3470.0
wheel_speed,veh_yawrate,60.0,552.1,208.82,208.82,114.22,37.82,3.48,0.086,False,S/S1,S,every_2min,18,3470.0
obd,gps_hold,60.0,552.1,819.71,819.71,435.2,148.48,13.662,0.118,False,S/S1,S,every_2min,18,3470.0
hold,imu_aligned,60.0,552.1,770.82,770.82,412.92,139.62,12.847,3.508,False,S/S1,S,every_2min,18,3470.0
imu_integrate,imu_aligned,60.0,552.1,776.07,776.07,368.44,140.57,12.935,5.206,False,S/S1,S,every_2min,18,3470.0
truth,truth,60.0,285.2,1.84,2.06,1.23,0.64,0.031,,True,S/S1,S,every_2min,19,3650.0
truth,veh_yawrate,60.0,285.2,51.09,51.09,16.08,17.91,0.851,,False,S/S1,S,every_2min,19,3650.0
hold,truth,60.0,285.2,49.71,49.71,17.05,17.43,0.829,2.351,False,S/S1,S,every_2min,19,3650.0
obd,veh_yawrate,60.0,285.2,50.78,50.78,15.93,17.8,0.846,0.085,False,S/S1,S,every_2min,19,3650.0
wheel_speed,veh_yawrate,60.0,285.2,51.05,51.05,16.08,17.9,0.851,0.064,False,S/S1,S,every_2min,19,3650.0
obd,gps_hold,60.0,285.2,322.7,322.7,106.38,113.15,5.378,0.085,False,S/S1,S,every_2min,19,3650.0
hold,imu_aligned,60.0,285.2,353.59,353.59,137.29,123.99,5.893,2.351,False,S/S1,S,every_2min,19,3650.0
imu_integrate,imu_aligned,60.0,285.2,720.61,720.61,306.78,252.68,12.01,6.682,False,S/S1,S,every_2min,19,3650.0
truth,truth,60.0,282.7,3.14,3.14,1.74,1.11,0.052,,True,S/S1,S,every_2min,20,3830.0
truth,veh_yawrate,60.0,282.7,60.1,60.1,51.0,21.26,1.002,,False,S/S1,S,every_2min,20,3830.0
hold,truth,60.0,282.7,68.66,68.66,25.39,24.29,1.144,2.059,False,S/S1,S,every_2min,20,3830.0
obd,veh_yawrate,60.0,282.7,56.92,57.51,49.13,20.14,0.949,0.101,False,S/S1,S,every_2min,20,3830.0
wheel_speed,veh_yawrate,60.0,282.7,58.31,58.31,49.72,20.63,0.972,0.086,False,S/S1,S,every_2min,20,3830.0
obd,gps_hold,60.0,282.7,137.05,140.97,118.39,48.48,2.284,0.101,False,S/S1,S,every_2min,20,3830.0
hold,imu_aligned,60.0,282.7,194.26,194.26,134.1,68.73,3.238,2.059,False,S/S1,S,every_2min,20,3830.0
imu_integrate,imu_aligned,60.0,282.7,212.98,212.98,122.86,75.35,3.55,2.973,False,S/S1,S,every_2min,20,3830.0
truth,truth,60.0,266.5,2.53,2.59,1.7,0.95,0.042,,True,S/S1,S,every_2min,21,4010.0
truth,veh_yawrate,60.0,266.5,9.57,9.57,4.62,3.59,0.16,,True,S/S1,S,every_2min,21,4010.0
hold,truth,60.0,266.5,162.01,162.18,84.99,60.8,2.7,4.107,False,S/S1,S,every_2min,21,4010.0
obd,veh_yawrate,60.0,266.5,11.44,11.44,6.06,4.29,0.191,0.092,True,S/S1,S,every_2min,21,4010.0
wheel_speed,veh_yawrate,60.0,266.5,9.64,9.64,4.83,3.62,0.161,0.078,True,S/S1,S,every_2min,21,4010.0
obd,gps_hold,60.0,266.5,111.26,111.26,52.49,41.75,1.854,0.092,False,S/S1,S,every_2min,21,4010.0
hold,imu_aligned,60.0,266.5,343.09,343.09,163.69,128.75,5.718,4.107,False,S/S1,S,every_2min,21,4010.0
imu_integrate,imu_aligned,60.0,266.5,573.9,573.9,284.28,215.37,9.565,7.985,False,S/S1,S,every_2min,21,4010.0
truth,truth,60.0,461.7,5.92,5.92,4.07,1.28,0.099,,True,S/S1,S,every_2min,22,4190.0
truth,veh_yawrate,60.0,461.7,94.36,94.38,62.36,20.44,1.573,,False,S/S1,S,every_2min,22,4190.0
hold,truth,60.0,461.7,284.62,310.03,205.79,61.65,4.744,5.909,False,S/S1,S,every_2min,22,4190.0
obd,veh_yawrate,60.0,461.7,94.08,94.11,62.15,20.38,1.568,0.123,False,S/S1,S,every_2min,22,4190.0
wheel_speed,veh_yawrate,60.0,461.7,94.15,94.18,62.23,20.39,1.569,0.137,False,S/S1,S,every_2min,22,4190.0
obd,gps_hold,60.0,461.7,605.25,605.25,396.69,131.1,10.087,0.123,False,S/S1,S,every_2min,22,4190.0
hold,imu_aligned,60.0,461.7,458.51,458.51,295.12,99.31,7.642,5.909,False,S/S1,S,every_2min,22,4190.0
imu_integrate,imu_aligned,60.0,461.7,802.39,802.39,386.89,173.8,13.373,11.301,False,S/S1,S,every_2min,22,4190.0
truth,truth,60.0,427.2,3.52,3.64,2.18,0.82,0.059,,True,S/S1,S,every_2min,23,4370.0
truth,veh_yawrate,60.0,427.2,30.88,30.88,10.29,7.23,0.515,,True,S/S1,S,every_2min,23,4370.0
hold,truth,60.0,427.2,148.39,160.49,96.1,34.73,2.473,3.367,False,S/S1,S,every_2min,23,4370.0
obd,veh_yawrate,60.0,427.2,30.26,30.26,10.07,7.08,0.504,0.077,True,S/S1,S,every_2min,23,4370.0
wheel_speed,veh_yawrate,60.0,427.2,31.58,31.58,10.78,7.39,0.526,0.066,True,S/S1,S,every_2min,23,4370.0
obd,gps_hold,60.0,427.2,377.62,377.62,144.05,88.39,6.294,0.077,False,S/S1,S,every_2min,23,4370.0
hold,imu_aligned,60.0,427.2,506.4,506.4,222.95,118.53,8.44,3.367,False,S/S1,S,every_2min,23,4370.0
imu_integrate,imu_aligned,60.0,427.2,499.89,499.89,219.64,117.0,8.332,2.748,False,S/S1,S,every_2min,23,4370.0
truth,truth,60.0,521.7,1.69,1.92,1.52,0.32,0.028,,True,S/S1,S,every_2min,24,4550.0
truth,veh_yawrate,60.0,521.7,61.79,61.79,25.15,11.85,1.03,,False,S/S1,S,every_2min,24,4550.0
hold,truth,60.0,521.7,135.91,135.91,69.61,26.05,2.265,5.027,False,S/S1,S,every_2min,24,4550.0
obd,veh_yawrate,60.0,521.7,62.47,62.47,25.57,11.98,1.041,0.103,False,S/S1,S,every_2min,24,4550.0
wheel_speed,veh_yawrate,60.0,521.7,60.87,60.87,24.64,11.67,1.014,0.064,False,S/S1,S,every_2min,24,4550.0
obd,gps_hold,60.0,521.7,502.48,502.48,233.9,96.32,8.375,0.103,False,S/S1,S,every_2min,24,4550.0
hold,imu_aligned,60.0,521.7,760.8,760.8,398.77,145.84,12.68,5.027,False,S/S1,S,every_2min,24,4550.0
imu_integrate,imu_aligned,60.0,521.7,984.13,984.13,540.51,188.66,16.402,8.985,False,S/S1,S,every_2min,24,4550.0
truth,truth,60.0,483.3,2.14,2.37,1.86,0.44,0.036,,True,S/S1,S,every_2min,25,4880.0
truth,veh_yawrate,60.0,483.3,597.88,597.88,401.9,123.71,9.965,,False,S/S1,S,every_2min,25,4880.0
hold,truth,60.0,483.3,156.88,156.88,82.56,32.46,2.615,5.599,False,S/S1,S,every_2min,25,4880.0
obd,veh_yawrate,60.0,483.3,600.44,600.45,404.11,124.24,10.007,0.109,False,S/S1,S,every_2min,25,4880.0
wheel_speed,veh_yawrate,60.0,483.3,597.76,597.77,402.42,123.69,9.963,0.123,False,S/S1,S,every_2min,25,4880.0
obd,gps_hold,60.0,483.3,631.31,631.32,424.9,130.63,10.522,0.109,False,S/S1,S,every_2min,25,4880.0
hold,imu_aligned,60.0,483.3,779.35,779.35,470.08,161.26,12.989,5.599,False,S/S1,S,every_2min,25,4880.0
imu_integrate,imu_aligned,60.0,483.3,691.86,691.86,389.04,143.16,11.531,9.094,False,S/S1,S,every_2min,25,4880.0
truth,truth,60.0,690.9,3.25,4.25,3.32,0.47,0.054,,True,S/S2,S,isro_60s,0,195.0
truth,veh_yawrate,60.0,690.9,604.23,604.23,338.91,87.45,10.071,,False,S/S2,S,isro_60s,0,195.0
hold,truth,60.0,690.9,16.56,48.2,27.18,2.4,0.276,1.975,True,S/S2,S,isro_60s,0,195.0
obd,veh_yawrate,60.0,690.9,606.98,606.98,340.95,87.85,10.116,0.123,False,S/S2,S,isro_60s,0,195.0
wheel_speed,veh_yawrate,60.0,690.9,599.4,599.4,336.47,86.75,9.99,0.206,False,S/S2,S,isro_60s,0,195.0
obd,gps_hold,60.0,690.9,965.56,965.56,546.03,139.75,16.093,0.123,False,S/S2,S,isro_60s,0,195.0
hold,imu_aligned,60.0,690.9,971.27,971.27,536.42,140.57,16.188,1.975,False,S/S2,S,isro_60s,0,195.0
imu_integrate,imu_aligned,60.0,690.9,989.01,989.01,518.56,143.14,16.483,3.046,False,S/S2,S,isro_60s,0,195.0
truth,truth,186.1,999.8,1.38,4.18,2.21,0.14,0.007,,True,S/S2,S,isro_1km,0,55.0
truth,veh_yawrate,186.1,999.8,40.71,248.61,122.66,4.07,0.219,,True,S/S2,S,isro_1km,0,55.0
hold,truth,186.1,999.8,129.2,190.58,115.42,12.92,0.694,4.809,False,S/S2,S,isro_1km,0,55.0
obd,veh_yawrate,186.1,999.8,42.11,250.14,123.37,4.21,0.226,0.117,True,S/S2,S,isro_1km,0,55.0
wheel_speed,veh_yawrate,186.1,999.8,44.44,243.91,120.32,4.44,0.239,0.281,True,S/S2,S,isro_1km,0,55.0
obd,gps_hold,186.1,999.8,1589.96,1589.96,565.67,159.02,8.544,0.117,False,S/S2,S,isro_1km,0,55.0
hold,imu_aligned,186.1,999.8,1833.2,1833.2,854.7,183.35,9.851,4.809,False,S/S2,S,isro_1km,0,55.0
imu_integrate,imu_aligned,186.1,999.8,2112.61,2112.61,847.59,211.29,11.352,4.198,False,S/S2,S,isro_1km,0,55.0
truth,truth,30.0,95.3,2.29,2.69,1.88,2.41,0.076,,True,S/S2,S,tunnels,0,42.5
truth,veh_yawrate,30.0,95.3,129.84,129.84,80.67,136.17,4.328,,False,S/S2,S,tunnels,0,42.5
hold,truth,30.0,95.3,34.7,42.11,26.2,36.39,1.157,2.068,False,S/S2,S,tunnels,0,42.5
obd,veh_yawrate,30.0,95.3,130.73,130.73,81.5,137.11,4.358,0.126,False,S/S2,S,tunnels,0,42.5
wheel_speed,veh_yawrate,30.0,95.3,125.55,125.55,78.27,131.67,4.185,0.258,False,S/S2,S,tunnels,0,42.5
obd,gps_hold,30.0,95.3,114.38,114.38,68.69,119.96,3.813,0.126,False,S/S2,S,tunnels,0,42.5
hold,imu_aligned,30.0,95.3,84.58,84.58,48.1,88.71,2.819,2.068,False,S/S2,S,tunnels,0,42.5
imu_integrate,imu_aligned,30.0,95.3,198.4,198.4,104.25,208.08,6.613,3.308,False,S/S2,S,tunnels,0,42.5
truth,truth,30.0,362.4,2.47,2.56,2.18,0.68,0.082,,True,S/S2,S,tunnels,1,200.0
truth,veh_yawrate,30.0,362.4,296.04,296.04,156.56,81.69,9.868,,False,S/S2,S,tunnels,1,200.0
hold,truth,30.0,362.4,29.69,29.69,16.62,8.19,0.99,1.706,True,S/S2,S,tunnels,1,200.0
obd,veh_yawrate,30.0,362.4,298.08,298.08,157.84,82.26,9.936,0.126,False,S/S2,S,tunnels,1,200.0
wheel_speed,veh_yawrate,30.0,362.4,295.22,295.22,156.33,81.47,9.841,0.185,False,S/S2,S,tunnels,1,200.0
obd,gps_hold,30.0,362.4,441.22,441.22,233.65,121.76,14.707,0.126,False,S/S2,S,tunnels,1,200.0
hold,imu_aligned,30.0,362.4,424.72,424.72,226.89,117.2,14.157,1.706,False,S/S2,S,tunnels,1,200.0
imu_integrate,imu_aligned,30.0,362.4,496.32,496.32,259.96,136.96,16.544,2.763,False,S/S2,S,tunnels,1,200.0
truth,truth,30.0,301.5,2.66,3.27,1.56,0.88,0.089,,True,S/S2,S,tunnels,2,470.0
truth,veh_yawrate,30.0,301.5,4.7,4.7,3.02,1.56,0.157,,True,S/S2,S,tunnels,2,470.0
hold,truth,30.0,301.5,84.5,84.5,35.67,28.03,2.817,3.852,False,S/S2,S,tunnels,2,470.0
obd,veh_yawrate,30.0,301.5,4.35,5.77,3.68,1.44,0.145,0.282,True,S/S2,S,tunnels,2,470.0
wheel_speed,veh_yawrate,30.0,301.5,5.16,5.16,3.11,1.71,0.172,0.251,True,S/S2,S,tunnels,2,470.0
obd,gps_hold,30.0,301.5,49.4,49.4,18.28,16.39,1.647,0.282,False,S/S2,S,tunnels,2,470.0
hold,imu_aligned,30.0,301.5,146.61,146.61,53.54,48.63,4.887,3.852,False,S/S2,S,tunnels,2,470.0
imu_integrate,imu_aligned,30.0,301.5,396.76,396.76,175.83,131.6,13.225,11.972,False,S/S2,S,tunnels,2,470.0
truth,truth,30.0,201.7,3.28,5.17,3.59,1.63,0.109,,True,S/S2,S,tunnels,3,650.0
truth,veh_yawrate,30.0,201.7,14.54,14.54,7.86,7.21,0.485,,True,S/S2,S,tunnels,3,650.0
hold,truth,30.0,201.7,91.55,91.58,52.59,45.39,3.052,4.463,False,S/S2,S,tunnels,3,650.0
obd,veh_yawrate,30.0,201.7,14.13,14.45,8.35,7.01,0.471,0.302,True,S/S2,S,tunnels,3,650.0
wheel_speed,veh_yawrate,30.0,201.7,14.54,14.77,8.49,7.21,0.485,0.273,True,S/S2,S,tunnels,3,650.0
obd,gps_hold,30.0,201.7,162.69,162.69,76.54,80.67,5.423,0.302,False,S/S2,S,tunnels,3,650.0
hold,imu_aligned,30.0,201.7,274.0,274.0,130.18,135.85,9.133,4.463,False,S/S2,S,tunnels,3,650.0
imu_integrate,imu_aligned,30.0,201.7,183.11,183.11,86.53,90.79,6.104,1.53,False,S/S2,S,tunnels,3,650.0
truth,truth,30.0,203.8,0.6,1.43,0.75,0.3,0.02,,True,S/S2,S,tunnels,4,807.5
truth,veh_yawrate,30.0,203.8,364.65,364.65,173.82,178.9,12.155,,False,S/S2,S,tunnels,4,807.5
hold,truth,30.0,203.8,81.42,81.42,36.17,39.94,2.714,3.159,False,S/S2,S,tunnels,4,807.5
obd,veh_yawrate,30.0,203.8,366.67,366.67,174.88,179.89,12.222,0.115,False,S/S2,S,tunnels,4,807.5
wheel_speed,veh_yawrate,30.0,203.8,365.28,365.28,174.21,179.2,12.176,0.092,False,S/S2,S,tunnels,4,807.5
obd,gps_hold,30.0,203.8,262.33,262.33,125.5,128.7,8.744,0.115,False,S/S2,S,tunnels,4,807.5
hold,imu_aligned,30.0,203.8,215.44,215.44,106.28,105.69,7.181,3.159,False,S/S2,S,tunnels,4,807.5
imu_integrate,imu_aligned,30.0,203.8,259.02,259.02,122.73,127.07,8.634,1.79,False,S/S2,S,tunnels,4,807.5
truth,truth,30.0,274.0,14.74,14.74,6.43,5.38,0.491,,True,S/S2,S,tunnels,5,942.5
truth,veh_yawrate,30.0,274.0,81.55,81.55,42.74,29.76,2.718,,False,S/S2,S,tunnels,5,942.5
hold,truth,30.0,274.0,55.78,55.78,27.01,20.35,1.859,2.089,False,S/S2,S,tunnels,5,942.5
obd,veh_yawrate,30.0,274.0,83.66,83.66,44.59,30.53,2.789,0.72,False,S/S2,S,tunnels,5,942.5
wheel_speed,veh_yawrate,30.0,274.0,83.08,83.08,44.18,30.31,2.769,0.713,False,S/S2,S,tunnels,5,942.5
obd,gps_hold,30.0,274.0,47.63,47.63,25.79,17.38,1.588,0.72,False,S/S2,S,tunnels,5,942.5
hold,imu_aligned,30.0,274.0,69.22,69.22,34.81,25.26,2.307,2.089,False,S/S2,S,tunnels,5,942.5
imu_integrate,imu_aligned,30.0,274.0,134.61,134.61,62.4,49.12,4.487,4.088,False,S/S2,S,tunnels,5,942.5
truth,truth,30.0,215.9,2.37,2.4,1.26,1.1,0.079,,True,S/S2,S,tunnels,6,1077.5
truth,veh_yawrate,30.0,215.9,112.45,112.45,37.24,52.07,3.748,,False,S/S2,S,tunnels,6,1077.5
hold,truth,30.0,215.9,68.41,68.76,46.21,31.68,2.28,2.71,False,S/S2,S,tunnels,6,1077.5
obd,veh_yawrate,30.0,215.9,113.35,113.35,37.65,52.49,3.778,0.09,False,S/S2,S,tunnels,6,1077.5
wheel_speed,veh_yawrate,30.0,215.9,113.87,113.87,38.11,52.73,3.796,0.103,False,S/S2,S,tunnels,6,1077.5
obd,gps_hold,30.0,215.9,172.55,172.55,59.74,79.9,5.752,0.09,False,S/S2,S,tunnels,6,1077.5
hold,imu_aligned,30.0,215.9,238.53,238.53,100.0,110.46,7.951,2.71,False,S/S2,S,tunnels,6,1077.5
imu_integrate,imu_aligned,30.0,215.9,376.28,376.28,169.47,174.24,12.543,7.496,False,S/S2,S,tunnels,6,1077.5
truth,truth,30.0,172.9,0.64,1.5,0.75,0.37,0.021,,True,S/S2,S,tunnels,7,1212.5
truth,veh_yawrate,30.0,172.9,7.88,7.92,5.47,4.56,0.263,,True,S/S2,S,tunnels,7,1212.5
hold,truth,30.0,172.9,56.76,56.76,30.4,32.84,1.892,2.446,False,S/S2,S,tunnels,7,1212.5
obd,veh_yawrate,30.0,172.9,9.71,9.71,6.22,5.62,0.324,0.104,True,S/S2,S,tunnels,7,1212.5
wheel_speed,veh_yawrate,30.0,172.9,8.08,8.09,5.66,4.67,0.269,0.085,True,S/S2,S,tunnels,7,1212.5
obd,gps_hold,30.0,172.9,37.34,37.51,26.57,21.6,1.245,0.104,False,S/S2,S,tunnels,7,1212.5
hold,imu_aligned,30.0,172.9,107.87,107.87,53.65,62.4,3.596,2.446,False,S/S2,S,tunnels,7,1212.5
imu_integrate,imu_aligned,30.0,172.9,163.48,163.48,77.37,94.56,5.449,4.433,False,S/S2,S,tunnels,7,1212.5
truth,truth,60.0,644.8,2.54,3.43,2.56,0.39,0.042,,True,S/S2,S,every_2min,0,200.0
truth,veh_yawrate,60.0,644.8,575.4,575.4,358.95,89.24,9.59,,False,S/S2,S,every_2min,0,200.0
hold,truth,60.0,644.8,28.33,62.73,34.02,4.39,0.472,2.896,True,S/S2,S,every_2min,0,200.0
obd,veh_yawrate,60.0,644.8,577.98,577.98,361.03,89.64,9.633,0.112,False,S/S2,S,every_2min,0,200.0
wheel_speed,veh_yawrate,60.0,644.8,572.45,572.45,357.58,88.78,9.541,0.167,False,S/S2,S,every_2min,0,200.0
obd,gps_hold,60.0,644.8,851.83,851.83,532.93,132.11,14.197,0.112,False,S/S2,S,every_2min,0,200.0
hold,imu_aligned,60.0,644.8,871.58,871.58,515.69,135.17,14.526,2.896,False,S/S2,S,every_2min,0,200.0
imu_integrate,imu_aligned,60.0,644.8,1126.68,1126.68,629.84,174.74,18.778,6.011,False,S/S2,S,every_2min,0,200.0
truth,truth,60.0,477.3,2.3,3.27,2.01,0.48,0.038,,True,S/S2,S,every_2min,1,470.0
truth,veh_yawrate,60.0,477.3,11.05,11.39,7.22,2.31,0.184,,True,S/S2,S,every_2min,1,470.0
hold,truth,60.0,477.3,289.43,289.43,133.82,60.63,4.824,5.81,False,S/S2,S,every_2min,1,470.0
obd,veh_yawrate,60.0,477.3,10.55,11.14,7.1,2.21,0.176,0.221,True,S/S2,S,every_2min,1,470.0
wheel_speed,veh_yawrate,60.0,477.3,11.66,11.99,7.47,2.44,0.194,0.211,True,S/S2,S,every_2min,1,470.0
obd,gps_hold,60.0,477.3,116.2,116.2,56.81,24.34,1.937,0.221,False,S/S2,S,every_2min,1,470.0
hold,imu_aligned,60.0,477.3,422.62,422.62,194.33,88.54,7.044,5.81,False,S/S2,S,every_2min,1,470.0
imu_integrate,imu_aligned,60.0,477.3,1212.46,1212.46,570.19,254.0,20.208,18.934,False,S/S2,S,every_2min,1,470.0
truth,truth,60.0,376.6,6.32,6.32,4.11,1.68,0.105,,True,S/S2,S,every_2min,2,650.0
truth,veh_yawrate,60.0,376.6,30.06,30.06,15.76,7.98,0.501,,True,S/S2,S,every_2min,2,650.0
hold,truth,60.0,376.6,164.39,164.39,94.77,43.65,2.74,4.889,False,S/S2,S,every_2min,2,650.0
obd,veh_yawrate,60.0,376.6,27.41,27.41,14.57,7.28,0.457,0.224,True,S/S2,S,every_2min,2,650.0
wheel_speed,veh_yawrate,60.0,376.6,27.83,27.83,14.97,7.39,0.464,0.201,True,S/S2,S,every_2min,2,650.0
obd,gps_hold,60.0,376.6,491.89,491.89,233.48,130.6,8.198,0.224,False,S/S2,S,every_2min,2,650.0
hold,imu_aligned,60.0,376.6,770.76,770.76,387.05,204.65,12.846,4.889,False,S/S2,S,every_2min,2,650.0
imu_integrate,imu_aligned,60.0,376.6,521.54,521.54,259.52,138.47,8.692,1.389,False,S/S2,S,every_2min,2,650.0
truth,truth,60.0,301.7,2.46,2.62,1.45,0.82,0.041,,True,S/S2,S,every_2min,3,830.0
truth,veh_yawrate,60.0,301.7,137.32,137.66,65.7,45.52,2.289,,False,S/S2,S,every_2min,3,830.0
hold,truth,60.0,301.7,202.16,202.16,98.39,67.02,3.369,4.026,False,S/S2,S,every_2min,3,830.0
obd,veh_yawrate,60.0,301.7,138.41,138.84,66.35,45.88,2.307,0.19,False,S/S2,S,every_2min,3,830.0
wheel_speed,veh_yawrate,60.0,301.7,138.86,139.3,66.83,46.03,2.314,0.167,False,S/S2,S,every_2min,3,830.0
obd,gps_hold,60.0,301.7,169.06,169.07,91.49,56.04,2.818,0.19,False,S/S2,S,every_2min,3,830.0
hold,imu_aligned,60.0,301.7,366.12,366.12,190.2,121.37,6.102,4.026,False,S/S2,S,every_2min,3,830.0
imu_integrate,imu_aligned,60.0,301.7,436.14,436.14,237.31,144.58,7.269,5.201,False,S/S2,S,every_2min,3,830.0
truth,truth,60.0,752.2,1.71,2.81,1.76,0.23,0.028,,True,S/S2,S,every_2min,4,1010.0
truth,veh_yawrate,60.0,752.2,227.9,227.9,68.71,30.3,3.798,,False,S/S2,S,every_2min,4,1010.0
hold,truth,60.0,752.2,75.06,75.06,24.2,9.98,1.251,2.173,True,S/S2,S,every_2min,4,1010.0
obd,veh_yawrate,60.0,752.2,227.1,227.1,68.35,30.19,3.785,0.159,False,S/S2,S,every_2min,4,1010.0
wheel_speed,veh_yawrate,60.0,752.2,229.96,229.96,70.1,30.57,3.833,0.172,False,S/S2,S,every_2min,4,1010.0
obd,gps_hold,60.0,752.2,144.37,144.37,53.58,19.19,2.406,0.159,False,S/S2,S,every_2min,4,1010.0
hold,imu_aligned,60.0,752.2,220.46,220.46,73.34,29.31,3.674,2.173,False,S/S2,S,every_2min,4,1010.0
imu_integrate,imu_aligned,60.0,752.2,571.99,571.99,219.55,76.05,9.533,8.072,False,S/S2,S,every_2min,4,1010.0
truth,truth,60.0,326.7,0.72,1.77,1.11,0.22,0.012,,True,S/S2,S,every_2min,5,1190.0
truth,veh_yawrate,60.0,326.7,26.8,27.22,17.62,8.21,0.447,,True,S/S2,S,every_2min,5,1190.0
hold,truth,60.0,326.7,146.09,146.09,67.98,44.72,2.435,3.18,False,S/S2,S,every_2min,5,1190.0
obd,veh_yawrate,60.0,326.7,28.13,28.38,18.33,8.61,0.469,0.148,True,S/S2,S,every_2min,5,1190.0
wheel_speed,veh_yawrate,60.0,326.7,26.76,27.08,17.46,8.19,0.446,0.129,True,S/S2,S,every_2min,5,1190.0
obd,gps_hold,60.0,326.7,266.85,267.29,185.88,81.69,4.448,0.148,False,S/S2,S,every_2min,5,1190.0
hold,imu_aligned,60.0,326.7,406.01,406.01,241.2,124.28,6.767,3.18,False,S/S2,S,every_2min,5,1190.0
imu_integrate,imu_aligned,60.0,326.7,580.32,580.32,312.99,177.64,9.672,6.455,False,S/S2,S,every_2min,5,1190.0
truth,truth,60.0,396.2,0.5,1.36,0.83,0.12,0.008,,True,S/S2,S,every_2min,6,1460.0
truth,veh_yawrate,60.0,396.2,195.25,195.25,100.52,49.29,3.254,,False,S/S2,S,every_2min,6,1460.0
hold,truth,60.0,396.2,38.15,55.2,37.8,9.63,0.636,2.231,True,S/S2,S,every_2min,6,1460.0
obd,veh_yawrate,60.0,396.2,196.7,196.7,101.35,49.65,3.278,0.077,False,S/S2,S,every_2min,6,1460.0
wheel_speed,veh_yawrate,60.0,396.2,195.73,195.73,100.83,49.41,3.262,0.051,False,S/S2,S,every_2min,6,1460.0
obd,gps_hold,60.0,396.2,440.68,440.68,193.35,111.24,7.345,0.077,False,S/S2,S,every_2min,6,1460.0
hold,imu_aligned,60.0,396.2,567.76,567.76,262.19,143.32,9.463,2.231,False,S/S2,S,every_2min,6,1460.0
imu_integrate,imu_aligned,60.0,396.2,519.54,519.54,237.72,131.15,8.659,1.651,False,S/S2,S,every_2min,6,1460.0
truth,truth,60.0,380.8,0.95,1.49,0.82,0.25,0.016,,True,S/S2,S,every_2min,7,1640.0
truth,veh_yawrate,60.0,380.8,222.43,293.69,172.99,58.42,3.707,,False,S/S2,S,every_2min,7,1640.0
hold,truth,60.0,380.8,197.13,197.53,120.85,51.77,3.286,5.279,False,S/S2,S,every_2min,7,1640.0
obd,veh_yawrate,60.0,380.8,222.21,294.63,173.37,58.36,3.704,0.071,False,S/S2,S,every_2min,7,1640.0
wheel_speed,veh_yawrate,60.0,380.8,222.27,293.95,173.21,58.38,3.705,0.057,False,S/S2,S,every_2min,7,1640.0
obd,gps_hold,60.0,380.8,544.52,544.52,283.54,143.01,9.075,0.071,False,S/S2,S,every_2min,7,1640.0
hold,imu_aligned,60.0,380.8,300.39,300.39,169.07,78.89,5.006,5.279,False,S/S2,S,every_2min,7,1640.0
imu_integrate,imu_aligned,60.0,380.8,615.45,615.45,335.25,161.64,10.258,3.146,False,S/S2,S,every_2min,7,1640.0
truth,truth,60.0,424.6,0.57,1.25,0.85,0.14,0.01,,True,S/S2,S,every_2min,8,1820.0
truth,veh_yawrate,60.0,424.6,37.81,37.89,19.47,8.91,0.63,,True,S/S2,S,every_2min,8,1820.0
hold,truth,60.0,424.6,72.42,72.42,42.34,17.06,1.207,2.492,False,S/S2,S,every_2min,8,1820.0
obd,veh_yawrate,60.0,424.6,39.31,39.31,20.18,9.26,0.655,0.071,True,S/S2,S,every_2min,8,1820.0
wheel_speed,veh_yawrate,60.0,424.6,37.48,37.48,19.12,8.83,0.625,0.053,True,S/S2,S,every_2min,8,1820.0
obd,gps_hold,60.0,424.6,373.98,373.98,188.78,88.09,6.233,0.071,False,S/S2,S,every_2min,8,1820.0
hold,imu_aligned,60.0,424.6,458.04,458.04,222.65,107.89,7.634,2.492,False,S/S2,S,every_2min,8,1820.0
imu_integrate,imu_aligned,60.0,424.6,482.47,482.47,258.42,113.64,8.041,3.057,False,S/S2,S,every_2min,8,1820.0
truth,truth,60.0,145.7,1.64,1.91,1.33,1.13,0.027,,True,S/S2,S,every_2min,9,2000.0
truth,veh_yawrate,60.0,145.7,8.31,21.46,11.64,5.7,0.138,,True,S/S2,S,every_2min,9,2000.0
hold,truth,60.0,145.7,35.27,43.39,18.56,24.21,0.588,1.554,False,S/S2,S,every_2min,9,2000.0
obd,veh_yawrate,60.0,145.7,7.79,23.15,12.95,5.35,0.13,0.14,True,S/S2,S,every_2min,9,2000.0
wheel_speed,veh_yawrate,60.0,145.7,7.5,22.63,12.5,5.15,0.125,0.113,True,S/S2,S,every_2min,9,2000.0
obd,gps_hold,60.0,145.7,141.19,143.38,110.15,96.93,2.353,0.14,False,S/S2,S,every_2min,9,2000.0
hold,imu_aligned,60.0,145.7,209.3,209.3,133.38,143.68,3.488,1.554,False,S/S2,S,every_2min,9,2000.0
imu_integrate,imu_aligned,60.0,145.7,192.0,192.0,127.21,131.81,3.2,1.72,False,S/S2,S,every_2min,9,2000.0
truth,truth,60.0,362.6,0.92,1.0,0.75,0.25,0.015,,True,S/S2,S,every_2min,10,2180.0
truth,veh_yawrate,60.0,362.6,8.3,9.06,6.36,2.29,0.138,,True,S/S2,S,every_2min,10,2180.0
hold,truth,60.0,362.6,25.19,30.77,18.96,6.95,0.42,1.638,True,S/S2,S,every_2min,10,2180.0
obd,veh_yawrate,60.0,362.6,9.62,9.64,6.64,2.65,0.16,0.069,True,S/S2,S,every_2min,10,2180.0
wheel_speed,veh_yawrate,60.0,362.6,8.6,9.18,6.33,2.37,0.143,0.057,True,S/S2,S,every_2min,10,2180.0
obd,gps_hold,60.0,362.6,259.81,259.81,169.62,71.65,4.33,0.069,False,S/S2,S,every_2min,10,2180.0
hold,imu_aligned,60.0,362.6,233.11,233.11,147.08,64.29,3.885,1.638,False,S/S2,S,every_2min,10,2180.0
imu_integrate,imu_aligned,60.0,362.6,618.18,618.18,349.51,170.49,10.303,6.097,False,S/S2,S,every_2min,10,2180.0
truth,truth,60.0,827.4,2.34,2.34,1.12,0.28,0.039,,True,S/S2,S,every_2min,11,2360.0
truth,veh_yawrate,60.0,827.4,3.24,5.18,3.85,0.39,0.054,,True,S/S2,S,every_2min,11,2360.0
hold,truth,60.0,827.4,60.33,76.69,45.58,7.29,1.006,1.563,True,S/S2,S,every_2min,11,2360.0
obd,veh_yawrate,60.0,827.4,5.97,6.42,4.97,0.72,0.099,0.096,True,S/S2,S,every_2min,11,2360.0
wheel_speed,veh_yawrate,60.0,827.4,2.4,5.07,3.7,0.29,0.04,0.046,True,S/S2,S,every_2min,11,2360.0
obd,gps_hold,60.0,827.4,51.88,56.02,32.05,6.27,0.865,0.096,True,S/S2,S,every_2min,11,2360.0
hold,imu_aligned,60.0,827.4,76.58,91.63,54.63,9.26,1.276,1.563,True,S/S2,S,every_2min,11,2360.0
imu_integrate,imu_aligned,60.0,827.4,54.84,58.76,32.62,6.63,0.914,0.954,True,S/S2,S,every_2min,11,2360.0
truth,truth,60.0,642.7,2.24,2.24,1.21,0.35,0.037,,True,S/S2,S,every_2min,12,2540.0
truth,veh_yawrate,60.0,642.7,53.25,53.25,29.8,8.28,0.887,,True,S/S2,S,every_2min,12,2540.0
hold,truth,60.0,642.7,228.46,228.46,80.54,35.55,3.808,3.953,False,S/S2,S,every_2min,12,2540.0
obd,veh_yawrate,60.0,642.7,53.35,53.35,30.1,8.3,0.889,0.085,True,S/S2,S,every_2min,12,2540.0
wheel_speed,veh_yawrate,60.0,642.7,52.73,52.73,29.73,8.2,0.879,0.05,True,S/S2,S,every_2min,12,2540.0
obd,gps_hold,60.0,642.7,92.21,92.21,46.66,14.35,1.537,0.085,False,S/S2,S,every_2min,12,2540.0
hold,imu_aligned,60.0,642.7,270.46,270.46,98.44,42.08,4.508,3.953,False,S/S2,S,every_2min,12,2540.0
imu_integrate,imu_aligned,60.0,642.7,768.64,768.64,337.05,119.59,12.811,12.419,False,S/S2,S,every_2min,12,2540.0
truth,truth,60.0,632.9,5.63,5.63,2.59,0.89,0.094,,True,S/S2,S,every_2min,13,2750.0
truth,veh_yawrate,60.0,632.9,73.69,73.69,32.62,11.64,1.228,,False,S/S2,S,every_2min,13,2750.0
hold,truth,60.0,632.9,548.11,548.11,268.79,86.6,9.135,9.296,False,S/S2,S,every_2min,13,2750.0
obd,veh_yawrate,60.0,632.9,73.47,73.47,32.85,11.61,1.225,0.173,False,S/S2,S,every_2min,13,2750.0
wheel_speed,veh_yawrate,60.0,632.9,73.2,73.2,32.62,11.56,1.22,0.177,False,S/S2,S,every_2min,13,2750.0
obd,gps_hold,60.0,632.9,21.73,21.73,9.54,3.43,0.362,0.173,True,S/S2,S,every_2min,13,2750.0
hold,imu_aligned,60.0,632.9,546.26,546.26,267.51,86.3,9.104,9.296,False,S/S2,S,every_2min,13,2750.0
imu_integrate,imu_aligned,60.0,632.9,458.16,458.16,225.99,72.38,7.636,7.991,False,S/S2,S,every_2min,13,2750.0
truth,truth,60.0,535.0,1.48,1.48,0.9,0.28,0.025,,True,S/S2,S,every_2min,14,2990.0
truth,veh_yawrate,60.0,535.0,27.55,27.55,16.59,5.15,0.459,,True,S/S2,S,every_2min,14,2990.0
hold,truth,60.0,535.0,222.37,222.52,120.96,41.57,3.706,4.095,False,S/S2,S,every_2min,14,2990.0
obd,veh_yawrate,60.0,535.0,28.08,28.08,16.9,5.25,0.468,0.076,True,S/S2,S,every_2min,14,2990.0
wheel_speed,veh_yawrate,60.0,535.0,27.52,27.52,16.55,5.14,0.459,0.048,True,S/S2,S,every_2min,14,2990.0
obd,gps_hold,60.0,535.0,67.45,67.45,39.82,12.61,1.124,0.076,False,S/S2,S,every_2min,14,2990.0
hold,imu_aligned,60.0,535.0,237.95,237.95,130.41,44.48,3.966,4.095,False,S/S2,S,every_2min,14,2990.0
imu_integrate,imu_aligned,60.0,535.0,239.41,239.41,128.45,44.75,3.99,4.253,False,S/S2,S,every_2min,14,2990.0
truth,truth,60.0,734.2,1.03,1.43,0.87,0.14,0.017,,True,S/S2,S,every_2min,15,3170.0
truth,veh_yawrate,60.0,734.2,6.26,6.26,2.91,0.85,0.104,,True,S/S2,S,every_2min,15,3170.0
hold,truth,60.0,734.2,214.77,214.77,128.94,29.25,3.58,4.268,False,S/S2,S,every_2min,15,3170.0
obd,veh_yawrate,60.0,734.2,4.71,4.71,2.63,0.64,0.079,0.08,True,S/S2,S,every_2min,15,3170.0
wheel_speed,veh_yawrate,60.0,734.2,8.81,8.81,4.08,1.2,0.147,0.056,True,S/S2,S,every_2min,15,3170.0
obd,gps_hold,60.0,734.2,121.07,183.51,116.4,16.49,2.018,0.08,False,S/S2,S,every_2min,15,3170.0
hold,imu_aligned,60.0,734.2,354.76,354.76,224.06,48.32,5.913,4.268,False,S/S2,S,every_2min,15,3170.0
imu_integrate,imu_aligned,60.0,734.2,976.1,976.1,513.17,132.94,16.268,14.72,False,S/S2,S,every_2min,15,3170.0
truth,truth,60.0,358.0,1.75,2.15,1.33,0.49,0.029,,True,S/S2,S,every_2min,16,3470.0
truth,veh_yawrate,60.0,358.0,50.75,50.75,15.88,14.18,0.846,,False,S/S2,S,every_2min,16,3470.0
hold,truth,60.0,358.0,408.86,408.86,253.45,114.21,6.814,6.897,False,S/S2,S,every_2min,16,3470.0
obd,veh_yawrate,60.0,358.0,51.32,51.32,16.1,14.34,0.855,0.066,False,S/S2,S,every_2min,16,3470.0
wheel_speed,veh_yawrate,60.0,358.0,50.79,50.79,15.93,14.19,0.847,0.056,False,S/S2,S,every_2min,16,3470.0
obd,gps_hold,60.0,358.0,139.89,139.89,45.04,39.08,2.332,0.066,False,S/S2,S,every_2min,16,3470.0
hold,imu_aligned,60.0,358.0,475.19,475.19,265.87,132.74,7.92,6.897,False,S/S2,S,every_2min,16,3470.0
imu_integrate,imu_aligned,60.0,358.0,623.86,623.86,367.76,174.27,10.398,9.383,False,S/S2,S,every_2min,16,3470.0
truth,truth,60.0,288.4,3.77,3.82,2.56,1.31,0.063,,True,S/S2,S,every_2min,17,3650.0
truth,veh_yawrate,60.0,288.4,3.73,3.73,2.0,1.29,0.062,,True,S/S2,S,every_2min,17,3650.0
hold,truth,60.0,288.4,398.95,398.95,194.12,138.32,6.649,6.828,False,S/S2,S,every_2min,17,3650.0
obd,veh_yawrate,60.0,288.4,3.58,3.58,1.8,1.24,0.06,0.088,True,S/S2,S,every_2min,17,3650.0
wheel_speed,veh_yawrate,60.0,288.4,3.35,3.35,2.34,1.16,0.056,0.116,True,S/S2,S,every_2min,17,3650.0
obd,gps_hold,60.0,288.4,61.93,61.93,40.38,21.47,1.032,0.088,False,S/S2,S,every_2min,17,3650.0
hold,imu_aligned,60.0,288.4,416.37,416.37,205.87,144.36,6.939,6.828,False,S/S2,S,every_2min,17,3650.0
imu_integrate,imu_aligned,60.0,288.4,254.78,254.78,120.36,88.33,4.246,4.619,False,S/S2,S,every_2min,17,3650.0
truth,truth,60.0,432.5,4.91,4.91,2.83,1.14,0.082,,True,S/S2,S,every_2min,18,3830.0
truth,veh_yawrate,60.0,432.5,71.31,71.31,33.31,16.49,1.188,,False,S/S2,S,every_2min,18,3830.0
hold,truth,60.0,432.5,74.44,89.21,57.56,17.21,1.241,2.63,False,S/S2,S,every_2min,18,3830.0
obd,veh_yawrate,60.0,432.5,75.32,75.32,36.07,17.41,1.255,0.1,False,S/S2,S,every_2min,18,3830.0
wheel_speed,veh_yawrate,60.0,432.5,72.34,72.34,34.28,16.73,1.206,0.094,False,S/S2,S,every_2min,18,3830.0
obd,gps_hold,60.0,432.5,134.85,134.85,62.35,31.18,2.248,0.1,False,S/S2,S,every_2min,18,3830.0
hold,imu_aligned,60.0,432.5,207.07,207.07,124.32,47.87,3.451,2.63,False,S/S2,S,every_2min,18,3830.0
imu_integrate,imu_aligned,60.0,432.5,179.5,179.5,86.49,41.5,2.992,2.541,False,S/S2,S,every_2min,18,3830.0
truth,truth,60.0,381.3,0.39,1.95,0.9,0.1,0.007,,True,S/S2,S,every_2min,19,4100.0
truth,veh_yawrate,60.0,381.3,74.56,74.56,39.75,19.56,1.243,,False,S/S2,S,every_2min,19,4100.0
hold,truth,60.0,381.3,109.38,122.18,84.55,28.69,1.823,2.684,False,S/S2,S,every_2min,19,4100.0
obd,veh_yawrate,60.0,381.3,75.36,75.36,40.14,19.77,1.256,0.093,False,S/S2,S,every_2min,19,4100.0
wheel_speed,veh_yawrate,60.0,381.3,75.77,75.77,40.36,19.87,1.263,0.087,False,S/S2,S,every_2min,19,4100.0
obd,gps_hold,60.0,381.3,518.26,518.26,249.69,135.94,8.638,0.093,False,S/S2,S,every_2min,19,4100.0
hold,imu_aligned,60.0,381.3,619.22,619.22,323.75,162.42,10.32,2.684,False,S/S2,S,every_2min,19,4100.0
imu_integrate,imu_aligned,60.0,381.3,744.23,744.62,422.17,195.2,12.404,6.004,False,S/S2,S,every_2min,19,4100.0
truth,truth,60.0,494.5,0.68,0.78,0.49,0.14,0.011,,True,S/S2,S,every_2min,20,4310.0
truth,veh_yawrate,60.0,494.5,28.13,28.13,11.92,5.69,0.469,,True,S/S2,S,every_2min,20,4310.0
hold,truth,60.0,494.5,406.5,406.5,227.02,82.2,6.775,7.124,False,S/S2,S,every_2min,20,4310.0
obd,veh_yawrate,60.0,494.5,29.93,29.93,13.3,6.05,0.499,0.086,True,S/S2,S,every_2min,20,4310.0
wheel_speed,veh_yawrate,60.0,494.5,28.16,28.16,12.0,5.69,0.469,0.058,True,S/S2,S,every_2min,20,4310.0
obd,gps_hold,60.0,494.5,28.87,46.35,32.6,5.84,0.481,0.086,True,S/S2,S,every_2min,20,4310.0
hold,imu_aligned,60.0,494.5,403.6,403.6,225.13,81.61,6.727,7.124,False,S/S2,S,every_2min,20,4310.0
imu_integrate,imu_aligned,60.0,494.5,33.15,40.69,28.48,6.7,0.553,1.868,True,S/S2,S,every_2min,20,4310.0
truth,truth,60.0,661.6,1.79,1.96,1.17,0.27,0.03,,True,S/S2,S,every_2min,21,4490.0
truth,veh_yawrate,60.0,661.6,338.64,338.64,106.01,51.18,5.644,,False,S/S2,S,every_2min,21,4490.0
hold,truth,60.0,661.6,139.02,141.49,101.7,21.01,2.317,2.666,False,S/S2,S,every_2min,21,4490.0
obd,veh_yawrate,60.0,661.6,338.26,338.26,105.43,51.12,5.638,0.096,False,S/S2,S,every_2min,21,4490.0
wheel_speed,veh_yawrate,60.0,661.6,339.8,339.8,106.53,51.36,5.663,0.068,False,S/S2,S,every_2min,21,4490.0
obd,gps_hold,60.0,661.6,234.49,234.49,64.0,35.44,3.908,0.096,False,S/S2,S,every_2min,21,4490.0
hold,imu_aligned,60.0,661.6,330.45,330.45,141.61,49.94,5.507,2.666,False,S/S2,S,every_2min,21,4490.0
imu_integrate,imu_aligned,60.0,661.6,389.82,389.82,166.31,58.92,6.497,4.02,False,S/S2,S,every_2min,21,4490.0
truth,truth,60.0,318.2,0.66,0.67,0.42,0.21,0.011,,True,S/S2,S,every_2min,22,4670.0
truth,veh_yawrate,60.0,318.2,15.98,15.98,8.73,5.02,0.266,,True,S/S2,S,every_2min,22,4670.0
hold,truth,60.0,318.2,19.58,68.51,43.12,6.15,0.326,4.57,True,S/S2,S,every_2min,22,4670.0
obd,veh_yawrate,60.0,318.2,15.68,15.68,8.62,4.93,0.261,0.043,True,S/S2,S,every_2min,22,4670.0
wheel_speed,veh_yawrate,60.0,318.2,15.7,15.7,8.61,4.93,0.262,0.036,True,S/S2,S,every_2min,22,4670.0
obd,gps_hold,60.0,318.2,3.89,4.71,2.55,1.22,0.065,0.043,True,S/S2,S,every_2min,22,4670.0
hold,imu_aligned,60.0,318.2,9.81,68.55,42.65,3.08,0.163,4.57,True,S/S2,S,every_2min,22,4670.0
imu_integrate,imu_aligned,60.0,318.2,266.31,266.31,117.08,83.7,4.439,5.756,False,S/S2,S,every_2min,22,4670.0
truth,truth,60.0,296.3,0.68,1.16,0.8,0.23,0.011,,True,S/S2,S,every_2min,23,4880.0
truth,veh_yawrate,60.0,296.3,109.23,147.81,104.94,36.86,1.82,,False,S/S2,S,every_2min,23,4880.0
hold,truth,60.0,296.3,36.16,77.53,44.3,12.2,0.603,3.68,False,S/S2,S,every_2min,23,4880.0
obd,veh_yawrate,60.0,296.3,110.49,148.55,105.53,37.29,1.841,0.073,False,S/S2,S,every_2min,23,4880.0
wheel_speed,veh_yawrate,60.0,296.3,109.03,147.81,104.91,36.8,1.817,0.052,False,S/S2,S,every_2min,23,4880.0
obd,gps_hold,60.0,296.3,279.52,279.52,202.12,94.34,4.659,0.073,False,S/S2,S,every_2min,23,4880.0
hold,imu_aligned,60.0,296.3,479.73,479.73,286.04,161.9,7.995,3.68,False,S/S2,S,every_2min,23,4880.0
imu_integrate,imu_aligned,60.0,296.3,680.25,680.25,375.37,229.58,11.338,7.355,False,S/S2,S,every_2min,23,4880.0
truth,truth,60.0,715.7,0.95,1.1,0.7,0.13,0.016,,True,S/S2,S,every_2min,24,5060.0
truth,veh_yawrate,60.0,715.7,36.38,36.38,13.01,5.08,0.606,,True,S/S2,S,every_2min,24,5060.0
hold,truth,60.0,715.7,341.35,341.35,115.25,47.69,5.689,7.707,False,S/S2,S,every_2min,24,5060.0
obd,veh_yawrate,60.0,715.7,36.96,36.96,13.35,5.16,0.616,0.076,True,S/S2,S,every_2min,24,5060.0
wheel_speed,veh_yawrate,60.0,715.7,36.61,36.61,13.11,5.12,0.61,0.048,True,S/S2,S,every_2min,24,5060.0
obd,gps_hold,60.0,715.7,372.98,372.98,151.1,52.11,6.216,0.076,False,S/S2,S,every_2min,24,5060.0
hold,imu_aligned,60.0,715.7,412.54,412.54,154.58,57.64,6.876,7.707,False,S/S2,S,every_2min,24,5060.0
imu_integrate,imu_aligned,60.0,715.7,579.02,579.02,292.25,80.9,9.65,5.713,False,S/S2,S,every_2min,24,5060.0
truth,truth,60.0,635.3,0.81,1.09,0.64,0.13,0.013,,True,S/S2,S,every_2min,25,5240.0
truth,veh_yawrate,60.0,635.3,420.4,496.33,286.2,66.17,7.007,,False,S/S2,S,every_2min,25,5240.0
hold,truth,60.0,635.3,123.88,172.67,95.68,19.5,2.065,4.439,False,S/S2,S,every_2min,25,5240.0
obd,veh_yawrate,60.0,635.3,420.6,497.26,286.71,66.21,7.01,0.092,False,S/S2,S,every_2min,25,5240.0
wheel_speed,veh_yawrate,60.0,635.3,419.66,495.87,285.99,66.06,6.994,0.07,False,S/S2,S,every_2min,25,5240.0
obd,gps_hold,60.0,635.3,264.29,264.29,153.92,41.6,4.405,0.092,False,S/S2,S,every_2min,25,5240.0
hold,imu_aligned,60.0,635.3,468.33,468.33,225.43,73.72,7.806,4.439,False,S/S2,S,every_2min,25,5240.0
imu_integrate,imu_aligned,60.0,635.3,708.51,708.51,282.87,111.53,11.808,9.914,False,S/S2,S,every_2min,25,5240.0
truth,truth,60.0,1350.2,0.54,1.16,0.78,0.04,0.009,,True,S/S2,S,every_2min,26,5420.0
truth,veh_yawrate,60.0,1350.2,63.58,63.58,27.75,4.71,1.06,,True,S/S2,S,every_2min,26,5420.0
hold,truth,60.0,1350.2,3.62,119.31,67.92,0.27,0.06,4.203,True,S/S2,S,every_2min,26,5420.0
obd,veh_yawrate,60.0,1350.2,63.63,63.63,27.78,4.71,1.061,0.096,True,S/S2,S,every_2min,26,5420.0
wheel_speed,veh_yawrate,60.0,1350.2,63.44,63.44,27.74,4.7,1.057,0.089,True,S/S2,S,every_2min,26,5420.0
obd,gps_hold,60.0,1350.2,146.05,161.94,90.63,10.82,2.434,0.096,False,S/S2,S,every_2min,26,5420.0
hold,imu_aligned,60.0,1350.2,145.88,162.78,115.33,10.8,2.431,4.203,False,S/S2,S,every_2min,26,5420.0
imu_integrate,imu_aligned,60.0,1350.2,186.12,186.12,108.98,13.78,3.102,5.333,False,S/S2,S,every_2min,26,5420.0
truth,truth,60.0,361.9,1.08,1.85,1.33,0.3,0.018,,True,S/S2,S,every_2min,27,5600.0
truth,veh_yawrate,60.0,361.9,490.14,490.7,341.99,135.43,8.169,,False,S/S2,S,every_2min,27,5600.0
hold,truth,60.0,361.9,143.09,143.09,96.17,39.54,2.385,3.127,False,S/S2,S,every_2min,27,5600.0
obd,veh_yawrate,60.0,361.9,491.12,491.76,342.87,135.7,8.185,0.063,False,S/S2,S,every_2min,27,5600.0
wheel_speed,veh_yawrate,60.0,361.9,489.78,490.48,342.04,135.33,8.163,0.06,False,S/S2,S,every_2min,27,5600.0
obd,gps_hold,60.0,361.9,330.39,334.54,233.22,91.29,5.506,0.063,False,S/S2,S,every_2min,27,5600.0
hold,imu_aligned,60.0,361.9,284.52,287.55,198.71,78.62,4.742,3.127,False,S/S2,S,every_2min,27,5600.0
imu_integrate,imu_aligned,60.0,361.9,794.46,794.46,398.24,219.52,13.241,9.416,False,S/S2,S,every_2min,27,5600.0
truth,truth,60.0,356.9,1.33,1.85,1.1,0.37,0.022,,True,S/S2,S,every_2min,28,5780.0
truth,veh_yawrate,60.0,356.9,161.07,172.02,85.68,45.13,2.685,,False,S/S2,S,every_2min,28,5780.0
hold,truth,60.0,356.9,74.73,94.58,60.31,20.94,1.246,2.635,False,S/S2,S,every_2min,28,5780.0
obd,veh_yawrate,60.0,356.9,162.23,173.48,86.2,45.46,2.704,0.127,False,S/S2,S,every_2min,28,5780.0
wheel_speed,veh_yawrate,60.0,356.9,161.66,172.91,85.97,45.29,2.694,0.104,False,S/S2,S,every_2min,28,5780.0
obd,gps_hold,60.0,356.9,475.15,475.15,308.39,133.13,7.919,0.127,False,S/S2,S,every_2min,28,5780.0
hold,imu_aligned,60.0,356.9,342.78,350.07,231.11,96.04,5.713,2.635,False,S/S2,S,every_2min,28,5780.0
imu_integrate,imu_aligned,60.0,356.9,330.21,330.21,197.08,92.52,5.504,3.68,False,S/S2,S,every_2min,28,5780.0
truth,truth,60.0,1088.5,1.72,1.72,1.04,0.16,0.029,,True,S/S2,S,every_2min,29,6020.0
truth,veh_yawrate,60.0,1088.5,37.5,37.5,15.31,3.45,0.625,,True,S/S2,S,every_2min,29,6020.0
hold,truth,60.0,1088.5,80.83,80.83,29.68,7.43,1.347,2.833,True,S/S2,S,every_2min,29,6020.0
obd,veh_yawrate,60.0,1088.5,37.82,37.82,15.69,3.47,0.63,0.105,True,S/S2,S,every_2min,29,6020.0
wheel_speed,veh_yawrate,60.0,1088.5,38.72,38.72,15.89,3.56,0.645,0.092,True,S/S2,S,every_2min,29,6020.0
obd,gps_hold,60.0,1088.5,256.95,256.95,107.96,23.61,4.283,0.105,False,S/S2,S,every_2min,29,6020.0
hold,imu_aligned,60.0,1088.5,223.12,223.12,96.88,20.5,3.719,2.833,False,S/S2,S,every_2min,29,6020.0
imu_integrate,imu_aligned,60.0,1088.5,265.56,265.56,104.23,24.4,4.426,6.922,False,S/S2,S,every_2min,29,6020.0
truth,truth,60.0,397.0,0.64,0.73,0.37,0.16,0.011,,True,S/S2,S,every_2min,30,6230.0
truth,veh_yawrate,60.0,397.0,176.89,176.89,80.35,44.56,2.948,,False,S/S2,S,every_2min,30,6230.0
hold,truth,60.0,397.0,58.78,58.78,23.64,14.81,0.98,1.559,False,S/S2,S,every_2min,30,6230.0
obd,veh_yawrate,60.0,397.0,177.34,177.34,80.62,44.67,2.956,0.076,False,S/S2,S,every_2min,30,6230.0
wheel_speed,veh_yawrate,60.0,397.0,176.93,176.93,80.43,44.57,2.949,0.07,False,S/S2,S,every_2min,30,6230.0
obd,gps_hold,60.0,397.0,106.27,106.27,47.94,26.77,1.771,0.076,False,S/S2,S,every_2min,30,6230.0
hold,imu_aligned,60.0,397.0,109.11,109.11,48.77,27.48,1.819,1.559,False,S/S2,S,every_2min,30,6230.0
imu_integrate,imu_aligned,60.0,397.0,142.68,142.68,65.86,35.94,2.378,2.244,False,S/S2,S,every_2min,30,6230.0
truth,truth,60.0,473.3,1.38,1.42,0.62,0.29,0.023,,True,S/S2,S,every_2min,31,6410.0
truth,veh_yawrate,60.0,473.3,13.57,14.12,7.52,2.87,0.226,,True,S/S2,S,every_2min,31,6410.0
hold,truth,60.0,473.3,177.72,193.26,128.77,37.55,2.962,4.233,False,S/S2,S,every_2min,31,6410.0
obd,veh_yawrate,60.0,473.3,14.01,14.67,7.8,2.96,0.234,0.065,True,S/S2,S,every_2min,31,6410.0
wheel_speed,veh_yawrate,60.0,473.3,12.61,14.11,7.48,2.66,0.21,0.051,True,S/S2,S,every_2min,31,6410.0
obd,gps_hold,60.0,473.3,154.42,154.42,74.39,32.63,2.574,0.065,False,S/S2,S,every_2min,31,6410.0
hold,imu_aligned,60.0,473.3,405.85,405.85,198.28,85.76,6.764,4.233,False,S/S2,S,every_2min,31,6410.0
imu_integrate,imu_aligned,60.0,473.3,645.65,645.65,331.74,136.42,10.761,8.222,False,S/S2,S,every_2min,31,6410.0
truth,truth,60.0,352.1,0.73,0.77,0.43,0.21,0.012,,True,S/S2,S,every_2min,32,6590.0
truth,veh_yawrate,60.0,352.1,26.46,26.46,12.62,7.52,0.441,,True,S/S2,S,every_2min,32,6590.0
hold,truth,60.0,352.1,20.78,40.64,26.0,5.9,0.346,2.096,True,S/S2,S,every_2min,32,6590.0
obd,veh_yawrate,60.0,352.1,28.54,28.54,14.05,8.11,0.476,0.102,True,S/S2,S,every_2min,32,6590.0
wheel_speed,veh_yawrate,60.0,352.1,26.61,26.61,12.75,7.56,0.444,0.084,True,S/S2,S,every_2min,32,6590.0
obd,gps_hold,60.0,352.1,234.2,234.2,103.24,66.52,3.903,0.102,False,S/S2,S,every_2min,32,6590.0
hold,imu_aligned,60.0,352.1,325.55,325.55,146.06,92.47,5.426,2.096,False,S/S2,S,every_2min,32,6590.0
imu_integrate,imu_aligned,60.0,352.1,94.79,94.79,39.83,26.92,1.58,3.494,False,S/S2,S,every_2min,32,6590.0
truth,truth,60.0,490.6,0.5,0.88,0.62,0.1,0.008,,True,S/S2,S,every_2min,33,6770.0
truth,veh_yawrate,60.0,490.6,46.02,46.02,22.81,9.38,0.767,,True,S/S2,S,every_2min,33,6770.0
hold,truth,60.0,490.6,77.27,77.27,46.74,15.75,1.288,1.642,False,S/S2,S,every_2min,33,6770.0
obd,veh_yawrate,60.0,490.6,45.24,45.24,22.09,9.22,0.754,0.07,True,S/S2,S,every_2min,33,6770.0
wheel_speed,veh_yawrate,60.0,490.6,45.97,45.97,22.65,9.37,0.766,0.059,True,S/S2,S,every_2min,33,6770.0
obd,gps_hold,60.0,490.6,527.44,527.44,231.75,107.51,8.791,0.07,False,S/S2,S,every_2min,33,6770.0
hold,imu_aligned,60.0,490.6,507.84,507.84,231.07,103.51,8.464,1.642,False,S/S2,S,every_2min,33,6770.0
imu_integrate,imu_aligned,60.0,490.6,556.67,556.67,287.11,113.47,9.278,3.518,False,S/S2,S,every_2min,33,6770.0
truth,truth,60.0,908.8,0.87,1.16,0.7,0.1,0.015,,True,S/S2,S,every_2min,34,6950.0
truth,veh_yawrate,60.0,908.8,12.17,12.17,7.53,1.34,0.203,,True,S/S2,S,every_2min,34,6950.0
hold,truth,60.0,908.8,13.17,20.52,15.26,1.45,0.219,0.568,True,S/S2,S,every_2min,34,6950.0
obd,veh_yawrate,60.0,908.8,13.18,13.18,7.99,1.45,0.22,0.07,True,S/S2,S,every_2min,34,6950.0
wheel_speed,veh_yawrate,60.0,908.8,12.2,12.2,7.57,1.34,0.203,0.054,True,S/S2,S,every_2min,34,6950.0
obd,gps_hold,60.0,908.8,195.24,195.24,97.38,21.48,3.254,0.07,False,S/S2,S,every_2min,34,6950.0
hold,imu_aligned,60.0,908.8,197.44,197.44,100.28,21.73,3.291,0.568,False,S/S2,S,every_2min,34,6950.0
imu_integrate,imu_aligned,60.0,908.8,200.22,200.22,104.23,22.03,3.337,1.681,False,S/S2,S,every_2min,34,6950.0
truth,truth,60.0,625.3,1.66,1.93,1.44,0.27,0.028,,True,S/S2,S,every_2min,35,7130.0
truth,veh_yawrate,60.0,625.3,2.51,4.1,2.56,0.4,0.042,,True,S/S2,S,every_2min,35,7130.0
hold,truth,60.0,625.3,229.42,229.42,122.34,36.69,3.824,4.406,False,S/S2,S,every_2min,35,7130.0
obd,veh_yawrate,60.0,625.3,5.0,5.0,3.4,0.8,0.083,0.064,True,S/S2,S,every_2min,35,7130.0
wheel_speed,veh_yawrate,60.0,625.3,2.78,3.24,2.05,0.45,0.046,0.055,True,S/S2,S,every_2min,35,7130.0
obd,gps_hold,60.0,625.3,522.73,522.73,278.68,83.59,8.712,0.064,False,S/S2,S,every_2min,35,7130.0
hold,imu_aligned,60.0,625.3,721.17,721.17,391.3,115.32,12.02,4.406,False,S/S2,S,every_2min,35,7130.0
imu_integrate,imu_aligned,60.0,625.3,935.85,935.85,507.29,149.65,15.597,8.494,False,S/S2,S,every_2min,35,7130.0
truth,truth,60.0,545.5,0.31,1.3,0.95,0.06,0.005,,True,S/S2,S,every_2min,36,7490.0
truth,veh_yawrate,60.0,545.5,840.92,840.92,461.4,154.15,14.015,,False,S/S2,S,every_2min,36,7490.0
hold,truth,60.0,545.5,45.67,70.62,51.21,8.37,0.761,2.839,True,S/S2,S,every_2min,36,7490.0
obd,veh_yawrate,60.0,545.5,841.87,841.87,462.43,154.33,14.031,0.078,False,S/S2,S,every_2min,36,7490.0
wheel_speed,veh_yawrate,60.0,545.5,839.62,839.62,461.41,153.92,13.994,0.066,False,S/S2,S,every_2min,36,7490.0
obd,gps_hold,60.0,545.5,728.33,728.33,390.28,133.52,12.139,0.078,False,S/S2,S,every_2min,36,7490.0
hold,imu_aligned,60.0,545.5,764.57,764.57,408.1,140.16,12.743,2.839,False,S/S2,S,every_2min,36,7490.0
imu_integrate,imu_aligned,60.0,545.5,542.95,542.95,293.95,99.53,9.049,6.766,False,S/S2,S,every_2min,36,7490.0
truth,truth,60.0,654.8,2.35,2.37,1.36,0.36,0.039,,True,S/S2,S,every_2min,37,7670.0
truth,veh_yawrate,60.0,654.8,54.95,54.95,23.04,8.39,0.916,,True,S/S2,S,every_2min,37,7670.0
hold,truth,60.0,654.8,353.11,353.11,142.55,53.92,5.885,6.664,False,S/S2,S,every_2min,37,7670.0
obd,veh_yawrate,60.0,654.8,54.57,54.57,22.78,8.33,0.91,0.078,True,S/S2,S,every_2min,37,7670.0
wheel_speed,veh_yawrate,60.0,654.8,55.09,55.09,23.16,8.41,0.918,0.059,True,S/S2,S,every_2min,37,7670.0
obd,gps_hold,60.0,654.8,1116.91,1116.91,487.25,170.56,18.615,0.078,False,S/S2,S,every_2min,37,7670.0
hold,imu_aligned,60.0,654.8,788.69,788.69,366.05,120.44,13.145,6.664,False,S/S2,S,every_2min,37,7670.0
imu_integrate,imu_aligned,60.0,654.8,708.41,708.41,309.76,108.18,11.807,7.5,False,S/S2,S,every_2min,37,7670.0
truth,truth,60.0,306.9,0.98,0.98,0.55,0.32,0.016,,True,S/S2,S,every_2min,38,7850.0
truth,veh_yawrate,60.0,306.9,17.45,17.45,10.38,5.68,0.291,,True,S/S2,S,every_2min,38,7850.0
hold,truth,60.0,306.9,22.72,22.72,11.56,7.4,0.379,1.268,True,S/S2,S,every_2min,38,7850.0
obd,veh_yawrate,60.0,306.9,21.64,21.64,12.59,7.05,0.361,0.106,True,S/S2,S,every_2min,38,7850.0
wheel_speed,veh_yawrate,60.0,306.9,19.4,19.4,11.34,6.32,0.323,0.09,True,S/S2,S,every_2min,38,7850.0
obd,gps_hold,60.0,306.9,105.78,106.27,79.79,34.46,1.763,0.106,False,S/S2,S,every_2min,38,7850.0
hold,imu_aligned,60.0,306.9,98.74,111.59,82.04,32.17,1.646,1.268,False,S/S2,S,every_2min,38,7850.0
imu_integrate,imu_aligned,60.0,306.9,431.74,431.74,242.82,140.67,7.196,5.971,False,S/S2,S,every_2min,38,7850.0
truth,truth,60.0,466.0,1.39,1.39,0.91,0.3,0.023,,True,S/S2,S,every_2min,39,8030.0
truth,veh_yawrate,60.0,466.0,311.48,311.48,218.72,66.84,5.191,,False,S/S2,S,every_2min,39,8030.0
hold,truth,60.0,466.0,257.79,257.81,110.43,55.32,4.297,5.054,False,S/S2,S,every_2min,39,8030.0
obd,veh_yawrate,60.0,466.0,312.24,312.24,219.23,67.0,5.204,0.053,False,S/S2,S,every_2min,39,8030.0
wheel_speed,veh_yawrate,60.0,466.0,310.95,310.95,218.35,66.72,5.183,0.038,False,S/S2,S,every_2min,39,8030.0
obd,gps_hold,60.0,466.0,480.76,480.76,339.51,103.16,8.013,0.053,False,S/S2,S,every_2min,39,8030.0
hold,imu_aligned,60.0,466.0,678.54,678.54,396.65,145.6,11.309,5.054,False,S/S2,S,every_2min,39,8030.0
imu_integrate,imu_aligned,60.0,466.0,563.52,563.52,338.07,120.92,9.392,5.258,False,S/S2,S,every_2min,39,8030.0
truth,truth,60.0,483.1,0.84,1.57,1.14,0.17,0.014,,True,S/S2,S,every_2min,40,8210.0
truth,veh_yawrate,60.0,483.1,497.19,497.19,241.02,102.93,8.286,,False,S/S2,S,every_2min,40,8210.0
hold,truth,60.0,483.1,46.77,54.49,26.55,9.68,0.78,2.273,True,S/S2,S,every_2min,40,8210.0
obd,veh_yawrate,60.0,483.1,499.88,499.88,242.41,103.48,8.331,0.076,False,S/S2,S,every_2min,40,8210.0
wheel_speed,veh_yawrate,60.0,483.1,496.93,496.93,240.86,102.87,8.282,0.061,False,S/S2,S,every_2min,40,8210.0
obd,gps_hold,60.0,483.1,618.33,618.33,304.2,128.0,10.306,0.076,False,S/S2,S,every_2min,40,8210.0
hold,imu_aligned,60.0,483.1,541.83,541.83,259.62,112.17,9.03,2.273,False,S/S2,S,every_2min,40,8210.0
imu_integrate,imu_aligned,60.0,483.1,898.01,898.01,463.19,185.9,14.967,5.057,False,S/S2,S,every_2min,40,8210.0
truth,truth,60.0,513.7,1.62,1.62,1.25,0.32,0.027,,True,S/S2,S,every_2min,41,8390.0
truth,veh_yawrate,60.0,513.7,114.76,114.76,66.85,22.34,1.913,,False,S/S2,S,every_2min,41,8390.0
hold,truth,60.0,513.7,137.37,137.37,68.25,26.74,2.29,3.546,False,S/S2,S,every_2min,41,8390.0
obd,veh_yawrate,60.0,513.7,116.25,116.25,67.63,22.63,1.937,0.054,False,S/S2,S,every_2min,41,8390.0
wheel_speed,veh_yawrate,60.0,513.7,115.1,115.1,66.86,22.41,1.918,0.049,False,S/S2,S,every_2min,41,8390.0
obd,gps_hold,60.0,513.7,706.75,706.75,394.99,137.58,11.779,0.054,False,S/S2,S,every_2min,41,8390.0
hold,imu_aligned,60.0,513.7,548.65,548.65,310.67,106.8,9.144,3.546,False,S/S2,S,every_2min,41,8390.0
imu_integrate,imu_aligned,60.0,513.7,699.9,699.9,361.66,136.25,11.665,3.865,False,S/S2,S,every_2min,41,8390.0
truth,truth,60.0,630.6,0.78,0.82,0.53,0.12,0.013,,True,S/S2,S,every_2min,42,8570.0
truth,veh_yawrate,60.0,630.6,13.28,13.28,6.78,2.11,0.221,,True,S/S2,S,every_2min,42,8570.0
hold,truth,60.0,630.6,165.44,165.44,100.96,26.24,2.757,3.023,False,S/S2,S,every_2min,42,8570.0
obd,veh_yawrate,60.0,630.6,14.3,14.3,7.44,2.27,0.238,0.07,True,S/S2,S,every_2min,42,8570.0
wheel_speed,veh_yawrate,60.0,630.6,13.11,13.11,6.62,2.08,0.218,0.056,True,S/S2,S,every_2min,42,8570.0
obd,gps_hold,60.0,630.6,383.3,383.3,192.68,60.79,6.388,0.07,False,S/S2,S,every_2min,42,8570.0
hold,imu_aligned,60.0,630.6,487.14,487.14,260.89,77.25,8.119,3.023,False,S/S2,S,every_2min,42,8570.0
imu_integrate,imu_aligned,60.0,630.6,345.39,345.39,172.99,54.77,5.757,3.356,False,S/S2,S,every_2min,42,8570.0
truth,truth,60.0,420.0,1.13,1.13,0.71,0.27,0.019,,True,S/S2,S,every_2min,43,8750.0
truth,veh_yawrate,60.0,420.0,3.93,9.71,5.58,0.94,0.066,,True,S/S2,S,every_2min,43,8750.0
hold,truth,60.0,420.0,17.42,63.41,27.73,4.15,0.29,3.018,True,S/S2,S,every_2min,43,8750.0
obd,veh_yawrate,60.0,420.0,5.34,10.27,6.19,1.27,0.089,0.068,True,S/S2,S,every_2min,43,8750.0
wheel_speed,veh_yawrate,60.0,420.0,5.47,10.27,6.26,1.3,0.091,0.051,True,S/S2,S,every_2min,43,8750.0
obd,gps_hold,60.0,420.0,382.57,382.57,140.35,91.09,6.376,0.068,False,S/S2,S,every_2min,43,8750.0
hold,imu_aligned,60.0,420.0,559.1,559.1,239.09,133.12,9.318,3.018,False,S/S2,S,every_2min,43,8750.0
imu_integrate,imu_aligned,60.0,420.0,1081.09,1081.09,508.42,257.41,18.018,11.724,False,S/S2,S,every_2min,43,8750.0
truth,truth,60.0,930.3,1.45,1.45,0.64,0.16,0.024,,True,S/S2,S,every_2min,44,8930.0
truth,veh_yawrate,60.0,930.3,15.37,15.37,7.47,1.65,0.256,,True,S/S2,S,every_2min,44,8930.0
hold,truth,60.0,930.3,116.83,116.83,53.08,12.56,1.947,2.78,False,S/S2,S,every_2min,44,8930.0
obd,veh_yawrate,60.0,930.3,15.81,15.81,7.59,1.7,0.263,0.066,True,S/S2,S,every_2min,44,8930.0
wheel_speed,veh_yawrate,60.0,930.3,13.07,13.07,7.08,1.41,0.218,0.059,True,S/S2,S,every_2min,44,8930.0
obd,gps_hold,60.0,930.3,338.48,338.48,112.94,36.38,5.641,0.066,False,S/S2,S,every_2min,44,8930.0
hold,imu_aligned,60.0,930.3,448.77,448.77,151.64,48.24,7.48,2.78,False,S/S2,S,every_2min,44,8930.0
imu_integrate,imu_aligned,60.0,930.3,353.9,353.9,118.45,38.04,5.898,1.203,False,S/S2,S,every_2min,44,8930.0
truth,truth,60.0,1112.6,1.09,1.09,0.59,0.1,0.018,,True,S/S2,S,every_2min,45,9110.0
truth,veh_yawrate,60.0,1112.6,29.66,29.66,14.74,2.67,0.494,,True,S/S2,S,every_2min,45,9110.0
hold,truth,60.0,1112.6,328.89,328.89,148.58,29.56,5.482,5.625,False,S/S2,S,every_2min,45,9110.0
obd,veh_yawrate,60.0,1112.6,29.69,29.69,14.76,2.67,0.495,0.057,True,S/S2,S,every_2min,45,9110.0
wheel_speed,veh_yawrate,60.0,1112.6,29.72,29.72,14.82,2.67,0.495,0.053,True,S/S2,S,every_2min,45,9110.0
obd,gps_hold,60.0,1112.6,29.99,29.99,13.62,2.7,0.5,0.057,True,S/S2,S,every_2min,45,9110.0
hold,imu_aligned,60.0,1112.6,343.71,343.71,155.25,30.89,5.729,5.625,False,S/S2,S,every_2min,45,9110.0
imu_integrate,imu_aligned,60.0,1112.6,556.01,556.01,229.32,49.98,9.267,9.446,False,S/S2,S,every_2min,45,9110.0
truth,truth,60.0,1026.6,1.43,1.55,0.96,0.14,0.024,,True,S/S2,S,every_2min,46,9290.0
truth,veh_yawrate,60.0,1026.6,39.0,39.0,18.82,3.8,0.65,,True,S/S2,S,every_2min,46,9290.0
hold,truth,60.0,1026.6,352.6,352.6,123.36,34.35,5.877,6.735,False,S/S2,S,every_2min,46,9290.0
obd,veh_yawrate,60.0,1026.6,39.64,39.64,19.1,3.86,0.661,0.043,True,S/S2,S,every_2min,46,9290.0
wheel_speed,veh_yawrate,60.0,1026.6,37.5,37.5,18.21,3.65,0.625,0.055,True,S/S2,S,every_2min,46,9290.0
obd,gps_hold,60.0,1026.6,210.27,210.27,83.82,20.48,3.505,0.043,False,S/S2,S,every_2min,46,9290.0
hold,imu_aligned,60.0,1026.6,535.21,535.21,199.15,52.13,8.92,6.735,False,S/S2,S,every_2min,46,9290.0
imu_integrate,imu_aligned,60.0,1026.6,800.64,800.64,299.87,77.99,13.344,11.109,False,S/S2,S,every_2min,46,9290.0
truth,truth,60.0,490.7,5.64,5.64,3.82,1.15,0.094,,True,S/S3a,S,isro_60s,0,20.0
truth,veh_yawrate,60.0,490.7,39.23,39.23,22.28,7.99,0.654,,True,S/S3a,S,isro_60s,0,20.0
hold,truth,60.0,490.7,177.14,177.14,91.63,36.1,2.952,3.203,False,S/S3a,S,isro_60s,0,20.0
obd,veh_yawrate,60.0,490.7,39.16,39.16,22.25,7.98,0.653,0.08,True,S/S3a,S,isro_60s,0,20.0
wheel_speed,veh_yawrate,60.0,490.7,39.11,39.11,22.29,7.97,0.652,0.095,True,S/S3a,S,isro_60s,0,20.0
obd,gps_hold,60.0,490.7,18.96,41.9,26.18,3.86,0.316,0.08,True,S/S3a,S,isro_60s,0,20.0
hold,imu_aligned,60.0,490.7,204.6,204.6,101.59,41.7,3.41,3.203,False,S/S3a,S,isro_60s,0,20.0
imu_integrate,imu_aligned,60.0,490.7,318.04,318.04,124.17,64.82,5.301,5.293,False,S/S3a,S,isro_60s,0,20.0
truth,truth,113.6,1000.7,8.36,8.46,5.94,0.83,0.074,,True,S/S3a,S,isro_1km,0,20.0
truth,veh_yawrate,113.6,1000.7,134.15,134.15,57.29,13.4,1.181,,False,S/S3a,S,isro_1km,0,20.0
hold,truth,113.6,1000.7,259.51,267.56,178.78,25.93,2.284,2.859,False,S/S3a,S,isro_1km,0,20.0
obd,veh_yawrate,113.6,1000.7,136.23,136.23,58.08,13.61,1.199,0.073,False,S/S3a,S,isro_1km,0,20.0
wheel_speed,veh_yawrate,113.6,1000.7,133.72,133.72,57.11,13.36,1.177,0.08,False,S/S3a,S,isro_1km,0,20.0
obd,gps_hold,113.6,1000.7,366.52,366.52,130.39,36.63,3.226,0.073,False,S/S3a,S,isro_1km,0,20.0
hold,imu_aligned,113.6,1000.7,566.18,566.18,280.09,56.58,4.984,2.859,False,S/S3a,S,isro_1km,0,20.0
imu_integrate,imu_aligned,113.6,1000.7,1165.85,1165.85,487.06,116.5,10.263,8.457,False,S/S3a,S,isro_1km,0,20.0
truth,truth,30.0,260.8,3.74,3.74,2.21,1.43,0.125,,True,S/S3a,S,tunnels,0,20.0
truth,veh_yawrate,30.0,260.8,16.16,16.16,8.28,6.2,0.539,,True,S/S3a,S,tunnels,0,20.0
hold,truth,30.0,260.8,78.59,78.59,36.37,30.14,2.62,2.759,False,S/S3a,S,tunnels,0,20.0
obd,veh_yawrate,30.0,260.8,16.13,16.13,8.27,6.19,0.538,0.086,True,S/S3a,S,tunnels,0,20.0
wheel_speed,veh_yawrate,30.0,260.8,16.29,16.29,8.35,6.25,0.543,0.135,True,S/S3a,S,tunnels,0,20.0
obd,gps_hold,30.0,260.8,31.36,31.36,18.27,12.02,1.045,0.086,False,S/S3a,S,tunnels,0,20.0
hold,imu_aligned,30.0,260.8,86.62,86.62,41.77,33.22,2.887,2.759,False,S/S3a,S,tunnels,0,20.0
imu_integrate,imu_aligned,30.0,260.8,67.6,67.6,28.54,25.92,2.253,2.46,False,S/S3a,S,tunnels,0,20.0
truth,truth,30.0,372.6,0.49,0.62,0.43,0.13,0.016,,True,S/S3a,S,tunnels,1,155.0
truth,veh_yawrate,30.0,372.6,34.07,34.07,15.49,9.14,1.136,,True,S/S3a,S,tunnels,1,155.0
hold,truth,30.0,372.6,1.65,5.22,3.49,0.44,0.055,0.358,True,S/S3a,S,tunnels,1,155.0
obd,veh_yawrate,30.0,372.6,34.38,34.38,15.62,9.23,1.146,0.083,True,S/S3a,S,tunnels,1,155.0
wheel_speed,veh_yawrate,30.0,372.6,34.05,34.05,15.48,9.14,1.135,0.048,True,S/S3a,S,tunnels,1,155.0
obd,gps_hold,30.0,372.6,47.78,47.78,16.19,12.82,1.593,0.083,False,S/S3a,S,tunnels,1,155.0
hold,imu_aligned,30.0,372.6,47.65,47.65,16.53,12.79,1.588,0.358,False,S/S3a,S,tunnels,1,155.0
imu_integrate,imu_aligned,30.0,372.6,48.35,48.35,16.57,12.97,1.612,0.94,False,S/S3a,S,tunnels,1,155.0
truth,truth,30.0,418.1,0.56,0.56,0.25,0.13,0.019,,True,S/S3a,S,tunnels,2,357.5
truth,veh_yawrate,30.0,418.1,14.69,14.69,9.2,3.51,0.49,,True,S/S3a,S,tunnels,2,357.5
hold,truth,30.0,418.1,4.68,6.07,3.53,1.12,0.156,0.36,True,S/S3a,S,tunnels,2,357.5
obd,veh_yawrate,30.0,418.1,15.01,15.01,9.36,3.59,0.5,0.095,True,S/S3a,S,tunnels,2,357.5
wheel_speed,veh_yawrate,30.0,418.1,14.67,14.67,9.19,3.51,0.489,0.037,True,S/S3a,S,tunnels,2,357.5
obd,gps_hold,30.0,418.1,28.8,28.8,18.38,6.89,0.96,0.095,True,S/S3a,S,tunnels,2,357.5
hold,imu_aligned,30.0,418.1,28.72,28.75,18.42,6.87,0.957,0.36,True,S/S3a,S,tunnels,2,357.5
imu_integrate,imu_aligned,30.0,418.1,33.97,33.97,23.14,8.12,1.132,0.726,True,S/S3a,S,tunnels,2,357.5
truth,truth,30.0,347.8,0.56,0.94,0.72,0.16,0.019,,True,S/S3a,S,tunnels,3,492.5
truth,veh_yawrate,30.0,347.8,22.18,22.2,14.66,6.38,0.739,,True,S/S3a,S,tunnels,3,492.5
hold,truth,30.0,347.8,15.34,19.19,13.56,4.41,0.511,1.953,True,S/S3a,S,tunnels,3,492.5
obd,veh_yawrate,30.0,347.8,22.28,22.31,14.61,6.41,0.743,0.08,True,S/S3a,S,tunnels,3,492.5
wheel_speed,veh_yawrate,30.0,347.8,22.5,22.51,14.7,6.47,0.75,0.05,True,S/S3a,S,tunnels,3,492.5
obd,gps_hold,30.0,347.8,251.93,251.93,158.31,72.44,8.398,0.08,False,S/S3a,S,tunnels,3,492.5
hold,imu_aligned,30.0,347.8,246.84,246.84,156.68,70.97,8.228,1.953,False,S/S3a,S,tunnels,3,492.5
imu_integrate,imu_aligned,30.0,347.8,300.49,300.49,173.2,86.4,10.016,3.322,False,S/S3a,S,tunnels,3,492.5
truth,truth,30.0,419.2,0.92,0.93,0.55,0.22,0.031,,True,S/S3a,S,tunnels,4,627.5
truth,veh_yawrate,30.0,419.2,7.67,7.67,3.47,1.83,0.256,,True,S/S3a,S,tunnels,4,627.5
hold,truth,30.0,419.2,12.93,12.93,6.99,3.08,0.431,0.437,True,S/S3a,S,tunnels,4,627.5
obd,veh_yawrate,30.0,419.2,8.28,8.28,3.91,1.98,0.276,0.109,True,S/S3a,S,tunnels,4,627.5
wheel_speed,veh_yawrate,30.0,419.2,7.68,7.68,3.47,1.83,0.256,0.047,True,S/S3a,S,tunnels,4,627.5
obd,gps_hold,30.0,419.2,11.32,11.32,4.99,2.7,0.377,0.109,True,S/S3a,S,tunnels,4,627.5
hold,imu_aligned,30.0,419.2,17.04,17.04,8.45,4.06,0.568,0.437,True,S/S3a,S,tunnels,4,627.5
imu_integrate,imu_aligned,30.0,419.2,17.39,17.77,11.98,4.15,0.58,0.617,True,S/S3a,S,tunnels,4,627.5
truth,truth,30.0,387.8,1.35,1.35,0.62,0.35,0.045,,True,S/S3a,S,tunnels,5,762.5
truth,veh_yawrate,30.0,387.8,9.52,9.52,2.84,2.45,0.317,,True,S/S3a,S,tunnels,5,762.5
hold,truth,30.0,387.8,98.49,99.81,67.84,25.4,3.283,4.466,False,S/S3a,S,tunnels,5,762.5
obd,veh_yawrate,30.0,387.8,9.5,9.5,2.84,2.45,0.317,0.084,True,S/S3a,S,tunnels,5,762.5
wheel_speed,veh_yawrate,30.0,387.8,10.8,10.8,3.55,2.78,0.36,0.082,True,S/S3a,S,tunnels,5,762.5
obd,gps_hold,30.0,387.8,255.05,255.05,84.9,65.77,8.502,0.084,False,S/S3a,S,tunnels,5,762.5
hold,imu_aligned,30.0,387.8,356.96,356.96,144.02,92.05,11.899,4.466,False,S/S3a,S,tunnels,5,762.5
imu_integrate,imu_aligned,30.0,387.8,397.95,397.95,181.01,102.62,13.265,7.884,False,S/S3a,S,tunnels,5,762.5
truth,truth,30.0,258.8,1.85,1.85,1.14,0.71,0.062,,True,S/S3a,S,tunnels,6,897.5
truth,veh_yawrate,30.0,258.8,179.45,179.45,82.92,69.34,5.982,,False,S/S3a,S,tunnels,6,897.5
hold,truth,30.0,258.8,319.05,319.05,221.6,123.28,10.635,13.281,False,S/S3a,S,tunnels,6,897.5
obd,veh_yawrate,30.0,258.8,180.9,180.9,83.74,69.9,6.03,0.073,False,S/S3a,S,tunnels,6,897.5
wheel_speed,veh_yawrate,30.0,258.8,180.29,180.29,83.42,69.66,6.01,0.058,False,S/S3a,S,tunnels,6,897.5
obd,gps_hold,30.0,258.8,346.29,346.29,161.2,133.8,11.543,0.073,False,S/S3a,S,tunnels,6,897.5
hold,imu_aligned,30.0,258.8,687.35,687.35,386.87,265.59,22.912,13.281,False,S/S3a,S,tunnels,6,897.5
imu_integrate,imu_aligned,30.0,258.8,529.63,529.63,308.0,204.65,17.654,8.302,False,S/S3a,S,tunnels,6,897.5
truth,truth,30.0,522.1,0.83,2.71,0.93,0.16,0.028,,True,S/S3a,S,tunnels,7,1032.5
truth,veh_yawrate,30.0,522.1,105.85,105.85,52.57,20.28,3.528,,False,S/S3a,S,tunnels,7,1032.5
hold,truth,30.0,522.1,26.46,26.46,15.23,5.07,0.882,1.028,True,S/S3a,S,tunnels,7,1032.5
obd,veh_yawrate,30.0,522.1,106.38,106.38,52.84,20.38,3.546,0.154,False,S/S3a,S,tunnels,7,1032.5
wheel_speed,veh_yawrate,30.0,522.1,106.0,106.0,52.64,20.3,3.533,0.103,False,S/S3a,S,tunnels,7,1032.5
obd,gps_hold,30.0,522.1,151.82,151.82,76.75,29.08,5.061,0.154,False,S/S3a,S,tunnels,7,1032.5
hold,imu_aligned,30.0,522.1,148.53,148.53,75.32,28.45,4.951,1.028,False,S/S3a,S,tunnels,7,1032.5
imu_integrate,imu_aligned,30.0,522.1,198.84,198.84,102.79,38.09,6.628,5.32,False,S/S3a,S,tunnels,7,1032.5
truth,truth,60.0,490.7,5.64,5.64,3.82,1.15,0.094,,True,S/S3a,S,every_2min,0,20.0
truth,veh_yawrate,60.0,490.7,39.23,39.23,22.28,7.99,0.654,,True,S/S3a,S,every_2min,0,20.0
hold,truth,60.0,490.7,177.14,177.14,91.63,36.1,2.952,3.203,False,S/S3a,S,every_2min,0,20.0
obd,veh_yawrate,60.0,490.7,39.16,39.16,22.25,7.98,0.653,0.08,True,S/S3a,S,every_2min,0,20.0
wheel_speed,veh_yawrate,60.0,490.7,39.11,39.11,22.29,7.97,0.652,0.095,True,S/S3a,S,every_2min,0,20.0
obd,gps_hold,60.0,490.7,18.96,41.9,26.18,3.86,0.316,0.08,True,S/S3a,S,every_2min,0,20.0
hold,imu_aligned,60.0,490.7,204.6,204.6,101.59,41.7,3.41,3.203,False,S/S3a,S,every_2min,0,20.0
imu_integrate,imu_aligned,60.0,490.7,318.04,318.04,124.17,64.82,5.301,5.293,False,S/S3a,S,every_2min,0,20.0
truth,truth,60.0,608.1,1.07,1.09,0.68,0.18,0.018,,True,S/S3a,S,every_2min,1,200.0
truth,veh_yawrate,60.0,608.1,183.91,183.91,73.44,30.25,3.065,,False,S/S3a,S,every_2min,1,200.0
hold,truth,60.0,608.1,188.46,253.89,199.75,30.99,3.141,5.832,False,S/S3a,S,every_2min,1,200.0
obd,veh_yawrate,60.0,608.1,184.35,184.35,73.64,30.32,3.073,0.086,False,S/S3a,S,every_2min,1,200.0
wheel_speed,veh_yawrate,60.0,608.1,184.01,184.01,73.53,30.26,3.067,0.047,False,S/S3a,S,every_2min,1,200.0
obd,gps_hold,60.0,608.1,318.32,318.32,133.75,52.35,5.305,0.086,False,S/S3a,S,every_2min,1,200.0
hold,imu_aligned,60.0,608.1,395.33,395.33,254.55,65.02,6.589,5.832,False,S/S3a,S,every_2min,1,200.0
imu_integrate,imu_aligned,60.0,608.1,311.68,311.68,190.63,51.26,5.195,7.225,False,S/S3a,S,every_2min,1,200.0
truth,truth,60.0,455.6,0.53,1.0,0.64,0.12,0.009,,True,S/S3a,S,every_2min,2,380.0
truth,veh_yawrate,60.0,455.6,9.31,9.56,6.22,2.04,0.155,,True,S/S3a,S,every_2min,2,380.0
hold,truth,60.0,455.6,409.69,409.69,261.04,89.92,6.828,7.17,False,S/S3a,S,every_2min,2,380.0
obd,veh_yawrate,60.0,455.6,8.16,9.62,5.99,1.79,0.136,0.068,True,S/S3a,S,every_2min,2,380.0
wheel_speed,veh_yawrate,60.0,455.6,8.95,9.49,6.1,1.97,0.149,0.047,True,S/S3a,S,every_2min,2,380.0
obd,gps_hold,60.0,455.6,136.05,136.05,42.71,29.86,2.267,0.068,False,S/S3a,S,every_2min,2,380.0
hold,imu_aligned,60.0,455.6,500.7,500.7,282.17,109.9,8.345,7.17,False,S/S3a,S,every_2min,2,380.0
imu_integrate,imu_aligned,60.0,455.6,488.64,488.64,299.24,107.25,8.144,6.962,False,S/S3a,S,every_2min,2,380.0
truth,truth,60.0,841.2,1.83,1.84,1.08,0.22,0.031,,True,S/S3a,S,every_2min,3,620.0
truth,veh_yawrate,60.0,841.2,25.12,25.12,10.63,2.99,0.419,,True,S/S3a,S,every_2min,3,620.0
hold,truth,60.0,841.2,18.84,19.57,10.04,2.24,0.314,0.401,True,S/S3a,S,every_2min,3,620.0
obd,veh_yawrate,60.0,841.2,25.78,25.78,11.2,3.06,0.43,0.109,True,S/S3a,S,every_2min,3,620.0
wheel_speed,veh_yawrate,60.0,841.2,25.13,25.13,10.63,2.99,0.419,0.045,True,S/S3a,S,every_2min,3,620.0
obd,gps_hold,60.0,841.2,32.09,32.09,11.12,3.82,0.535,0.109,True,S/S3a,S,every_2min,3,620.0
hold,imu_aligned,60.0,841.2,37.26,37.26,14.73,4.43,0.621,0.401,True,S/S3a,S,every_2min,3,620.0
imu_integrate,imu_aligned,60.0,841.2,35.93,35.93,11.89,4.27,0.599,0.581,True,S/S3a,S,every_2min,3,620.0
truth,truth,60.0,1142.5,0.47,1.26,0.67,0.04,0.008,,True,S/S3a,S,every_2min,4,800.0
truth,veh_yawrate,60.0,1142.5,54.41,54.41,24.99,4.76,0.907,,True,S/S3a,S,every_2min,4,800.0
hold,truth,60.0,1142.5,257.4,257.4,116.99,22.53,4.29,5.03,False,S/S3a,S,every_2min,4,800.0
obd,veh_yawrate,60.0,1142.5,52.9,52.9,23.8,4.63,0.882,0.112,True,S/S3a,S,every_2min,4,800.0
wheel_speed,veh_yawrate,60.0,1142.5,54.25,54.25,24.83,4.75,0.904,0.056,True,S/S3a,S,every_2min,4,800.0
obd,gps_hold,60.0,1142.5,143.7,213.95,157.97,12.58,2.395,0.112,False,S/S3a,S,every_2min,4,800.0
hold,imu_aligned,60.0,1142.5,177.48,210.73,145.55,15.53,2.958,5.03,False,S/S3a,S,every_2min,4,800.0
imu_integrate,imu_aligned,60.0,1142.5,2085.87,2085.87,1072.13,182.57,34.765,32.859,False,S/S3a,S,every_2min,4,800.0
truth,truth,60.0,1335.1,4.25,4.25,2.54,0.32,0.071,,True,S/S3a,S,every_2min,5,980.0
truth,veh_yawrate,60.0,1335.1,59.71,59.71,26.18,4.47,0.995,,True,S/S3a,S,every_2min,5,980.0
hold,truth,60.0,1335.1,212.0,212.0,74.85,15.88,3.533,3.774,False,S/S3a,S,every_2min,5,980.0
obd,veh_yawrate,60.0,1335.1,60.28,60.28,26.62,4.51,1.005,0.142,True,S/S3a,S,every_2min,5,980.0
wheel_speed,veh_yawrate,60.0,1335.1,59.6,59.6,26.07,4.46,0.993,0.049,True,S/S3a,S,every_2min,5,980.0
obd,gps_hold,60.0,1335.1,17.16,21.85,11.62,1.28,0.286,0.142,True,S/S3a,S,every_2min,5,980.0
hold,imu_aligned,60.0,1335.1,214.97,214.97,76.47,16.1,3.583,3.774,False,S/S3a,S,every_2min,5,980.0
imu_integrate,imu_aligned,60.0,1335.1,664.69,664.69,285.97,49.78,11.078,11.039,False,S/S3a,S,every_2min,5,980.0
truth,truth,60.0,1027.5,1.78,1.81,1.15,0.17,0.03,,True,S/S3a,S,every_2min,6,1160.0
truth,veh_yawrate,60.0,1027.5,361.27,361.27,182.33,35.16,6.021,,False,S/S3a,S,every_2min,6,1160.0
hold,truth,60.0,1027.5,21.52,21.52,8.19,2.09,0.359,0.781,True,S/S3a,S,every_2min,6,1160.0
obd,veh_yawrate,60.0,1027.5,361.62,361.62,182.5,35.19,6.027,0.123,False,S/S3a,S,every_2min,6,1160.0
wheel_speed,veh_yawrate,60.0,1027.5,361.19,361.19,182.29,35.15,6.02,0.064,False,S/S3a,S,every_2min,6,1160.0
obd,gps_hold,60.0,1027.5,368.21,368.21,188.66,35.84,6.137,0.123,False,S/S3a,S,every_2min,6,1160.0
hold,imu_aligned,60.0,1027.5,362.53,362.53,186.85,35.28,6.042,0.781,False,S/S3a,S,every_2min,6,1160.0
imu_integrate,imu_aligned,60.0,1027.5,958.6,958.6,447.03,93.29,15.977,13.692,False,S/S3a,S,every_2min,6,1160.0
truth,truth,60.0,442.2,1.28,1.64,1.09,0.29,0.021,,True,S/S3a,S,every_2min,7,1400.0
truth,veh_yawrate,60.0,442.2,13.17,14.08,8.76,2.98,0.22,,True,S/S3a,S,every_2min,7,1400.0
hold,truth,60.0,442.2,39.58,97.06,47.75,8.95,0.66,5.315,True,S/S3a,S,every_2min,7,1400.0
obd,veh_yawrate,60.0,442.2,13.65,14.55,9.03,3.09,0.228,0.091,True,S/S3a,S,every_2min,7,1400.0
wheel_speed,veh_yawrate,60.0,442.2,13.27,14.17,8.77,3.0,0.221,0.065,True,S/S3a,S,every_2min,7,1400.0
obd,gps_hold,60.0,442.2,32.31,39.76,24.85,7.31,0.539,0.091,True,S/S3a,S,every_2min,7,1400.0
hold,imu_aligned,60.0,442.2,45.9,98.41,52.86,10.38,0.765,5.315,False,S/S3a,S,every_2min,7,1400.0
imu_integrate,imu_aligned,60.0,442.2,42.56,134.72,80.9,9.62,0.709,6.263,True,S/S3a,S,every_2min,7,1400.0
truth,truth,60.0,642.6,1.45,1.46,0.8,0.23,0.024,,True,S/S3a,S,every_2min,8,1580.0
truth,veh_yawrate,60.0,642.6,264.83,264.83,119.35,41.21,4.414,,False,S/S3a,S,every_2min,8,1580.0
hold,truth,60.0,642.6,128.39,128.39,79.11,19.98,2.14,2.228,False,S/S3a,S,every_2min,8,1580.0
obd,veh_yawrate,60.0,642.6,265.91,265.91,119.92,41.38,4.432,0.096,False,S/S3a,S,every_2min,8,1580.0
wheel_speed,veh_yawrate,60.0,642.6,264.95,264.95,119.49,41.23,4.416,0.079,False,S/S3a,S,every_2min,8,1580.0
obd,gps_hold,60.0,642.6,125.77,125.77,56.77,19.57,2.096,0.096,False,S/S3a,S,every_2min,8,1580.0
hold,imu_aligned,60.0,642.6,198.62,198.62,107.6,30.91,3.31,2.228,False,S/S3a,S,every_2min,8,1580.0
imu_integrate,imu_aligned,60.0,642.6,483.91,483.91,242.79,75.31,8.065,7.425,False,S/S3a,S,every_2min,8,1580.0
truth,truth,60.0,321.5,1.9,1.92,1.36,0.59,0.032,,True,S/S3a,S,every_2min,9,1760.0
truth,veh_yawrate,60.0,321.5,16.49,16.73,10.76,5.13,0.275,,True,S/S3a,S,every_2min,9,1760.0
hold,truth,60.0,321.5,134.89,134.89,74.42,41.96,2.248,5.058,False,S/S3a,S,every_2min,9,1760.0
obd,veh_yawrate,60.0,321.5,16.51,16.73,10.75,5.13,0.275,0.091,True,S/S3a,S,every_2min,9,1760.0
wheel_speed,veh_yawrate,60.0,321.5,16.3,16.3,10.6,5.07,0.272,0.069,True,S/S3a,S,every_2min,9,1760.0
obd,gps_hold,60.0,321.5,335.86,335.86,236.42,104.47,5.598,0.091,False,S/S3a,S,every_2min,9,1760.0
hold,imu_aligned,60.0,321.5,592.34,592.34,361.57,184.25,9.872,5.058,False,S/S3a,S,every_2min,9,1760.0
imu_integrate,imu_aligned,60.0,321.5,737.96,737.96,435.25,229.55,12.299,7.642,False,S/S3a,S,every_2min,9,1760.0
truth,truth,60.0,569.8,0.51,1.01,0.57,0.09,0.009,,True,S/S3a,S,every_2min,10,1970.0
truth,veh_yawrate,60.0,569.8,458.01,458.01,193.04,80.38,7.634,,False,S/S3a,S,every_2min,10,1970.0
hold,truth,60.0,569.8,323.2,323.2,191.97,56.72,5.387,6.362,False,S/S3a,S,every_2min,10,1970.0
obd,veh_yawrate,60.0,569.8,462.45,462.45,194.99,81.16,7.707,0.15,False,S/S3a,S,every_2min,10,1970.0
wheel_speed,veh_yawrate,60.0,569.8,460.65,460.65,194.21,80.84,7.677,0.111,False,S/S3a,S,every_2min,10,1970.0
obd,gps_hold,60.0,569.8,257.66,257.66,108.48,45.22,4.294,0.15,False,S/S3a,S,every_2min,10,1970.0
hold,imu_aligned,60.0,569.8,334.43,334.43,191.83,58.69,5.574,6.362,False,S/S3a,S,every_2min,10,1970.0
imu_integrate,imu_aligned,60.0,569.8,283.82,285.46,193.89,49.81,4.73,5.706,False,S/S3a,S,every_2min,10,1970.0
truth,truth,60.0,388.0,0.58,0.8,0.47,0.15,0.01,,True,S/S3a,S,every_2min,11,2150.0
truth,veh_yawrate,60.0,388.0,138.62,138.62,61.08,35.72,2.31,,False,S/S3a,S,every_2min,11,2150.0
hold,truth,60.0,388.0,40.56,50.85,34.79,10.45,0.676,2.104,False,S/S3a,S,every_2min,11,2150.0
obd,veh_yawrate,60.0,388.0,141.64,141.64,63.11,36.5,2.361,0.12,False,S/S3a,S,every_2min,11,2150.0
wheel_speed,veh_yawrate,60.0,388.0,138.85,138.85,61.43,35.78,2.314,0.097,False,S/S3a,S,every_2min,11,2150.0
obd,gps_hold,60.0,388.0,307.95,307.95,132.48,79.36,5.133,0.12,False,S/S3a,S,every_2min,11,2150.0
hold,imu_aligned,60.0,388.0,365.86,365.86,185.72,94.28,6.098,2.104,False,S/S3a,S,every_2min,11,2150.0
imu_integrate,imu_aligned,60.0,388.0,382.29,382.29,173.28,98.52,6.371,2.65,False,S/S3a,S,every_2min,11,2150.0
truth,truth,60.0,723.7,1.54,1.54,0.74,0.21,0.026,,True,S/S3a,S,every_2min,12,2360.0
truth,veh_yawrate,60.0,723.7,13.82,13.82,5.76,1.91,0.23,,True,S/S3a,S,every_2min,12,2360.0
hold,truth,60.0,723.7,139.05,141.34,84.35,19.21,2.318,2.603,False,S/S3a,S,every_2min,12,2360.0
obd,veh_yawrate,60.0,723.7,14.83,14.83,6.81,2.05,0.247,0.099,True,S/S3a,S,every_2min,12,2360.0
wheel_speed,veh_yawrate,60.0,723.7,13.9,13.9,5.6,1.92,0.232,0.062,True,S/S3a,S,every_2min,12,2360.0
obd,gps_hold,60.0,723.7,165.25,165.25,102.53,22.83,2.754,0.099,False,S/S3a,S,every_2min,12,2360.0
hold,imu_aligned,60.0,723.7,197.15,197.83,121.42,27.24,3.286,2.603,False,S/S3a,S,every_2min,12,2360.0
imu_integrate,imu_aligned,60.0,723.7,165.09,165.09,105.51,22.81,2.751,2.212,False,S/S3a,S,every_2min,12,2360.0
truth,truth,60.0,497.9,1.32,1.52,0.89,0.26,0.022,,True,S/S3b,S,isro_60s,0,20.0
truth,veh_yawrate,60.0,497.9,531.86,531.86,289.87,106.81,8.864,,False,S/S3b,S,isro_60s,0,20.0
hold,truth,60.0,497.9,115.55,115.55,66.0,23.21,1.926,2.955,False,S/S3b,S,isro_60s,0,20.0
obd,veh_yawrate,60.0,497.9,535.41,535.41,291.11,107.52,8.923,0.25,False,S/S3b,S,isro_60s,0,20.0
wheel_speed,veh_yawrate,60.0,497.9,533.18,533.18,289.86,107.08,8.886,0.175,False,S/S3b,S,isro_60s,0,20.0
obd,gps_hold,60.0,497.9,577.49,577.49,262.0,115.97,9.625,0.25,False,S/S3b,S,isro_60s,0,20.0
hold,imu_aligned,60.0,497.9,440.95,440.95,200.8,88.55,7.349,2.955,False,S/S3b,S,isro_60s,0,20.0
imu_integrate,imu_aligned,60.0,497.9,2718.57,2718.57,1371.05,545.96,45.31,36.9,False,S/S3b,S,isro_60s,0,20.0
truth,truth,153.6,999.9,4.97,5.19,2.85,0.5,0.032,,True,S/S3b,S,isro_1km,0,20.0
truth,veh_yawrate,153.6,999.9,741.16,897.16,581.5,74.12,4.825,,False,S/S3b,S,isro_1km,0,20.0
hold,truth,153.6,999.9,25.51,116.43,75.19,2.55,0.166,2.625,True,S/S3b,S,isro_1km,0,20.0
obd,veh_yawrate,153.6,999.9,746.57,903.22,585.42,74.66,4.86,0.157,False,S/S3b,S,isro_1km,0,20.0
wheel_speed,veh_yawrate,153.6,999.9,742.91,898.68,582.6,74.3,4.837,0.123,False,S/S3b,S,isro_1km,0,20.0
obd,gps_hold,153.6,999.9,1222.84,1222.84,720.25,122.29,7.961,0.157,False,S/S3b,S,isro_1km,0,20.0
hold,imu_aligned,153.6,999.9,1094.09,1094.09,622.62,109.42,7.123,2.625,False,S/S3b,S,isro_1km,0,20.0
imu_integrate,imu_aligned,153.6,999.9,8540.28,8540.28,4605.5,854.09,55.601,48.041,False,S/S3b,S,isro_1km,0,20.0
truth,truth,30.0,219.7,0.36,0.85,0.54,0.17,0.012,,True,S/S3b,S,tunnels,0,20.0
truth,veh_yawrate,30.0,219.7,214.16,214.16,70.97,97.47,7.139,,False,S/S3b,S,tunnels,0,20.0
hold,truth,30.0,219.7,55.11,55.11,17.22,25.08,1.837,2.167,False,S/S3b,S,tunnels,0,20.0
obd,veh_yawrate,30.0,219.7,214.48,214.48,71.23,97.61,7.149,0.253,False,S/S3b,S,tunnels,0,20.0
wheel_speed,veh_yawrate,30.0,219.7,213.75,213.75,70.96,97.28,7.125,0.136,False,S/S3b,S,tunnels,0,20.0
obd,gps_hold,30.0,219.7,166.6,166.6,95.21,75.82,5.553,0.253,False,S/S3b,S,tunnels,0,20.0
hold,imu_aligned,30.0,219.7,122.73,122.73,85.86,55.85,4.091,2.167,False,S/S3b,S,tunnels,0,20.0
imu_integrate,imu_aligned,30.0,219.7,991.37,991.37,519.55,451.19,33.046,28.393,False,S/S3b,S,tunnels,0,20.0
truth,truth,30.0,163.9,1.3,1.31,0.69,0.79,0.043,,True,S/S3b,S,tunnels,1,245.0
truth,veh_yawrate,30.0,163.9,4.21,4.21,2.35,2.57,0.14,,True,S/S3b,S,tunnels,1,245.0
hold,truth,30.0,163.9,72.01,72.35,43.81,43.94,2.4,2.774,False,S/S3b,S,tunnels,1,245.0
obd,veh_yawrate,30.0,163.9,3.44,3.44,2.13,2.1,0.115,0.108,True,S/S3b,S,tunnels,1,245.0
wheel_speed,veh_yawrate,30.0,163.9,2.69,2.69,1.93,1.64,0.09,0.093,True,S/S3b,S,tunnels,1,245.0
obd,gps_hold,30.0,163.9,84.52,84.52,24.34,51.58,2.817,0.108,False,S/S3b,S,tunnels,1,245.0
hold,imu_aligned,30.0,163.9,148.4,148.4,61.27,90.56,4.947,2.774,False,S/S3b,S,tunnels,1,245.0
imu_integrate,imu_aligned,30.0,163.9,152.66,152.66,60.36,93.16,5.089,3.182,False,S/S3b,S,tunnels,1,245.0
truth,truth,30.0,201.8,1.48,1.54,0.78,0.73,0.049,,True,S/S3b,S,tunnels,2,380.0
truth,veh_yawrate,30.0,201.8,4.19,4.19,2.88,2.07,0.14,,True,S/S3b,S,tunnels,2,380.0
hold,truth,30.0,201.8,29.89,29.92,10.77,14.81,0.996,1.551,False,S/S3b,S,tunnels,2,380.0
obd,veh_yawrate,30.0,201.8,5.21,5.21,2.96,2.58,0.174,0.106,True,S/S3b,S,tunnels,2,380.0
wheel_speed,veh_yawrate,30.0,201.8,4.73,4.73,2.93,2.34,0.158,0.081,True,S/S3b,S,tunnels,2,380.0
obd,gps_hold,30.0,201.8,152.68,152.68,79.02,75.64,5.089,0.106,False,S/S3b,S,tunnels,2,380.0
hold,imu_aligned,30.0,201.8,179.39,179.39,85.13,88.88,5.98,1.551,False,S/S3b,S,tunnels,2,380.0
imu_integrate,imu_aligned,30.0,201.8,107.36,107.46,67.36,53.19,3.579,3.974,False,S/S3b,S,tunnels,2,380.0
truth,truth,30.0,178.6,0.69,0.97,0.66,0.39,0.023,,True,S/S3b,S,tunnels,3,515.0
truth,veh_yawrate,30.0,178.6,20.42,20.42,9.14,11.43,0.681,,False,S/S3b,S,tunnels,3,515.0
hold,truth,30.0,178.6,31.99,31.99,13.79,17.91,1.066,1.441,False,S/S3b,S,tunnels,3,515.0
obd,veh_yawrate,30.0,178.6,19.78,19.78,8.67,11.08,0.659,0.118,False,S/S3b,S,tunnels,3,515.0
wheel_speed,veh_yawrate,30.0,178.6,20.27,20.27,9.02,11.35,0.676,0.088,False,S/S3b,S,tunnels,3,515.0
obd,gps_hold,30.0,178.6,221.46,221.46,100.85,123.99,7.382,0.118,False,S/S3b,S,tunnels,3,515.0
hold,imu_aligned,30.0,178.6,194.78,194.78,89.94,109.06,6.493,1.441,False,S/S3b,S,tunnels,3,515.0
imu_integrate,imu_aligned,30.0,178.6,190.67,190.67,96.43,106.76,6.356,2.923,False,S/S3b,S,tunnels,3,515.0
truth,truth,30.0,220.7,0.68,0.89,0.64,0.31,0.023,,True,S/S3b,S,tunnels,4,650.0
truth,veh_yawrate,30.0,220.7,24.02,24.02,9.12,10.88,0.801,,False,S/S3b,S,tunnels,4,650.0
hold,truth,30.0,220.7,41.9,46.56,33.83,18.98,1.397,2.896,False,S/S3b,S,tunnels,4,650.0
obd,veh_yawrate,30.0,220.7,23.96,23.96,9.15,10.86,0.799,0.116,False,S/S3b,S,tunnels,4,650.0
wheel_speed,veh_yawrate,30.0,220.7,24.54,24.54,9.46,11.12,0.818,0.088,False,S/S3b,S,tunnels,4,650.0
obd,gps_hold,30.0,220.7,234.04,234.04,91.13,106.05,7.801,0.116,False,S/S3b,S,tunnels,4,650.0
hold,imu_aligned,30.0,220.7,250.19,250.19,111.18,113.36,8.34,2.896,False,S/S3b,S,tunnels,4,650.0
imu_integrate,imu_aligned,30.0,220.7,154.9,154.9,63.09,70.19,5.163,5.732,False,S/S3b,S,tunnels,4,650.0
truth,truth,60.0,497.9,1.32,1.52,0.89,0.26,0.022,,True,S/S3b,S,every_2min,0,20.0
truth,veh_yawrate,60.0,497.9,531.86,531.86,289.87,106.81,8.864,,False,S/S3b,S,every_2min,0,20.0
hold,truth,60.0,497.9,115.55,115.55,66.0,23.21,1.926,2.955,False,S/S3b,S,every_2min,0,20.0
obd,veh_yawrate,60.0,497.9,535.41,535.41,291.11,107.52,8.923,0.25,False,S/S3b,S,every_2min,0,20.0
wheel_speed,veh_yawrate,60.0,497.9,533.18,533.18,289.86,107.08,8.886,0.175,False,S/S3b,S,every_2min,0,20.0
obd,gps_hold,60.0,497.9,577.49,577.49,262.0,115.97,9.625,0.25,False,S/S3b,S,every_2min,0,20.0
hold,imu_aligned,60.0,497.9,440.95,440.95,200.8,88.55,7.349,2.955,False,S/S3b,S,every_2min,0,20.0
imu_integrate,imu_aligned,60.0,497.9,2718.57,2718.57,1371.05,545.96,45.31,36.9,False,S/S3b,S,every_2min,0,20.0
truth,truth,60.0,361.5,1.27,1.52,1.12,0.35,0.021,,True,S/S3b,S,every_2min,1,290.0
truth,veh_yawrate,60.0,361.5,8.37,8.37,4.02,2.31,0.139,,True,S/S3b,S,every_2min,1,290.0
hold,truth,60.0,361.5,23.24,38.68,29.92,6.43,0.387,1.908,True,S/S3b,S,every_2min,1,290.0
obd,veh_yawrate,60.0,361.5,7.57,7.57,3.65,2.09,0.126,0.092,True,S/S3b,S,every_2min,1,290.0
wheel_speed,veh_yawrate,60.0,361.5,8.64,8.64,4.38,2.39,0.144,0.079,True,S/S3b,S,every_2min,1,290.0
obd,gps_hold,60.0,361.5,439.58,439.58,222.17,121.61,7.326,0.092,False,S/S3b,S,every_2min,1,290.0
hold,imu_aligned,60.0,361.5,512.01,512.01,266.15,141.65,8.534,1.908,False,S/S3b,S,every_2min,1,290.0
imu_integrate,imu_aligned,60.0,361.5,477.8,477.8,249.7,132.18,7.963,2.644,False,S/S3b,S,every_2min,1,290.0
truth,truth,60.0,296.8,0.51,1.15,0.83,0.17,0.008,,True,S/S3b,S,every_2min,2,470.0
truth,veh_yawrate,60.0,296.8,16.91,16.91,10.82,5.7,0.282,,True,S/S3b,S,every_2min,2,470.0
hold,truth,60.0,296.8,95.97,102.57,62.16,32.34,1.6,2.39,False,S/S3b,S,every_2min,2,470.0
obd,veh_yawrate,60.0,296.8,15.73,15.73,10.49,5.3,0.262,0.095,True,S/S3b,S,every_2min,2,470.0
wheel_speed,veh_yawrate,60.0,296.8,16.59,16.59,10.9,5.59,0.277,0.071,True,S/S3b,S,every_2min,2,470.0
obd,gps_hold,60.0,296.8,253.7,256.41,176.61,85.49,4.228,0.095,False,S/S3b,S,every_2min,2,470.0
hold,imu_aligned,60.0,296.8,367.15,367.15,232.23,123.71,6.119,2.39,False,S/S3b,S,every_2min,2,470.0
imu_integrate,imu_aligned,60.0,296.8,244.77,271.93,202.36,82.47,4.079,2.436,False,S/S3b,S,every_2min,2,470.0
truth,truth,31.3,236.6,0.67,0.89,0.64,0.28,0.021,,True,S/S3b,S,every_2min,3,650.0
truth,veh_yawrate,31.3,236.6,26.92,26.92,10.34,11.38,0.86,,False,S/S3b,S,every_2min,3,650.0
hold,truth,31.3,236.6,43.35,46.56,34.24,18.32,1.385,2.947,False,S/S3b,S,every_2min,3,650.0
obd,veh_yawrate,31.3,236.6,26.87,26.87,10.36,11.36,0.858,0.115,False,S/S3b,S,every_2min,3,650.0
wheel_speed,veh_yawrate,31.3,236.6,27.44,27.44,10.68,11.6,0.877,0.086,False,S/S3b,S,every_2min,3,650.0
obd,gps_hold,31.3,236.6,258.55,258.55,102.44,109.26,8.26,0.115,False,S/S3b,S,every_2min,3,650.0
hold,imu_aligned,31.3,236.6,270.4,270.4,121.13,114.27,8.639,2.947,False,S/S3b,S,every_2min,3,650.0
imu_integrate,imu_aligned,31.3,236.6,170.68,170.68,70.16,72.13,5.453,5.957,False,S/S3b,S,every_2min,3,650.0
truth,truth,60.0,544.0,4.0,4.15,3.12,0.74,0.067,,True,S/S3c,S,isro_60s,0,75.0
truth,veh_yawrate,60.0,544.0,26.61,26.61,8.97,4.89,0.443,,True,S/S3c,S,isro_60s,0,75.0
hold,truth,60.0,544.0,302.27,306.75,238.23,55.56,5.038,5.726,False,S/S3c,S,isro_60s,0,75.0
obd,veh_yawrate,60.0,544.0,26.5,26.5,8.83,4.87,0.442,0.115,True,S/S3c,S,isro_60s,0,75.0
wheel_speed,veh_yawrate,60.0,544.0,27.63,27.63,9.29,5.08,0.46,0.082,True,S/S3c,S,isro_60s,0,75.0
obd,gps_hold,60.0,544.0,215.2,215.2,85.44,39.56,3.587,0.115,False,S/S3c,S,isro_60s,0,75.0
hold,imu_aligned,60.0,544.0,478.36,478.36,302.36,87.93,7.973,5.726,False,S/S3c,S,isro_60s,0,75.0
imu_integrate,imu_aligned,60.0,544.0,175.36,175.36,81.68,32.23,2.923,3.908,False,S/S3c,S,isro_60s,0,75.0
truth,truth,133.4,1000.6,3.95,4.88,2.86,0.39,0.03,,True,S/S3c,S,isro_1km,0,20.0
truth,veh_yawrate,133.4,1000.6,724.39,724.39,252.18,72.39,5.43,,False,S/S3c,S,isro_1km,0,20.0
hold,truth,133.4,1000.6,595.14,595.14,367.5,59.48,4.461,5.961,False,S/S3c,S,isro_1km,0,20.0
obd,veh_yawrate,133.4,1000.6,724.76,724.76,252.85,72.43,5.433,0.165,False,S/S3c,S,isro_1km,0,20.0
wheel_speed,veh_yawrate,133.4,1000.6,724.59,724.59,252.99,72.41,5.432,0.148,False,S/S3c,S,isro_1km,0,20.0
obd,gps_hold,133.4,1000.6,1287.25,1287.25,458.68,128.64,9.65,0.165,False,S/S3c,S,isro_1km,0,20.0
hold,imu_aligned,133.4,1000.6,1397.32,1397.32,630.7,139.64,10.475,5.961,False,S/S3c,S,isro_1km,0,20.0
imu_integrate,imu_aligned,133.4,1000.6,1063.05,1063.05,384.21,106.24,7.969,4.462,False,S/S3c,S,isro_1km,0,20.0
truth,truth,30.0,473.4,1.54,1.54,1.06,0.33,0.051,,True,S/S3c,S,tunnels,0,132.5
truth,veh_yawrate,30.0,473.4,9.2,9.2,4.31,1.94,0.307,,True,S/S3c,S,tunnels,0,132.5
hold,truth,30.0,473.4,21.33,24.29,16.78,4.51,0.711,0.93,True,S/S3c,S,tunnels,0,132.5
obd,veh_yawrate,30.0,473.4,8.5,8.5,3.85,1.8,0.283,0.19,True,S/S3c,S,tunnels,0,132.5
wheel_speed,veh_yawrate,30.0,473.4,8.33,8.33,3.97,1.76,0.278,0.139,True,S/S3c,S,tunnels,0,132.5
obd,gps_hold,30.0,473.4,138.91,138.91,68.59,29.35,4.63,0.19,False,S/S3c,S,tunnels,0,132.5
hold,imu_aligned,30.0,473.4,136.37,136.37,67.99,28.81,4.546,0.93,False,S/S3c,S,tunnels,0,132.5
imu_integrate,imu_aligned,30.0,473.4,148.69,148.69,72.1,31.41,4.956,1.52,False,S/S3c,S,tunnels,0,132.5
truth,truth,30.0,558.9,1.35,1.5,0.91,0.24,0.045,,True,S/S3c,S,tunnels,1,267.5
truth,veh_yawrate,30.0,558.9,8.53,8.53,4.75,1.53,0.284,,True,S/S3c,S,tunnels,1,267.5
hold,truth,30.0,558.9,159.39,159.39,61.45,28.52,5.313,6.728,False,S/S3c,S,tunnels,1,267.5
obd,veh_yawrate,30.0,558.9,9.0,9.0,5.04,1.61,0.3,0.091,True,S/S3c,S,tunnels,1,267.5
wheel_speed,veh_yawrate,30.0,558.9,8.48,8.48,4.83,1.52,0.283,0.081,True,S/S3c,S,tunnels,1,267.5
obd,gps_hold,30.0,558.9,64.75,64.75,39.78,11.58,2.158,0.091,False,S/S3c,S,tunnels,1,267.5
hold,imu_aligned,30.0,558.9,196.52,196.52,81.06,35.16,6.551,6.728,False,S/S3c,S,tunnels,1,267.5
imu_integrate,imu_aligned,30.0,558.9,160.95,160.95,89.43,28.8,5.365,5.415,False,S/S3c,S,tunnels,1,267.5
truth,truth,30.0,330.9,1.04,2.69,1.98,0.31,0.035,,True,S/S3c,S,tunnels,2,402.5
truth,veh_yawrate,30.0,330.9,24.14,25.27,15.04,7.29,0.805,,True,S/S3c,S,tunnels,2,402.5
hold,truth,30.0,330.9,15.83,27.21,22.4,4.78,0.528,2.222,True,S/S3c,S,tunnels,2,402.5
obd,veh_yawrate,30.0,330.9,23.66,24.66,14.69,7.15,0.789,0.09,True,S/S3c,S,tunnels,2,402.5
wheel_speed,veh_yawrate,30.0,330.9,24.0,24.97,14.93,7.25,0.8,0.042,True,S/S3c,S,tunnels,2,402.5
obd,gps_hold,30.0,330.9,463.14,463.14,268.21,139.95,15.438,0.09,False,S/S3c,S,tunnels,2,402.5
hold,imu_aligned,30.0,330.9,526.1,526.1,302.9,158.97,17.537,2.222,False,S/S3c,S,tunnels,2,402.5
imu_integrate,imu_aligned,30.0,330.9,1078.45,1078.45,567.39,325.87,35.948,20.623,False,S/S3c,S,tunnels,2,402.5
truth,truth,30.0,215.7,0.78,0.81,0.43,0.36,0.026,,True,S/S3c,S,tunnels,3,537.5
truth,veh_yawrate,30.0,215.7,13.34,13.34,5.13,6.18,0.445,,True,S/S3c,S,tunnels,3,537.5
hold,truth,30.0,215.7,99.57,99.57,61.58,46.17,3.319,4.322,False,S/S3c,S,tunnels,3,537.5
obd,veh_yawrate,30.0,215.7,12.62,12.62,4.75,5.85,0.421,0.068,True,S/S3c,S,tunnels,3,537.5
wheel_speed,veh_yawrate,30.0,215.7,13.44,13.44,5.14,6.23,0.448,0.06,True,S/S3c,S,tunnels,3,537.5
obd,gps_hold,30.0,215.7,57.28,57.28,26.08,26.56,1.909,0.068,False,S/S3c,S,tunnels,3,537.5
hold,imu_aligned,30.0,215.7,180.29,180.29,88.77,83.6,6.01,4.322,False,S/S3c,S,tunnels,3,537.5
imu_integrate,imu_aligned,30.0,215.7,167.77,167.77,78.98,77.79,5.592,3.902,False,S/S3c,S,tunnels,3,537.5
truth,truth,30.0,205.3,1.12,1.13,0.72,0.54,0.037,,True,S/S3c,S,tunnels,4,672.5
truth,veh_yawrate,30.0,205.3,110.46,110.46,51.47,53.8,3.682,,False,S/S3c,S,tunnels,4,672.5
hold,truth,30.0,205.3,16.46,16.46,10.06,8.02,0.549,1.317,True,S/S3c,S,tunnels,4,672.5
obd,veh_yawrate,30.0,205.3,110.17,110.17,51.43,53.65,3.672,0.091,False,S/S3c,S,tunnels,4,672.5
wheel_speed,veh_yawrate,30.0,205.3,110.49,110.49,51.64,53.81,3.683,0.071,False,S/S3c,S,tunnels,4,672.5
obd,gps_hold,30.0,205.3,210.78,210.78,93.66,102.65,7.026,0.091,False,S/S3c,S,tunnels,4,672.5
hold,imu_aligned,30.0,205.3,185.67,185.67,83.95,90.42,6.189,1.317,False,S/S3c,S,tunnels,4,672.5
imu_integrate,imu_aligned,30.0,205.3,123.91,123.91,78.85,60.34,4.13,5.387,False,S/S3c,S,tunnels,4,672.5
truth,truth,30.0,139.8,0.51,1.12,0.44,0.36,0.017,,True,S/S3c,S,tunnels,5,807.5
truth,veh_yawrate,30.0,139.8,41.04,43.29,27.74,29.36,1.368,,False,S/S3c,S,tunnels,5,807.5
hold,truth,30.0,139.8,5.67,10.38,5.94,4.05,0.189,0.815,True,S/S3c,S,tunnels,5,807.5
obd,veh_yawrate,30.0,139.8,42.04,44.21,28.32,30.08,1.401,0.145,False,S/S3c,S,tunnels,5,807.5
wheel_speed,veh_yawrate,30.0,139.8,41.85,43.87,28.09,29.94,1.395,0.122,False,S/S3c,S,tunnels,5,807.5
obd,gps_hold,30.0,139.8,51.1,51.1,24.23,36.56,1.703,0.145,False,S/S3c,S,tunnels,5,807.5
hold,imu_aligned,30.0,139.8,44.05,44.05,20.69,31.52,1.468,0.815,False,S/S3c,S,tunnels,5,807.5
imu_integrate,imu_aligned,30.0,139.8,52.13,58.73,41.5,37.3,1.738,2.978,False,S/S3c,S,tunnels,5,807.5
truth,truth,30.0,283.8,0.56,0.56,0.3,0.2,0.019,,True,S/S3c,S,tunnels,6,942.5
truth,veh_yawrate,30.0,283.8,17.57,17.57,6.02,6.19,0.586,,True,S/S3c,S,tunnels,6,942.5
hold,truth,30.0,283.8,48.91,48.91,24.77,17.23,1.63,1.875,False,S/S3c,S,tunnels,6,942.5
obd,veh_yawrate,30.0,283.8,16.44,16.44,5.49,5.79,0.548,0.077,True,S/S3c,S,tunnels,6,942.5
wheel_speed,veh_yawrate,30.0,283.8,17.91,17.91,6.14,6.31,0.597,0.063,True,S/S3c,S,tunnels,6,942.5
obd,gps_hold,30.0,283.8,40.16,48.68,37.01,14.15,1.339,0.077,False,S/S3c,S,tunnels,6,942.5
hold,imu_aligned,30.0,283.8,22.88,49.01,36.89,8.06,0.763,1.875,True,S/S3c,S,tunnels,6,942.5
imu_integrate,imu_aligned,30.0,283.8,54.28,63.13,48.27,19.12,1.809,2.989,False,S/S3c,S,tunnels,6,942.5
truth,truth,30.0,866.9,1.44,1.44,0.93,0.17,0.048,,True,S/S3c,S,tunnels,7,1077.5
truth,veh_yawrate,30.0,866.9,29.02,29.02,13.1,3.35,0.967,,True,S/S3c,S,tunnels,7,1077.5
hold,truth,30.0,866.9,23.24,23.24,13.0,2.68,0.775,0.773,True,S/S3c,S,tunnels,7,1077.5
obd,veh_yawrate,30.0,866.9,29.32,29.32,13.29,3.38,0.977,0.132,True,S/S3c,S,tunnels,7,1077.5
wheel_speed,veh_yawrate,30.0,866.9,28.96,28.96,13.06,3.34,0.965,0.059,True,S/S3c,S,tunnels,7,1077.5
obd,gps_hold,30.0,866.9,40.83,40.83,19.17,4.71,1.361,0.132,True,S/S3c,S,tunnels,7,1077.5
hold,imu_aligned,30.0,866.9,47.29,47.29,23.26,5.46,1.576,0.773,True,S/S3c,S,tunnels,7,1077.5
imu_integrate,imu_aligned,30.0,866.9,61.76,61.76,29.97,7.12,2.059,1.594,True,S/S3c,S,tunnels,7,1077.5
truth,truth,60.0,561.5,3.0,3.35,2.5,0.53,0.05,,True,S/S3c,S,every_2min,0,80.0
truth,veh_yawrate,60.0,561.5,33.9,33.9,12.67,6.04,0.565,,True,S/S3c,S,every_2min,0,80.0
hold,truth,60.0,561.5,296.03,300.81,248.13,52.72,4.934,5.819,False,S/S3c,S,every_2min,0,80.0
obd,veh_yawrate,60.0,561.5,33.6,33.6,12.78,5.98,0.56,0.148,True,S/S3c,S,every_2min,0,80.0
wheel_speed,veh_yawrate,60.0,561.5,33.93,33.93,12.91,6.04,0.565,0.123,True,S/S3c,S,every_2min,0,80.0
obd,gps_hold,60.0,561.5,556.48,556.48,209.65,99.1,9.275,0.148,False,S/S3c,S,every_2min,0,80.0
hold,imu_aligned,60.0,561.5,780.11,780.11,398.38,138.93,13.002,5.819,False,S/S3c,S,every_2min,0,80.0
imu_integrate,imu_aligned,60.0,561.5,758.84,758.84,335.61,135.14,12.647,4.413,False,S/S3c,S,every_2min,0,80.0
truth,truth,60.0,1169.5,0.93,1.35,0.64,0.08,0.016,,True,S/S3c,S,every_2min,1,260.0
truth,veh_yawrate,60.0,1169.5,12.52,13.28,7.42,1.07,0.209,,True,S/S3c,S,every_2min,1,260.0
hold,truth,60.0,1169.5,134.16,173.28,119.04,11.47,2.236,5.479,False,S/S3c,S,every_2min,1,260.0
obd,veh_yawrate,60.0,1169.5,13.59,14.42,8.24,1.16,0.227,0.091,True,S/S3c,S,every_2min,1,260.0
wheel_speed,veh_yawrate,60.0,1169.5,11.62,13.06,7.29,0.99,0.194,0.076,True,S/S3c,S,every_2min,1,260.0
obd,gps_hold,60.0,1169.5,48.39,79.92,43.52,4.14,0.806,0.091,True,S/S3c,S,every_2min,1,260.0
hold,imu_aligned,60.0,1169.5,112.39,172.74,115.44,9.61,1.873,5.479,True,S/S3c,S,every_2min,1,260.0
imu_integrate,imu_aligned,60.0,1169.5,544.54,544.54,305.13,46.56,9.076,9.431,False,S/S3c,S,every_2min,1,260.0
truth,truth,60.0,737.3,3.1,3.5,2.52,0.42,0.052,,True,S/S3c,S,every_2min,2,440.0
truth,veh_yawrate,60.0,737.3,10.3,18.96,13.72,1.4,0.172,,True,S/S3c,S,every_2min,2,440.0
hold,truth,60.0,737.3,53.12,68.11,36.62,7.2,0.885,3.618,True,S/S3c,S,every_2min,2,440.0
obd,veh_yawrate,60.0,737.3,11.88,19.14,13.72,1.61,0.198,0.074,True,S/S3c,S,every_2min,2,440.0
wheel_speed,veh_yawrate,60.0,737.3,10.26,19.26,13.78,1.39,0.171,0.051,True,S/S3c,S,every_2min,2,440.0
obd,gps_hold,60.0,737.3,1233.89,1233.89,581.63,167.35,20.565,0.074,False,S/S3c,S,every_2min,2,440.0
hold,imu_aligned,60.0,737.3,1184.57,1184.57,595.25,160.66,19.743,3.618,False,S/S3c,S,every_2min,2,440.0
imu_integrate,imu_aligned,60.0,737.3,2028.8,2028.8,1118.59,275.16,33.813,13.496,False,S/S3c,S,every_2min,2,440.0
truth,truth,60.0,261.6,0.73,1.03,0.72,0.28,0.012,,True,S/S3c,S,every_2min,3,620.0
truth,veh_yawrate,60.0,261.6,11.31,21.87,12.69,4.32,0.189,,True,S/S3c,S,every_2min,3,620.0
hold,truth,60.0,261.6,54.2,54.2,23.58,20.72,0.903,2.213,False,S/S3c,S,every_2min,3,620.0
obd,veh_yawrate,60.0,261.6,13.69,22.22,13.68,5.23,0.228,0.088,True,S/S3c,S,every_2min,3,620.0
wheel_speed,veh_yawrate,60.0,261.6,12.01,21.73,12.98,4.59,0.2,0.067,True,S/S3c,S,every_2min,3,620.0
obd,gps_hold,60.0,261.6,313.65,313.65,152.54,119.91,5.227,0.088,False,S/S3c,S,every_2min,3,620.0
hold,imu_aligned,60.0,261.6,310.64,310.64,172.03,118.76,5.177,2.213,False,S/S3c,S,every_2min,3,620.0
imu_integrate,imu_aligned,60.0,261.6,410.64,410.64,220.17,157.0,6.844,3.023,False,S/S3c,S,every_2min,3,620.0
truth,truth,60.0,270.8,0.35,1.21,0.72,0.13,0.006,,True,S/S3c,S,every_2min,4,830.0
truth,veh_yawrate,60.0,270.8,234.04,234.04,140.69,86.44,3.901,,False,S/S3c,S,every_2min,4,830.0
hold,truth,60.0,270.8,56.51,56.51,15.88,20.87,0.942,1.758,False,S/S3c,S,every_2min,4,830.0
obd,veh_yawrate,60.0,270.8,234.88,234.89,141.1,86.75,3.915,0.115,False,S/S3c,S,every_2min,4,830.0
wheel_speed,veh_yawrate,60.0,270.8,233.96,233.96,140.62,86.41,3.899,0.099,False,S/S3c,S,every_2min,4,830.0
obd,gps_hold,60.0,270.8,296.35,296.36,168.65,109.45,4.939,0.115,False,S/S3c,S,every_2min,4,830.0
hold,imu_aligned,60.0,270.8,356.77,356.77,185.46,131.77,5.946,1.758,False,S/S3c,S,every_2min,4,830.0
imu_integrate,imu_aligned,60.0,270.8,455.59,455.59,211.0,168.27,7.593,3.921,False,S/S3c,S,every_2min,4,830.0
truth,truth,60.0,1084.5,0.37,1.19,0.78,0.03,0.006,,True,S/S3c,S,every_2min,5,1010.0
truth,veh_yawrate,60.0,1084.5,718.27,718.27,309.8,66.23,11.971,,False,S/S3c,S,every_2min,5,1010.0
hold,truth,60.0,1084.5,148.46,153.5,116.44,13.69,2.474,6.186,False,S/S3c,S,every_2min,5,1010.0
obd,veh_yawrate,60.0,1084.5,720.35,720.35,310.84,66.42,12.006,0.104,False,S/S3c,S,every_2min,5,1010.0
wheel_speed,veh_yawrate,60.0,1084.5,719.27,719.27,310.71,66.32,11.988,0.05,False,S/S3c,S,every_2min,5,1010.0
obd,gps_hold,60.0,1084.5,1054.61,1054.61,455.76,97.24,17.577,0.104,False,S/S3c,S,every_2min,5,1010.0
hold,imu_aligned,60.0,1084.5,1030.36,1030.36,491.9,95.01,17.173,6.186,False,S/S3c,S,every_2min,5,1010.0
imu_integrate,imu_aligned,60.0,1084.5,892.24,892.24,404.9,82.27,14.871,8.321,False,S/S3c,S,every_2min,5,1010.0
truth,truth,60.0,1873.8,1.4,1.41,0.83,0.07,0.023,,True,S/S3c,S,every_2min,6,1190.0
truth,veh_yawrate,60.0,1873.8,248.76,248.76,117.34,13.28,4.146,,False,S/S3c,S,every_2min,6,1190.0
hold,truth,60.0,1873.8,9.41,11.0,6.27,0.5,0.157,0.236,True,S/S3c,S,every_2min,6,1190.0
obd,veh_yawrate,60.0,1873.8,248.67,248.67,117.33,13.27,4.144,0.062,False,S/S3c,S,every_2min,6,1190.0
wheel_speed,veh_yawrate,60.0,1873.8,248.54,248.54,117.25,13.26,4.142,0.075,False,S/S3c,S,every_2min,6,1190.0
obd,gps_hold,60.0,1873.8,59.26,59.26,20.62,3.16,0.988,0.062,True,S/S3c,S,every_2min,6,1190.0
hold,imu_aligned,60.0,1873.8,58.94,58.94,21.01,3.15,0.982,0.236,True,S/S3c,S,every_2min,6,1190.0
imu_integrate,imu_aligned,60.0,1873.8,150.16,150.16,60.15,8.01,2.503,2.391,True,S/S3c,S,every_2min,6,1190.0
truth,truth,60.0,1569.0,1.89,1.9,1.16,0.12,0.032,,True,S/S3c,S,every_2min,7,1370.0
truth,veh_yawrate,60.0,1569.0,338.98,338.98,162.96,21.6,5.65,,False,S/S3c,S,every_2min,7,1370.0
hold,truth,60.0,1569.0,259.5,259.5,99.64,16.54,4.325,4.825,False,S/S3c,S,every_2min,7,1370.0
obd,veh_yawrate,60.0,1569.0,339.18,339.18,163.0,21.62,5.653,0.061,False,S/S3c,S,every_2min,7,1370.0
wheel_speed,veh_yawrate,60.0,1569.0,338.99,338.99,162.91,21.61,5.65,0.036,False,S/S3c,S,every_2min,7,1370.0
obd,gps_hold,60.0,1569.0,10.61,10.61,4.43,0.68,0.177,0.061,True,S/S3c,S,every_2min,7,1370.0
hold,imu_aligned,60.0,1569.0,260.04,260.04,99.82,16.57,4.334,4.825,False,S/S3c,S,every_2min,7,1370.0
imu_integrate,imu_aligned,60.0,1569.0,262.93,262.93,107.17,16.76,4.382,4.678,False,S/S3c,S,every_2min,7,1370.0
truth,truth,60.0,697.1,1.13,1.47,0.85,0.16,0.019,,True,S/S3c,S,every_2min,8,1550.0
truth,veh_yawrate,60.0,697.1,374.55,374.55,170.06,53.73,6.243,,False,S/S3c,S,every_2min,8,1550.0
hold,truth,60.0,697.1,124.71,124.71,67.29,17.89,2.079,3.759,False,S/S3c,S,every_2min,8,1550.0
obd,veh_yawrate,60.0,697.1,374.5,374.5,169.85,53.72,6.242,0.077,False,S/S3c,S,every_2min,8,1550.0
wheel_speed,veh_yawrate,60.0,697.1,374.64,374.64,169.9,53.74,6.244,0.067,False,S/S3c,S,every_2min,8,1550.0
obd,gps_hold,60.0,697.1,449.13,449.13,190.56,64.42,7.486,0.077,False,S/S3c,S,every_2min,8,1550.0
hold,imu_aligned,60.0,697.1,542.29,542.29,239.02,77.79,9.038,3.759,False,S/S3c,S,every_2min,8,1550.0
imu_integrate,imu_aligned,60.0,697.1,879.88,879.88,373.9,126.21,14.665,11.268,False,S/S3c,S,every_2min,8,1550.0
truth,truth,60.0,512.1,3.69,3.71,1.8,0.72,0.061,,True,S/S3c,S,every_2min,9,1730.0
truth,veh_yawrate,60.0,512.1,245.63,245.63,104.14,47.96,4.094,,False,S/S3c,S,every_2min,9,1730.0
hold,truth,60.0,512.1,82.63,82.63,52.56,16.14,1.377,2.309,False,S/S3c,S,every_2min,9,1730.0
obd,veh_yawrate,60.0,512.1,247.37,247.37,104.97,48.3,4.123,0.083,False,S/S3c,S,every_2min,9,1730.0
wheel_speed,veh_yawrate,60.0,512.1,245.72,245.72,104.09,47.98,4.095,0.06,False,S/S3c,S,every_2min,9,1730.0
obd,gps_hold,60.0,512.1,569.58,569.58,239.11,111.22,9.493,0.083,False,S/S3c,S,every_2min,9,1730.0
hold,imu_aligned,60.0,512.1,604.09,604.09,273.71,117.96,10.068,2.309,False,S/S3c,S,every_2min,9,1730.0
imu_integrate,imu_aligned,60.0,512.1,932.35,932.35,458.98,182.06,15.539,6.9,False,S/S3c,S,every_2min,9,1730.0
truth,truth,60.0,457.8,3.44,3.44,1.92,0.75,0.057,,True,S/S3c,S,every_2min,10,1910.0
truth,veh_yawrate,60.0,457.8,45.83,45.83,21.71,10.01,0.764,,False,S/S3c,S,every_2min,10,1910.0
hold,truth,60.0,457.8,78.03,78.03,31.89,17.04,1.3,2.602,False,S/S3c,S,every_2min,10,1910.0
obd,veh_yawrate,60.0,457.8,46.35,46.35,21.88,10.12,0.772,0.065,False,S/S3c,S,every_2min,10,1910.0
wheel_speed,veh_yawrate,60.0,457.8,45.3,45.3,21.34,9.9,0.755,0.051,True,S/S3c,S,every_2min,10,1910.0
obd,gps_hold,60.0,457.8,602.02,602.02,277.44,131.49,10.034,0.065,False,S/S3c,S,every_2min,10,1910.0
hold,imu_aligned,60.0,457.8,558.17,558.17,268.91,121.91,9.303,2.602,False,S/S3c,S,every_2min,10,1910.0
imu_integrate,imu_aligned,60.0,457.8,783.59,783.59,380.53,171.15,13.06,4.618,False,S/S3c,S,every_2min,10,1910.0
truth,truth,60.0,515.4,2.83,2.89,1.52,0.55,0.047,,True,S/S3c,S,every_2min,11,2180.0
truth,veh_yawrate,60.0,515.4,10.72,10.72,6.9,2.08,0.179,,True,S/S3c,S,every_2min,11,2180.0
hold,truth,60.0,515.4,392.83,392.83,153.84,76.22,6.547,6.818,False,S/S3c,S,every_2min,11,2180.0
obd,veh_yawrate,60.0,515.4,11.14,11.14,7.27,2.16,0.186,0.074,True,S/S3c,S,every_2min,11,2180.0
wheel_speed,veh_yawrate,60.0,515.4,10.59,10.59,6.83,2.06,0.177,0.05,True,S/S3c,S,every_2min,11,2180.0
obd,gps_hold,60.0,515.4,7.57,16.29,11.21,1.47,0.126,0.074,True,S/S3c,S,every_2min,11,2180.0
hold,imu_aligned,60.0,515.4,394.38,394.38,154.99,76.52,6.573,6.818,False,S/S3c,S,every_2min,11,2180.0
imu_integrate,imu_aligned,60.0,515.4,571.95,571.95,226.62,110.97,9.532,10.524,False,S/S3c,S,every_2min,11,2180.0
truth,truth,60.0,730.8,6.07,6.07,3.43,0.83,0.101,,True,S/S3c,S,every_2min,12,2360.0
truth,veh_yawrate,60.0,730.8,18.45,18.45,7.77,2.52,0.308,,True,S/S3c,S,every_2min,12,2360.0
hold,truth,60.0,730.8,24.93,26.79,16.8,3.41,0.416,0.633,True,S/S3c,S,every_2min,12,2360.0
obd,veh_yawrate,60.0,730.8,20.14,20.14,8.98,2.76,0.336,0.098,True,S/S3c,S,every_2min,12,2360.0
wheel_speed,veh_yawrate,60.0,730.8,18.51,18.51,7.83,2.53,0.308,0.069,True,S/S3c,S,every_2min,12,2360.0
obd,gps_hold,60.0,730.8,50.21,69.59,39.77,6.87,0.837,0.098,True,S/S3c,S,every_2min,12,2360.0
hold,imu_aligned,60.0,730.8,65.33,71.04,48.27,8.94,1.089,0.633,True,S/S3c,S,every_2min,12,2360.0
imu_integrate,imu_aligned,60.0,730.8,443.17,443.17,206.89,60.65,7.386,7.955,False,S/S3c,S,every_2min,12,2360.0
truth,truth,60.0,434.9,15.7,15.7,6.2,3.61,0.262,,True,S/S3c,S,every_2min,13,2540.0
truth,veh_yawrate,60.0,434.9,15.96,15.96,6.9,3.67,0.266,,True,S/S3c,S,every_2min,13,2540.0
hold,truth,60.0,434.9,115.8,115.8,74.6,26.63,1.93,2.366,False,S/S3c,S,every_2min,13,2540.0
obd,veh_yawrate,60.0,434.9,9.97,21.62,8.92,2.29,0.166,0.62,True,S/S3c,S,every_2min,13,2540.0
wheel_speed,veh_yawrate,60.0,434.9,7.68,19.76,7.71,1.77,0.128,0.632,True,S/S3c,S,every_2min,13,2540.0
obd,gps_hold,60.0,434.9,166.19,166.19,74.56,38.21,2.77,0.62,False,S/S3c,S,every_2min,13,2540.0
hold,imu_aligned,60.0,434.9,250.85,250.85,133.32,57.68,4.181,2.366,False,S/S3c,S,every_2min,13,2540.0
imu_integrate,imu_aligned,60.0,434.9,300.54,300.54,186.93,69.1,5.009,3.648,False,S/S3c,S,every_2min,13,2540.0
truth,truth,60.0,449.3,23.83,23.83,15.17,5.3,0.397,,True,S/S3c,S,every_2min,14,2720.0
truth,veh_yawrate,60.0,449.3,10.66,16.01,8.34,2.37,0.178,,True,S/S3c,S,every_2min,14,2720.0
hold,truth,60.0,449.3,23.4,45.84,35.97,5.21,0.39,1.649,True,S/S3c,S,every_2min,14,2720.0
obd,veh_yawrate,60.0,449.3,21.48,35.6,28.36,4.78,0.358,1.145,True,S/S3c,S,every_2min,14,2720.0
wheel_speed,veh_yawrate,60.0,449.3,18.19,34.61,26.94,4.05,0.303,1.187,True,S/S3c,S,every_2min,14,2720.0
obd,gps_hold,60.0,449.3,188.96,228.14,164.13,42.05,3.149,1.145,False,S/S3c,S,every_2min,14,2720.0
hold,imu_aligned,60.0,449.3,215.86,256.2,188.43,48.04,3.598,1.649,False,S/S3c,S,every_2min,14,2720.0
imu_integrate,imu_aligned,60.0,449.3,148.93,176.22,123.29,33.14,2.482,5.481,False,S/S3c,S,every_2min,14,2720.0
truth,truth,60.0,845.0,0.95,3.79,1.83,0.11,0.016,,True,S/S3c,S,every_2min,15,2900.0
truth,veh_yawrate,60.0,845.0,330.33,330.33,149.2,39.09,5.505,,False,S/S3c,S,every_2min,15,2900.0
hold,truth,60.0,845.0,305.74,305.74,141.4,36.18,5.096,5.533,False,S/S3c,S,every_2min,15,2900.0
obd,veh_yawrate,60.0,845.0,330.43,330.43,149.01,39.1,5.507,0.173,False,S/S3c,S,every_2min,15,2900.0
wheel_speed,veh_yawrate,60.0,845.0,327.63,327.63,147.95,38.77,5.461,0.221,False,S/S3c,S,every_2min,15,2900.0
obd,gps_hold,60.0,845.0,1465.73,1465.73,697.81,173.46,24.429,0.173,False,S/S3c,S,every_2min,15,2900.0
hold,imu_aligned,60.0,845.0,1221.07,1221.07,606.64,144.5,20.351,5.533,False,S/S3c,S,every_2min,15,2900.0
imu_integrate,imu_aligned,60.0,845.0,1194.86,1194.86,624.37,141.4,19.914,6.667,False,S/S3c,S,every_2min,15,2900.0
truth,truth,60.0,706.8,3.03,3.31,2.54,0.43,0.05,,True,S/S3c,S,every_2min,16,3080.0
truth,veh_yawrate,60.0,706.8,8.83,8.83,4.36,1.25,0.147,,True,S/S3c,S,every_2min,16,3080.0
hold,truth,60.0,706.8,391.9,391.9,157.89,55.45,6.532,6.967,False,S/S3c,S,every_2min,16,3080.0
obd,veh_yawrate,60.0,706.8,9.24,9.24,4.24,1.31,0.154,0.062,True,S/S3c,S,every_2min,16,3080.0
wheel_speed,veh_yawrate,60.0,706.8,8.93,8.93,5.15,1.26,0.149,0.1,True,S/S3c,S,every_2min,16,3080.0
obd,gps_hold,60.0,706.8,379.38,379.38,254.3,53.68,6.323,0.062,False,S/S3c,S,every_2min,16,3080.0
hold,imu_aligned,60.0,706.8,624.03,624.03,328.27,88.29,10.401,6.967,False,S/S3c,S,every_2min,16,3080.0
imu_integrate,imu_aligned,60.0,706.8,414.3,414.3,258.26,58.62,6.905,4.989,False,S/S3c,S,every_2min,16,3080.0
truth,truth,60.0,1040.8,68.3,68.3,52.26,6.56,1.138,,True,S/S3c,S,every_2min,17,3260.0
truth,veh_yawrate,60.0,1040.8,88.3,88.3,46.85,8.48,1.472,,True,S/S3c,S,every_2min,17,3260.0
hold,truth,60.0,1040.8,76.36,77.08,59.77,7.34,1.273,1.151,True,S/S3c,S,every_2min,17,3260.0
obd,veh_yawrate,60.0,1040.8,112.11,112.11,57.47,10.77,1.868,1.12,False,S/S3c,S,every_2min,17,3260.0
wheel_speed,veh_yawrate,60.0,1040.8,109.36,109.36,55.94,10.51,1.823,1.058,False,S/S3c,S,every_2min,17,3260.0
obd,gps_hold,60.0,1040.8,886.73,886.73,409.78,85.2,14.779,1.12,False,S/S3c,S,every_2min,17,3260.0
hold,imu_aligned,60.0,1040.8,871.05,871.05,401.49,83.69,14.517,1.151,False,S/S3c,S,every_2min,17,3260.0
imu_integrate,imu_aligned,60.0,1040.8,714.17,714.17,349.47,68.62,11.903,6.29,False,S/S3c,S,every_2min,17,3260.0
truth,truth,60.0,460.3,4.95,5.41,3.27,1.08,0.083,,True,S/S3c,S,every_2min,18,3440.0
truth,veh_yawrate,60.0,460.3,57.51,60.17,32.61,12.5,0.959,,False,S/S3c,S,every_2min,18,3440.0
hold,truth,60.0,460.3,415.1,445.73,283.5,90.19,6.918,9.796,False,S/S3c,S,every_2min,18,3440.0
obd,veh_yawrate,60.0,460.3,57.72,60.13,32.35,12.54,0.962,0.126,False,S/S3c,S,every_2min,18,3440.0
wheel_speed,veh_yawrate,60.0,460.3,59.02,61.45,32.95,12.82,0.984,0.146,False,S/S3c,S,every_2min,18,3440.0
obd,gps_hold,60.0,460.3,183.59,183.59,62.81,39.89,3.06,0.126,False,S/S3c,S,every_2min,18,3440.0
hold,imu_aligned,60.0,460.3,741.42,741.42,349.14,161.08,12.357,9.796,False,S/S3c,S,every_2min,18,3440.0
imu_integrate,imu_aligned,60.0,460.3,1109.75,1109.75,492.4,241.11,18.496,15.987,False,S/S3c,S,every_2min,18,3440.0
truth,truth,60.0,492.5,115.09,126.09,93.43,23.37,1.918,,False,S/S3c,S,every_2min,19,3620.0
truth,veh_yawrate,60.0,492.5,163.84,169.92,111.21,33.26,2.731,,False,S/S3c,S,every_2min,19,3620.0
hold,truth,60.0,492.5,118.48,155.78,113.95,24.05,1.975,6.025,False,S/S3c,S,every_2min,19,3620.0
obd,veh_yawrate,60.0,492.5,103.81,107.97,69.07,21.08,1.73,4.638,False,S/S3c,S,every_2min,19,3620.0
wheel_speed,veh_yawrate,60.0,492.5,104.58,108.71,69.3,21.23,1.743,4.628,False,S/S3c,S,every_2min,19,3620.0
obd,gps_hold,60.0,492.5,489.99,489.99,290.63,99.48,8.167,4.638,False,S/S3c,S,every_2min,19,3620.0
hold,imu_aligned,60.0,492.5,470.78,470.78,269.79,95.58,7.846,6.025,False,S/S3c,S,every_2min,19,3620.0
imu_integrate,imu_aligned,60.0,492.5,362.67,362.67,219.66,73.63,6.044,5.234,False,S/S3c,S,every_2min,19,3620.0
truth,truth,60.0,639.8,1.19,1.37,0.94,0.19,0.02,,True,S/S4,S,isro_60s,0,120.0
truth,veh_yawrate,60.0,639.8,58.87,58.87,24.86,9.2,0.981,,True,S/S4,S,isro_60s,0,120.0
hold,truth,60.0,639.8,58.21,58.21,25.96,9.1,0.97,1.146,True,S/S4,S,isro_60s,0,120.0
obd,veh_yawrate,60.0,639.8,58.54,58.54,24.75,9.15,0.976,0.072,True,S/S4,S,isro_60s,0,120.0
wheel_speed,veh_yawrate,60.0,639.8,59.97,59.97,25.49,9.37,0.999,0.093,True,S/S4,S,isro_60s,0,120.0
obd,gps_hold,60.0,639.8,106.2,106.2,40.08,16.6,1.77,0.072,False,S/S4,S,isro_60s,0,120.0
hold,imu_aligned,60.0,639.8,133.73,133.73,52.72,20.9,2.229,1.146,False,S/S4,S,isro_60s,0,120.0
imu_integrate,imu_aligned,60.0,639.8,209.88,210.71,142.28,32.81,3.498,3.588,False,S/S4,S,isro_60s,0,120.0
truth,truth,157.3,1000.1,1.58,2.13,1.6,0.16,0.01,,True,S/S4,S,isro_1km,0,50.0
truth,veh_yawrate,157.3,1000.1,119.46,121.68,61.58,11.94,0.759,,False,S/S4,S,isro_1km,0,50.0
hold,truth,157.3,1000.1,398.42,430.38,252.26,39.84,2.533,4.83,False,S/S4,S,isro_1km,0,50.0
obd,veh_yawrate,157.3,1000.1,120.21,122.26,61.72,12.02,0.764,0.069,False,S/S4,S,isro_1km,0,50.0
wheel_speed,veh_yawrate,157.3,1000.1,121.29,122.16,61.49,12.13,0.771,0.136,False,S/S4,S,isro_1km,0,50.0
obd,gps_hold,157.3,1000.1,919.23,948.78,542.57,91.91,5.844,0.069,False,S/S4,S,isro_1km,0,50.0
hold,imu_aligned,157.3,1000.1,739.33,794.21,460.61,73.92,4.7,4.83,False,S/S4,S,isro_1km,0,50.0
imu_integrate,imu_aligned,157.3,1000.1,913.99,968.85,632.0,91.39,5.81,7.214,False,S/S4,S,isro_1km,0,50.0
truth,truth,30.0,329.3,0.87,0.93,0.53,0.26,0.029,,True,S/S4,S,tunnels,0,132.5
truth,veh_yawrate,30.0,329.3,12.48,12.48,4.19,3.79,0.416,,True,S/S4,S,tunnels,0,132.5
hold,truth,30.0,329.3,2.91,6.83,4.49,0.88,0.097,0.836,True,S/S4,S,tunnels,0,132.5
obd,veh_yawrate,30.0,329.3,12.24,12.24,4.2,3.72,0.408,0.066,True,S/S4,S,tunnels,0,132.5
wheel_speed,veh_yawrate,30.0,329.3,13.0,13.0,4.47,3.95,0.433,0.065,True,S/S4,S,tunnels,0,132.5
obd,gps_hold,30.0,329.3,28.32,28.32,8.79,8.6,0.944,0.066,True,S/S4,S,tunnels,0,132.5
hold,imu_aligned,30.0,329.3,27.89,27.89,9.82,8.47,0.93,0.836,True,S/S4,S,tunnels,0,132.5
imu_integrate,imu_aligned,30.0,329.3,41.52,41.52,19.03,12.61,1.384,1.536,False,S/S4,S,tunnels,0,132.5
truth,truth,30.0,233.3,1.44,1.47,0.91,0.62,0.048,,True,S/S4,S,tunnels,1,267.5
truth,veh_yawrate,30.0,233.3,20.61,20.61,12.79,8.83,0.687,,True,S/S4,S,tunnels,1,267.5
hold,truth,30.0,233.3,88.23,88.23,30.98,37.82,2.941,2.998,False,S/S4,S,tunnels,1,267.5
obd,veh_yawrate,30.0,233.3,20.82,20.82,12.94,8.92,0.694,0.07,True,S/S4,S,tunnels,1,267.5
wheel_speed,veh_yawrate,30.0,233.3,20.57,20.57,12.77,8.82,0.686,0.041,True,S/S4,S,tunnels,1,267.5
obd,gps_hold,30.0,233.3,57.84,57.84,35.62,24.8,1.928,0.07,False,S/S4,S,tunnels,1,267.5
hold,imu_aligned,30.0,233.3,112.54,112.54,49.9,48.24,3.751,2.998,False,S/S4,S,tunnels,1,267.5
imu_integrate,imu_aligned,30.0,233.3,253.42,253.42,109.18,108.64,8.447,7.934,False,S/S4,S,tunnels,1,267.5
truth,truth,30.0,231.3,0.59,1.17,0.72,0.25,0.02,,True,S/S4,S,tunnels,2,447.5
truth,veh_yawrate,30.0,231.3,150.05,150.05,78.73,64.88,5.002,,False,S/S4,S,tunnels,2,447.5
hold,truth,30.0,231.3,15.93,18.27,14.24,6.89,0.531,1.365,True,S/S4,S,tunnels,2,447.5
obd,veh_yawrate,30.0,231.3,151.97,151.97,80.08,65.72,5.066,0.119,False,S/S4,S,tunnels,2,447.5
wheel_speed,veh_yawrate,30.0,231.3,150.68,150.68,79.31,65.16,5.023,0.084,False,S/S4,S,tunnels,2,447.5
obd,gps_hold,30.0,231.3,270.36,270.36,134.89,116.91,9.012,0.119,False,S/S4,S,tunnels,2,447.5
hold,imu_aligned,30.0,231.3,278.2,278.2,145.24,120.3,9.273,1.365,False,S/S4,S,tunnels,2,447.5
imu_integrate,imu_aligned,30.0,231.3,456.7,456.7,246.0,197.49,15.223,6.72,False,S/S4,S,tunnels,2,447.5
truth,truth,30.0,191.5,0.4,0.77,0.47,0.21,0.013,,True,S/S4,S,tunnels,3,582.5
truth,veh_yawrate,30.0,191.5,1.07,1.26,0.86,0.56,0.036,,True,S/S4,S,tunnels,3,582.5
hold,truth,30.0,191.5,144.1,144.1,83.86,75.26,4.803,5.542,False,S/S4,S,tunnels,3,582.5
obd,veh_yawrate,30.0,191.5,1.73,1.73,1.08,0.9,0.058,0.072,True,S/S4,S,tunnels,3,582.5
wheel_speed,veh_yawrate,30.0,191.5,1.24,1.24,0.82,0.65,0.041,0.063,True,S/S4,S,tunnels,3,582.5
obd,gps_hold,30.0,191.5,1.75,2.65,1.77,0.92,0.058,0.072,True,S/S4,S,tunnels,3,582.5
hold,imu_aligned,30.0,191.5,143.82,143.82,83.74,75.12,4.794,5.542,False,S/S4,S,tunnels,3,582.5
imu_integrate,imu_aligned,30.0,191.5,146.43,146.43,78.19,76.48,4.881,5.326,False,S/S4,S,tunnels,3,582.5
truth,truth,30.0,389.1,1.5,1.56,1.06,0.39,0.05,,True,S/S4,S,tunnels,4,717.5
truth,veh_yawrate,30.0,389.1,37.79,37.79,17.96,9.71,1.26,,True,S/S4,S,tunnels,4,717.5
hold,truth,30.0,389.1,68.43,68.43,32.88,17.59,2.281,4.193,False,S/S4,S,tunnels,4,717.5
obd,veh_yawrate,30.0,389.1,38.55,38.55,18.41,9.91,1.285,0.231,True,S/S4,S,tunnels,4,717.5
wheel_speed,veh_yawrate,30.0,389.1,37.98,37.98,18.05,9.76,1.266,0.188,True,S/S4,S,tunnels,4,717.5
obd,gps_hold,30.0,389.1,545.96,545.96,274.83,140.3,18.199,0.231,False,S/S4,S,tunnels,4,717.5
hold,imu_aligned,30.0,389.1,506.8,506.8,269.41,130.24,16.893,4.193,False,S/S4,S,tunnels,4,717.5
imu_integrate,imu_aligned,30.0,389.1,551.66,551.66,292.57,141.77,18.389,2.975,False,S/S4,S,tunnels,4,717.5
truth,truth,30.0,414.9,1.25,1.25,0.69,0.3,0.042,,True,S/S4,S,tunnels,5,852.5
truth,veh_yawrate,30.0,414.9,5.1,5.1,2.28,1.23,0.17,,True,S/S4,S,tunnels,5,852.5
hold,truth,30.0,414.9,87.99,87.99,56.15,21.21,2.933,2.935,False,S/S4,S,tunnels,5,852.5
obd,veh_yawrate,30.0,414.9,5.27,5.27,2.56,1.27,0.176,0.096,True,S/S4,S,tunnels,5,852.5
wheel_speed,veh_yawrate,30.0,414.9,5.14,5.14,2.26,1.24,0.171,0.085,True,S/S4,S,tunnels,5,852.5
obd,gps_hold,30.0,414.9,57.66,57.66,30.93,13.9,1.922,0.096,False,S/S4,S,tunnels,5,852.5
hold,imu_aligned,30.0,414.9,100.96,100.96,61.87,24.33,3.365,2.935,False,S/S4,S,tunnels,5,852.5
imu_integrate,imu_aligned,30.0,414.9,127.02,127.02,74.63,30.61,4.234,3.944,False,S/S4,S,tunnels,5,852.5
truth,truth,30.0,304.8,4.07,4.07,2.18,1.34,0.136,,True,S/S4,S,tunnels,6,987.5
truth,veh_yawrate,30.0,304.8,11.04,11.04,5.33,3.62,0.368,,True,S/S4,S,tunnels,6,987.5
hold,truth,30.0,304.8,17.32,17.32,6.74,5.68,0.577,1.026,True,S/S4,S,tunnels,6,987.5
obd,veh_yawrate,30.0,304.8,10.86,10.86,5.16,3.56,0.362,0.202,True,S/S4,S,tunnels,6,987.5
wheel_speed,veh_yawrate,30.0,304.8,10.75,10.75,5.19,3.53,0.358,0.207,True,S/S4,S,tunnels,6,987.5
obd,gps_hold,30.0,304.8,106.44,106.44,61.71,34.93,3.548,0.202,False,S/S4,S,tunnels,6,987.5
hold,imu_aligned,30.0,304.8,110.73,110.73,63.07,36.33,3.691,1.026,False,S/S4,S,tunnels,6,987.5
imu_integrate,imu_aligned,30.0,304.8,141.1,141.1,69.74,46.3,4.703,3.505,False,S/S4,S,tunnels,6,987.5
truth,truth,30.0,86.1,1.24,1.28,1.04,1.44,0.041,,True,S/S4,S,tunnels,7,1212.5
truth,veh_yawrate,30.0,86.1,15.73,15.73,6.09,18.27,0.524,,False,S/S4,S,tunnels,7,1212.5
hold,truth,30.0,86.1,113.16,115.57,73.47,131.43,3.772,9.913,False,S/S4,S,tunnels,7,1212.5
obd,veh_yawrate,30.0,86.1,16.85,16.85,6.53,19.56,0.562,0.101,False,S/S4,S,tunnels,7,1212.5
wheel_speed,veh_yawrate,30.0,86.1,16.3,16.3,6.26,18.93,0.543,0.067,False,S/S4,S,tunnels,7,1212.5
obd,gps_hold,30.0,86.1,17.18,17.19,9.74,19.96,0.573,0.101,False,S/S4,S,tunnels,7,1212.5
hold,imu_aligned,30.0,86.1,312.74,312.74,164.04,363.23,10.425,9.913,False,S/S4,S,tunnels,7,1212.5
imu_integrate,imu_aligned,30.0,86.1,508.38,508.38,259.49,590.44,16.946,16.427,False,S/S4,S,tunnels,7,1212.5
truth,truth,60.0,505.3,0.92,0.92,0.55,0.18,0.015,,True,S/S4,S,every_2min,0,140.0
truth,veh_yawrate,60.0,505.3,49.46,49.62,29.26,9.79,0.824,,True,S/S4,S,every_2min,0,140.0
hold,truth,60.0,505.3,139.44,139.44,54.03,27.6,2.324,2.842,False,S/S4,S,every_2min,0,140.0
obd,veh_yawrate,60.0,505.3,49.87,50.06,29.21,9.87,0.831,0.075,True,S/S4,S,every_2min,0,140.0
wheel_speed,veh_yawrate,60.0,505.3,50.7,50.71,29.56,10.03,0.845,0.066,False,S/S4,S,every_2min,0,140.0
obd,gps_hold,60.0,505.3,185.7,185.7,98.04,36.75,3.095,0.075,False,S/S4,S,every_2min,0,140.0
hold,imu_aligned,60.0,505.3,279.52,279.52,122.54,55.32,4.659,2.842,False,S/S4,S,every_2min,0,140.0
imu_integrate,imu_aligned,60.0,505.3,448.15,448.15,187.35,88.7,7.469,6.186,False,S/S4,S,every_2min,0,140.0
truth,truth,60.0,710.4,1.44,1.45,0.84,0.2,0.024,,True,S/S4,S,every_2min,1,320.0
truth,veh_yawrate,60.0,710.4,33.43,33.43,22.22,4.71,0.557,,True,S/S4,S,every_2min,1,320.0
hold,truth,60.0,710.4,8.25,33.32,19.09,1.16,0.138,1.244,True,S/S4,S,every_2min,1,320.0
obd,veh_yawrate,60.0,710.4,33.76,33.76,22.42,4.75,0.563,0.079,True,S/S4,S,every_2min,1,320.0
wheel_speed,veh_yawrate,60.0,710.4,33.43,33.43,22.23,4.71,0.557,0.077,True,S/S4,S,every_2min,1,320.0
obd,gps_hold,60.0,710.4,112.95,112.95,77.57,15.9,1.883,0.079,False,S/S4,S,every_2min,1,320.0
hold,imu_aligned,60.0,710.4,113.64,113.64,78.48,16.0,1.894,1.244,False,S/S4,S,every_2min,1,320.0
imu_integrate,imu_aligned,60.0,710.4,618.27,618.27,316.51,87.04,10.305,10.008,False,S/S4,S,every_2min,1,320.0
truth,truth,60.0,455.6,1.39,1.41,1.01,0.3,0.023,,True,S/S4,S,every_2min,2,500.0
truth,veh_yawrate,60.0,455.6,64.5,108.13,75.77,14.16,1.075,,False,S/S4,S,every_2min,2,500.0
hold,truth,60.0,455.6,83.63,93.94,62.71,18.36,1.394,4.776,False,S/S4,S,every_2min,2,500.0
obd,veh_yawrate,60.0,455.6,64.83,108.29,75.91,14.23,1.08,0.078,False,S/S4,S,every_2min,2,500.0
wheel_speed,veh_yawrate,60.0,455.6,64.81,107.82,75.59,14.23,1.08,0.052,False,S/S4,S,every_2min,2,500.0
obd,gps_hold,60.0,455.6,66.86,66.86,49.2,14.68,1.114,0.078,False,S/S4,S,every_2min,2,500.0
hold,imu_aligned,60.0,455.6,155.83,155.83,86.15,34.21,2.597,4.776,False,S/S4,S,every_2min,2,500.0
imu_integrate,imu_aligned,60.0,455.6,416.29,416.29,167.63,91.38,6.938,8.341,False,S/S4,S,every_2min,2,500.0
truth,truth,60.0,734.8,1.5,1.61,0.8,0.2,0.025,,True,S/S4,S,every_2min,3,680.0
truth,veh_yawrate,60.0,734.8,10.27,12.43,8.48,1.4,0.171,,True,S/S4,S,every_2min,3,680.0
hold,truth,60.0,734.8,28.58,55.24,31.19,3.89,0.476,2.794,True,S/S4,S,every_2min,3,680.0
obd,veh_yawrate,60.0,734.8,8.54,13.26,8.45,1.16,0.142,0.158,True,S/S4,S,every_2min,3,680.0
wheel_speed,veh_yawrate,60.0,734.8,6.94,12.62,7.93,0.94,0.116,0.132,True,S/S4,S,every_2min,3,680.0
obd,gps_hold,60.0,734.8,684.71,684.71,296.08,93.19,11.412,0.158,False,S/S4,S,every_2min,3,680.0
hold,imu_aligned,60.0,734.8,679.83,679.83,300.5,92.52,11.33,2.794,False,S/S4,S,every_2min,3,680.0
imu_integrate,imu_aligned,60.0,734.8,1270.01,1270.01,551.81,172.84,21.167,10.409,False,S/S4,S,every_2min,3,680.0
truth,truth,60.0,758.8,1.99,2.01,1.26,0.26,0.033,,True,S/S4,S,every_2min,4,860.0
truth,veh_yawrate,60.0,758.8,40.26,40.26,14.8,5.31,0.671,,True,S/S4,S,every_2min,4,860.0
hold,truth,60.0,758.8,125.47,125.47,67.82,16.54,2.091,2.115,False,S/S4,S,every_2min,4,860.0
obd,veh_yawrate,60.0,758.8,40.6,40.6,15.0,5.35,0.677,0.077,True,S/S4,S,every_2min,4,860.0
wheel_speed,veh_yawrate,60.0,758.8,40.23,40.23,14.83,5.3,0.671,0.077,True,S/S4,S,every_2min,4,860.0
obd,gps_hold,60.0,758.8,7.66,27.73,19.37,1.01,0.128,0.077,True,S/S4,S,every_2min,4,860.0
hold,imu_aligned,60.0,758.8,127.9,127.9,71.8,16.86,2.132,2.115,False,S/S4,S,every_2min,4,860.0
imu_integrate,imu_aligned,60.0,758.8,79.64,79.64,43.93,10.5,1.327,1.418,False,S/S4,S,every_2min,4,860.0
truth,truth,60.0,678.3,2.72,2.72,1.09,0.4,0.045,,True,S/S4,S,every_2min,5,1070.0
truth,veh_yawrate,60.0,678.3,75.87,75.87,43.53,11.18,1.264,,False,S/S4,S,every_2min,5,1070.0
hold,truth,60.0,678.3,140.86,166.14,119.01,20.77,2.348,5.216,False,S/S4,S,every_2min,5,1070.0
obd,veh_yawrate,60.0,678.3,75.9,75.9,43.42,11.19,1.265,0.103,False,S/S4,S,every_2min,5,1070.0
wheel_speed,veh_yawrate,60.0,678.3,76.23,76.23,43.7,11.24,1.271,0.046,False,S/S4,S,every_2min,5,1070.0
obd,gps_hold,60.0,678.3,808.56,808.56,440.58,119.2,13.476,0.103,False,S/S4,S,every_2min,5,1070.0
hold,imu_aligned,60.0,678.3,803.7,803.7,444.48,118.48,13.395,5.216,False,S/S4,S,every_2min,5,1070.0
imu_integrate,imu_aligned,60.0,678.3,686.51,686.51,357.78,101.21,11.442,7.76,False,S/S4,S,every_2min,5,1070.0
truth,truth,60.0,506.0,1.12,1.29,0.7,0.22,0.019,,True,S/S4,S,every_2min,6,1280.0
truth,veh_yawrate,60.0,506.0,209.12,209.12,124.17,41.33,3.485,,False,S/S4,S,every_2min,6,1280.0
hold,truth,60.0,506.0,130.7,136.17,84.78,25.83,2.178,3.402,False,S/S4,S,every_2min,6,1280.0
obd,veh_yawrate,60.0,506.0,210.43,210.43,124.81,41.59,3.507,0.076,False,S/S4,S,every_2min,6,1280.0
wheel_speed,veh_yawrate,60.0,506.0,209.62,209.62,124.35,41.43,3.494,0.051,False,S/S4,S,every_2min,6,1280.0
obd,gps_hold,60.0,506.0,80.37,80.37,52.32,15.88,1.339,0.076,False,S/S4,S,every_2min,6,1280.0
hold,imu_aligned,60.0,506.0,167.66,172.19,106.05,33.14,2.794,3.402,False,S/S4,S,every_2min,6,1280.0
imu_integrate,imu_aligned,60.0,506.0,292.27,292.27,145.15,57.77,4.871,5.174,False,S/S4,S,every_2min,6,1280.0
truth,truth,60.0,782.3,8.34,8.38,4.37,1.07,0.139,,True,S/S4,S,every_2min,7,1550.0
truth,veh_yawrate,60.0,782.3,26.18,26.18,14.83,3.35,0.436,,True,S/S4,S,every_2min,7,1550.0
hold,truth,60.0,782.3,48.21,48.21,24.51,6.16,0.804,2.042,True,S/S4,S,every_2min,7,1550.0
obd,veh_yawrate,60.0,782.3,26.03,26.03,14.94,3.33,0.434,0.242,True,S/S4,S,every_2min,7,1550.0
wheel_speed,veh_yawrate,60.0,782.3,25.53,25.53,14.44,3.26,0.425,0.237,True,S/S4,S,every_2min,7,1550.0
obd,gps_hold,60.0,782.3,131.94,131.94,52.3,16.87,2.199,0.242,False,S/S4,S,every_2min,7,1550.0
hold,imu_aligned,60.0,782.3,148.94,148.94,56.11,19.04,2.482,2.042,False,S/S4,S,every_2min,7,1550.0
imu_integrate,imu_aligned,60.0,782.3,322.08,322.08,107.72,41.17,5.368,4.332,False,S/S4,S,every_2min,7,1550.0
truth,truth,60.0,313.6,3.21,3.21,1.76,1.02,0.053,,True,S/S4,S,every_2min,8,1730.0
truth,veh_yawrate,60.0,313.6,356.29,356.29,209.28,113.63,5.938,,False,S/S4,S,every_2min,8,1730.0
hold,truth,60.0,313.6,316.99,316.99,173.24,101.1,5.283,5.671,False,S/S4,S,every_2min,8,1730.0
obd,veh_yawrate,60.0,313.6,358.32,358.32,210.52,114.28,5.972,0.095,False,S/S4,S,every_2min,8,1730.0
wheel_speed,veh_yawrate,60.0,313.6,356.3,356.3,209.29,113.63,5.938,0.101,False,S/S4,S,every_2min,8,1730.0
obd,gps_hold,60.0,313.6,174.56,174.56,104.28,55.67,2.909,0.095,False,S/S4,S,every_2min,8,1730.0
hold,imu_aligned,60.0,313.6,414.19,414.19,231.15,132.1,6.903,5.671,False,S/S4,S,every_2min,8,1730.0
imu_integrate,imu_aligned,60.0,313.6,890.0,890.0,497.16,283.84,14.833,13.598,False,S/S4,S,every_2min,8,1730.0
truth,truth,60.0,658.5,1.34,1.38,0.75,0.2,0.022,,True,S/S4,S,every_2min,9,1910.0
truth,veh_yawrate,60.0,658.5,27.87,27.87,12.81,4.23,0.465,,True,S/S4,S,every_2min,9,1910.0
hold,truth,60.0,658.5,59.03,59.03,26.38,8.96,0.984,2.092,True,S/S4,S,every_2min,9,1910.0
obd,veh_yawrate,60.0,658.5,28.55,28.55,13.32,4.34,0.476,0.09,True,S/S4,S,every_2min,9,1910.0
wheel_speed,veh_yawrate,60.0,658.5,28.59,28.59,13.35,4.34,0.477,0.058,True,S/S4,S,every_2min,9,1910.0
obd,gps_hold,60.0,658.5,440.79,440.79,242.06,66.94,7.347,0.09,False,S/S4,S,every_2min,9,1910.0
hold,imu_aligned,60.0,658.5,469.33,469.33,251.67,71.27,7.822,2.092,False,S/S4,S,every_2min,9,1910.0
imu_integrate,imu_aligned,60.0,658.5,467.64,467.64,239.38,71.01,7.794,2.98,False,S/S4,S,every_2min,9,1910.0
truth,truth,60.0,396.1,1.74,1.89,1.18,0.44,0.029,,True,S/S4,S,every_2min,10,2120.0
truth,veh_yawrate,60.0,396.1,155.46,155.46,50.15,39.24,2.591,,False,S/S4,S,every_2min,10,2120.0
hold,truth,60.0,396.1,67.74,67.74,31.05,17.1,1.129,4.871,False,S/S4,S,every_2min,10,2120.0
obd,veh_yawrate,60.0,396.1,156.74,156.74,50.61,39.57,2.612,0.088,False,S/S4,S,every_2min,10,2120.0
wheel_speed,veh_yawrate,60.0,396.1,154.88,154.88,49.84,39.1,2.581,0.056,False,S/S4,S,every_2min,10,2120.0
obd,gps_hold,60.0,396.1,235.48,235.48,81.66,59.45,3.925,0.088,False,S/S4,S,every_2min,10,2120.0
hold,imu_aligned,60.0,396.1,508.1,508.1,211.26,128.27,8.468,4.871,False,S/S4,S,every_2min,10,2120.0
imu_integrate,imu_aligned,60.0,396.1,850.41,850.41,366.12,214.68,14.174,10.548,False,S/S4,S,every_2min,10,2120.0
truth,truth,60.0,763.6,1.72,1.72,0.95,0.23,0.029,,True,S/S4,S,every_2min,11,2300.0
truth,veh_yawrate,60.0,763.6,77.01,77.01,34.7,10.09,1.284,,False,S/S4,S,every_2min,11,2300.0
hold,truth,60.0,763.6,28.96,37.03,24.11,3.79,0.483,1.064,True,S/S4,S,every_2min,11,2300.0
obd,veh_yawrate,60.0,763.6,77.93,77.93,35.15,10.21,1.299,0.098,False,S/S4,S,every_2min,11,2300.0
wheel_speed,veh_yawrate,60.0,763.6,77.05,77.05,34.7,10.09,1.284,0.058,False,S/S4,S,every_2min,11,2300.0
obd,gps_hold,60.0,763.6,266.68,266.68,117.42,34.93,4.445,0.098,False,S/S4,S,every_2min,11,2300.0
hold,imu_aligned,60.0,763.6,259.45,259.45,115.1,33.98,4.324,1.064,False,S/S4,S,every_2min,11,2300.0
imu_integrate,imu_aligned,60.0,763.6,364.69,364.69,156.71,47.76,6.078,3.209,False,S/S4,S,every_2min,11,2300.0
truth,truth,60.0,652.0,1.19,1.34,0.87,0.18,0.02,,True,S/S4,S,every_2min,12,2510.0
truth,veh_yawrate,60.0,652.0,68.85,68.85,24.05,10.56,1.147,,False,S/S4,S,every_2min,12,2510.0
hold,truth,60.0,652.0,158.75,199.3,158.18,24.35,2.646,4.446,False,S/S4,S,every_2min,12,2510.0
obd,veh_yawrate,60.0,652.0,67.74,67.74,22.97,10.39,1.129,0.112,False,S/S4,S,every_2min,12,2510.0
wheel_speed,veh_yawrate,60.0,652.0,68.6,68.6,24.23,10.52,1.143,0.085,False,S/S4,S,every_2min,12,2510.0
obd,gps_hold,60.0,652.0,368.57,368.57,130.79,56.53,6.143,0.112,False,S/S4,S,every_2min,12,2510.0
hold,imu_aligned,60.0,652.0,155.15,193.11,144.3,23.8,2.586,4.446,False,S/S4,S,every_2min,12,2510.0
imu_integrate,imu_aligned,60.0,652.0,518.53,518.53,178.17,79.53,8.642,7.201,False,S/S4,S,every_2min,12,2510.0
truth,truth,60.0,386.3,0.86,1.38,0.91,0.22,0.014,,True,S/S4,S,every_2min,13,2690.0
truth,veh_yawrate,60.0,386.3,53.17,53.2,25.41,13.76,0.886,,False,S/S4,S,every_2min,13,2690.0
hold,truth,60.0,386.3,82.87,87.45,63.58,21.45,1.381,3.76,False,S/S4,S,every_2min,13,2690.0
obd,veh_yawrate,60.0,386.3,54.86,54.86,25.93,14.2,0.914,0.064,False,S/S4,S,every_2min,13,2690.0
wheel_speed,veh_yawrate,60.0,386.3,52.24,52.24,24.83,13.52,0.871,0.056,False,S/S4,S,every_2min,13,2690.0
obd,gps_hold,60.0,386.3,194.16,212.57,114.89,50.26,3.236,0.064,False,S/S4,S,every_2min,13,2690.0
hold,imu_aligned,60.0,386.3,209.78,228.21,132.2,54.3,3.496,3.76,False,S/S4,S,every_2min,13,2690.0
imu_integrate,imu_aligned,60.0,386.3,273.98,273.98,116.55,70.92,4.566,6.549,False,S/S4,S,every_2min,13,2690.0
truth,truth,60.0,483.4,1.82,1.84,1.19,0.38,0.03,,True,S/S4,S,every_2min,14,2990.0
truth,veh_yawrate,60.0,483.4,4.91,6.64,4.69,1.02,0.082,,True,S/S4,S,every_2min,14,2990.0
hold,truth,60.0,483.4,66.67,66.84,41.71,13.79,1.111,2.969,False,S/S4,S,every_2min,14,2990.0
obd,veh_yawrate,60.0,483.4,5.17,6.86,4.76,1.07,0.086,0.083,True,S/S4,S,every_2min,14,2990.0
wheel_speed,veh_yawrate,60.0,483.4,4.12,6.13,4.39,0.85,0.069,0.057,True,S/S4,S,every_2min,14,2990.0
obd,gps_hold,60.0,483.4,451.05,451.05,349.39,93.31,7.517,0.083,False,S/S4,S,every_2min,14,2990.0
hold,imu_aligned,60.0,483.4,491.23,491.23,358.69,101.62,8.187,2.969,False,S/S4,S,every_2min,14,2990.0
imu_integrate,imu_aligned,60.0,483.4,873.13,873.13,517.86,180.62,14.552,7.619,False,S/S4,S,every_2min,14,2990.0
truth,truth,60.0,506.8,0.64,1.57,0.89,0.13,0.011,,True,S/S4,S,every_2min,15,3170.0
truth,veh_yawrate,60.0,506.8,41.41,41.41,30.74,8.17,0.69,,True,S/S4,S,every_2min,15,3170.0
hold,truth,60.0,506.8,184.92,184.92,99.93,36.49,3.082,4.256,False,S/S4,S,every_2min,15,3170.0
obd,veh_yawrate,60.0,506.8,44.01,44.01,32.11,8.68,0.734,0.124,True,S/S4,S,every_2min,15,3170.0
wheel_speed,veh_yawrate,60.0,506.8,42.5,42.5,31.27,8.39,0.708,0.095,True,S/S4,S,every_2min,15,3170.0
obd,gps_hold,60.0,506.8,455.56,460.44,338.52,89.89,7.593,0.124,False,S/S4,S,every_2min,15,3170.0
hold,imu_aligned,60.0,506.8,629.99,629.99,424.09,124.31,10.5,4.256,False,S/S4,S,every_2min,15,3170.0
imu_integrate,imu_aligned,60.0,506.8,983.64,983.64,620.16,194.09,16.394,9.917,False,S/S4,S,every_2min,15,3170.0
truth,truth,60.1,390.8,1.57,1.57,0.64,0.4,0.026,,True,S/S4,S,every_2min,16,3350.0
truth,veh_yawrate,60.1,390.8,5.5,5.5,1.92,1.41,0.091,,True,S/S4,S,every_2min,16,3350.0
hold,truth,60.1,390.8,148.32,148.32,93.33,37.96,2.468,3.087,False,S/S4,S,every_2min,16,3350.0
obd,veh_yawrate,60.1,390.8,8.14,8.14,3.04,2.08,0.136,0.075,True,S/S4,S,every_2min,16,3350.0
wheel_speed,veh_yawrate,60.1,390.8,5.76,5.76,1.98,1.47,0.096,0.06,True,S/S4,S,every_2min,16,3350.0
obd,gps_hold,60.1,390.8,162.13,162.13,39.15,41.49,2.698,0.075,False,S/S4,S,every_2min,16,3350.0
hold,imu_aligned,60.1,390.8,283.71,283.71,114.64,72.61,4.721,3.087,False,S/S4,S,every_2min,16,3350.0
imu_integrate,imu_aligned,60.1,390.8,207.6,207.6,99.22,53.13,3.454,3.447,False,S/S4,S,every_2min,16,3350.0
truth,truth,60.0,359.8,0.72,1.01,0.58,0.2,0.012,,True,S/S4,S,every_2min,17,4430.1
truth,veh_yawrate,60.0,359.8,48.7,173.23,103.69,13.54,0.812,,False,S/S4,S,every_2min,17,4430.1
hold,truth,60.0,359.8,205.56,205.56,129.52,57.14,3.426,5.125,False,S/S4,S,every_2min,17,4430.1
obd,veh_yawrate,60.0,359.8,48.24,173.68,103.86,13.41,0.804,0.071,False,S/S4,S,every_2min,17,4430.1
wheel_speed,veh_yawrate,60.0,359.8,48.21,172.94,103.44,13.4,0.803,0.059,False,S/S4,S,every_2min,17,4430.1
obd,gps_hold,60.0,359.8,83.92,93.68,63.07,23.33,1.399,0.071,False,S/S4,S,every_2min,17,4430.1
hold,imu_aligned,60.0,359.8,384.27,384.27,189.2,106.81,6.405,5.125,False,S/S4,S,every_2min,17,4430.1
imu_integrate,imu_aligned,60.0,359.8,288.36,288.36,144.72,80.15,4.806,3.579,False,S/S4,S,every_2min,17,4430.1
truth,truth,60.0,370.4,0.18,0.81,0.46,0.05,0.003,,True,S/S4,S,every_2min,18,4610.1
truth,veh_yawrate,60.0,370.4,212.18,212.18,151.16,57.29,3.536,,False,S/S4,S,every_2min,18,4610.1
hold,truth,60.0,370.4,69.48,72.27,38.68,18.76,1.158,1.98,False,S/S4,S,every_2min,18,4610.1
obd,veh_yawrate,60.0,370.4,212.27,212.29,151.29,57.31,3.538,0.081,False,S/S4,S,every_2min,18,4610.1
wheel_speed,veh_yawrate,60.0,370.4,212.69,212.69,151.54,57.43,3.545,0.061,False,S/S4,S,every_2min,18,4610.1
obd,gps_hold,60.0,370.4,106.76,106.79,83.25,28.83,1.779,0.081,False,S/S4,S,every_2min,18,4610.1
hold,imu_aligned,60.0,370.4,179.02,181.88,111.57,48.34,2.984,1.98,False,S/S4,S,every_2min,18,4610.1
imu_integrate,imu_aligned,60.0,370.4,137.43,137.43,85.2,37.11,2.29,2.75,False,S/S4,S,every_2min,18,4610.1
truth,truth,60.0,468.0,0.91,0.97,0.6,0.19,0.015,,True,S/S4,S,every_2min,19,4790.1
truth,veh_yawrate,60.0,468.0,13.33,13.33,4.56,2.85,0.222,,True,S/S4,S,every_2min,19,4790.1
hold,truth,60.0,468.0,45.67,45.67,22.4,9.76,0.761,2.517,True,S/S4,S,every_2min,19,4790.1
obd,veh_yawrate,60.0,468.0,15.25,15.25,5.62,3.26,0.254,0.084,True,S/S4,S,every_2min,19,4790.1
wheel_speed,veh_yawrate,60.0,468.0,12.67,12.67,4.4,2.71,0.211,0.076,True,S/S4,S,every_2min,19,4790.1
obd,gps_hold,60.0,468.0,114.44,160.78,112.73,24.45,1.907,0.084,False,S/S4,S,every_2min,19,4790.1
hold,imu_aligned,60.0,468.0,88.87,173.39,114.5,18.99,1.481,2.517,False,S/S4,S,every_2min,19,4790.1
imu_integrate,imu_aligned,60.0,468.0,517.22,517.22,317.82,110.52,8.62,6.978,False,S/S4,S,every_2min,19,4790.1
truth,truth,60.0,435.9,1.12,1.17,0.89,0.26,0.019,,True,S/S4,S,every_2min,20,4970.1
truth,veh_yawrate,60.0,435.9,15.34,15.34,8.04,3.52,0.256,,True,S/S4,S,every_2min,20,4970.1
hold,truth,60.0,435.9,27.4,29.39,22.6,6.29,0.457,1.084,True,S/S4,S,every_2min,20,4970.1
obd,veh_yawrate,60.0,435.9,16.54,16.54,8.81,3.79,0.276,0.091,True,S/S4,S,every_2min,20,4970.1
wheel_speed,veh_yawrate,60.0,435.9,15.73,15.73,8.2,3.61,0.262,0.07,True,S/S4,S,every_2min,20,4970.1
obd,gps_hold,60.0,435.9,630.21,630.21,306.87,144.56,10.503,0.091,False,S/S4,S,every_2min,20,4970.1
hold,imu_aligned,60.0,435.9,663.94,663.94,331.45,152.3,11.066,1.084,False,S/S4,S,every_2min,20,4970.1
imu_integrate,imu_aligned,60.0,435.9,831.65,831.65,417.59,190.77,13.861,3.739,False,S/S4,S,every_2min,20,4970.1
truth,truth,60.0,291.1,0.65,0.82,0.62,0.22,0.011,,True,S/S4,S,every_2min,21,5150.1
truth,veh_yawrate,60.0,291.1,9.8,19.21,12.61,3.37,0.163,,True,S/S4,S,every_2min,21,5150.1
hold,truth,60.0,291.1,25.33,101.28,55.37,8.7,0.422,4.428,True,S/S4,S,every_2min,21,5150.1
obd,veh_yawrate,60.0,291.1,11.04,20.2,13.44,3.79,0.184,0.092,True,S/S4,S,every_2min,21,5150.1
wheel_speed,veh_yawrate,60.0,291.1,9.72,19.1,12.59,3.34,0.162,0.074,True,S/S4,S,every_2min,21,5150.1
obd,gps_hold,60.0,291.1,287.77,287.77,147.91,98.86,4.796,0.092,False,S/S4,S,every_2min,21,5150.1
hold,imu_aligned,60.0,291.1,537.27,537.27,307.58,184.57,8.955,4.428,False,S/S4,S,every_2min,21,5150.1
imu_integrate,imu_aligned,60.0,291.1,253.89,253.89,164.55,87.22,4.232,3.535,False,S/S4,S,every_2min,21,5150.1
truth,truth,60.0,669.3,5.52,5.52,3.65,0.82,0.092,,True,S/S4,S,every_2min,22,5330.1
truth,veh_yawrate,60.0,669.3,482.46,482.46,218.68,72.09,8.041,,False,S/S4,S,every_2min,22,5330.1
hold,truth,60.0,669.3,129.37,129.37,72.27,19.33,2.156,2.397,False,S/S4,S,every_2min,22,5330.1
obd,veh_yawrate,60.0,669.3,483.13,483.13,218.79,72.19,8.052,0.075,False,S/S4,S,every_2min,22,5330.1
wheel_speed,veh_yawrate,60.0,669.3,483.14,483.14,219.23,72.19,8.052,0.099,False,S/S4,S,every_2min,22,5330.1
obd,gps_hold,60.0,669.3,213.53,213.53,97.43,31.91,3.559,0.075,False,S/S4,S,every_2min,22,5330.1
hold,imu_aligned,60.0,669.3,291.7,291.7,144.86,43.59,4.862,2.397,False,S/S4,S,every_2min,22,5330.1
imu_integrate,imu_aligned,60.0,669.3,400.39,400.39,251.06,59.83,6.673,5.525,False,S/S4,S,every_2min,22,5330.1
truth,truth,60.0,532.8,1.59,1.59,0.79,0.3,0.027,,True,S/S4,S,every_2min,23,5510.1
truth,veh_yawrate,60.0,532.8,3.19,3.2,2.24,0.6,0.053,,True,S/S4,S,every_2min,23,5510.1
hold,truth,60.0,532.8,466.71,466.71,189.68,87.59,7.778,7.945,False,S/S4,S,every_2min,23,5510.1
obd,veh_yawrate,60.0,532.8,3.84,3.86,2.85,0.72,0.064,0.06,True,S/S4,S,every_2min,23,5510.1
wheel_speed,veh_yawrate,60.0,532.8,2.24,2.65,2.04,0.42,0.037,0.057,True,S/S4,S,every_2min,23,5510.1
obd,gps_hold,60.0,532.8,28.86,64.34,38.89,5.42,0.481,0.06,True,S/S4,S,every_2min,23,5510.1
hold,imu_aligned,60.0,532.8,501.73,501.73,213.78,94.16,8.362,7.945,False,S/S4,S,every_2min,23,5510.1
imu_integrate,imu_aligned,60.0,532.8,372.97,372.97,155.29,70.0,6.216,6.409,False,S/S4,S,every_2min,23,5510.1
truth,truth,60.0,657.5,0.74,0.87,0.45,0.11,0.012,,True,S/S4,S,every_2min,24,5810.1
truth,veh_yawrate,60.0,657.5,13.72,13.72,9.36,2.09,0.229,,True,S/S4,S,every_2min,24,5810.1
hold,truth,60.0,657.5,136.04,136.04,70.28,20.69,2.267,4.883,False,S/S4,S,every_2min,24,5810.1
obd,veh_yawrate,60.0,657.5,11.43,13.95,9.47,1.74,0.191,0.09,True,S/S4,S,every_2min,24,5810.1
wheel_speed,veh_yawrate,60.0,657.5,13.24,13.5,9.28,2.01,0.221,0.064,True,S/S4,S,every_2min,24,5810.1
obd,gps_hold,60.0,657.5,130.14,130.14,33.68,19.79,2.169,0.09,False,S/S4,S,every_2min,24,5810.1
hold,imu_aligned,60.0,657.5,248.43,248.43,89.16,37.78,4.14,4.883,False,S/S4,S,every_2min,24,5810.1
imu_integrate,imu_aligned,60.0,657.5,117.73,175.85,122.2,17.9,1.962,4.12,False,S/S4,S,every_2min,24,5810.1
truth,truth,60.0,928.1,2.93,3.05,1.86,0.32,0.049,,True,S/S4,S,every_2min,25,6020.1
truth,veh_yawrate,60.0,928.1,71.7,71.7,28.11,7.73,1.195,,True,S/S4,S,every_2min,25,6020.1
hold,truth,60.0,928.1,47.8,115.79,69.85,5.15,0.797,3.393,True,S/S4,S,every_2min,25,6020.1
obd,veh_yawrate,60.0,928.1,73.68,73.68,29.06,7.94,1.228,0.15,True,S/S4,S,every_2min,25,6020.1
wheel_speed,veh_yawrate,60.0,928.1,72.3,72.3,28.38,7.79,1.205,0.125,True,S/S4,S,every_2min,25,6020.1
obd,gps_hold,60.0,928.1,558.51,558.51,234.52,60.18,9.308,0.15,False,S/S4,S,every_2min,25,6020.1
hold,imu_aligned,60.0,928.1,570.04,570.04,260.63,61.42,9.501,3.393,False,S/S4,S,every_2min,25,6020.1
imu_integrate,imu_aligned,60.0,928.1,655.76,655.76,314.45,70.66,10.929,4.711,False,S/S4,S,every_2min,25,6020.1
truth,truth,60.0,1054.3,1.48,1.59,1.1,0.14,0.025,,True,S/S4,S,every_2min,26,6200.1
truth,veh_yawrate,60.0,1054.3,27.37,27.37,12.26,2.6,0.456,,True,S/S4,S,every_2min,26,6200.1
hold,truth,60.0,1054.3,202.56,202.56,100.83,19.21,3.376,3.958,False,S/S4,S,every_2min,26,6200.1
obd,veh_yawrate,60.0,1054.3,28.2,28.2,12.6,2.67,0.47,0.099,True,S/S4,S,every_2min,26,6200.1
wheel_speed,veh_yawrate,60.0,1054.3,27.72,27.72,12.35,2.63,0.462,0.079,True,S/S4,S,every_2min,26,6200.1
obd,gps_hold,60.0,1054.3,140.65,158.93,114.41,13.34,2.344,0.099,False,S/S4,S,every_2min,26,6200.1
hold,imu_aligned,60.0,1054.3,229.55,229.55,142.87,21.77,3.826,3.958,False,S/S4,S,every_2min,26,6200.1
imu_integrate,imu_aligned,60.0,1054.3,371.85,371.85,229.53,35.27,6.197,5.571,False,S/S4,S,every_2min,26,6200.1
truth,truth,60.0,1000.9,1.73,1.76,1.04,0.17,0.029,,True,S/S4,S,every_2min,27,6440.1
truth,veh_yawrate,60.0,1000.9,14.72,14.72,6.98,1.47,0.245,,True,S/S4,S,every_2min,27,6440.1
hold,truth,60.0,1000.9,726.93,726.93,427.01,72.63,12.115,12.174,False,S/S4,S,every_2min,27,6440.1
obd,veh_yawrate,60.0,1000.9,15.53,15.53,7.53,1.55,0.259,0.109,True,S/S4,S,every_2min,27,6440.1
wheel_speed,veh_yawrate,60.0,1000.9,14.77,14.77,7.01,1.48,0.246,0.057,True,S/S4,S,every_2min,27,6440.1
obd,gps_hold,60.0,1000.9,55.48,64.9,35.65,5.54,0.925,0.109,True,S/S4,S,every_2min,27,6440.1
hold,imu_aligned,60.0,1000.9,738.81,738.81,433.0,73.81,12.314,12.174,False,S/S4,S,every_2min,27,6440.1
imu_integrate,imu_aligned,60.0,1000.9,812.0,812.0,459.28,81.13,13.533,13.399,False,S/S4,S,every_2min,27,6440.1
truth,truth,60.0,1397.7,4.43,4.43,2.32,0.32,0.074,,True,S/S4,S,every_2min,28,6620.1
truth,veh_yawrate,60.0,1397.7,307.41,307.41,155.66,21.99,5.124,,False,S/S4,S,every_2min,28,6620.1
hold,truth,60.0,1397.7,879.49,879.49,537.06,62.92,14.658,15.238,False,S/S4,S,every_2min,28,6620.1
obd,veh_yawrate,60.0,1397.7,305.19,305.2,154.53,21.83,5.087,0.163,False,S/S4,S,every_2min,28,6620.1
wheel_speed,veh_yawrate,60.0,1397.7,307.04,307.04,155.62,21.97,5.117,0.08,False,S/S4,S,every_2min,28,6620.1
obd,gps_hold,60.0,1397.7,102.09,124.75,76.29,7.3,1.702,0.163,True,S/S4,S,every_2min,28,6620.1
hold,imu_aligned,60.0,1397.7,862.88,862.88,530.74,61.73,14.381,15.238,False,S/S4,S,every_2min,28,6620.1
imu_integrate,imu_aligned,60.0,1397.7,1023.2,1023.2,642.62,73.2,17.053,17.916,False,S/S4,S,every_2min,28,6620.1
truth,truth,60.0,1442.8,1.16,1.16,0.69,0.08,0.019,,True,S/S4,S,every_2min,29,6860.1
truth,veh_yawrate,60.0,1442.8,244.42,244.42,170.02,16.94,4.074,,False,S/S4,S,every_2min,29,6860.1
hold,truth,60.0,1442.8,177.01,271.11,176.18,12.27,2.95,6.155,False,S/S4,S,every_2min,29,6860.1
obd,veh_yawrate,60.0,1442.8,244.67,244.67,170.01,16.96,4.078,0.072,False,S/S4,S,every_2min,29,6860.1
wheel_speed,veh_yawrate,60.0,1442.8,244.8,244.8,169.96,16.97,4.08,0.055,False,S/S4,S,every_2min,29,6860.1
obd,gps_hold,60.0,1442.8,658.25,658.25,402.92,45.62,10.971,0.072,False,S/S4,S,every_2min,29,6860.1
hold,imu_aligned,60.0,1442.8,634.85,634.85,396.27,44.0,10.581,6.155,False,S/S4,S,every_2min,29,6860.1
imu_integrate,imu_aligned,60.0,1442.8,676.99,676.99,432.79,46.92,11.283,7.994,False,S/S4,S,every_2min,29,6860.1
truth,truth,60.0,1564.6,2.04,2.04,1.12,0.13,0.034,,True,S/S4,S,every_2min,30,7040.1
truth,veh_yawrate,60.0,1564.6,149.25,149.25,66.11,9.54,2.488,,True,S/S4,S,every_2min,30,7040.1
hold,truth,60.0,1564.6,708.26,708.26,437.9,45.27,11.804,11.849,False,S/S4,S,every_2min,30,7040.1
obd,veh_yawrate,60.0,1564.6,149.67,149.67,66.32,9.57,2.495,0.093,True,S/S4,S,every_2min,30,7040.1
wheel_speed,veh_yawrate,60.0,1564.6,149.16,149.16,66.09,9.53,2.486,0.041,True,S/S4,S,every_2min,30,7040.1
obd,gps_hold,60.0,1564.6,257.17,257.17,120.48,16.44,4.286,0.093,False,S/S4,S,every_2min,30,7040.1
hold,imu_aligned,60.0,1564.6,729.29,729.29,445.58,46.61,12.155,11.849,False,S/S4,S,every_2min,30,7040.1
imu_integrate,imu_aligned,60.0,1564.6,724.05,724.05,432.15,46.28,12.068,11.756,False,S/S4,S,every_2min,30,7040.1
truth,truth,60.0,1449.6,3.81,3.81,2.2,0.26,0.063,,True,S/S4,S,every_2min,31,7220.1
truth,veh_yawrate,60.0,1449.6,120.75,120.75,51.52,8.33,2.013,,True,S/S4,S,every_2min,31,7220.1
hold,truth,60.0,1449.6,355.64,355.64,192.79,24.53,5.927,5.938,False,S/S4,S,every_2min,31,7220.1
obd,veh_yawrate,60.0,1449.6,121.29,121.29,51.84,8.37,2.022,0.145,True,S/S4,S,every_2min,31,7220.1
wheel_speed,veh_yawrate,60.0,1449.6,120.78,120.78,51.54,8.33,2.013,0.067,True,S/S4,S,every_2min,31,7220.1
obd,gps_hold,60.0,1449.6,58.86,58.86,18.7,4.06,0.981,0.145,True,S/S4,S,every_2min,31,7220.1
hold,imu_aligned,60.0,1449.6,357.7,357.7,193.06,24.68,5.962,5.938,False,S/S4,S,every_2min,31,7220.1
imu_integrate,imu_aligned,60.0,1449.6,278.02,278.02,176.5,19.18,4.634,4.586,False,S/S4,S,every_2min,31,7220.1
truth,truth,60.0,869.3,1.45,1.45,0.83,0.17,0.024,,True,S/S4,S,every_2min,32,7400.1
truth,veh_yawrate,60.0,869.3,57.66,57.66,25.39,6.63,0.961,,True,S/S4,S,every_2min,32,7400.1
hold,truth,60.0,869.3,569.43,569.43,305.9,65.51,9.491,9.493,False,S/S4,S,every_2min,32,7400.1
obd,veh_yawrate,60.0,869.3,58.04,58.04,25.62,6.68,0.967,0.127,True,S/S4,S,every_2min,32,7400.1
wheel_speed,veh_yawrate,60.0,869.3,57.8,57.8,25.48,6.65,0.963,0.1,True,S/S4,S,every_2min,32,7400.1
obd,gps_hold,60.0,869.3,5.76,5.76,3.85,0.66,0.096,0.127,True,S/S4,S,every_2min,32,7400.1
hold,imu_aligned,60.0,869.3,569.36,569.36,305.88,65.5,9.489,9.493,False,S/S4,S,every_2min,32,7400.1
imu_integrate,imu_aligned,60.0,869.3,517.18,517.18,267.86,59.5,8.62,8.624,False,S/S4,S,every_2min,32,7400.1
truth,truth,60.0,1009.1,0.91,1.18,0.64,0.09,0.015,,True,S/S4,S,every_2min,33,7730.1
truth,veh_yawrate,60.0,1009.1,35.78,35.78,15.73,3.55,0.596,,True,S/S4,S,every_2min,33,7730.1
hold,truth,60.0,1009.1,84.03,84.05,46.8,8.33,1.4,1.454,True,S/S4,S,every_2min,33,7730.1
obd,veh_yawrate,60.0,1009.1,36.55,36.55,16.1,3.62,0.609,0.117,True,S/S4,S,every_2min,33,7730.1
wheel_speed,veh_yawrate,60.0,1009.1,35.92,35.92,15.8,3.56,0.599,0.1,True,S/S4,S,every_2min,33,7730.1
obd,gps_hold,60.0,1009.1,378.02,378.02,178.58,37.46,6.3,0.117,False,S/S4,S,every_2min,33,7730.1
hold,imu_aligned,60.0,1009.1,367.5,367.5,175.81,36.42,6.125,1.454,False,S/S4,S,every_2min,33,7730.1
imu_integrate,imu_aligned,60.0,1009.1,377.33,377.33,178.39,37.39,6.289,0.929,False,S/S4,S,every_2min,33,7730.1
truth,truth,60.0,782.4,1.8,1.88,0.89,0.23,0.03,,True,S/S4,S,every_2min,34,7910.1
truth,veh_yawrate,60.0,782.4,6.89,7.91,5.02,0.88,0.115,,True,S/S4,S,every_2min,34,7910.1
hold,truth,60.0,782.4,85.76,101.9,61.83,10.96,1.429,2.105,False,S/S4,S,every_2min,34,7910.1
obd,veh_yawrate,60.0,782.4,7.51,8.0,5.43,0.96,0.125,0.1,True,S/S4,S,every_2min,34,7910.1
wheel_speed,veh_yawrate,60.0,782.4,7.26,7.9,5.08,0.93,0.121,0.062,True,S/S4,S,every_2min,34,7910.1
obd,gps_hold,60.0,782.4,146.56,146.56,38.7,18.73,2.443,0.1,False,S/S4,S,every_2min,34,7910.1
hold,imu_aligned,60.0,782.4,188.67,188.67,79.83,24.11,3.145,2.105,False,S/S4,S,every_2min,34,7910.1
imu_integrate,imu_aligned,60.0,782.4,197.69,197.69,72.65,25.27,3.295,2.54,False,S/S4,S,every_2min,34,7910.1
truth,truth,60.0,191.3,0.11,0.78,0.46,0.06,0.002,,True,S/S4,S,every_2min,35,8090.1
truth,veh_yawrate,60.0,191.3,38.42,38.42,19.73,20.09,0.64,,False,S/S4,S,every_2min,35,8090.1
hold,truth,60.0,191.3,205.02,271.98,187.33,107.19,3.417,8.544,False,S/S4,S,every_2min,35,8090.1
obd,veh_yawrate,60.0,191.3,40.84,40.84,21.23,21.35,0.681,0.138,False,S/S4,S,every_2min,35,8090.1
wheel_speed,veh_yawrate,60.0,191.3,40.04,40.04,20.66,20.93,0.667,0.117,False,S/S4,S,every_2min,35,8090.1
obd,gps_hold,60.0,191.3,171.24,171.24,100.66,89.53,2.854,0.138,False,S/S4,S,every_2min,35,8090.1
hold,imu_aligned,60.0,191.3,660.82,660.82,362.78,345.5,11.014,8.544,False,S/S4,S,every_2min,35,8090.1
imu_integrate,imu_aligned,60.0,191.3,1402.86,1402.86,739.29,733.47,23.381,20.953,False,S/S4,S,every_2min,35,8090.1
truth,truth,60.0,763.2,2.31,2.59,1.81,0.3,0.038,,True,S/S4,S,every_2min,36,8270.1
truth,veh_yawrate,60.0,763.2,203.68,203.68,98.72,26.69,3.395,,False,S/S4,S,every_2min,36,8270.1
hold,truth,60.0,763.2,105.36,105.36,51.34,13.81,1.756,4.725,False,S/S4,S,every_2min,36,8270.1
obd,veh_yawrate,60.0,763.2,204.28,204.28,98.95,26.77,3.405,0.134,False,S/S4,S,every_2min,36,8270.1
wheel_speed,veh_yawrate,60.0,763.2,203.58,203.58,98.5,26.68,3.393,0.103,False,S/S4,S,every_2min,36,8270.1
obd,gps_hold,60.0,763.2,148.62,148.62,76.83,19.47,2.477,0.134,False,S/S4,S,every_2min,36,8270.1
hold,imu_aligned,60.0,763.2,288.81,288.81,133.79,37.84,4.814,4.725,False,S/S4,S,every_2min,36,8270.1
imu_integrate,imu_aligned,60.0,763.2,235.55,235.55,102.82,30.86,3.926,4.9,False,S/S4,S,every_2min,36,8270.1
truth,truth,60.0,724.6,2.92,4.51,2.37,0.4,0.049,,True,S/S4,S,every_2min,37,8450.1
truth,veh_yawrate,60.0,724.6,46.57,48.26,28.36,6.43,0.776,,True,S/S4,S,every_2min,37,8450.1
hold,truth,60.0,724.6,229.8,229.8,147.27,31.72,3.83,4.573,False,S/S4,S,every_2min,37,8450.1
obd,veh_yawrate,60.0,724.6,48.34,49.72,29.65,6.67,0.806,0.338,True,S/S4,S,every_2min,37,8450.1
wheel_speed,veh_yawrate,60.0,724.6,47.1,48.63,28.86,6.5,0.785,0.329,True,S/S4,S,every_2min,37,8450.1
obd,gps_hold,60.0,724.6,214.6,237.9,139.89,29.62,3.577,0.338,False,S/S4,S,every_2min,37,8450.1
hold,imu_aligned,60.0,724.6,456.44,456.44,249.73,62.99,7.607,4.573,False,S/S4,S,every_2min,37,8450.1
imu_integrate,imu_aligned,60.0,724.6,325.69,325.69,181.45,44.95,5.428,2.518,False,S/S4,S,every_2min,37,8450.1
truth,truth,60.0,943.2,4.83,4.91,2.36,0.51,0.081,,True,S/S4,S,every_2min,38,8660.1
truth,veh_yawrate,60.0,943.2,262.66,262.66,64.57,27.85,4.378,,False,S/S4,S,every_2min,38,8660.1
hold,truth,60.0,943.2,499.18,499.18,293.3,52.93,8.32,8.511,False,S/S4,S,every_2min,38,8660.1
obd,veh_yawrate,60.0,943.2,261.28,261.28,64.27,27.7,4.355,0.266,False,S/S4,S,every_2min,38,8660.1
wheel_speed,veh_yawrate,60.0,943.2,261.97,261.97,64.4,27.78,4.366,0.246,False,S/S4,S,every_2min,38,8660.1
obd,gps_hold,60.0,943.2,90.43,90.43,21.82,9.59,1.507,0.266,True,S/S4,S,every_2min,38,8660.1
hold,imu_aligned,60.0,943.2,491.98,491.98,292.25,52.16,8.2,8.511,False,S/S4,S,every_2min,38,8660.1
imu_integrate,imu_aligned,60.0,943.2,528.99,528.99,331.62,56.09,8.817,9.132,False,S/S4,S,every_2min,38,8660.1
truth,truth,60.0,527.0,4.77,4.77,3.21,0.91,0.08,,True,S/S4,S,every_2min,39,8840.1
truth,veh_yawrate,60.0,527.0,911.7,911.7,448.57,172.98,15.195,,False,S/S4,S,every_2min,39,8840.1
hold,truth,60.0,527.0,127.24,129.55,96.11,24.14,2.121,3.276,False,S/S4,S,every_2min,39,8840.1
obd,veh_yawrate,60.0,527.0,915.84,915.84,450.78,173.77,15.264,0.073,False,S/S4,S,every_2min,39,8840.1
wheel_speed,veh_yawrate,60.0,527.0,913.12,913.12,449.4,173.25,15.219,0.067,False,S/S4,S,every_2min,39,8840.1
obd,gps_hold,60.0,527.0,702.57,702.57,348.51,133.31,11.71,0.073,False,S/S4,S,every_2min,39,8840.1
hold,imu_aligned,60.0,527.0,827.42,827.42,440.13,156.99,13.79,3.276,False,S/S4,S,every_2min,39,8840.1
imu_integrate,imu_aligned,60.0,527.0,760.99,760.99,382.15,144.39,12.683,2.926,False,S/S4,S,every_2min,39,8840.1
truth,truth,60.0,618.4,1.42,2.52,1.46,0.23,0.024,,True,S/S4,S,every_2min,40,9020.1
truth,veh_yawrate,60.0,618.4,220.32,220.32,74.37,35.63,3.672,,False,S/S4,S,every_2min,40,9020.1
hold,truth,60.0,618.4,251.68,251.68,160.31,40.7,4.195,4.738,False,S/S4,S,every_2min,40,9020.1
obd,veh_yawrate,60.0,618.4,218.36,218.36,73.38,35.31,3.639,0.107,False,S/S4,S,every_2min,40,9020.1
wheel_speed,veh_yawrate,60.0,618.4,220.12,220.12,74.22,35.6,3.669,0.077,False,S/S4,S,every_2min,40,9020.1
obd,gps_hold,60.0,618.4,69.25,69.25,27.93,11.2,1.154,0.107,False,S/S4,S,every_2min,40,9020.1
hold,imu_aligned,60.0,618.4,226.34,226.34,153.05,36.6,3.772,4.738,False,S/S4,S,every_2min,40,9020.1
imu_integrate,imu_aligned,60.0,618.4,366.05,366.05,215.85,59.19,6.101,6.845,False,S/S4,S,every_2min,40,9020.1
truth,truth,60.0,336.7,0.87,1.71,0.93,0.26,0.014,,True,S/S4,S,every_2min,41,9200.1
truth,veh_yawrate,60.0,336.7,7.84,7.84,2.7,2.33,0.131,,True,S/S4,S,every_2min,41,9200.1
hold,truth,60.0,336.7,715.57,715.57,428.72,212.5,11.926,12.328,False,S/S4,S,every_2min,41,9200.1
obd,veh_yawrate,60.0,336.7,9.48,9.55,2.96,2.82,0.158,0.198,True,S/S4,S,every_2min,41,9200.1
wheel_speed,veh_yawrate,60.0,336.7,8.91,8.96,2.76,2.65,0.149,0.187,True,S/S4,S,every_2min,41,9200.1
obd,gps_hold,60.0,336.7,19.22,37.21,20.22,5.71,0.32,0.198,True,S/S4,S,every_2min,41,9200.1
hold,imu_aligned,60.0,336.7,751.57,751.57,443.98,223.19,12.526,12.328,False,S/S4,S,every_2min,41,9200.1
imu_integrate,imu_aligned,60.0,336.7,938.09,938.09,525.41,278.58,15.635,15.436,False,S/S4,S,every_2min,41,9200.1
truth,truth,60.0,541.2,4.05,4.62,2.85,0.75,0.067,,True,S/S4,S,every_2min,42,9380.1
truth,veh_yawrate,60.0,541.2,20.25,20.63,11.71,3.74,0.338,,True,S/S4,S,every_2min,42,9380.1
hold,truth,60.0,541.2,110.07,110.07,72.56,20.34,1.834,3.056,False,S/S4,S,every_2min,42,9380.1
obd,veh_yawrate,60.0,541.2,21.66,21.66,13.7,4.0,0.361,0.248,True,S/S4,S,every_2min,42,9380.1
wheel_speed,veh_yawrate,60.0,541.2,20.44,20.44,12.55,3.78,0.341,0.251,True,S/S4,S,every_2min,42,9380.1
obd,gps_hold,60.0,541.2,156.61,178.23,115.69,28.94,2.61,0.248,False,S/S4,S,every_2min,42,9380.1
hold,imu_aligned,60.0,541.2,320.29,320.29,186.61,59.18,5.338,3.056,False,S/S4,S,every_2min,42,9380.1
imu_integrate,imu_aligned,60.0,541.2,1155.97,1155.97,656.01,213.59,19.266,16.934,False,S/S4,S,every_2min,42,9380.1
truth,truth,60.0,1139.4,1.8,1.88,1.24,0.16,0.03,,True,Vf/V-Vfa01,Vf,isro_60s,0,20.0
truth,veh_yawrate,60.0,1139.4,58.81,58.81,27.69,5.16,0.98,,True,Vf/V-Vfa01,Vf,isro_60s,0,20.0
hold,truth,60.0,1139.4,106.39,109.9,67.12,9.34,1.773,2.054,True,Vf/V-Vfa01,Vf,isro_60s,0,20.0
obd,veh_yawrate,60.0,1139.4,60.01,60.01,28.18,5.27,1.0,0.1,True,Vf/V-Vfa01,Vf,isro_60s,0,20.0
wheel_speed,veh_yawrate,60.0,1139.4,58.82,58.82,27.71,5.16,0.98,0.085,True,Vf/V-Vfa01,Vf,isro_60s,0,20.0
obd,gps_hold,60.0,1139.4,340.08,340.08,154.2,29.85,5.668,0.1,False,Vf/V-Vfa01,Vf,isro_60s,0,20.0
hold,imu_aligned,60.0,1139.4,329.53,329.53,155.14,28.92,5.492,2.054,False,Vf/V-Vfa01,Vf,isro_60s,0,20.0
imu_integrate,imu_aligned,60.0,1139.4,424.93,424.93,190.98,37.29,7.082,3.14,False,Vf/V-Vfa01,Vf,isro_60s,0,20.0
truth,truth,51.7,1000.3,1.75,1.88,1.14,0.18,0.034,,True,Vf/V-Vfa01,Vf,isro_1km,0,20.0
truth,veh_yawrate,51.7,1000.3,44.87,44.87,21.4,4.49,0.868,,True,Vf/V-Vfa01,Vf,isro_1km,0,20.0
hold,truth,51.7,1000.3,109.47,109.47,58.01,10.94,2.117,2.277,False,Vf/V-Vfa01,Vf,isro_1km,0,20.0
obd,veh_yawrate,51.7,1000.3,45.8,45.8,21.72,4.58,0.886,0.104,True,Vf/V-Vfa01,Vf,isro_1km,0,20.0
wheel_speed,veh_yawrate,51.7,1000.3,44.94,44.94,21.4,4.49,0.869,0.087,True,Vf/V-Vfa01,Vf,isro_1km,0,20.0
obd,gps_hold,51.7,1000.3,256.54,256.54,114.82,25.65,4.962,0.104,False,Vf/V-Vfa01,Vf,isro_1km,0,20.0
hold,imu_aligned,51.7,1000.3,254.85,254.85,119.03,25.48,4.929,2.277,False,Vf/V-Vfa01,Vf,isro_1km,0,20.0
imu_integrate,imu_aligned,51.7,1000.3,304.91,304.91,143.93,30.48,5.898,2.324,False,Vf/V-Vfa01,Vf,isro_1km,0,20.0
truth,truth,30.0,571.9,0.93,0.97,0.75,0.16,0.031,,True,Vf/V-Vfa01,Vf,tunnels,0,20.0
truth,veh_yawrate,30.0,571.9,18.4,18.4,9.6,3.22,0.613,,True,Vf/V-Vfa01,Vf,tunnels,0,20.0
hold,truth,30.0,571.9,56.46,56.46,24.09,9.87,1.882,2.067,True,Vf/V-Vfa01,Vf,tunnels,0,20.0
obd,veh_yawrate,30.0,571.9,18.65,18.65,9.75,3.26,0.622,0.118,True,Vf/V-Vfa01,Vf,tunnels,0,20.0
wheel_speed,veh_yawrate,30.0,571.9,18.39,18.39,9.61,3.22,0.613,0.085,True,Vf/V-Vfa01,Vf,tunnels,0,20.0
obd,gps_hold,30.0,571.9,92.57,92.57,70.47,16.19,3.086,0.118,False,Vf/V-Vfa01,Vf,tunnels,0,20.0
hold,imu_aligned,30.0,571.9,100.06,100.06,71.04,17.5,3.335,2.067,False,Vf/V-Vfa01,Vf,tunnels,0,20.0
imu_integrate,imu_aligned,30.0,571.9,126.92,126.92,93.62,22.19,4.231,2.499,False,Vf/V-Vfa01,Vf,tunnels,0,20.0
truth,truth,30.0,690.3,1.21,1.21,0.87,0.18,0.04,,True,Vf/V-Vfa01,Vf,tunnels,1,155.0
truth,veh_yawrate,30.0,690.3,38.39,38.39,18.94,5.56,1.28,,True,Vf/V-Vfa01,Vf,tunnels,1,155.0
hold,truth,30.0,690.3,76.48,76.48,36.04,11.08,2.549,2.77,False,Vf/V-Vfa01,Vf,tunnels,1,155.0
obd,veh_yawrate,30.0,690.3,38.0,38.0,18.72,5.5,1.267,0.111,True,Vf/V-Vfa01,Vf,tunnels,1,155.0
wheel_speed,veh_yawrate,30.0,690.3,38.2,38.2,18.84,5.53,1.273,0.044,True,Vf/V-Vfa01,Vf,tunnels,1,155.0
obd,gps_hold,30.0,690.3,235.62,235.62,109.11,34.13,7.854,0.111,False,Vf/V-Vfa01,Vf,tunnels,1,155.0
hold,imu_aligned,30.0,690.3,230.53,230.53,107.48,33.4,7.684,2.77,False,Vf/V-Vfa01,Vf,tunnels,1,155.0
imu_integrate,imu_aligned,30.0,690.3,239.05,239.05,112.57,34.63,7.968,1.262,False,Vf/V-Vfa01,Vf,tunnels,1,155.0
truth,truth,30.0,648.1,1.32,1.32,1.01,0.2,0.044,,True,Vf/V-Vfa01,Vf,tunnels,2,290.0
truth,veh_yawrate,30.0,648.1,16.41,16.41,8.31,2.53,0.547,,True,Vf/V-Vfa01,Vf,tunnels,2,290.0
hold,truth,30.0,648.1,7.45,16.53,10.19,1.15,0.248,0.966,True,Vf/V-Vfa01,Vf,tunnels,2,290.0
obd,veh_yawrate,30.0,648.1,16.59,16.59,8.38,2.56,0.553,0.076,True,Vf/V-Vfa01,Vf,tunnels,2,290.0
wheel_speed,veh_yawrate,30.0,648.1,16.43,16.43,8.31,2.54,0.548,0.059,True,Vf/V-Vfa01,Vf,tunnels,2,290.0
obd,gps_hold,30.0,648.1,79.15,79.15,39.82,12.21,2.638,0.076,False,Vf/V-Vfa01,Vf,tunnels,2,290.0
hold,imu_aligned,30.0,648.1,78.67,78.67,40.36,12.14,2.622,0.966,False,Vf/V-Vfa01,Vf,tunnels,2,290.0
imu_integrate,imu_aligned,30.0,648.1,121.07,121.07,54.15,18.68,4.036,2.857,False,Vf/V-Vfa01,Vf,tunnels,2,290.0
truth,truth,30.0,756.7,0.75,0.89,0.66,0.1,0.025,,True,Vf/V-Vfa01,Vf,tunnels,3,425.0
truth,veh_yawrate,30.0,756.7,7.6,7.6,3.01,1.0,0.253,,True,Vf/V-Vfa01,Vf,tunnels,3,425.0
hold,truth,30.0,756.7,98.41,98.41,48.78,13.0,3.28,3.462,False,Vf/V-Vfa01,Vf,tunnels,3,425.0
obd,veh_yawrate,30.0,756.7,8.45,8.45,3.76,1.12,0.282,0.127,True,Vf/V-Vfa01,Vf,tunnels,3,425.0
wheel_speed,veh_yawrate,30.0,756.7,7.56,7.56,2.97,1.0,0.252,0.046,True,Vf/V-Vfa01,Vf,tunnels,3,425.0
obd,gps_hold,30.0,756.7,48.64,48.78,28.38,6.43,1.621,0.127,True,Vf/V-Vfa01,Vf,tunnels,3,425.0
hold,imu_aligned,30.0,756.7,108.15,108.15,55.51,14.29,3.605,3.462,False,Vf/V-Vfa01,Vf,tunnels,3,425.0
imu_integrate,imu_aligned,30.0,756.7,137.53,137.93,86.07,18.17,4.584,4.419,False,Vf/V-Vfa01,Vf,tunnels,3,425.0
truth,truth,30.0,604.1,1.54,1.56,0.92,0.25,0.051,,True,Vf/V-Vfa01,Vf,tunnels,4,582.5
truth,veh_yawrate,30.0,604.1,20.49,20.49,9.95,3.39,0.683,,True,Vf/V-Vfa01,Vf,tunnels,4,582.5
hold,truth,30.0,604.1,23.72,34.37,21.35,3.93,0.791,2.885,True,Vf/V-Vfa01,Vf,tunnels,4,582.5
obd,veh_yawrate,30.0,604.1,21.41,21.41,10.59,3.54,0.714,0.169,True,Vf/V-Vfa01,Vf,tunnels,4,582.5
wheel_speed,veh_yawrate,30.0,604.1,21.42,21.42,10.61,3.55,0.714,0.128,True,Vf/V-Vfa01,Vf,tunnels,4,582.5
obd,gps_hold,30.0,604.1,315.86,315.86,127.59,52.29,10.529,0.169,False,Vf/V-Vfa01,Vf,tunnels,4,582.5
hold,imu_aligned,30.0,604.1,309.07,309.07,132.32,51.16,10.302,2.885,False,Vf/V-Vfa01,Vf,tunnels,4,582.5
imu_integrate,imu_aligned,30.0,604.1,542.5,542.5,272.59,89.8,18.083,10.837,False,Vf/V-Vfa01,Vf,tunnels,4,582.5
truth,truth,30.0,561.9,0.65,0.83,0.47,0.11,0.022,,True,Vf/V-Vfa01,Vf,tunnels,5,717.5
truth,veh_yawrate,30.0,561.9,1.87,2.02,1.25,0.33,0.062,,True,Vf/V-Vfa01,Vf,tunnels,5,717.5
hold,truth,30.0,561.9,128.13,128.13,58.17,22.8,4.271,4.719,False,Vf/V-Vfa01,Vf,tunnels,5,717.5
obd,veh_yawrate,30.0,561.9,2.52,2.59,1.71,0.45,0.084,0.092,True,Vf/V-Vfa01,Vf,tunnels,5,717.5
wheel_speed,veh_yawrate,30.0,561.9,1.88,1.99,1.3,0.33,0.063,0.073,True,Vf/V-Vfa01,Vf,tunnels,5,717.5
obd,gps_hold,30.0,561.9,86.98,86.98,27.48,15.48,2.899,0.092,False,Vf/V-Vfa01,Vf,tunnels,5,717.5
hold,imu_aligned,30.0,561.9,177.44,177.44,71.32,31.58,5.915,4.719,False,Vf/V-Vfa01,Vf,tunnels,5,717.5
imu_integrate,imu_aligned,30.0,561.9,295.87,295.87,114.94,52.66,9.862,8.712,False,Vf/V-Vfa01,Vf,tunnels,5,717.5
truth,truth,30.0,474.0,1.26,1.46,0.75,0.27,0.042,,True,Vf/V-Vfa01,Vf,tunnels,6,875.0
truth,veh_yawrate,30.0,474.0,7.86,7.86,3.14,1.66,0.262,,True,Vf/V-Vfa01,Vf,tunnels,6,875.0
hold,truth,30.0,474.0,18.69,31.24,19.49,3.94,0.623,1.574,True,Vf/V-Vfa01,Vf,tunnels,6,875.0
obd,veh_yawrate,30.0,474.0,7.27,7.27,3.06,1.53,0.242,0.085,True,Vf/V-Vfa01,Vf,tunnels,6,875.0
wheel_speed,veh_yawrate,30.0,474.0,7.99,7.99,3.23,1.69,0.266,0.065,True,Vf/V-Vfa01,Vf,tunnels,6,875.0
obd,gps_hold,30.0,474.0,113.1,113.1,37.55,23.86,3.77,0.085,False,Vf/V-Vfa01,Vf,tunnels,6,875.0
hold,imu_aligned,30.0,474.0,106.91,106.91,38.64,22.55,3.564,1.574,False,Vf/V-Vfa01,Vf,tunnels,6,875.0
imu_integrate,imu_aligned,30.0,474.0,113.05,113.05,38.85,23.85,3.768,1.627,False,Vf/V-Vfa01,Vf,tunnels,6,875.0
truth,truth,30.0,246.5,1.05,1.05,0.63,0.42,0.035,,True,Vf/V-Vfa01,Vf,tunnels,7,1055.0
truth,veh_yawrate,30.0,246.5,24.69,24.69,12.61,10.01,0.823,,False,Vf/V-Vfa01,Vf,tunnels,7,1055.0
hold,truth,30.0,246.5,56.65,56.65,34.71,22.98,1.888,2.049,False,Vf/V-Vfa01,Vf,tunnels,7,1055.0
obd,veh_yawrate,30.0,246.5,25.08,25.08,12.73,10.17,0.836,0.153,False,Vf/V-Vfa01,Vf,tunnels,7,1055.0
wheel_speed,veh_yawrate,30.0,246.5,24.84,24.84,12.62,10.08,0.828,0.13,False,Vf/V-Vfa01,Vf,tunnels,7,1055.0
obd,gps_hold,30.0,246.5,22.41,22.41,11.85,9.09,0.747,0.153,True,Vf/V-Vfa01,Vf,tunnels,7,1055.0
hold,imu_aligned,30.0,246.5,59.76,59.76,36.13,24.24,1.992,2.049,False,Vf/V-Vfa01,Vf,tunnels,7,1055.0
imu_integrate,imu_aligned,30.0,246.5,100.84,100.84,52.99,40.9,3.361,3.318,False,Vf/V-Vfa01,Vf,tunnels,7,1055.0
truth,truth,60.0,1139.4,1.8,1.88,1.24,0.16,0.03,,True,Vf/V-Vfa01,Vf,every_2min,0,20.0
truth,veh_yawrate,60.0,1139.4,58.81,58.81,27.69,5.16,0.98,,True,Vf/V-Vfa01,Vf,every_2min,0,20.0
hold,truth,60.0,1139.4,106.39,109.9,67.12,9.34,1.773,2.054,True,Vf/V-Vfa01,Vf,every_2min,0,20.0
obd,veh_yawrate,60.0,1139.4,60.01,60.01,28.18,5.27,1.0,0.1,True,Vf/V-Vfa01,Vf,every_2min,0,20.0
wheel_speed,veh_yawrate,60.0,1139.4,58.82,58.82,27.71,5.16,0.98,0.085,True,Vf/V-Vfa01,Vf,every_2min,0,20.0
obd,gps_hold,60.0,1139.4,340.08,340.08,154.2,29.85,5.668,0.1,False,Vf/V-Vfa01,Vf,every_2min,0,20.0
hold,imu_aligned,60.0,1139.4,329.53,329.53,155.14,28.92,5.492,2.054,False,Vf/V-Vfa01,Vf,every_2min,0,20.0
imu_integrate,imu_aligned,60.0,1139.4,424.93,424.93,190.98,37.29,7.082,3.14,False,Vf/V-Vfa01,Vf,every_2min,0,20.0
truth,truth,60.0,1172.6,0.07,0.67,0.37,0.01,0.001,,True,Vf/V-Vfa01,Vf,every_2min,1,200.0
truth,veh_yawrate,60.0,1172.6,67.9,67.9,32.47,5.79,1.132,,True,Vf/V-Vfa01,Vf,every_2min,1,200.0
hold,truth,60.0,1172.6,150.06,150.06,49.07,12.8,2.501,2.867,False,Vf/V-Vfa01,Vf,every_2min,1,200.0
obd,veh_yawrate,60.0,1172.6,68.5,68.5,32.84,5.84,1.142,0.094,True,Vf/V-Vfa01,Vf,every_2min,1,200.0
wheel_speed,veh_yawrate,60.0,1172.6,67.9,67.9,32.44,5.79,1.132,0.049,True,Vf/V-Vfa01,Vf,every_2min,1,200.0
obd,gps_hold,60.0,1172.6,80.44,80.44,49.35,6.86,1.341,0.094,True,Vf/V-Vfa01,Vf,every_2min,1,200.0
hold,imu_aligned,60.0,1172.6,186.05,186.05,74.76,15.87,3.101,2.867,False,Vf/V-Vfa01,Vf,every_2min,1,200.0
imu_integrate,imu_aligned,60.0,1172.6,421.74,421.74,172.09,35.97,7.029,7.206,False,Vf/V-Vfa01,Vf,every_2min,1,200.0
truth,truth,60.0,1282.5,0.78,1.23,0.72,0.06,0.013,,True,Vf/V-Vfa01,Vf,every_2min,2,380.0
truth,veh_yawrate,60.0,1282.5,87.8,87.8,45.65,6.85,1.463,,True,Vf/V-Vfa01,Vf,every_2min,2,380.0
hold,truth,60.0,1282.5,108.16,124.49,77.52,8.43,1.803,2.436,True,Vf/V-Vfa01,Vf,every_2min,2,380.0
obd,veh_yawrate,60.0,1282.5,87.83,87.83,45.55,6.85,1.464,0.121,True,Vf/V-Vfa01,Vf,every_2min,2,380.0
wheel_speed,veh_yawrate,60.0,1282.5,87.71,87.71,45.65,6.84,1.462,0.046,True,Vf/V-Vfa01,Vf,every_2min,2,380.0
obd,gps_hold,60.0,1282.5,581.63,581.63,359.81,45.35,9.694,0.121,False,Vf/V-Vfa01,Vf,every_2min,2,380.0
hold,imu_aligned,60.0,1282.5,620.48,620.48,390.82,48.38,10.341,2.436,False,Vf/V-Vfa01,Vf,every_2min,2,380.0
imu_integrate,imu_aligned,60.0,1282.5,632.36,632.36,401.65,49.31,10.539,3.124,False,Vf/V-Vfa01,Vf,every_2min,2,380.0
truth,truth,60.0,1392.5,3.69,3.7,2.24,0.27,0.062,,True,Vf/V-Vfa01,Vf,every_2min,3,590.0
truth,veh_yawrate,60.0,1392.5,50.31,50.31,22.34,3.61,0.839,,True,Vf/V-Vfa01,Vf,every_2min,3,590.0
hold,truth,60.0,1392.5,459.19,459.19,237.47,32.97,7.653,8.335,False,Vf/V-Vfa01,Vf,every_2min,3,590.0
obd,veh_yawrate,60.0,1392.5,53.29,53.29,23.84,3.83,0.888,0.132,True,Vf/V-Vfa01,Vf,every_2min,3,590.0
wheel_speed,veh_yawrate,60.0,1392.5,51.85,51.85,23.1,3.72,0.864,0.123,True,Vf/V-Vfa01,Vf,every_2min,3,590.0
obd,gps_hold,60.0,1392.5,732.24,732.24,517.9,52.58,12.204,0.132,False,Vf/V-Vfa01,Vf,every_2min,3,590.0
hold,imu_aligned,60.0,1392.5,704.46,704.46,475.13,50.59,11.741,8.335,False,Vf/V-Vfa01,Vf,every_2min,3,590.0
imu_integrate,imu_aligned,60.0,1392.5,672.55,672.55,476.88,48.3,11.209,4.698,False,Vf/V-Vfa01,Vf,every_2min,3,590.0
truth,truth,60.0,961.3,0.98,1.08,0.76,0.1,0.016,,True,Vf/V-Vfa01,Vf,every_2min,4,770.0
truth,veh_yawrate,60.0,961.3,818.59,818.6,493.3,85.15,13.643,,False,Vf/V-Vfa01,Vf,every_2min,4,770.0
hold,truth,60.0,961.3,80.78,199.66,113.15,8.4,1.346,5.659,True,Vf/V-Vfa01,Vf,every_2min,4,770.0
obd,veh_yawrate,60.0,961.3,819.77,819.82,494.41,85.28,13.663,0.098,False,Vf/V-Vfa01,Vf,every_2min,4,770.0
wheel_speed,veh_yawrate,60.0,961.3,817.4,817.45,493.05,85.03,13.623,0.073,False,Vf/V-Vfa01,Vf,every_2min,4,770.0
obd,gps_hold,60.0,961.3,358.46,358.54,218.73,37.29,5.974,0.098,False,Vf/V-Vfa01,Vf,every_2min,4,770.0
hold,imu_aligned,60.0,961.3,349.24,362.54,224.12,36.33,5.821,5.659,False,Vf/V-Vfa01,Vf,every_2min,4,770.0
imu_integrate,imu_aligned,60.0,961.3,461.22,461.22,247.93,47.98,7.687,4.719,False,Vf/V-Vfa01,Vf,every_2min,4,770.0
truth,truth,60.0,468.8,0.09,1.35,0.73,0.02,0.001,,True,Vf/V-Vfa01,Vf,every_2min,5,950.0
truth,veh_yawrate,60.0,468.8,7.93,10.33,7.13,1.69,0.132,,True,Vf/V-Vfa01,Vf,every_2min,5,950.0
hold,truth,60.0,468.8,260.36,260.36,92.46,55.54,4.339,4.96,False,Vf/V-Vfa01,Vf,every_2min,5,950.0
obd,veh_yawrate,60.0,468.8,7.04,9.08,6.22,1.5,0.117,0.051,True,Vf/V-Vfa01,Vf,every_2min,5,950.0
wheel_speed,veh_yawrate,60.0,468.8,9.14,10.13,7.51,1.95,0.152,0.052,True,Vf/V-Vfa01,Vf,every_2min,5,950.0
obd,gps_hold,60.0,468.8,86.8,86.82,61.76,18.52,1.447,0.051,False,Vf/V-Vfa01,Vf,every_2min,5,950.0
hold,imu_aligned,60.0,468.8,291.76,291.76,119.32,62.24,4.863,4.96,False,Vf/V-Vfa01,Vf,every_2min,5,950.0
imu_integrate,imu_aligned,60.0,468.8,303.63,312.92,224.31,64.77,5.061,5.651,False,Vf/V-Vfa01,Vf,every_2min,5,950.0
truth,truth,60.0,812.0,1.02,1.02,0.61,0.13,0.017,,True,Vf/V-Vfa02,Vf,isro_60s,0,40.0
truth,veh_yawrate,60.0,812.0,0.28,2.57,1.71,0.03,0.005,,True,Vf/V-Vfa02,Vf,isro_60s,0,40.0
hold,truth,60.0,812.0,14.16,44.87,31.9,1.74,0.236,1.33,True,Vf/V-Vfa02,Vf,isro_60s,0,40.0
obd,veh_yawrate,60.0,812.0,5.33,5.33,3.23,0.66,0.089,0.093,True,Vf/V-Vfa02,Vf,isro_60s,0,40.0
wheel_speed,veh_yawrate,60.0,812.0,3.78,3.86,2.84,0.47,0.063,0.067,True,Vf/V-Vfa02,Vf,isro_60s,0,40.0
obd,gps_hold,60.0,812.0,42.53,42.53,21.97,5.24,0.709,0.093,True,Vf/V-Vfa02,Vf,isro_60s,0,40.0
hold,imu_aligned,60.0,812.0,44.73,54.01,39.01,5.51,0.746,1.33,True,Vf/V-Vfa02,Vf,isro_60s,0,40.0
imu_integrate,imu_aligned,60.0,812.0,484.74,484.74,220.13,59.7,8.079,8.078,False,Vf/V-Vfa02,Vf,isro_60s,0,40.0
truth,truth,71.4,1000.1,1.14,1.14,0.71,0.11,0.016,,True,Vf/V-Vfa02,Vf,isro_1km,0,40.0
truth,veh_yawrate,71.4,1000.1,4.23,4.23,1.86,0.42,0.059,,True,Vf/V-Vfa02,Vf,isro_1km,0,40.0
hold,truth,71.4,1000.1,16.98,44.87,29.45,1.7,0.238,1.553,True,Vf/V-Vfa02,Vf,isro_1km,0,40.0
obd,veh_yawrate,71.4,1000.1,7.89,7.89,3.93,0.79,0.111,0.098,True,Vf/V-Vfa02,Vf,isro_1km,0,40.0
wheel_speed,veh_yawrate,71.4,1000.1,6.29,6.29,3.27,0.63,0.088,0.068,True,Vf/V-Vfa02,Vf,isro_1km,0,40.0
obd,gps_hold,71.4,1000.1,54.17,54.17,27.94,5.42,0.759,0.098,True,Vf/V-Vfa02,Vf,isro_1km,0,40.0
hold,imu_aligned,71.4,1000.1,55.71,55.71,40.7,5.57,0.78,1.553,True,Vf/V-Vfa02,Vf,isro_1km,0,40.0
imu_integrate,imu_aligned,71.4,1000.1,615.46,615.46,299.13,61.54,8.62,8.617,False,Vf/V-Vfa02,Vf,isro_1km,0,40.0
truth,truth,30.0,373.7,0.57,0.57,0.35,0.15,0.019,,True,Vf/V-Vfa02,Vf,tunnels,0,42.5
truth,veh_yawrate,30.0,373.7,2.33,2.33,1.32,0.62,0.078,,True,Vf/V-Vfa02,Vf,tunnels,0,42.5
hold,truth,30.0,373.7,39.41,39.41,24.76,10.55,1.314,1.449,False,Vf/V-Vfa02,Vf,tunnels,0,42.5
obd,veh_yawrate,30.0,373.7,3.23,3.23,1.77,0.86,0.108,0.075,True,Vf/V-Vfa02,Vf,tunnels,0,42.5
wheel_speed,veh_yawrate,30.0,373.7,2.94,2.94,1.74,0.79,0.098,0.064,True,Vf/V-Vfa02,Vf,tunnels,0,42.5
obd,gps_hold,30.0,373.7,2.28,2.28,1.56,0.61,0.076,0.075,True,Vf/V-Vfa02,Vf,tunnels,0,42.5
hold,imu_aligned,30.0,373.7,39.44,39.44,24.79,10.55,1.315,1.449,False,Vf/V-Vfa02,Vf,tunnels,0,42.5
imu_integrate,imu_aligned,30.0,373.7,95.4,95.4,30.46,25.53,3.18,3.711,False,Vf/V-Vfa02,Vf,tunnels,0,42.5
truth,truth,30.0,320.3,1.62,1.7,1.08,0.51,0.054,,True,Vf/V-Vfa02,Vf,tunnels,1,177.5
truth,veh_yawrate,30.0,320.3,6.17,6.24,4.95,1.92,0.206,,True,Vf/V-Vfa02,Vf,tunnels,1,177.5
hold,truth,30.0,320.3,63.04,63.87,45.05,19.68,2.101,2.775,False,Vf/V-Vfa02,Vf,tunnels,1,177.5
obd,veh_yawrate,30.0,320.3,8.87,8.91,6.36,2.77,0.296,0.232,True,Vf/V-Vfa02,Vf,tunnels,1,177.5
wheel_speed,veh_yawrate,30.0,320.3,7.82,7.85,5.62,2.44,0.261,0.204,True,Vf/V-Vfa02,Vf,tunnels,1,177.5
obd,gps_hold,30.0,320.3,394.76,394.76,208.62,123.23,13.159,0.232,False,Vf/V-Vfa02,Vf,tunnels,1,177.5
hold,imu_aligned,30.0,320.3,327.7,327.7,174.42,102.3,10.923,2.775,False,Vf/V-Vfa02,Vf,tunnels,1,177.5
imu_integrate,imu_aligned,30.0,320.3,545.54,545.54,255.06,170.3,18.185,7.102,False,Vf/V-Vfa02,Vf,tunnels,1,177.5
truth,truth,30.0,754.1,1.04,1.04,0.6,0.14,0.035,,True,Vf/V-Vfa02,Vf,tunnels,2,312.5
truth,veh_yawrate,30.0,754.1,58.47,58.47,26.64,7.75,1.949,,True,Vf/V-Vfa02,Vf,tunnels,2,312.5
hold,truth,30.0,754.1,19.32,20.21,11.65,2.56,0.644,0.796,True,Vf/V-Vfa02,Vf,tunnels,2,312.5
obd,veh_yawrate,30.0,754.1,58.68,58.68,26.77,7.78,1.956,0.111,True,Vf/V-Vfa02,Vf,tunnels,2,312.5
wheel_speed,veh_yawrate,30.0,754.1,58.41,58.41,26.62,7.75,1.947,0.051,True,Vf/V-Vfa02,Vf,tunnels,2,312.5
obd,gps_hold,30.0,754.1,41.79,41.79,20.06,5.54,1.393,0.111,True,Vf/V-Vfa02,Vf,tunnels,2,312.5
hold,imu_aligned,30.0,754.1,45.21,45.21,22.76,6.0,1.507,0.796,True,Vf/V-Vfa02,Vf,tunnels,2,312.5
imu_integrate,imu_aligned,30.0,754.1,70.8,70.8,31.87,9.39,2.36,1.873,True,Vf/V-Vfa02,Vf,tunnels,2,312.5
truth,truth,30.0,877.5,0.43,0.43,0.18,0.05,0.014,,True,Vf/V-Vfa02,Vf,tunnels,3,447.5
truth,veh_yawrate,30.0,877.5,22.19,22.19,10.37,2.53,0.74,,True,Vf/V-Vfa02,Vf,tunnels,3,447.5
hold,truth,30.0,877.5,21.79,21.79,7.37,2.48,0.726,0.815,True,Vf/V-Vfa02,Vf,tunnels,3,447.5
obd,veh_yawrate,30.0,877.5,22.31,22.31,10.46,2.54,0.744,0.083,True,Vf/V-Vfa02,Vf,tunnels,3,447.5
wheel_speed,veh_yawrate,30.0,877.5,22.21,22.21,10.4,2.53,0.74,0.051,True,Vf/V-Vfa02,Vf,tunnels,3,447.5
obd,gps_hold,30.0,877.5,57.58,57.58,30.43,6.56,1.919,0.083,True,Vf/V-Vfa02,Vf,tunnels,3,447.5
hold,imu_aligned,30.0,877.5,62.45,62.45,31.55,7.12,2.082,0.815,True,Vf/V-Vfa02,Vf,tunnels,3,447.5
imu_integrate,imu_aligned,30.0,877.5,193.4,193.4,82.06,22.04,6.447,6.071,False,Vf/V-Vfa02,Vf,tunnels,3,447.5
truth,truth,30.0,724.7,0.34,0.59,0.34,0.05,0.011,,True,Vf/V-Vfa02,Vf,tunnels,4,582.5
truth,veh_yawrate,30.0,724.7,97.93,97.93,40.71,13.51,3.264,,False,Vf/V-Vfa02,Vf,tunnels,4,582.5
hold,truth,30.0,724.7,73.45,86.1,65.88,10.14,2.448,3.345,False,Vf/V-Vfa02,Vf,tunnels,4,582.5
obd,veh_yawrate,30.0,724.7,98.06,98.06,40.81,13.53,3.269,0.09,False,Vf/V-Vfa02,Vf,tunnels,4,582.5
wheel_speed,veh_yawrate,30.0,724.7,98.04,98.04,40.79,13.53,3.268,0.053,False,Vf/V-Vfa02,Vf,tunnels,4,582.5
obd,gps_hold,30.0,724.7,58.17,58.17,22.2,8.03,1.939,0.09,True,Vf/V-Vfa02,Vf,tunnels,4,582.5
hold,imu_aligned,30.0,724.7,96.29,96.29,70.21,13.29,3.21,3.345,False,Vf/V-Vfa02,Vf,tunnels,4,582.5
imu_integrate,imu_aligned,30.0,724.7,115.37,115.37,46.88,15.92,3.846,4.521,False,Vf/V-Vfa02,Vf,tunnels,4,582.5
truth,truth,30.0,674.8,0.22,0.23,0.15,0.03,0.007,,True,Vf/V-Vfa02,Vf,tunnels,5,717.5
truth,veh_yawrate,30.0,674.8,66.31,66.31,29.45,9.83,2.21,,True,Vf/V-Vfa02,Vf,tunnels,5,717.5
hold,truth,30.0,674.8,4.79,5.68,2.79,0.71,0.16,0.437,True,Vf/V-Vfa02,Vf,tunnels,5,717.5
obd,veh_yawrate,30.0,674.8,66.37,66.37,29.48,9.83,2.212,0.078,True,Vf/V-Vfa02,Vf,tunnels,5,717.5
wheel_speed,veh_yawrate,30.0,674.8,66.33,66.33,29.45,9.83,2.211,0.035,True,Vf/V-Vfa02,Vf,tunnels,5,717.5
obd,gps_hold,30.0,674.8,56.68,56.68,25.43,8.4,1.889,0.078,True,Vf/V-Vfa02,Vf,tunnels,5,717.5
hold,imu_aligned,30.0,674.8,56.98,56.98,25.62,8.44,1.899,0.437,True,Vf/V-Vfa02,Vf,tunnels,5,717.5
imu_integrate,imu_aligned,30.0,674.8,95.49,95.49,40.92,14.15,3.183,2.487,False,Vf/V-Vfa02,Vf,tunnels,5,717.5
truth,truth,30.0,749.4,0.25,0.32,0.12,0.03,0.008,,True,Vf/V-Vfa02,Vf,tunnels,6,852.5
truth,veh_yawrate,30.0,749.4,35.79,35.79,15.96,4.78,1.193,,True,Vf/V-Vfa02,Vf,tunnels,6,852.5
hold,truth,30.0,749.4,68.63,68.63,34.26,9.16,2.288,2.335,True,Vf/V-Vfa02,Vf,tunnels,6,852.5
obd,veh_yawrate,30.0,749.4,35.98,35.98,16.05,4.8,1.199,0.093,True,Vf/V-Vfa02,Vf,tunnels,6,852.5
wheel_speed,veh_yawrate,30.0,749.4,35.77,35.77,15.95,4.77,1.192,0.045,True,Vf/V-Vfa02,Vf,tunnels,6,852.5
obd,gps_hold,30.0,749.4,66.11,66.11,29.9,8.82,2.204,0.093,True,Vf/V-Vfa02,Vf,tunnels,6,852.5
hold,imu_aligned,30.0,749.4,97.95,97.95,46.47,13.07,3.265,2.335,False,Vf/V-Vfa02,Vf,tunnels,6,852.5
imu_integrate,imu_aligned,30.0,749.4,135.5,135.5,66.97,18.08,4.517,3.813,False,Vf/V-Vfa02,Vf,tunnels,6,852.5
truth,truth,30.0,872.5,0.28,0.28,0.14,0.03,0.009,,True,Vf/V-Vfa02,Vf,tunnels,7,987.5
truth,veh_yawrate,30.0,872.5,21.38,21.38,9.54,2.45,0.713,,True,Vf/V-Vfa02,Vf,tunnels,7,987.5
hold,truth,30.0,872.5,19.06,19.06,9.09,2.18,0.635,0.697,True,Vf/V-Vfa02,Vf,tunnels,7,987.5
obd,veh_yawrate,30.0,872.5,21.46,21.46,9.6,2.46,0.715,0.084,True,Vf/V-Vfa02,Vf,tunnels,7,987.5
wheel_speed,veh_yawrate,30.0,872.5,21.44,21.44,9.57,2.46,0.715,0.051,True,Vf/V-Vfa02,Vf,tunnels,7,987.5
obd,gps_hold,30.0,872.5,116.96,116.96,52.31,13.4,3.899,0.084,False,Vf/V-Vfa02,Vf,tunnels,7,987.5
hold,imu_aligned,30.0,872.5,119.95,119.95,53.64,13.75,3.998,0.697,False,Vf/V-Vfa02,Vf,tunnels,7,987.5
imu_integrate,imu_aligned,30.0,872.5,196.33,196.33,92.16,22.5,6.544,4.924,False,Vf/V-Vfa02,Vf,tunnels,7,987.5
truth,truth,60.0,837.4,0.87,0.93,0.56,0.1,0.015,,True,Vf/V-Vfa02,Vf,every_2min,0,50.0
truth,veh_yawrate,60.0,837.4,10.34,10.34,3.77,1.24,0.172,,True,Vf/V-Vfa02,Vf,every_2min,0,50.0
hold,truth,60.0,837.4,90.98,90.98,33.83,10.87,1.516,2.152,False,Vf/V-Vfa02,Vf,every_2min,0,50.0
obd,veh_yawrate,60.0,837.4,11.91,11.91,4.85,1.42,0.198,0.101,True,Vf/V-Vfa02,Vf,every_2min,0,50.0
wheel_speed,veh_yawrate,60.0,837.4,10.45,10.45,3.88,1.25,0.174,0.04,True,Vf/V-Vfa02,Vf,every_2min,0,50.0
obd,gps_hold,60.0,837.4,30.39,30.39,15.89,3.63,0.506,0.101,True,Vf/V-Vfa02,Vf,every_2min,0,50.0
hold,imu_aligned,60.0,837.4,95.14,95.14,37.01,11.36,1.586,2.152,False,Vf/V-Vfa02,Vf,every_2min,0,50.0
imu_integrate,imu_aligned,60.0,837.4,573.89,573.89,295.04,68.54,9.565,9.597,False,Vf/V-Vfa02,Vf,every_2min,0,50.0
truth,truth,60.0,1422.9,2.12,2.12,1.22,0.15,0.035,,True,Vf/V-Vfa02,Vf,every_2min,1,260.0
truth,veh_yawrate,60.0,1422.9,221.38,221.38,96.32,15.56,3.69,,False,Vf/V-Vfa02,Vf,every_2min,1,260.0
hold,truth,60.0,1422.9,21.76,21.76,12.1,1.53,0.363,0.878,True,Vf/V-Vfa02,Vf,every_2min,1,260.0
obd,veh_yawrate,60.0,1422.9,222.03,222.03,96.67,15.6,3.7,0.126,False,Vf/V-Vfa02,Vf,every_2min,1,260.0
wheel_speed,veh_yawrate,60.0,1422.9,221.05,221.05,96.19,15.53,3.684,0.058,False,Vf/V-Vfa02,Vf,every_2min,1,260.0
obd,gps_hold,60.0,1422.9,153.22,153.22,67.93,10.77,2.554,0.126,False,Vf/V-Vfa02,Vf,every_2min,1,260.0
hold,imu_aligned,60.0,1422.9,152.51,152.51,68.35,10.72,2.542,0.878,False,Vf/V-Vfa02,Vf,every_2min,1,260.0
imu_integrate,imu_aligned,60.0,1422.9,373.23,373.23,183.21,26.23,6.22,5.499,False,Vf/V-Vfa02,Vf,every_2min,1,260.0
truth,truth,60.0,1697.4,0.89,0.89,0.52,0.05,0.015,,True,Vf/V-Vfa02,Vf,every_2min,2,440.0
truth,veh_yawrate,60.0,1697.4,111.9,111.9,51.56,6.59,1.865,,True,Vf/V-Vfa02,Vf,every_2min,2,440.0
hold,truth,60.0,1697.4,80.19,80.19,29.72,4.72,1.336,1.554,True,Vf/V-Vfa02,Vf,every_2min,2,440.0
obd,veh_yawrate,60.0,1697.4,112.22,112.22,51.71,6.61,1.87,0.083,True,Vf/V-Vfa02,Vf,every_2min,2,440.0
wheel_speed,veh_yawrate,60.0,1697.4,111.71,111.71,51.51,6.58,1.862,0.051,True,Vf/V-Vfa02,Vf,every_2min,2,440.0
obd,gps_hold,60.0,1697.4,20.39,48.67,25.97,1.2,0.34,0.083,True,Vf/V-Vfa02,Vf,every_2min,2,440.0
hold,imu_aligned,60.0,1697.4,88.71,88.71,41.19,5.23,1.479,1.554,True,Vf/V-Vfa02,Vf,every_2min,2,440.0
imu_integrate,imu_aligned,60.0,1697.4,561.3,561.3,254.94,33.07,9.355,9.238,False,Vf/V-Vfa02,Vf,every_2min,2,440.0
truth,truth,60.0,1404.8,1.02,1.05,0.65,0.07,0.017,,True,Vf/V-Vfa02,Vf,every_2min,3,620.0
truth,veh_yawrate,60.0,1404.8,136.27,136.27,72.85,9.7,2.271,,True,Vf/V-Vfa02,Vf,every_2min,3,620.0
hold,truth,60.0,1404.8,216.71,216.71,110.35,15.43,3.612,3.651,False,Vf/V-Vfa02,Vf,every_2min,3,620.0
obd,veh_yawrate,60.0,1404.8,136.53,136.53,72.94,9.72,2.275,0.094,True,Vf/V-Vfa02,Vf,every_2min,3,620.0
wheel_speed,veh_yawrate,60.0,1404.8,136.47,136.47,72.91,9.71,2.274,0.039,True,Vf/V-Vfa02,Vf,every_2min,3,620.0
obd,gps_hold,60.0,1404.8,421.96,421.96,194.79,30.04,7.033,0.094,False,Vf/V-Vfa02,Vf,every_2min,3,620.0
hold,imu_aligned,60.0,1404.8,511.56,511.56,239.22,36.42,8.526,3.651,False,Vf/V-Vfa02,Vf,every_2min,3,620.0
imu_integrate,imu_aligned,60.0,1404.8,595.33,595.33,271.76,42.38,9.922,5.775,False,Vf/V-Vfa02,Vf,every_2min,3,620.0
truth,truth,60.0,1581.9,0.69,0.8,0.44,0.04,0.012,,True,Vf/V-Vfa02,Vf,every_2min,4,800.0
truth,veh_yawrate,60.0,1581.9,26.58,26.58,11.88,1.68,0.443,,True,Vf/V-Vfa02,Vf,every_2min,4,800.0
hold,truth,60.0,1581.9,108.61,108.61,66.02,6.87,1.81,1.821,True,Vf/V-Vfa02,Vf,every_2min,4,800.0
obd,veh_yawrate,60.0,1581.9,26.65,26.65,12.07,1.68,0.444,0.073,True,Vf/V-Vfa02,Vf,every_2min,4,800.0
wheel_speed,veh_yawrate,60.0,1581.9,26.65,26.65,11.93,1.68,0.444,0.038,True,Vf/V-Vfa02,Vf,every_2min,4,800.0
obd,gps_hold,60.0,1581.9,313.11,313.11,138.12,19.79,5.218,0.073,False,Vf/V-Vfa02,Vf,every_2min,4,800.0
hold,imu_aligned,60.0,1581.9,344.55,344.55,158.89,21.78,5.742,1.821,False,Vf/V-Vfa02,Vf,every_2min,4,800.0
imu_integrate,imu_aligned,60.0,1581.9,705.42,705.42,322.0,44.59,11.757,9.868,False,Vf/V-Vfa02,Vf,every_2min,4,800.0
truth,truth,60.0,1727.0,0.56,0.56,0.4,0.03,0.009,,True,Vf/V-Vfa02,Vf,every_2min,5,980.0
truth,veh_yawrate,60.0,1727.0,113.04,113.04,56.88,6.55,1.884,,True,Vf/V-Vfa02,Vf,every_2min,5,980.0
hold,truth,60.0,1727.0,115.43,115.43,72.23,6.68,1.924,1.945,True,Vf/V-Vfa02,Vf,every_2min,5,980.0
obd,veh_yawrate,60.0,1727.0,112.87,112.87,56.79,6.54,1.881,0.084,True,Vf/V-Vfa02,Vf,every_2min,5,980.0
wheel_speed,veh_yawrate,60.0,1727.0,112.93,112.93,56.81,6.54,1.882,0.048,True,Vf/V-Vfa02,Vf,every_2min,5,980.0
obd,gps_hold,60.0,1727.0,454.19,454.19,207.92,26.3,7.57,0.084,False,Vf/V-Vfa02,Vf,every_2min,5,980.0
hold,imu_aligned,60.0,1727.0,448.27,448.27,210.57,25.96,7.471,1.945,False,Vf/V-Vfa02,Vf,every_2min,5,980.0
imu_integrate,imu_aligned,60.0,1727.0,627.56,627.56,279.98,36.34,10.459,6.239,False,Vf/V-Vfa02,Vf,every_2min,5,980.0
truth,truth,60.0,1731.2,2.74,2.74,1.9,0.16,0.046,,True,Vf/V-Vfa02,Vf,every_2min,6,1160.0
truth,veh_yawrate,60.0,1731.2,78.53,78.7,48.49,4.54,1.309,,True,Vf/V-Vfa02,Vf,every_2min,6,1160.0
hold,truth,60.0,1731.2,19.19,26.86,14.99,1.11,0.32,0.588,True,Vf/V-Vfa02,Vf,every_2min,6,1160.0
obd,veh_yawrate,60.0,1731.2,78.36,78.55,48.42,4.53,1.306,0.06,True,Vf/V-Vfa02,Vf,every_2min,6,1160.0
wheel_speed,veh_yawrate,60.0,1731.2,78.56,78.73,48.52,4.54,1.309,0.053,True,Vf/V-Vfa02,Vf,every_2min,6,1160.0
obd,gps_hold,60.0,1731.2,553.67,553.67,300.82,31.98,9.228,0.06,False,Vf/V-Vfa02,Vf,every_2min,6,1160.0
hold,imu_aligned,60.0,1731.2,549.87,549.87,298.14,31.76,9.165,0.588,False,Vf/V-Vfa02,Vf,every_2min,6,1160.0
imu_integrate,imu_aligned,60.0,1731.2,862.29,862.29,412.85,49.81,14.371,9.491,False,Vf/V-Vfa02,Vf,every_2min,6,1160.0
truth,truth,60.0,1776.7,3.3,3.3,1.67,0.19,0.055,,True,Vf/V-Vfa02,Vf,every_2min,7,1340.0
truth,veh_yawrate,60.0,1776.7,926.15,926.15,404.18,52.13,15.436,,False,Vf/V-Vfa02,Vf,every_2min,7,1340.0
hold,truth,60.0,1776.7,58.7,58.7,34.15,3.3,0.978,1.049,True,Vf/V-Vfa02,Vf,every_2min,7,1340.0
obd,veh_yawrate,60.0,1776.7,924.84,924.84,403.54,52.05,15.414,0.069,False,Vf/V-Vfa02,Vf,every_2min,7,1340.0
wheel_speed,veh_yawrate,60.0,1776.7,925.47,925.47,403.92,52.09,15.425,0.083,False,Vf/V-Vfa02,Vf,every_2min,7,1340.0
obd,gps_hold,60.0,1776.7,812.62,812.62,341.51,45.74,13.544,0.069,False,Vf/V-Vfa02,Vf,every_2min,7,1340.0
hold,imu_aligned,60.0,1776.7,792.15,792.15,333.01,44.59,13.202,1.049,False,Vf/V-Vfa02,Vf,every_2min,7,1340.0
imu_integrate,imu_aligned,60.0,1776.7,813.31,813.31,336.18,45.78,13.555,4.253,False,Vf/V-Vfa02,Vf,every_2min,7,1340.0
truth,truth,60.0,1504.4,2.99,2.99,2.06,0.2,0.05,,True,Vf/V-Vfa02,Vf,every_2min,8,1520.0
truth,veh_yawrate,60.0,1504.4,99.01,99.01,51.27,6.58,1.65,,True,Vf/V-Vfa02,Vf,every_2min,8,1520.0
hold,truth,60.0,1504.4,86.66,86.66,43.76,5.76,1.444,1.484,True,Vf/V-Vfa02,Vf,every_2min,8,1520.0
obd,veh_yawrate,60.0,1504.4,99.04,99.04,51.29,6.58,1.651,0.061,True,Vf/V-Vfa02,Vf,every_2min,8,1520.0
wheel_speed,veh_yawrate,60.0,1504.4,99.1,99.1,51.29,6.59,1.652,0.053,True,Vf/V-Vfa02,Vf,every_2min,8,1520.0
obd,gps_hold,60.0,1504.4,108.99,108.99,40.9,7.24,1.817,0.061,True,Vf/V-Vfa02,Vf,every_2min,8,1520.0
hold,imu_aligned,60.0,1504.4,154.64,154.64,64.78,10.28,2.577,1.484,False,Vf/V-Vfa02,Vf,every_2min,8,1520.0
imu_integrate,imu_aligned,60.0,1504.4,409.16,409.16,176.53,27.2,6.819,6.187,False,Vf/V-Vfa02,Vf,every_2min,8,1520.0
truth,truth,60.0,1705.9,4.35,4.35,2.37,0.26,0.073,,True,Vf/V-Vfa02,Vf,every_2min,9,1700.0
truth,veh_yawrate,60.0,1705.9,795.77,795.77,388.6,46.65,13.263,,False,Vf/V-Vfa02,Vf,every_2min,9,1700.0
hold,truth,60.0,1705.9,19.51,24.44,17.44,1.14,0.325,0.507,True,Vf/V-Vfa02,Vf,every_2min,9,1700.0
obd,veh_yawrate,60.0,1705.9,796.08,796.08,388.64,46.67,13.268,0.064,False,Vf/V-Vfa02,Vf,every_2min,9,1700.0
wheel_speed,veh_yawrate,60.0,1705.9,795.74,795.74,388.55,46.65,13.262,0.052,False,Vf/V-Vfa02,Vf,every_2min,9,1700.0
obd,gps_hold,60.0,1705.9,759.82,759.82,362.52,44.54,12.664,0.064,False,Vf/V-Vfa02,Vf,every_2min,9,1700.0
hold,imu_aligned,60.0,1705.9,753.3,753.3,358.46,44.16,12.555,0.507,False,Vf/V-Vfa02,Vf,every_2min,9,1700.0
imu_integrate,imu_aligned,60.0,1705.9,769.58,769.58,363.61,45.11,12.826,0.995,False,Vf/V-Vfa02,Vf,every_2min,9,1700.0
truth,truth,60.0,1634.8,2.02,2.02,1.12,0.12,0.034,,True,Vf/V-Vfa02,Vf,every_2min,10,1880.0
truth,veh_yawrate,60.0,1634.8,160.32,160.32,75.61,9.81,2.672,,True,Vf/V-Vfa02,Vf,every_2min,10,1880.0
hold,truth,60.0,1634.8,118.99,118.99,57.83,7.28,1.983,1.998,True,Vf/V-Vfa02,Vf,every_2min,10,1880.0
obd,veh_yawrate,60.0,1634.8,160.24,160.24,75.47,9.8,2.671,0.083,True,Vf/V-Vfa02,Vf,every_2min,10,1880.0
wheel_speed,veh_yawrate,60.0,1634.8,160.2,160.2,75.51,9.8,2.67,0.052,True,Vf/V-Vfa02,Vf,every_2min,10,1880.0
obd,gps_hold,60.0,1634.8,388.6,388.6,208.93,23.77,6.477,0.083,False,Vf/V-Vfa02,Vf,every_2min,10,1880.0
hold,imu_aligned,60.0,1634.8,386.98,386.98,207.11,23.67,6.45,1.998,False,Vf/V-Vfa02,Vf,every_2min,10,1880.0
imu_integrate,imu_aligned,60.0,1634.8,396.87,396.87,208.75,24.28,6.615,2.228,False,Vf/V-Vfa02,Vf,every_2min,10,1880.0
truth,truth,60.0,1465.7,5.32,5.32,3.01,0.36,0.089,,True,Vf/V-Vfa02,Vf,every_2min,11,2060.0
truth,veh_yawrate,60.0,1465.7,303.12,303.12,133.48,20.68,5.052,,False,Vf/V-Vfa02,Vf,every_2min,11,2060.0
hold,truth,60.0,1465.7,17.59,32.31,21.72,1.2,0.293,1.367,True,Vf/V-Vfa02,Vf,every_2min,11,2060.0
obd,veh_yawrate,60.0,1465.7,303.72,303.72,133.72,20.72,5.062,0.038,False,Vf/V-Vfa02,Vf,every_2min,11,2060.0
wheel_speed,veh_yawrate,60.0,1465.7,303.29,303.29,133.54,20.69,5.055,0.066,False,Vf/V-Vfa02,Vf,every_2min,11,2060.0
obd,gps_hold,60.0,1465.7,188.78,188.78,82.1,12.88,3.146,0.038,False,Vf/V-Vfa02,Vf,every_2min,11,2060.0
hold,imu_aligned,60.0,1465.7,188.04,188.04,85.32,12.83,3.134,1.367,False,Vf/V-Vfa02,Vf,every_2min,11,2060.0
imu_integrate,imu_aligned,60.0,1465.7,263.56,263.56,112.55,17.98,4.393,3.757,False,Vf/V-Vfa02,Vf,every_2min,11,2060.0
truth,truth,60.0,1635.9,1.32,1.32,0.96,0.08,0.022,,True,Vf/V-Vfa02,Vf,every_2min,12,2240.0
truth,veh_yawrate,60.0,1635.9,48.26,48.26,19.92,2.95,0.804,,True,Vf/V-Vfa02,Vf,every_2min,12,2240.0
hold,truth,60.0,1635.9,138.95,138.95,71.86,8.49,2.316,2.397,True,Vf/V-Vfa02,Vf,every_2min,12,2240.0
obd,veh_yawrate,60.0,1635.9,49.16,49.16,20.27,3.01,0.819,0.07,True,Vf/V-Vfa02,Vf,every_2min,12,2240.0
wheel_speed,veh_yawrate,60.0,1635.9,47.99,47.99,19.79,2.93,0.8,0.052,True,Vf/V-Vfa02,Vf,every_2min,12,2240.0
obd,gps_hold,60.0,1635.9,739.89,739.89,332.48,45.23,12.332,0.07,False,Vf/V-Vfa02,Vf,every_2min,12,2240.0
hold,imu_aligned,60.0,1635.9,794.5,794.5,357.57,48.57,13.242,2.397,False,Vf/V-Vfa02,Vf,every_2min,12,2240.0
imu_integrate,imu_aligned,60.0,1635.9,1029.6,1029.6,457.53,62.94,17.16,8.733,False,Vf/V-Vfa02,Vf,every_2min,12,2240.0
truth,truth,60.0,1613.0,2.43,2.67,1.69,0.15,0.041,,True,Vf/V-Vfa02,Vf,every_2min,13,2420.0
truth,veh_yawrate,60.0,1613.0,275.79,275.79,123.31,17.1,4.597,,False,Vf/V-Vfa02,Vf,every_2min,13,2420.0
hold,truth,60.0,1613.0,53.98,53.98,20.59,3.35,0.9,0.944,True,Vf/V-Vfa02,Vf,every_2min,13,2420.0
obd,veh_yawrate,60.0,1613.0,275.94,275.94,123.46,17.11,4.599,0.096,False,Vf/V-Vfa02,Vf,every_2min,13,2420.0
wheel_speed,veh_yawrate,60.0,1613.0,275.77,275.77,123.35,17.1,4.596,0.075,False,Vf/V-Vfa02,Vf,every_2min,13,2420.0
obd,gps_hold,60.0,1613.0,100.0,100.0,32.93,6.2,1.667,0.096,True,Vf/V-Vfa02,Vf,every_2min,13,2420.0
hold,imu_aligned,60.0,1613.0,110.1,110.1,37.83,6.83,1.835,0.944,True,Vf/V-Vfa02,Vf,every_2min,13,2420.0
imu_integrate,imu_aligned,60.0,1613.0,420.64,420.64,184.78,26.08,7.011,6.696,False,Vf/V-Vfa02,Vf,every_2min,13,2420.0
truth,truth,60.0,1697.3,0.88,1.42,1.1,0.05,0.015,,True,Vf/V-Vfa02,Vf,every_2min,14,2600.0
truth,veh_yawrate,60.0,1697.3,12.82,31.77,22.57,0.76,0.214,,True,Vf/V-Vfa02,Vf,every_2min,14,2600.0
hold,truth,60.0,1697.3,56.66,59.98,34.51,3.34,0.944,1.075,True,Vf/V-Vfa02,Vf,every_2min,14,2600.0
obd,veh_yawrate,60.0,1697.3,14.96,31.94,22.89,0.88,0.249,0.072,True,Vf/V-Vfa02,Vf,every_2min,14,2600.0
wheel_speed,veh_yawrate,60.0,1697.3,12.48,31.75,22.53,0.74,0.208,0.056,True,Vf/V-Vfa02,Vf,every_2min,14,2600.0
obd,gps_hold,60.0,1697.3,44.06,66.36,41.7,2.6,0.734,0.072,True,Vf/V-Vfa02,Vf,every_2min,14,2600.0
hold,imu_aligned,60.0,1697.3,61.38,69.62,50.96,3.62,1.023,1.075,True,Vf/V-Vfa02,Vf,every_2min,14,2600.0
imu_integrate,imu_aligned,60.0,1697.3,351.25,351.25,155.3,20.7,5.854,5.664,False,Vf/V-Vfa02,Vf,every_2min,14,2600.0
truth,truth,60.0,1629.8,4.21,4.21,1.75,0.26,0.07,,True,Vf/V-Vfa02,Vf,every_2min,15,2780.0
truth,veh_yawrate,60.0,1629.8,464.48,464.48,169.56,28.5,7.741,,False,Vf/V-Vfa02,Vf,every_2min,15,2780.0
hold,truth,60.0,1629.8,20.73,20.73,14.38,1.27,0.346,0.527,True,Vf/V-Vfa02,Vf,every_2min,15,2780.0
obd,veh_yawrate,60.0,1629.8,465.15,465.15,169.83,28.54,7.752,0.074,False,Vf/V-Vfa02,Vf,every_2min,15,2780.0
wheel_speed,veh_yawrate,60.0,1629.8,464.4,464.4,169.53,28.49,7.74,0.083,False,Vf/V-Vfa02,Vf,every_2min,15,2780.0
obd,gps_hold,60.0,1629.8,256.37,256.37,93.33,15.73,4.273,0.074,False,Vf/V-Vfa02,Vf,every_2min,15,2780.0
hold,imu_aligned,60.0,1629.8,260.03,260.03,95.35,15.95,4.334,0.527,False,Vf/V-Vfa02,Vf,every_2min,15,2780.0
imu_integrate,imu_aligned,60.0,1629.8,318.85,318.85,108.65,19.56,5.314,2.692,False,Vf/V-Vfa02,Vf,every_2min,15,2780.0
truth,truth,60.0,1648.5,5.33,5.34,3.25,0.32,0.089,,True,Vf/V-Vfa02,Vf,every_2min,16,2960.0
truth,veh_yawrate,60.0,1648.5,40.14,40.14,13.2,2.43,0.669,,True,Vf/V-Vfa02,Vf,every_2min,16,2960.0
hold,truth,60.0,1648.5,37.99,37.99,13.56,2.3,0.633,0.804,True,Vf/V-Vfa02,Vf,every_2min,16,2960.0
obd,veh_yawrate,60.0,1648.5,40.23,40.23,13.29,2.44,0.67,0.211,True,Vf/V-Vfa02,Vf,every_2min,16,2960.0
wheel_speed,veh_yawrate,60.0,1648.5,40.87,40.87,13.28,2.48,0.681,0.209,True,Vf/V-Vfa02,Vf,every_2min,16,2960.0
obd,gps_hold,60.0,1648.5,53.35,53.35,18.65,3.24,0.889,0.211,True,Vf/V-Vfa02,Vf,every_2min,16,2960.0
hold,imu_aligned,60.0,1648.5,64.3,64.3,22.5,3.9,1.072,0.804,True,Vf/V-Vfa02,Vf,every_2min,16,2960.0
imu_integrate,imu_aligned,60.0,1648.5,401.19,401.19,197.88,24.34,6.686,6.626,False,Vf/V-Vfa02,Vf,every_2min,16,2960.0
truth,truth,60.0,1797.1,3.31,3.31,1.34,0.18,0.055,,True,Vf/V-Vfa02,Vf,every_2min,17,3140.0
truth,veh_yawrate,60.0,1797.1,533.36,533.36,228.04,29.68,8.889,,False,Vf/V-Vfa02,Vf,every_2min,17,3140.0
hold,truth,60.0,1797.1,57.48,57.48,28.32,3.2,0.958,0.962,True,Vf/V-Vfa02,Vf,every_2min,17,3140.0
obd,veh_yawrate,60.0,1797.1,534.1,534.1,228.37,29.72,8.902,0.069,False,Vf/V-Vfa02,Vf,every_2min,17,3140.0
wheel_speed,veh_yawrate,60.0,1797.1,533.01,533.01,227.88,29.66,8.883,0.039,False,Vf/V-Vfa02,Vf,every_2min,17,3140.0
obd,gps_hold,60.0,1797.1,454.96,454.96,195.29,25.32,7.583,0.069,False,Vf/V-Vfa02,Vf,every_2min,17,3140.0
hold,imu_aligned,60.0,1797.1,468.48,468.48,201.16,26.07,7.808,0.962,False,Vf/V-Vfa02,Vf,every_2min,17,3140.0
imu_integrate,imu_aligned,60.0,1797.1,575.45,575.45,251.91,32.02,9.591,4.637,False,Vf/V-Vfa02,Vf,every_2min,17,3140.0
truth,truth,60.0,1685.5,3.86,3.86,1.79,0.23,0.064,,True,Vf/V-Vfa02,Vf,every_2min,18,3320.0
truth,veh_yawrate,60.0,1685.5,186.88,186.88,71.65,11.09,3.115,,False,Vf/V-Vfa02,Vf,every_2min,18,3320.0
hold,truth,60.0,1685.5,5.53,14.63,7.2,0.33,0.092,0.637,True,Vf/V-Vfa02,Vf,every_2min,18,3320.0
obd,veh_yawrate,60.0,1685.5,187.33,187.33,71.88,11.11,3.122,0.069,False,Vf/V-Vfa02,Vf,every_2min,18,3320.0
wheel_speed,veh_yawrate,60.0,1685.5,186.89,186.89,71.66,11.09,3.115,0.047,False,Vf/V-Vfa02,Vf,every_2min,18,3320.0
obd,gps_hold,60.0,1685.5,130.88,130.88,49.52,7.77,2.181,0.069,True,Vf/V-Vfa02,Vf,every_2min,18,3320.0
hold,imu_aligned,60.0,1685.5,130.08,130.08,49.18,7.72,2.168,0.637,True,Vf/V-Vfa02,Vf,every_2min,18,3320.0
imu_integrate,imu_aligned,60.0,1685.5,224.5,224.5,82.75,13.32,3.742,2.84,False,Vf/V-Vfa02,Vf,every_2min,18,3320.0
truth,truth,60.0,1439.8,19.94,19.94,11.55,1.38,0.332,,True,Vf/V-Vfa02,Vf,every_2min,19,3500.0
truth,veh_yawrate,60.0,1439.8,468.82,468.82,202.83,32.56,7.814,,False,Vf/V-Vfa02,Vf,every_2min,19,3500.0
hold,truth,60.0,1439.8,41.31,41.31,23.74,2.87,0.689,0.743,True,Vf/V-Vfa02,Vf,every_2min,19,3500.0
obd,veh_yawrate,60.0,1439.8,469.03,469.03,202.87,32.57,7.817,0.262,False,Vf/V-Vfa02,Vf,every_2min,19,3500.0
wheel_speed,veh_yawrate,60.0,1439.8,468.84,468.84,202.84,32.56,7.814,0.326,False,Vf/V-Vfa02,Vf,every_2min,19,3500.0
obd,gps_hold,60.0,1439.8,31.37,31.37,18.06,2.18,0.523,0.262,True,Vf/V-Vfa02,Vf,every_2min,19,3500.0
hold,imu_aligned,60.0,1439.8,49.77,49.77,28.6,3.46,0.829,0.743,True,Vf/V-Vfa02,Vf,every_2min,19,3500.0
imu_integrate,imu_aligned,60.0,1439.8,249.84,249.84,117.87,17.35,4.164,4.137,False,Vf/V-Vfa02,Vf,every_2min,19,3500.0
truth,truth,60.0,1517.1,19.28,19.28,11.75,1.27,0.321,,True,Vf/V-Vfa02,Vf,every_2min,20,3680.0
truth,veh_yawrate,60.0,1517.1,1754.4,1754.4,893.96,115.65,29.24,,False,Vf/V-Vfa02,Vf,every_2min,20,3680.0
hold,truth,60.0,1517.1,67.51,67.51,25.46,4.45,1.125,1.444,True,Vf/V-Vfa02,Vf,every_2min,20,3680.0
obd,veh_yawrate,60.0,1517.1,1755.7,1755.7,894.54,115.73,29.262,0.209,False,Vf/V-Vfa02,Vf,every_2min,20,3680.0
wheel_speed,veh_yawrate,60.0,1517.1,1754.13,1754.13,893.73,115.63,29.235,0.301,False,Vf/V-Vfa02,Vf,every_2min,20,3680.0
obd,gps_hold,60.0,1517.1,576.59,576.59,280.7,38.01,9.61,0.209,False,Vf/V-Vfa02,Vf,every_2min,20,3680.0
hold,imu_aligned,60.0,1517.1,598.25,598.25,287.6,39.43,9.971,1.444,False,Vf/V-Vfa02,Vf,every_2min,20,3680.0
imu_integrate,imu_aligned,60.0,1517.1,731.05,731.05,345.06,48.19,12.184,5.496,False,Vf/V-Vfa02,Vf,every_2min,20,3680.0
truth,truth,60.0,1685.5,15.5,15.5,8.13,0.92,0.258,,True,Vf/V-Vfa02,Vf,every_2min,21,3860.0
truth,veh_yawrate,60.0,1685.5,130.25,130.25,65.59,7.73,2.171,,True,Vf/V-Vfa02,Vf,every_2min,21,3860.0
hold,truth,60.0,1685.5,99.31,99.31,40.91,5.89,1.655,1.746,True,Vf/V-Vfa02,Vf,every_2min,21,3860.0
obd,veh_yawrate,60.0,1685.5,129.97,129.97,65.56,7.71,2.166,0.104,True,Vf/V-Vfa02,Vf,every_2min,21,3860.0
wheel_speed,veh_yawrate,60.0,1685.5,130.14,130.14,65.55,7.72,2.169,0.194,True,Vf/V-Vfa02,Vf,every_2min,21,3860.0
obd,gps_hold,60.0,1685.5,29.75,132.67,79.35,1.76,0.496,0.104,True,Vf/V-Vfa02,Vf,every_2min,21,3860.0
hold,imu_aligned,60.0,1685.5,78.6,131.99,83.69,4.66,1.31,1.746,True,Vf/V-Vfa02,Vf,every_2min,21,3860.0
imu_integrate,imu_aligned,60.0,1685.5,25.18,141.34,83.75,1.49,0.42,1.483,True,Vf/V-Vfa02,Vf,every_2min,21,3860.0
truth,truth,60.0,1636.6,10.12,10.13,5.72,0.62,0.169,,True,Vf/V-Vfa02,Vf,every_2min,22,4040.0
truth,veh_yawrate,60.0,1636.6,176.66,176.66,82.14,10.79,2.944,,False,Vf/V-Vfa02,Vf,every_2min,22,4040.0
hold,truth,60.0,1636.6,55.97,55.97,21.34,3.42,0.933,1.003,True,Vf/V-Vfa02,Vf,every_2min,22,4040.0
obd,veh_yawrate,60.0,1636.6,176.77,176.77,82.19,10.8,2.946,0.057,False,Vf/V-Vfa02,Vf,every_2min,22,4040.0
wheel_speed,veh_yawrate,60.0,1636.6,176.65,176.65,82.15,10.79,2.944,0.099,False,Vf/V-Vfa02,Vf,every_2min,22,4040.0
obd,gps_hold,60.0,1636.6,107.28,107.28,56.64,6.56,1.788,0.057,True,Vf/V-Vfa02,Vf,every_2min,22,4040.0
hold,imu_aligned,60.0,1636.6,118.91,118.91,59.71,7.27,1.982,1.003,True,Vf/V-Vfa02,Vf,every_2min,22,4040.0
imu_integrate,imu_aligned,60.0,1636.6,319.18,319.18,150.5,19.5,5.32,4.957,False,Vf/V-Vfa02,Vf,every_2min,22,4040.0
truth,truth,60.0,1578.3,11.79,11.79,7.55,0.75,0.196,,True,Vf/V-Vfa02,Vf,every_2min,23,4220.0
truth,veh_yawrate,60.0,1578.3,15.07,15.07,9.84,0.95,0.251,,True,Vf/V-Vfa02,Vf,every_2min,23,4220.0
hold,truth,60.0,1578.3,15.48,15.48,8.39,0.98,0.258,0.488,True,Vf/V-Vfa02,Vf,every_2min,23,4220.0
obd,veh_yawrate,60.0,1578.3,11.69,14.86,8.65,0.74,0.195,0.069,True,Vf/V-Vfa02,Vf,every_2min,23,4220.0
wheel_speed,veh_yawrate,60.0,1578.3,15.41,15.41,10.03,0.98,0.257,0.122,True,Vf/V-Vfa02,Vf,every_2min,23,4220.0
obd,gps_hold,60.0,1578.3,295.04,295.04,137.45,18.69,4.917,0.069,False,Vf/V-Vfa02,Vf,every_2min,23,4220.0
hold,imu_aligned,60.0,1578.3,296.72,296.72,137.87,18.8,4.945,0.488,False,Vf/V-Vfa02,Vf,every_2min,23,4220.0
imu_integrate,imu_aligned,60.0,1578.3,348.59,348.59,165.16,22.09,5.81,2.526,False,Vf/V-Vfa02,Vf,every_2min,23,4220.0
truth,truth,60.0,1431.7,10.96,10.96,6.2,0.77,0.183,,True,Vf/V-Vfa02,Vf,every_2min,24,4400.0
truth,veh_yawrate,60.0,1431.7,151.8,151.8,76.15,10.6,2.53,,False,Vf/V-Vfa02,Vf,every_2min,24,4400.0
hold,truth,60.0,1431.7,131.36,131.36,63.0,9.18,2.189,2.189,True,Vf/V-Vfa02,Vf,every_2min,24,4400.0
obd,veh_yawrate,60.0,1431.7,151.99,151.99,76.22,10.62,2.533,0.049,False,Vf/V-Vfa02,Vf,every_2min,24,4400.0
wheel_speed,veh_yawrate,60.0,1431.7,151.85,151.85,76.17,10.61,2.531,0.075,False,Vf/V-Vfa02,Vf,every_2min,24,4400.0
obd,gps_hold,60.0,1431.7,188.69,188.69,101.43,13.18,3.145,0.049,False,Vf/V-Vfa02,Vf,every_2min,24,4400.0
hold,imu_aligned,60.0,1431.7,222.0,222.0,115.55,15.51,3.7,2.189,False,Vf/V-Vfa02,Vf,every_2min,24,4400.0
imu_integrate,imu_aligned,60.0,1431.7,190.03,190.03,101.39,13.27,3.167,0.899,False,Vf/V-Vfa02,Vf,every_2min,24,4400.0
truth,truth,60.0,1728.2,5.86,7.07,4.87,0.34,0.098,,True,Vf/V-Vfa02,Vf,every_2min,25,4580.0
truth,veh_yawrate,60.0,1728.2,190.76,190.76,56.91,11.04,3.179,,False,Vf/V-Vfa02,Vf,every_2min,25,4580.0
hold,truth,60.0,1728.2,7.77,10.74,6.72,0.45,0.129,0.671,True,Vf/V-Vfa02,Vf,every_2min,25,4580.0
obd,veh_yawrate,60.0,1728.2,188.84,188.84,56.1,10.93,3.147,0.059,False,Vf/V-Vfa02,Vf,every_2min,25,4580.0
wheel_speed,veh_yawrate,60.0,1728.2,191.0,191.0,57.04,11.05,3.183,0.087,False,Vf/V-Vfa02,Vf,every_2min,25,4580.0
obd,gps_hold,60.0,1728.2,261.8,309.12,208.9,15.15,4.363,0.059,False,Vf/V-Vfa02,Vf,every_2min,25,4580.0
hold,imu_aligned,60.0,1728.2,260.07,308.56,208.17,15.05,4.335,0.671,False,Vf/V-Vfa02,Vf,every_2min,25,4580.0
imu_integrate,imu_aligned,60.0,1728.2,965.34,965.34,468.49,55.86,16.089,14.728,False,Vf/V-Vfa02,Vf,every_2min,25,4580.0
truth,truth,60.0,1755.3,14.51,14.51,8.31,0.83,0.242,,True,Vf/V-Vfa02,Vf,every_2min,26,4760.0
truth,veh_yawrate,60.0,1755.3,668.03,672.91,401.49,38.06,11.134,,False,Vf/V-Vfa02,Vf,every_2min,26,4760.0
hold,truth,60.0,1755.3,139.76,139.76,74.8,7.96,2.329,2.657,True,Vf/V-Vfa02,Vf,every_2min,26,4760.0
obd,veh_yawrate,60.0,1755.3,668.55,673.44,401.84,38.09,11.143,0.087,False,Vf/V-Vfa02,Vf,every_2min,26,4760.0
wheel_speed,veh_yawrate,60.0,1755.3,667.69,672.55,401.29,38.04,11.128,0.133,False,Vf/V-Vfa02,Vf,every_2min,26,4760.0
obd,gps_hold,60.0,1755.3,448.6,448.6,252.16,25.56,7.477,0.087,False,Vf/V-Vfa02,Vf,every_2min,26,4760.0
hold,imu_aligned,60.0,1755.3,448.89,448.89,251.64,25.57,7.481,2.657,False,Vf/V-Vfa02,Vf,every_2min,26,4760.0
imu_integrate,imu_aligned,60.0,1755.3,448.7,448.7,254.97,25.56,7.478,4.119,False,Vf/V-Vfa02,Vf,every_2min,26,4760.0
truth,truth,60.0,1532.5,19.69,19.69,10.81,1.28,0.328,,True,Vf/V-Vfa02,Vf,every_2min,27,4940.0
truth,veh_yawrate,60.0,1532.5,162.09,162.09,65.28,10.58,2.701,,False,Vf/V-Vfa02,Vf,every_2min,27,4940.0
hold,truth,60.0,1532.5,27.24,27.24,15.86,1.78,0.454,0.716,True,Vf/V-Vfa02,Vf,every_2min,27,4940.0
obd,veh_yawrate,60.0,1532.5,162.28,162.28,65.26,10.59,2.705,0.136,False,Vf/V-Vfa02,Vf,every_2min,27,4940.0
wheel_speed,veh_yawrate,60.0,1532.5,162.12,162.12,65.27,10.58,2.702,0.195,False,Vf/V-Vfa02,Vf,every_2min,27,4940.0
obd,gps_hold,60.0,1532.5,152.88,152.88,55.71,9.98,2.548,0.136,True,Vf/V-Vfa02,Vf,every_2min,27,4940.0
hold,imu_aligned,60.0,1532.5,157.47,157.47,58.19,10.28,2.625,0.716,False,Vf/V-Vfa02,Vf,every_2min,27,4940.0
imu_integrate,imu_aligned,60.0,1532.5,246.2,246.2,103.89,16.06,4.103,2.955,False,Vf/V-Vfa02,Vf,every_2min,27,4940.0
truth,truth,60.0,1651.0,13.31,13.31,6.5,0.81,0.222,,True,Vf/V-Vfa02,Vf,every_2min,28,5120.0
truth,veh_yawrate,60.0,1651.0,308.38,308.38,162.17,18.68,5.14,,False,Vf/V-Vfa02,Vf,every_2min,28,5120.0
hold,truth,60.0,1651.0,12.27,12.27,7.32,0.74,0.205,0.61,True,Vf/V-Vfa02,Vf,every_2min,28,5120.0
obd,veh_yawrate,60.0,1651.0,308.49,308.49,162.25,18.69,5.142,0.064,False,Vf/V-Vfa02,Vf,every_2min,28,5120.0
wheel_speed,veh_yawrate,60.0,1651.0,308.37,308.37,162.19,18.68,5.139,0.093,False,Vf/V-Vfa02,Vf,every_2min,28,5120.0
obd,gps_hold,60.0,1651.0,543.16,543.16,256.59,32.9,9.053,0.064,False,Vf/V-Vfa02,Vf,every_2min,28,5120.0
hold,imu_aligned,60.0,1651.0,543.06,543.06,256.81,32.89,9.051,0.61,False,Vf/V-Vfa02,Vf,every_2min,28,5120.0
imu_integrate,imu_aligned,60.0,1651.0,643.05,643.05,302.27,38.95,10.718,4.213,False,Vf/V-Vfa02,Vf,every_2min,28,5120.0
truth,truth,60.0,1296.0,19.95,19.95,9.66,1.54,0.333,,True,Vf/V-Vfa02,Vf,every_2min,29,5300.0
truth,veh_yawrate,60.0,1296.0,1185.03,1185.03,568.26,91.44,19.751,,False,Vf/V-Vfa02,Vf,every_2min,29,5300.0
hold,truth,60.0,1296.0,142.07,142.07,69.79,10.96,2.368,2.771,False,Vf/V-Vfa02,Vf,every_2min,29,5300.0
obd,veh_yawrate,60.0,1296.0,1186.37,1186.37,568.7,91.54,19.773,0.251,False,Vf/V-Vfa02,Vf,every_2min,29,5300.0
wheel_speed,veh_yawrate,60.0,1296.0,1185.54,1185.54,568.56,91.47,19.759,0.297,False,Vf/V-Vfa02,Vf,every_2min,29,5300.0
obd,gps_hold,60.0,1296.0,1454.03,1454.03,712.82,112.19,24.234,0.251,False,Vf/V-Vfa02,Vf,every_2min,29,5300.0
hold,imu_aligned,60.0,1296.0,1354.74,1354.74,664.68,104.53,22.579,2.771,False,Vf/V-Vfa02,Vf,every_2min,29,5300.0
imu_integrate,imu_aligned,60.0,1296.0,1369.85,1369.85,684.28,105.7,22.831,3.647,False,Vf/V-Vfa02,Vf,every_2min,29,5300.0
truth,truth,60.0,1382.0,28.19,28.19,16.55,2.04,0.47,,True,Vf/V-Vfa02,Vf,every_2min,30,5480.0
truth,veh_yawrate,60.0,1382.0,179.96,179.96,80.23,13.02,2.999,,False,Vf/V-Vfa02,Vf,every_2min,30,5480.0
hold,truth,60.0,1382.0,81.18,81.18,32.09,5.87,1.353,1.509,True,Vf/V-Vfa02,Vf,every_2min,30,5480.0
obd,veh_yawrate,60.0,1382.0,180.21,180.21,80.08,13.04,3.003,0.403,False,Vf/V-Vfa02,Vf,every_2min,30,5480.0
wheel_speed,veh_yawrate,60.0,1382.0,180.19,180.19,80.3,13.04,3.003,0.479,False,Vf/V-Vfa02,Vf,every_2min,30,5480.0
obd,gps_hold,60.0,1382.0,282.48,282.48,106.45,20.44,4.708,0.403,False,Vf/V-Vfa02,Vf,every_2min,30,5480.0
hold,imu_aligned,60.0,1382.0,282.66,282.66,107.32,20.45,4.711,1.509,False,Vf/V-Vfa02,Vf,every_2min,30,5480.0
imu_integrate,imu_aligned,60.0,1382.0,299.05,299.05,121.15,21.64,4.984,1.335,False,Vf/V-Vfa02,Vf,every_2min,30,5480.0
truth,truth,60.0,1713.2,33.58,33.58,18.98,1.96,0.56,,True,Vf/V-Vfa02,Vf,every_2min,31,5660.0
truth,veh_yawrate,60.0,1713.2,278.22,278.22,134.18,16.24,4.637,,False,Vf/V-Vfa02,Vf,every_2min,31,5660.0
hold,truth,60.0,1713.2,37.01,46.9,24.45,2.16,0.617,0.975,True,Vf/V-Vfa02,Vf,every_2min,31,5660.0
obd,veh_yawrate,60.0,1713.2,276.97,276.97,133.46,16.17,4.616,0.447,False,Vf/V-Vfa02,Vf,every_2min,31,5660.0
wheel_speed,veh_yawrate,60.0,1713.2,278.2,278.2,134.22,16.24,4.637,0.548,False,Vf/V-Vfa02,Vf,every_2min,31,5660.0
obd,gps_hold,60.0,1713.2,1281.81,1281.81,607.25,74.82,21.363,0.447,False,Vf/V-Vfa02,Vf,every_2min,31,5660.0
hold,imu_aligned,60.0,1713.2,1279.11,1279.11,604.28,74.66,21.318,0.975,False,Vf/V-Vfa02,Vf,every_2min,31,5660.0
imu_integrate,imu_aligned,60.0,1713.2,1465.64,1465.64,694.15,85.55,24.427,5.079,False,Vf/V-Vfa02,Vf,every_2min,31,5660.0
truth,truth,60.0,1677.1,30.95,30.95,18.76,1.85,0.516,,True,Vf/V-Vfa02,Vf,every_2min,32,5840.0
truth,veh_yawrate,60.0,1677.1,695.37,695.37,301.32,41.46,11.589,,False,Vf/V-Vfa02,Vf,every_2min,32,5840.0
hold,truth,60.0,1677.1,62.32,62.32,22.44,3.72,1.039,1.342,True,Vf/V-Vfa02,Vf,every_2min,32,5840.0
obd,veh_yawrate,60.0,1677.1,695.72,695.72,301.44,41.48,11.595,0.459,False,Vf/V-Vfa02,Vf,every_2min,32,5840.0
wheel_speed,veh_yawrate,60.0,1677.1,696.93,696.93,302.19,41.56,11.616,0.539,False,Vf/V-Vfa02,Vf,every_2min,32,5840.0
obd,gps_hold,60.0,1677.1,823.45,823.45,338.46,49.1,13.724,0.459,False,Vf/V-Vfa02,Vf,every_2min,32,5840.0
hold,imu_aligned,60.0,1677.1,865.47,865.47,352.89,51.61,14.424,1.342,False,Vf/V-Vfa02,Vf,every_2min,32,5840.0
imu_integrate,imu_aligned,60.0,1677.1,1220.54,1220.54,526.37,72.78,20.342,10.053,False,Vf/V-Vfa02,Vf,every_2min,32,5840.0
truth,truth,60.0,1520.3,17.99,17.99,10.75,1.18,0.3,,True,Vf/V-Vfa02,Vf,every_2min,33,6020.0
truth,veh_yawrate,60.0,1520.3,15.86,15.86,8.48,1.04,0.264,,True,Vf/V-Vfa02,Vf,every_2min,33,6020.0
hold,truth,60.0,1520.3,236.11,236.11,122.05,15.53,3.935,3.93,False,Vf/V-Vfa02,Vf,every_2min,33,6020.0
obd,veh_yawrate,60.0,1520.3,12.02,12.02,5.85,0.79,0.2,0.076,True,Vf/V-Vfa02,Vf,every_2min,33,6020.0
wheel_speed,veh_yawrate,60.0,1520.3,14.08,14.08,7.22,0.93,0.235,0.141,True,Vf/V-Vfa02,Vf,every_2min,33,6020.0
obd,gps_hold,60.0,1520.3,47.07,55.03,33.65,3.1,0.784,0.076,True,Vf/V-Vfa02,Vf,every_2min,33,6020.0
hold,imu_aligned,60.0,1520.3,239.04,239.04,125.56,15.72,3.984,3.93,False,Vf/V-Vfa02,Vf,every_2min,33,6020.0
imu_integrate,imu_aligned,60.0,1520.3,212.93,212.93,103.45,14.01,3.549,3.502,False,Vf/V-Vfa02,Vf,every_2min,33,6020.0
truth,truth,60.0,622.0,12.6,12.78,8.48,2.03,0.21,,True,Vf/V-Vfa02,Vf,every_2min,34,6200.0
truth,veh_yawrate,60.0,622.0,12.01,12.22,8.15,1.93,0.2,,True,Vf/V-Vfa02,Vf,every_2min,34,6200.0
hold,truth,60.0,622.0,33.19,56.73,35.8,5.34,0.553,2.502,True,Vf/V-Vfa02,Vf,every_2min,34,6200.0
obd,veh_yawrate,60.0,622.0,10.23,10.25,6.58,1.64,0.171,0.169,True,Vf/V-Vfa02,Vf,every_2min,34,6200.0
wheel_speed,veh_yawrate,60.0,622.0,13.15,13.15,8.37,2.11,0.219,0.217,True,Vf/V-Vfa02,Vf,every_2min,34,6200.0
obd,gps_hold,60.0,622.0,38.29,38.29,24.27,6.16,0.638,0.169,True,Vf/V-Vfa02,Vf,every_2min,34,6200.0
hold,imu_aligned,60.0,622.0,51.55,63.51,41.97,8.29,0.859,2.502,True,Vf/V-Vfa02,Vf,every_2min,34,6200.0
imu_integrate,imu_aligned,60.0,622.0,272.04,272.04,173.84,43.73,4.534,4.637,False,Vf/V-Vfa02,Vf,every_2min,34,6200.0
truth,truth,60.0,458.4,6.94,6.94,3.97,1.51,0.116,,True,Vf/V-Vfa02,Vf,every_2min,35,6380.0
truth,veh_yawrate,60.0,458.4,11.68,11.68,5.47,2.55,0.195,,True,Vf/V-Vfa02,Vf,every_2min,35,6380.0
hold,truth,60.0,458.4,328.28,335.94,203.89,71.61,5.471,5.974,False,Vf/V-Vfa02,Vf,every_2min,35,6380.0
obd,veh_yawrate,60.0,458.4,10.91,10.91,5.21,2.38,0.182,0.081,True,Vf/V-Vfa02,Vf,every_2min,35,6380.0
wheel_speed,veh_yawrate,60.0,458.4,11.83,11.83,6.03,2.58,0.197,0.112,True,Vf/V-Vfa02,Vf,every_2min,35,6380.0
obd,gps_hold,60.0,458.4,39.06,39.06,26.82,8.52,0.651,0.081,True,Vf/V-Vfa02,Vf,every_2min,35,6380.0
hold,imu_aligned,60.0,458.4,333.39,340.5,207.43,72.73,5.556,5.974,False,Vf/V-Vfa02,Vf,every_2min,35,6380.0
imu_integrate,imu_aligned,60.0,458.4,392.22,405.3,268.15,85.56,6.537,6.975,False,Vf/V-Vfa02,Vf,every_2min,35,6380.0
truth,truth,60.0,455.6,26.77,26.77,13.56,5.88,0.446,,True,Vf/V-Vfa02,Vf,every_2min,36,6560.0
truth,veh_yawrate,60.0,455.6,211.8,211.8,96.31,46.48,3.53,,False,Vf/V-Vfa02,Vf,every_2min,36,6560.0
hold,truth,60.0,455.6,303.59,303.59,143.49,66.63,5.06,5.88,False,Vf/V-Vfa02,Vf,every_2min,36,6560.0
obd,veh_yawrate,60.0,455.6,215.06,215.06,98.46,47.2,3.584,0.645,False,Vf/V-Vfa02,Vf,every_2min,36,6560.0
wheel_speed,veh_yawrate,60.0,455.6,214.32,214.32,98.08,47.04,3.572,0.686,False,Vf/V-Vfa02,Vf,every_2min,36,6560.0
obd,gps_hold,60.0,455.6,247.46,247.46,114.54,54.31,4.124,0.645,False,Vf/V-Vfa02,Vf,every_2min,36,6560.0
hold,imu_aligned,60.0,455.6,309.69,309.69,140.26,67.97,5.161,5.88,False,Vf/V-Vfa02,Vf,every_2min,36,6560.0
imu_integrate,imu_aligned,60.0,455.6,345.65,345.65,162.41,75.86,5.761,5.886,False,Vf/V-Vfa02,Vf,every_2min,36,6560.0
truth,truth,60.0,599.3,1.19,1.19,0.29,0.2,0.02,,True,Vta/Vta01a,Vta,isro_60s,0,35.0
truth,veh_yawrate,60.0,599.3,379.49,379.49,195.89,63.32,6.325,,False,Vta/Vta01a,Vta,isro_60s,0,35.0
hold,truth,60.0,599.3,4.54,23.35,16.01,0.76,0.076,0.964,True,Vta/Vta01a,Vta,isro_60s,0,35.0
obd,veh_yawrate,60.0,599.3,380.68,380.68,196.51,63.52,6.345,0.101,False,Vta/Vta01a,Vta,isro_60s,0,35.0
wheel_speed,veh_yawrate,60.0,599.3,376.43,376.43,194.29,62.81,6.274,0.2,False,Vta/Vta01a,Vta,isro_60s,0,35.0
obd,gps_hold,60.0,599.3,132.27,132.27,72.71,22.07,2.204,0.101,False,Vta/Vta01a,Vta,isro_60s,0,35.0
hold,imu_aligned,60.0,599.3,131.44,131.44,72.99,21.93,2.191,0.964,False,Vta/Vta01a,Vta,isro_60s,0,35.0
imu_integrate,imu_aligned,60.0,599.3,327.88,327.88,156.68,54.71,5.465,5.678,False,Vta/Vta01a,Vta,isro_60s,0,35.0
truth,truth,121.9,1000.3,0.67,1.23,0.61,0.07,0.005,,True,Vta/Vta01a,Vta,isro_1km,0,35.0
truth,veh_yawrate,121.9,1000.3,985.42,985.42,467.07,98.52,8.084,,False,Vta/Vta01a,Vta,isro_1km,0,35.0
hold,truth,121.9,1000.3,212.76,212.76,106.79,21.27,1.745,2.34,False,Vta/Vta01a,Vta,isro_1km,0,35.0
obd,veh_yawrate,121.9,1000.3,988.12,988.12,468.38,98.79,8.106,0.089,False,Vta/Vta01a,Vta,isro_1km,0,35.0
wheel_speed,veh_yawrate,121.9,1000.3,978.37,978.37,463.44,97.81,8.026,0.171,False,Vta/Vta01a,Vta,isro_1km,0,35.0
obd,gps_hold,121.9,1000.3,370.89,370.89,163.13,37.08,3.043,0.089,False,Vta/Vta01a,Vta,isro_1km,0,35.0
hold,imu_aligned,121.9,1000.3,480.8,480.8,211.07,48.07,3.944,2.34,False,Vta/Vta01a,Vta,isro_1km,0,35.0
imu_integrate,imu_aligned,121.9,1000.3,532.63,532.63,327.35,53.25,4.369,4.91,False,Vta/Vta01a,Vta,isro_1km,0,35.0
truth,truth,30.0,312.9,0.32,0.43,0.24,0.1,0.011,,True,Vta/Vta01a,Vta,tunnels,0,42.5
truth,veh_yawrate,30.0,312.9,39.29,39.29,18.42,12.56,1.31,,False,Vta/Vta01a,Vta,tunnels,0,42.5
hold,truth,30.0,312.9,154.78,154.78,92.27,49.47,5.159,5.161,False,Vta/Vta01a,Vta,tunnels,0,42.5
obd,veh_yawrate,30.0,312.9,39.46,39.46,18.52,12.61,1.315,0.079,False,Vta/Vta01a,Vta,tunnels,0,42.5
wheel_speed,veh_yawrate,30.0,312.9,39.26,39.26,18.43,12.55,1.309,0.1,False,Vta/Vta01a,Vta,tunnels,0,42.5
obd,gps_hold,30.0,312.9,4.8,4.8,2.69,1.53,0.16,0.079,True,Vta/Vta01a,Vta,tunnels,0,42.5
hold,imu_aligned,30.0,312.9,154.8,154.8,92.28,49.48,5.16,5.161,False,Vta/Vta01a,Vta,tunnels,0,42.5
imu_integrate,imu_aligned,30.0,312.9,231.7,231.7,120.2,74.05,7.723,7.725,False,Vta/Vta01a,Vta,tunnels,0,42.5
truth,truth,30.0,505.1,1.45,1.48,1.24,0.29,0.048,,True,Vta/Vta01a,Vta,tunnels,1,177.5
truth,veh_yawrate,30.0,505.1,842.9,842.9,413.97,166.87,28.097,,False,Vta/Vta01a,Vta,tunnels,1,177.5
hold,truth,30.0,505.1,278.79,278.79,127.48,55.19,9.293,9.337,False,Vta/Vta01a,Vta,tunnels,1,177.5
obd,veh_yawrate,30.0,505.1,846.89,846.89,416.29,167.66,28.23,0.165,False,Vta/Vta01a,Vta,tunnels,1,177.5
wheel_speed,veh_yawrate,30.0,505.1,843.67,843.67,414.7,167.02,28.122,0.05,False,Vta/Vta01a,Vta,tunnels,1,177.5
obd,gps_hold,30.0,505.1,837.19,837.19,411.31,165.74,27.906,0.165,False,Vta/Vta01a,Vta,tunnels,1,177.5
hold,imu_aligned,30.0,505.1,606.39,606.39,305.42,120.05,20.213,9.337,False,Vta/Vta01a,Vta,tunnels,1,177.5
imu_integrate,imu_aligned,30.0,505.1,605.44,605.44,302.37,119.86,20.181,9.375,False,Vta/Vta01a,Vta,tunnels,1,177.5
truth,truth,30.0,631.5,0.73,0.75,0.46,0.12,0.024,,True,Vta/Vta01a,Vta,tunnels,2,312.5
truth,veh_yawrate,30.0,631.5,105.7,105.7,31.93,16.74,3.523,,False,Vta/Vta01a,Vta,tunnels,2,312.5
hold,truth,30.0,631.5,108.22,108.22,60.82,17.14,3.607,3.677,False,Vta/Vta01a,Vta,tunnels,2,312.5
obd,veh_yawrate,30.0,631.5,106.37,106.37,32.21,16.85,3.546,0.109,False,Vta/Vta01a,Vta,tunnels,2,312.5
wheel_speed,veh_yawrate,30.0,631.5,105.56,105.56,31.9,16.72,3.519,0.062,False,Vta/Vta01a,Vta,tunnels,2,312.5
obd,gps_hold,30.0,631.5,92.92,92.92,30.59,14.71,3.097,0.109,False,Vta/Vta01a,Vta,tunnels,2,312.5
hold,imu_aligned,30.0,631.5,129.02,129.02,64.84,20.43,4.301,3.677,False,Vta/Vta01a,Vta,tunnels,2,312.5
imu_integrate,imu_aligned,30.0,631.5,211.82,211.82,96.03,33.55,7.061,5.896,False,Vta/Vta01a,Vta,tunnels,2,312.5
truth,truth,30.0,688.9,0.43,0.56,0.33,0.06,0.014,,True,Vta/Vta01a,Vta,tunnels,3,447.5
truth,veh_yawrate,30.0,688.9,88.84,88.84,38.22,12.9,2.961,,False,Vta/Vta01a,Vta,tunnels,3,447.5
hold,truth,30.0,688.9,30.81,30.81,9.8,4.47,1.027,1.326,True,Vta/Vta01a,Vta,tunnels,3,447.5
obd,veh_yawrate,30.0,688.9,88.65,88.65,38.2,12.87,2.955,0.081,False,Vta/Vta01a,Vta,tunnels,3,447.5
wheel_speed,veh_yawrate,30.0,688.9,88.79,88.79,38.21,12.89,2.96,0.055,False,Vta/Vta01a,Vta,tunnels,3,447.5
obd,gps_hold,30.0,688.9,62.02,62.02,21.66,9.0,2.067,0.081,True,Vta/Vta01a,Vta,tunnels,3,447.5
hold,imu_aligned,30.0,688.9,72.03,72.03,24.39,10.46,2.401,1.326,False,Vta/Vta01a,Vta,tunnels,3,447.5
imu_integrate,imu_aligned,30.0,688.9,340.97,340.97,162.57,49.49,11.366,10.953,False,Vta/Vta01a,Vta,tunnels,3,447.5
truth,truth,30.0,540.5,0.58,0.58,0.31,0.11,0.019,,True,Vta/Vta01a,Vta,tunnels,4,582.5
truth,veh_yawrate,30.0,540.5,3.72,9.87,6.64,0.69,0.124,,True,Vta/Vta01a,Vta,tunnels,4,582.5
hold,truth,30.0,540.5,22.63,31.09,22.25,4.19,0.754,2.781,True,Vta/Vta01a,Vta,tunnels,4,582.5
obd,veh_yawrate,30.0,540.5,5.27,10.08,6.92,0.98,0.176,0.079,True,Vta/Vta01a,Vta,tunnels,4,582.5
wheel_speed,veh_yawrate,30.0,540.5,3.12,9.87,6.56,0.58,0.104,0.044,True,Vta/Vta01a,Vta,tunnels,4,582.5
obd,gps_hold,30.0,540.5,9.35,24.51,14.39,1.73,0.312,0.079,True,Vta/Vta01a,Vta,tunnels,4,582.5
hold,imu_aligned,30.0,540.5,26.5,38.05,25.63,4.9,0.883,2.781,True,Vta/Vta01a,Vta,tunnels,4,582.5
imu_integrate,imu_aligned,30.0,540.5,171.64,171.64,59.54,31.75,5.721,6.583,False,Vta/Vta01a,Vta,tunnels,4,582.5
truth,truth,30.0,658.2,0.38,0.38,0.23,0.06,0.013,,True,Vta/Vta01a,Vta,tunnels,5,717.5
truth,veh_yawrate,30.0,658.2,27.47,27.47,11.83,4.17,0.916,,True,Vta/Vta01a,Vta,tunnels,5,717.5
hold,truth,30.0,658.2,120.66,120.66,70.01,18.33,4.022,4.021,False,Vta/Vta01a,Vta,tunnels,5,717.5
obd,veh_yawrate,30.0,658.2,27.71,27.71,11.98,4.21,0.924,0.101,True,Vta/Vta01a,Vta,tunnels,5,717.5
wheel_speed,veh_yawrate,30.0,658.2,27.47,27.47,11.83,4.17,0.916,0.034,True,Vta/Vta01a,Vta,tunnels,5,717.5
obd,gps_hold,30.0,658.2,11.84,11.84,4.2,1.8,0.395,0.101,True,Vta/Vta01a,Vta,tunnels,5,717.5
hold,imu_aligned,30.0,658.2,120.92,120.92,70.08,18.37,4.031,4.021,False,Vta/Vta01a,Vta,tunnels,5,717.5
imu_integrate,imu_aligned,30.0,658.2,56.52,69.18,44.85,8.59,1.884,3.105,True,Vta/Vta01a,Vta,tunnels,5,717.5
truth,truth,30.0,641.3,1.24,1.24,0.94,0.19,0.041,,True,Vta/Vta01a,Vta,tunnels,6,852.5
truth,veh_yawrate,30.0,641.3,52.06,52.06,22.53,8.12,1.735,,True,Vta/Vta01a,Vta,tunnels,6,852.5
hold,truth,30.0,641.3,376.19,376.19,201.22,58.66,12.54,12.574,False,Vta/Vta01a,Vta,tunnels,6,852.5
obd,veh_yawrate,30.0,641.3,52.71,52.71,22.92,8.22,1.757,0.139,True,Vta/Vta01a,Vta,tunnels,6,852.5
wheel_speed,veh_yawrate,30.0,641.3,52.35,52.35,22.7,8.16,1.745,0.087,True,Vta/Vta01a,Vta,tunnels,6,852.5
obd,gps_hold,30.0,641.3,82.75,82.75,35.85,12.9,2.758,0.139,False,Vta/Vta01a,Vta,tunnels,6,852.5
hold,imu_aligned,30.0,641.3,378.58,378.58,201.93,59.03,12.619,12.574,False,Vta/Vta01a,Vta,tunnels,6,852.5
imu_integrate,imu_aligned,30.0,641.3,440.6,440.6,230.08,68.7,14.687,14.686,False,Vta/Vta01a,Vta,tunnels,6,852.5
truth,truth,30.0,539.9,1.49,1.49,0.81,0.28,0.05,,True,Vta/Vta01a,Vta,tunnels,7,987.5
truth,veh_yawrate,30.0,539.9,55.92,55.92,23.51,10.36,1.864,,False,Vta/Vta01a,Vta,tunnels,7,987.5
hold,truth,30.0,539.9,54.12,105.53,80.23,10.03,1.804,5.651,False,Vta/Vta01a,Vta,tunnels,7,987.5
obd,veh_yawrate,30.0,539.9,56.11,56.11,23.69,10.39,1.87,0.084,False,Vta/Vta01a,Vta,tunnels,7,987.5
wheel_speed,veh_yawrate,30.0,539.9,56.23,56.23,23.77,10.41,1.874,0.046,False,Vta/Vta01a,Vta,tunnels,7,987.5
obd,gps_hold,30.0,539.9,259.51,259.51,107.91,48.07,8.65,0.084,False,Vta/Vta01a,Vta,tunnels,7,987.5
hold,imu_aligned,30.0,539.9,274.09,274.09,143.68,50.77,9.136,5.651,False,Vta/Vta01a,Vta,tunnels,7,987.5
imu_integrate,imu_aligned,30.0,539.9,249.69,249.69,112.71,46.25,8.323,7.697,False,Vta/Vta01a,Vta,tunnels,7,987.5
truth,truth,60.0,554.9,0.69,1.06,0.48,0.12,0.012,,True,Vta/Vta01a,Vta,every_2min,0,50.0
truth,veh_yawrate,60.0,554.9,100.87,100.87,47.98,18.18,1.681,,False,Vta/Vta01a,Vta,every_2min,0,50.0
hold,truth,60.0,554.9,46.37,46.37,16.35,8.36,0.773,1.257,True,Vta/Vta01a,Vta,every_2min,0,50.0
obd,veh_yawrate,60.0,554.9,101.21,101.21,48.22,18.24,1.687,0.107,False,Vta/Vta01a,Vta,every_2min,0,50.0
wheel_speed,veh_yawrate,60.0,554.9,100.71,100.71,47.93,18.15,1.678,0.098,False,Vta/Vta01a,Vta,every_2min,0,50.0
obd,gps_hold,60.0,554.9,19.24,19.24,12.1,3.47,0.321,0.107,True,Vta/Vta01a,Vta,every_2min,0,50.0
hold,imu_aligned,60.0,554.9,53.25,53.25,21.55,9.6,0.888,1.257,True,Vta/Vta01a,Vta,every_2min,0,50.0
imu_integrate,imu_aligned,60.0,554.9,436.63,436.68,254.8,78.68,7.277,7.352,False,Vta/Vta01a,Vta,every_2min,0,50.0
truth,truth,60.0,761.8,2.21,2.78,1.74,0.29,0.037,,True,Vta/Vta01a,Vta,every_2min,1,230.0
truth,veh_yawrate,60.0,761.8,397.6,397.6,124.61,52.19,6.627,,False,Vta/Vta01a,Vta,every_2min,1,230.0
hold,truth,60.0,761.8,321.83,321.83,195.35,42.25,5.364,7.641,False,Vta/Vta01a,Vta,every_2min,1,230.0
obd,veh_yawrate,60.0,761.8,400.16,400.16,125.6,52.53,6.669,0.102,False,Vta/Vta01a,Vta,every_2min,1,230.0
wheel_speed,veh_yawrate,60.0,761.8,398.03,398.03,124.79,52.25,6.634,0.05,False,Vta/Vta01a,Vta,every_2min,1,230.0
obd,gps_hold,60.0,761.8,307.6,307.6,101.01,40.38,5.127,0.102,False,Vta/Vta01a,Vta,every_2min,1,230.0
hold,imu_aligned,60.0,761.8,706.37,706.37,311.5,92.73,11.773,7.641,False,Vta/Vta01a,Vta,every_2min,1,230.0
imu_integrate,imu_aligned,60.0,761.8,979.38,979.38,466.44,128.57,16.323,12.349,False,Vta/Vta01a,Vta,every_2min,1,230.0
truth,truth,60.0,1372.7,1.16,1.16,0.82,0.08,0.019,,True,Vta/Vta01a,Vta,every_2min,2,410.0
truth,veh_yawrate,60.0,1372.7,104.09,104.09,42.71,7.58,1.735,,True,Vta/Vta01a,Vta,every_2min,2,410.0
hold,truth,60.0,1372.7,253.16,253.16,136.22,18.44,4.219,4.284,False,Vta/Vta01a,Vta,every_2min,2,410.0
obd,veh_yawrate,60.0,1372.7,105.14,105.14,43.31,7.66,1.752,0.096,True,Vta/Vta01a,Vta,every_2min,2,410.0
wheel_speed,veh_yawrate,60.0,1372.7,104.11,104.11,42.74,7.58,1.735,0.054,True,Vta/Vta01a,Vta,every_2min,2,410.0
obd,gps_hold,60.0,1372.7,261.16,261.16,193.41,19.03,4.353,0.096,False,Vta/Vta01a,Vta,every_2min,2,410.0
hold,imu_aligned,60.0,1372.7,330.66,330.66,215.36,24.09,5.511,4.284,False,Vta/Vta01a,Vta,every_2min,2,410.0
imu_integrate,imu_aligned,60.0,1372.7,963.24,963.24,442.29,70.17,16.054,14.727,False,Vta/Vta01a,Vta,every_2min,2,410.0
truth,truth,60.0,1211.3,0.95,1.16,0.78,0.08,0.016,,True,Vta/Vta01a,Vta,every_2min,3,590.0
truth,veh_yawrate,60.0,1211.3,82.73,82.73,35.17,6.83,1.379,,True,Vta/Vta01a,Vta,every_2min,3,590.0
hold,truth,60.0,1211.3,128.41,171.13,126.46,10.6,2.14,4.026,False,Vta/Vta01a,Vta,every_2min,3,590.0
obd,veh_yawrate,60.0,1211.3,82.16,82.16,34.88,6.78,1.369,0.093,True,Vta/Vta01a,Vta,every_2min,3,590.0
wheel_speed,veh_yawrate,60.0,1211.3,83.24,83.24,35.52,6.87,1.387,0.04,True,Vta/Vta01a,Vta,every_2min,3,590.0
obd,gps_hold,60.0,1211.3,672.06,672.06,273.99,55.48,11.201,0.093,False,Vta/Vta01a,Vta,every_2min,3,590.0
hold,imu_aligned,60.0,1211.3,722.28,722.28,331.0,59.63,12.038,4.026,False,Vta/Vta01a,Vta,every_2min,3,590.0
imu_integrate,imu_aligned,60.0,1211.3,1349.54,1349.54,674.21,111.42,22.492,15.387,False,Vta/Vta01a,Vta,every_2min,3,590.0
truth,truth,60.0,617.7,0.98,1.15,0.62,0.16,0.016,,True,Vta/Vta01a,Vta,every_2min,4,770.0
truth,veh_yawrate,60.0,617.7,32.27,32.27,19.06,5.22,0.538,,True,Vta/Vta01a,Vta,every_2min,4,770.0
hold,truth,60.0,617.7,560.01,560.01,281.66,90.66,9.333,9.607,False,Vta/Vta01a,Vta,every_2min,4,770.0
obd,veh_yawrate,60.0,617.7,32.51,32.51,19.32,5.26,0.542,0.067,True,Vta/Vta01a,Vta,every_2min,4,770.0
wheel_speed,veh_yawrate,60.0,617.7,32.16,32.16,19.02,5.21,0.536,0.043,True,Vta/Vta01a,Vta,every_2min,4,770.0
obd,gps_hold,60.0,617.7,32.11,60.27,38.54,5.2,0.535,0.067,True,Vta/Vta01a,Vta,every_2min,4,770.0
hold,imu_aligned,60.0,617.7,592.1,592.1,301.6,95.86,9.868,9.607,False,Vta/Vta01a,Vta,every_2min,4,770.0
imu_integrate,imu_aligned,60.0,617.7,1562.32,1562.32,748.26,252.93,26.039,25.777,False,Vta/Vta01a,Vta,every_2min,4,770.0
truth,truth,60.0,1042.4,1.88,1.88,0.84,0.18,0.031,,True,Vta/Vta01a,Vta,every_2min,5,950.0
truth,veh_yawrate,60.0,1042.4,140.66,140.66,60.01,13.49,2.344,,False,Vta/Vta01a,Vta,every_2min,5,950.0
hold,truth,60.0,1042.4,24.53,51.33,28.07,2.35,0.409,2.438,True,Vta/Vta01a,Vta,every_2min,5,950.0
obd,veh_yawrate,60.0,1042.4,140.24,140.24,59.78,13.45,2.337,0.095,False,Vta/Vta01a,Vta,every_2min,5,950.0
wheel_speed,veh_yawrate,60.0,1042.4,141.0,141.0,59.99,13.53,2.35,0.063,False,Vta/Vta01a,Vta,every_2min,5,950.0
obd,gps_hold,60.0,1042.4,357.93,357.93,138.22,34.34,5.966,0.095,False,Vta/Vta01a,Vta,every_2min,5,950.0
hold,imu_aligned,60.0,1042.4,363.14,363.14,143.37,34.84,6.052,2.438,False,Vta/Vta01a,Vta,every_2min,5,950.0
imu_integrate,imu_aligned,60.0,1042.4,399.76,399.76,171.32,38.35,6.663,4.229,False,Vta/Vta01a,Vta,every_2min,5,950.0
truth,truth,60.0,965.7,0.64,1.48,0.76,0.07,0.011,,True,Vta/Vta01a,Vta,every_2min,6,1130.0
truth,veh_yawrate,60.0,965.7,104.61,104.61,51.43,10.83,1.743,,False,Vta/Vta01a,Vta,every_2min,6,1130.0
hold,truth,60.0,965.7,169.65,169.65,73.46,17.57,2.828,4.906,False,Vta/Vta01a,Vta,every_2min,6,1130.0
obd,veh_yawrate,60.0,965.7,103.99,103.99,51.14,10.77,1.733,0.067,False,Vta/Vta01a,Vta,every_2min,6,1130.0
wheel_speed,veh_yawrate,60.0,965.7,105.54,105.54,51.94,10.93,1.759,0.042,False,Vta/Vta01a,Vta,every_2min,6,1130.0
obd,gps_hold,60.0,965.7,330.85,331.07,172.31,34.26,5.514,0.067,False,Vta/Vta01a,Vta,every_2min,6,1130.0
hold,imu_aligned,60.0,965.7,456.11,456.11,215.71,47.23,7.602,4.906,False,Vta/Vta01a,Vta,every_2min,6,1130.0
imu_integrate,imu_aligned,60.0,965.7,578.36,578.36,258.54,59.89,9.639,9.709,False,Vta/Vta01a,Vta,every_2min,6,1130.0
truth,truth,60.0,1044.7,1.14,1.15,0.61,0.11,0.019,,True,Vta/Vta01a,Vta,every_2min,7,1310.0
truth,veh_yawrate,60.0,1044.7,44.83,44.83,24.32,4.29,0.747,,True,Vta/Vta01a,Vta,every_2min,7,1310.0
hold,truth,60.0,1044.7,254.07,254.07,124.62,24.32,4.234,4.608,False,Vta/Vta01a,Vta,every_2min,7,1310.0
obd,veh_yawrate,60.0,1044.7,44.6,44.6,24.11,4.27,0.743,0.072,True,Vta/Vta01a,Vta,every_2min,7,1310.0
wheel_speed,veh_yawrate,60.0,1044.7,45.21,45.21,24.51,4.33,0.753,0.043,True,Vta/Vta01a,Vta,every_2min,7,1310.0
obd,gps_hold,60.0,1044.7,569.02,569.02,260.35,54.47,9.484,0.072,False,Vta/Vta01a,Vta,every_2min,7,1310.0
hold,imu_aligned,60.0,1044.7,734.47,734.47,336.56,70.31,12.241,4.608,False,Vta/Vta01a,Vta,every_2min,7,1310.0
imu_integrate,imu_aligned,60.0,1044.7,1699.01,1699.01,823.49,162.64,28.317,22.768,False,Vta/Vta01a,Vta,every_2min,7,1310.0
truth,truth,60.0,1023.6,2.13,2.13,1.09,0.21,0.036,,True,Vta/Vta01a,Vta,every_2min,8,1490.0
truth,veh_yawrate,60.0,1023.6,26.47,26.47,13.67,2.59,0.441,,True,Vta/Vta01a,Vta,every_2min,8,1490.0
hold,truth,60.0,1023.6,218.99,218.99,144.37,21.39,3.65,4.127,False,Vta/Vta01a,Vta,every_2min,8,1490.0
obd,veh_yawrate,60.0,1023.6,26.53,26.53,13.64,2.59,0.442,0.07,True,Vta/Vta01a,Vta,every_2min,8,1490.0
wheel_speed,veh_yawrate,60.0,1023.6,25.86,25.86,13.1,2.53,0.431,0.072,True,Vta/Vta01a,Vta,every_2min,8,1490.0
obd,gps_hold,60.0,1023.6,77.73,132.88,84.07,7.59,1.296,0.07,True,Vta/Vta01a,Vta,every_2min,8,1490.0
hold,imu_aligned,60.0,1023.6,280.2,280.2,191.42,27.37,4.67,4.127,False,Vta/Vta01a,Vta,every_2min,8,1490.0
imu_integrate,imu_aligned,60.0,1023.6,1211.84,1211.84,561.42,118.39,20.197,19.495,False,Vta/Vta01a,Vta,every_2min,8,1490.0
truth,truth,60.0,595.6,1.07,1.12,0.67,0.18,0.018,,True,Vta/Vta01a,Vta,every_2min,9,1670.0
truth,veh_yawrate,60.0,595.6,24.86,24.86,10.76,4.17,0.414,,True,Vta/Vta01a,Vta,every_2min,9,1670.0
hold,truth,60.0,595.6,365.59,365.59,204.22,61.38,6.093,7.425,False,Vta/Vta01a,Vta,every_2min,9,1670.0
obd,veh_yawrate,60.0,595.6,24.23,24.23,10.68,4.07,0.404,0.064,True,Vta/Vta01a,Vta,every_2min,9,1670.0
wheel_speed,veh_yawrate,60.0,595.6,25.73,25.73,11.19,4.32,0.429,0.055,True,Vta/Vta01a,Vta,every_2min,9,1670.0
obd,gps_hold,60.0,595.6,253.64,253.64,95.77,42.58,4.227,0.064,False,Vta/Vta01a,Vta,every_2min,9,1670.0
hold,imu_aligned,60.0,595.6,616.02,616.02,281.69,103.43,10.267,7.425,False,Vta/Vta01a,Vta,every_2min,9,1670.0
imu_integrate,imu_aligned,60.0,595.6,1665.56,1665.56,742.15,279.64,27.759,25.335,False,Vta/Vta01a,Vta,every_2min,9,1670.0
truth,truth,60.0,839.1,1.41,1.62,0.96,0.17,0.023,,True,Vta/Vta01a,Vta,every_2min,10,1850.0
truth,veh_yawrate,60.0,839.1,54.58,54.58,22.38,6.5,0.91,,True,Vta/Vta01a,Vta,every_2min,10,1850.0
hold,truth,60.0,839.1,172.79,172.8,98.54,20.59,2.88,3.316,False,Vta/Vta01a,Vta,every_2min,10,1850.0
obd,veh_yawrate,60.0,839.1,53.47,53.47,22.02,6.37,0.891,0.08,True,Vta/Vta01a,Vta,every_2min,10,1850.0
wheel_speed,veh_yawrate,60.0,839.1,54.38,54.38,22.35,6.48,0.906,0.05,True,Vta/Vta01a,Vta,every_2min,10,1850.0
obd,gps_hold,60.0,839.1,133.78,223.6,144.57,15.94,2.23,0.08,False,Vta/Vta01a,Vta,every_2min,10,1850.0
hold,imu_aligned,60.0,839.1,133.3,211.76,137.75,15.89,2.222,3.316,False,Vta/Vta01a,Vta,every_2min,10,1850.0
imu_integrate,imu_aligned,60.0,839.1,2038.78,2038.78,1004.26,242.96,33.98,32.484,False,Vta/Vta01a,Vta,every_2min,10,1850.0
truth,truth,60.0,711.3,2.97,2.97,1.31,0.42,0.049,,True,Vta/Vta01a,Vta,every_2min,11,2030.0
truth,veh_yawrate,60.0,711.3,111.59,111.59,59.41,15.69,1.86,,False,Vta/Vta01a,Vta,every_2min,11,2030.0
hold,truth,60.0,711.3,159.36,159.36,80.34,22.4,2.656,3.846,False,Vta/Vta01a,Vta,every_2min,11,2030.0
obd,veh_yawrate,60.0,711.3,110.78,110.78,59.44,15.57,1.846,0.186,False,Vta/Vta01a,Vta,every_2min,11,2030.0
wheel_speed,veh_yawrate,60.0,711.3,110.95,110.95,59.54,15.6,1.849,0.175,False,Vta/Vta01a,Vta,every_2min,11,2030.0
obd,gps_hold,60.0,711.3,187.48,187.48,137.46,26.36,3.125,0.186,False,Vta/Vta01a,Vta,every_2min,11,2030.0
hold,imu_aligned,60.0,711.3,273.81,273.81,170.91,38.49,4.564,3.846,False,Vta/Vta01a,Vta,every_2min,11,2030.0
imu_integrate,imu_aligned,60.0,711.3,1823.9,1823.9,818.35,256.41,30.398,29.474,False,Vta/Vta01a,Vta,every_2min,11,2030.0
truth,truth,60.0,1098.7,4.55,4.55,3.14,0.41,0.076,,True,Vta/Vta01a,Vta,every_2min,12,2210.0
truth,veh_yawrate,60.0,1098.7,56.87,57.4,35.56,5.18,0.948,,True,Vta/Vta01a,Vta,every_2min,12,2210.0
hold,truth,60.0,1098.7,240.67,240.67,123.02,21.9,4.011,4.042,False,Vta/Vta01a,Vta,every_2min,12,2210.0
obd,veh_yawrate,60.0,1098.7,57.45,57.97,35.83,5.23,0.958,0.114,True,Vta/Vta01a,Vta,every_2min,12,2210.0
wheel_speed,veh_yawrate,60.0,1098.7,56.98,57.51,35.63,5.19,0.95,0.138,True,Vta/Vta01a,Vta,every_2min,12,2210.0
obd,gps_hold,60.0,1098.7,211.42,211.42,107.27,19.24,3.524,0.114,False,Vta/Vta01a,Vta,every_2min,12,2210.0
hold,imu_aligned,60.0,1098.7,299.06,299.06,153.22,27.22,4.984,4.042,False,Vta/Vta01a,Vta,every_2min,12,2210.0
imu_integrate,imu_aligned,60.0,1098.7,431.52,431.52,185.06,39.27,7.192,6.276,False,Vta/Vta01a,Vta,every_2min,12,2210.0
truth,truth,60.0,865.1,0.56,1.25,0.69,0.06,0.009,,True,Vta/Vta01a,Vta,every_2min,13,2390.0
truth,veh_yawrate,60.0,865.1,55.68,55.68,27.53,6.44,0.928,,True,Vta/Vta01a,Vta,every_2min,13,2390.0
hold,truth,60.0,865.1,142.74,142.74,57.18,16.5,2.379,4.845,False,Vta/Vta01a,Vta,every_2min,13,2390.0
obd,veh_yawrate,60.0,865.1,58.59,58.59,28.91,6.77,0.976,0.085,True,Vta/Vta01a,Vta,every_2min,13,2390.0
wheel_speed,veh_yawrate,60.0,865.1,54.5,54.5,26.55,6.3,0.908,0.084,True,Vta/Vta01a,Vta,every_2min,13,2390.0
obd,gps_hold,60.0,865.1,124.13,132.43,80.51,14.35,2.069,0.085,False,Vta/Vta01a,Vta,every_2min,13,2390.0
hold,imu_aligned,60.0,865.1,307.22,307.22,126.56,35.51,5.12,4.845,False,Vta/Vta01a,Vta,every_2min,13,2390.0
imu_integrate,imu_aligned,60.0,865.1,2718.62,2718.62,1248.89,314.25,45.31,43.507,False,Vta/Vta01a,Vta,every_2min,13,2390.0
truth,truth,60.0,798.0,0.78,1.05,0.61,0.1,0.013,,True,Vta/Vta01b,Vta,isro_60s,0,20.0
truth,veh_yawrate,60.0,798.0,344.04,344.04,187.63,43.12,5.734,,False,Vta/Vta01b,Vta,isro_60s,0,20.0
hold,truth,60.0,798.0,257.36,257.36,119.55,32.25,4.289,5.288,False,Vta/Vta01b,Vta,isro_60s,0,20.0
obd,veh_yawrate,60.0,798.0,344.51,344.51,187.96,43.17,5.742,0.191,False,Vta/Vta01b,Vta,isro_60s,0,20.0
wheel_speed,veh_yawrate,60.0,798.0,343.36,343.36,187.19,43.03,5.723,0.169,False,Vta/Vta01b,Vta,isro_60s,0,20.0
obd,gps_hold,60.0,798.0,188.57,190.34,131.03,23.63,3.143,0.191,False,Vta/Vta01b,Vta,isro_60s,0,20.0
hold,imu_aligned,60.0,798.0,361.04,361.04,198.41,45.25,6.017,5.288,False,Vta/Vta01b,Vta,isro_60s,0,20.0
imu_integrate,imu_aligned,60.0,798.0,2167.81,2167.81,918.9,271.67,36.13,35.549,False,Vta/Vta01b,Vta,isro_60s,0,20.0
truth,truth,75.3,912.7,0.72,1.05,0.62,0.08,0.01,,True,Vta/Vta01b,Vta,isro_1km,0,20.0
truth,veh_yawrate,75.3,912.7,435.36,435.36,237.41,47.7,5.782,,False,Vta/Vta01b,Vta,isro_1km,0,20.0
hold,truth,75.3,912.7,410.0,410.0,192.65,44.92,5.445,6.29,False,Vta/Vta01b,Vta,isro_1km,0,20.0
obd,veh_yawrate,75.3,912.7,437.8,437.8,237.98,47.97,5.814,0.206,False,Vta/Vta01b,Vta,isro_1km,0,20.0
wheel_speed,veh_yawrate,75.3,912.7,436.62,436.62,237.12,47.84,5.798,0.187,False,Vta/Vta01b,Vta,isro_1km,0,20.0
obd,gps_hold,75.3,912.7,196.44,196.44,145.06,21.52,2.609,0.206,False,Vta/Vta01b,Vta,isro_1km,0,20.0
hold,imu_aligned,75.3,912.7,506.05,506.05,270.11,55.44,6.72,6.29,False,Vta/Vta01b,Vta,isro_1km,0,20.0
imu_integrate,imu_aligned,75.3,912.7,3428.18,3428.18,1521.72,375.59,45.527,45.07,False,Vta/Vta01b,Vta,isro_1km,0,20.0
truth,truth,30.0,452.7,0.86,1.05,0.69,0.19,0.029,,True,Vta/Vta01b,Vta,tunnels,0,20.0
truth,veh_yawrate,30.0,452.7,141.48,141.48,64.71,31.26,4.716,,False,Vta/Vta01b,Vta,tunnels,0,20.0
hold,truth,30.0,452.7,81.29,81.29,37.08,17.96,2.71,4.332,False,Vta/Vta01b,Vta,tunnels,0,20.0
obd,veh_yawrate,30.0,452.7,141.48,141.48,64.78,31.25,4.716,0.169,False,Vta/Vta01b,Vta,tunnels,0,20.0
wheel_speed,veh_yawrate,30.0,452.7,140.62,140.62,64.35,31.06,4.687,0.132,False,Vta/Vta01b,Vta,tunnels,0,20.0
obd,gps_hold,30.0,452.7,128.12,128.12,57.48,28.3,4.271,0.169,False,Vta/Vta01b,Vta,tunnels,0,20.0
hold,imu_aligned,30.0,452.7,167.89,167.89,74.67,37.09,5.596,4.332,False,Vta/Vta01b,Vta,tunnels,0,20.0
imu_integrate,imu_aligned,30.0,452.7,407.53,407.53,154.8,90.03,13.584,12.384,False,Vta/Vta01b,Vta,tunnels,0,20.0
truth,truth,60.0,798.0,0.78,1.05,0.61,0.1,0.013,,True,Vta/Vta01b,Vta,every_2min,0,20.0
truth,veh_yawrate,60.0,798.0,344.04,344.04,187.63,43.12,5.734,,False,Vta/Vta01b,Vta,every_2min,0,20.0
hold,truth,60.0,798.0,257.36,257.36,119.55,32.25,4.289,5.288,False,Vta/Vta01b,Vta,every_2min,0,20.0
obd,veh_yawrate,60.0,798.0,344.51,344.51,187.96,43.17,5.742,0.191,False,Vta/Vta01b,Vta,every_2min,0,20.0
wheel_speed,veh_yawrate,60.0,798.0,343.36,343.36,187.19,43.03,5.723,0.169,False,Vta/Vta01b,Vta,every_2min,0,20.0
obd,gps_hold,60.0,798.0,188.57,190.34,131.03,23.63,3.143,0.191,False,Vta/Vta01b,Vta,every_2min,0,20.0
hold,imu_aligned,60.0,798.0,361.04,361.04,198.41,45.25,6.017,5.288,False,Vta/Vta01b,Vta,every_2min,0,20.0
imu_integrate,imu_aligned,60.0,798.0,2167.81,2167.81,918.9,271.67,36.13,35.549,False,Vta/Vta01b,Vta,every_2min,0,20.0
truth,truth,60.0,1151.4,1.58,1.81,1.07,0.14,0.026,,True,Vta/Vta02,Vta,isro_60s,0,45.0
truth,veh_yawrate,60.0,1151.4,35.97,35.97,20.61,3.12,0.6,,True,Vta/Vta02,Vta,isro_60s,0,45.0
hold,truth,60.0,1151.4,338.49,338.49,178.3,29.4,5.641,5.836,False,Vta/Vta02,Vta,isro_60s,0,45.0
obd,veh_yawrate,60.0,1151.4,36.77,36.77,21.0,3.19,0.613,0.11,True,Vta/Vta02,Vta,isro_60s,0,45.0
wheel_speed,veh_yawrate,60.0,1151.4,36.92,36.92,21.05,3.21,0.615,0.118,True,Vta/Vta02,Vta,isro_60s,0,45.0
obd,gps_hold,60.0,1151.4,484.09,484.09,215.99,42.04,8.068,0.11,False,Vta/Vta02,Vta,isro_60s,0,45.0
hold,imu_aligned,60.0,1151.4,508.07,508.07,247.11,44.13,8.468,5.836,False,Vta/Vta02,Vta,isro_60s,0,45.0
imu_integrate,imu_aligned,60.0,1151.4,2073.07,2073.07,906.45,180.05,34.551,31.376,False,Vta/Vta02,Vta,isro_60s,0,45.0
truth,truth,52.4,1000.5,1.15,1.81,1.02,0.11,0.022,,True,Vta/Vta02,Vta,isro_1km,0,45.0
truth,veh_yawrate,52.4,1000.5,32.11,32.11,17.73,3.21,0.613,,True,Vta/Vta02,Vta,isro_1km,0,45.0
hold,truth,52.4,1000.5,291.88,291.88,147.77,29.17,5.57,5.743,False,Vta/Vta02,Vta,isro_1km,0,45.0
obd,veh_yawrate,52.4,1000.5,32.72,32.72,18.04,3.27,0.624,0.109,True,Vta/Vta02,Vta,isro_1km,0,45.0
wheel_speed,veh_yawrate,52.4,1000.5,32.77,32.77,18.09,3.28,0.625,0.117,True,Vta/Vta02,Vta,isro_1km,0,45.0
obd,gps_hold,52.4,1000.5,370.3,370.3,163.03,37.01,7.067,0.109,False,Vta/Vta02,Vta,isro_1km,0,45.0
hold,imu_aligned,52.4,1000.5,411.25,411.25,197.4,41.1,7.848,5.743,False,Vta/Vta02,Vta,isro_1km,0,45.0
imu_integrate,imu_aligned,52.4,1000.5,1589.8,1589.8,672.54,158.89,30.34,27.753,False,Vta/Vta02,Vta,isro_1km,0,45.0
truth,truth,30.0,512.6,1.17,1.31,0.94,0.23,0.039,,True,Vta/Vta02,Vta,tunnels,0,42.5
truth,veh_yawrate,30.0,512.6,23.75,23.75,12.24,4.63,0.792,,True,Vta/Vta02,Vta,tunnels,0,42.5
hold,truth,30.0,512.6,174.29,174.29,90.35,34.0,5.81,5.891,False,Vta/Vta02,Vta,tunnels,0,42.5
obd,veh_yawrate,30.0,512.6,23.7,23.7,12.22,4.62,0.79,0.098,True,Vta/Vta02,Vta,tunnels,0,42.5
wheel_speed,veh_yawrate,30.0,512.6,23.7,23.7,12.19,4.62,0.79,0.1,True,Vta/Vta02,Vta,tunnels,0,42.5
obd,gps_hold,30.0,512.6,117.69,117.69,50.94,22.96,3.923,0.098,False,Vta/Vta02,Vta,tunnels,0,42.5
hold,imu_aligned,30.0,512.6,194.01,194.01,97.45,37.85,6.467,5.891,False,Vta/Vta02,Vta,tunnels,0,42.5
imu_integrate,imu_aligned,30.0,512.6,454.38,454.38,186.91,88.65,15.146,13.996,False,Vta/Vta02,Vta,tunnels,0,42.5
truth,truth,30.0,340.2,1.55,1.55,1.05,0.45,0.052,,True,Vta/Vta02,Vta,tunnels,1,177.5
truth,veh_yawrate,30.0,340.2,6.46,6.46,2.89,1.9,0.215,,True,Vta/Vta02,Vta,tunnels,1,177.5
hold,truth,30.0,340.2,29.93,29.93,11.8,8.8,0.998,1.612,True,Vta/Vta02,Vta,tunnels,1,177.5
obd,veh_yawrate,30.0,340.2,6.37,6.37,2.87,1.87,0.212,0.078,True,Vta/Vta02,Vta,tunnels,1,177.5
wheel_speed,veh_yawrate,30.0,340.2,6.52,6.52,2.92,1.92,0.217,0.066,True,Vta/Vta02,Vta,tunnels,1,177.5
obd,gps_hold,30.0,340.2,132.92,132.92,67.32,39.07,4.431,0.078,False,Vta/Vta02,Vta,tunnels,1,177.5
hold,imu_aligned,30.0,340.2,143.64,143.64,70.51,42.22,4.788,1.612,False,Vta/Vta02,Vta,tunnels,1,177.5
imu_integrate,imu_aligned,30.0,340.2,587.25,587.25,255.59,172.6,19.575,17.939,False,Vta/Vta02,Vta,tunnels,1,177.5
truth,truth,30.0,215.8,1.71,1.71,1.23,0.79,0.057,,True,Vta/Vta02,Vta,tunnels,2,312.5
truth,veh_yawrate,30.0,215.8,10.47,10.47,5.56,4.85,0.349,,True,Vta/Vta02,Vta,tunnels,2,312.5
hold,truth,30.0,215.8,0.55,11.98,6.71,0.26,0.018,0.832,True,Vta/Vta02,Vta,tunnels,2,312.5
obd,veh_yawrate,30.0,215.8,10.25,10.25,5.41,4.75,0.342,0.049,True,Vta/Vta02,Vta,tunnels,2,312.5
wheel_speed,veh_yawrate,30.0,215.8,10.36,10.36,5.5,4.8,0.345,0.053,True,Vta/Vta02,Vta,tunnels,2,312.5
obd,gps_hold,30.0,215.8,145.09,145.09,79.54,67.22,4.836,0.049,False,Vta/Vta02,Vta,tunnels,2,312.5
hold,imu_aligned,30.0,215.8,145.23,145.23,77.79,67.29,4.841,0.832,False,Vta/Vta02,Vta,tunnels,2,312.5
imu_integrate,imu_aligned,30.0,215.8,430.7,430.7,192.03,199.55,14.357,11.751,False,Vta/Vta02,Vta,tunnels,2,312.5
truth,truth,30.0,292.3,0.28,0.48,0.29,0.1,0.009,,True,Vta/Vta02,Vta,tunnels,3,447.5
truth,veh_yawrate,30.0,292.3,23.25,23.25,14.12,7.95,0.775,,True,Vta/Vta02,Vta,tunnels,3,447.5
hold,truth,30.0,292.3,4.74,14.46,7.94,1.62,0.158,1.092,True,Vta/Vta02,Vta,tunnels,3,447.5
obd,veh_yawrate,30.0,292.3,23.54,23.54,14.27,8.05,0.785,0.093,True,Vta/Vta02,Vta,tunnels,3,447.5
wheel_speed,veh_yawrate,30.0,292.3,23.28,23.28,14.12,7.96,0.776,0.078,True,Vta/Vta02,Vta,tunnels,3,447.5
obd,gps_hold,30.0,292.3,114.12,114.12,75.58,39.04,3.804,0.093,False,Vta/Vta02,Vta,tunnels,3,447.5
hold,imu_aligned,30.0,292.3,113.39,113.39,73.67,38.79,3.78,1.092,False,Vta/Vta02,Vta,tunnels,3,447.5
imu_integrate,imu_aligned,30.0,292.3,414.9,414.9,175.76,141.92,13.83,12.46,False,Vta/Vta02,Vta,tunnels,3,447.5
truth,truth,30.0,328.4,2.24,2.32,1.43,0.68,0.075,,True,Vta/Vta02,Vta,tunnels,4,582.5
truth,veh_yawrate,30.0,328.4,16.59,16.59,9.49,5.05,0.553,,True,Vta/Vta02,Vta,tunnels,4,582.5
hold,truth,30.0,328.4,129.09,129.09,45.28,39.3,4.303,4.359,False,Vta/Vta02,Vta,tunnels,4,582.5
obd,veh_yawrate,30.0,328.4,16.35,16.35,9.29,4.98,0.545,0.14,True,Vta/Vta02,Vta,tunnels,4,582.5
wheel_speed,veh_yawrate,30.0,328.4,16.68,16.68,9.48,5.08,0.556,0.165,True,Vta/Vta02,Vta,tunnels,4,582.5
obd,gps_hold,30.0,328.4,78.93,79.0,49.74,24.03,2.631,0.14,False,Vta/Vta02,Vta,tunnels,4,582.5
hold,imu_aligned,30.0,328.4,161.14,161.14,71.42,49.06,5.371,4.359,False,Vta/Vta02,Vta,tunnels,4,582.5
imu_integrate,imu_aligned,30.0,328.4,554.67,554.67,254.6,168.88,18.489,17.933,False,Vta/Vta02,Vta,tunnels,4,582.5
truth,truth,30.0,365.2,1.37,1.4,0.92,0.37,0.046,,True,Vta/Vta02,Vta,tunnels,5,785.0
truth,veh_yawrate,30.0,365.2,7.94,7.94,4.04,2.17,0.265,,True,Vta/Vta02,Vta,tunnels,5,785.0
hold,truth,30.0,365.2,37.98,37.98,15.23,10.4,1.266,1.292,False,Vta/Vta02,Vta,tunnels,5,785.0
obd,veh_yawrate,30.0,365.2,8.12,8.12,4.23,2.22,0.271,0.089,True,Vta/Vta02,Vta,tunnels,5,785.0
wheel_speed,veh_yawrate,30.0,365.2,7.97,7.97,4.05,2.18,0.266,0.095,True,Vta/Vta02,Vta,tunnels,5,785.0
obd,gps_hold,30.0,365.2,12.46,12.46,7.73,3.41,0.415,0.089,True,Vta/Vta02,Vta,tunnels,5,785.0
hold,imu_aligned,30.0,365.2,40.17,40.17,17.16,11.0,1.339,1.292,False,Vta/Vta02,Vta,tunnels,5,785.0
imu_integrate,imu_aligned,30.0,365.2,278.43,278.43,135.43,76.24,9.281,9.262,False,Vta/Vta02,Vta,tunnels,5,785.0
truth,truth,30.0,228.1,1.27,1.27,0.77,0.56,0.042,,True,Vta/Vta02,Vta,tunnels,6,920.0
truth,veh_yawrate,30.0,228.1,9.21,9.21,4.9,4.04,0.307,,True,Vta/Vta02,Vta,tunnels,6,920.0
hold,truth,30.0,228.1,41.17,41.17,26.69,18.05,1.372,1.587,False,Vta/Vta02,Vta,tunnels,6,920.0
obd,veh_yawrate,30.0,228.1,9.51,9.51,5.07,4.17,0.317,0.078,True,Vta/Vta02,Vta,tunnels,6,920.0
wheel_speed,veh_yawrate,30.0,228.1,9.62,9.62,5.19,4.21,0.321,0.052,True,Vta/Vta02,Vta,tunnels,6,920.0
obd,gps_hold,30.0,228.1,235.69,235.69,128.1,103.32,7.856,0.078,False,Vta/Vta02,Vta,tunnels,6,920.0
hold,imu_aligned,30.0,228.1,263.58,263.58,146.43,115.54,8.786,1.587,False,Vta/Vta02,Vta,tunnels,6,920.0
imu_integrate,imu_aligned,30.0,228.1,262.65,262.65,157.96,115.14,8.755,3.363,False,Vta/Vta02,Vta,tunnels,6,920.0
truth,truth,30.0,213.8,0.51,1.3,0.76,0.24,0.017,,True,Vta/Vta02,Vta,tunnels,7,1055.0
truth,veh_yawrate,30.0,213.8,14.56,14.56,8.93,6.81,0.485,,True,Vta/Vta02,Vta,tunnels,7,1055.0
hold,truth,30.0,213.8,6.61,14.45,8.53,3.09,0.22,1.626,True,Vta/Vta02,Vta,tunnels,7,1055.0
obd,veh_yawrate,30.0,213.8,14.39,14.39,8.7,6.73,0.48,0.096,True,Vta/Vta02,Vta,tunnels,7,1055.0
wheel_speed,veh_yawrate,30.0,213.8,14.53,14.53,8.86,6.8,0.484,0.071,True,Vta/Vta02,Vta,tunnels,7,1055.0
obd,gps_hold,30.0,213.8,239.94,239.94,143.57,112.23,7.998,0.096,False,Vta/Vta02,Vta,tunnels,7,1055.0
hold,imu_aligned,30.0,213.8,233.09,233.09,142.28,109.02,7.77,1.626,False,Vta/Vta02,Vta,tunnels,7,1055.0
imu_integrate,imu_aligned,30.0,213.8,210.6,210.6,135.31,98.5,7.02,2.126,False,Vta/Vta02,Vta,tunnels,7,1055.0
truth,truth,60.0,1157.1,1.8,1.8,0.99,0.16,0.03,,True,Vta/Vta02,Vta,every_2min,0,50.0
truth,veh_yawrate,60.0,1157.1,13.67,14.25,9.81,1.18,0.228,,True,Vta/Vta02,Vta,every_2min,0,50.0
hold,truth,60.0,1157.1,189.92,189.93,104.65,16.41,3.165,3.297,False,Vta/Vta02,Vta,every_2min,0,50.0
obd,veh_yawrate,60.0,1157.1,14.34,14.82,10.16,1.24,0.239,0.108,True,Vta/Vta02,Vta,every_2min,0,50.0
wheel_speed,veh_yawrate,60.0,1157.1,16.39,16.39,10.89,1.42,0.273,0.116,True,Vta/Vta02,Vta,every_2min,0,50.0
obd,gps_hold,60.0,1157.1,220.57,220.57,82.47,19.06,3.676,0.108,False,Vta/Vta02,Vta,every_2min,0,50.0
hold,imu_aligned,60.0,1157.1,251.1,251.1,115.91,21.7,4.185,3.297,False,Vta/Vta02,Vta,every_2min,0,50.0
imu_integrate,imu_aligned,60.0,1157.1,1949.61,1949.61,861.5,168.49,32.494,31.492,False,Vta/Vta02,Vta,every_2min,0,50.0
truth,truth,60.0,758.3,2.6,2.63,1.38,0.34,0.043,,True,Vta/Vta02,Vta,every_2min,1,230.0
truth,veh_yawrate,60.0,758.3,16.57,16.57,9.49,2.19,0.276,,True,Vta/Vta02,Vta,every_2min,1,230.0
hold,truth,60.0,758.3,117.72,126.67,93.88,15.53,1.962,2.688,False,Vta/Vta02,Vta,every_2min,1,230.0
obd,veh_yawrate,60.0,758.3,17.78,17.78,10.23,2.35,0.296,0.131,True,Vta/Vta02,Vta,every_2min,1,230.0
wheel_speed,veh_yawrate,60.0,758.3,16.68,16.68,9.5,2.2,0.278,0.108,True,Vta/Vta02,Vta,every_2min,1,230.0
obd,gps_hold,60.0,758.3,253.26,253.26,122.52,33.4,4.221,0.131,False,Vta/Vta02,Vta,every_2min,1,230.0
hold,imu_aligned,60.0,758.3,251.59,251.59,140.38,33.18,4.193,2.688,False,Vta/Vta02,Vta,every_2min,1,230.0
imu_integrate,imu_aligned,60.0,758.3,2043.11,2043.11,890.87,269.45,34.052,32.972,False,Vta/Vta02,Vta,every_2min,1,230.0
truth,truth,60.0,636.1,0.43,0.96,0.56,0.07,0.007,,True,Vta/Vta02,Vta,every_2min,2,410.0
truth,veh_yawrate,60.0,636.1,42.21,42.21,17.96,6.64,0.703,,True,Vta/Vta02,Vta,every_2min,2,410.0
hold,truth,60.0,636.1,15.27,18.64,8.88,2.4,0.254,0.932,True,Vta/Vta02,Vta,every_2min,2,410.0
obd,veh_yawrate,60.0,636.1,43.44,43.44,18.48,6.83,0.724,0.082,True,Vta/Vta02,Vta,every_2min,2,410.0
wheel_speed,veh_yawrate,60.0,636.1,42.37,42.37,18.01,6.66,0.706,0.061,True,Vta/Vta02,Vta,every_2min,2,410.0
obd,gps_hold,60.0,636.1,145.36,145.36,53.82,22.85,2.423,0.082,False,Vta/Vta02,Vta,every_2min,2,410.0
hold,imu_aligned,60.0,636.1,149.42,149.42,54.4,23.49,2.49,0.932,False,Vta/Vta02,Vta,every_2min,2,410.0
imu_integrate,imu_aligned,60.0,636.1,1474.78,1474.78,649.79,231.86,24.58,23.713,False,Vta/Vta02,Vta,every_2min,2,410.0
truth,truth,60.0,611.7,3.62,3.99,2.92,0.59,0.06,,True,Vta/Vta02,Vta,every_2min,3,590.0
truth,veh_yawrate,60.0,611.7,224.53,224.53,94.59,36.7,3.742,,False,Vta/Vta02,Vta,every_2min,3,590.0
hold,truth,60.0,611.7,227.95,227.95,167.83,37.26,3.799,5.041,False,Vta/Vta02,Vta,every_2min,3,590.0
obd,veh_yawrate,60.0,611.7,223.65,223.65,94.09,36.56,3.728,0.069,False,Vta/Vta02,Vta,every_2min,3,590.0
wheel_speed,veh_yawrate,60.0,611.7,224.63,224.63,94.84,36.72,3.744,0.079,False,Vta/Vta02,Vta,every_2min,3,590.0
obd,gps_hold,60.0,611.7,512.01,512.01,213.52,83.7,8.534,0.069,False,Vta/Vta02,Vta,every_2min,3,590.0
hold,imu_aligned,60.0,611.7,763.63,763.63,361.28,124.83,12.727,5.041,False,Vta/Vta02,Vta,every_2min,3,590.0
imu_integrate,imu_aligned,60.0,611.7,1209.49,1209.49,631.25,197.71,20.158,12.982,False,Vta/Vta02,Vta,every_2min,3,590.0
truth,truth,60.0,652.3,2.31,2.44,1.58,0.35,0.038,,True,Vta/Vta02,Vta,every_2min,4,770.0
truth,veh_yawrate,60.0,652.3,32.21,32.21,17.88,4.94,0.537,,True,Vta/Vta02,Vta,every_2min,4,770.0
hold,truth,60.0,652.3,110.56,110.56,38.3,16.95,1.843,2.036,False,Vta/Vta02,Vta,every_2min,4,770.0
obd,veh_yawrate,60.0,652.3,32.72,32.72,18.21,5.02,0.545,0.091,True,Vta/Vta02,Vta,every_2min,4,770.0
wheel_speed,veh_yawrate,60.0,652.3,32.28,32.28,17.87,4.95,0.538,0.085,True,Vta/Vta02,Vta,every_2min,4,770.0
obd,gps_hold,60.0,652.3,238.54,238.54,146.84,36.57,3.976,0.091,False,Vta/Vta02,Vta,every_2min,4,770.0
hold,imu_aligned,60.0,652.3,282.49,282.49,157.04,43.31,4.708,2.036,False,Vta/Vta02,Vta,every_2min,4,770.0
imu_integrate,imu_aligned,60.0,652.3,483.83,483.83,242.7,74.18,8.064,6.704,False,Vta/Vta02,Vta,every_2min,4,770.0
truth,truth,60.0,363.0,0.9,0.9,0.4,0.25,0.015,,True,Vta/Vta02,Vta,every_2min,5,950.0
truth,veh_yawrate,60.0,363.0,11.29,11.29,7.45,3.11,0.188,,True,Vta/Vta02,Vta,every_2min,5,950.0
hold,truth,60.0,363.0,17.69,73.02,41.11,4.87,0.295,2.844,True,Vta/Vta02,Vta,every_2min,5,950.0
obd,veh_yawrate,60.0,363.0,11.06,11.11,7.54,3.05,0.184,0.068,True,Vta/Vta02,Vta,every_2min,5,950.0
wheel_speed,veh_yawrate,60.0,363.0,10.83,10.91,7.38,2.98,0.181,0.056,True,Vta/Vta02,Vta,every_2min,5,950.0
obd,gps_hold,60.0,363.0,17.98,27.38,18.59,4.95,0.3,0.068,True,Vta/Vta02,Vta,every_2min,5,950.0
hold,imu_aligned,60.0,363.0,25.55,76.4,44.25,7.04,0.426,2.844,True,Vta/Vta02,Vta,every_2min,5,950.0
imu_integrate,imu_aligned,60.0,363.0,195.74,195.74,69.37,53.93,3.262,4.584,False,Vta/Vta02,Vta,every_2min,5,950.0
truth,truth,60.0,675.7,1.78,1.78,1.03,0.26,0.03,,True,Vta/Vta04,Vta,isro_60s,0,20.0
truth,veh_yawrate,60.0,675.7,53.56,53.56,26.39,7.93,0.893,,True,Vta/Vta04,Vta,isro_60s,0,20.0
hold,truth,60.0,675.7,26.69,26.69,9.08,3.95,0.445,1.486,True,Vta/Vta04,Vta,isro_60s,0,20.0
obd,veh_yawrate,60.0,675.7,53.94,53.94,26.68,7.98,0.899,0.14,True,Vta/Vta04,Vta,isro_60s,0,20.0
wheel_speed,veh_yawrate,60.0,675.7,53.11,53.11,26.21,7.86,0.885,0.152,True,Vta/Vta04,Vta,isro_60s,0,20.0
obd,gps_hold,60.0,675.7,149.93,149.93,81.94,22.19,2.499,0.14,False,Vta/Vta04,Vta,isro_60s,0,20.0
hold,imu_aligned,60.0,675.7,155.39,155.39,81.67,23.0,2.59,1.486,False,Vta/Vta04,Vta,isro_60s,0,20.0
imu_integrate,imu_aligned,60.0,675.7,1840.07,1840.07,813.33,272.33,30.668,30.219,False,Vta/Vta04,Vta,isro_60s,0,20.0
truth,truth,89.8,1000.1,3.17,3.17,1.74,0.32,0.035,,True,Vta/Vta04,Vta,isro_1km,0,20.0
truth,veh_yawrate,89.8,1000.1,109.48,109.48,51.17,10.95,1.219,,False,Vta/Vta04,Vta,isro_1km,0,20.0
hold,truth,89.8,1000.1,50.57,53.24,27.3,5.06,0.563,1.325,True,Vta/Vta04,Vta,isro_1km,0,20.0
obd,veh_yawrate,89.8,1000.1,109.24,109.24,51.32,10.92,1.217,0.126,False,Vta/Vta04,Vta,isro_1km,0,20.0
wheel_speed,veh_yawrate,89.8,1000.1,108.8,108.8,50.83,10.88,1.212,0.132,False,Vta/Vta04,Vta,isro_1km,0,20.0
obd,gps_hold,89.8,1000.1,155.43,166.75,113.67,15.54,1.731,0.126,False,Vta/Vta04,Vta,isro_1km,0,20.0
hold,imu_aligned,89.8,1000.1,169.98,177.8,119.22,17.0,1.893,1.325,False,Vta/Vta04,Vta,isro_1km,0,20.0
imu_integrate,imu_aligned,89.8,1000.1,3988.65,3988.65,1815.65,398.81,44.417,44.122,False,Vta/Vta04,Vta,isro_1km,0,20.0
truth,truth,30.0,342.0,1.0,1.05,0.67,0.29,0.033,,True,Vta/Vta04,Vta,tunnels,0,20.0
truth,veh_yawrate,30.0,342.0,14.17,14.17,6.03,4.14,0.472,,True,Vta/Vta04,Vta,tunnels,0,20.0
hold,truth,30.0,342.0,9.19,13.31,7.61,2.69,0.306,0.698,True,Vta/Vta04,Vta,tunnels,0,20.0
obd,veh_yawrate,30.0,342.0,14.36,14.36,6.11,4.2,0.479,0.087,True,Vta/Vta04,Vta,tunnels,0,20.0
wheel_speed,veh_yawrate,30.0,342.0,14.07,14.07,6.02,4.11,0.469,0.095,True,Vta/Vta04,Vta,tunnels,0,20.0
obd,gps_hold,30.0,342.0,51.65,51.65,19.0,15.1,1.722,0.087,False,Vta/Vta04,Vta,tunnels,0,20.0
hold,imu_aligned,30.0,342.0,53.65,53.65,21.18,15.69,1.788,0.698,False,Vta/Vta04,Vta,tunnels,0,20.0
imu_integrate,imu_aligned,30.0,342.0,434.51,434.51,182.81,127.07,14.484,14.185,False,Vta/Vta04,Vta,tunnels,0,20.0
truth,truth,23.9,316.3,0.06,0.37,0.23,0.02,0.003,,True,Vta/Vta04,Vta,tunnels,1,155.0
truth,veh_yawrate,23.9,316.3,0.55,2.66,1.67,0.17,0.023,,True,Vta/Vta04,Vta,tunnels,1,155.0
hold,truth,23.9,316.3,13.97,16.17,10.53,4.42,0.584,0.772,True,Vta/Vta04,Vta,tunnels,1,155.0
obd,veh_yawrate,23.9,316.3,1.8,2.8,1.87,0.57,0.075,0.08,True,Vta/Vta04,Vta,tunnels,1,155.0
wheel_speed,veh_yawrate,23.9,316.3,0.5,2.71,1.7,0.16,0.021,0.066,True,Vta/Vta04,Vta,tunnels,1,155.0
obd,gps_hold,23.9,316.3,77.94,77.94,48.8,24.64,3.261,0.08,False,Vta/Vta04,Vta,tunnels,1,155.0
hold,imu_aligned,23.9,316.3,76.98,76.98,48.24,24.34,3.221,0.772,False,Vta/Vta04,Vta,tunnels,1,155.0
imu_integrate,imu_aligned,23.9,316.3,277.05,277.05,122.53,87.59,11.592,10.702,False,Vta/Vta04,Vta,tunnels,1,155.0
truth,truth,60.0,675.7,1.78,1.78,1.03,0.26,0.03,,True,Vta/Vta04,Vta,every_2min,0,20.0
truth,veh_yawrate,60.0,675.7,53.56,53.56,26.39,7.93,0.893,,True,Vta/Vta04,Vta,every_2min,0,20.0
hold,truth,60.0,675.7,26.69,26.69,9.08,3.95,0.445,1.486,True,Vta/Vta04,Vta,every_2min,0,20.0
obd,veh_yawrate,60.0,675.7,53.94,53.94,26.68,7.98,0.899,0.14,True,Vta/Vta04,Vta,every_2min,0,20.0
wheel_speed,veh_yawrate,60.0,675.7,53.11,53.11,26.21,7.86,0.885,0.152,True,Vta/Vta04,Vta,every_2min,0,20.0
obd,gps_hold,60.0,675.7,149.93,149.93,81.94,22.19,2.499,0.14,False,Vta/Vta04,Vta,every_2min,0,20.0
hold,imu_aligned,60.0,675.7,155.39,155.39,81.67,23.0,2.59,1.486,False,Vta/Vta04,Vta,every_2min,0,20.0
imu_integrate,imu_aligned,60.0,675.7,1840.07,1840.07,813.33,272.33,30.668,30.219,False,Vta/Vta04,Vta,every_2min,0,20.0
truth,truth,60.0,1089.1,0.48,0.8,0.51,0.04,0.008,,True,Vta/Vta06,Vta,isro_60s,0,20.0
truth,veh_yawrate,60.0,1089.1,1559.72,1559.72,833.84,143.21,25.995,,False,Vta/Vta06,Vta,isro_60s,0,20.0
hold,truth,60.0,1089.1,149.92,149.92,61.4,13.76,2.499,3.128,False,Vta/Vta06,Vta,isro_60s,0,20.0
obd,veh_yawrate,60.0,1089.1,1564.09,1564.09,836.2,143.61,26.068,0.12,False,Vta/Vta06,Vta,isro_60s,0,20.0
wheel_speed,veh_yawrate,60.0,1089.1,1559.31,1559.31,833.7,143.17,25.988,0.06,False,Vta/Vta06,Vta,isro_60s,0,20.0
obd,gps_hold,60.0,1089.1,639.2,639.2,367.21,58.69,10.653,0.12,False,Vta/Vta06,Vta,isro_60s,0,20.0
hold,imu_aligned,60.0,1089.1,606.45,606.45,353.08,55.68,10.107,3.128,False,Vta/Vta06,Vta,isro_60s,0,20.0
imu_integrate,imu_aligned,60.0,1089.1,1627.41,1627.41,702.81,149.42,27.124,22.629,False,Vta/Vta06,Vta,isro_60s,0,20.0
truth,truth,55.5,1000.0,0.39,0.8,0.52,0.04,0.007,,True,Vta/Vta06,Vta,isro_1km,0,20.0
truth,veh_yawrate,55.5,1000.0,1420.7,1420.7,755.65,142.08,25.598,,False,Vta/Vta06,Vta,isro_1km,0,20.0
hold,truth,55.5,1000.0,131.15,131.15,49.46,13.12,2.363,3.046,False,Vta/Vta06,Vta,isro_1km,0,20.0
obd,veh_yawrate,55.5,1000.0,1424.82,1424.82,757.79,142.49,25.672,0.119,False,Vta/Vta06,Vta,isro_1km,0,20.0
wheel_speed,veh_yawrate,55.5,1000.0,1420.51,1420.51,755.52,142.06,25.595,0.062,False,Vta/Vta06,Vta,isro_1km,0,20.0
obd,gps_hold,55.5,1000.0,593.46,593.46,338.96,59.35,10.693,0.119,False,Vta/Vta06,Vta,isro_1km,0,20.0
hold,imu_aligned,55.5,1000.0,563.14,563.14,327.07,56.32,10.147,3.046,False,Vta/Vta06,Vta,isro_1km,0,20.0
imu_integrate,imu_aligned,55.5,1000.0,1357.47,1357.47,594.31,135.75,24.459,19.725,False,Vta/Vta06,Vta,isro_1km,0,20.0
truth,truth,30.0,476.8,0.6,0.8,0.65,0.13,0.02,,True,Vta/Vta06,Vta,tunnels,0,20.0
truth,veh_yawrate,30.0,476.8,656.78,656.78,344.19,137.76,21.893,,False,Vta/Vta06,Vta,tunnels,0,20.0
hold,truth,30.0,476.8,7.71,9.17,5.18,1.62,0.257,1.498,True,Vta/Vta06,Vta,tunnels,0,20.0
obd,veh_yawrate,30.0,476.8,658.74,658.74,345.08,138.17,21.958,0.104,False,Vta/Vta06,Vta,tunnels,0,20.0
wheel_speed,veh_yawrate,30.0,476.8,656.81,656.81,344.05,137.76,21.894,0.05,False,Vta/Vta06,Vta,tunnels,0,20.0
obd,gps_hold,30.0,476.8,319.02,319.02,170.32,66.91,10.634,0.104,False,Vta/Vta06,Vta,tunnels,0,20.0
hold,imu_aligned,30.0,476.8,315.3,315.3,170.15,66.13,10.51,1.498,False,Vta/Vta06,Vta,tunnels,0,20.0
imu_integrate,imu_aligned,30.0,476.8,386.15,386.15,185.74,80.99,12.872,5.975,False,Vta/Vta06,Vta,tunnels,0,20.0
truth,truth,60.0,1089.1,0.48,0.8,0.51,0.04,0.008,,True,Vta/Vta06,Vta,every_2min,0,20.0
truth,veh_yawrate,60.0,1089.1,1559.72,1559.72,833.84,143.21,25.995,,False,Vta/Vta06,Vta,every_2min,0,20.0
hold,truth,60.0,1089.1,149.92,149.92,61.4,13.76,2.499,3.128,False,Vta/Vta06,Vta,every_2min,0,20.0
obd,veh_yawrate,60.0,1089.1,1564.09,1564.09,836.2,143.61,26.068,0.12,False,Vta/Vta06,Vta,every_2min,0,20.0
wheel_speed,veh_yawrate,60.0,1089.1,1559.31,1559.31,833.7,143.17,25.988,0.06,False,Vta/Vta06,Vta,every_2min,0,20.0
obd,gps_hold,60.0,1089.1,639.2,639.2,367.21,58.69,10.653,0.12,False,Vta/Vta06,Vta,every_2min,0,20.0
hold,imu_aligned,60.0,1089.1,606.45,606.45,353.08,55.68,10.107,3.128,False,Vta/Vta06,Vta,every_2min,0,20.0
imu_integrate,imu_aligned,60.0,1089.1,1627.41,1627.41,702.81,149.42,27.124,22.629,False,Vta/Vta06,Vta,every_2min,0,20.0
truth,truth,60.0,1107.7,2.02,2.91,1.81,0.18,0.034,,True,Vta/Vta07,Vta,isro_60s,0,20.0
truth,veh_yawrate,60.0,1107.7,259.18,259.18,142.79,23.4,4.32,,False,Vta/Vta07,Vta,isro_60s,0,20.0
hold,truth,60.0,1107.7,587.21,587.21,390.33,53.01,9.787,10.7,False,Vta/Vta07,Vta,isro_60s,0,20.0
obd,veh_yawrate,60.0,1107.7,255.58,255.58,140.82,23.07,4.26,0.11,False,Vta/Vta07,Vta,isro_60s,0,20.0
wheel_speed,veh_yawrate,60.0,1107.7,255.11,255.11,140.6,23.03,4.252,0.094,False,Vta/Vta07,Vta,isro_60s,0,20.0
obd,gps_hold,60.0,1107.7,122.19,206.94,129.45,11.03,2.036,0.11,False,Vta/Vta07,Vta,isro_60s,0,20.0
hold,imu_aligned,60.0,1107.7,518.14,536.0,373.51,46.78,8.636,10.7,False,Vta/Vta07,Vta,isro_60s,0,20.0
imu_integrate,imu_aligned,60.0,1107.7,816.83,816.83,323.94,73.74,13.614,12.843,False,Vta/Vta07,Vta,isro_60s,0,20.0
truth,truth,49.1,1000.6,1.19,2.91,1.87,0.12,0.024,,True,Vta/Vta07,Vta,isro_1km,0,20.0
truth,veh_yawrate,49.1,1000.6,221.04,221.04,112.75,22.09,4.502,,False,Vta/Vta07,Vta,isro_1km,0,20.0
hold,truth,49.1,1000.6,569.45,569.45,336.88,56.91,11.598,12.597,False,Vta/Vta07,Vta,isro_1km,0,20.0
obd,veh_yawrate,49.1,1000.6,217.51,217.51,111.38,21.74,4.43,0.106,False,Vta/Vta07,Vta,isro_1km,0,20.0
wheel_speed,veh_yawrate,49.1,1000.6,217.16,217.16,111.21,21.7,4.423,0.091,False,Vta/Vta07,Vta,isro_1km,0,20.0
obd,gps_hold,49.1,1000.6,101.07,206.94,132.53,10.1,2.058,0.106,False,Vta/Vta07,Vta,isro_1km,0,20.0
hold,imu_aligned,49.1,1000.6,529.63,536.0,335.96,52.93,10.787,12.597,False,Vta/Vta07,Vta,isro_1km,0,20.0
imu_integrate,imu_aligned,49.1,1000.6,405.22,405.22,208.83,40.5,8.253,7.873,False,Vta/Vta07,Vta,isro_1km,0,20.0
truth,truth,30.0,585.4,2.74,2.74,1.6,0.47,0.091,,True,Vta/Vta07,Vta,tunnels,0,20.0
truth,veh_yawrate,30.0,585.4,94.51,94.51,38.24,16.14,3.15,,False,Vta/Vta07,Vta,tunnels,0,20.0
hold,truth,30.0,585.4,344.5,344.5,153.55,58.85,11.483,11.874,False,Vta/Vta07,Vta,tunnels,0,20.0
obd,veh_yawrate,30.0,585.4,94.28,94.28,38.26,16.11,3.143,0.127,False,Vta/Vta07,Vta,tunnels,0,20.0
wheel_speed,veh_yawrate,30.0,585.4,94.15,94.15,38.19,16.08,3.138,0.103,False,Vta/Vta07,Vta,tunnels,0,20.0
obd,gps_hold,30.0,585.4,206.77,206.77,116.04,35.32,6.892,0.127,False,Vta/Vta07,Vta,tunnels,0,20.0
hold,imu_aligned,30.0,585.4,366.07,366.07,172.11,62.53,12.202,11.874,False,Vta/Vta07,Vta,tunnels,0,20.0
imu_integrate,imu_aligned,30.0,585.4,265.06,265.27,162.76,45.28,8.835,4.52,False,Vta/Vta07,Vta,tunnels,0,20.0
truth,truth,60.0,1107.7,2.02,2.91,1.81,0.18,0.034,,True,Vta/Vta07,Vta,every_2min,0,20.0
truth,veh_yawrate,60.0,1107.7,259.18,259.18,142.79,23.4,4.32,,False,Vta/Vta07,Vta,every_2min,0,20.0
hold,truth,60.0,1107.7,587.21,587.21,390.33,53.01,9.787,10.7,False,Vta/Vta07,Vta,every_2min,0,20.0
obd,veh_yawrate,60.0,1107.7,255.58,255.58,140.82,23.07,4.26,0.11,False,Vta/Vta07,Vta,every_2min,0,20.0
wheel_speed,veh_yawrate,60.0,1107.7,255.11,255.11,140.6,23.03,4.252,0.094,False,Vta/Vta07,Vta,every_2min,0,20.0
obd,gps_hold,60.0,1107.7,122.19,206.94,129.45,11.03,2.036,0.11,False,Vta/Vta07,Vta,every_2min,0,20.0
hold,imu_aligned,60.0,1107.7,518.14,536.0,373.51,46.78,8.636,10.7,False,Vta/Vta07,Vta,every_2min,0,20.0
imu_integrate,imu_aligned,60.0,1107.7,816.83,816.83,323.94,73.74,13.614,12.843,False,Vta/Vta07,Vta,every_2min,0,20.0
truth,truth,60.0,492.4,1.06,1.08,0.6,0.22,0.018,,True,Vta/Vta08,Vta,isro_60s,0,110.0
truth,veh_yawrate,60.0,492.4,38.66,38.66,11.89,7.85,0.644,,True,Vta/Vta08,Vta,isro_60s,0,110.0
hold,truth,60.0,492.4,13.51,78.39,50.83,2.74,0.225,2.822,True,Vta/Vta08,Vta,isro_60s,0,110.0
obd,veh_yawrate,60.0,492.4,38.5,38.5,11.78,7.82,0.642,0.06,True,Vta/Vta08,Vta,isro_60s,0,110.0
wheel_speed,veh_yawrate,60.0,492.4,38.73,38.73,11.92,7.86,0.645,0.045,True,Vta/Vta08,Vta,isro_60s,0,110.0
obd,gps_hold,60.0,492.4,42.25,42.25,14.19,8.58,0.704,0.06,True,Vta/Vta08,Vta,isro_60s,0,110.0
hold,imu_aligned,60.0,492.4,42.26,79.15,53.19,8.58,0.704,2.822,True,Vta/Vta08,Vta,isro_60s,0,110.0
imu_integrate,imu_aligned,60.0,492.4,252.99,252.99,163.36,51.38,4.217,4.103,False,Vta/Vta08,Vta,isro_60s,0,110.0
truth,truth,104.5,1000.8,1.08,1.36,0.89,0.11,0.01,,True,Vta/Vta08,Vta,isro_1km,0,110.0
truth,veh_yawrate,104.5,1000.8,114.48,114.48,55.83,11.44,1.096,,False,Vta/Vta08,Vta,isro_1km,0,110.0
hold,truth,104.5,1000.8,160.77,161.51,78.12,16.06,1.538,3.069,False,Vta/Vta08,Vta,isro_1km,0,110.0
obd,veh_yawrate,104.5,1000.8,114.48,114.48,55.79,11.44,1.096,0.066,False,Vta/Vta08,Vta,isro_1km,0,110.0
wheel_speed,veh_yawrate,104.5,1000.8,114.5,114.5,55.87,11.44,1.096,0.052,False,Vta/Vta08,Vta,isro_1km,0,110.0
obd,gps_hold,104.5,1000.8,138.42,138.42,63.66,13.83,1.325,0.066,False,Vta/Vta08,Vta,isro_1km,0,110.0
hold,imu_aligned,104.5,1000.8,201.07,201.1,96.38,20.09,1.924,3.069,False,Vta/Vta08,Vta,isro_1km,0,110.0
imu_integrate,imu_aligned,104.5,1000.8,306.16,322.99,234.16,30.59,2.93,3.177,False,Vta/Vta08,Vta,isro_1km,0,110.0
truth,truth,30.0,163.7,0.29,0.48,0.27,0.18,0.01,,True,Vta/Vta08,Vta,tunnels,0,110.0
truth,veh_yawrate,30.0,163.7,2.44,2.86,1.32,1.49,0.081,,True,Vta/Vta08,Vta,tunnels,0,110.0
hold,truth,30.0,163.7,77.58,78.39,49.47,47.41,2.586,2.729,False,Vta/Vta08,Vta,tunnels,0,110.0
obd,veh_yawrate,30.0,163.7,1.99,2.8,1.18,1.22,0.066,0.05,True,Vta/Vta08,Vta,tunnels,0,110.0
wheel_speed,veh_yawrate,30.0,163.7,2.44,3.03,1.34,1.49,0.081,0.041,True,Vta/Vta08,Vta,tunnels,0,110.0
obd,gps_hold,30.0,163.7,4.35,4.35,1.86,2.66,0.145,0.05,True,Vta/Vta08,Vta,tunnels,0,110.0
hold,imu_aligned,30.0,163.7,78.44,79.15,49.83,47.93,2.615,2.729,False,Vta/Vta08,Vta,tunnels,0,110.0
imu_integrate,imu_aligned,30.0,163.7,173.88,173.88,96.92,106.25,5.796,5.776,False,Vta/Vta08,Vta,tunnels,0,110.0
truth,truth,30.0,602.7,0.67,0.67,0.39,0.11,0.022,,True,Vta/Vta08,Vta,tunnels,1,245.0
truth,veh_yawrate,30.0,602.7,8.45,8.45,4.22,1.4,0.282,,True,Vta/Vta08,Vta,tunnels,1,245.0
hold,truth,30.0,602.7,160.37,160.37,88.61,26.61,5.346,5.34,False,Vta/Vta08,Vta,tunnels,1,245.0
obd,veh_yawrate,30.0,602.7,9.24,9.24,4.74,1.53,0.308,0.123,True,Vta/Vta08,Vta,tunnels,1,245.0
wheel_speed,veh_yawrate,30.0,602.7,8.43,8.43,4.22,1.4,0.281,0.034,True,Vta/Vta08,Vta,tunnels,1,245.0
obd,gps_hold,30.0,602.7,5.85,5.85,2.46,0.97,0.195,0.123,True,Vta/Vta08,Vta,tunnels,1,245.0
hold,imu_aligned,30.0,602.7,160.34,160.34,88.6,26.6,5.345,5.34,False,Vta/Vta08,Vta,tunnels,1,245.0
imu_integrate,imu_aligned,30.0,602.7,116.3,116.3,70.04,19.3,3.877,3.87,False,Vta/Vta08,Vta,tunnels,1,245.0
truth,truth,60.0,492.4,1.06,1.08,0.6,0.22,0.018,,True,Vta/Vta08,Vta,every_2min,0,110.0
truth,veh_yawrate,60.0,492.4,38.66,38.66,11.89,7.85,0.644,,True,Vta/Vta08,Vta,every_2min,0,110.0
hold,truth,60.0,492.4,13.51,78.39,50.83,2.74,0.225,2.822,True,Vta/Vta08,Vta,every_2min,0,110.0
obd,veh_yawrate,60.0,492.4,38.5,38.5,11.78,7.82,0.642,0.06,True,Vta/Vta08,Vta,every_2min,0,110.0
wheel_speed,veh_yawrate,60.0,492.4,38.73,38.73,11.92,7.86,0.645,0.045,True,Vta/Vta08,Vta,every_2min,0,110.0
obd,gps_hold,60.0,492.4,42.25,42.25,14.19,8.58,0.704,0.06,True,Vta/Vta08,Vta,every_2min,0,110.0
hold,imu_aligned,60.0,492.4,42.26,79.15,53.19,8.58,0.704,2.822,True,Vta/Vta08,Vta,every_2min,0,110.0
imu_integrate,imu_aligned,60.0,492.4,252.99,252.99,163.36,51.38,4.217,4.103,False,Vta/Vta08,Vta,every_2min,0,110.0
truth,truth,60.0,866.1,1.77,1.77,1.04,0.2,0.03,,True,Vta/Vta08,Vta,every_2min,1,290.0
truth,veh_yawrate,60.0,866.1,40.79,40.79,19.73,4.71,0.68,,True,Vta/Vta08,Vta,every_2min,1,290.0
hold,truth,60.0,866.1,204.46,204.46,98.69,23.61,3.408,4.539,False,Vta/Vta08,Vta,every_2min,1,290.0
obd,veh_yawrate,60.0,866.1,41.63,41.63,20.28,4.81,0.694,0.092,True,Vta/Vta08,Vta,every_2min,1,290.0
wheel_speed,veh_yawrate,60.0,866.1,41.82,41.82,20.05,4.83,0.697,0.059,True,Vta/Vta08,Vta,every_2min,1,290.0
obd,gps_hold,60.0,866.1,192.47,215.07,142.63,22.22,3.208,0.092,False,Vta/Vta08,Vta,every_2min,1,290.0
hold,imu_aligned,60.0,866.1,335.6,335.6,192.93,38.75,5.593,4.539,False,Vta/Vta08,Vta,every_2min,1,290.0
imu_integrate,imu_aligned,60.0,866.1,794.03,794.03,342.47,91.67,13.234,11.933,False,Vta/Vta08,Vta,every_2min,1,290.0
truth,truth,60.0,1653.7,4.08,4.08,2.6,0.25,0.068,,True,Vta/Vta10,Vta,isro_60s,0,20.0
truth,veh_yawrate,60.0,1653.7,1374.35,1374.35,707.54,83.11,22.906,,False,Vta/Vta10,Vta,isro_60s,0,20.0
hold,truth,60.0,1653.7,212.78,212.78,110.62,12.87,3.546,3.762,False,Vta/Vta10,Vta,isro_60s,0,20.0
obd,veh_yawrate,60.0,1653.7,1376.17,1376.17,708.49,83.22,22.936,0.13,False,Vta/Vta10,Vta,isro_60s,0,20.0
wheel_speed,veh_yawrate,60.0,1653.7,1374.64,1374.64,707.7,83.13,22.911,0.071,False,Vta/Vta10,Vta,isro_60s,0,20.0
obd,gps_hold,60.0,1653.7,676.66,676.66,349.35,40.92,11.278,0.13,False,Vta/Vta10,Vta,isro_60s,0,20.0
hold,imu_aligned,60.0,1653.7,756.41,756.41,388.56,45.74,12.607,3.762,False,Vta/Vta10,Vta,isro_60s,0,20.0
imu_integrate,imu_aligned,60.0,1653.7,810.52,810.52,444.74,49.01,13.509,5.304,False,Vta/Vta10,Vta,isro_60s,0,20.0
truth,truth,35.2,1001.8,2.84,2.85,1.66,0.28,0.081,,True,Vta/Vta10,Vta,isro_1km,0,20.0
truth,veh_yawrate,35.2,1001.8,655.65,655.65,303.34,65.45,18.626,,False,Vta/Vta10,Vta,isro_1km,0,20.0
hold,truth,35.2,1001.8,94.35,94.35,64.57,9.42,2.68,2.97,True,Vta/Vta10,Vta,isro_1km,0,20.0
obd,veh_yawrate,35.2,1001.8,656.48,656.48,303.83,65.53,18.65,0.13,False,Vta/Vta10,Vta,isro_1km,0,20.0
wheel_speed,veh_yawrate,35.2,1001.8,655.76,655.76,303.49,65.46,18.63,0.071,False,Vta/Vta10,Vta,isro_1km,0,20.0
obd,gps_hold,35.2,1001.8,323.97,323.97,149.44,32.34,9.204,0.13,False,Vta/Vta10,Vta,isro_1km,0,20.0
hold,imu_aligned,35.2,1001.8,355.09,355.09,171.24,35.44,10.088,2.97,False,Vta/Vta10,Vta,isro_1km,0,20.0
imu_integrate,imu_aligned,35.2,1001.8,435.65,435.65,218.17,43.49,12.376,6.616,False,Vta/Vta10,Vta,isro_1km,0,20.0
truth,truth,30.0,855.3,2.41,2.41,1.42,0.28,0.08,,True,Vta/Vta10,Vta,tunnels,0,20.0
truth,veh_yawrate,30.0,855.3,501.41,501.41,222.3,58.63,16.714,,False,Vta/Vta10,Vta,tunnels,0,20.0
hold,truth,30.0,855.3,79.59,79.59,59.95,9.31,2.653,2.966,True,Vta/Vta10,Vta,tunnels,0,20.0
obd,veh_yawrate,30.0,855.3,502.15,502.15,222.74,58.71,16.738,0.134,False,Vta/Vta10,Vta,tunnels,0,20.0
wheel_speed,veh_yawrate,30.0,855.3,501.59,501.59,222.48,58.65,16.72,0.075,False,Vta/Vta10,Vta,tunnels,0,20.0
obd,gps_hold,30.0,855.3,247.22,247.22,109.24,28.91,8.241,0.134,False,Vta/Vta10,Vta,tunnels,0,20.0
hold,imu_aligned,30.0,855.3,272.97,272.97,131.12,31.92,9.099,2.966,False,Vta/Vta10,Vta,tunnels,0,20.0
imu_integrate,imu_aligned,30.0,855.3,348.66,348.66,170.23,40.77,11.622,6.806,False,Vta/Vta10,Vta,tunnels,0,20.0
truth,truth,60.0,1653.7,4.08,4.08,2.6,0.25,0.068,,True,Vta/Vta10,Vta,every_2min,0,20.0
truth,veh_yawrate,60.0,1653.7,1374.35,1374.35,707.54,83.11,22.906,,False,Vta/Vta10,Vta,every_2min,0,20.0
hold,truth,60.0,1653.7,212.78,212.78,110.62,12.87,3.546,3.762,False,Vta/Vta10,Vta,every_2min,0,20.0
obd,veh_yawrate,60.0,1653.7,1376.17,1376.17,708.49,83.22,22.936,0.13,False,Vta/Vta10,Vta,every_2min,0,20.0
wheel_speed,veh_yawrate,60.0,1653.7,1374.64,1374.64,707.7,83.13,22.911,0.071,False,Vta/Vta10,Vta,every_2min,0,20.0
obd,gps_hold,60.0,1653.7,676.66,676.66,349.35,40.92,11.278,0.13,False,Vta/Vta10,Vta,every_2min,0,20.0
hold,imu_aligned,60.0,1653.7,756.41,756.41,388.56,45.74,12.607,3.762,False,Vta/Vta10,Vta,every_2min,0,20.0
imu_integrate,imu_aligned,60.0,1653.7,810.52,810.52,444.74,49.01,13.509,5.304,False,Vta/Vta10,Vta,every_2min,0,20.0
truth,truth,41.0,831.1,3.44,3.44,2.36,0.41,0.084,,True,Vta/Vta12,Vta,isro_60s,0,20.0
truth,veh_yawrate,41.0,831.1,165.06,165.95,91.75,19.86,4.026,,False,Vta/Vta12,Vta,isro_60s,0,20.0
hold,truth,41.0,831.1,159.45,159.45,79.65,19.18,3.889,3.956,False,Vta/Vta12,Vta,isro_60s,0,20.0
obd,veh_yawrate,41.0,831.1,164.64,165.58,91.54,19.81,4.016,0.221,False,Vta/Vta12,Vta,isro_60s,0,20.0
wheel_speed,veh_yawrate,41.0,831.1,164.36,165.27,91.38,19.78,4.009,0.241,False,Vta/Vta12,Vta,isro_60s,0,20.0
obd,gps_hold,41.0,831.1,303.2,303.2,150.61,36.48,7.395,0.221,False,Vta/Vta12,Vta,isro_60s,0,20.0
hold,imu_aligned,41.0,831.1,311.4,311.4,155.9,37.47,7.595,3.956,False,Vta/Vta12,Vta,isro_60s,0,20.0
imu_integrate,imu_aligned,41.0,831.1,314.67,314.67,158.79,37.86,7.675,4.208,False,Vta/Vta12,Vta,isro_60s,0,20.0
truth,truth,41.0,831.1,3.44,3.44,2.36,0.41,0.084,,True,Vta/Vta12,Vta,isro_1km,0,20.0
truth,veh_yawrate,41.0,831.1,165.06,165.95,91.75,19.86,4.026,,False,Vta/Vta12,Vta,isro_1km,0,20.0
hold,truth,41.0,831.1,159.45,159.45,79.65,19.18,3.889,3.956,False,Vta/Vta12,Vta,isro_1km,0,20.0
obd,veh_yawrate,41.0,831.1,164.64,165.58,91.54,19.81,4.016,0.221,False,Vta/Vta12,Vta,isro_1km,0,20.0
wheel_speed,veh_yawrate,41.0,831.1,164.36,165.27,91.38,19.78,4.009,0.241,False,Vta/Vta12,Vta,isro_1km,0,20.0
obd,gps_hold,41.0,831.1,303.2,303.2,150.61,36.48,7.395,0.221,False,Vta/Vta12,Vta,isro_1km,0,20.0
hold,imu_aligned,41.0,831.1,311.4,311.4,155.9,37.47,7.595,3.956,False,Vta/Vta12,Vta,isro_1km,0,20.0
imu_integrate,imu_aligned,41.0,831.1,314.67,314.67,158.79,37.86,7.675,4.208,False,Vta/Vta12,Vta,isro_1km,0,20.0
truth,truth,30.0,588.6,3.14,3.15,1.94,0.53,0.105,,True,Vta/Vta12,Vta,tunnels,0,20.0
truth,veh_yawrate,30.0,588.6,118.35,118.35,59.66,20.11,3.945,,False,Vta/Vta12,Vta,tunnels,0,20.0
hold,truth,30.0,588.6,97.24,97.24,46.93,16.52,3.241,3.324,False,Vta/Vta12,Vta,tunnels,0,20.0
obd,veh_yawrate,30.0,588.6,118.04,118.04,59.5,20.05,3.935,0.24,False,Vta/Vta12,Vta,tunnels,0,20.0
wheel_speed,veh_yawrate,30.0,588.6,117.86,117.86,59.4,20.02,3.929,0.26,False,Vta/Vta12,Vta,tunnels,0,20.0
obd,gps_hold,30.0,588.6,187.19,187.19,88.86,31.8,6.24,0.24,False,Vta/Vta12,Vta,tunnels,0,20.0
hold,imu_aligned,30.0,588.6,193.77,193.77,93.13,32.92,6.459,3.324,False,Vta/Vta12,Vta,tunnels,0,20.0
imu_integrate,imu_aligned,30.0,588.6,197.84,197.84,93.98,33.61,6.595,3.663,False,Vta/Vta12,Vta,tunnels,0,20.0
truth,truth,41.0,831.1,3.44,3.44,2.36,0.41,0.084,,True,Vta/Vta12,Vta,every_2min,0,20.0
truth,veh_yawrate,41.0,831.1,165.06,165.95,91.75,19.86,4.026,,False,Vta/Vta12,Vta,every_2min,0,20.0
hold,truth,41.0,831.1,159.45,159.45,79.65,19.18,3.889,3.956,False,Vta/Vta12,Vta,every_2min,0,20.0
obd,veh_yawrate,41.0,831.1,164.64,165.58,91.54,19.81,4.016,0.221,False,Vta/Vta12,Vta,every_2min,0,20.0
wheel_speed,veh_yawrate,41.0,831.1,164.36,165.27,91.38,19.78,4.009,0.241,False,Vta/Vta12,Vta,every_2min,0,20.0
obd,gps_hold,41.0,831.1,303.2,303.2,150.61,36.48,7.395,0.221,False,Vta/Vta12,Vta,every_2min,0,20.0
hold,imu_aligned,41.0,831.1,311.4,311.4,155.9,37.47,7.595,3.956,False,Vta/Vta12,Vta,every_2min,0,20.0
imu_integrate,imu_aligned,41.0,831.1,314.67,314.67,158.79,37.86,7.675,4.208,False,Vta/Vta12,Vta,every_2min,0,20.0
truth,truth,60.0,1355.3,1.92,1.94,1.04,0.14,0.032,,True,Vta/Vta14,Vta,isro_60s,0,20.0
truth,veh_yawrate,60.0,1355.3,350.82,350.82,188.61,25.89,5.847,,False,Vta/Vta14,Vta,isro_60s,0,20.0
hold,truth,60.0,1355.3,160.95,160.95,85.46,11.88,2.682,2.705,False,Vta/Vta14,Vta,isro_60s,0,20.0
obd,veh_yawrate,60.0,1355.3,351.52,351.52,189.03,25.94,5.859,0.103,False,Vta/Vta14,Vta,isro_60s,0,20.0
wheel_speed,veh_yawrate,60.0,1355.3,350.68,350.68,188.58,25.88,5.845,0.078,False,Vta/Vta14,Vta,isro_60s,0,20.0
obd,gps_hold,60.0,1355.3,224.22,224.22,115.12,16.54,3.737,0.103,False,Vta/Vta14,Vta,isro_60s,0,20.0
hold,imu_aligned,60.0,1355.3,259.62,259.62,135.88,19.16,4.327,2.705,False,Vta/Vta14,Vta,isro_60s,0,20.0
imu_integrate,imu_aligned,60.0,1355.3,777.14,777.14,346.14,57.34,12.952,11.966,False,Vta/Vta14,Vta,isro_60s,0,20.0
truth,truth,45.2,1001.5,1.12,1.12,0.78,0.11,0.025,,True,Vta/Vta14,Vta,isro_1km,0,20.0
truth,veh_yawrate,45.2,1001.5,238.43,239.93,152.63,23.81,5.275,,False,Vta/Vta14,Vta,isro_1km,0,20.0
hold,truth,45.2,1001.5,102.12,102.12,63.43,10.2,2.259,2.277,False,Vta/Vta14,Vta,isro_1km,0,20.0
obd,veh_yawrate,45.2,1001.5,238.93,240.44,152.98,23.86,5.286,0.106,False,Vta/Vta14,Vta,isro_1km,0,20.0
wheel_speed,veh_yawrate,45.2,1001.5,238.37,239.87,152.62,23.8,5.274,0.081,False,Vta/Vta14,Vta,isro_1km,0,20.0
obd,gps_hold,45.2,1001.5,145.92,145.92,88.63,14.57,3.228,0.106,False,Vta/Vta14,Vta,isro_1km,0,20.0
hold,imu_aligned,45.2,1001.5,169.13,169.13,103.27,16.89,3.742,2.277,False,Vta/Vta14,Vta,isro_1km,0,20.0
imu_integrate,imu_aligned,45.2,1001.5,446.53,446.53,206.3,44.59,9.879,9.013,False,Vta/Vta14,Vta,isro_1km,0,20.0
truth,truth,30.0,680.3,0.89,1.12,0.69,0.13,0.03,,True,Vta/Vta14,Vta,tunnels,0,20.0
truth,veh_yawrate,30.0,680.3,197.17,197.17,92.36,28.98,6.572,,False,Vta/Vta14,Vta,tunnels,0,20.0
hold,truth,30.0,680.3,83.43,83.43,44.5,12.26,2.781,2.793,False,Vta/Vta14,Vta,tunnels,0,20.0
obd,veh_yawrate,30.0,680.3,197.59,197.59,92.63,29.04,6.586,0.115,False,Vta/Vta14,Vta,tunnels,0,20.0
wheel_speed,veh_yawrate,30.0,680.3,197.12,197.12,92.4,28.97,6.571,0.096,False,Vta/Vta14,Vta,tunnels,0,20.0
obd,gps_hold,30.0,680.3,111.73,111.73,52.0,16.42,3.724,0.115,False,Vta/Vta14,Vta,tunnels,0,20.0
hold,imu_aligned,30.0,680.3,131.56,131.56,64.76,19.34,4.385,2.793,False,Vta/Vta14,Vta,tunnels,0,20.0
imu_integrate,imu_aligned,30.0,680.3,205.62,205.62,93.92,30.22,6.854,5.361,False,Vta/Vta14,Vta,tunnels,0,20.0
truth,truth,30.0,490.5,1.03,1.03,0.63,0.21,0.034,,True,Vta/Vta14,Vta,tunnels,1,155.0
truth,veh_yawrate,30.0,490.5,9.3,9.3,2.97,1.9,0.31,,True,Vta/Vta14,Vta,tunnels,1,155.0
hold,truth,30.0,490.5,63.96,63.96,38.96,13.04,2.132,2.163,False,Vta/Vta14,Vta,tunnels,1,155.0
obd,veh_yawrate,30.0,490.5,8.84,8.84,3.39,1.8,0.295,0.125,True,Vta/Vta14,Vta,tunnels,1,155.0
wheel_speed,veh_yawrate,30.0,490.5,8.92,8.92,2.94,1.82,0.297,0.069,True,Vta/Vta14,Vta,tunnels,1,155.0
obd,gps_hold,30.0,490.5,142.66,142.66,59.0,29.08,4.755,0.125,False,Vta/Vta14,Vta,tunnels,1,155.0
hold,imu_aligned,30.0,490.5,168.45,168.45,75.22,34.34,5.615,2.163,False,Vta/Vta14,Vta,tunnels,1,155.0
imu_integrate,imu_aligned,30.0,490.5,155.17,155.17,69.74,31.63,5.172,1.522,False,Vta/Vta14,Vta,tunnels,1,155.0
truth,truth,60.0,1355.3,1.92,1.94,1.04,0.14,0.032,,True,Vta/Vta14,Vta,every_2min,0,20.0
truth,veh_yawrate,60.0,1355.3,350.82,350.82,188.61,25.89,5.847,,False,Vta/Vta14,Vta,every_2min,0,20.0
hold,truth,60.0,1355.3,160.95,160.95,85.46,11.88,2.682,2.705,False,Vta/Vta14,Vta,every_2min,0,20.0
obd,veh_yawrate,60.0,1355.3,351.52,351.52,189.03,25.94,5.859,0.103,False,Vta/Vta14,Vta,every_2min,0,20.0
wheel_speed,veh_yawrate,60.0,1355.3,350.68,350.68,188.58,25.88,5.845,0.078,False,Vta/Vta14,Vta,every_2min,0,20.0
obd,gps_hold,60.0,1355.3,224.22,224.22,115.12,16.54,3.737,0.103,False,Vta/Vta14,Vta,every_2min,0,20.0
hold,imu_aligned,60.0,1355.3,259.62,259.62,135.88,19.16,4.327,2.705,False,Vta/Vta14,Vta,every_2min,0,20.0
imu_integrate,imu_aligned,60.0,1355.3,777.14,777.14,346.14,57.34,12.952,11.966,False,Vta/Vta14,Vta,every_2min,0,20.0
truth,truth,60.0,1012.1,0.13,0.61,0.3,0.01,0.002,,True,Vta/Vta14,Vta,every_2min,1,200.0
truth,veh_yawrate,60.0,1012.1,5.0,5.0,2.0,0.49,0.083,,True,Vta/Vta14,Vta,every_2min,1,200.0
hold,truth,60.0,1012.1,18.8,36.18,22.32,1.86,0.313,1.052,True,Vta/Vta14,Vta,every_2min,1,200.0
obd,veh_yawrate,60.0,1012.1,6.92,6.92,3.16,0.68,0.115,0.09,True,Vta/Vta14,Vta,every_2min,1,200.0
wheel_speed,veh_yawrate,60.0,1012.1,4.89,4.89,2.04,0.48,0.082,0.045,True,Vta/Vta14,Vta,every_2min,1,200.0
obd,gps_hold,60.0,1012.1,157.68,157.68,73.36,15.58,2.628,0.09,False,Vta/Vta14,Vta,every_2min,1,200.0
hold,imu_aligned,60.0,1012.1,160.28,160.28,78.12,15.84,2.671,1.052,False,Vta/Vta14,Vta,every_2min,1,200.0
imu_integrate,imu_aligned,60.0,1012.1,203.94,203.94,90.13,20.15,3.399,2.71,False,Vta/Vta14,Vta,every_2min,1,200.0
truth,truth,60.0,1200.7,2.03,2.38,1.6,0.17,0.034,,True,Vta/Vta15,Vta,isro_60s,0,20.0
truth,veh_yawrate,60.0,1200.7,469.0,469.0,206.71,39.06,7.817,,False,Vta/Vta15,Vta,isro_60s,0,20.0
hold,truth,60.0,1200.7,82.06,82.06,37.34,6.83,1.368,1.93,True,Vta/Vta15,Vta,isro_60s,0,20.0
obd,veh_yawrate,60.0,1200.7,468.17,468.17,206.47,38.99,7.803,0.087,False,Vta/Vta15,Vta,isro_60s,0,20.0
wheel_speed,veh_yawrate,60.0,1200.7,468.22,468.22,206.48,39.0,7.804,0.054,False,Vta/Vta15,Vta,isro_60s,0,20.0
obd,gps_hold,60.0,1200.7,316.32,316.32,120.21,26.34,5.272,0.087,False,Vta/Vta15,Vta,isro_60s,0,20.0
hold,imu_aligned,60.0,1200.7,305.67,305.67,117.82,25.46,5.094,1.93,False,Vta/Vta15,Vta,isro_60s,0,20.0
imu_integrate,imu_aligned,60.0,1200.7,378.14,378.14,143.91,31.49,6.302,2.426,False,Vta/Vta15,Vta,isro_60s,0,20.0
truth,truth,50.4,1001.6,2.33,2.38,1.45,0.23,0.046,,True,Vta/Vta15,Vta,isro_1km,0,20.0
truth,veh_yawrate,50.4,1001.6,330.12,330.12,142.27,32.96,6.55,,False,Vta/Vta15,Vta,isro_1km,0,20.0
hold,truth,50.4,1001.6,62.21,62.21,25.22,6.21,1.234,1.9,True,Vta/Vta15,Vta,isro_1km,0,20.0
obd,veh_yawrate,50.4,1001.6,329.64,329.64,142.19,32.91,6.54,0.085,False,Vta/Vta15,Vta,isro_1km,0,20.0
wheel_speed,veh_yawrate,50.4,1001.6,329.72,329.72,142.17,32.92,6.542,0.052,False,Vta/Vta15,Vta,isro_1km,0,20.0
obd,gps_hold,50.4,1001.6,195.8,195.8,66.94,19.55,3.885,0.085,False,Vta/Vta15,Vta,isro_1km,0,20.0
hold,imu_aligned,50.4,1001.6,191.92,191.92,67.32,19.16,3.808,1.9,False,Vta/Vta15,Vta,isro_1km,0,20.0
imu_integrate,imu_aligned,50.4,1001.6,228.09,228.09,83.92,22.77,4.526,1.674,False,Vta/Vta15,Vta,isro_1km,0,20.0
truth,truth,30.0,565.9,1.54,1.55,0.88,0.27,0.051,,True,Vta/Vta15,Vta,tunnels,0,20.0
truth,veh_yawrate,30.0,565.9,103.81,103.81,43.69,18.35,3.46,,False,Vta/Vta15,Vta,tunnels,0,20.0
hold,truth,30.0,565.9,7.3,16.82,11.04,1.29,0.243,1.342,True,Vta/Vta15,Vta,tunnels,0,20.0
obd,veh_yawrate,30.0,565.9,103.83,103.83,43.76,18.35,3.461,0.091,False,Vta/Vta15,Vta,tunnels,0,20.0
wheel_speed,veh_yawrate,30.0,565.9,103.75,103.75,43.7,18.33,3.458,0.054,False,Vta/Vta15,Vta,tunnels,0,20.0
obd,gps_hold,30.0,565.9,23.2,23.2,6.0,4.1,0.773,0.091,True,Vta/Vta15,Vta,tunnels,0,20.0
hold,imu_aligned,30.0,565.9,23.3,23.3,12.39,4.12,0.777,1.342,True,Vta/Vta15,Vta,tunnels,0,20.0
imu_integrate,imu_aligned,30.0,565.9,47.72,47.72,20.72,8.43,1.591,1.336,True,Vta/Vta15,Vta,tunnels,0,20.0
truth,truth,60.0,1200.7,2.03,2.38,1.6,0.17,0.034,,True,Vta/Vta15,Vta,every_2min,0,20.0
truth,veh_yawrate,60.0,1200.7,469.0,469.0,206.71,39.06,7.817,,False,Vta/Vta15,Vta,every_2min,0,20.0
hold,truth,60.0,1200.7,82.06,82.06,37.34,6.83,1.368,1.93,True,Vta/Vta15,Vta,every_2min,0,20.0
obd,veh_yawrate,60.0,1200.7,468.17,468.17,206.47,38.99,7.803,0.087,False,Vta/Vta15,Vta,every_2min,0,20.0
wheel_speed,veh_yawrate,60.0,1200.7,468.22,468.22,206.48,39.0,7.804,0.054,False,Vta/Vta15,Vta,every_2min,0,20.0
obd,gps_hold,60.0,1200.7,316.32,316.32,120.21,26.34,5.272,0.087,False,Vta/Vta15,Vta,every_2min,0,20.0
hold,imu_aligned,60.0,1200.7,305.67,305.67,117.82,25.46,5.094,1.93,False,Vta/Vta15,Vta,every_2min,0,20.0
imu_integrate,imu_aligned,60.0,1200.7,378.14,378.14,143.91,31.49,6.302,2.426,False,Vta/Vta15,Vta,every_2min,0,20.0
truth,truth,60.0,1408.1,3.08,3.2,1.86,0.22,0.051,,True,Vta/Vta16,Vta,isro_60s,0,20.0
truth,veh_yawrate,60.0,1408.1,132.0,132.0,76.99,9.37,2.2,,True,Vta/Vta16,Vta,isro_60s,0,20.0
hold,truth,60.0,1408.1,45.63,45.63,14.46,3.24,0.76,1.004,True,Vta/Vta16,Vta,isro_60s,0,20.0
obd,veh_yawrate,60.0,1408.1,132.34,132.34,77.14,9.4,2.206,0.139,True,Vta/Vta16,Vta,isro_60s,0,20.0
wheel_speed,veh_yawrate,60.0,1408.1,132.3,132.3,77.22,9.4,2.205,0.109,True,Vta/Vta16,Vta,isro_60s,0,20.0
obd,gps_hold,60.0,1408.1,585.23,585.23,288.52,41.56,9.754,0.139,False,Vta/Vta16,Vta,isro_60s,0,20.0
hold,imu_aligned,60.0,1408.1,574.56,574.56,285.65,40.8,9.576,1.004,False,Vta/Vta16,Vta,isro_60s,0,20.0
imu_integrate,imu_aligned,60.0,1408.1,618.75,618.75,314.87,43.94,10.312,2.137,False,Vta/Vta16,Vta,isro_60s,0,20.0
truth,truth,43.8,1000.4,2.49,2.49,1.22,0.25,0.057,,True,Vta/Vta16,Vta,isro_1km,0,20.0
truth,veh_yawrate,43.8,1000.4,103.29,103.29,54.03,10.32,2.358,,False,Vta/Vta16,Vta,isro_1km,0,20.0
hold,truth,43.8,1000.4,6.43,6.43,3.92,0.64,0.147,0.471,True,Vta/Vta16,Vta,isro_1km,0,20.0
obd,veh_yawrate,43.8,1000.4,103.5,103.5,54.07,10.35,2.363,0.145,False,Vta/Vta16,Vta,isro_1km,0,20.0
wheel_speed,veh_yawrate,43.8,1000.4,103.62,103.62,54.19,10.36,2.366,0.12,False,Vta/Vta16,Vta,isro_1km,0,20.0
obd,gps_hold,43.8,1000.4,363.07,363.07,175.41,36.29,8.289,0.145,False,Vta/Vta16,Vta,isro_1km,0,20.0
hold,imu_aligned,43.8,1000.4,360.97,360.97,175.27,36.08,8.241,0.471,False,Vta/Vta16,Vta,isro_1km,0,20.0
imu_integrate,imu_aligned,43.8,1000.4,400.14,400.14,197.46,40.0,9.136,2.458,False,Vta/Vta16,Vta,isro_1km,0,20.0
truth,truth,30.0,676.5,1.27,1.27,0.78,0.19,0.042,,True,Vta/Vta16,Vta,tunnels,0,20.0
truth,veh_yawrate,30.0,676.5,64.0,64.0,29.17,9.46,2.133,,True,Vta/Vta16,Vta,tunnels,0,20.0
hold,truth,30.0,676.5,5.19,5.88,3.7,0.77,0.173,0.324,True,Vta/Vta16,Vta,tunnels,0,20.0
obd,veh_yawrate,30.0,676.5,63.92,63.92,29.15,9.45,2.131,0.118,True,Vta/Vta16,Vta,tunnels,0,20.0
wheel_speed,veh_yawrate,30.0,676.5,64.13,64.13,29.25,9.48,2.138,0.095,True,Vta/Vta16,Vta,tunnels,0,20.0
obd,gps_hold,30.0,676.5,197.33,197.33,89.19,29.17,6.578,0.118,False,Vta/Vta16,Vta,tunnels,0,20.0
hold,imu_aligned,30.0,676.5,197.84,197.84,89.57,29.24,6.595,0.324,False,Vta/Vta16,Vta,tunnels,0,20.0
imu_integrate,imu_aligned,30.0,676.5,226.35,226.35,103.56,33.46,7.545,2.659,False,Vta/Vta16,Vta,tunnels,0,20.0
truth,truth,30.0,267.4,1.11,1.36,0.95,0.41,0.037,,True,Vta/Vta16,Vta,tunnels,1,155.0
truth,veh_yawrate,30.0,267.4,11.96,15.65,10.74,4.47,0.399,,True,Vta/Vta16,Vta,tunnels,1,155.0
hold,truth,30.0,267.4,190.44,190.44,101.17,71.22,6.348,6.987,False,Vta/Vta16,Vta,tunnels,1,155.0
obd,veh_yawrate,30.0,267.4,12.83,15.63,10.85,4.8,0.428,0.084,True,Vta/Vta16,Vta,tunnels,1,155.0
wheel_speed,veh_yawrate,30.0,267.4,11.38,15.13,10.18,4.25,0.379,0.063,True,Vta/Vta16,Vta,tunnels,1,155.0
obd,gps_hold,30.0,267.4,18.35,32.18,20.93,6.86,0.612,0.084,True,Vta/Vta16,Vta,tunnels,1,155.0
hold,imu_aligned,30.0,267.4,224.6,224.6,122.83,84.0,7.487,6.987,False,Vta/Vta16,Vta,tunnels,1,155.0
imu_integrate,imu_aligned,30.0,267.4,193.57,193.57,100.09,72.4,6.452,6.055,False,Vta/Vta16,Vta,tunnels,1,155.0
truth,truth,30.0,245.1,0.87,0.96,0.65,0.36,0.029,,True,Vta/Vta16,Vta,tunnels,2,335.0
truth,veh_yawrate,30.0,245.1,27.66,27.66,10.51,11.28,0.922,,False,Vta/Vta16,Vta,tunnels,2,335.0
hold,truth,30.0,245.1,197.23,197.23,118.24,80.45,6.574,6.698,False,Vta/Vta16,Vta,tunnels,2,335.0
obd,veh_yawrate,30.0,245.1,27.94,27.94,10.56,11.4,0.931,0.067,False,Vta/Vta16,Vta,tunnels,2,335.0
wheel_speed,veh_yawrate,30.0,245.1,27.73,27.73,10.52,11.31,0.924,0.064,False,Vta/Vta16,Vta,tunnels,2,335.0
obd,gps_hold,30.0,245.1,49.99,49.99,20.28,20.39,1.666,0.067,False,Vta/Vta16,Vta,tunnels,2,335.0
hold,imu_aligned,30.0,245.1,197.47,197.47,118.46,80.55,6.582,6.698,False,Vta/Vta16,Vta,tunnels,2,335.0
imu_integrate,imu_aligned,30.0,245.1,186.76,186.76,109.21,76.18,6.225,6.331,False,Vta/Vta16,Vta,tunnels,2,335.0
truth,truth,30.0,149.2,1.77,1.77,1.23,1.19,0.059,,True,Vta/Vta16,Vta,tunnels,3,470.0
truth,veh_yawrate,30.0,149.2,25.27,25.27,11.11,16.93,0.842,,False,Vta/Vta16,Vta,tunnels,3,470.0
hold,truth,30.0,149.2,7.41,8.06,3.76,4.97,0.247,1.896,True,Vta/Vta16,Vta,tunnels,3,470.0
obd,veh_yawrate,30.0,149.2,24.83,24.83,11.07,16.64,0.828,0.088,False,Vta/Vta16,Vta,tunnels,3,470.0
wheel_speed,veh_yawrate,30.0,149.2,25.12,25.12,11.13,16.83,0.837,0.077,False,Vta/Vta16,Vta,tunnels,3,470.0
obd,gps_hold,30.0,149.2,165.46,165.46,69.95,110.86,5.515,0.088,False,Vta/Vta16,Vta,tunnels,3,470.0
hold,imu_aligned,30.0,149.2,182.31,182.31,84.5,122.16,6.077,1.896,False,Vta/Vta16,Vta,tunnels,3,470.0
imu_integrate,imu_aligned,30.0,149.2,233.28,233.28,110.67,156.31,7.776,2.835,False,Vta/Vta16,Vta,tunnels,3,470.0
truth,truth,30.0,468.4,0.7,0.72,0.45,0.15,0.023,,True,Vta/Vta16,Vta,tunnels,4,605.0
truth,veh_yawrate,30.0,468.4,17.68,17.68,9.18,3.77,0.589,,True,Vta/Vta16,Vta,tunnels,4,605.0
hold,truth,30.0,468.4,28.26,28.26,15.04,6.03,0.942,0.956,True,Vta/Vta16,Vta,tunnels,4,605.0
obd,veh_yawrate,30.0,468.4,17.65,17.65,9.21,3.77,0.588,0.095,True,Vta/Vta16,Vta,tunnels,4,605.0
wheel_speed,veh_yawrate,30.0,468.4,17.77,17.77,9.22,3.79,0.592,0.094,True,Vta/Vta16,Vta,tunnels,4,605.0
obd,gps_hold,30.0,468.4,19.58,19.58,9.02,4.18,0.653,0.095,True,Vta/Vta16,Vta,tunnels,4,605.0
hold,imu_aligned,30.0,468.4,30.13,30.13,15.82,6.43,1.004,0.956,True,Vta/Vta16,Vta,tunnels,4,605.0
imu_integrate,imu_aligned,30.0,468.4,18.97,18.97,13.45,4.05,0.632,1.146,True,Vta/Vta16,Vta,tunnels,4,605.0
truth,truth,30.0,424.0,2.07,2.1,1.32,0.49,0.069,,True,Vta/Vta16,Vta,tunnels,5,740.0
truth,veh_yawrate,30.0,424.0,10.78,10.78,5.25,2.54,0.359,,True,Vta/Vta16,Vta,tunnels,5,740.0
hold,truth,30.0,424.0,33.86,33.86,14.94,7.99,1.129,1.16,True,Vta/Vta16,Vta,tunnels,5,740.0
obd,veh_yawrate,30.0,424.0,10.56,10.56,5.07,2.49,0.352,0.159,True,Vta/Vta16,Vta,tunnels,5,740.0
wheel_speed,veh_yawrate,30.0,424.0,10.88,10.88,5.36,2.57,0.363,0.154,True,Vta/Vta16,Vta,tunnels,5,740.0
obd,gps_hold,30.0,424.0,12.54,23.51,13.77,2.96,0.418,0.159,True,Vta/Vta16,Vta,tunnels,5,740.0
hold,imu_aligned,30.0,424.0,27.36,27.36,15.78,6.45,0.912,1.16,True,Vta/Vta16,Vta,tunnels,5,740.0
imu_integrate,imu_aligned,30.0,424.0,193.95,193.95,92.49,45.75,6.465,6.731,False,Vta/Vta16,Vta,tunnels,5,740.0
truth,truth,30.0,388.6,2.06,2.06,1.35,0.53,0.069,,True,Vta/Vta16,Vta,tunnels,6,875.0
truth,veh_yawrate,30.0,388.6,90.92,90.92,37.97,23.39,3.031,,False,Vta/Vta16,Vta,tunnels,6,875.0
hold,truth,30.0,388.6,86.95,86.95,46.01,22.37,2.898,4.018,False,Vta/Vta16,Vta,tunnels,6,875.0
obd,veh_yawrate,30.0,388.6,91.91,91.91,38.56,23.65,3.064,0.103,False,Vta/Vta16,Vta,tunnels,6,875.0
wheel_speed,veh_yawrate,30.0,388.6,89.71,89.71,37.25,23.08,2.99,0.095,False,Vta/Vta16,Vta,tunnels,6,875.0
obd,gps_hold,30.0,388.6,234.22,234.22,93.85,60.27,7.807,0.103,False,Vta/Vta16,Vta,tunnels,6,875.0
hold,imu_aligned,30.0,388.6,305.81,305.81,132.48,78.69,10.194,4.018,False,Vta/Vta16,Vta,tunnels,6,875.0
imu_integrate,imu_aligned,30.0,388.6,410.47,410.47,188.04,105.62,13.682,7.752,False,Vta/Vta16,Vta,tunnels,6,875.0
truth,truth,30.0,231.2,0.54,0.62,0.4,0.23,0.018,,True,Vta/Vta16,Vta,tunnels,7,1010.0
truth,veh_yawrate,30.0,231.2,6.49,6.49,3.7,2.81,0.216,,True,Vta/Vta16,Vta,tunnels,7,1010.0
hold,truth,30.0,231.2,70.35,85.23,60.67,30.42,2.345,3.574,False,Vta/Vta16,Vta,tunnels,7,1010.0
obd,veh_yawrate,30.0,231.2,5.69,5.69,3.31,2.46,0.19,0.073,True,Vta/Vta16,Vta,tunnels,7,1010.0
wheel_speed,veh_yawrate,30.0,231.2,6.64,6.64,3.89,2.87,0.221,0.061,True,Vta/Vta16,Vta,tunnels,7,1010.0
obd,gps_hold,30.0,231.2,11.32,13.69,7.64,4.9,0.377,0.073,True,Vta/Vta16,Vta,tunnels,7,1010.0
hold,imu_aligned,30.0,231.2,83.82,98.6,69.27,36.25,2.794,3.574,False,Vta/Vta16,Vta,tunnels,7,1010.0
imu_integrate,imu_aligned,30.0,231.2,119.92,119.92,62.34,51.86,3.997,3.985,False,Vta/Vta16,Vta,tunnels,7,1010.0
truth,truth,60.0,1408.1,3.08,3.2,1.86,0.22,0.051,,True,Vta/Vta16,Vta,every_2min,0,20.0
truth,veh_yawrate,60.0,1408.1,132.0,132.0,76.99,9.37,2.2,,True,Vta/Vta16,Vta,every_2min,0,20.0
hold,truth,60.0,1408.1,45.63,45.63,14.46,3.24,0.76,1.004,True,Vta/Vta16,Vta,every_2min,0,20.0
obd,veh_yawrate,60.0,1408.1,132.34,132.34,77.14,9.4,2.206,0.139,True,Vta/Vta16,Vta,every_2min,0,20.0
wheel_speed,veh_yawrate,60.0,1408.1,132.3,132.3,77.22,9.4,2.205,0.109,True,Vta/Vta16,Vta,every_2min,0,20.0
obd,gps_hold,60.0,1408.1,585.23,585.23,288.52,41.56,9.754,0.139,False,Vta/Vta16,Vta,every_2min,0,20.0
hold,imu_aligned,60.0,1408.1,574.56,574.56,285.65,40.8,9.576,1.004,False,Vta/Vta16,Vta,every_2min,0,20.0
imu_integrate,imu_aligned,60.0,1408.1,618.75,618.75,314.87,43.94,10.312,2.137,False,Vta/Vta16,Vta,every_2min,0,20.0
truth,truth,60.0,582.0,0.74,0.82,0.44,0.13,0.012,,True,Vta/Vta16,Vta,every_2min,1,200.0
truth,veh_yawrate,60.0,582.0,6.78,6.78,3.39,1.16,0.113,,True,Vta/Vta16,Vta,every_2min,1,200.0
hold,truth,60.0,582.0,162.04,169.35,101.86,27.84,2.701,3.026,False,Vta/Vta16,Vta,every_2min,1,200.0
obd,veh_yawrate,60.0,582.0,6.93,6.93,3.56,1.19,0.115,0.062,True,Vta/Vta16,Vta,every_2min,1,200.0
wheel_speed,veh_yawrate,60.0,582.0,6.53,6.53,3.3,1.12,0.109,0.045,True,Vta/Vta16,Vta,every_2min,1,200.0
obd,gps_hold,60.0,582.0,187.19,187.19,84.39,32.17,3.12,0.062,False,Vta/Vta16,Vta,every_2min,1,200.0
hold,imu_aligned,60.0,582.0,216.41,216.41,119.69,37.19,3.607,3.026,False,Vta/Vta16,Vta,every_2min,1,200.0
imu_integrate,imu_aligned,60.0,582.0,267.97,267.97,111.94,46.05,4.466,3.878,False,Vta/Vta16,Vta,every_2min,1,200.0
truth,truth,60.0,356.8,4.08,4.08,2.69,1.14,0.068,,True,Vta/Vta16,Vta,every_2min,2,440.0
truth,veh_yawrate,60.0,356.8,138.0,138.0,91.37,38.68,2.3,,False,Vta/Vta16,Vta,every_2min,2,440.0
hold,truth,60.0,356.8,32.94,36.61,22.29,9.23,0.549,1.784,True,Vta/Vta16,Vta,every_2min,2,440.0
obd,veh_yawrate,60.0,356.8,137.03,137.03,91.29,38.41,2.284,0.137,False,Vta/Vta16,Vta,every_2min,2,440.0
wheel_speed,veh_yawrate,60.0,356.8,137.62,137.62,91.5,38.57,2.294,0.128,False,Vta/Vta16,Vta,every_2min,2,440.0
obd,gps_hold,60.0,356.8,177.15,191.42,145.0,49.65,2.952,0.137,False,Vta/Vta16,Vta,every_2min,2,440.0
hold,imu_aligned,60.0,356.8,216.32,222.06,158.68,60.63,3.605,1.784,False,Vta/Vta16,Vta,every_2min,2,440.0
imu_integrate,imu_aligned,60.0,356.8,366.49,366.49,213.07,102.72,6.108,3.955,False,Vta/Vta16,Vta,every_2min,2,440.0
truth,truth,60.0,938.4,2.29,2.29,0.87,0.24,0.038,,True,Vta/Vta16,Vta,every_2min,3,620.0
truth,veh_yawrate,60.0,938.4,10.14,10.14,4.37,1.08,0.169,,True,Vta/Vta16,Vta,every_2min,3,620.0
hold,truth,60.0,938.4,49.36,50.65,36.79,5.26,0.823,0.938,True,Vta/Vta16,Vta,every_2min,3,620.0
obd,veh_yawrate,60.0,938.4,6.02,6.02,3.06,0.64,0.1,0.124,True,Vta/Vta16,Vta,every_2min,3,620.0
wheel_speed,veh_yawrate,60.0,938.4,11.76,11.76,5.31,1.25,0.196,0.098,True,Vta/Vta16,Vta,every_2min,3,620.0
obd,gps_hold,60.0,938.4,271.73,292.61,175.16,28.96,4.529,0.124,False,Vta/Vta16,Vta,every_2min,3,620.0
hold,imu_aligned,60.0,938.4,258.36,280.77,167.2,27.53,4.306,0.938,False,Vta/Vta16,Vta,every_2min,3,620.0
imu_integrate,imu_aligned,60.0,938.4,267.18,284.82,175.87,28.47,4.453,2.706,False,Vta/Vta16,Vta,every_2min,3,620.0
truth,truth,60.0,559.0,1.52,1.52,0.73,0.27,0.025,,True,Vta/Vta16,Vta,every_2min,4,800.0
truth,veh_yawrate,60.0,559.0,24.14,24.23,18.47,4.32,0.402,,True,Vta/Vta16,Vta,every_2min,4,800.0
hold,truth,60.0,559.0,442.02,442.02,181.13,79.08,7.367,7.471,False,Vta/Vta16,Vta,every_2min,4,800.0
obd,veh_yawrate,60.0,559.0,24.59,24.62,18.93,4.4,0.41,0.153,True,Vta/Vta16,Vta,every_2min,4,800.0
wheel_speed,veh_yawrate,60.0,559.0,23.98,24.03,18.36,4.29,0.4,0.137,True,Vta/Vta16,Vta,every_2min,4,800.0
obd,gps_hold,60.0,559.0,17.55,17.55,9.37,3.14,0.293,0.153,True,Vta/Vta16,Vta,every_2min,4,800.0
hold,imu_aligned,60.0,559.0,445.46,445.46,182.61,79.69,7.424,7.471,False,Vta/Vta16,Vta,every_2min,4,800.0
imu_integrate,imu_aligned,60.0,559.0,453.53,453.53,175.35,81.14,7.559,7.706,False,Vta/Vta16,Vta,every_2min,4,800.0
truth,truth,60.0,717.7,2.36,2.41,1.71,0.33,0.039,,True,Vta/Vta16,Vta,every_2min,5,980.0
truth,veh_yawrate,60.0,717.7,68.54,68.54,28.74,9.55,1.142,,True,Vta/Vta16,Vta,every_2min,5,980.0
hold,truth,60.0,717.7,301.48,301.48,144.64,42.01,5.025,5.77,False,Vta/Vta16,Vta,every_2min,5,980.0
obd,veh_yawrate,60.0,717.7,68.27,68.27,28.34,9.51,1.138,0.108,True,Vta/Vta16,Vta,every_2min,5,980.0
wheel_speed,veh_yawrate,60.0,717.7,70.58,70.58,29.89,9.84,1.176,0.093,True,Vta/Vta16,Vta,every_2min,5,980.0
obd,gps_hold,60.0,717.7,427.98,427.98,188.99,59.64,7.133,0.108,False,Vta/Vta16,Vta,every_2min,5,980.0
hold,imu_aligned,60.0,717.7,668.99,668.99,300.24,93.22,11.15,5.77,False,Vta/Vta16,Vta,every_2min,5,980.0
imu_integrate,imu_aligned,60.0,717.7,384.14,384.14,165.3,53.53,6.402,2.036,False,Vta/Vta16,Vta,every_2min,5,980.0
truth,truth,60.0,603.4,1.56,1.56,1.07,0.26,0.026,,True,Vta/Vta17,Vta,isro_60s,0,20.0
truth,veh_yawrate,60.0,603.4,206.93,206.93,83.45,34.29,3.449,,False,Vta/Vta17,Vta,isro_60s,0,20.0
hold,truth,60.0,603.4,90.15,90.15,59.71,14.94,1.503,2.427,False,Vta/Vta17,Vta,isro_60s,0,20.0
obd,veh_yawrate,60.0,603.4,208.97,208.97,84.58,34.63,3.483,0.108,False,Vta/Vta17,Vta,isro_60s,0,20.0
wheel_speed,veh_yawrate,60.0,603.4,204.87,204.87,82.54,33.95,3.415,0.079,False,Vta/Vta17,Vta,isro_60s,0,20.0
obd,gps_hold,60.0,603.4,301.86,301.86,115.97,50.02,5.031,0.108,False,Vta/Vta17,Vta,isro_60s,0,20.0
hold,imu_aligned,60.0,603.4,375.13,375.13,162.13,62.17,6.252,2.427,False,Vta/Vta17,Vta,isro_60s,0,20.0
imu_integrate,imu_aligned,60.0,603.4,358.24,358.24,194.37,59.37,5.971,7.286,False,Vta/Vta17,Vta,isro_60s,0,20.0
truth,truth,105.0,1000.7,1.8,1.8,1.23,0.18,0.017,,True,Vta/Vta17,Vta,isro_1km,0,20.0
truth,veh_yawrate,105.0,1000.7,558.1,558.1,238.46,55.77,5.315,,False,Vta/Vta17,Vta,isro_1km,0,20.0
hold,truth,105.0,1000.7,208.82,221.63,135.93,20.87,1.989,3.024,False,Vta/Vta17,Vta,isro_1km,0,20.0
obd,veh_yawrate,105.0,1000.7,560.56,560.56,240.09,56.02,5.339,0.097,False,Vta/Vta17,Vta,isro_1km,0,20.0
wheel_speed,veh_yawrate,105.0,1000.7,555.06,555.06,236.81,55.47,5.286,0.076,False,Vta/Vta17,Vta,isro_1km,0,20.0
obd,gps_hold,105.0,1000.7,621.95,621.95,303.26,62.15,5.923,0.097,False,Vta/Vta17,Vta,isro_1km,0,20.0
hold,imu_aligned,105.0,1000.7,775.11,775.11,411.76,77.46,7.382,3.024,False,Vta/Vta17,Vta,isro_1km,0,20.0
imu_integrate,imu_aligned,105.0,1000.7,601.03,601.03,327.69,60.06,5.724,5.643,False,Vta/Vta17,Vta,isro_1km,0,20.0
truth,truth,30.0,303.8,0.86,1.0,0.68,0.28,0.029,,True,Vta/Vta17,Vta,tunnels,0,20.0
truth,veh_yawrate,30.0,303.8,31.92,31.92,10.69,10.51,1.064,,False,Vta/Vta17,Vta,tunnels,0,20.0
hold,truth,30.0,303.8,50.55,50.55,28.98,16.64,1.685,2.799,False,Vta/Vta17,Vta,tunnels,0,20.0
obd,veh_yawrate,30.0,303.8,32.77,32.77,11.1,10.79,1.092,0.123,False,Vta/Vta17,Vta,tunnels,0,20.0
wheel_speed,veh_yawrate,30.0,303.8,31.48,31.48,10.51,10.36,1.049,0.065,False,Vta/Vta17,Vta,tunnels,0,20.0
obd,gps_hold,30.0,303.8,21.33,43.25,28.1,7.02,0.711,0.123,True,Vta/Vta17,Vta,tunnels,0,20.0
hold,imu_aligned,30.0,303.8,69.27,69.27,44.33,22.8,2.309,2.799,False,Vta/Vta17,Vta,tunnels,0,20.0
imu_integrate,imu_aligned,30.0,303.8,172.32,172.32,85.84,56.71,5.744,6.208,False,Vta/Vta17,Vta,tunnels,0,20.0
truth,truth,30.0,247.2,0.98,1.02,0.63,0.4,0.033,,True,Vta/Vta17,Vta,tunnels,1,155.0
truth,veh_yawrate,30.0,247.2,19.14,19.14,11.5,7.74,0.638,,True,Vta/Vta17,Vta,tunnels,1,155.0
hold,truth,30.0,247.2,106.64,106.64,38.17,43.13,3.555,3.753,False,Vta/Vta17,Vta,tunnels,1,155.0
obd,veh_yawrate,30.0,247.2,18.83,18.83,11.34,7.62,0.628,0.104,True,Vta/Vta17,Vta,tunnels,1,155.0
wheel_speed,veh_yawrate,30.0,247.2,19.3,19.3,11.63,7.81,0.643,0.084,True,Vta/Vta17,Vta,tunnels,1,155.0
obd,gps_hold,30.0,247.2,107.1,107.1,58.26,43.32,3.57,0.104,False,Vta/Vta17,Vta,tunnels,1,155.0
hold,imu_aligned,30.0,247.2,187.02,187.02,83.36,75.64,6.234,3.753,False,Vta/Vta17,Vta,tunnels,1,155.0
imu_integrate,imu_aligned,30.0,247.2,97.73,97.73,57.18,39.53,3.258,2.757,False,Vta/Vta17,Vta,tunnels,1,155.0
truth,truth,30.0,248.3,0.9,0.9,0.46,0.36,0.03,,True,Vta/Vta17,Vta,tunnels,2,290.0
truth,veh_yawrate,30.0,248.3,23.32,23.39,14.36,9.39,0.777,,True,Vta/Vta17,Vta,tunnels,2,290.0
hold,truth,30.0,248.3,33.44,33.44,12.71,13.47,1.115,3.29,False,Vta/Vta17,Vta,tunnels,2,290.0
obd,veh_yawrate,30.0,248.3,24.04,24.1,14.89,9.68,0.801,0.087,True,Vta/Vta17,Vta,tunnels,2,290.0
wheel_speed,veh_yawrate,30.0,248.3,23.3,23.38,14.36,9.38,0.777,0.058,True,Vta/Vta17,Vta,tunnels,2,290.0
obd,gps_hold,30.0,248.3,171.57,171.7,104.29,69.08,5.719,0.087,False,Vta/Vta17,Vta,tunnels,2,290.0
hold,imu_aligned,30.0,248.3,189.31,189.31,103.87,76.23,6.31,3.29,False,Vta/Vta17,Vta,tunnels,2,290.0
imu_integrate,imu_aligned,30.0,248.3,249.07,249.07,135.24,100.29,8.302,4.184,False,Vta/Vta17,Vta,tunnels,2,290.0
truth,truth,26.9,335.5,0.47,0.96,0.6,0.14,0.017,,True,Vta/Vta17,Vta,tunnels,3,425.0
truth,veh_yawrate,26.9,335.5,5.49,5.49,2.34,1.64,0.204,,True,Vta/Vta17,Vta,tunnels,3,425.0
hold,truth,26.9,335.5,52.13,52.2,23.95,15.54,1.938,1.952,False,Vta/Vta17,Vta,tunnels,3,425.0
obd,veh_yawrate,26.9,335.5,6.47,6.47,3.02,1.93,0.241,0.138,True,Vta/Vta17,Vta,tunnels,3,425.0
wheel_speed,veh_yawrate,26.9,335.5,5.6,5.6,2.27,1.67,0.208,0.073,True,Vta/Vta17,Vta,tunnels,3,425.0
obd,gps_hold,26.9,335.5,91.51,91.51,54.39,27.28,3.402,0.138,False,Vta/Vta17,Vta,tunnels,3,425.0
hold,imu_aligned,26.9,335.5,113.12,113.12,63.1,33.72,4.205,1.952,False,Vta/Vta17,Vta,tunnels,3,425.0
imu_integrate,imu_aligned,26.9,335.5,102.35,102.35,57.66,30.51,3.805,2.019,False,Vta/Vta17,Vta,tunnels,3,425.0
truth,truth,60.0,603.4,1.56,1.56,1.07,0.26,0.026,,True,Vta/Vta17,Vta,every_2min,0,20.0
truth,veh_yawrate,60.0,603.4,206.93,206.93,83.45,34.29,3.449,,False,Vta/Vta17,Vta,every_2min,0,20.0
hold,truth,60.0,603.4,90.15,90.15,59.71,14.94,1.503,2.427,False,Vta/Vta17,Vta,every_2min,0,20.0
obd,veh_yawrate,60.0,603.4,208.97,208.97,84.58,34.63,3.483,0.108,False,Vta/Vta17,Vta,every_2min,0,20.0
wheel_speed,veh_yawrate,60.0,603.4,204.87,204.87,82.54,33.95,3.415,0.079,False,Vta/Vta17,Vta,every_2min,0,20.0
obd,gps_hold,60.0,603.4,301.86,301.86,115.97,50.02,5.031,0.108,False,Vta/Vta17,Vta,every_2min,0,20.0
hold,imu_aligned,60.0,603.4,375.13,375.13,162.13,62.17,6.252,2.427,False,Vta/Vta17,Vta,every_2min,0,20.0
imu_integrate,imu_aligned,60.0,603.4,358.24,358.24,194.37,59.37,5.971,7.286,False,Vta/Vta17,Vta,every_2min,0,20.0
truth,truth,60.0,322.8,0.12,1.17,0.7,0.04,0.002,,True,Vta/Vta17,Vta,every_2min,1,200.0
truth,veh_yawrate,60.0,322.8,3.53,3.53,1.27,1.09,0.059,,True,Vta/Vta17,Vta,every_2min,1,200.0
hold,truth,60.0,322.8,126.82,140.41,104.15,39.29,2.114,2.964,False,Vta/Vta17,Vta,every_2min,1,200.0
obd,veh_yawrate,60.0,322.8,7.23,7.23,2.48,2.24,0.121,0.096,True,Vta/Vta17,Vta,every_2min,1,200.0
wheel_speed,veh_yawrate,60.0,322.8,4.65,4.65,1.33,1.44,0.078,0.07,True,Vta/Vta17,Vta,every_2min,1,200.0
obd,gps_hold,60.0,322.8,22.84,32.88,13.91,7.08,0.381,0.096,True,Vta/Vta17,Vta,every_2min,1,200.0
hold,imu_aligned,60.0,322.8,146.57,147.93,109.76,45.41,2.443,2.964,False,Vta/Vta17,Vta,every_2min,1,200.0
imu_integrate,imu_aligned,60.0,322.8,162.38,162.44,87.49,50.31,2.706,2.819,False,Vta/Vta17,Vta,every_2min,1,200.0
truth,truth,60.0,574.9,1.25,1.55,1.19,0.22,0.021,,True,Vta/Vta17,Vta,every_2min,2,380.0
truth,veh_yawrate,60.0,574.9,104.72,104.72,46.35,18.22,1.745,,False,Vta/Vta17,Vta,every_2min,2,380.0
hold,truth,60.0,574.9,194.61,194.67,170.86,33.85,3.244,4.488,False,Vta/Vta17,Vta,every_2min,2,380.0
obd,veh_yawrate,60.0,574.9,105.43,105.43,46.54,18.34,1.757,0.127,False,Vta/Vta17,Vta,every_2min,2,380.0
wheel_speed,veh_yawrate,60.0,574.9,103.82,103.82,45.61,18.06,1.73,0.073,False,Vta/Vta17,Vta,every_2min,2,380.0
obd,gps_hold,60.0,574.9,977.9,977.9,447.9,170.11,16.298,0.127,False,Vta/Vta17,Vta,every_2min,2,380.0
hold,imu_aligned,60.0,574.9,1182.54,1182.54,606.52,205.71,19.709,4.488,False,Vta/Vta17,Vta,every_2min,2,380.0
imu_integrate,imu_aligned,60.0,574.9,938.58,938.58,468.92,163.27,15.643,5.631,False,Vta/Vta17,Vta,every_2min,2,380.0
truth,truth,60.0,910.9,2.16,2.29,1.58,0.24,0.036,,True,Vta/Vta21,Vta,isro_60s,0,20.0
truth,veh_yawrate,60.0,910.9,20.0,26.5,12.78,2.2,0.333,,True,Vta/Vta21,Vta,isro_60s,0,20.0
hold,truth,60.0,910.9,85.71,85.74,42.67,9.41,1.428,1.975,True,Vta/Vta21,Vta,isro_60s,0,20.0
obd,veh_yawrate,60.0,910.9,17.66,24.7,11.64,1.94,0.294,0.147,True,Vta/Vta21,Vta,isro_60s,0,20.0
wheel_speed,veh_yawrate,60.0,910.9,24.87,30.11,15.33,2.73,0.414,0.11,True,Vta/Vta21,Vta,isro_60s,0,20.0
obd,gps_hold,60.0,910.9,479.26,479.26,221.74,52.61,7.988,0.147,False,Vta/Vta21,Vta,isro_60s,0,20.0
hold,imu_aligned,60.0,910.9,515.26,515.26,238.23,56.56,8.588,1.975,False,Vta/Vta21,Vta,isro_60s,0,20.0
imu_integrate,imu_aligned,60.0,910.9,485.61,485.61,220.98,53.31,8.094,2.83,False,Vta/Vta21,Vta,isro_60s,0,20.0
truth,truth,65.1,1000.1,2.3,2.35,1.64,0.23,0.035,,True,Vta/Vta21,Vta,isro_1km,0,20.0
truth,veh_yawrate,65.1,1000.1,12.56,26.5,13.1,1.26,0.193,,True,Vta/Vta21,Vta,isro_1km,0,20.0
hold,truth,65.1,1000.1,81.43,85.74,47.25,8.14,1.251,1.892,True,Vta/Vta21,Vta,isro_1km,0,20.0
obd,veh_yawrate,65.1,1000.1,8.43,24.7,11.8,0.84,0.13,0.15,True,Vta/Vta21,Vta,isro_1km,0,20.0
wheel_speed,veh_yawrate,65.1,1000.1,19.5,30.11,15.97,1.95,0.3,0.11,True,Vta/Vta21,Vta,isro_1km,0,20.0
obd,gps_hold,65.1,1000.1,540.06,540.06,256.28,54.0,8.296,0.15,False,Vta/Vta21,Vta,isro_1km,0,20.0
hold,imu_aligned,65.1,1000.1,572.34,572.34,274.79,57.23,8.792,1.892,False,Vta/Vta21,Vta,isro_1km,0,20.0
imu_integrate,imu_aligned,65.1,1000.1,551.2,551.2,257.18,55.12,8.467,2.814,False,Vta/Vta21,Vta,isro_1km,0,20.0
truth,truth,30.0,497.4,1.42,1.42,0.84,0.29,0.047,,True,Vta/Vta21,Vta,tunnels,0,20.0
truth,veh_yawrate,30.0,497.4,2.62,4.43,2.68,0.53,0.087,,True,Vta/Vta21,Vta,tunnels,0,20.0
hold,truth,30.0,497.4,4.41,9.85,5.2,0.89,0.147,1.155,True,Vta/Vta21,Vta,tunnels,0,20.0
obd,veh_yawrate,30.0,497.4,0.37,4.83,2.82,0.07,0.012,0.155,True,Vta/Vta21,Vta,tunnels,0,20.0
wheel_speed,veh_yawrate,30.0,497.4,6.82,6.82,4.04,1.37,0.227,0.126,True,Vta/Vta21,Vta,tunnels,0,20.0
obd,gps_hold,30.0,497.4,117.99,117.99,49.0,23.72,3.933,0.155,False,Vta/Vta21,Vta,tunnels,0,20.0
hold,imu_aligned,30.0,497.4,117.06,117.06,48.53,23.53,3.902,1.155,False,Vta/Vta21,Vta,tunnels,0,20.0
imu_integrate,imu_aligned,30.0,497.4,118.96,118.96,62.91,23.91,3.965,2.904,False,Vta/Vta21,Vta,tunnels,0,20.0
truth,truth,30.0,364.2,0.79,0.86,0.43,0.22,0.026,,True,Vta/Vta21,Vta,tunnels,1,155.0
truth,veh_yawrate,30.0,364.2,17.14,17.14,5.61,4.71,0.571,,True,Vta/Vta21,Vta,tunnels,1,155.0
hold,truth,30.0,364.2,144.05,144.05,69.26,39.56,4.802,5.153,False,Vta/Vta21,Vta,tunnels,1,155.0
obd,veh_yawrate,30.0,364.2,17.57,17.57,5.79,4.83,0.586,0.086,True,Vta/Vta21,Vta,tunnels,1,155.0
wheel_speed,veh_yawrate,30.0,364.2,16.35,16.35,5.46,4.49,0.545,0.076,True,Vta/Vta21,Vta,tunnels,1,155.0
obd,gps_hold,30.0,364.2,37.24,37.24,8.37,10.23,1.241,0.086,False,Vta/Vta21,Vta,tunnels,1,155.0
hold,imu_aligned,30.0,364.2,172.56,172.56,73.54,47.38,5.752,5.153,False,Vta/Vta21,Vta,tunnels,1,155.0
imu_integrate,imu_aligned,30.0,364.2,306.14,306.14,147.23,84.07,10.205,9.631,False,Vta/Vta21,Vta,tunnels,1,155.0
truth,truth,60.0,910.9,2.16,2.29,1.58,0.24,0.036,,True,Vta/Vta21,Vta,every_2min,0,20.0
truth,veh_yawrate,60.0,910.9,20.0,26.5,12.78,2.2,0.333,,True,Vta/Vta21,Vta,every_2min,0,20.0
hold,truth,60.0,910.9,85.71,85.74,42.67,9.41,1.428,1.975,True,Vta/Vta21,Vta,every_2min,0,20.0
obd,veh_yawrate,60.0,910.9,17.66,24.7,11.64,1.94,0.294,0.147,True,Vta/Vta21,Vta,every_2min,0,20.0
wheel_speed,veh_yawrate,60.0,910.9,24.87,30.11,15.33,2.73,0.414,0.11,True,Vta/Vta21,Vta,every_2min,0,20.0
obd,gps_hold,60.0,910.9,479.26,479.26,221.74,52.61,7.988,0.147,False,Vta/Vta21,Vta,every_2min,0,20.0
hold,imu_aligned,60.0,910.9,515.26,515.26,238.23,56.56,8.588,1.975,False,Vta/Vta21,Vta,every_2min,0,20.0
imu_integrate,imu_aligned,60.0,910.9,485.61,485.61,220.98,53.31,8.094,2.83,False,Vta/Vta21,Vta,every_2min,0,20.0
truth,truth,60.0,568.0,1.66,1.73,1.0,0.29,0.028,,True,Vta/Vta22,Vta,isro_60s,0,20.0
truth,veh_yawrate,60.0,568.0,374.1,374.1,150.68,65.86,6.235,,False,Vta/Vta22,Vta,isro_60s,0,20.0
hold,truth,60.0,568.0,80.04,80.04,46.03,14.09,1.334,2.129,False,Vta/Vta22,Vta,isro_60s,0,20.0
obd,veh_yawrate,60.0,568.0,374.12,374.12,150.23,65.86,6.235,0.119,False,Vta/Vta22,Vta,isro_60s,0,20.0
wheel_speed,veh_yawrate,60.0,568.0,373.67,373.67,150.88,65.78,6.228,0.112,False,Vta/Vta22,Vta,isro_60s,0,20.0
obd,gps_hold,60.0,568.0,447.28,447.28,170.42,78.74,7.455,0.119,False,Vta/Vta22,Vta,isro_60s,0,20.0
hold,imu_aligned,60.0,568.0,445.48,445.48,179.68,78.43,7.425,2.129,False,Vta/Vta22,Vta,isro_60s,0,20.0
imu_integrate,imu_aligned,60.0,568.0,567.86,567.86,256.35,99.97,9.464,3.548,False,Vta/Vta22,Vta,isro_60s,0,20.0
truth,truth,97.6,999.8,1.86,1.86,1.24,0.19,0.019,,True,Vta/Vta22,Vta,isro_1km,0,20.0
truth,veh_yawrate,97.6,999.8,1009.47,1009.47,441.81,100.96,10.343,,False,Vta/Vta22,Vta,isro_1km,0,20.0
hold,truth,97.6,999.8,153.73,153.73,74.2,15.38,1.575,2.182,False,Vta/Vta22,Vta,isro_1km,0,20.0
obd,veh_yawrate,97.6,999.8,1011.5,1011.5,442.37,101.17,10.364,0.122,False,Vta/Vta22,Vta,isro_1km,0,20.0
wheel_speed,veh_yawrate,97.6,999.8,1006.33,1006.33,440.76,100.65,10.311,0.127,False,Vta/Vta22,Vta,isro_1km,0,20.0
obd,gps_hold,97.6,999.8,1067.17,1067.17,492.31,106.74,10.934,0.122,False,Vta/Vta22,Vta,isro_1km,0,20.0
hold,imu_aligned,97.6,999.8,1008.13,1008.13,480.82,100.83,10.329,2.182,False,Vta/Vta22,Vta,isro_1km,0,20.0
imu_integrate,imu_aligned,97.6,999.8,1009.55,1009.55,535.95,100.97,10.344,4.493,False,Vta/Vta22,Vta,isro_1km,0,20.0
truth,truth,30.0,241.8,0.57,0.7,0.42,0.24,0.019,,True,Vta/Vta22,Vta,tunnels,0,20.0
truth,veh_yawrate,30.0,241.8,44.97,44.97,17.82,18.6,1.499,,False,Vta/Vta22,Vta,tunnels,0,20.0
hold,truth,30.0,241.8,43.85,45.4,26.32,18.13,1.462,2.651,False,Vta/Vta22,Vta,tunnels,0,20.0
obd,veh_yawrate,30.0,241.8,43.63,43.63,17.11,18.04,1.454,0.109,False,Vta/Vta22,Vta,tunnels,0,20.0
wheel_speed,veh_yawrate,30.0,241.8,46.2,46.2,18.55,19.11,1.54,0.102,False,Vta/Vta22,Vta,tunnels,0,20.0
obd,gps_hold,30.0,241.8,51.65,60.25,30.48,21.36,1.722,0.109,False,Vta/Vta22,Vta,tunnels,0,20.0
hold,imu_aligned,30.0,241.8,88.18,89.49,45.63,36.47,2.939,2.651,False,Vta/Vta22,Vta,tunnels,0,20.0
imu_integrate,imu_aligned,30.0,241.8,153.15,153.15,81.5,63.34,5.105,4.433,False,Vta/Vta22,Vta,tunnels,0,20.0
truth,truth,60.0,568.0,1.66,1.73,1.0,0.29,0.028,,True,Vta/Vta22,Vta,every_2min,0,20.0
truth,veh_yawrate,60.0,568.0,374.1,374.1,150.68,65.86,6.235,,False,Vta/Vta22,Vta,every_2min,0,20.0
hold,truth,60.0,568.0,80.04,80.04,46.03,14.09,1.334,2.129,False,Vta/Vta22,Vta,every_2min,0,20.0
obd,veh_yawrate,60.0,568.0,374.12,374.12,150.23,65.86,6.235,0.119,False,Vta/Vta22,Vta,every_2min,0,20.0
wheel_speed,veh_yawrate,60.0,568.0,373.67,373.67,150.88,65.78,6.228,0.112,False,Vta/Vta22,Vta,every_2min,0,20.0
obd,gps_hold,60.0,568.0,447.28,447.28,170.42,78.74,7.455,0.119,False,Vta/Vta22,Vta,every_2min,0,20.0
hold,imu_aligned,60.0,568.0,445.48,445.48,179.68,78.43,7.425,2.129,False,Vta/Vta22,Vta,every_2min,0,20.0
imu_integrate,imu_aligned,60.0,568.0,567.86,567.86,256.35,99.97,9.464,3.548,False,Vta/Vta22,Vta,every_2min,0,20.0
truth,truth,60.0,526.1,0.88,0.91,0.54,0.17,0.015,,True,Vta/Vta23,Vta,isro_60s,0,20.0
truth,veh_yawrate,60.0,526.1,415.39,415.39,174.71,78.96,6.923,,False,Vta/Vta23,Vta,isro_60s,0,20.0
hold,truth,60.0,526.1,131.23,131.23,90.05,24.95,2.187,3.662,False,Vta/Vta23,Vta,isro_60s,0,20.0
obd,veh_yawrate,60.0,526.1,417.23,417.23,175.66,79.31,6.954,0.129,False,Vta/Vta23,Vta,isro_60s,0,20.0
wheel_speed,veh_yawrate,60.0,526.1,414.62,414.62,174.54,78.82,6.91,0.07,False,Vta/Vta23,Vta,isro_60s,0,20.0
obd,gps_hold,60.0,526.1,196.78,196.78,84.59,37.41,3.28,0.129,False,Vta/Vta23,Vta,isro_60s,0,20.0
hold,imu_aligned,60.0,526.1,331.62,331.62,202.86,63.04,5.527,3.662,False,Vta/Vta23,Vta,isro_60s,0,20.0
imu_integrate,imu_aligned,60.0,526.1,624.67,624.67,298.18,118.74,10.411,9.035,False,Vta/Vta23,Vta,isro_60s,0,20.0
truth,truth,91.0,842.7,1.96,2.25,1.07,0.23,0.022,,True,Vta/Vta23,Vta,isro_1km,0,20.0
truth,veh_yawrate,91.0,842.7,896.16,896.16,413.91,106.35,9.848,,False,Vta/Vta23,Vta,isro_1km,0,20.0
hold,truth,91.0,842.7,185.71,185.71,116.57,22.04,2.041,3.204,False,Vta/Vta23,Vta,isro_1km,0,20.0
obd,veh_yawrate,91.0,842.7,900.32,900.32,415.75,106.84,9.894,0.129,False,Vta/Vta23,Vta,isro_1km,0,20.0
wheel_speed,veh_yawrate,91.0,842.7,894.56,894.56,413.18,106.16,9.83,0.08,False,Vta/Vta23,Vta,isro_1km,0,20.0
obd,gps_hold,91.0,842.7,460.63,460.63,201.99,54.66,5.062,0.129,False,Vta/Vta23,Vta,isro_1km,0,20.0
hold,imu_aligned,91.0,842.7,627.67,627.67,319.52,74.49,6.897,3.204,False,Vta/Vta23,Vta,isro_1km,0,20.0
imu_integrate,imu_aligned,91.0,842.7,1247.25,1247.25,600.27,148.01,13.706,10.963,False,Vta/Vta23,Vta,isro_1km,0,20.0
truth,truth,30.0,194.7,0.4,0.73,0.39,0.2,0.013,,True,Vta/Vta23,Vta,tunnels,0,20.0
truth,veh_yawrate,30.0,194.7,78.78,78.78,32.15,40.45,2.626,,False,Vta/Vta23,Vta,tunnels,0,20.0
hold,truth,30.0,194.7,91.17,91.17,52.02,46.82,3.039,5.936,False,Vta/Vta23,Vta,tunnels,0,20.0
obd,veh_yawrate,30.0,194.7,79.5,79.5,32.45,40.83,2.65,0.121,False,Vta/Vta23,Vta,tunnels,0,20.0
wheel_speed,veh_yawrate,30.0,194.7,78.71,78.71,32.12,40.42,2.624,0.058,False,Vta/Vta23,Vta,tunnels,0,20.0
obd,gps_hold,30.0,194.7,58.8,58.8,21.91,30.2,1.96,0.121,False,Vta/Vta23,Vta,tunnels,0,20.0
hold,imu_aligned,30.0,194.7,201.58,201.58,124.57,103.52,6.719,5.936,False,Vta/Vta23,Vta,tunnels,0,20.0
imu_integrate,imu_aligned,30.0,194.7,211.06,211.06,107.96,108.38,7.035,6.272,False,Vta/Vta23,Vta,tunnels,0,20.0
truth,truth,60.0,526.1,0.88,0.91,0.54,0.17,0.015,,True,Vta/Vta23,Vta,every_2min,0,20.0
truth,veh_yawrate,60.0,526.1,415.39,415.39,174.71,78.96,6.923,,False,Vta/Vta23,Vta,every_2min,0,20.0
hold,truth,60.0,526.1,131.23,131.23,90.05,24.95,2.187,3.662,False,Vta/Vta23,Vta,every_2min,0,20.0
obd,veh_yawrate,60.0,526.1,417.23,417.23,175.66,79.31,6.954,0.129,False,Vta/Vta23,Vta,every_2min,0,20.0
wheel_speed,veh_yawrate,60.0,526.1,414.62,414.62,174.54,78.82,6.91,0.07,False,Vta/Vta23,Vta,every_2min,0,20.0
obd,gps_hold,60.0,526.1,196.78,196.78,84.59,37.41,3.28,0.129,False,Vta/Vta23,Vta,every_2min,0,20.0
hold,imu_aligned,60.0,526.1,331.62,331.62,202.86,63.04,5.527,3.662,False,Vta/Vta23,Vta,every_2min,0,20.0
imu_integrate,imu_aligned,60.0,526.1,624.67,624.67,298.18,118.74,10.411,9.035,False,Vta/Vta23,Vta,every_2min,0,20.0
truth,truth,47.1,276.1,1.24,1.25,0.86,0.45,0.026,,True,Vta/Vta24,Vta,isro_60s,0,70.0
truth,veh_yawrate,47.1,276.1,4.78,4.78,1.76,1.73,0.101,,True,Vta/Vta24,Vta,isro_60s,0,70.0
hold,truth,47.1,276.1,140.78,173.6,98.6,50.98,2.989,7.201,False,Vta/Vta24,Vta,isro_60s,0,70.0
obd,veh_yawrate,47.1,276.1,4.95,4.95,2.06,1.79,0.105,0.099,True,Vta/Vta24,Vta,isro_60s,0,70.0
wheel_speed,veh_yawrate,47.1,276.1,6.86,6.86,2.79,2.49,0.146,0.078,True,Vta/Vta24,Vta,isro_60s,0,70.0
obd,gps_hold,47.1,276.1,34.08,34.08,20.05,12.34,0.724,0.099,False,Vta/Vta24,Vta,isro_60s,0,70.0
hold,imu_aligned,47.1,276.1,263.37,263.37,111.23,95.38,5.592,7.201,False,Vta/Vta24,Vta,isro_60s,0,70.0
imu_integrate,imu_aligned,47.1,276.1,6.46,114.51,71.03,2.34,0.137,4.08,True,Vta/Vta24,Vta,isro_60s,0,70.0
truth,truth,29.6,37.0,0.85,0.85,0.59,2.28,0.029,,True,Vta/Vta24,Vta,tunnels,0,87.5
truth,veh_yawrate,29.6,37.0,4.15,4.15,2.07,11.21,0.14,,False,Vta/Vta24,Vta,tunnels,0,87.5
hold,truth,29.6,37.0,209.68,238.98,176.06,566.72,7.084,13.963,False,Vta/Vta24,Vta,tunnels,0,87.5
obd,veh_yawrate,29.6,37.0,5.07,5.07,2.38,13.71,0.171,0.102,False,Vta/Vta24,Vta,tunnels,0,87.5
wheel_speed,veh_yawrate,29.6,37.0,4.26,4.26,1.96,11.52,0.144,0.065,False,Vta/Vta24,Vta,tunnels,0,87.5
obd,gps_hold,29.6,37.0,32.93,32.93,22.36,88.99,1.112,0.102,False,Vta/Vta24,Vta,tunnels,0,87.5
hold,imu_aligned,29.6,37.0,437.68,437.68,248.15,1182.98,14.787,13.963,False,Vta/Vta24,Vta,tunnels,0,87.5
imu_integrate,imu_aligned,29.6,37.0,476.43,476.43,266.86,1287.7,16.096,15.274,False,Vta/Vta24,Vta,tunnels,0,87.5
truth,truth,37.1,135.7,1.07,1.11,0.87,0.79,0.029,,True,Vta/Vta24,Vta,every_2min,0,80.0
truth,veh_yawrate,37.1,135.7,8.68,9.06,5.38,6.4,0.234,,True,Vta/Vta24,Vta,every_2min,0,80.0
hold,truth,37.1,135.7,174.47,199.69,130.89,128.61,4.703,9.722,False,Vta/Vta24,Vta,every_2min,0,80.0
obd,veh_yawrate,37.1,135.7,9.77,10.04,5.86,7.2,0.263,0.094,True,Vta/Vta24,Vta,every_2min,0,80.0
wheel_speed,veh_yawrate,37.1,135.7,10.08,10.41,6.1,7.43,0.272,0.074,True,Vta/Vta24,Vta,every_2min,0,80.0
obd,gps_hold,37.1,135.7,39.2,39.2,24.22,28.9,1.057,0.094,False,Vta/Vta24,Vta,every_2min,0,80.0
hold,imu_aligned,37.1,135.7,374.53,374.53,190.48,276.07,10.095,9.722,False,Vta/Vta24,Vta,every_2min,0,80.0
imu_integrate,imu_aligned,37.1,135.7,262.2,262.2,126.87,193.27,7.067,6.979,False,Vta/Vta24,Vta,every_2min,0,80.0
truth,truth,60.0,636.2,2.94,2.94,1.82,0.46,0.049,,True,Vta/Vta26,Vta,isro_60s,0,20.0
truth,veh_yawrate,60.0,636.2,803.87,803.87,458.01,126.36,13.398,,False,Vta/Vta26,Vta,isro_60s,0,20.0
hold,truth,60.0,636.2,131.07,175.96,99.09,20.6,2.184,3.946,False,Vta/Vta26,Vta,isro_60s,0,20.0
obd,veh_yawrate,60.0,636.2,807.72,807.75,460.28,126.97,13.462,0.188,False,Vta/Vta26,Vta,isro_60s,0,20.0
wheel_speed,veh_yawrate,60.0,636.2,803.13,803.16,457.82,126.25,13.386,0.179,False,Vta/Vta26,Vta,isro_60s,0,20.0
obd,gps_hold,60.0,636.2,253.8,253.8,152.59,39.9,4.23,0.188,False,Vta/Vta26,Vta,isro_60s,0,20.0
hold,imu_aligned,60.0,636.2,253.59,269.8,162.49,39.86,4.226,3.946,False,Vta/Vta26,Vta,isro_60s,0,20.0
imu_integrate,imu_aligned,60.0,636.2,311.78,325.45,193.75,49.01,5.196,4.952,False,Vta/Vta26,Vta,isro_60s,0,20.0
truth,truth,30.0,329.8,1.49,1.49,0.82,0.45,0.05,,True,Vta/Vta26,Vta,tunnels,0,20.0
truth,veh_yawrate,30.0,329.8,295.19,295.19,138.59,89.51,9.84,,False,Vta/Vta26,Vta,tunnels,0,20.0
hold,truth,30.0,329.8,69.57,69.57,34.31,21.1,2.319,2.352,False,Vta/Vta26,Vta,tunnels,0,20.0
obd,veh_yawrate,30.0,329.8,296.23,296.23,139.2,89.83,9.874,0.211,False,Vta/Vta26,Vta,tunnels,0,20.0
wheel_speed,veh_yawrate,30.0,329.8,294.95,294.95,138.56,89.44,9.832,0.203,False,Vta/Vta26,Vta,tunnels,0,20.0
obd,gps_hold,30.0,329.8,121.27,121.27,57.03,36.77,4.042,0.211,False,Vta/Vta26,Vta,tunnels,0,20.0
hold,imu_aligned,30.0,329.8,125.42,125.42,60.55,38.03,4.181,2.352,False,Vta/Vta26,Vta,tunnels,0,20.0
imu_integrate,imu_aligned,30.0,329.8,137.56,137.56,67.52,41.71,4.585,3.275,False,Vta/Vta26,Vta,tunnels,0,20.0
truth,truth,60.0,636.2,2.94,2.94,1.82,0.46,0.049,,True,Vta/Vta26,Vta,every_2min,0,20.0
truth,veh_yawrate,60.0,636.2,803.87,803.87,458.01,126.36,13.398,,False,Vta/Vta26,Vta,every_2min,0,20.0
hold,truth,60.0,636.2,131.07,175.96,99.09,20.6,2.184,3.946,False,Vta/Vta26,Vta,every_2min,0,20.0
obd,veh_yawrate,60.0,636.2,807.72,807.75,460.28,126.97,13.462,0.188,False,Vta/Vta26,Vta,every_2min,0,20.0
wheel_speed,veh_yawrate,60.0,636.2,803.13,803.16,457.82,126.25,13.386,0.179,False,Vta/Vta26,Vta,every_2min,0,20.0
obd,gps_hold,60.0,636.2,253.8,253.8,152.59,39.9,4.23,0.188,False,Vta/Vta26,Vta,every_2min,0,20.0
hold,imu_aligned,60.0,636.2,253.59,269.8,162.49,39.86,4.226,3.946,False,Vta/Vta26,Vta,every_2min,0,20.0
imu_integrate,imu_aligned,60.0,636.2,311.78,325.45,193.75,49.01,5.196,4.952,False,Vta/Vta26,Vta,every_2min,0,20.0
truth,truth,60.0,837.3,0.27,0.59,0.33,0.03,0.004,,True,Vta/Vta27,Vta,isro_60s,0,40.0
truth,veh_yawrate,60.0,837.3,202.42,202.42,67.78,24.17,3.374,,False,Vta/Vta27,Vta,isro_60s,0,40.0
hold,truth,60.0,837.3,603.41,603.41,373.36,72.06,10.057,10.814,False,Vta/Vta27,Vta,isro_60s,0,40.0
obd,veh_yawrate,60.0,837.3,199.87,199.87,66.34,23.87,3.331,0.117,False,Vta/Vta27,Vta,isro_60s,0,40.0
wheel_speed,veh_yawrate,60.0,837.3,205.91,205.91,69.56,24.59,3.432,0.093,False,Vta/Vta27,Vta,isro_60s,0,40.0
obd,gps_hold,60.0,837.3,119.71,119.71,42.8,14.3,1.995,0.117,False,Vta/Vta27,Vta,isro_60s,0,40.0
hold,imu_aligned,60.0,837.3,591.1,591.1,370.34,70.59,9.852,10.814,False,Vta/Vta27,Vta,isro_60s,0,40.0
imu_integrate,imu_aligned,60.0,837.3,562.65,572.85,403.1,67.19,9.377,10.335,False,Vta/Vta27,Vta,isro_60s,0,40.0
truth,truth,73.6,1001.5,0.33,0.59,0.31,0.03,0.005,,True,Vta/Vta27,Vta,isro_1km,0,40.0
truth,veh_yawrate,73.6,1001.5,295.13,295.13,126.64,29.47,4.01,,False,Vta/Vta27,Vta,isro_1km,0,40.0
hold,truth,73.6,1001.5,717.57,717.57,439.09,71.65,9.75,10.468,False,Vta/Vta27,Vta,isro_1km,0,40.0
obd,veh_yawrate,73.6,1001.5,292.88,292.88,125.13,29.25,3.979,0.114,False,Vta/Vta27,Vta,isro_1km,0,40.0
wheel_speed,veh_yawrate,73.6,1001.5,298.47,298.47,128.68,29.8,4.055,0.093,False,Vta/Vta27,Vta,isro_1km,0,40.0
obd,gps_hold,73.6,1001.5,188.15,188.15,79.66,18.79,2.556,0.114,False,Vta/Vta27,Vta,isro_1km,0,40.0
hold,imu_aligned,73.6,1001.5,705.36,705.36,433.51,70.43,9.584,10.468,False,Vta/Vta27,Vta,isro_1km,0,40.0
imu_integrate,imu_aligned,73.6,1001.5,590.94,590.94,436.79,59.01,8.029,9.034,False,Vta/Vta27,Vta,isro_1km,0,40.0
truth,truth,30.0,427.7,0.23,0.38,0.19,0.05,0.008,,True,Vta/Vta27,Vta,tunnels,0,42.5
truth,veh_yawrate,30.0,427.7,22.84,22.84,7.77,5.34,0.761,,True,Vta/Vta27,Vta,tunnels,0,42.5
hold,truth,30.0,427.7,330.91,330.91,197.38,77.36,11.03,11.121,False,Vta/Vta27,Vta,tunnels,0,42.5
obd,veh_yawrate,30.0,427.7,22.13,22.13,7.47,5.17,0.738,0.107,True,Vta/Vta27,Vta,tunnels,0,42.5
wheel_speed,veh_yawrate,30.0,427.7,23.93,23.93,8.4,5.59,0.798,0.095,True,Vta/Vta27,Vta,tunnels,0,42.5
obd,gps_hold,30.0,427.7,40.27,40.27,13.9,9.41,1.342,0.107,True,Vta/Vta27,Vta,tunnels,0,42.5
hold,imu_aligned,30.0,427.7,330.66,330.66,197.26,77.31,11.022,11.121,False,Vta/Vta27,Vta,tunnels,0,42.5
imu_integrate,imu_aligned,30.0,427.7,396.16,396.16,236.58,92.62,13.205,13.308,False,Vta/Vta27,Vta,tunnels,0,42.5
truth,truth,30.0,391.0,0.37,0.55,0.28,0.09,0.012,,True,Vta/Vta27,Vta,tunnels,1,177.5
truth,veh_yawrate,30.0,391.0,46.41,46.41,21.32,11.87,1.547,,False,Vta/Vta27,Vta,tunnels,1,177.5
hold,truth,30.0,391.0,104.18,104.18,46.49,26.65,3.473,3.612,False,Vta/Vta27,Vta,tunnels,1,177.5
obd,veh_yawrate,30.0,391.0,46.82,46.82,21.46,11.97,1.561,0.133,False,Vta/Vta27,Vta,tunnels,1,177.5
wheel_speed,veh_yawrate,30.0,391.0,46.24,46.24,21.27,11.83,1.541,0.094,False,Vta/Vta27,Vta,tunnels,1,177.5
obd,gps_hold,30.0,391.0,68.07,68.07,30.45,17.41,2.269,0.133,False,Vta/Vta27,Vta,tunnels,1,177.5
hold,imu_aligned,30.0,391.0,138.81,138.81,59.06,35.5,4.627,3.612,False,Vta/Vta27,Vta,tunnels,1,177.5
imu_integrate,imu_aligned,30.0,391.0,97.92,97.92,43.24,25.04,3.264,2.273,False,Vta/Vta27,Vta,tunnels,1,177.5
truth,truth,60.0,797.1,0.21,0.74,0.39,0.03,0.003,,True,Vta/Vta27,Vta,every_2min,0,50.0
truth,veh_yawrate,60.0,797.1,301.57,301.57,130.44,37.83,5.026,,False,Vta/Vta27,Vta,every_2min,0,50.0
hold,truth,60.0,797.1,493.75,493.75,304.2,61.94,8.229,8.957,False,Vta/Vta27,Vta,every_2min,0,50.0
obd,veh_yawrate,60.0,797.1,300.54,300.54,129.61,37.7,5.009,0.117,False,Vta/Vta27,Vta,every_2min,0,50.0
wheel_speed,veh_yawrate,60.0,797.1,303.41,303.41,131.64,38.06,5.057,0.082,False,Vta/Vta27,Vta,every_2min,0,50.0
obd,gps_hold,60.0,797.1,212.74,212.74,88.38,26.69,3.546,0.117,False,Vta/Vta27,Vta,every_2min,0,50.0
hold,imu_aligned,60.0,797.1,485.19,485.19,298.6,60.87,8.087,8.957,False,Vta/Vta27,Vta,every_2min,0,50.0
imu_integrate,imu_aligned,60.0,797.1,440.65,440.65,333.1,55.28,7.344,8.357,False,Vta/Vta27,Vta,every_2min,0,50.0
truth,truth,60.0,620.9,1.99,2.11,1.19,0.32,0.033,,True,Vta/Vta28,Vta,isro_60s,0,20.0
truth,veh_yawrate,60.0,620.9,320.94,320.94,185.89,51.69,5.349,,False,Vta/Vta28,Vta,isro_60s,0,20.0
hold,truth,60.0,620.9,300.39,327.26,166.37,48.38,5.007,7.149,False,Vta/Vta28,Vta,isro_60s,0,20.0
obd,veh_yawrate,60.0,620.9,321.18,321.18,185.97,51.73,5.353,0.139,False,Vta/Vta28,Vta,isro_60s,0,20.0
wheel_speed,veh_yawrate,60.0,620.9,322.37,322.37,187.03,51.92,5.373,0.14,False,Vta/Vta28,Vta,isro_60s,0,20.0
obd,gps_hold,60.0,620.9,399.87,399.87,228.18,64.4,6.664,0.139,False,Vta/Vta28,Vta,isro_60s,0,20.0
hold,imu_aligned,60.0,620.9,737.33,737.33,386.44,118.76,12.289,7.149,False,Vta/Vta28,Vta,isro_60s,0,20.0
imu_integrate,imu_aligned,60.0,620.9,323.51,323.51,180.84,52.11,5.392,5.746,False,Vta/Vta28,Vta,isro_60s,0,20.0
truth,truth,136.6,1001.5,0.98,3.38,2.02,0.1,0.007,,True,Vta/Vta28,Vta,isro_1km,0,20.0
truth,veh_yawrate,136.6,1001.5,355.19,355.19,225.37,35.47,2.6,,False,Vta/Vta28,Vta,isro_1km,0,20.0
hold,truth,136.6,1001.5,654.56,654.56,357.12,65.36,4.792,10.157,False,Vta/Vta28,Vta,isro_1km,0,20.0
obd,veh_yawrate,136.6,1001.5,358.22,358.22,225.63,35.77,2.622,0.122,False,Vta/Vta28,Vta,isro_1km,0,20.0
wheel_speed,veh_yawrate,136.6,1001.5,353.94,353.94,226.31,35.34,2.591,0.109,False,Vta/Vta28,Vta,isro_1km,0,20.0
obd,gps_hold,136.6,1001.5,980.58,980.58,462.96,97.92,7.179,0.122,False,Vta/Vta28,Vta,isro_1km,0,20.0
hold,imu_aligned,136.6,1001.5,2349.72,2349.72,1184.19,234.63,17.201,10.157,False,Vta/Vta28,Vta,isro_1km,0,20.0
imu_integrate,imu_aligned,136.6,1001.5,1363.12,1363.12,550.34,136.11,9.979,6.8,False,Vta/Vta28,Vta,isro_1km,0,20.0
truth,truth,30.0,349.3,1.27,1.28,0.79,0.36,0.042,,True,Vta/Vta28,Vta,tunnels,0,20.0
truth,veh_yawrate,30.0,349.3,117.57,117.57,42.28,33.66,3.919,,False,Vta/Vta28,Vta,tunnels,0,20.0
hold,truth,30.0,349.3,133.71,133.71,72.73,38.28,4.457,5.837,False,Vta/Vta28,Vta,tunnels,0,20.0
obd,veh_yawrate,30.0,349.3,117.47,117.47,42.08,33.63,3.916,0.097,False,Vta/Vta28,Vta,tunnels,0,20.0
wheel_speed,veh_yawrate,30.0,349.3,119.35,119.35,43.14,34.17,3.978,0.115,False,Vta/Vta28,Vta,tunnels,0,20.0
obd,gps_hold,30.0,349.3,132.42,132.42,45.8,37.91,4.414,0.097,False,Vta/Vta28,Vta,tunnels,0,20.0
hold,imu_aligned,30.0,349.3,285.35,285.35,127.66,81.69,9.512,5.837,False,Vta/Vta28,Vta,tunnels,0,20.0
imu_integrate,imu_aligned,30.0,349.3,106.05,106.05,40.52,30.36,3.535,2.158,False,Vta/Vta28,Vta,tunnels,0,20.0
truth,truth,30.0,337.2,2.05,2.05,0.81,0.61,0.068,,True,Vta/Vta28,Vta,tunnels,1,155.0
truth,veh_yawrate,30.0,337.2,47.89,47.89,32.09,14.2,1.596,,False,Vta/Vta28,Vta,tunnels,1,155.0
hold,truth,30.0,337.2,126.54,129.71,95.21,37.52,4.218,5.552,False,Vta/Vta28,Vta,tunnels,1,155.0
obd,veh_yawrate,30.0,337.2,46.57,46.57,31.3,13.81,1.552,0.109,False,Vta/Vta28,Vta,tunnels,1,155.0
wheel_speed,veh_yawrate,30.0,337.2,48.92,48.92,32.5,14.51,1.631,0.073,False,Vta/Vta28,Vta,tunnels,1,155.0
obd,gps_hold,30.0,337.2,45.08,45.08,12.91,13.37,1.503,0.109,False,Vta/Vta28,Vta,tunnels,1,155.0
hold,imu_aligned,30.0,337.2,63.31,128.47,87.94,18.77,2.11,5.552,False,Vta/Vta28,Vta,tunnels,1,155.0
imu_integrate,imu_aligned,30.0,337.2,59.69,123.59,86.13,17.7,1.99,5.533,False,Vta/Vta28,Vta,tunnels,1,155.0
truth,truth,30.0,212.3,1.17,1.17,0.71,0.55,0.039,,True,Vta/Vta28,Vta,tunnels,2,290.0
truth,veh_yawrate,30.0,212.3,140.2,140.2,76.82,66.05,4.673,,False,Vta/Vta28,Vta,tunnels,2,290.0
hold,truth,30.0,212.3,167.7,167.7,83.27,79.0,5.59,6.005,False,Vta/Vta28,Vta,tunnels,2,290.0
obd,veh_yawrate,30.0,212.3,140.54,140.54,76.77,66.21,4.685,0.124,False,Vta/Vta28,Vta,tunnels,2,290.0
wheel_speed,veh_yawrate,30.0,212.3,140.8,140.8,77.07,66.33,4.693,0.103,False,Vta/Vta28,Vta,tunnels,2,290.0
obd,gps_hold,30.0,212.3,116.92,116.92,66.97,55.08,3.897,0.124,False,Vta/Vta28,Vta,tunnels,2,290.0
hold,imu_aligned,30.0,212.3,248.65,248.65,129.53,117.14,8.288,6.005,False,Vta/Vta28,Vta,tunnels,2,290.0
imu_integrate,imu_aligned,30.0,212.3,106.43,106.43,60.85,50.14,3.548,2.494,False,Vta/Vta28,Vta,tunnels,2,290.0
truth,truth,60.0,620.9,1.99,2.11,1.19,0.32,0.033,,True,Vta/Vta28,Vta,every_2min,0,20.0
truth,veh_yawrate,60.0,620.9,320.94,320.94,185.89,51.69,5.349,,False,Vta/Vta28,Vta,every_2min,0,20.0
hold,truth,60.0,620.9,300.39,327.26,166.37,48.38,5.007,7.149,False,Vta/Vta28,Vta,every_2min,0,20.0
obd,veh_yawrate,60.0,620.9,321.18,321.18,185.97,51.73,5.353,0.139,False,Vta/Vta28,Vta,every_2min,0,20.0
wheel_speed,veh_yawrate,60.0,620.9,322.37,322.37,187.03,51.92,5.373,0.14,False,Vta/Vta28,Vta,every_2min,0,20.0
obd,gps_hold,60.0,620.9,399.87,399.87,228.18,64.4,6.664,0.139,False,Vta/Vta28,Vta,every_2min,0,20.0
hold,imu_aligned,60.0,620.9,737.33,737.33,386.44,118.76,12.289,7.149,False,Vta/Vta28,Vta,every_2min,0,20.0
imu_integrate,imu_aligned,60.0,620.9,323.51,323.51,180.84,52.11,5.392,5.746,False,Vta/Vta28,Vta,every_2min,0,20.0
truth,truth,60.0,651.0,0.84,1.2,0.82,0.13,0.014,,True,Vta/Vta28,Vta,every_2min,1,200.0
truth,veh_yawrate,60.0,651.0,722.29,722.29,461.47,110.95,12.038,,False,Vta/Vta28,Vta,every_2min,1,200.0
hold,truth,60.0,651.0,226.51,226.51,116.43,34.8,3.775,4.529,False,Vta/Vta28,Vta,every_2min,1,200.0
obd,veh_yawrate,60.0,651.0,724.1,724.1,462.89,111.23,12.068,0.147,False,Vta/Vta28,Vta,every_2min,1,200.0
wheel_speed,veh_yawrate,60.0,651.0,722.5,722.5,461.58,110.99,12.042,0.132,False,Vta/Vta28,Vta,every_2min,1,200.0
obd,gps_hold,60.0,651.0,467.54,467.54,278.41,71.82,7.792,0.147,False,Vta/Vta28,Vta,every_2min,1,200.0
hold,imu_aligned,60.0,651.0,636.61,636.61,367.52,97.79,10.61,4.529,False,Vta/Vta28,Vta,every_2min,1,200.0
imu_integrate,imu_aligned,60.0,651.0,1175.13,1175.13,725.67,180.52,19.585,14.244,False,Vta/Vta28,Vta,every_2min,1,200.0
truth,truth,60.0,443.0,2.1,2.1,1.15,0.47,0.035,,True,Vta/Vta29,Vta,isro_60s,0,40.0
truth,veh_yawrate,60.0,443.0,172.04,172.04,63.02,38.83,2.867,,False,Vta/Vta29,Vta,isro_60s,0,40.0
hold,truth,60.0,443.0,63.44,100.59,58.88,14.32,1.057,4.497,False,Vta/Vta29,Vta,isro_60s,0,40.0
obd,veh_yawrate,60.0,443.0,172.96,172.96,63.39,39.04,2.883,0.133,False,Vta/Vta29,Vta,isro_60s,0,40.0
wheel_speed,veh_yawrate,60.0,443.0,171.42,171.42,62.83,38.7,2.857,0.109,False,Vta/Vta29,Vta,isro_60s,0,40.0
obd,gps_hold,60.0,443.0,108.84,108.84,39.65,24.57,1.814,0.133,False,Vta/Vta29,Vta,isro_60s,0,40.0
hold,imu_aligned,60.0,443.0,115.38,115.38,70.28,26.04,1.923,4.497,False,Vta/Vta29,Vta,isro_60s,0,40.0
imu_integrate,imu_aligned,60.0,443.0,449.82,449.82,196.96,101.54,7.497,7.023,False,Vta/Vta29,Vta,isro_60s,0,40.0
truth,truth,112.3,1000.4,5.38,5.43,2.94,0.54,0.048,,True,Vta/Vta29,Vta,isro_1km,0,40.0
truth,veh_yawrate,112.3,1000.4,96.92,177.65,101.83,9.69,0.863,,True,Vta/Vta29,Vta,isro_1km,0,40.0
hold,truth,112.3,1000.4,283.26,283.26,134.54,28.32,2.522,4.656,False,Vta/Vta29,Vta,isro_1km,0,40.0
obd,veh_yawrate,112.3,1000.4,99.31,178.62,102.82,9.93,0.884,0.13,True,Vta/Vta29,Vta,isro_1km,0,40.0
wheel_speed,veh_yawrate,112.3,1000.4,95.49,177.02,101.21,9.55,0.85,0.124,True,Vta/Vta29,Vta,isro_1km,0,40.0
obd,gps_hold,112.3,1000.4,68.2,112.37,65.95,6.82,0.607,0.13,True,Vta/Vta29,Vta,isro_1km,0,40.0
hold,imu_aligned,112.3,1000.4,269.81,269.81,138.28,26.97,2.403,4.656,False,Vta/Vta29,Vta,isro_1km,0,40.0
imu_integrate,imu_aligned,112.3,1000.4,785.42,785.42,460.26,78.51,6.994,6.736,False,Vta/Vta29,Vta,isro_1km,0,40.0
truth,truth,30.0,355.4,1.72,1.72,0.95,0.48,0.057,,True,Vta/Vta29,Vta,tunnels,0,87.5
truth,veh_yawrate,30.0,355.4,154.38,154.38,63.11,43.44,5.146,,False,Vta/Vta29,Vta,tunnels,0,87.5
hold,truth,30.0,355.4,12.21,12.21,6.75,3.43,0.407,1.753,True,Vta/Vta29,Vta,tunnels,0,87.5
obd,veh_yawrate,30.0,355.4,155.7,155.7,63.72,43.81,5.19,0.174,False,Vta/Vta29,Vta,tunnels,0,87.5
wheel_speed,veh_yawrate,30.0,355.4,154.73,154.73,63.3,43.54,5.158,0.143,False,Vta/Vta29,Vta,tunnels,0,87.5
obd,gps_hold,30.0,355.4,78.94,78.94,33.39,22.21,2.631,0.174,False,Vta/Vta29,Vta,tunnels,0,87.5
hold,imu_aligned,30.0,355.4,74.2,74.2,33.19,20.88,2.473,1.753,False,Vta/Vta29,Vta,tunnels,0,87.5
imu_integrate,imu_aligned,30.0,355.4,154.03,154.03,67.18,43.34,5.134,5.43,False,Vta/Vta29,Vta,tunnels,0,87.5
truth,truth,30.0,44.5,0.23,0.52,0.31,0.51,0.008,,True,Vta/Vta29,Vta,tunnels,1,222.5
truth,veh_yawrate,30.0,44.5,17.73,17.77,10.86,39.86,0.591,,False,Vta/Vta29,Vta,tunnels,1,222.5
hold,truth,30.0,44.5,119.22,136.87,91.92,268.03,3.974,6.355,False,Vta/Vta29,Vta,tunnels,1,222.5
obd,veh_yawrate,30.0,44.5,18.01,18.04,10.95,40.5,0.6,0.069,False,Vta/Vta29,Vta,tunnels,1,222.5
wheel_speed,veh_yawrate,30.0,44.5,17.54,17.67,10.77,39.42,0.585,0.06,False,Vta/Vta29,Vta,tunnels,1,222.5
obd,gps_hold,30.0,44.5,9.35,10.14,6.05,21.03,0.312,0.069,False,Vta/Vta29,Vta,tunnels,1,222.5
hold,imu_aligned,30.0,44.5,197.38,197.38,107.49,443.75,6.579,6.355,False,Vta/Vta29,Vta,tunnels,1,222.5
imu_integrate,imu_aligned,30.0,44.5,236.86,236.86,131.69,532.54,7.895,7.67,False,Vta/Vta29,Vta,tunnels,1,222.5
truth,truth,30.0,308.0,0.34,0.41,0.25,0.11,0.011,,True,Vta/Vta29,Vta,tunnels,2,357.5
truth,veh_yawrate,30.0,308.0,212.27,212.27,128.85,68.93,7.076,,False,Vta/Vta29,Vta,tunnels,2,357.5
hold,truth,30.0,308.0,91.34,91.34,57.15,29.66,3.045,3.068,False,Vta/Vta29,Vta,tunnels,2,357.5
obd,veh_yawrate,30.0,308.0,213.41,213.41,129.6,69.3,7.114,0.131,False,Vta/Vta29,Vta,tunnels,2,357.5
wheel_speed,veh_yawrate,30.0,308.0,212.43,212.43,129.01,68.98,7.081,0.066,False,Vta/Vta29,Vta,tunnels,2,357.5
obd,gps_hold,30.0,308.0,107.07,107.14,65.68,34.77,3.569,0.131,False,Vta/Vta29,Vta,tunnels,2,357.5
hold,imu_aligned,30.0,308.0,153.52,153.52,94.78,49.85,5.117,3.068,False,Vta/Vta29,Vta,tunnels,2,357.5
imu_integrate,imu_aligned,30.0,308.0,104.3,105.49,77.01,33.87,3.477,4.223,False,Vta/Vta29,Vta,tunnels,2,357.5
truth,truth,30.0,250.6,0.43,0.59,0.32,0.17,0.014,,True,Vta/Vta29,Vta,tunnels,3,492.5
truth,veh_yawrate,30.0,250.6,39.51,39.51,9.0,15.76,1.317,,False,Vta/Vta29,Vta,tunnels,3,492.5
hold,truth,30.0,250.6,61.44,74.14,51.68,24.52,2.048,3.143,False,Vta/Vta29,Vta,tunnels,3,492.5
obd,veh_yawrate,30.0,250.6,39.88,39.88,9.13,15.91,1.329,0.095,False,Vta/Vta29,Vta,tunnels,3,492.5
wheel_speed,veh_yawrate,30.0,250.6,39.67,39.67,9.04,15.83,1.322,0.075,False,Vta/Vta29,Vta,tunnels,3,492.5
obd,gps_hold,30.0,250.6,26.63,26.63,7.21,10.63,0.888,0.095,False,Vta/Vta29,Vta,tunnels,3,492.5
hold,imu_aligned,30.0,250.6,60.54,73.95,51.36,24.16,2.018,3.143,False,Vta/Vta29,Vta,tunnels,3,492.5
imu_integrate,imu_aligned,30.0,250.6,96.84,96.84,48.86,38.64,3.228,3.358,False,Vta/Vta29,Vta,tunnels,3,492.5
truth,truth,30.0,332.9,4.58,4.58,2.47,1.37,0.153,,True,Vta/Vta29,Vta,tunnels,4,650.0
truth,veh_yawrate,30.0,332.9,139.97,141.8,92.9,42.04,4.666,,False,Vta/Vta29,Vta,tunnels,4,650.0
hold,truth,30.0,332.9,33.54,33.54,18.25,10.07,1.118,3.604,False,Vta/Vta29,Vta,tunnels,4,650.0
obd,veh_yawrate,30.0,332.9,144.38,145.45,95.44,43.37,4.813,0.509,False,Vta/Vta29,Vta,tunnels,4,650.0
wheel_speed,veh_yawrate,30.0,332.9,142.76,144.0,94.47,42.88,4.759,0.489,False,Vta/Vta29,Vta,tunnels,4,650.0
obd,gps_hold,30.0,332.9,238.35,242.75,159.18,71.59,7.945,0.509,False,Vta/Vta29,Vta,tunnels,4,650.0
hold,imu_aligned,30.0,332.9,239.17,239.42,153.1,71.84,7.972,3.604,False,Vta/Vta29,Vta,tunnels,4,650.0
imu_integrate,imu_aligned,30.0,332.9,485.16,485.16,260.3,145.73,16.172,11.434,False,Vta/Vta29,Vta,tunnels,4,650.0
truth,truth,30.0,271.6,2.44,2.44,1.46,0.9,0.081,,True,Vta/Vta29,Vta,tunnels,5,875.0
truth,veh_yawrate,30.0,271.6,137.36,144.46,100.12,50.57,4.579,,False,Vta/Vta29,Vta,tunnels,5,875.0
hold,truth,30.0,271.6,74.25,74.25,44.39,27.34,2.475,2.656,False,Vta/Vta29,Vta,tunnels,5,875.0
obd,veh_yawrate,30.0,271.6,142.7,149.86,104.22,52.54,4.757,0.327,False,Vta/Vta29,Vta,tunnels,5,875.0
wheel_speed,veh_yawrate,30.0,271.6,141.14,148.25,103.07,51.96,4.705,0.263,False,Vta/Vta29,Vta,tunnels,5,875.0
obd,gps_hold,30.0,271.6,86.85,88.88,61.03,31.97,2.895,0.327,False,Vta/Vta29,Vta,tunnels,5,875.0
hold,imu_aligned,30.0,271.6,91.55,91.78,60.33,33.71,3.052,2.656,False,Vta/Vta29,Vta,tunnels,5,875.0
imu_integrate,imu_aligned,30.0,271.6,84.02,84.51,55.95,30.93,2.801,2.916,False,Vta/Vta29,Vta,tunnels,5,875.0
truth,truth,30.0,276.7,0.13,0.96,0.57,0.05,0.004,,True,Vta/Vta29,Vta,tunnels,6,1010.0
truth,veh_yawrate,30.0,276.7,20.74,20.9,14.38,7.49,0.691,,True,Vta/Vta29,Vta,tunnels,6,1010.0
hold,truth,30.0,276.7,86.2,86.2,41.52,31.16,2.873,3.715,False,Vta/Vta29,Vta,tunnels,6,1010.0
obd,veh_yawrate,30.0,276.7,20.93,20.93,14.28,7.57,0.698,0.089,True,Vta/Vta29,Vta,tunnels,6,1010.0
wheel_speed,veh_yawrate,30.0,276.7,22.0,22.0,14.77,7.95,0.733,0.101,True,Vta/Vta29,Vta,tunnels,6,1010.0
obd,gps_hold,30.0,276.7,179.33,189.56,131.8,64.82,5.978,0.089,False,Vta/Vta29,Vta,tunnels,6,1010.0
hold,imu_aligned,30.0,276.7,259.85,259.85,163.85,93.92,8.662,3.715,False,Vta/Vta29,Vta,tunnels,6,1010.0
imu_integrate,imu_aligned,30.0,276.7,465.26,465.26,286.82,168.17,15.509,11.236,False,Vta/Vta29,Vta,tunnels,6,1010.0
truth,truth,30.0,319.5,0.5,0.5,0.23,0.16,0.017,,True,Vta/Vta29,Vta,tunnels,7,1190.0
truth,veh_yawrate,30.0,319.5,152.67,152.67,71.9,47.78,5.089,,False,Vta/Vta29,Vta,tunnels,7,1190.0
hold,truth,30.0,319.5,30.76,34.26,19.86,9.63,1.025,1.298,True,Vta/Vta29,Vta,tunnels,7,1190.0
obd,veh_yawrate,30.0,319.5,152.77,152.77,71.98,47.81,5.092,0.11,False,Vta/Vta29,Vta,tunnels,7,1190.0
wheel_speed,veh_yawrate,30.0,319.5,152.95,152.95,72.16,47.87,5.098,0.068,False,Vta/Vta29,Vta,tunnels,7,1190.0
obd,gps_hold,30.0,319.5,87.39,87.39,40.94,27.35,2.913,0.11,False,Vta/Vta29,Vta,tunnels,7,1190.0
hold,imu_aligned,30.0,319.5,85.72,85.72,41.99,26.83,2.857,1.298,False,Vta/Vta29,Vta,tunnels,7,1190.0
imu_integrate,imu_aligned,30.0,319.5,85.72,85.72,41.08,26.83,2.857,1.102,False,Vta/Vta29,Vta,tunnels,7,1190.0
truth,truth,60.0,659.3,4.31,4.33,2.68,0.65,0.072,,True,Vta/Vta29,Vta,every_2min,0,80.0
truth,veh_yawrate,60.0,659.3,120.42,120.42,56.73,18.26,2.007,,False,Vta/Vta29,Vta,every_2min,0,80.0
hold,truth,60.0,659.3,56.85,84.81,50.91,8.62,0.947,2.48,True,Vta/Vta29,Vta,every_2min,0,80.0
obd,veh_yawrate,60.0,659.3,122.02,122.02,57.78,18.51,2.034,0.159,False,Vta/Vta29,Vta,every_2min,0,80.0
wheel_speed,veh_yawrate,60.0,659.3,120.48,120.48,56.73,18.27,2.008,0.146,False,Vta/Vta29,Vta,every_2min,0,80.0
obd,gps_hold,60.0,659.3,116.84,116.84,56.99,17.72,1.947,0.159,False,Vta/Vta29,Vta,every_2min,0,80.0
hold,imu_aligned,60.0,659.3,112.41,112.41,63.04,17.05,1.873,2.48,False,Vta/Vta29,Vta,every_2min,0,80.0
imu_integrate,imu_aligned,60.0,659.3,277.87,277.87,148.77,42.15,4.631,5.02,False,Vta/Vta29,Vta,every_2min,0,80.0
truth,truth,60.0,432.8,1.1,1.18,0.82,0.25,0.018,,True,Vta/Vta29,Vta,every_2min,1,290.0
truth,veh_yawrate,60.0,432.8,377.15,377.15,113.81,87.15,6.286,,False,Vta/Vta29,Vta,every_2min,1,290.0
hold,truth,60.0,432.8,128.29,128.29,61.45,29.64,2.138,4.582,False,Vta/Vta29,Vta,every_2min,1,290.0
obd,veh_yawrate,60.0,432.8,378.93,378.93,114.44,87.56,6.315,0.084,False,Vta/Vta29,Vta,every_2min,1,290.0
wheel_speed,veh_yawrate,60.0,432.8,377.12,377.12,113.85,87.14,6.285,0.059,False,Vta/Vta29,Vta,every_2min,1,290.0
obd,gps_hold,60.0,432.8,308.57,308.57,94.0,71.3,5.143,0.084,False,Vta/Vta29,Vta,every_2min,1,290.0
hold,imu_aligned,60.0,432.8,201.38,201.38,63.81,46.53,3.356,4.582,False,Vta/Vta29,Vta,every_2min,1,290.0
imu_integrate,imu_aligned,60.0,432.8,490.95,490.95,190.88,113.44,8.182,5.242,False,Vta/Vta29,Vta,every_2min,1,290.0
truth,truth,60.0,493.6,0.82,1.58,1.02,0.17,0.014,,True,Vta/Vta29,Vta,every_2min,2,470.0
truth,veh_yawrate,60.0,493.6,796.52,796.52,424.63,161.36,13.275,,False,Vta/Vta29,Vta,every_2min,2,470.0
hold,truth,60.0,493.6,66.9,74.87,46.15,13.55,1.115,2.145,False,Vta/Vta29,Vta,every_2min,2,470.0
obd,veh_yawrate,60.0,493.6,799.18,799.18,426.12,161.9,13.32,0.098,False,Vta/Vta29,Vta,every_2min,2,470.0
wheel_speed,veh_yawrate,60.0,493.6,795.59,795.59,424.16,161.17,13.26,0.071,False,Vta/Vta29,Vta,every_2min,2,470.0
obd,gps_hold,60.0,493.6,568.59,568.59,317.15,115.18,9.477,0.098,False,Vta/Vta29,Vta,every_2min,2,470.0
hold,imu_aligned,60.0,493.6,628.53,628.53,356.17,127.33,10.476,2.145,False,Vta/Vta29,Vta,every_2min,2,470.0
imu_integrate,imu_aligned,60.0,493.6,549.05,549.05,338.96,111.23,9.151,2.655,False,Vta/Vta29,Vta,every_2min,2,470.0
truth,truth,60.0,427.8,11.15,11.16,6.29,2.61,0.186,,True,Vta/Vta29,Vta,every_2min,3,650.0
truth,veh_yawrate,60.0,427.8,135.95,141.8,117.06,31.78,2.266,,False,Vta/Vta29,Vta,every_2min,3,650.0
hold,truth,60.0,427.8,279.15,279.15,107.61,65.26,4.652,5.937,False,Vta/Vta29,Vta,every_2min,3,650.0
obd,veh_yawrate,60.0,427.8,143.97,146.55,122.59,33.66,2.399,0.348,False,Vta/Vta29,Vta,every_2min,3,650.0
wheel_speed,veh_yawrate,60.0,427.8,140.74,144.0,120.52,32.9,2.346,0.34,False,Vta/Vta29,Vta,every_2min,3,650.0
obd,gps_hold,60.0,427.8,207.82,242.75,189.11,48.58,3.464,0.348,False,Vta/Vta29,Vta,every_2min,3,650.0
hold,imu_aligned,60.0,427.8,431.68,431.68,242.35,100.92,7.195,5.937,False,Vta/Vta29,Vta,every_2min,3,650.0
imu_integrate,imu_aligned,60.0,427.8,800.36,800.36,519.59,187.1,13.339,10.988,False,Vta/Vta29,Vta,every_2min,3,650.0
truth,truth,60.0,670.8,4.33,4.39,3.2,0.65,0.072,,True,Vta/Vta29,Vta,every_2min,4,890.0
truth,veh_yawrate,60.0,670.8,701.86,701.86,345.08,104.63,11.698,,False,Vta/Vta29,Vta,every_2min,4,890.0
hold,truth,60.0,670.8,132.63,132.63,57.12,19.77,2.211,2.32,False,Vta/Vta29,Vta,every_2min,4,890.0
obd,veh_yawrate,60.0,670.8,707.09,707.09,348.03,105.41,11.785,0.153,False,Vta/Vta29,Vta,every_2min,4,890.0
wheel_speed,veh_yawrate,60.0,670.8,700.71,700.71,344.86,104.46,11.678,0.158,False,Vta/Vta29,Vta,every_2min,4,890.0
obd,gps_hold,60.0,670.8,331.51,331.51,165.66,49.42,5.525,0.153,False,Vta/Vta29,Vta,every_2min,4,890.0
hold,imu_aligned,60.0,670.8,317.17,317.17,157.61,47.28,5.286,2.32,False,Vta/Vta29,Vta,every_2min,4,890.0
imu_integrate,imu_aligned,60.0,670.8,335.61,335.61,202.76,50.03,5.594,5.25,False,Vta/Vta29,Vta,every_2min,4,890.0
truth,truth,60.0,242.2,0.97,1.35,1.01,0.4,0.016,,True,Vta/Vta29,Vta,every_2min,5,1100.0
truth,veh_yawrate,60.0,242.2,135.6,136.24,116.13,55.99,2.26,,False,Vta/Vta29,Vta,every_2min,5,1100.0
hold,truth,60.0,242.2,119.08,241.32,125.39,49.17,1.985,10.037,False,Vta/Vta29,Vta,every_2min,5,1100.0
obd,veh_yawrate,60.0,242.2,136.53,137.15,116.55,56.37,2.275,0.066,False,Vta/Vta29,Vta,every_2min,5,1100.0
wheel_speed,veh_yawrate,60.0,242.2,134.92,135.47,115.51,55.71,2.249,0.06,False,Vta/Vta29,Vta,every_2min,5,1100.0
obd,gps_hold,60.0,242.2,69.53,71.21,59.12,28.71,1.159,0.066,False,Vta/Vta29,Vta,every_2min,5,1100.0
hold,imu_aligned,60.0,242.2,634.77,634.77,321.63,262.1,10.58,10.037,False,Vta/Vta29,Vta,every_2min,5,1100.0
imu_integrate,imu_aligned,60.0,242.2,1132.04,1132.04,532.5,467.42,18.867,18.507,False,Vta/Vta29,Vta,every_2min,5,1100.0
truth,truth,60.0,872.8,2.05,2.07,1.41,0.24,0.034,,True,Vta/Vta29,Vta,every_2min,6,1310.0
truth,veh_yawrate,60.0,872.8,843.03,843.03,419.7,96.59,14.05,,False,Vta/Vta29,Vta,every_2min,6,1310.0
hold,truth,60.0,872.8,797.47,797.47,414.33,91.37,13.291,13.4,False,Vta/Vta29,Vta,every_2min,6,1310.0
obd,veh_yawrate,60.0,872.8,847.92,847.92,422.49,97.15,14.132,0.187,False,Vta/Vta29,Vta,every_2min,6,1310.0
wheel_speed,veh_yawrate,60.0,872.8,844.55,844.55,420.8,96.76,14.076,0.092,False,Vta/Vta29,Vta,every_2min,6,1310.0
obd,gps_hold,60.0,872.8,406.75,406.75,206.76,46.6,6.779,0.187,False,Vta/Vta29,Vta,every_2min,6,1310.0
hold,imu_aligned,60.0,872.8,804.67,804.67,418.04,92.19,13.411,13.4,False,Vta/Vta29,Vta,every_2min,6,1310.0
imu_integrate,imu_aligned,60.0,872.8,794.86,794.86,405.15,91.07,13.248,13.214,False,Vta/Vta29,Vta,every_2min,6,1310.0
truth,truth,60.0,1018.1,1.16,1.68,0.99,0.11,0.019,,True,Vta/Vta29,Vta,every_2min,7,1490.0
truth,veh_yawrate,60.0,1018.1,19.4,19.4,8.44,1.91,0.323,,True,Vta/Vta29,Vta,every_2min,7,1490.0
hold,truth,60.0,1018.1,375.17,375.17,251.27,36.85,6.253,6.656,False,Vta/Vta29,Vta,every_2min,7,1490.0
obd,veh_yawrate,60.0,1018.1,19.62,19.62,8.94,1.93,0.327,0.136,True,Vta/Vta29,Vta,every_2min,7,1490.0
wheel_speed,veh_yawrate,60.0,1018.1,20.56,20.56,8.88,2.02,0.343,0.075,True,Vta/Vta29,Vta,every_2min,7,1490.0
obd,gps_hold,60.0,1018.1,271.74,271.74,135.55,26.69,4.529,0.136,False,Vta/Vta29,Vta,every_2min,7,1490.0
hold,imu_aligned,60.0,1018.1,386.66,386.66,255.68,37.98,6.444,6.656,False,Vta/Vta29,Vta,every_2min,7,1490.0
imu_integrate,imu_aligned,60.0,1018.1,1883.61,1883.61,840.43,185.01,31.394,31.098,False,Vta/Vta29,Vta,every_2min,7,1490.0
truth,truth,60.0,1269.0,5.0,5.0,3.73,0.39,0.083,,True,Vta/Vta29,Vta,every_2min,8,1670.0
truth,veh_yawrate,60.0,1269.0,138.07,138.07,66.46,10.88,2.301,,False,Vta/Vta29,Vta,every_2min,8,1670.0
hold,truth,60.0,1269.0,105.05,105.05,68.63,8.28,1.751,2.448,True,Vta/Vta29,Vta,every_2min,8,1670.0
obd,veh_yawrate,60.0,1269.0,137.53,137.53,66.3,10.84,2.292,0.108,False,Vta/Vta29,Vta,every_2min,8,1670.0
wheel_speed,veh_yawrate,60.0,1269.0,138.22,138.22,66.45,10.89,2.304,0.139,False,Vta/Vta29,Vta,every_2min,8,1670.0
obd,gps_hold,60.0,1269.0,401.27,401.27,180.74,31.62,6.688,0.108,False,Vta/Vta29,Vta,every_2min,8,1670.0
hold,imu_aligned,60.0,1269.0,392.02,392.02,184.27,30.89,6.534,2.448,False,Vta/Vta29,Vta,every_2min,8,1670.0
imu_integrate,imu_aligned,60.0,1269.0,1411.72,1411.72,602.44,111.25,23.529,21.766,False,Vta/Vta29,Vta,every_2min,8,1670.0
truth,truth,60.0,803.6,0.62,1.21,0.72,0.08,0.01,,True,Vta/Vta29,Vta,every_2min,9,1850.0
truth,veh_yawrate,60.0,803.6,90.3,90.3,49.4,11.24,1.505,,False,Vta/Vta29,Vta,every_2min,9,1850.0
hold,truth,60.0,803.6,107.27,156.64,92.86,13.35,1.788,3.806,False,Vta/Vta29,Vta,every_2min,9,1850.0
obd,veh_yawrate,60.0,803.6,91.57,91.57,50.17,11.39,1.526,0.105,False,Vta/Vta29,Vta,every_2min,9,1850.0
wheel_speed,veh_yawrate,60.0,803.6,90.53,90.53,49.61,11.26,1.509,0.076,False,Vta/Vta29,Vta,every_2min,9,1850.0
obd,gps_hold,60.0,803.6,428.49,428.49,231.24,53.32,7.142,0.105,False,Vta/Vta29,Vta,every_2min,9,1850.0
hold,imu_aligned,60.0,803.6,403.77,403.77,221.58,50.24,6.73,3.806,False,Vta/Vta29,Vta,every_2min,9,1850.0
imu_integrate,imu_aligned,60.0,803.6,929.92,929.92,375.14,115.72,15.499,11.75,False,Vta/Vta29,Vta,every_2min,9,1850.0
truth,truth,60.0,715.3,0.2,0.74,0.4,0.03,0.003,,True,Vta/Vta29,Vta,every_2min,10,2030.0
truth,veh_yawrate,60.0,715.3,9.91,9.91,4.88,1.38,0.165,,True,Vta/Vta29,Vta,every_2min,10,2030.0
hold,truth,60.0,715.3,59.76,191.84,124.83,8.35,0.996,5.656,True,Vta/Vta29,Vta,every_2min,10,2030.0
obd,veh_yawrate,60.0,715.3,10.97,10.97,5.89,1.53,0.183,0.092,True,Vta/Vta29,Vta,every_2min,10,2030.0
wheel_speed,veh_yawrate,60.0,715.3,9.69,9.69,4.75,1.35,0.161,0.054,True,Vta/Vta29,Vta,every_2min,10,2030.0
obd,gps_hold,60.0,715.3,46.94,48.42,31.17,6.56,0.782,0.092,True,Vta/Vta29,Vta,every_2min,10,2030.0
hold,imu_aligned,60.0,715.3,71.92,193.84,127.21,10.06,1.199,5.656,False,Vta/Vta29,Vta,every_2min,10,2030.0
imu_integrate,imu_aligned,60.0,715.3,444.34,444.34,182.82,62.12,7.406,10.326,False,Vta/Vta29,Vta,every_2min,10,2030.0
truth,truth,60.0,746.2,2.13,2.37,1.29,0.29,0.035,,True,Vta/Vta29,Vta,every_2min,11,2210.0
truth,veh_yawrate,60.0,746.2,48.45,48.45,23.65,6.49,0.808,,True,Vta/Vta29,Vta,every_2min,11,2210.0
hold,truth,60.0,746.2,27.8,27.8,15.42,3.73,0.463,1.251,True,Vta/Vta29,Vta,every_2min,11,2210.0
obd,veh_yawrate,60.0,746.2,55.29,55.29,27.01,7.41,0.922,0.133,True,Vta/Vta29,Vta,every_2min,11,2210.0
wheel_speed,veh_yawrate,60.0,746.2,49.36,49.36,24.28,6.61,0.823,0.063,True,Vta/Vta29,Vta,every_2min,11,2210.0
obd,gps_hold,60.0,746.2,226.48,226.48,81.78,30.35,3.775,0.133,False,Vta/Vta29,Vta,every_2min,11,2210.0
hold,imu_aligned,60.0,746.2,218.12,218.12,82.25,29.23,3.635,1.251,False,Vta/Vta29,Vta,every_2min,11,2210.0
imu_integrate,imu_aligned,60.0,746.2,1235.92,1235.92,578.68,165.63,20.599,18.028,False,Vta/Vta29,Vta,every_2min,11,2210.0
truth,truth,60.0,1068.2,0.51,0.99,0.53,0.05,0.008,,True,Vta/Vta30,Vta,isro_60s,0,20.0
truth,veh_yawrate,60.0,1068.2,346.41,346.41,157.88,32.43,5.773,,False,Vta/Vta30,Vta,isro_60s,0,20.0
hold,truth,60.0,1068.2,981.11,981.11,473.79,91.85,16.352,16.607,False,Vta/Vta30,Vta,isro_60s,0,20.0
obd,veh_yawrate,60.0,1068.2,347.47,347.47,158.47,32.53,5.791,0.148,False,Vta/Vta30,Vta,isro_60s,0,20.0
wheel_speed,veh_yawrate,60.0,1068.2,347.62,347.62,158.57,32.54,5.794,0.157,False,Vta/Vta30,Vta,isro_60s,0,20.0
obd,gps_hold,60.0,1068.2,1235.45,1235.45,597.3,115.66,20.591,0.148,False,Vta/Vta30,Vta,isro_60s,0,20.0
hold,imu_aligned,60.0,1068.2,1036.02,1036.02,503.14,96.99,17.267,16.607,False,Vta/Vta30,Vta,isro_60s,0,20.0
imu_integrate,imu_aligned,60.0,1068.2,1002.72,1002.72,487.76,93.87,16.712,11.651,False,Vta/Vta30,Vta,isro_60s,0,20.0
truth,truth,57.2,999.5,0.44,0.99,0.54,0.04,0.008,,True,Vta/Vta30,Vta,isro_1km,0,20.0
truth,veh_yawrate,57.2,999.5,318.85,318.85,143.93,31.9,5.574,,False,Vta/Vta30,Vta,isro_1km,0,20.0
hold,truth,57.2,999.5,916.52,916.52,437.37,91.69,16.023,16.292,False,Vta/Vta30,Vta,isro_1km,0,20.0
obd,veh_yawrate,57.2,999.5,319.85,319.85,144.48,32.0,5.592,0.149,False,Vta/Vta30,Vta,isro_1km,0,20.0
wheel_speed,veh_yawrate,57.2,999.5,320.0,320.0,144.59,32.02,5.594,0.159,False,Vta/Vta30,Vta,isro_1km,0,20.0
obd,gps_hold,57.2,999.5,1154.06,1154.06,551.55,115.46,20.176,0.149,False,Vta/Vta30,Vta,isro_1km,0,20.0
hold,imu_aligned,57.2,999.5,968.5,968.5,465.03,96.89,16.932,16.292,False,Vta/Vta30,Vta,isro_1km,0,20.0
imu_integrate,imu_aligned,57.2,999.5,936.39,936.39,451.04,93.68,16.371,11.766,False,Vta/Vta30,Vta,isro_1km,0,20.0
truth,truth,30.0,328.1,0.65,0.99,0.67,0.2,0.022,,True,Vta/Vta30,Vta,tunnels,0,20.0
truth,veh_yawrate,30.0,328.1,84.22,84.22,33.66,25.67,2.807,,False,Vta/Vta30,Vta,tunnels,0,20.0
hold,truth,30.0,328.1,284.66,284.66,115.24,86.75,9.489,10.003,False,Vta/Vta30,Vta,tunnels,0,20.0
obd,veh_yawrate,30.0,328.1,84.85,84.85,33.98,25.86,2.828,0.129,False,Vta/Vta30,Vta,tunnels,0,20.0
wheel_speed,veh_yawrate,30.0,328.1,84.98,84.98,34.05,25.9,2.833,0.139,False,Vta/Vta30,Vta,tunnels,0,20.0
obd,gps_hold,30.0,328.1,358.62,358.62,147.71,109.3,11.954,0.129,False,Vta/Vta30,Vta,tunnels,0,20.0
hold,imu_aligned,30.0,328.1,307.94,307.94,126.8,93.85,10.265,10.003,False,Vta/Vta30,Vta,tunnels,0,20.0
imu_integrate,imu_aligned,30.0,328.1,304.42,304.42,126.02,92.78,10.147,10.237,False,Vta/Vta30,Vta,tunnels,0,20.0
truth,truth,30.0,391.2,0.5,0.5,0.24,0.13,0.017,,True,Vta/Vta30,Vta,tunnels,1,155.0
truth,veh_yawrate,30.0,391.2,7.6,7.6,3.99,1.94,0.253,,True,Vta/Vta30,Vta,tunnels,1,155.0
hold,truth,30.0,391.2,9.33,16.65,8.44,2.39,0.311,1.571,True,Vta/Vta30,Vta,tunnels,1,155.0
obd,veh_yawrate,30.0,391.2,7.95,7.95,4.2,2.03,0.265,0.108,True,Vta/Vta30,Vta,tunnels,1,155.0
wheel_speed,veh_yawrate,30.0,391.2,7.59,7.59,4.0,1.94,0.253,0.076,True,Vta/Vta30,Vta,tunnels,1,155.0
obd,gps_hold,30.0,391.2,6.05,6.05,4.16,1.55,0.202,0.108,True,Vta/Vta30,Vta,tunnels,1,155.0
hold,imu_aligned,30.0,391.2,10.74,17.32,9.35,2.75,0.358,1.571,True,Vta/Vta30,Vta,tunnels,1,155.0
imu_integrate,imu_aligned,30.0,391.2,135.82,135.82,80.1,34.72,4.527,4.594,False,Vta/Vta30,Vta,tunnels,1,155.0
truth,truth,30.0,124.5,1.06,1.06,0.45,0.85,0.035,,True,Vta/Vta30,Vta,tunnels,2,470.0
truth,veh_yawrate,30.0,124.5,2.2,2.2,0.82,1.77,0.073,,True,Vta/Vta30,Vta,tunnels,2,470.0
hold,truth,30.0,124.5,28.65,30.79,19.13,23.02,0.955,2.881,False,Vta/Vta30,Vta,tunnels,2,470.0
obd,veh_yawrate,30.0,124.5,2.17,2.17,0.82,1.75,0.072,0.083,True,Vta/Vta30,Vta,tunnels,2,470.0
wheel_speed,veh_yawrate,30.0,124.5,2.54,2.54,0.97,2.04,0.085,0.097,True,Vta/Vta30,Vta,tunnels,2,470.0
obd,gps_hold,30.0,124.5,32.98,32.98,11.72,26.49,1.099,0.083,False,Vta/Vta30,Vta,tunnels,2,470.0
hold,imu_aligned,30.0,124.5,37.33,37.33,21.15,29.99,1.244,2.881,False,Vta/Vta30,Vta,tunnels,2,470.0
imu_integrate,imu_aligned,30.0,124.5,92.01,92.01,39.29,73.91,3.067,3.816,False,Vta/Vta30,Vta,tunnels,2,470.0
truth,truth,30.0,284.5,0.16,0.31,0.16,0.06,0.005,,True,Vta/Vta30,Vta,tunnels,3,605.0
truth,veh_yawrate,30.0,284.5,4.77,4.79,1.81,1.68,0.159,,True,Vta/Vta30,Vta,tunnels,3,605.0
hold,truth,30.0,284.5,74.57,74.57,32.65,26.21,2.486,2.773,False,Vta/Vta30,Vta,tunnels,3,605.0
obd,veh_yawrate,30.0,284.5,5.57,5.59,2.38,1.96,0.186,0.085,True,Vta/Vta30,Vta,tunnels,3,605.0
wheel_speed,veh_yawrate,30.0,284.5,4.82,4.84,1.83,1.69,0.161,0.053,True,Vta/Vta30,Vta,tunnels,3,605.0
obd,gps_hold,30.0,284.5,85.37,85.37,37.06,30.01,2.846,0.085,False,Vta/Vta30,Vta,tunnels,3,605.0
hold,imu_aligned,30.0,284.5,101.9,101.9,44.92,35.82,3.397,2.773,False,Vta/Vta30,Vta,tunnels,3,605.0
imu_integrate,imu_aligned,30.0,284.5,128.62,128.62,74.44,45.21,4.287,3.839,False,Vta/Vta30,Vta,tunnels,3,605.0
truth,truth,30.0,390.9,0.42,0.49,0.32,0.11,0.014,,True,Vta/Vta30,Vta,tunnels,4,1032.5
truth,veh_yawrate,30.0,390.9,212.86,212.86,105.19,54.45,7.095,,False,Vta/Vta30,Vta,tunnels,4,1032.5
hold,truth,30.0,390.9,1.93,4.14,2.33,0.49,0.064,0.363,True,Vta/Vta30,Vta,tunnels,4,1032.5
obd,veh_yawrate,30.0,390.9,213.6,213.6,105.55,54.64,7.12,0.13,False,Vta/Vta30,Vta,tunnels,4,1032.5
wheel_speed,veh_yawrate,30.0,390.9,212.65,212.65,105.08,54.4,7.088,0.104,False,Vta/Vta30,Vta,tunnels,4,1032.5
obd,gps_hold,30.0,390.9,102.99,102.99,50.64,26.34,3.433,0.13,False,Vta/Vta30,Vta,tunnels,4,1032.5
hold,imu_aligned,30.0,390.9,102.71,102.71,50.56,26.27,3.424,0.363,False,Vta/Vta30,Vta,tunnels,4,1032.5
imu_integrate,imu_aligned,30.0,390.9,101.18,101.18,52.4,25.88,3.373,1.751,False,Vta/Vta30,Vta,tunnels,4,1032.5
truth,truth,30.0,110.5,1.95,1.97,1.21,1.76,0.065,,True,Vta/Vta30,Vta,tunnels,5,1167.5
truth,veh_yawrate,30.0,110.5,101.31,101.31,34.26,91.64,3.377,,False,Vta/Vta30,Vta,tunnels,5,1167.5
hold,truth,30.0,110.5,86.58,86.6,65.5,78.31,2.886,3.268,False,Vta/Vta30,Vta,tunnels,5,1167.5
obd,veh_yawrate,30.0,110.5,102.48,102.48,34.75,92.7,3.416,0.083,False,Vta/Vta30,Vta,tunnels,5,1167.5
wheel_speed,veh_yawrate,30.0,110.5,102.01,102.01,34.56,92.28,3.4,0.065,False,Vta/Vta30,Vta,tunnels,5,1167.5
obd,gps_hold,30.0,110.5,69.14,69.14,23.7,62.54,2.305,0.083,False,Vta/Vta30,Vta,tunnels,5,1167.5
hold,imu_aligned,30.0,110.5,148.14,148.14,83.18,134.01,4.938,3.268,False,Vta/Vta30,Vta,tunnels,5,1167.5
imu_integrate,imu_aligned,30.0,110.5,328.61,328.61,170.47,297.25,10.954,9.479,False,Vta/Vta30,Vta,tunnels,5,1167.5
truth,truth,30.0,135.5,4.61,4.62,3.04,3.4,0.154,,True,Vta/Vta30,Vta,tunnels,6,1302.5
truth,veh_yawrate,30.0,135.5,8.04,8.04,3.71,5.93,0.268,,True,Vta/Vta30,Vta,tunnels,6,1302.5
hold,truth,30.0,135.5,41.19,41.19,24.05,30.39,1.373,1.527,False,Vta/Vta30,Vta,tunnels,6,1302.5
obd,veh_yawrate,30.0,135.5,7.24,7.24,3.17,5.34,0.241,0.127,True,Vta/Vta30,Vta,tunnels,6,1302.5
wheel_speed,veh_yawrate,30.0,135.5,7.9,7.9,3.65,5.83,0.263,0.146,True,Vta/Vta30,Vta,tunnels,6,1302.5
obd,gps_hold,30.0,135.5,45.44,45.44,18.55,33.53,1.515,0.127,False,Vta/Vta30,Vta,tunnels,6,1302.5
hold,imu_aligned,30.0,135.5,72.13,72.13,34.58,53.22,2.404,1.527,False,Vta/Vta30,Vta,tunnels,6,1302.5
imu_integrate,imu_aligned,30.0,135.5,46.15,46.15,18.78,34.06,1.538,1.42,False,Vta/Vta30,Vta,tunnels,6,1302.5
truth,truth,30.0,323.0,0.79,0.79,0.38,0.24,0.026,,True,Vta/Vta30,Vta,tunnels,7,1595.0
truth,veh_yawrate,30.0,323.0,8.15,8.15,2.68,2.52,0.272,,True,Vta/Vta30,Vta,tunnels,7,1595.0
hold,truth,30.0,323.0,24.92,24.92,11.69,7.72,0.831,0.884,True,Vta/Vta30,Vta,tunnels,7,1595.0
obd,veh_yawrate,30.0,323.0,7.86,7.86,2.72,2.43,0.262,0.092,True,Vta/Vta30,Vta,tunnels,7,1595.0
wheel_speed,veh_yawrate,30.0,323.0,9.12,9.12,3.28,2.82,0.304,0.107,True,Vta/Vta30,Vta,tunnels,7,1595.0
obd,gps_hold,30.0,323.0,76.52,77.88,53.34,23.69,2.551,0.092,False,Vta/Vta30,Vta,tunnels,7,1595.0
hold,imu_aligned,30.0,323.0,76.08,77.13,52.57,23.55,2.536,0.884,False,Vta/Vta30,Vta,tunnels,7,1595.0
imu_integrate,imu_aligned,30.0,323.0,90.82,90.84,56.97,28.12,3.027,2.443,False,Vta/Vta30,Vta,tunnels,7,1595.0
truth,truth,60.0,1068.2,0.51,0.99,0.53,0.05,0.008,,True,Vta/Vta30,Vta,every_2min,0,20.0
truth,veh_yawrate,60.0,1068.2,346.41,346.41,157.88,32.43,5.773,,False,Vta/Vta30,Vta,every_2min,0,20.0
hold,truth,60.0,1068.2,981.11,981.11,473.79,91.85,16.352,16.607,False,Vta/Vta30,Vta,every_2min,0,20.0
obd,veh_yawrate,60.0,1068.2,347.47,347.47,158.47,32.53,5.791,0.148,False,Vta/Vta30,Vta,every_2min,0,20.0
wheel_speed,veh_yawrate,60.0,1068.2,347.62,347.62,158.57,32.54,5.794,0.157,False,Vta/Vta30,Vta,every_2min,0,20.0
obd,gps_hold,60.0,1068.2,1235.45,1235.45,597.3,115.66,20.591,0.148,False,Vta/Vta30,Vta,every_2min,0,20.0
hold,imu_aligned,60.0,1068.2,1036.02,1036.02,503.14,96.99,17.267,16.607,False,Vta/Vta30,Vta,every_2min,0,20.0
imu_integrate,imu_aligned,60.0,1068.2,1002.72,1002.72,487.76,93.87,16.712,11.651,False,Vta/Vta30,Vta,every_2min,0,20.0
truth,truth,60.0,845.4,1.35,1.46,0.89,0.16,0.022,,True,Vta/Vta30,Vta,every_2min,1,200.0
truth,veh_yawrate,60.0,845.4,86.35,97.82,73.12,10.21,1.439,,False,Vta/Vta30,Vta,every_2min,1,200.0
hold,truth,60.0,845.4,198.91,198.91,139.14,23.53,3.315,3.861,False,Vta/Vta30,Vta,every_2min,1,200.0
obd,veh_yawrate,60.0,845.4,90.77,99.87,75.01,10.74,1.513,0.175,False,Vta/Vta30,Vta,every_2min,1,200.0
wheel_speed,veh_yawrate,60.0,845.4,88.0,98.71,73.9,10.41,1.467,0.132,False,Vta/Vta30,Vta,every_2min,1,200.0
obd,gps_hold,60.0,845.4,240.19,282.42,209.91,28.41,4.003,0.175,False,Vta/Vta30,Vta,every_2min,1,200.0
hold,imu_aligned,60.0,845.4,223.97,267.82,197.02,26.49,3.733,3.861,False,Vta/Vta30,Vta,every_2min,1,200.0
imu_integrate,imu_aligned,60.0,845.4,202.03,308.36,212.26,23.9,3.367,8.054,False,Vta/Vta30,Vta,every_2min,1,200.0
truth,truth,60.0,304.5,2.17,2.17,1.21,0.71,0.036,,True,Vta/Vta30,Vta,every_2min,2,470.0
truth,veh_yawrate,60.0,304.5,5.58,5.77,3.53,1.83,0.093,,True,Vta/Vta30,Vta,every_2min,2,470.0
hold,truth,60.0,304.5,108.17,108.17,54.35,35.53,1.803,3.266,False,Vta/Vta30,Vta,every_2min,2,470.0
obd,veh_yawrate,60.0,304.5,5.49,5.7,3.47,1.8,0.092,0.06,True,Vta/Vta30,Vta,every_2min,2,470.0
wheel_speed,veh_yawrate,60.0,304.5,5.91,6.11,3.77,1.94,0.098,0.073,True,Vta/Vta30,Vta,every_2min,2,470.0
obd,gps_hold,60.0,304.5,152.05,152.05,67.76,49.94,2.534,0.06,False,Vta/Vta30,Vta,every_2min,2,470.0
hold,imu_aligned,60.0,304.5,155.9,155.9,73.75,51.21,2.598,3.266,False,Vta/Vta30,Vta,every_2min,2,470.0
imu_integrate,imu_aligned,60.0,304.5,145.21,145.21,88.13,47.69,2.42,3.507,False,Vta/Vta30,Vta,every_2min,2,470.0
truth,truth,60.0,665.0,1.5,1.5,0.78,0.23,0.025,,True,Vta/Vta30,Vta,every_2min,3,650.0
truth,veh_yawrate,60.0,665.0,28.26,28.26,15.13,4.25,0.471,,True,Vta/Vta30,Vta,every_2min,3,650.0
hold,truth,60.0,665.0,90.53,90.53,45.2,13.61,1.509,1.563,False,Vta/Vta30,Vta,every_2min,3,650.0
obd,veh_yawrate,60.0,665.0,29.28,29.28,15.82,4.4,0.488,0.12,True,Vta/Vta30,Vta,every_2min,3,650.0
wheel_speed,veh_yawrate,60.0,665.0,28.35,28.35,15.2,4.26,0.473,0.088,True,Vta/Vta30,Vta,every_2min,3,650.0
obd,gps_hold,60.0,665.0,158.68,158.68,76.48,23.86,2.645,0.12,False,Vta/Vta30,Vta,every_2min,3,650.0
hold,imu_aligned,60.0,665.0,169.1,169.1,82.27,25.43,2.818,1.563,False,Vta/Vta30,Vta,every_2min,3,650.0
imu_integrate,imu_aligned,60.0,665.0,160.62,160.62,78.23,24.15,2.677,1.241,False,Vta/Vta30,Vta,every_2min,3,650.0
truth,truth,60.0,444.2,0.48,0.84,0.53,0.11,0.008,,True,Vta/Vta30,Vta,every_2min,4,980.0
truth,veh_yawrate,60.0,444.2,31.35,31.35,10.74,7.06,0.522,,True,Vta/Vta30,Vta,every_2min,4,980.0
hold,truth,60.0,444.2,155.61,214.18,157.58,35.03,2.593,4.545,False,Vta/Vta30,Vta,every_2min,4,980.0
obd,veh_yawrate,60.0,444.2,31.89,31.89,10.92,7.18,0.532,0.096,True,Vta/Vta30,Vta,every_2min,4,980.0
wheel_speed,veh_yawrate,60.0,444.2,31.48,31.48,10.75,7.09,0.525,0.07,True,Vta/Vta30,Vta,every_2min,4,980.0
obd,gps_hold,60.0,444.2,15.48,15.48,5.26,3.48,0.258,0.096,True,Vta/Vta30,Vta,every_2min,4,980.0
hold,imu_aligned,60.0,444.2,156.61,214.32,157.79,35.26,2.61,4.545,False,Vta/Vta30,Vta,every_2min,4,980.0
imu_integrate,imu_aligned,60.0,444.2,153.77,203.19,149.93,34.61,2.563,4.248,False,Vta/Vta30,Vta,every_2min,4,980.0
truth,truth,60.0,235.9,2.22,2.24,1.56,0.94,0.037,,True,Vta/Vta30,Vta,every_2min,5,1160.0
truth,veh_yawrate,60.0,235.9,214.37,214.37,95.12,90.88,3.573,,False,Vta/Vta30,Vta,every_2min,5,1160.0
hold,truth,60.0,235.9,181.07,181.07,107.01,76.76,3.018,4.604,False,Vta/Vta30,Vta,every_2min,5,1160.0
obd,veh_yawrate,60.0,235.9,215.92,215.92,95.9,91.54,3.599,0.074,False,Vta/Vta30,Vta,every_2min,5,1160.0
wheel_speed,veh_yawrate,60.0,235.9,214.94,214.94,95.37,91.12,3.582,0.062,False,Vta/Vta30,Vta,every_2min,5,1160.0
obd,gps_hold,60.0,235.9,149.57,149.57,65.51,63.41,2.493,0.074,False,Vta/Vta30,Vta,every_2min,5,1160.0
hold,imu_aligned,60.0,235.9,375.96,375.96,187.92,159.38,6.266,4.604,False,Vta/Vta30,Vta,every_2min,5,1160.0
imu_integrate,imu_aligned,60.0,235.9,540.29,540.29,291.02,229.05,9.005,7.605,False,Vta/Vta30,Vta,every_2min,5,1160.0
truth,truth,60.0,192.0,1.11,1.2,0.67,0.58,0.019,,True,Vta/Vta30,Vta,every_2min,6,1340.0
truth,veh_yawrate,60.0,192.0,7.1,7.1,3.34,3.7,0.118,,True,Vta/Vta30,Vta,every_2min,6,1340.0
hold,truth,60.0,192.0,78.89,79.68,48.61,41.08,1.315,2.289,False,Vta/Vta30,Vta,every_2min,6,1340.0
obd,veh_yawrate,60.0,192.0,6.73,6.73,3.17,3.5,0.112,0.061,True,Vta/Vta30,Vta,every_2min,6,1340.0
wheel_speed,veh_yawrate,60.0,192.0,7.31,7.31,3.51,3.8,0.122,0.052,True,Vta/Vta30,Vta,every_2min,6,1340.0
obd,gps_hold,60.0,192.0,180.73,180.73,73.59,94.12,3.012,0.061,False,Vta/Vta30,Vta,every_2min,6,1340.0
hold,imu_aligned,60.0,192.0,223.37,223.37,103.72,116.32,3.723,2.289,False,Vta/Vta30,Vta,every_2min,6,1340.0
imu_integrate,imu_aligned,60.0,192.0,445.33,445.33,231.05,231.91,7.422,5.126,False,Vta/Vta30,Vta,every_2min,6,1340.0
truth,truth,60.0,441.2,0.95,1.28,0.84,0.22,0.016,,True,Vta/Vta30,Vta,every_2min,7,1610.0
truth,veh_yawrate,60.0,441.2,61.66,61.66,28.87,13.98,1.028,,False,Vta/Vta30,Vta,every_2min,7,1610.0
hold,truth,60.0,441.2,247.94,247.94,134.01,56.2,4.132,4.226,False,Vta/Vta30,Vta,every_2min,7,1610.0
obd,veh_yawrate,60.0,441.2,61.42,61.42,28.55,13.92,1.024,0.095,False,Vta/Vta30,Vta,every_2min,7,1610.0
wheel_speed,veh_yawrate,60.0,441.2,62.91,62.91,29.37,14.26,1.048,0.101,False,Vta/Vta30,Vta,every_2min,7,1610.0
obd,gps_hold,60.0,441.2,336.82,336.82,161.0,76.35,5.614,0.095,False,Vta/Vta30,Vta,every_2min,7,1610.0
hold,imu_aligned,60.0,441.2,517.08,517.08,249.98,117.2,8.618,4.226,False,Vta/Vta30,Vta,every_2min,7,1610.0
imu_integrate,imu_aligned,60.0,441.2,783.79,783.79,382.7,177.66,13.063,9.186,False,Vta/Vta30,Vta,every_2min,7,1610.0
truth,truth,60.0,222.5,1.27,1.28,0.78,0.57,0.021,,True,Vtb/Vtb01,Vtb,isro_60s,0,115.0
truth,veh_yawrate,60.0,222.5,150.72,150.73,108.69,67.73,2.512,,False,Vtb/Vtb01,Vtb,isro_60s,0,115.0
hold,truth,60.0,222.5,58.17,112.88,83.29,26.14,0.97,2.892,False,Vtb/Vtb01,Vtb,isro_60s,0,115.0
obd,veh_yawrate,60.0,222.5,150.64,150.66,108.78,67.69,2.511,0.071,False,Vtb/Vtb01,Vtb,isro_60s,0,115.0
wheel_speed,veh_yawrate,60.0,222.5,148.93,148.95,107.55,66.92,2.482,0.092,False,Vtb/Vtb01,Vtb,isro_60s,0,115.0
obd,gps_hold,60.0,222.5,77.84,77.87,55.93,34.98,1.297,0.071,False,Vtb/Vtb01,Vtb,isro_60s,0,115.0
hold,imu_aligned,60.0,222.5,84.58,119.31,91.16,38.01,1.41,2.892,False,Vtb/Vtb01,Vtb,isro_60s,0,115.0
imu_integrate,imu_aligned,60.0,222.5,3043.32,3043.32,1382.49,1367.54,50.722,50.91,False,Vtb/Vtb01,Vtb,isro_60s,0,115.0
truth,truth,177.7,999.8,2.19,3.39,1.89,0.22,0.012,,True,Vtb/Vtb01,Vtb,isro_1km,0,235.0
truth,veh_yawrate,177.7,999.8,1780.15,1780.15,766.39,178.04,10.018,,False,Vtb/Vtb01,Vtb,isro_1km,0,235.0
hold,truth,177.7,999.8,717.29,717.29,340.33,71.74,4.037,5.106,False,Vtb/Vtb01,Vtb,isro_1km,0,235.0
obd,veh_yawrate,177.7,999.8,1787.44,1787.44,768.95,178.77,10.059,0.096,False,Vtb/Vtb01,Vtb,isro_1km,0,235.0
wheel_speed,veh_yawrate,177.7,999.8,1779.27,1779.27,765.44,177.96,10.013,0.073,False,Vtb/Vtb01,Vtb,isro_1km,0,235.0
obd,gps_hold,177.7,999.8,1695.41,1695.41,714.76,169.57,9.541,0.096,False,Vtb/Vtb01,Vtb,isro_1km,0,235.0
hold,imu_aligned,177.7,999.8,1216.61,1216.61,556.73,121.68,6.846,5.106,False,Vtb/Vtb01,Vtb,isro_1km,0,235.0
imu_integrate,imu_aligned,177.7,999.8,5629.58,5629.58,2815.8,563.05,31.68,22.98,False,Vtb/Vtb01,Vtb,isro_1km,0,235.0
truth,truth,30.0,77.0,0.36,0.38,0.2,0.47,0.012,,True,Vtb/Vtb01,Vtb,tunnels,0,132.5
truth,veh_yawrate,30.0,77.0,8.38,8.38,5.24,10.88,0.279,,False,Vtb/Vtb01,Vtb,tunnels,0,132.5
hold,truth,30.0,77.0,6.5,27.82,16.02,8.45,0.217,2.059,True,Vtb/Vtb01,Vtb,tunnels,0,132.5
obd,veh_yawrate,30.0,77.0,8.32,8.32,5.22,10.81,0.277,0.064,False,Vtb/Vtb01,Vtb,tunnels,0,132.5
wheel_speed,veh_yawrate,30.0,77.0,8.31,8.31,5.19,10.79,0.277,0.065,False,Vtb/Vtb01,Vtb,tunnels,0,132.5
obd,gps_hold,30.0,77.0,3.34,3.34,1.91,4.34,0.111,0.064,True,Vtb/Vtb01,Vtb,tunnels,0,132.5
hold,imu_aligned,30.0,77.0,7.43,27.81,16.02,9.65,0.248,2.059,True,Vtb/Vtb01,Vtb,tunnels,0,132.5
imu_integrate,imu_aligned,30.0,77.0,885.06,885.06,401.44,1149.54,29.502,29.516,False,Vtb/Vtb01,Vtb,tunnels,0,132.5
truth,truth,30.0,322.3,1.05,1.12,0.48,0.33,0.035,,True,Vtb/Vtb01,Vtb,tunnels,1,335.0
truth,veh_yawrate,30.0,322.3,237.53,237.53,87.68,73.7,7.918,,False,Vtb/Vtb01,Vtb,tunnels,1,335.0
hold,truth,30.0,322.3,212.36,212.36,130.8,65.89,7.079,7.98,False,Vtb/Vtb01,Vtb,tunnels,1,335.0
obd,veh_yawrate,30.0,322.3,238.68,238.68,88.15,74.06,7.956,0.156,False,Vtb/Vtb01,Vtb,tunnels,1,335.0
wheel_speed,veh_yawrate,30.0,322.3,237.64,237.64,87.77,73.73,7.921,0.12,False,Vtb/Vtb01,Vtb,tunnels,1,335.0
obd,gps_hold,30.0,322.3,131.18,131.18,47.1,40.7,4.373,0.156,False,Vtb/Vtb01,Vtb,tunnels,1,335.0
hold,imu_aligned,30.0,322.3,213.32,213.32,130.36,66.19,7.111,7.98,False,Vtb/Vtb01,Vtb,tunnels,1,335.0
imu_integrate,imu_aligned,30.0,322.3,486.29,486.29,259.38,150.88,16.21,14.832,False,Vtb/Vtb01,Vtb,tunnels,1,335.0
truth,truth,30.0,565.5,4.34,13.25,2.63,0.77,0.145,,True,Vtb/Vtb01,Vtb,tunnels,2,470.0
truth,veh_yawrate,30.0,565.5,63.94,63.94,27.99,11.31,2.131,,False,Vtb/Vtb01,Vtb,tunnels,2,470.0
hold,truth,30.0,565.5,450.47,450.47,266.83,79.66,15.016,16.048,False,Vtb/Vtb01,Vtb,tunnels,2,470.0
obd,veh_yawrate,30.0,565.5,64.74,64.74,28.62,11.45,2.158,0.769,False,Vtb/Vtb01,Vtb,tunnels,2,470.0
wheel_speed,veh_yawrate,30.0,565.5,63.16,63.16,27.7,11.17,2.105,0.747,False,Vtb/Vtb01,Vtb,tunnels,2,470.0
obd,gps_hold,30.0,565.5,41.24,46.42,31.59,7.29,1.375,0.769,True,Vtb/Vtb01,Vtb,tunnels,2,470.0
hold,imu_aligned,30.0,565.5,447.01,447.01,265.65,79.05,14.9,16.048,False,Vtb/Vtb01,Vtb,tunnels,2,470.0
imu_integrate,imu_aligned,30.0,565.5,133.47,133.47,89.52,23.6,4.449,5.66,False,Vtb/Vtb01,Vtb,tunnels,2,470.0
truth,truth,30.0,543.2,9.3,9.35,6.34,1.71,0.31,,True,Vtb/Vtb01,Vtb,tunnels,3,605.0
truth,veh_yawrate,30.0,543.2,21.86,21.86,11.65,4.02,0.729,,True,Vtb/Vtb01,Vtb,tunnels,3,605.0
hold,truth,30.0,543.2,455.05,455.05,259.71,83.78,15.168,15.334,False,Vtb/Vtb01,Vtb,tunnels,3,605.0
obd,veh_yawrate,30.0,543.2,21.55,21.55,11.07,3.97,0.718,0.188,True,Vtb/Vtb01,Vtb,tunnels,3,605.0
wheel_speed,veh_yawrate,30.0,543.2,21.61,21.61,11.3,3.98,0.72,0.271,True,Vtb/Vtb01,Vtb,tunnels,3,605.0
obd,gps_hold,30.0,543.2,116.21,116.52,67.97,21.4,3.874,0.188,False,Vtb/Vtb01,Vtb,tunnels,3,605.0
hold,imu_aligned,30.0,543.2,456.44,456.44,260.62,84.03,15.215,15.334,False,Vtb/Vtb01,Vtb,tunnels,3,605.0
imu_integrate,imu_aligned,30.0,543.2,139.41,139.41,86.3,25.67,4.647,7.372,False,Vtb/Vtb01,Vtb,tunnels,3,605.0
truth,truth,30.0,359.9,1.72,1.74,1.44,0.48,0.057,,True,Vtb/Vtb01,Vtb,tunnels,4,740.0
truth,veh_yawrate,30.0,359.9,332.24,332.24,151.86,92.32,11.075,,False,Vtb/Vtb01,Vtb,tunnels,4,740.0
hold,truth,30.0,359.9,64.02,64.02,40.78,17.79,2.134,2.306,False,Vtb/Vtb01,Vtb,tunnels,4,740.0
obd,veh_yawrate,30.0,359.9,333.97,333.97,152.61,92.8,11.132,0.091,False,Vtb/Vtb01,Vtb,tunnels,4,740.0
wheel_speed,veh_yawrate,30.0,359.9,332.32,332.32,151.85,92.34,11.077,0.053,False,Vtb/Vtb01,Vtb,tunnels,4,740.0
obd,gps_hold,30.0,359.9,226.97,226.97,102.23,63.07,7.566,0.091,False,Vtb/Vtb01,Vtb,tunnels,4,740.0
hold,imu_aligned,30.0,359.9,202.86,202.86,94.54,56.37,6.762,2.306,False,Vtb/Vtb01,Vtb,tunnels,4,740.0
imu_integrate,imu_aligned,30.0,359.9,415.47,415.47,184.25,115.45,13.849,8.625,False,Vtb/Vtb01,Vtb,tunnels,4,740.0
truth,truth,30.0,246.6,1.3,1.63,1.12,0.53,0.043,,True,Vtb/Vtb01,Vtb,tunnels,5,875.0
truth,veh_yawrate,30.0,246.6,12.56,12.56,8.41,5.1,0.419,,True,Vtb/Vtb01,Vtb,tunnels,5,875.0
hold,truth,30.0,246.6,246.29,246.29,121.7,99.89,8.21,8.376,False,Vtb/Vtb01,Vtb,tunnels,5,875.0
obd,veh_yawrate,30.0,246.6,12.67,12.67,8.45,5.14,0.422,0.084,True,Vtb/Vtb01,Vtb,tunnels,5,875.0
wheel_speed,veh_yawrate,30.0,246.6,12.56,12.56,8.35,5.09,0.419,0.058,True,Vtb/Vtb01,Vtb,tunnels,5,875.0
obd,gps_hold,30.0,246.6,10.02,10.29,8.13,4.06,0.334,0.084,True,Vtb/Vtb01,Vtb,tunnels,5,875.0
hold,imu_aligned,30.0,246.6,247.4,247.4,122.51,100.34,8.247,8.376,False,Vtb/Vtb01,Vtb,tunnels,5,875.0
imu_integrate,imu_aligned,30.0,246.6,215.08,215.08,104.65,87.23,7.169,7.173,False,Vtb/Vtb01,Vtb,tunnels,5,875.0
truth,truth,30.0,728.4,1.71,2.24,0.97,0.23,0.057,,True,Vtb/Vtb01,Vtb,tunnels,6,1010.0
truth,veh_yawrate,30.0,728.4,149.04,155.56,102.05,20.46,4.968,,False,Vtb/Vtb01,Vtb,tunnels,6,1010.0
hold,truth,30.0,728.4,60.01,60.01,34.39,8.24,2.0,2.02,True,Vtb/Vtb01,Vtb,tunnels,6,1010.0
obd,veh_yawrate,30.0,728.4,149.74,156.21,102.48,20.56,4.991,0.191,False,Vtb/Vtb01,Vtb,tunnels,6,1010.0
wheel_speed,veh_yawrate,30.0,728.4,149.04,155.58,102.06,20.46,4.968,0.081,False,Vtb/Vtb01,Vtb,tunnels,6,1010.0
obd,gps_hold,30.0,728.4,69.81,80.74,54.05,9.58,2.327,0.191,True,Vtb/Vtb01,Vtb,tunnels,6,1010.0
hold,imu_aligned,30.0,728.4,86.22,91.0,60.97,11.84,2.874,2.02,False,Vtb/Vtb01,Vtb,tunnels,6,1010.0
imu_integrate,imu_aligned,30.0,728.4,68.47,79.81,53.6,9.4,2.282,0.874,True,Vtb/Vtb01,Vtb,tunnels,6,1010.0
truth,truth,30.0,413.4,54.35,55.92,37.2,13.15,1.812,,False,Vtb/Vtb01,Vtb,tunnels,7,1145.0
truth,veh_yawrate,30.0,413.4,262.22,262.22,105.62,63.42,8.741,,False,Vtb/Vtb01,Vtb,tunnels,7,1145.0
hold,truth,30.0,413.4,12.27,27.43,16.04,2.97,0.409,2.14,True,Vtb/Vtb01,Vtb,tunnels,7,1145.0
obd,veh_yawrate,30.0,413.4,201.68,201.68,73.93,48.78,6.723,1.954,False,Vtb/Vtb01,Vtb,tunnels,7,1145.0
wheel_speed,veh_yawrate,30.0,413.4,202.23,202.23,74.1,48.91,6.741,1.955,False,Vtb/Vtb01,Vtb,tunnels,7,1145.0
obd,gps_hold,30.0,413.4,190.82,190.82,80.38,46.15,6.361,1.954,False,Vtb/Vtb01,Vtb,tunnels,7,1145.0
hold,imu_aligned,30.0,413.4,181.69,181.69,75.25,43.95,6.056,2.14,False,Vtb/Vtb01,Vtb,tunnels,7,1145.0
imu_integrate,imu_aligned,30.0,413.4,249.63,249.63,111.98,60.38,8.321,4.472,False,Vtb/Vtb01,Vtb,tunnels,7,1145.0
truth,truth,60.0,579.2,0.16,1.33,0.71,0.03,0.003,,True,Vtb/Vtb01,Vtb,every_2min,0,350.0
truth,veh_yawrate,60.0,579.2,213.43,213.43,129.07,36.85,3.557,,False,Vtb/Vtb01,Vtb,every_2min,0,350.0
hold,truth,60.0,579.2,385.24,385.24,237.45,66.51,6.421,7.022,False,Vtb/Vtb01,Vtb,every_2min,0,350.0
obd,veh_yawrate,60.0,579.2,215.13,215.13,129.99,37.14,3.586,0.143,False,Vtb/Vtb01,Vtb,every_2min,0,350.0
wheel_speed,veh_yawrate,60.0,579.2,213.56,213.56,129.06,36.87,3.559,0.106,False,Vtb/Vtb01,Vtb,every_2min,0,350.0
obd,gps_hold,60.0,579.2,441.29,441.29,254.74,76.19,7.355,0.143,False,Vtb/Vtb01,Vtb,every_2min,0,350.0
hold,imu_aligned,60.0,579.2,434.25,434.25,263.54,74.98,7.238,7.022,False,Vtb/Vtb01,Vtb,every_2min,0,350.0
imu_integrate,imu_aligned,60.0,579.2,384.38,384.38,245.1,66.37,6.406,7.039,False,Vtb/Vtb01,Vtb,every_2min,0,350.0
truth,truth,60.0,1010.1,10.68,22.91,14.32,1.06,0.178,,True,Vtb/Vtb01,Vtb,every_2min,1,530.0
truth,veh_yawrate,60.0,1010.1,163.92,163.92,86.86,16.23,2.732,,False,Vtb/Vtb01,Vtb,every_2min,1,530.0
hold,truth,60.0,1010.1,583.1,583.1,349.73,57.73,9.718,14.062,False,Vtb/Vtb01,Vtb,every_2min,1,530.0
obd,veh_yawrate,60.0,1010.1,181.26,181.26,95.65,17.95,3.021,0.528,False,Vtb/Vtb01,Vtb,every_2min,1,530.0
wheel_speed,veh_yawrate,60.0,1010.1,174.71,174.71,92.39,17.3,2.912,0.551,False,Vtb/Vtb01,Vtb,every_2min,1,530.0
obd,gps_hold,60.0,1010.1,313.94,327.61,243.31,31.08,5.232,0.528,False,Vtb/Vtb01,Vtb,every_2min,1,530.0
hold,imu_aligned,60.0,1010.1,537.23,537.23,335.75,53.19,8.954,14.062,False,Vtb/Vtb01,Vtb,every_2min,1,530.0
imu_integrate,imu_aligned,60.0,1010.1,1127.49,1127.49,605.11,111.62,18.791,16.661,False,Vtb/Vtb01,Vtb,every_2min,1,530.0
truth,truth,60.0,595.8,4.14,4.15,2.94,0.69,0.069,,True,Vtb/Vtb01,Vtb,every_2min,2,710.0
truth,veh_yawrate,60.0,595.8,62.63,253.33,150.89,10.51,1.044,,False,Vtb/Vtb01,Vtb,every_2min,2,710.0
hold,truth,60.0,595.8,390.97,390.97,212.67,65.63,6.516,7.161,False,Vtb/Vtb01,Vtb,every_2min,2,710.0
obd,veh_yawrate,60.0,595.8,62.52,255.15,152.01,10.49,1.042,0.101,False,Vtb/Vtb01,Vtb,every_2min,2,710.0
wheel_speed,veh_yawrate,60.0,595.8,63.03,254.11,151.42,10.58,1.05,0.077,False,Vtb/Vtb01,Vtb,every_2min,2,710.0
obd,gps_hold,60.0,595.8,110.03,166.06,105.25,18.47,1.834,0.101,False,Vtb/Vtb01,Vtb,every_2min,2,710.0
hold,imu_aligned,60.0,595.8,380.89,380.89,216.97,63.93,6.348,7.161,False,Vtb/Vtb01,Vtb,every_2min,2,710.0
imu_integrate,imu_aligned,60.0,595.8,561.75,561.75,234.86,94.29,9.362,9.074,False,Vtb/Vtb01,Vtb,every_2min,2,710.0
truth,truth,60.0,543.7,1.45,1.45,1.04,0.27,0.024,,True,Vtb/Vtb01,Vtb,every_2min,3,890.0
truth,veh_yawrate,60.0,543.7,74.41,74.41,30.55,13.69,1.24,,False,Vtb/Vtb01,Vtb,every_2min,3,890.0
hold,truth,60.0,543.7,87.1,129.05,101.91,16.02,1.452,2.876,False,Vtb/Vtb01,Vtb,every_2min,3,890.0
obd,veh_yawrate,60.0,543.7,75.0,75.0,30.85,13.8,1.25,0.097,False,Vtb/Vtb01,Vtb,every_2min,3,890.0
wheel_speed,veh_yawrate,60.0,543.7,74.47,74.47,30.58,13.7,1.241,0.049,False,Vtb/Vtb01,Vtb,every_2min,3,890.0
obd,gps_hold,60.0,543.7,29.95,29.95,13.27,5.51,0.499,0.097,True,Vtb/Vtb01,Vtb,every_2min,3,890.0
hold,imu_aligned,60.0,543.7,93.99,130.56,103.87,17.29,1.566,2.876,False,Vtb/Vtb01,Vtb,every_2min,3,890.0
imu_integrate,imu_aligned,60.0,543.7,76.89,107.1,76.33,14.14,1.282,4.827,False,Vtb/Vtb01,Vtb,every_2min,3,890.0
truth,truth,60.0,738.4,5.05,5.05,2.63,0.68,0.084,,True,Vtb/Vtb01,Vtb,every_2min,4,1070.0
truth,veh_yawrate,60.0,738.4,12.89,12.89,8.53,1.75,0.215,,True,Vtb/Vtb01,Vtb,every_2min,4,1070.0
hold,truth,60.0,738.4,295.05,295.05,163.51,39.96,4.918,5.141,False,Vtb/Vtb01,Vtb,every_2min,4,1070.0
obd,veh_yawrate,60.0,738.4,8.98,10.79,6.66,1.22,0.15,0.273,True,Vtb/Vtb01,Vtb,every_2min,4,1070.0
wheel_speed,veh_yawrate,60.0,738.4,9.03,10.0,6.24,1.22,0.151,0.262,True,Vtb/Vtb01,Vtb,every_2min,4,1070.0
obd,gps_hold,60.0,738.4,269.98,269.98,121.76,36.56,4.5,0.273,False,Vtb/Vtb01,Vtb,every_2min,4,1070.0
hold,imu_aligned,60.0,738.4,466.32,466.32,232.41,63.15,7.772,5.141,False,Vtb/Vtb01,Vtb,every_2min,4,1070.0
imu_integrate,imu_aligned,60.0,738.4,1618.92,1618.92,795.17,219.23,26.982,25.262,False,Vtb/Vtb01,Vtb,every_2min,4,1070.0
truth,truth,60.0,967.7,30.75,30.75,21.61,3.18,0.512,,True,Vtb/Vtb01,Vtb,every_2min,5,1250.0
truth,veh_yawrate,60.0,967.7,668.08,668.08,405.93,69.04,11.135,,False,Vtb/Vtb01,Vtb,every_2min,5,1250.0
hold,truth,60.0,967.7,83.62,83.62,45.09,8.64,1.394,1.97,True,Vtb/Vtb01,Vtb,every_2min,5,1250.0
obd,veh_yawrate,60.0,967.7,671.87,671.87,408.22,69.43,11.198,0.349,False,Vtb/Vtb01,Vtb,every_2min,5,1250.0
wheel_speed,veh_yawrate,60.0,967.7,668.49,668.49,406.43,69.08,11.141,0.438,False,Vtb/Vtb01,Vtb,every_2min,5,1250.0
obd,gps_hold,60.0,967.7,645.81,667.68,419.78,66.74,10.763,0.349,False,Vtb/Vtb01,Vtb,every_2min,5,1250.0
hold,imu_aligned,60.0,967.7,699.61,704.79,445.64,72.3,11.66,1.97,False,Vtb/Vtb01,Vtb,every_2min,5,1250.0
imu_integrate,imu_aligned,60.0,967.7,1381.89,1381.89,676.99,142.8,23.032,15.453,False,Vtb/Vtb01,Vtb,every_2min,5,1250.0
truth,truth,60.0,909.3,13.51,15.42,8.68,1.49,0.225,,True,Vtb/Vtb01,Vtb,every_2min,6,1430.0
truth,veh_yawrate,60.0,909.3,103.07,103.07,57.44,11.34,1.718,,False,Vtb/Vtb01,Vtb,every_2min,6,1430.0
hold,truth,60.0,909.3,221.61,221.61,128.52,24.37,3.694,3.882,False,Vtb/Vtb01,Vtb,every_2min,6,1430.0
obd,veh_yawrate,60.0,909.3,111.47,111.47,62.74,12.26,1.858,0.47,False,Vtb/Vtb01,Vtb,every_2min,6,1430.0
wheel_speed,veh_yawrate,60.0,909.3,109.72,109.72,61.68,12.07,1.829,0.437,False,Vtb/Vtb01,Vtb,every_2min,6,1430.0
obd,gps_hold,60.0,909.3,95.78,128.9,84.16,10.53,1.596,0.47,False,Vtb/Vtb01,Vtb,every_2min,6,1430.0
hold,imu_aligned,60.0,909.3,214.19,214.36,135.86,23.55,3.57,3.882,False,Vtb/Vtb01,Vtb,every_2min,6,1430.0
imu_integrate,imu_aligned,60.0,909.3,1130.04,1130.04,524.33,124.27,18.834,18.241,False,Vtb/Vtb01,Vtb,every_2min,6,1430.0
truth,truth,60.0,394.1,2.16,2.47,1.62,0.55,0.036,,True,Vtb/Vtb01,Vtb,every_2min,7,1610.0
truth,veh_yawrate,60.0,394.1,88.17,88.17,66.95,22.38,1.47,,False,Vtb/Vtb01,Vtb,every_2min,7,1610.0
hold,truth,60.0,394.1,141.31,141.31,55.11,35.86,2.355,3.726,False,Vtb/Vtb01,Vtb,every_2min,7,1610.0
obd,veh_yawrate,60.0,394.1,89.22,89.22,67.61,22.64,1.487,0.107,False,Vtb/Vtb01,Vtb,every_2min,7,1610.0
wheel_speed,veh_yawrate,60.0,394.1,88.4,88.4,67.01,22.43,1.473,0.08,False,Vtb/Vtb01,Vtb,every_2min,7,1610.0
obd,gps_hold,60.0,394.1,240.3,240.3,174.6,60.98,4.005,0.107,False,Vtb/Vtb01,Vtb,every_2min,7,1610.0
hold,imu_aligned,60.0,394.1,320.71,320.71,190.19,81.39,5.345,3.726,False,Vtb/Vtb01,Vtb,every_2min,7,1610.0
imu_integrate,imu_aligned,60.0,394.1,231.13,231.13,164.26,58.65,3.852,2.956,False,Vtb/Vtb01,Vtb,every_2min,7,1610.0
truth,truth,60.0,557.7,2.37,2.37,1.42,0.43,0.04,,True,Vtb/Vtb01,Vtb,every_2min,8,1790.0
truth,veh_yawrate,60.0,557.7,93.84,93.84,30.11,16.83,1.564,,False,Vtb/Vtb01,Vtb,every_2min,8,1790.0
hold,truth,60.0,557.7,107.75,107.75,52.07,19.32,1.796,3.137,False,Vtb/Vtb01,Vtb,every_2min,8,1790.0
obd,veh_yawrate,60.0,557.7,98.98,98.98,32.28,17.75,1.65,0.163,False,Vtb/Vtb01,Vtb,every_2min,8,1790.0
wheel_speed,veh_yawrate,60.0,557.7,95.48,95.48,30.76,17.12,1.591,0.152,False,Vtb/Vtb01,Vtb,every_2min,8,1790.0
obd,gps_hold,60.0,557.7,400.1,400.1,130.8,71.74,6.668,0.163,False,Vtb/Vtb01,Vtb,every_2min,8,1790.0
hold,imu_aligned,60.0,557.7,435.53,435.53,159.07,78.09,7.259,3.137,False,Vtb/Vtb01,Vtb,every_2min,8,1790.0
imu_integrate,imu_aligned,60.0,557.7,497.05,497.05,185.91,89.12,8.284,3.431,False,Vtb/Vtb01,Vtb,every_2min,8,1790.0
truth,truth,60.0,1171.8,1.34,1.35,0.54,0.11,0.022,,True,Vtb/Vtb01,Vtb,every_2min,9,1970.0
truth,veh_yawrate,60.0,1171.8,874.62,874.62,457.74,74.64,14.577,,False,Vtb/Vtb01,Vtb,every_2min,9,1970.0
hold,truth,60.0,1171.8,45.3,80.28,56.38,3.87,0.755,2.239,True,Vtb/Vtb01,Vtb,every_2min,9,1970.0
obd,veh_yawrate,60.0,1171.8,874.69,874.69,457.5,74.64,14.578,0.141,False,Vtb/Vtb01,Vtb,every_2min,9,1970.0
wheel_speed,veh_yawrate,60.0,1171.8,873.44,873.44,457.29,74.54,14.557,0.082,False,Vtb/Vtb01,Vtb,every_2min,9,1970.0
obd,gps_hold,60.0,1171.8,395.29,395.29,210.33,33.73,6.588,0.141,False,Vtb/Vtb01,Vtb,every_2min,9,1970.0
hold,imu_aligned,60.0,1171.8,384.55,384.55,204.49,32.82,6.409,2.239,False,Vtb/Vtb01,Vtb,every_2min,9,1970.0
imu_integrate,imu_aligned,60.0,1171.8,854.85,854.85,413.55,72.95,14.248,11.105,False,Vtb/Vtb01,Vtb,every_2min,9,1970.0
truth,truth,60.0,901.6,3.62,3.62,1.84,0.4,0.06,,True,Vtb/Vtb01,Vtb,every_2min,10,2150.0
truth,veh_yawrate,60.0,901.6,81.37,81.37,44.92,9.03,1.356,,True,Vtb/Vtb01,Vtb,every_2min,10,2150.0
hold,truth,60.0,901.6,214.82,214.82,102.78,23.83,3.58,6.654,False,Vtb/Vtb01,Vtb,every_2min,10,2150.0
obd,veh_yawrate,60.0,901.6,81.98,81.98,44.98,9.09,1.366,0.144,True,Vtb/Vtb01,Vtb,every_2min,10,2150.0
wheel_speed,veh_yawrate,60.0,901.6,81.47,81.47,44.88,9.04,1.358,0.054,True,Vtb/Vtb01,Vtb,every_2min,10,2150.0
obd,gps_hold,60.0,901.6,249.58,249.58,64.77,27.68,4.16,0.144,False,Vtb/Vtb01,Vtb,every_2min,10,2150.0
hold,imu_aligned,60.0,901.6,432.23,432.23,135.08,47.94,7.204,6.654,False,Vtb/Vtb01,Vtb,every_2min,10,2150.0
imu_integrate,imu_aligned,60.0,901.6,267.92,267.92,87.9,29.72,4.465,5.039,False,Vtb/Vtb01,Vtb,every_2min,10,2150.0
truth,truth,60.0,1013.8,2.43,2.46,1.26,0.24,0.04,,True,Vtb/Vtb01,Vtb,every_2min,11,2330.0
truth,veh_yawrate,60.0,1013.8,63.63,63.63,30.15,6.28,1.061,,True,Vtb/Vtb01,Vtb,every_2min,11,2330.0
hold,truth,60.0,1013.8,32.84,92.58,64.69,3.24,0.547,2.889,True,Vtb/Vtb01,Vtb,every_2min,11,2330.0
obd,veh_yawrate,60.0,1013.8,65.04,65.04,30.76,6.42,1.084,0.133,True,Vtb/Vtb01,Vtb,every_2min,11,2330.0
wheel_speed,veh_yawrate,60.0,1013.8,64.39,64.39,30.46,6.35,1.073,0.076,True,Vtb/Vtb01,Vtb,every_2min,11,2330.0
obd,gps_hold,60.0,1013.8,54.91,61.49,37.94,5.42,0.915,0.133,True,Vtb/Vtb01,Vtb,every_2min,11,2330.0
hold,imu_aligned,60.0,1013.8,59.79,117.09,80.16,5.9,0.996,2.889,True,Vtb/Vtb01,Vtb,every_2min,11,2330.0
imu_integrate,imu_aligned,60.0,1013.8,46.97,159.69,100.48,4.63,0.783,5.545,True,Vtb/Vtb01,Vtb,every_2min,11,2330.0
truth,truth,60.0,1086.8,2.36,2.36,1.14,0.22,0.039,,True,Vtb/Vtb01,Vtb,every_2min,12,2510.0
truth,veh_yawrate,60.0,1086.8,85.76,85.76,39.21,7.89,1.429,,True,Vtb/Vtb01,Vtb,every_2min,12,2510.0
hold,truth,60.0,1086.8,153.95,161.43,95.33,14.17,2.566,2.876,False,Vtb/Vtb01,Vtb,every_2min,12,2510.0
obd,veh_yawrate,60.0,1086.8,85.44,85.44,39.16,7.86,1.424,0.158,True,Vtb/Vtb01,Vtb,every_2min,12,2510.0
wheel_speed,veh_yawrate,60.0,1086.8,85.64,85.64,39.14,7.88,1.427,0.084,True,Vtb/Vtb01,Vtb,every_2min,12,2510.0
obd,gps_hold,60.0,1086.8,234.73,234.73,96.71,21.6,3.912,0.158,False,Vtb/Vtb01,Vtb,every_2min,12,2510.0
hold,imu_aligned,60.0,1086.8,251.59,251.59,123.41,23.15,4.193,2.876,False,Vtb/Vtb01,Vtb,every_2min,12,2510.0
imu_integrate,imu_aligned,60.0,1086.8,453.83,453.83,182.25,41.76,7.564,6.435,False,Vtb/Vtb01,Vtb,every_2min,12,2510.0
truth,truth,60.0,820.9,4.25,4.72,2.34,0.52,0.071,,True,Vtb/Vtb01,Vtb,every_2min,13,2690.0
truth,veh_yawrate,60.0,820.9,69.58,86.61,61.99,8.48,1.16,,True,Vtb/Vtb01,Vtb,every_2min,13,2690.0
hold,truth,60.0,820.9,420.27,420.27,244.13,51.2,7.004,7.423,False,Vtb/Vtb01,Vtb,every_2min,13,2690.0
obd,veh_yawrate,60.0,820.9,73.88,88.01,63.68,9.0,1.231,0.17,True,Vtb/Vtb01,Vtb,every_2min,13,2690.0
wheel_speed,veh_yawrate,60.0,820.9,70.89,87.19,62.63,8.64,1.182,0.123,True,Vtb/Vtb01,Vtb,every_2min,13,2690.0
obd,gps_hold,60.0,820.9,246.89,263.44,191.13,30.08,4.115,0.17,False,Vtb/Vtb01,Vtb,every_2min,13,2690.0
hold,imu_aligned,60.0,820.9,430.98,430.98,267.89,52.5,7.183,7.423,False,Vtb/Vtb01,Vtb,every_2min,13,2690.0
imu_integrate,imu_aligned,60.0,820.9,538.99,538.99,253.39,65.66,8.983,8.873,False,Vtb/Vtb01,Vtb,every_2min,13,2690.0
truth,truth,60.0,469.7,8.07,8.41,6.5,1.72,0.135,,True,Vtb/Vtb01,Vtb,every_2min,14,2870.0
truth,veh_yawrate,60.0,469.7,8.13,9.78,7.05,1.73,0.136,,True,Vtb/Vtb01,Vtb,every_2min,14,2870.0
hold,truth,60.0,469.7,251.79,251.79,116.51,53.6,4.197,5.401,False,Vtb/Vtb01,Vtb,every_2min,14,2870.0
obd,veh_yawrate,60.0,469.7,9.34,11.75,8.25,1.99,0.156,0.21,True,Vtb/Vtb01,Vtb,every_2min,14,2870.0
wheel_speed,veh_yawrate,60.0,469.7,7.03,9.03,6.27,1.5,0.117,0.174,True,Vtb/Vtb01,Vtb,every_2min,14,2870.0
obd,gps_hold,60.0,469.7,105.54,123.27,75.03,22.47,1.759,0.21,False,Vtb/Vtb01,Vtb,every_2min,14,2870.0
hold,imu_aligned,60.0,469.7,362.84,362.84,166.87,77.24,6.047,5.401,False,Vtb/Vtb01,Vtb,every_2min,14,2870.0
imu_integrate,imu_aligned,60.0,469.7,720.58,720.58,361.02,153.4,12.01,11.353,False,Vtb/Vtb01,Vtb,every_2min,14,2870.0
truth,truth,60.0,1198.3,1.18,1.89,1.21,0.1,0.02,,True,Vtb/Vtb01,Vtb,every_2min,15,3050.0
truth,veh_yawrate,60.0,1198.3,7.8,8.32,6.56,0.65,0.13,,True,Vtb/Vtb01,Vtb,every_2min,15,3050.0
hold,truth,60.0,1198.3,90.93,121.24,79.1,7.59,1.516,2.58,True,Vtb/Vtb01,Vtb,every_2min,15,3050.0
obd,veh_yawrate,60.0,1198.3,9.19,9.19,7.18,0.77,0.153,0.1,True,Vtb/Vtb01,Vtb,every_2min,15,3050.0
wheel_speed,veh_yawrate,60.0,1198.3,8.56,8.56,6.8,0.71,0.143,0.074,True,Vtb/Vtb01,Vtb,every_2min,15,3050.0
obd,gps_hold,60.0,1198.3,14.69,32.86,13.75,1.23,0.245,0.1,True,Vtb/Vtb01,Vtb,every_2min,15,3050.0
hold,imu_aligned,60.0,1198.3,81.83,123.5,79.19,6.83,1.364,2.58,True,Vtb/Vtb01,Vtb,every_2min,15,3050.0
imu_integrate,imu_aligned,60.0,1198.3,186.24,186.24,42.36,15.54,3.104,3.619,False,Vtb/Vtb01,Vtb,every_2min,15,3050.0
truth,truth,60.0,802.5,4.84,4.85,2.06,0.6,0.081,,True,Vtb/Vtb02,Vtb,isro_60s,0,45.0
truth,veh_yawrate,60.0,802.5,440.3,440.3,273.44,54.87,7.338,,False,Vtb/Vtb02,Vtb,isro_60s,0,45.0
hold,truth,60.0,802.5,63.58,73.98,46.6,7.92,1.06,1.711,True,Vtb/Vtb02,Vtb,isro_60s,0,45.0
obd,veh_yawrate,60.0,802.5,436.04,436.04,271.33,54.34,7.267,0.155,False,Vtb/Vtb02,Vtb,isro_60s,0,45.0
wheel_speed,veh_yawrate,60.0,802.5,441.51,441.51,273.42,55.02,7.358,0.239,False,Vtb/Vtb02,Vtb,isro_60s,0,45.0
obd,gps_hold,60.0,802.5,89.58,91.21,67.17,11.16,1.493,0.155,False,Vtb/Vtb02,Vtb,isro_60s,0,45.0
hold,imu_aligned,60.0,802.5,18.91,88.26,52.69,2.36,0.315,1.711,True,Vtb/Vtb02,Vtb,isro_60s,0,45.0
imu_integrate,imu_aligned,60.0,802.5,297.47,297.47,174.85,37.07,4.958,6.356,False,Vtb/Vtb02,Vtb,isro_60s,0,45.0
truth,truth,73.8,1000.1,6.17,6.17,3.05,0.62,0.084,,True,Vtb/Vtb02,Vtb,isro_1km,0,45.0
truth,veh_yawrate,73.8,1000.1,713.05,713.05,347.78,71.3,9.662,,False,Vtb/Vtb02,Vtb,isro_1km,0,45.0
hold,truth,73.8,1000.1,85.53,85.53,52.18,8.55,1.159,1.81,True,Vtb/Vtb02,Vtb,isro_1km,0,45.0
obd,veh_yawrate,73.8,1000.1,711.9,711.9,345.58,71.18,9.646,0.172,False,Vtb/Vtb02,Vtb,isro_1km,0,45.0
wheel_speed,veh_yawrate,73.8,1000.1,714.34,714.34,348.17,71.43,9.679,0.256,False,Vtb/Vtb02,Vtb,isro_1km,0,45.0
obd,gps_hold,73.8,1000.1,209.71,209.71,87.9,20.97,2.842,0.172,False,Vtb/Vtb02,Vtb,isro_1km,0,45.0
hold,imu_aligned,73.8,1000.1,156.32,156.32,62.7,15.63,2.118,1.81,False,Vtb/Vtb02,Vtb,isro_1km,0,45.0
imu_integrate,imu_aligned,73.8,1000.1,387.61,387.61,214.43,38.76,5.252,6.726,False,Vtb/Vtb02,Vtb,isro_1km,0,45.0
truth,truth,30.0,408.9,2.19,2.19,0.92,0.54,0.073,,True,Vtb/Vtb02,Vtb,tunnels,0,65.0
truth,veh_yawrate,30.0,408.9,554.66,557.28,341.46,135.63,18.489,,False,Vtb/Vtb02,Vtb,tunnels,0,65.0
hold,truth,30.0,408.9,34.67,50.05,33.48,8.48,1.156,2.219,True,Vtb/Vtb02,Vtb,tunnels,0,65.0
obd,veh_yawrate,30.0,408.9,555.69,558.39,342.31,135.89,18.523,0.091,False,Vtb/Vtb02,Vtb,tunnels,0,65.0
wheel_speed,veh_yawrate,30.0,408.9,551.64,554.25,339.76,134.89,18.388,0.175,False,Vtb/Vtb02,Vtb,tunnels,0,65.0
obd,gps_hold,30.0,408.9,192.79,194.12,118.69,47.14,6.426,0.091,False,Vtb/Vtb02,Vtb,tunnels,0,65.0
hold,imu_aligned,30.0,408.9,185.15,186.29,113.95,45.28,6.172,2.219,False,Vtb/Vtb02,Vtb,tunnels,0,65.0
imu_integrate,imu_aligned,30.0,408.9,187.75,189.06,115.02,45.91,6.258,1.396,False,Vtb/Vtb02,Vtb,tunnels,0,65.0
truth,truth,30.0,374.9,2.78,2.78,1.77,0.74,0.093,,True,Vtb/Vtb02,Vtb,tunnels,1,200.0
truth,veh_yawrate,30.0,374.9,69.65,69.65,29.38,18.58,2.322,,False,Vtb/Vtb02,Vtb,tunnels,1,200.0
hold,truth,30.0,374.9,86.96,86.96,38.6,23.19,2.899,2.906,False,Vtb/Vtb02,Vtb,tunnels,1,200.0
obd,veh_yawrate,30.0,374.9,70.03,70.03,29.53,18.68,2.334,0.081,False,Vtb/Vtb02,Vtb,tunnels,1,200.0
wheel_speed,veh_yawrate,30.0,374.9,69.64,69.64,29.38,18.57,2.321,0.09,False,Vtb/Vtb02,Vtb,tunnels,1,200.0
obd,gps_hold,30.0,374.9,37.06,37.06,15.67,9.88,1.235,0.081,True,Vtb/Vtb02,Vtb,tunnels,1,200.0
hold,imu_aligned,30.0,374.9,91.95,91.95,40.61,24.52,3.065,2.906,False,Vtb/Vtb02,Vtb,tunnels,1,200.0
imu_integrate,imu_aligned,30.0,374.9,116.93,116.93,56.51,31.19,3.898,3.815,False,Vtb/Vtb02,Vtb,tunnels,1,200.0
truth,truth,30.0,100.6,0.49,0.69,0.55,0.48,0.016,,True,Vtb/Vtb02,Vtb,tunnels,2,335.0
truth,veh_yawrate,30.0,100.6,72.36,72.36,24.46,71.96,2.412,,False,Vtb/Vtb02,Vtb,tunnels,2,335.0
hold,truth,30.0,100.6,141.63,141.63,84.99,140.84,4.721,5.434,False,Vtb/Vtb02,Vtb,tunnels,2,335.0
obd,veh_yawrate,30.0,100.6,73.14,73.14,24.79,72.73,2.438,0.063,False,Vtb/Vtb02,Vtb,tunnels,2,335.0
wheel_speed,veh_yawrate,30.0,100.6,72.37,72.37,24.43,71.97,2.412,0.047,False,Vtb/Vtb02,Vtb,tunnels,2,335.0
obd,gps_hold,30.0,100.6,58.12,58.12,19.72,57.8,1.937,0.063,False,Vtb/Vtb02,Vtb,tunnels,2,335.0
hold,imu_aligned,30.0,100.6,200.64,200.64,106.27,199.53,6.688,5.434,False,Vtb/Vtb02,Vtb,tunnels,2,335.0
imu_integrate,imu_aligned,30.0,100.6,251.47,251.47,104.24,250.08,8.382,7.45,False,Vtb/Vtb02,Vtb,tunnels,2,335.0
truth,truth,30.0,96.9,1.54,1.54,0.78,1.59,0.051,,True,Vtb/Vtb02,Vtb,tunnels,3,537.5
truth,veh_yawrate,30.0,96.9,2.18,2.18,1.36,2.25,0.073,,True,Vtb/Vtb02,Vtb,tunnels,3,537.5
hold,truth,30.0,96.9,26.75,28.23,14.87,27.6,0.892,1.529,False,Vtb/Vtb02,Vtb,tunnels,3,537.5
obd,veh_yawrate,30.0,96.9,1.87,2.26,1.44,1.93,0.062,0.078,True,Vtb/Vtb02,Vtb,tunnels,3,537.5
wheel_speed,veh_yawrate,30.0,96.9,1.55,1.78,1.17,1.6,0.052,0.061,True,Vtb/Vtb02,Vtb,tunnels,3,537.5
obd,gps_hold,30.0,96.9,54.44,54.44,19.78,56.16,1.815,0.078,False,Vtb/Vtb02,Vtb,tunnels,3,537.5
hold,imu_aligned,30.0,96.9,72.07,72.07,28.06,74.36,2.402,1.529,False,Vtb/Vtb02,Vtb,tunnels,3,537.5
imu_integrate,imu_aligned,30.0,96.9,137.18,137.18,63.65,141.52,4.573,3.436,False,Vtb/Vtb02,Vtb,tunnels,3,537.5
truth,truth,60.0,803.8,5.01,5.01,2.38,0.62,0.084,,True,Vtb/Vtb02,Vtb,every_2min,0,50.0
truth,veh_yawrate,60.0,803.8,465.11,604.61,376.2,57.86,7.752,,False,Vtb/Vtb02,Vtb,every_2min,0,50.0
hold,truth,60.0,803.8,39.94,54.57,32.92,4.97,0.666,1.454,True,Vtb/Vtb02,Vtb,every_2min,0,50.0
obd,veh_yawrate,60.0,803.8,463.57,605.04,376.17,57.67,7.726,0.149,False,Vtb/Vtb02,Vtb,every_2min,0,50.0
wheel_speed,veh_yawrate,60.0,803.8,463.15,600.9,374.1,57.62,7.719,0.238,False,Vtb/Vtb02,Vtb,every_2min,0,50.0
obd,gps_hold,60.0,803.8,207.12,261.48,163.41,25.77,3.452,0.149,False,Vtb/Vtb02,Vtb,every_2min,0,50.0
hold,imu_aligned,60.0,803.8,181.81,245.89,150.67,22.62,3.03,1.454,False,Vtb/Vtb02,Vtb,every_2min,0,50.0
imu_integrate,imu_aligned,60.0,803.8,264.82,273.17,184.21,32.95,4.414,5.435,False,Vtb/Vtb02,Vtb,every_2min,0,50.0
truth,truth,60.0,569.0,3.36,3.38,2.13,0.59,0.056,,True,Vtb/Vtb02,Vtb,every_2min,1,230.0
truth,veh_yawrate,60.0,569.0,520.06,520.06,300.9,91.4,8.668,,False,Vtb/Vtb02,Vtb,every_2min,1,230.0
hold,truth,60.0,569.0,223.95,223.95,115.55,39.36,3.732,4.799,False,Vtb/Vtb02,Vtb,every_2min,1,230.0
obd,veh_yawrate,60.0,569.0,523.34,523.34,302.27,91.97,8.722,0.123,False,Vtb/Vtb02,Vtb,every_2min,1,230.0
wheel_speed,veh_yawrate,60.0,569.0,520.29,520.29,300.47,91.44,8.671,0.123,False,Vtb/Vtb02,Vtb,every_2min,1,230.0
obd,gps_hold,60.0,569.0,304.61,304.61,162.41,53.53,5.077,0.123,False,Vtb/Vtb02,Vtb,every_2min,1,230.0
hold,imu_aligned,60.0,569.0,505.22,505.22,234.43,88.79,8.42,4.799,False,Vtb/Vtb02,Vtb,every_2min,1,230.0
imu_integrate,imu_aligned,60.0,569.0,639.54,639.54,289.07,112.39,10.659,7.343,False,Vtb/Vtb02,Vtb,every_2min,1,230.0
truth,truth,60.0,487.7,1.05,1.05,0.56,0.21,0.017,,True,Vtb/Vtb05,Vtb,isro_60s,0,40.0
truth,veh_yawrate,60.0,487.7,7.92,7.92,4.78,1.62,0.132,,True,Vtb/Vtb05,Vtb,isro_60s,0,40.0
hold,truth,60.0,487.7,73.34,73.34,34.35,15.04,1.222,3.824,False,Vtb/Vtb05,Vtb,isro_60s,0,40.0
obd,veh_yawrate,60.0,487.7,9.23,9.26,5.76,1.89,0.154,0.079,True,Vtb/Vtb05,Vtb,isro_60s,0,40.0
wheel_speed,veh_yawrate,60.0,487.7,8.95,8.95,5.69,1.83,0.149,0.115,True,Vtb/Vtb05,Vtb,isro_60s,0,40.0
obd,gps_hold,60.0,487.7,180.06,180.06,112.87,36.92,3.001,0.079,False,Vtb/Vtb05,Vtb,isro_60s,0,40.0
hold,imu_aligned,60.0,487.7,214.59,214.59,111.43,44.0,3.576,3.824,False,Vtb/Vtb05,Vtb,isro_60s,0,40.0
imu_integrate,imu_aligned,60.0,487.7,169.91,175.45,110.62,34.84,2.832,3.901,False,Vtb/Vtb05,Vtb,isro_60s,0,40.0
truth,truth,163.1,1000.3,1.45,1.92,1.02,0.15,0.009,,True,Vtb/Vtb05,Vtb,isro_1km,0,40.0
truth,veh_yawrate,163.1,1000.3,50.92,50.92,25.65,5.09,0.312,,True,Vtb/Vtb05,Vtb,isro_1km,0,40.0
hold,truth,163.1,1000.3,383.71,383.71,202.54,38.36,2.353,4.156,False,Vtb/Vtb05,Vtb,isro_1km,0,40.0
obd,veh_yawrate,163.1,1000.3,52.07,52.07,26.39,5.21,0.319,0.099,True,Vtb/Vtb05,Vtb,isro_1km,0,40.0
wheel_speed,veh_yawrate,163.1,1000.3,47.77,47.77,24.17,4.78,0.293,0.098,True,Vtb/Vtb05,Vtb,isro_1km,0,40.0
obd,gps_hold,163.1,1000.3,646.51,646.51,382.23,64.63,3.964,0.099,False,Vtb/Vtb05,Vtb,isro_1km,0,40.0
hold,imu_aligned,163.1,1000.3,1017.13,1017.13,536.1,101.68,6.236,4.156,False,Vtb/Vtb05,Vtb,isro_1km,0,40.0
imu_integrate,imu_aligned,163.1,1000.3,687.56,687.56,357.79,68.74,4.216,3.395,False,Vtb/Vtb05,Vtb,isro_1km,0,40.0
truth,truth,30.0,318.4,0.32,0.72,0.34,0.1,0.011,,True,Vtb/Vtb05,Vtb,tunnels,0,42.5
truth,veh_yawrate,30.0,318.4,1.31,1.31,0.41,0.41,0.044,,True,Vtb/Vtb05,Vtb,tunnels,0,42.5
hold,truth,30.0,318.4,31.19,31.19,11.38,9.79,1.04,1.757,True,Vtb/Vtb05,Vtb,tunnels,0,42.5
obd,veh_yawrate,30.0,318.4,2.99,2.99,1.51,0.94,0.1,0.099,True,Vtb/Vtb05,Vtb,tunnels,0,42.5
wheel_speed,veh_yawrate,30.0,318.4,2.76,2.76,1.55,0.87,0.092,0.106,True,Vtb/Vtb05,Vtb,tunnels,0,42.5
obd,gps_hold,30.0,318.4,121.48,121.48,48.89,38.15,4.049,0.099,False,Vtb/Vtb05,Vtb,tunnels,0,42.5
hold,imu_aligned,30.0,318.4,112.6,112.6,45.79,35.36,3.753,1.757,False,Vtb/Vtb05,Vtb,tunnels,0,42.5
imu_integrate,imu_aligned,30.0,318.4,112.03,112.03,48.15,35.18,3.734,3.686,False,Vtb/Vtb05,Vtb,tunnels,0,42.5
truth,truth,30.0,331.7,0.41,0.41,0.26,0.12,0.014,,True,Vtb/Vtb05,Vtb,tunnels,1,222.5
truth,veh_yawrate,30.0,331.7,9.26,9.26,3.83,2.79,0.309,,True,Vtb/Vtb05,Vtb,tunnels,1,222.5
hold,truth,30.0,331.7,9.25,9.25,3.77,2.79,0.308,0.804,True,Vtb/Vtb05,Vtb,tunnels,1,222.5
obd,veh_yawrate,30.0,331.7,9.58,9.58,4.05,2.89,0.319,0.075,True,Vtb/Vtb05,Vtb,tunnels,1,222.5
wheel_speed,veh_yawrate,30.0,331.7,9.37,9.37,3.91,2.82,0.312,0.052,True,Vtb/Vtb05,Vtb,tunnels,1,222.5
obd,gps_hold,30.0,331.7,33.6,33.6,16.65,10.13,1.12,0.075,False,Vtb/Vtb05,Vtb,tunnels,1,222.5
hold,imu_aligned,30.0,331.7,33.57,33.57,16.78,10.12,1.119,0.804,False,Vtb/Vtb05,Vtb,tunnels,1,222.5
imu_integrate,imu_aligned,30.0,331.7,76.57,76.57,39.03,23.08,2.552,2.425,False,Vtb/Vtb05,Vtb,tunnels,1,222.5
truth,truth,30.0,429.5,1.42,1.98,1.49,0.33,0.047,,True,Vtb/Vtb05,Vtb,tunnels,2,357.5
truth,veh_yawrate,30.0,429.5,93.14,93.14,44.92,21.69,3.105,,False,Vtb/Vtb05,Vtb,tunnels,2,357.5
hold,truth,30.0,429.5,67.69,78.07,58.27,15.76,2.256,3.327,False,Vtb/Vtb05,Vtb,tunnels,2,357.5
obd,veh_yawrate,30.0,429.5,92.56,92.56,44.33,21.55,3.085,0.16,False,Vtb/Vtb05,Vtb,tunnels,2,357.5
wheel_speed,veh_yawrate,30.0,429.5,92.63,92.63,44.51,21.57,3.088,0.142,False,Vtb/Vtb05,Vtb,tunnels,2,357.5
obd,gps_hold,30.0,429.5,378.55,378.55,193.73,88.15,12.618,0.16,False,Vtb/Vtb05,Vtb,tunnels,2,357.5
hold,imu_aligned,30.0,429.5,420.79,420.79,230.65,97.98,14.026,3.327,False,Vtb/Vtb05,Vtb,tunnels,2,357.5
imu_integrate,imu_aligned,30.0,429.5,479.75,479.75,255.89,111.71,15.992,5.383,False,Vtb/Vtb05,Vtb,tunnels,2,357.5
truth,truth,30.0,559.1,0.62,0.82,0.58,0.11,0.021,,True,Vtb/Vtb05,Vtb,tunnels,3,492.5
truth,veh_yawrate,30.0,559.1,21.71,21.71,13.84,3.88,0.724,,True,Vtb/Vtb05,Vtb,tunnels,3,492.5
hold,truth,30.0,559.1,493.11,493.11,297.74,88.2,16.437,16.77,False,Vtb/Vtb05,Vtb,tunnels,3,492.5
obd,veh_yawrate,30.0,559.1,21.58,21.58,13.8,3.86,0.719,0.097,True,Vtb/Vtb05,Vtb,tunnels,3,492.5
wheel_speed,veh_yawrate,30.0,559.1,21.89,21.89,14.0,3.92,0.73,0.049,True,Vtb/Vtb05,Vtb,tunnels,3,492.5
obd,gps_hold,30.0,559.1,14.96,47.8,26.69,2.68,0.499,0.097,True,Vtb/Vtb05,Vtb,tunnels,3,492.5
hold,imu_aligned,30.0,559.1,491.98,491.98,297.3,88.0,16.399,16.77,False,Vtb/Vtb05,Vtb,tunnels,3,492.5
imu_integrate,imu_aligned,30.0,559.1,436.59,436.59,292.72,78.09,14.553,14.912,False,Vtb/Vtb05,Vtb,tunnels,3,492.5
truth,truth,30.0,518.3,0.77,1.01,0.47,0.15,0.026,,True,Vtb/Vtb05,Vtb,tunnels,4,627.5
truth,veh_yawrate,30.0,518.3,1.27,2.87,1.18,0.25,0.042,,True,Vtb/Vtb05,Vtb,tunnels,4,627.5
hold,truth,30.0,518.3,200.0,200.0,130.95,38.59,6.667,6.689,False,Vtb/Vtb05,Vtb,tunnels,4,627.5
obd,veh_yawrate,30.0,518.3,3.8,3.8,1.76,0.73,0.127,0.193,True,Vtb/Vtb05,Vtb,tunnels,4,627.5
wheel_speed,veh_yawrate,30.0,518.3,1.49,3.33,1.53,0.29,0.05,0.18,True,Vtb/Vtb05,Vtb,tunnels,4,627.5
obd,gps_hold,30.0,518.3,5.83,18.42,10.0,1.12,0.194,0.193,True,Vtb/Vtb05,Vtb,tunnels,4,627.5
hold,imu_aligned,30.0,518.3,198.26,198.26,130.55,38.25,6.609,6.689,False,Vtb/Vtb05,Vtb,tunnels,4,627.5
imu_integrate,imu_aligned,30.0,518.3,205.58,205.58,118.14,39.67,6.853,6.939,False,Vtb/Vtb05,Vtb,tunnels,4,627.5
truth,truth,30.0,378.3,0.95,0.95,0.6,0.25,0.032,,True,Vtb/Vtb05,Vtb,tunnels,5,762.5
truth,veh_yawrate,30.0,378.3,7.77,7.77,4.3,2.05,0.259,,True,Vtb/Vtb05,Vtb,tunnels,5,762.5
hold,truth,30.0,378.3,122.44,122.44,63.58,32.37,4.081,4.078,False,Vtb/Vtb05,Vtb,tunnels,5,762.5
obd,veh_yawrate,30.0,378.3,8.21,8.21,4.58,2.17,0.274,0.093,True,Vtb/Vtb05,Vtb,tunnels,5,762.5
wheel_speed,veh_yawrate,30.0,378.3,7.74,7.74,4.27,2.05,0.258,0.041,True,Vtb/Vtb05,Vtb,tunnels,5,762.5
obd,gps_hold,30.0,378.3,2.94,2.94,1.72,0.78,0.098,0.093,True,Vtb/Vtb05,Vtb,tunnels,5,762.5
hold,imu_aligned,30.0,378.3,122.48,122.48,63.59,32.38,4.083,4.078,False,Vtb/Vtb05,Vtb,tunnels,5,762.5
imu_integrate,imu_aligned,30.0,378.3,186.04,186.04,83.93,49.18,6.201,6.325,False,Vtb/Vtb05,Vtb,tunnels,5,762.5
truth,truth,30.0,358.9,0.51,0.52,0.33,0.14,0.017,,True,Vtb/Vtb05,Vtb,tunnels,6,897.5
truth,veh_yawrate,30.0,358.9,184.74,184.74,85.61,51.48,6.158,,False,Vtb/Vtb05,Vtb,tunnels,6,897.5
hold,truth,30.0,358.9,142.63,142.63,85.07,39.74,4.754,4.822,False,Vtb/Vtb05,Vtb,tunnels,6,897.5
obd,veh_yawrate,30.0,358.9,185.28,185.28,85.84,51.63,6.176,0.069,False,Vtb/Vtb05,Vtb,tunnels,6,897.5
wheel_speed,veh_yawrate,30.0,358.9,184.69,184.69,85.56,51.47,6.156,0.046,False,Vtb/Vtb05,Vtb,tunnels,6,897.5
obd,gps_hold,30.0,358.9,92.72,92.72,42.82,25.84,3.091,0.069,False,Vtb/Vtb05,Vtb,tunnels,6,897.5
hold,imu_aligned,30.0,358.9,156.99,156.99,89.94,43.75,5.233,4.822,False,Vtb/Vtb05,Vtb,tunnels,6,897.5
imu_integrate,imu_aligned,30.0,358.9,102.56,102.56,57.74,28.58,3.419,2.144,False,Vtb/Vtb05,Vtb,tunnels,6,897.5
truth,truth,30.0,434.2,0.65,0.65,0.37,0.15,0.022,,True,Vtb/Vtb05,Vtb,tunnels,7,1032.5
truth,veh_yawrate,30.0,434.2,32.99,32.99,13.19,7.6,1.1,,True,Vtb/Vtb05,Vtb,tunnels,7,1032.5
hold,truth,30.0,434.2,11.33,16.48,12.46,2.61,0.378,0.73,True,Vtb/Vtb05,Vtb,tunnels,7,1032.5
obd,veh_yawrate,30.0,434.2,32.83,32.83,13.12,7.56,1.094,0.072,True,Vtb/Vtb05,Vtb,tunnels,7,1032.5
wheel_speed,veh_yawrate,30.0,434.2,33.04,33.04,13.22,7.61,1.101,0.057,True,Vtb/Vtb05,Vtb,tunnels,7,1032.5
obd,gps_hold,30.0,434.2,7.49,17.28,10.73,1.73,0.25,0.072,True,Vtb/Vtb05,Vtb,tunnels,7,1032.5
hold,imu_aligned,30.0,434.2,10.48,22.76,15.57,2.41,0.349,0.73,True,Vtb/Vtb05,Vtb,tunnels,7,1032.5
imu_integrate,imu_aligned,30.0,434.2,25.66,25.66,16.4,5.91,0.855,2.052,True,Vtb/Vtb05,Vtb,tunnels,7,1032.5
truth,truth,60.0,389.6,0.93,1.1,0.73,0.24,0.016,,True,Vtb/Vtb05,Vtb,every_2min,0,50.0
truth,veh_yawrate,60.0,389.6,4.13,4.13,2.76,1.06,0.069,,True,Vtb/Vtb05,Vtb,every_2min,0,50.0
hold,truth,60.0,389.6,293.64,293.64,114.52,75.38,4.894,5.743,False,Vtb/Vtb05,Vtb,every_2min,0,50.0
obd,veh_yawrate,60.0,389.6,4.98,4.98,3.56,1.28,0.083,0.068,True,Vtb/Vtb05,Vtb,every_2min,0,50.0
wheel_speed,veh_yawrate,60.0,389.6,4.45,4.45,3.0,1.14,0.074,0.057,True,Vtb/Vtb05,Vtb,every_2min,0,50.0
obd,gps_hold,60.0,389.6,175.82,175.82,130.05,45.13,2.93,0.068,False,Vtb/Vtb05,Vtb,every_2min,0,50.0
hold,imu_aligned,60.0,389.6,392.71,392.71,195.79,100.81,6.545,5.743,False,Vtb/Vtb05,Vtb,every_2min,0,50.0
imu_integrate,imu_aligned,60.0,389.6,173.61,184.22,135.37,44.57,2.893,4.044,False,Vtb/Vtb05,Vtb,every_2min,0,50.0
truth,truth,60.0,798.4,1.65,1.65,0.87,0.21,0.027,,True,Vtb/Vtb05,Vtb,every_2min,1,230.0
truth,veh_yawrate,60.0,798.4,32.12,32.12,13.04,4.02,0.535,,True,Vtb/Vtb05,Vtb,every_2min,1,230.0
hold,truth,60.0,798.4,663.6,663.6,382.28,83.12,11.06,11.634,False,Vtb/Vtb05,Vtb,every_2min,1,230.0
obd,veh_yawrate,60.0,798.4,31.81,31.81,13.45,3.98,0.53,0.124,True,Vtb/Vtb05,Vtb,every_2min,1,230.0
wheel_speed,veh_yawrate,60.0,798.4,32.39,32.39,13.0,4.06,0.54,0.064,True,Vtb/Vtb05,Vtb,every_2min,1,230.0
obd,gps_hold,60.0,798.4,273.58,298.77,177.2,34.27,4.56,0.124,False,Vtb/Vtb05,Vtb,every_2min,1,230.0
hold,imu_aligned,60.0,798.4,665.48,665.48,385.65,83.36,11.091,11.634,False,Vtb/Vtb05,Vtb,every_2min,1,230.0
imu_integrate,imu_aligned,60.0,798.4,523.72,523.72,332.14,65.6,8.729,9.007,False,Vtb/Vtb05,Vtb,every_2min,1,230.0
truth,truth,60.0,762.7,8.42,8.42,5.76,1.1,0.14,,True,Vtb/Vtb05,Vtb,every_2min,2,410.0
truth,veh_yawrate,60.0,762.7,324.57,324.57,206.32,42.55,5.41,,False,Vtb/Vtb05,Vtb,every_2min,2,410.0
hold,truth,60.0,762.7,232.87,232.87,84.24,30.53,3.881,4.829,False,Vtb/Vtb05,Vtb,every_2min,2,410.0
obd,veh_yawrate,60.0,762.7,323.27,323.27,205.85,42.38,5.388,0.118,False,Vtb/Vtb05,Vtb,every_2min,2,410.0
wheel_speed,veh_yawrate,60.0,762.7,322.91,322.91,205.58,42.34,5.382,0.175,False,Vtb/Vtb05,Vtb,every_2min,2,410.0
obd,gps_hold,60.0,762.7,271.33,280.27,186.46,35.57,4.522,0.118,False,Vtb/Vtb05,Vtb,every_2min,2,410.0
hold,imu_aligned,60.0,762.7,412.32,412.32,218.31,54.06,6.872,4.829,False,Vtb/Vtb05,Vtb,every_2min,2,410.0
imu_integrate,imu_aligned,60.0,762.7,1870.91,1870.91,873.02,245.29,31.182,29.667,False,Vtb/Vtb05,Vtb,every_2min,2,410.0
truth,truth,60.0,969.8,1.92,2.17,1.5,0.2,0.032,,True,Vtb/Vtb05,Vtb,every_2min,3,590.0
truth,veh_yawrate,60.0,969.8,192.96,192.96,107.17,19.9,3.216,,False,Vtb/Vtb05,Vtb,every_2min,3,590.0
hold,truth,60.0,969.8,221.98,221.98,102.3,22.89,3.7,4.138,False,Vtb/Vtb05,Vtb,every_2min,3,590.0
obd,veh_yawrate,60.0,969.8,194.25,194.25,107.96,20.03,3.238,0.155,False,Vtb/Vtb05,Vtb,every_2min,3,590.0
wheel_speed,veh_yawrate,60.0,969.8,193.46,193.46,107.47,19.95,3.224,0.133,False,Vtb/Vtb05,Vtb,every_2min,3,590.0
obd,gps_hold,60.0,969.8,967.62,967.62,503.73,99.78,16.127,0.155,False,Vtb/Vtb05,Vtb,every_2min,3,590.0
hold,imu_aligned,60.0,969.8,871.68,871.68,460.91,89.88,14.528,4.138,False,Vtb/Vtb05,Vtb,every_2min,3,590.0
imu_integrate,imu_aligned,60.0,969.8,1647.61,1647.61,884.29,169.9,27.46,15.443,False,Vtb/Vtb05,Vtb,every_2min,3,590.0
truth,truth,60.0,661.9,1.39,1.4,0.93,0.21,0.023,,True,Vtb/Vtb05,Vtb,every_2min,4,770.0
truth,veh_yawrate,60.0,661.9,22.11,22.11,12.61,3.34,0.368,,True,Vtb/Vtb05,Vtb,every_2min,4,770.0
hold,truth,60.0,661.9,350.98,350.98,197.16,53.03,5.85,5.848,False,Vtb/Vtb05,Vtb,every_2min,4,770.0
obd,veh_yawrate,60.0,661.9,22.7,22.7,12.97,3.43,0.378,0.087,True,Vtb/Vtb05,Vtb,every_2min,4,770.0
wheel_speed,veh_yawrate,60.0,661.9,22.12,22.12,12.61,3.34,0.369,0.044,True,Vtb/Vtb05,Vtb,every_2min,4,770.0
obd,gps_hold,60.0,661.9,11.11,11.11,6.55,1.68,0.185,0.087,True,Vtb/Vtb05,Vtb,every_2min,4,770.0
hold,imu_aligned,60.0,661.9,351.28,351.28,197.33,53.07,5.855,5.848,False,Vtb/Vtb05,Vtb,every_2min,4,770.0
imu_integrate,imu_aligned,60.0,661.9,698.73,698.73,395.62,105.57,11.645,11.634,False,Vtb/Vtb05,Vtb,every_2min,4,770.0
truth,truth,60.0,696.7,2.2,2.25,1.4,0.32,0.037,,True,Vtb/Vtb05,Vtb,every_2min,5,950.0
truth,veh_yawrate,60.0,696.7,11.43,11.43,4.83,1.64,0.19,,True,Vtb/Vtb05,Vtb,every_2min,5,950.0
hold,truth,60.0,696.7,61.9,81.58,52.48,8.88,1.032,3.655,True,Vtb/Vtb05,Vtb,every_2min,5,950.0
obd,veh_yawrate,60.0,696.7,13.56,13.56,5.98,1.95,0.226,0.123,True,Vtb/Vtb05,Vtb,every_2min,5,950.0
wheel_speed,veh_yawrate,60.0,696.7,11.78,11.78,5.0,1.69,0.196,0.103,True,Vtb/Vtb05,Vtb,every_2min,5,950.0
obd,gps_hold,60.0,696.7,150.52,150.52,63.29,21.6,2.509,0.123,False,Vtb/Vtb05,Vtb,every_2min,5,950.0
hold,imu_aligned,60.0,696.7,151.3,151.3,79.85,21.72,2.522,3.655,False,Vtb/Vtb05,Vtb,every_2min,5,950.0
imu_integrate,imu_aligned,60.0,696.7,215.96,215.96,129.04,31.0,3.599,2.859,False,Vtb/Vtb05,Vtb,every_2min,5,950.0
truth,truth,60.0,481.5,1.58,1.58,0.99,0.33,0.026,,True,Vtb/Vtb05,Vtb,every_2min,6,1130.0
truth,veh_yawrate,60.0,481.5,43.51,43.51,22.73,9.04,0.725,,True,Vtb/Vtb05,Vtb,every_2min,6,1130.0
hold,truth,60.0,481.5,247.75,247.75,109.76,51.45,4.129,4.167,False,Vtb/Vtb05,Vtb,every_2min,6,1130.0
obd,veh_yawrate,60.0,481.5,43.92,43.92,23.02,9.12,0.732,0.067,True,Vtb/Vtb05,Vtb,every_2min,6,1130.0
wheel_speed,veh_yawrate,60.0,481.5,43.45,43.45,22.7,9.02,0.724,0.041,True,Vtb/Vtb05,Vtb,every_2min,6,1130.0
obd,gps_hold,60.0,481.5,173.22,173.22,101.26,35.97,2.887,0.067,False,Vtb/Vtb05,Vtb,every_2min,6,1130.0
hold,imu_aligned,60.0,481.5,332.68,332.68,163.32,69.09,5.545,4.167,False,Vtb/Vtb05,Vtb,every_2min,6,1130.0
imu_integrate,imu_aligned,60.0,481.5,1141.62,1141.62,588.16,237.08,19.027,18.193,False,Vtb/Vtb05,Vtb,every_2min,6,1130.0
truth,truth,60.0,982.0,2.53,2.55,1.44,0.26,0.042,,True,Vtb/Vtb05,Vtb,every_2min,7,1310.0
truth,veh_yawrate,60.0,982.0,63.05,63.05,29.19,6.42,1.051,,True,Vtb/Vtb05,Vtb,every_2min,7,1310.0
hold,truth,60.0,982.0,389.6,389.6,241.71,39.67,6.493,6.55,False,Vtb/Vtb05,Vtb,every_2min,7,1310.0
obd,veh_yawrate,60.0,982.0,64.97,64.97,30.4,6.62,1.083,0.189,True,Vtb/Vtb05,Vtb,every_2min,7,1310.0
wheel_speed,veh_yawrate,60.0,982.0,63.51,63.51,29.47,6.47,1.059,0.092,True,Vtb/Vtb05,Vtb,every_2min,7,1310.0
obd,gps_hold,60.0,982.0,194.2,194.2,87.86,19.77,3.237,0.189,False,Vtb/Vtb05,Vtb,every_2min,7,1310.0
hold,imu_aligned,60.0,982.0,412.26,412.26,248.88,41.98,6.871,6.55,False,Vtb/Vtb05,Vtb,every_2min,7,1310.0
imu_integrate,imu_aligned,60.0,982.0,562.23,562.23,219.38,57.25,9.37,11.458,False,Vtb/Vtb05,Vtb,every_2min,7,1310.0
truth,truth,60.0,1075.1,2.37,2.37,1.23,0.22,0.04,,True,Vtb/Vtb05,Vtb,every_2min,8,1490.0
truth,veh_yawrate,60.0,1075.1,74.82,74.82,35.34,6.96,1.247,,True,Vtb/Vtb05,Vtb,every_2min,8,1490.0
hold,truth,60.0,1075.1,118.97,134.29,81.03,11.07,1.983,2.511,False,Vtb/Vtb05,Vtb,every_2min,8,1490.0
obd,veh_yawrate,60.0,1075.1,76.54,76.54,36.51,7.12,1.276,0.163,True,Vtb/Vtb05,Vtb,every_2min,8,1490.0
wheel_speed,veh_yawrate,60.0,1075.1,74.8,74.8,35.36,6.96,1.247,0.04,True,Vtb/Vtb05,Vtb,every_2min,8,1490.0
obd,gps_hold,60.0,1075.1,191.3,191.3,93.2,17.79,3.188,0.163,False,Vtb/Vtb05,Vtb,every_2min,8,1490.0
hold,imu_aligned,60.0,1075.1,209.4,209.4,114.3,19.48,3.49,2.511,False,Vtb/Vtb05,Vtb,every_2min,8,1490.0
imu_integrate,imu_aligned,60.0,1075.1,242.87,242.87,103.08,22.59,4.048,3.924,False,Vtb/Vtb05,Vtb,every_2min,8,1490.0
truth,truth,60.0,976.6,1.49,1.5,1.09,0.15,0.025,,True,Vtb/Vtb05,Vtb,every_2min,9,1670.0
truth,veh_yawrate,60.0,976.6,50.89,50.89,21.68,5.21,0.848,,True,Vtb/Vtb05,Vtb,every_2min,9,1670.0
hold,truth,60.0,976.6,285.15,285.15,168.44,29.2,4.752,4.873,False,Vtb/Vtb05,Vtb,every_2min,9,1670.0
obd,veh_yawrate,60.0,976.6,50.2,50.2,21.4,5.14,0.837,0.088,True,Vtb/Vtb05,Vtb,every_2min,9,1670.0
wheel_speed,veh_yawrate,60.0,976.6,50.93,50.93,21.74,5.22,0.849,0.05,True,Vtb/Vtb05,Vtb,every_2min,9,1670.0
obd,gps_hold,60.0,976.6,30.91,105.14,64.88,3.17,0.515,0.088,True,Vtb/Vtb05,Vtb,every_2min,9,1670.0
hold,imu_aligned,60.0,976.6,267.62,267.62,170.13,27.4,4.46,4.873,False,Vtb/Vtb05,Vtb,every_2min,9,1670.0
imu_integrate,imu_aligned,60.0,976.6,92.79,127.7,83.95,9.5,1.547,4.374,True,Vtb/Vtb05,Vtb,every_2min,9,1670.0
truth,truth,60.0,801.5,1.72,1.8,0.96,0.21,0.029,,True,Vtb/Vtb05,Vtb,every_2min,10,1850.0
truth,veh_yawrate,60.0,801.5,55.17,55.17,28.88,6.88,0.919,,True,Vtb/Vtb05,Vtb,every_2min,10,1850.0
hold,truth,60.0,801.5,49.57,69.73,43.71,6.19,0.826,2.376,True,Vtb/Vtb05,Vtb,every_2min,10,1850.0
obd,veh_yawrate,60.0,801.5,56.1,56.1,29.48,7.0,0.935,0.13,True,Vtb/Vtb05,Vtb,every_2min,10,1850.0
wheel_speed,veh_yawrate,60.0,801.5,55.1,55.1,28.84,6.88,0.918,0.079,True,Vtb/Vtb05,Vtb,every_2min,10,1850.0
obd,gps_hold,60.0,801.5,21.32,41.39,22.91,2.66,0.355,0.13,True,Vtb/Vtb05,Vtb,every_2min,10,1850.0
hold,imu_aligned,60.0,801.5,43.83,62.86,44.13,5.47,0.73,2.376,True,Vtb/Vtb05,Vtb,every_2min,10,1850.0
imu_integrate,imu_aligned,60.0,801.5,502.69,502.69,230.31,62.72,8.378,8.977,False,Vtb/Vtb05,Vtb,every_2min,10,1850.0
truth,truth,60.0,541.1,0.78,1.56,1.01,0.14,0.013,,True,Vtb/Vtb05,Vtb,every_2min,11,2090.0
truth,veh_yawrate,60.0,541.1,28.68,28.68,9.07,5.3,0.478,,True,Vtb/Vtb05,Vtb,every_2min,11,2090.0
hold,truth,60.0,541.1,464.67,464.67,255.22,85.88,7.744,8.434,False,Vtb/Vtb05,Vtb,every_2min,11,2090.0
obd,veh_yawrate,60.0,541.1,29.13,29.13,9.34,5.38,0.486,0.093,True,Vtb/Vtb05,Vtb,every_2min,11,2090.0
wheel_speed,veh_yawrate,60.0,541.1,28.84,28.84,9.08,5.33,0.481,0.049,True,Vtb/Vtb05,Vtb,every_2min,11,2090.0
obd,gps_hold,60.0,541.1,9.6,9.6,5.51,1.77,0.16,0.093,True,Vtb/Vtb05,Vtb,every_2min,11,2090.0
hold,imu_aligned,60.0,541.1,464.5,464.5,255.15,85.84,7.742,8.434,False,Vtb/Vtb05,Vtb,every_2min,11,2090.0
imu_integrate,imu_aligned,60.0,541.1,35.08,207.17,117.48,6.48,0.585,7.072,True,Vtb/Vtb05,Vtb,every_2min,11,2090.0
truth,truth,60.0,664.0,0.62,0.84,0.51,0.09,0.01,,True,Vtb/Vtb05,Vtb,every_2min,12,2270.0
truth,veh_yawrate,60.0,664.0,101.17,101.17,52.0,15.24,1.686,,False,Vtb/Vtb05,Vtb,every_2min,12,2270.0
hold,truth,60.0,664.0,29.66,52.74,26.88,4.47,0.494,2.383,True,Vtb/Vtb05,Vtb,every_2min,12,2270.0
obd,veh_yawrate,60.0,664.0,102.04,102.04,52.5,15.37,1.701,0.111,False,Vtb/Vtb05,Vtb,every_2min,12,2270.0
wheel_speed,veh_yawrate,60.0,664.0,101.31,101.31,52.07,15.26,1.688,0.062,False,Vtb/Vtb05,Vtb,every_2min,12,2270.0
obd,gps_hold,60.0,664.0,356.92,356.92,176.38,53.75,5.949,0.111,False,Vtb/Vtb05,Vtb,every_2min,12,2270.0
hold,imu_aligned,60.0,664.0,347.4,347.4,179.31,52.32,5.79,2.383,False,Vtb/Vtb05,Vtb,every_2min,12,2270.0
imu_integrate,imu_aligned,60.0,664.0,511.82,511.82,246.61,77.08,8.53,4.668,False,Vtb/Vtb05,Vtb,every_2min,12,2270.0
truth,truth,60.0,954.1,8.24,13.24,2.76,0.86,0.137,,True,Vtb/Vtb05,Vtb,every_2min,13,2450.0
truth,veh_yawrate,60.0,954.1,120.16,120.16,67.03,12.59,2.003,,False,Vtb/Vtb05,Vtb,every_2min,13,2450.0
hold,truth,60.0,954.1,228.77,228.77,98.81,23.98,3.813,4.515,False,Vtb/Vtb05,Vtb,every_2min,13,2450.0
obd,veh_yawrate,60.0,954.1,126.67,126.67,69.73,13.28,2.111,0.585,False,Vtb/Vtb05,Vtb,every_2min,13,2450.0
wheel_speed,veh_yawrate,60.0,954.1,124.45,124.45,68.5,13.04,2.074,0.536,False,Vtb/Vtb05,Vtb,every_2min,13,2450.0
obd,gps_hold,60.0,954.1,252.56,252.56,145.14,26.47,4.209,0.585,False,Vtb/Vtb05,Vtb,every_2min,13,2450.0
hold,imu_aligned,60.0,954.1,294.7,294.7,152.78,30.89,4.912,4.515,False,Vtb/Vtb05,Vtb,every_2min,13,2450.0
imu_integrate,imu_aligned,60.0,954.1,283.74,283.74,183.8,29.74,4.729,3.292,False,Vtb/Vtb05,Vtb,every_2min,13,2450.0
truth,truth,60.0,684.9,1.93,1.98,1.05,0.28,0.032,,True,Vtb/Vtb05,Vtb,every_2min,14,2630.0
truth,veh_yawrate,60.0,684.9,101.31,101.36,65.65,14.79,1.688,,False,Vtb/Vtb05,Vtb,every_2min,14,2630.0
hold,truth,60.0,684.9,40.15,82.22,41.14,5.86,0.669,3.456,True,Vtb/Vtb05,Vtb,every_2min,14,2630.0
obd,veh_yawrate,60.0,684.9,101.29,101.42,65.66,14.79,1.688,0.093,False,Vtb/Vtb05,Vtb,every_2min,14,2630.0
wheel_speed,veh_yawrate,60.0,684.9,101.29,101.34,65.59,14.79,1.688,0.044,False,Vtb/Vtb05,Vtb,every_2min,14,2630.0
obd,gps_hold,60.0,684.9,346.87,346.87,222.59,50.65,5.781,0.093,False,Vtb/Vtb05,Vtb,every_2min,14,2630.0
hold,imu_aligned,60.0,684.9,359.89,359.89,219.15,52.55,5.998,3.456,False,Vtb/Vtb05,Vtb,every_2min,14,2630.0
imu_integrate,imu_aligned,60.0,684.9,544.24,544.24,274.3,79.46,9.071,5.988,False,Vtb/Vtb05,Vtb,every_2min,14,2630.0
truth,truth,60.0,1296.2,4.02,4.02,2.35,0.31,0.067,,True,Vtb/Vtb05,Vtb,every_2min,15,2810.0
truth,veh_yawrate,60.0,1296.2,11.09,11.09,7.48,0.86,0.185,,True,Vtb/Vtb05,Vtb,every_2min,15,2810.0
hold,truth,60.0,1296.2,994.01,994.01,572.18,76.68,16.567,16.784,False,Vtb/Vtb05,Vtb,every_2min,15,2810.0
obd,veh_yawrate,60.0,1296.2,16.46,16.46,9.86,1.27,0.274,0.165,True,Vtb/Vtb05,Vtb,every_2min,15,2810.0
wheel_speed,veh_yawrate,60.0,1296.2,10.27,10.9,7.24,0.79,0.171,0.044,True,Vtb/Vtb05,Vtb,every_2min,15,2810.0
obd,gps_hold,60.0,1296.2,334.0,334.95,233.56,25.77,5.567,0.165,False,Vtb/Vtb05,Vtb,every_2min,15,2810.0
hold,imu_aligned,60.0,1296.2,1002.54,1002.54,581.16,77.34,16.709,16.784,False,Vtb/Vtb05,Vtb,every_2min,15,2810.0
imu_integrate,imu_aligned,60.0,1296.2,944.68,944.68,540.32,72.88,15.745,15.761,False,Vtb/Vtb05,Vtb,every_2min,15,2810.0
truth,truth,60.0,1690.1,5.14,5.14,3.14,0.3,0.086,,True,Vtb/Vtb05,Vtb,every_2min,16,2990.0
truth,veh_yawrate,60.0,1690.1,16.66,16.66,6.39,0.99,0.278,,True,Vtb/Vtb05,Vtb,every_2min,16,2990.0
hold,truth,60.0,1690.1,17.97,49.02,30.29,1.06,0.3,1.445,True,Vtb/Vtb05,Vtb,every_2min,16,2990.0
obd,veh_yawrate,60.0,1690.1,19.15,19.15,8.5,1.13,0.319,0.164,True,Vtb/Vtb05,Vtb,every_2min,16,2990.0
wheel_speed,veh_yawrate,60.0,1690.1,16.36,16.36,6.16,0.97,0.273,0.061,True,Vtb/Vtb05,Vtb,every_2min,16,2990.0
obd,gps_hold,60.0,1690.1,277.42,277.42,145.07,16.41,4.624,0.164,False,Vtb/Vtb05,Vtb,every_2min,16,2990.0
hold,imu_aligned,60.0,1690.1,278.63,278.63,150.02,16.49,4.644,1.445,False,Vtb/Vtb05,Vtb,every_2min,16,2990.0
imu_integrate,imu_aligned,60.0,1690.1,393.86,393.86,207.71,23.3,6.564,4.252,False,Vtb/Vtb05,Vtb,every_2min,16,2990.0
truth,truth,60.0,1586.2,1.49,1.5,0.85,0.09,0.025,,True,Vtb/Vtb05,Vtb,every_2min,17,3170.0
truth,veh_yawrate,60.0,1586.2,300.49,300.49,136.97,18.94,5.008,,False,Vtb/Vtb05,Vtb,every_2min,17,3170.0
hold,truth,60.0,1586.2,37.57,37.57,16.84,2.37,0.626,1.057,True,Vtb/Vtb05,Vtb,every_2min,17,3170.0
obd,veh_yawrate,60.0,1586.2,300.89,300.89,137.15,18.97,5.015,0.074,False,Vtb/Vtb05,Vtb,every_2min,17,3170.0
wheel_speed,veh_yawrate,60.0,1586.2,300.47,300.47,136.95,18.94,5.008,0.047,False,Vtb/Vtb05,Vtb,every_2min,17,3170.0
obd,gps_hold,60.0,1586.2,102.13,102.13,57.23,6.44,1.702,0.074,True,Vtb/Vtb05,Vtb,every_2min,17,3170.0
hold,imu_aligned,60.0,1586.2,109.82,109.82,59.96,6.92,1.83,1.057,True,Vtb/Vtb05,Vtb,every_2min,17,3170.0
imu_integrate,imu_aligned,60.0,1586.2,318.97,318.97,152.27,20.11,5.316,5.039,False,Vtb/Vtb05,Vtb,every_2min,17,3170.0
truth,truth,60.0,1448.5,5.94,5.94,2.86,0.41,0.099,,True,Vtb/Vtb05,Vtb,every_2min,18,3350.0
truth,veh_yawrate,60.0,1448.5,131.9,131.9,39.68,9.11,2.198,,True,Vtb/Vtb05,Vtb,every_2min,18,3350.0
hold,truth,60.0,1448.5,140.96,140.96,90.24,9.73,2.349,2.374,True,Vtb/Vtb05,Vtb,every_2min,18,3350.0
obd,veh_yawrate,60.0,1448.5,132.27,132.27,40.13,9.13,2.205,0.163,True,Vtb/Vtb05,Vtb,every_2min,18,3350.0
wheel_speed,veh_yawrate,60.0,1448.5,131.98,131.98,39.75,9.11,2.2,0.088,True,Vtb/Vtb05,Vtb,every_2min,18,3350.0
obd,gps_hold,60.0,1448.5,421.61,421.61,210.61,29.11,7.027,0.163,False,Vtb/Vtb05,Vtb,every_2min,18,3350.0
hold,imu_aligned,60.0,1448.5,467.21,467.21,241.53,32.26,7.787,2.374,False,Vtb/Vtb05,Vtb,every_2min,18,3350.0
imu_integrate,imu_aligned,60.0,1448.5,496.37,496.37,261.78,34.27,8.273,3.321,False,Vtb/Vtb05,Vtb,every_2min,18,3350.0
truth,truth,60.0,702.9,3.29,3.29,2.25,0.47,0.055,,True,Vtb/Vtb05,Vtb,every_2min,19,3530.0
truth,veh_yawrate,60.0,702.9,23.41,23.42,17.24,3.33,0.39,,True,Vtb/Vtb05,Vtb,every_2min,19,3530.0
hold,truth,60.0,702.9,726.9,726.9,312.87,103.42,12.115,12.164,False,Vtb/Vtb05,Vtb,every_2min,19,3530.0
obd,veh_yawrate,60.0,702.9,23.36,23.39,17.24,3.32,0.389,0.057,True,Vtb/Vtb05,Vtb,every_2min,19,3530.0
wheel_speed,veh_yawrate,60.0,702.9,23.19,23.23,17.13,3.3,0.387,0.033,True,Vtb/Vtb05,Vtb,every_2min,19,3530.0
obd,gps_hold,60.0,702.9,72.63,72.63,50.86,10.33,1.211,0.057,False,Vtb/Vtb05,Vtb,every_2min,19,3530.0
hold,imu_aligned,60.0,702.9,735.73,735.73,320.11,104.67,12.262,12.164,False,Vtb/Vtb05,Vtb,every_2min,19,3530.0
imu_integrate,imu_aligned,60.0,702.9,589.52,589.52,253.78,83.87,9.825,9.793,False,Vtb/Vtb05,Vtb,every_2min,19,3530.0
truth,truth,60.0,993.1,2.48,2.48,1.27,0.25,0.041,,True,Vtb/Vtb05,Vtb,every_2min,20,3710.0
truth,veh_yawrate,60.0,993.1,242.37,242.37,95.85,24.4,4.039,,False,Vtb/Vtb05,Vtb,every_2min,20,3710.0
hold,truth,60.0,993.1,653.84,653.84,343.07,65.84,10.897,11.023,False,Vtb/Vtb05,Vtb,every_2min,20,3710.0
obd,veh_yawrate,60.0,993.1,241.88,241.88,95.68,24.35,4.031,0.112,False,Vtb/Vtb05,Vtb,every_2min,20,3710.0
wheel_speed,veh_yawrate,60.0,993.1,241.9,241.9,95.66,24.36,4.032,0.064,False,Vtb/Vtb05,Vtb,every_2min,20,3710.0
obd,gps_hold,60.0,993.1,87.99,87.99,27.44,8.86,1.466,0.112,True,Vtb/Vtb05,Vtb,every_2min,20,3710.0
hold,imu_aligned,60.0,993.1,651.83,651.83,342.41,65.63,10.864,11.023,False,Vtb/Vtb05,Vtb,every_2min,20,3710.0
imu_integrate,imu_aligned,60.0,993.1,457.06,457.06,272.77,46.02,7.618,7.735,False,Vtb/Vtb05,Vtb,every_2min,20,3710.0
truth,truth,60.0,1729.0,6.88,6.88,5.81,0.4,0.115,,True,Vtb/Vtb05,Vtb,every_2min,21,3890.0
truth,veh_yawrate,60.0,1729.0,20.04,40.45,24.42,1.16,0.334,,True,Vtb/Vtb05,Vtb,every_2min,21,3890.0
hold,truth,60.0,1729.0,271.88,271.88,153.41,15.72,4.531,4.583,False,Vtb/Vtb05,Vtb,every_2min,21,3890.0
obd,veh_yawrate,60.0,1729.0,23.35,40.98,24.87,1.35,0.389,0.138,True,Vtb/Vtb05,Vtb,every_2min,21,3890.0
wheel_speed,veh_yawrate,60.0,1729.0,20.25,40.43,24.2,1.17,0.338,0.159,True,Vtb/Vtb05,Vtb,every_2min,21,3890.0
obd,gps_hold,60.0,1729.0,55.57,109.03,66.35,3.21,0.926,0.138,True,Vtb/Vtb05,Vtb,every_2min,21,3890.0
hold,imu_aligned,60.0,1729.0,267.46,267.46,162.61,15.47,4.458,4.583,False,Vtb/Vtb05,Vtb,every_2min,21,3890.0
imu_integrate,imu_aligned,60.0,1729.0,218.73,218.73,98.09,12.65,3.646,4.356,False,Vtb/Vtb05,Vtb,every_2min,21,3890.0
truth,truth,60.0,1671.4,4.59,4.59,2.64,0.27,0.077,,True,Vtb/Vtb05,Vtb,every_2min,22,4070.0
truth,veh_yawrate,60.0,1671.4,86.03,86.03,36.0,5.15,1.434,,True,Vtb/Vtb05,Vtb,every_2min,22,4070.0
hold,truth,60.0,1671.4,48.23,48.23,20.75,2.89,0.804,0.827,True,Vtb/Vtb05,Vtb,every_2min,22,4070.0
obd,veh_yawrate,60.0,1671.4,86.26,86.26,36.16,5.16,1.438,0.095,True,Vtb/Vtb05,Vtb,every_2min,22,4070.0
wheel_speed,veh_yawrate,60.0,1671.4,86.0,86.0,35.98,5.15,1.433,0.034,True,Vtb/Vtb05,Vtb,every_2min,22,4070.0
obd,gps_hold,60.0,1671.4,80.78,80.78,45.88,4.83,1.346,0.095,True,Vtb/Vtb05,Vtb,every_2min,22,4070.0
hold,imu_aligned,60.0,1671.4,94.71,94.71,50.57,5.67,1.579,0.827,True,Vtb/Vtb05,Vtb,every_2min,22,4070.0
imu_integrate,imu_aligned,60.0,1671.4,128.33,152.22,103.43,7.68,2.139,3.15,True,Vtb/Vtb05,Vtb,every_2min,22,4070.0
truth,truth,60.0,1381.0,4.14,4.15,2.29,0.3,0.069,,True,Vtb/Vtb05,Vtb,every_2min,23,4250.0
truth,veh_yawrate,60.0,1381.0,287.55,287.55,127.83,20.82,4.792,,False,Vtb/Vtb05,Vtb,every_2min,23,4250.0
hold,truth,60.0,1381.0,15.07,32.24,19.79,1.09,0.251,1.507,True,Vtb/Vtb05,Vtb,every_2min,23,4250.0
obd,veh_yawrate,60.0,1381.0,287.77,287.77,127.99,20.84,4.796,0.11,False,Vtb/Vtb05,Vtb,every_2min,23,4250.0
wheel_speed,veh_yawrate,60.0,1381.0,287.49,287.49,127.82,20.82,4.792,0.059,False,Vtb/Vtb05,Vtb,every_2min,23,4250.0
obd,gps_hold,60.0,1381.0,8.42,8.42,5.56,0.61,0.14,0.11,True,Vtb/Vtb05,Vtb,every_2min,23,4250.0
hold,imu_aligned,60.0,1381.0,16.0,32.54,20.12,1.16,0.267,1.507,True,Vtb/Vtb05,Vtb,every_2min,23,4250.0
imu_integrate,imu_aligned,60.0,1381.0,123.95,123.95,48.74,8.98,2.066,2.633,True,Vtb/Vtb05,Vtb,every_2min,23,4250.0
truth,truth,60.0,1337.3,13.03,13.03,7.29,0.97,0.217,,True,Vtb/Vtb05,Vtb,every_2min,24,4430.0
truth,veh_yawrate,60.0,1337.3,299.79,299.79,134.59,22.42,4.996,,False,Vtb/Vtb05,Vtb,every_2min,24,4430.0
hold,truth,60.0,1337.3,69.39,74.16,51.04,5.19,1.157,1.346,True,Vtb/Vtb05,Vtb,every_2min,24,4430.0
obd,veh_yawrate,60.0,1337.3,300.29,300.29,134.89,22.45,5.005,0.295,False,Vtb/Vtb05,Vtb,every_2min,24,4430.0
wheel_speed,veh_yawrate,60.0,1337.3,299.89,299.89,134.64,22.42,4.998,0.212,False,Vtb/Vtb05,Vtb,every_2min,24,4430.0
obd,gps_hold,60.0,1337.3,201.44,201.44,85.78,15.06,3.357,0.295,False,Vtb/Vtb05,Vtb,every_2min,24,4430.0
hold,imu_aligned,60.0,1337.3,217.43,217.43,101.92,16.26,3.624,1.346,False,Vtb/Vtb05,Vtb,every_2min,24,4430.0
imu_integrate,imu_aligned,60.0,1337.3,503.02,503.02,249.16,37.61,8.384,7.352,False,Vtb/Vtb05,Vtb,every_2min,24,4430.0
truth,truth,60.0,669.0,6.3,6.3,3.47,0.94,0.105,,True,Vtb/Vtb05,Vtb,every_2min,25,4610.0
truth,veh_yawrate,60.0,669.0,80.39,80.39,36.49,12.02,1.34,,False,Vtb/Vtb05,Vtb,every_2min,25,4610.0
hold,truth,60.0,669.0,523.83,523.83,318.65,78.3,8.73,8.769,False,Vtb/Vtb05,Vtb,every_2min,25,4610.0
obd,veh_yawrate,60.0,669.0,80.83,80.83,36.71,12.08,1.347,0.168,False,Vtb/Vtb05,Vtb,every_2min,25,4610.0
wheel_speed,veh_yawrate,60.0,669.0,80.56,80.56,36.55,12.04,1.343,0.135,False,Vtb/Vtb05,Vtb,every_2min,25,4610.0
obd,gps_hold,60.0,669.0,92.3,92.3,41.13,13.8,1.538,0.168,False,Vtb/Vtb05,Vtb,every_2min,25,4610.0
hold,imu_aligned,60.0,669.0,542.08,542.08,324.56,81.03,9.035,8.769,False,Vtb/Vtb05,Vtb,every_2min,25,4610.0
imu_integrate,imu_aligned,60.0,669.0,114.49,138.11,96.88,17.12,1.908,5.909,False,Vtb/Vtb05,Vtb,every_2min,25,4610.0
truth,truth,60.0,1240.9,6.84,6.84,4.05,0.55,0.114,,True,Vtb/Vtb05,Vtb,every_2min,26,4790.0
truth,veh_yawrate,60.0,1240.9,34.25,34.25,14.67,2.76,0.571,,True,Vtb/Vtb05,Vtb,every_2min,26,4790.0
hold,truth,60.0,1240.9,8.66,45.44,26.21,0.7,0.144,1.744,True,Vtb/Vtb05,Vtb,every_2min,26,4790.0
obd,veh_yawrate,60.0,1240.9,35.21,35.21,15.4,2.84,0.587,0.181,True,Vtb/Vtb05,Vtb,every_2min,26,4790.0
wheel_speed,veh_yawrate,60.0,1240.9,34.38,34.38,14.78,2.77,0.573,0.135,True,Vtb/Vtb05,Vtb,every_2min,26,4790.0
obd,gps_hold,60.0,1240.9,101.81,101.81,50.24,8.2,1.697,0.181,True,Vtb/Vtb05,Vtb,every_2min,26,4790.0
hold,imu_aligned,60.0,1240.9,101.44,101.44,56.84,8.17,1.691,1.744,True,Vtb/Vtb05,Vtb,every_2min,26,4790.0
imu_integrate,imu_aligned,60.0,1240.9,117.29,117.29,62.85,9.45,1.955,1.537,True,Vtb/Vtb05,Vtb,every_2min,26,4790.0
truth,truth,60.0,1567.0,11.02,11.02,6.04,0.7,0.184,,True,Vtb/Vtb05,Vtb,every_2min,27,4970.0
truth,veh_yawrate,60.0,1567.0,254.89,254.89,114.21,16.27,4.248,,False,Vtb/Vtb05,Vtb,every_2min,27,4970.0
hold,truth,60.0,1567.0,435.21,435.21,236.27,27.77,7.254,7.255,False,Vtb/Vtb05,Vtb,every_2min,27,4970.0
obd,veh_yawrate,60.0,1567.0,255.19,255.19,114.39,16.29,4.253,0.19,False,Vtb/Vtb05,Vtb,every_2min,27,4970.0
wheel_speed,veh_yawrate,60.0,1567.0,254.65,254.65,114.09,16.25,4.244,0.068,False,Vtb/Vtb05,Vtb,every_2min,27,4970.0
obd,gps_hold,60.0,1567.0,70.91,70.91,29.86,4.53,1.182,0.19,True,Vtb/Vtb05,Vtb,every_2min,27,4970.0
hold,imu_aligned,60.0,1567.0,438.62,438.62,237.34,27.99,7.31,7.255,False,Vtb/Vtb05,Vtb,every_2min,27,4970.0
imu_integrate,imu_aligned,60.0,1567.0,651.43,651.43,336.43,41.57,10.857,10.829,False,Vtb/Vtb05,Vtb,every_2min,27,4970.0
truth,truth,60.0,1527.5,13.23,13.23,7.95,0.87,0.22,,True,Vtb/Vtb05,Vtb,every_2min,28,5150.0
truth,veh_yawrate,60.0,1527.5,707.49,707.49,350.82,46.32,11.792,,False,Vtb/Vtb05,Vtb,every_2min,28,5150.0
hold,truth,60.0,1527.5,65.11,65.11,31.32,4.26,1.085,1.233,True,Vtb/Vtb05,Vtb,every_2min,28,5150.0
obd,veh_yawrate,60.0,1527.5,708.51,708.51,351.28,46.38,11.808,0.223,False,Vtb/Vtb05,Vtb,every_2min,28,5150.0
wheel_speed,veh_yawrate,60.0,1527.5,707.63,707.63,350.9,46.33,11.794,0.13,False,Vtb/Vtb05,Vtb,every_2min,28,5150.0
obd,gps_hold,60.0,1527.5,334.87,334.87,166.01,21.92,5.581,0.223,False,Vtb/Vtb05,Vtb,every_2min,28,5150.0
hold,imu_aligned,60.0,1527.5,330.65,330.65,164.26,21.65,5.511,1.233,False,Vtb/Vtb05,Vtb,every_2min,28,5150.0
imu_integrate,imu_aligned,60.0,1527.5,408.39,408.39,200.82,26.74,6.807,4.741,False,Vtb/Vtb05,Vtb,every_2min,28,5150.0
truth,truth,60.0,1401.3,7.46,7.46,5.13,0.53,0.124,,True,Vtb/Vtb05,Vtb,every_2min,29,5330.0
truth,veh_yawrate,60.0,1401.3,787.05,787.05,369.18,56.17,13.118,,False,Vtb/Vtb05,Vtb,every_2min,29,5330.0
hold,truth,60.0,1401.3,218.23,218.23,134.9,15.57,3.637,3.691,False,Vtb/Vtb05,Vtb,every_2min,29,5330.0
obd,veh_yawrate,60.0,1401.3,787.75,787.75,369.41,56.22,13.129,0.13,False,Vtb/Vtb05,Vtb,every_2min,29,5330.0
wheel_speed,veh_yawrate,60.0,1401.3,787.1,787.1,369.15,56.17,13.118,0.066,False,Vtb/Vtb05,Vtb,every_2min,29,5330.0
obd,gps_hold,60.0,1401.3,472.06,472.06,220.43,33.69,7.868,0.13,False,Vtb/Vtb05,Vtb,every_2min,29,5330.0
hold,imu_aligned,60.0,1401.3,560.43,560.43,278.11,39.99,9.34,3.691,False,Vtb/Vtb05,Vtb,every_2min,29,5330.0
imu_integrate,imu_aligned,60.0,1401.3,520.71,520.71,245.66,37.16,8.678,2.683,False,Vtb/Vtb05,Vtb,every_2min,29,5330.0
truth,truth,60.0,1545.5,14.68,14.68,8.33,0.95,0.245,,True,Vtb/Vtb05,Vtb,every_2min,30,5510.0
truth,veh_yawrate,60.0,1545.5,522.36,522.36,228.38,33.8,8.706,,False,Vtb/Vtb05,Vtb,every_2min,30,5510.0
hold,truth,60.0,1545.5,163.57,163.57,88.19,10.58,2.726,2.727,False,Vtb/Vtb05,Vtb,every_2min,30,5510.0
obd,veh_yawrate,60.0,1545.5,522.89,522.89,228.68,33.83,8.715,0.248,False,Vtb/Vtb05,Vtb,every_2min,30,5510.0
wheel_speed,veh_yawrate,60.0,1545.5,522.31,522.31,228.39,33.8,8.705,0.172,False,Vtb/Vtb05,Vtb,every_2min,30,5510.0
obd,gps_hold,60.0,1545.5,19.34,23.22,15.7,1.25,0.322,0.248,True,Vtb/Vtb05,Vtb,every_2min,30,5510.0
hold,imu_aligned,60.0,1545.5,163.36,163.36,88.78,10.57,2.723,2.727,False,Vtb/Vtb05,Vtb,every_2min,30,5510.0
imu_integrate,imu_aligned,60.0,1545.5,113.63,113.63,39.48,7.35,1.894,2.872,True,Vtb/Vtb05,Vtb,every_2min,30,5510.0
truth,truth,60.0,1311.4,13.79,13.79,7.73,1.05,0.23,,True,Vtb/Vtb05,Vtb,every_2min,31,5690.0
truth,veh_yawrate,60.0,1311.4,103.03,103.03,61.63,7.86,1.717,,True,Vtb/Vtb05,Vtb,every_2min,31,5690.0
hold,truth,60.0,1311.4,63.84,63.84,41.86,4.87,1.064,1.146,True,Vtb/Vtb05,Vtb,every_2min,31,5690.0
obd,veh_yawrate,60.0,1311.4,103.67,103.67,61.99,7.91,1.728,0.244,True,Vtb/Vtb05,Vtb,every_2min,31,5690.0
wheel_speed,veh_yawrate,60.0,1311.4,103.06,103.06,61.65,7.86,1.718,0.17,True,Vtb/Vtb05,Vtb,every_2min,31,5690.0
obd,gps_hold,60.0,1311.4,143.1,143.1,79.71,10.91,2.385,0.244,False,Vtb/Vtb05,Vtb,every_2min,31,5690.0
hold,imu_aligned,60.0,1311.4,158.38,158.38,91.23,12.08,2.64,1.146,False,Vtb/Vtb05,Vtb,every_2min,31,5690.0
imu_integrate,imu_aligned,60.0,1311.4,199.1,199.1,114.3,15.18,3.318,2.193,False,Vtb/Vtb05,Vtb,every_2min,31,5690.0
truth,truth,60.0,1143.1,1.74,4.68,3.09,0.15,0.029,,True,Vtb/Vtb05,Vtb,every_2min,32,5870.0
truth,veh_yawrate,60.0,1143.1,697.19,697.19,248.13,60.99,11.62,,False,Vtb/Vtb05,Vtb,every_2min,32,5870.0
hold,truth,60.0,1143.1,96.4,96.4,54.67,8.43,1.607,3.857,True,Vtb/Vtb05,Vtb,every_2min,32,5870.0
obd,veh_yawrate,60.0,1143.1,698.15,698.15,248.24,61.08,11.636,0.184,False,Vtb/Vtb05,Vtb,every_2min,32,5870.0
wheel_speed,veh_yawrate,60.0,1143.1,697.17,697.17,248.26,60.99,11.62,0.129,False,Vtb/Vtb05,Vtb,every_2min,32,5870.0
obd,gps_hold,60.0,1143.1,468.71,468.71,149.72,41.0,7.812,0.184,False,Vtb/Vtb05,Vtb,every_2min,32,5870.0
hold,imu_aligned,60.0,1143.1,538.22,538.22,181.06,47.08,8.97,3.857,False,Vtb/Vtb05,Vtb,every_2min,32,5870.0
imu_integrate,imu_aligned,60.0,1143.1,402.1,402.1,139.34,35.18,6.702,3.773,False,Vtb/Vtb05,Vtb,every_2min,32,5870.0
truth,truth,60.1,824.1,10.93,10.93,6.03,1.33,0.182,,True,Vtb/Vtb05,Vtb,every_2min,33,6050.0
truth,veh_yawrate,60.1,824.1,13.76,13.76,6.94,1.67,0.229,,True,Vtb/Vtb05,Vtb,every_2min,33,6050.0
hold,truth,60.1,824.1,100.81,100.81,47.33,12.23,1.677,1.674,False,Vtb/Vtb05,Vtb,every_2min,33,6050.0
obd,veh_yawrate,60.1,824.1,17.02,17.02,8.91,2.07,0.283,0.229,True,Vtb/Vtb05,Vtb,every_2min,33,6050.0
wheel_speed,veh_yawrate,60.1,824.1,14.35,14.35,7.34,1.74,0.239,0.173,True,Vtb/Vtb05,Vtb,every_2min,33,6050.0
obd,gps_hold,60.1,824.1,42.64,42.64,23.9,5.17,0.709,0.229,True,Vtb/Vtb05,Vtb,every_2min,33,6050.0
hold,imu_aligned,60.1,824.1,107.29,107.29,51.74,13.02,1.785,1.674,False,Vtb/Vtb05,Vtb,every_2min,33,6050.0
imu_integrate,imu_aligned,60.1,824.1,203.87,204.25,124.66,24.74,3.392,3.357,False,Vtb/Vtb05,Vtb,every_2min,33,6050.0
truth,truth,60.0,1046.6,14.39,14.39,7.95,1.37,0.24,,True,Vtb/Vtb05,Vtb,every_2min,34,6230.1
truth,veh_yawrate,60.0,1046.6,11.74,11.74,8.88,1.12,0.196,,True,Vtb/Vtb05,Vtb,every_2min,34,6230.1
hold,truth,60.0,1046.6,232.12,232.12,112.69,22.18,3.869,3.868,False,Vtb/Vtb05,Vtb,every_2min,34,6230.1
obd,veh_yawrate,60.0,1046.6,17.3,17.3,11.28,1.65,0.288,0.288,True,Vtb/Vtb05,Vtb,every_2min,34,6230.1
wheel_speed,veh_yawrate,60.0,1046.6,11.73,11.73,8.86,1.12,0.195,0.196,True,Vtb/Vtb05,Vtb,every_2min,34,6230.1
obd,gps_hold,60.0,1046.6,26.54,26.54,16.92,2.54,0.442,0.288,True,Vtb/Vtb05,Vtb,every_2min,34,6230.1
hold,imu_aligned,60.0,1046.6,232.59,232.59,113.27,22.22,3.876,3.868,False,Vtb/Vtb05,Vtb,every_2min,34,6230.1
imu_integrate,imu_aligned,60.0,1046.6,194.61,194.61,81.93,18.59,3.244,3.358,False,Vtb/Vtb05,Vtb,every_2min,34,6230.1
truth,truth,46.8,898.8,1.73,1.73,1.01,0.19,0.037,,True,Vtb/Vtb08,Vtb,isro_60s,0,20.0
truth,veh_yawrate,46.8,898.8,3.92,3.92,2.08,0.44,0.084,,True,Vtb/Vtb08,Vtb,isro_60s,0,20.0
hold,truth,46.8,898.8,37.29,37.29,21.8,4.15,0.797,0.997,True,Vtb/Vtb08,Vtb,isro_60s,0,20.0
obd,veh_yawrate,46.8,898.8,6.71,6.71,3.71,0.75,0.143,0.122,True,Vtb/Vtb08,Vtb,isro_60s,0,20.0
wheel_speed,veh_yawrate,46.8,898.8,3.79,3.79,1.95,0.42,0.081,0.039,True,Vtb/Vtb08,Vtb,isro_60s,0,20.0
obd,gps_hold,46.8,898.8,5.79,5.8,3.53,0.64,0.124,0.122,True,Vtb/Vtb08,Vtb,isro_60s,0,20.0
hold,imu_aligned,46.8,898.8,37.31,37.31,21.85,4.15,0.797,0.997,True,Vtb/Vtb08,Vtb,isro_60s,0,20.0
imu_integrate,imu_aligned,46.8,898.8,211.85,211.85,101.48,23.57,4.527,4.532,False,Vtb/Vtb08,Vtb,isro_60s,0,20.0
truth,truth,46.8,898.8,1.73,1.73,1.01,0.19,0.037,,True,Vtb/Vtb08,Vtb,isro_1km,0,20.0
truth,veh_yawrate,46.8,898.8,3.92,3.92,2.08,0.44,0.084,,True,Vtb/Vtb08,Vtb,isro_1km,0,20.0
hold,truth,46.8,898.8,37.29,37.29,21.8,4.15,0.797,0.997,True,Vtb/Vtb08,Vtb,isro_1km,0,20.0
obd,veh_yawrate,46.8,898.8,6.71,6.71,3.71,0.75,0.143,0.122,True,Vtb/Vtb08,Vtb,isro_1km,0,20.0
wheel_speed,veh_yawrate,46.8,898.8,3.79,3.79,1.95,0.42,0.081,0.039,True,Vtb/Vtb08,Vtb,isro_1km,0,20.0
obd,gps_hold,46.8,898.8,5.79,5.8,3.53,0.64,0.124,0.122,True,Vtb/Vtb08,Vtb,isro_1km,0,20.0
hold,imu_aligned,46.8,898.8,37.31,37.31,21.85,4.15,0.797,0.997,True,Vtb/Vtb08,Vtb,isro_1km,0,20.0
imu_integrate,imu_aligned,46.8,898.8,211.85,211.85,101.48,23.57,4.527,4.532,False,Vtb/Vtb08,Vtb,isro_1km,0,20.0
truth,truth,30.0,573.4,1.16,1.16,0.69,0.2,0.039,,True,Vtb/Vtb08,Vtb,tunnels,0,20.0
truth,veh_yawrate,30.0,573.4,3.01,3.17,1.92,0.53,0.1,,True,Vtb/Vtb08,Vtb,tunnels,0,20.0
hold,truth,30.0,573.4,26.65,26.65,11.41,4.65,0.888,1.049,True,Vtb/Vtb08,Vtb,tunnels,0,20.0
obd,veh_yawrate,30.0,573.4,4.5,4.5,2.71,0.78,0.15,0.117,True,Vtb/Vtb08,Vtb,tunnels,0,20.0
wheel_speed,veh_yawrate,30.0,573.4,2.87,3.07,1.82,0.5,0.096,0.034,True,Vtb/Vtb08,Vtb,tunnels,0,20.0
obd,gps_hold,30.0,573.4,4.05,4.05,2.28,0.71,0.135,0.117,True,Vtb/Vtb08,Vtb,tunnels,0,20.0
hold,imu_aligned,30.0,573.4,26.74,26.74,11.46,4.66,0.891,1.049,True,Vtb/Vtb08,Vtb,tunnels,0,20.0
imu_integrate,imu_aligned,30.0,573.4,108.33,108.33,51.74,18.89,3.611,3.614,False,Vtb/Vtb08,Vtb,tunnels,0,20.0
truth,truth,46.8,898.8,1.73,1.73,1.01,0.19,0.037,,True,Vtb/Vtb08,Vtb,every_2min,0,20.0
truth,veh_yawrate,46.8,898.8,3.92,3.92,2.08,0.44,0.084,,True,Vtb/Vtb08,Vtb,every_2min,0,20.0
hold,truth,46.8,898.8,37.29,37.29,21.8,4.15,0.797,0.997,True,Vtb/Vtb08,Vtb,every_2min,0,20.0
obd,veh_yawrate,46.8,898.8,6.71,6.71,3.71,0.75,0.143,0.122,True,Vtb/Vtb08,Vtb,every_2min,0,20.0
wheel_speed,veh_yawrate,46.8,898.8,3.79,3.79,1.95,0.42,0.081,0.039,True,Vtb/Vtb08,Vtb,every_2min,0,20.0
obd,gps_hold,46.8,898.8,5.79,5.8,3.53,0.64,0.124,0.122,True,Vtb/Vtb08,Vtb,every_2min,0,20.0
hold,imu_aligned,46.8,898.8,37.31,37.31,21.85,4.15,0.797,0.997,True,Vtb/Vtb08,Vtb,every_2min,0,20.0
imu_integrate,imu_aligned,46.8,898.8,211.85,211.85,101.48,23.57,4.527,4.532,False,Vtb/Vtb08,Vtb,every_2min,0,20.0
truth,truth,60.0,646.2,0.65,1.29,0.83,0.1,0.011,,True,Vw/Vw02,Vw,isro_60s,0,35.0
truth,veh_yawrate,60.0,646.2,759.74,759.74,476.55,117.58,12.662,,False,Vw/Vw02,Vw,isro_60s,0,35.0
hold,truth,60.0,646.2,213.3,213.3,114.08,33.01,3.555,6.102,False,Vw/Vw02,Vw,isro_60s,0,35.0
obd,veh_yawrate,60.0,646.2,761.86,761.86,477.93,117.91,12.698,0.083,False,Vw/Vw02,Vw,isro_60s,0,35.0
wheel_speed,veh_yawrate,60.0,646.2,754.21,754.21,472.73,116.72,12.57,0.141,False,Vw/Vw02,Vw,isro_60s,0,35.0
obd,gps_hold,60.0,646.2,859.61,859.61,492.7,133.03,14.327,0.083,False,Vw/Vw02,Vw,isro_60s,0,35.0
hold,imu_aligned,60.0,646.2,541.12,541.12,331.85,83.74,9.019,6.102,False,Vw/Vw02,Vw,isro_60s,0,35.0
imu_integrate,imu_aligned,60.0,646.2,766.26,766.26,417.25,118.59,12.771,3.699,False,Vw/Vw02,Vw,isro_60s,0,35.0
truth,truth,79.0,1000.3,0.38,1.29,0.77,0.04,0.005,,True,Vw/Vw02,Vw,isro_1km,0,35.0
truth,veh_yawrate,79.0,1000.3,1251.9,1251.9,642.56,125.15,15.847,,False,Vw/Vw02,Vw,isro_1km,0,35.0
hold,truth,79.0,1000.3,445.07,445.07,190.51,44.49,5.634,7.965,False,Vw/Vw02,Vw,isro_1km,0,35.0
obd,veh_yawrate,79.0,1000.3,1254.5,1254.5,644.2,125.41,15.88,0.081,False,Vw/Vw02,Vw,isro_1km,0,35.0
wheel_speed,veh_yawrate,79.0,1000.3,1243.43,1243.43,637.84,124.31,15.74,0.175,False,Vw/Vw02,Vw,isro_1km,0,35.0
obd,gps_hold,79.0,1000.3,1234.73,1234.73,669.82,123.44,15.629,0.081,False,Vw/Vw02,Vw,isro_1km,0,35.0
hold,imu_aligned,79.0,1000.3,781.32,781.32,432.69,78.11,9.89,7.965,False,Vw/Vw02,Vw,isro_1km,0,35.0
imu_integrate,imu_aligned,79.0,1000.3,1096.61,1096.61,583.29,109.63,13.881,3.638,False,Vw/Vw02,Vw,isro_1km,0,35.0
truth,truth,30.0,319.7,0.4,1.29,0.74,0.12,0.013,,True,Vw/Vw02,Vw,tunnels,0,42.5
truth,veh_yawrate,30.0,319.7,380.69,380.69,186.1,119.07,12.69,,False,Vw/Vw02,Vw,tunnels,0,42.5
hold,truth,30.0,319.7,23.51,25.22,15.42,7.35,0.784,2.091,True,Vw/Vw02,Vw,tunnels,0,42.5
obd,veh_yawrate,30.0,319.7,381.08,381.08,186.53,119.19,12.703,0.069,False,Vw/Vw02,Vw,tunnels,0,42.5
wheel_speed,veh_yawrate,30.0,319.7,377.78,377.78,184.91,118.16,12.593,0.15,False,Vw/Vw02,Vw,tunnels,0,42.5
obd,gps_hold,30.0,319.7,264.48,264.48,135.01,82.72,8.816,0.069,False,Vw/Vw02,Vw,tunnels,0,42.5
hold,imu_aligned,30.0,319.7,265.9,265.9,136.3,83.16,8.863,2.091,False,Vw/Vw02,Vw,tunnels,0,42.5
imu_integrate,imu_aligned,30.0,319.7,312.38,312.38,152.06,97.7,10.413,3.883,False,Vw/Vw02,Vw,tunnels,0,42.5
truth,truth,30.0,482.6,0.68,0.68,0.36,0.14,0.023,,True,Vw/Vw02,Vw,tunnels,1,177.5
truth,veh_yawrate,30.0,482.6,17.27,17.27,8.03,3.58,0.576,,True,Vw/Vw02,Vw,tunnels,1,177.5
hold,truth,30.0,482.6,46.66,46.66,20.16,9.67,1.555,1.774,True,Vw/Vw02,Vw,tunnels,1,177.5
obd,veh_yawrate,30.0,482.6,17.27,17.27,8.03,3.58,0.576,0.044,True,Vw/Vw02,Vw,tunnels,1,177.5
wheel_speed,veh_yawrate,30.0,482.6,17.25,17.25,8.02,3.57,0.575,0.038,True,Vw/Vw02,Vw,tunnels,1,177.5
obd,gps_hold,30.0,482.6,14.84,14.84,7.65,3.07,0.495,0.044,True,Vw/Vw02,Vw,tunnels,1,177.5
hold,imu_aligned,30.0,482.6,48.7,48.7,21.44,10.09,1.623,1.774,False,Vw/Vw02,Vw,tunnels,1,177.5
imu_integrate,imu_aligned,30.0,482.6,29.93,29.93,12.84,6.2,0.998,1.433,True,Vw/Vw02,Vw,tunnels,1,177.5
truth,truth,30.0,93.3,0.32,0.85,0.54,0.34,0.011,,True,Vw/Vw02,Vw,tunnels,2,335.0
truth,veh_yawrate,30.0,93.3,1.56,1.56,0.91,1.67,0.052,,True,Vw/Vw02,Vw,tunnels,2,335.0
hold,truth,30.0,93.3,214.16,214.16,132.23,229.62,7.139,7.12,False,Vw/Vw02,Vw,tunnels,2,335.0
obd,veh_yawrate,30.0,93.3,1.54,1.54,0.75,1.65,0.051,0.056,True,Vw/Vw02,Vw,tunnels,2,335.0
wheel_speed,veh_yawrate,30.0,93.3,1.54,1.54,0.75,1.65,0.051,0.057,True,Vw/Vw02,Vw,tunnels,2,335.0
obd,gps_hold,30.0,93.3,1.09,1.1,0.68,1.17,0.036,0.056,True,Vw/Vw02,Vw,tunnels,2,335.0
hold,imu_aligned,30.0,93.3,214.25,214.25,132.28,229.71,7.142,7.12,False,Vw/Vw02,Vw,tunnels,2,335.0
imu_integrate,imu_aligned,30.0,93.3,200.21,200.21,140.18,214.67,6.674,6.65,False,Vw/Vw02,Vw,tunnels,2,335.0
truth,truth,30.0,380.3,1.42,1.42,0.49,0.37,0.047,,True,Vw/Vw02,Vw,tunnels,3,470.0
truth,veh_yawrate,30.0,380.3,6.83,6.83,3.4,1.8,0.228,,True,Vw/Vw02,Vw,tunnels,3,470.0
hold,truth,30.0,380.3,22.02,22.02,4.0,5.79,0.734,1.07,True,Vw/Vw02,Vw,tunnels,3,470.0
obd,veh_yawrate,30.0,380.3,6.72,6.72,3.41,1.77,0.224,0.041,True,Vw/Vw02,Vw,tunnels,3,470.0
wheel_speed,veh_yawrate,30.0,380.3,6.73,6.73,3.42,1.77,0.224,0.041,True,Vw/Vw02,Vw,tunnels,3,470.0
obd,gps_hold,30.0,380.3,84.65,84.65,43.6,22.26,2.822,0.041,False,Vw/Vw02,Vw,tunnels,3,470.0
hold,imu_aligned,30.0,380.3,90.85,90.85,44.02,23.89,3.028,1.07,False,Vw/Vw02,Vw,tunnels,3,470.0
imu_integrate,imu_aligned,30.0,380.3,137.82,137.82,64.03,36.24,4.594,3.229,False,Vw/Vw02,Vw,tunnels,3,470.0
truth,truth,30.0,276.6,1.64,1.64,0.95,0.59,0.055,,True,Vw/Vw02,Vw,tunnels,4,627.5
truth,veh_yawrate,30.0,276.6,6.17,6.18,3.94,2.23,0.206,,True,Vw/Vw02,Vw,tunnels,4,627.5
hold,truth,30.0,276.6,111.38,111.38,41.44,40.26,3.713,4.329,False,Vw/Vw02,Vw,tunnels,4,627.5
obd,veh_yawrate,30.0,276.6,6.02,6.03,3.82,2.18,0.201,0.042,True,Vw/Vw02,Vw,tunnels,4,627.5
wheel_speed,veh_yawrate,30.0,276.6,6.04,6.04,3.82,2.18,0.201,0.045,True,Vw/Vw02,Vw,tunnels,4,627.5
obd,gps_hold,30.0,276.6,22.22,22.22,14.74,8.03,0.741,0.042,True,Vw/Vw02,Vw,tunnels,4,627.5
hold,imu_aligned,30.0,276.6,116.06,116.06,44.63,41.96,3.869,4.329,False,Vw/Vw02,Vw,tunnels,4,627.5
imu_integrate,imu_aligned,30.0,276.6,38.63,38.63,19.24,13.96,1.288,2.572,False,Vw/Vw02,Vw,tunnels,4,627.5
truth,truth,30.0,39.1,1.07,1.07,0.74,2.73,0.036,,True,Vw/Vw02,Vw,tunnels,5,762.5
truth,veh_yawrate,30.0,39.1,8.86,8.86,6.24,22.65,0.295,,False,Vw/Vw02,Vw,tunnels,5,762.5
hold,truth,30.0,39.1,147.51,173.57,105.15,377.24,4.917,6.871,False,Vw/Vw02,Vw,tunnels,5,762.5
obd,veh_yawrate,30.0,39.1,8.91,8.91,6.22,22.78,0.297,0.077,False,Vw/Vw02,Vw,tunnels,5,762.5
wheel_speed,veh_yawrate,30.0,39.1,8.36,8.36,6.12,21.38,0.279,0.067,False,Vw/Vw02,Vw,tunnels,5,762.5
obd,gps_hold,30.0,39.1,32.43,32.71,26.86,82.93,1.081,0.077,False,Vw/Vw02,Vw,tunnels,5,762.5
hold,imu_aligned,30.0,39.1,231.49,231.49,131.42,591.99,7.716,6.871,False,Vw/Vw02,Vw,tunnels,5,762.5
imu_integrate,imu_aligned,30.0,39.1,433.79,433.79,236.32,1109.36,14.46,13.623,False,Vw/Vw02,Vw,tunnels,5,762.5
truth,truth,30.0,403.9,0.74,1.33,0.81,0.18,0.025,,True,Vw/Vw02,Vw,tunnels,6,897.5
truth,veh_yawrate,30.0,403.9,8.45,8.45,4.25,2.09,0.282,,True,Vw/Vw02,Vw,tunnels,6,897.5
hold,truth,30.0,403.9,42.85,53.47,39.0,10.61,1.428,2.523,False,Vw/Vw02,Vw,tunnels,6,897.5
obd,veh_yawrate,30.0,403.9,8.79,8.79,4.36,2.18,0.293,0.058,True,Vw/Vw02,Vw,tunnels,6,897.5
wheel_speed,veh_yawrate,30.0,403.9,8.8,8.8,4.33,2.18,0.293,0.055,True,Vw/Vw02,Vw,tunnels,6,897.5
obd,gps_hold,30.0,403.9,34.58,52.24,31.62,8.56,1.153,0.058,True,Vw/Vw02,Vw,tunnels,6,897.5
hold,imu_aligned,30.0,403.9,84.81,93.84,70.88,21.0,2.827,2.523,False,Vw/Vw02,Vw,tunnels,6,897.5
imu_integrate,imu_aligned,30.0,403.9,138.56,138.56,94.54,34.3,4.619,3.619,False,Vw/Vw02,Vw,tunnels,6,897.5
truth,truth,30.0,599.8,2.29,2.29,1.48,0.38,0.076,,True,Vw/Vw02,Vw,tunnels,7,1145.0
truth,veh_yawrate,30.0,599.8,18.27,18.27,8.42,3.04,0.609,,True,Vw/Vw02,Vw,tunnels,7,1145.0
hold,truth,30.0,599.8,90.18,90.18,51.48,15.03,3.006,3.012,False,Vw/Vw02,Vw,tunnels,7,1145.0
obd,veh_yawrate,30.0,599.8,18.22,18.22,8.37,3.04,0.607,0.071,True,Vw/Vw02,Vw,tunnels,7,1145.0
wheel_speed,veh_yawrate,30.0,599.8,18.19,18.19,8.35,3.03,0.606,0.064,True,Vw/Vw02,Vw,tunnels,7,1145.0
obd,gps_hold,30.0,599.8,89.55,89.55,46.55,14.93,2.985,0.071,False,Vw/Vw02,Vw,tunnels,7,1145.0
hold,imu_aligned,30.0,599.8,121.63,121.63,66.67,20.28,4.054,3.012,False,Vw/Vw02,Vw,tunnels,7,1145.0
imu_integrate,imu_aligned,30.0,599.8,99.41,99.41,58.17,16.57,3.314,1.741,False,Vw/Vw02,Vw,tunnels,7,1145.0
truth,truth,60.0,797.6,0.11,1.14,0.66,0.01,0.002,,True,Vw/Vw02,Vw,every_2min,0,50.0
truth,veh_yawrate,60.0,797.6,295.17,453.36,328.02,37.01,4.919,,False,Vw/Vw02,Vw,every_2min,0,50.0
hold,truth,60.0,797.6,166.2,166.2,59.98,20.84,2.77,4.348,False,Vw/Vw02,Vw,every_2min,0,50.0
obd,veh_yawrate,60.0,797.6,295.13,453.94,328.23,37.0,4.919,0.08,False,Vw/Vw02,Vw,every_2min,0,50.0
wheel_speed,veh_yawrate,60.0,797.6,294.01,451.57,326.65,36.86,4.9,0.086,False,Vw/Vw02,Vw,every_2min,0,50.0
obd,gps_hold,60.0,797.6,407.31,413.39,337.52,51.07,6.789,0.08,False,Vw/Vw02,Vw,every_2min,0,50.0
hold,imu_aligned,60.0,797.6,278.07,429.56,316.1,34.86,4.635,4.348,False,Vw/Vw02,Vw,every_2min,0,50.0
imu_integrate,imu_aligned,60.0,797.6,441.12,457.81,355.11,55.31,7.352,3.231,False,Vw/Vw02,Vw,every_2min,0,50.0
truth,truth,60.0,917.4,3.3,3.3,1.69,0.36,0.055,,True,Vw/Vw02,Vw,every_2min,1,230.0
truth,veh_yawrate,60.0,917.4,56.04,56.04,31.51,6.11,0.934,,True,Vw/Vw02,Vw,every_2min,1,230.0
hold,truth,60.0,917.4,264.54,264.54,81.19,28.84,4.409,4.857,False,Vw/Vw02,Vw,every_2min,1,230.0
obd,veh_yawrate,60.0,917.4,55.8,55.8,31.42,6.08,0.93,0.046,True,Vw/Vw02,Vw,every_2min,1,230.0
wheel_speed,veh_yawrate,60.0,917.4,55.76,55.76,31.41,6.08,0.929,0.043,True,Vw/Vw02,Vw,every_2min,1,230.0
obd,gps_hold,60.0,917.4,5.09,5.22,3.07,0.55,0.085,0.046,True,Vw/Vw02,Vw,every_2min,1,230.0
hold,imu_aligned,60.0,917.4,264.73,264.73,81.31,28.86,4.412,4.857,False,Vw/Vw02,Vw,every_2min,1,230.0
imu_integrate,imu_aligned,60.0,917.4,746.04,746.04,287.58,81.32,12.434,12.476,False,Vw/Vw02,Vw,every_2min,1,230.0
truth,truth,60.0,605.0,3.07,3.08,1.75,0.51,0.051,,True,Vw/Vw02,Vw,every_2min,2,470.0
truth,veh_yawrate,60.0,605.0,58.33,58.33,19.35,9.64,0.972,,True,Vw/Vw02,Vw,every_2min,2,470.0
hold,truth,60.0,605.0,133.33,133.33,80.46,22.04,2.222,3.486,False,Vw/Vw02,Vw,every_2min,2,470.0
obd,veh_yawrate,60.0,605.0,58.94,58.94,19.57,9.74,0.982,0.062,True,Vw/Vw02,Vw,every_2min,2,470.0
wheel_speed,veh_yawrate,60.0,605.0,59.34,59.34,19.75,9.81,0.989,0.057,True,Vw/Vw02,Vw,every_2min,2,470.0
obd,gps_hold,60.0,605.0,225.58,225.58,88.87,37.29,3.76,0.062,False,Vw/Vw02,Vw,every_2min,2,470.0
hold,imu_aligned,60.0,605.0,415.21,415.21,173.8,68.63,6.92,3.486,False,Vw/Vw02,Vw,every_2min,2,470.0
imu_integrate,imu_aligned,60.0,605.0,534.01,534.01,243.24,88.27,8.9,5.355,False,Vw/Vw02,Vw,every_2min,2,470.0
truth,truth,60.0,836.9,3.33,3.43,1.69,0.4,0.056,,True,Vw/Vw02,Vw,every_2min,3,710.0
truth,veh_yawrate,60.0,836.9,26.17,26.47,15.33,3.13,0.436,,True,Vw/Vw02,Vw,every_2min,3,710.0
hold,truth,60.0,836.9,141.52,141.52,88.45,16.91,2.359,3.62,False,Vw/Vw02,Vw,every_2min,3,710.0
obd,veh_yawrate,60.0,836.9,26.07,26.42,15.36,3.11,0.434,0.094,True,Vw/Vw02,Vw,every_2min,3,710.0
wheel_speed,veh_yawrate,60.0,836.9,25.79,26.26,15.32,3.08,0.43,0.094,True,Vw/Vw02,Vw,every_2min,3,710.0
obd,gps_hold,60.0,836.9,20.55,20.55,7.4,2.46,0.343,0.094,True,Vw/Vw02,Vw,every_2min,3,710.0
hold,imu_aligned,60.0,836.9,40.85,135.7,82.95,4.88,0.681,3.62,True,Vw/Vw02,Vw,every_2min,3,710.0
imu_integrate,imu_aligned,60.0,836.9,96.64,96.64,39.18,11.55,1.611,3.438,False,Vw/Vw02,Vw,every_2min,3,710.0
truth,truth,60.0,912.2,2.14,2.14,1.35,0.23,0.036,,True,Vw/Vw02,Vw,every_2min,4,890.0
truth,veh_yawrate,60.0,912.2,39.02,39.02,16.87,4.28,0.65,,True,Vw/Vw02,Vw,every_2min,4,890.0
hold,truth,60.0,912.2,20.41,58.87,37.41,2.24,0.34,2.066,True,Vw/Vw02,Vw,every_2min,4,890.0
obd,veh_yawrate,60.0,912.2,39.34,39.34,17.07,4.31,0.656,0.061,True,Vw/Vw02,Vw,every_2min,4,890.0
wheel_speed,veh_yawrate,60.0,912.2,39.36,39.36,17.07,4.32,0.656,0.058,True,Vw/Vw02,Vw,every_2min,4,890.0
obd,gps_hold,60.0,912.2,34.42,62.89,33.88,3.77,0.574,0.061,True,Vw/Vw02,Vw,every_2min,4,890.0
hold,imu_aligned,60.0,912.2,49.58,103.56,71.75,5.43,0.826,2.066,True,Vw/Vw02,Vw,every_2min,4,890.0
imu_integrate,imu_aligned,60.0,912.2,248.55,248.55,158.16,27.25,4.143,3.606,False,Vw/Vw02,Vw,every_2min,4,890.0
truth,truth,60.0,1240.6,4.19,4.26,2.45,0.34,0.07,,True,Vw/Vw02,Vw,every_2min,5,1160.0
truth,veh_yawrate,60.0,1240.6,39.74,39.74,20.24,3.2,0.662,,True,Vw/Vw02,Vw,every_2min,5,1160.0
hold,truth,60.0,1240.6,78.64,78.64,44.46,6.34,1.311,1.309,True,Vw/Vw02,Vw,every_2min,5,1160.0
obd,veh_yawrate,60.0,1240.6,39.71,39.71,20.22,3.2,0.662,0.078,True,Vw/Vw02,Vw,every_2min,5,1160.0
wheel_speed,veh_yawrate,60.0,1240.6,39.65,39.65,20.19,3.2,0.661,0.071,True,Vw/Vw02,Vw,every_2min,5,1160.0
obd,gps_hold,60.0,1240.6,65.62,65.62,28.76,5.29,1.094,0.078,True,Vw/Vw02,Vw,every_2min,5,1160.0
hold,imu_aligned,60.0,1240.6,100.21,100.21,52.22,8.08,1.67,1.309,True,Vw/Vw02,Vw,every_2min,5,1160.0
imu_integrate,imu_aligned,60.0,1240.6,90.32,90.32,34.64,7.28,1.505,1.508,True,Vw/Vw02,Vw,every_2min,5,1160.0
truth,truth,60.0,1304.6,2.13,2.15,1.33,0.16,0.035,,True,Vw/Vw02,Vw,every_2min,6,1340.0
truth,veh_yawrate,60.0,1304.6,62.9,62.9,27.41,4.82,1.048,,True,Vw/Vw02,Vw,every_2min,6,1340.0
hold,truth,60.0,1304.6,66.44,70.31,43.45,5.09,1.107,1.239,True,Vw/Vw02,Vw,every_2min,6,1340.0
obd,veh_yawrate,60.0,1304.6,62.76,62.76,27.35,4.81,1.046,0.052,True,Vw/Vw02,Vw,every_2min,6,1340.0
wheel_speed,veh_yawrate,60.0,1304.6,62.79,62.79,27.36,4.81,1.046,0.044,True,Vw/Vw02,Vw,every_2min,6,1340.0
obd,gps_hold,60.0,1304.6,255.8,255.8,121.89,19.61,4.263,0.052,False,Vw/Vw02,Vw,every_2min,6,1340.0
hold,imu_aligned,60.0,1304.6,256.43,256.43,125.13,19.66,4.274,1.239,False,Vw/Vw02,Vw,every_2min,6,1340.0
imu_integrate,imu_aligned,60.0,1304.6,268.54,268.54,123.15,20.58,4.476,1.533,False,Vw/Vw02,Vw,every_2min,6,1340.0
truth,truth,60.0,1314.7,3.38,3.38,1.97,0.26,0.056,,True,Vw/Vw02,Vw,every_2min,7,1520.0
truth,veh_yawrate,60.0,1314.7,27.49,27.49,12.36,2.09,0.458,,True,Vw/Vw02,Vw,every_2min,7,1520.0
hold,truth,60.0,1314.7,43.49,43.49,21.81,3.31,0.725,0.87,True,Vw/Vw02,Vw,every_2min,7,1520.0
obd,veh_yawrate,60.0,1314.7,27.51,27.51,12.38,2.09,0.458,0.043,True,Vw/Vw02,Vw,every_2min,7,1520.0
wheel_speed,veh_yawrate,60.0,1314.7,27.48,27.48,12.36,2.09,0.458,0.037,True,Vw/Vw02,Vw,every_2min,7,1520.0
obd,gps_hold,60.0,1314.7,28.23,28.23,16.12,2.15,0.47,0.043,True,Vw/Vw02,Vw,every_2min,7,1520.0
hold,imu_aligned,60.0,1314.7,52.13,52.13,27.25,3.97,0.869,0.87,True,Vw/Vw02,Vw,every_2min,7,1520.0
imu_integrate,imu_aligned,60.0,1314.7,64.37,64.37,33.31,4.9,1.073,1.47,True,Vw/Vw02,Vw,every_2min,7,1520.0
truth,truth,60.0,1463.1,3.68,3.68,2.03,0.25,0.061,,True,Vw/Vw02,Vw,every_2min,8,1700.0
truth,veh_yawrate,60.0,1463.1,95.32,95.32,41.07,6.51,1.589,,True,Vw/Vw02,Vw,every_2min,8,1700.0
hold,truth,60.0,1463.1,76.72,76.72,31.71,5.24,1.279,1.542,True,Vw/Vw02,Vw,every_2min,8,1700.0
obd,veh_yawrate,60.0,1463.1,95.28,95.28,41.06,6.51,1.588,0.047,True,Vw/Vw02,Vw,every_2min,8,1700.0
wheel_speed,veh_yawrate,60.0,1463.1,95.28,95.28,41.06,6.51,1.588,0.034,True,Vw/Vw02,Vw,every_2min,8,1700.0
obd,gps_hold,60.0,1463.1,13.54,13.54,4.28,0.93,0.226,0.047,True,Vw/Vw02,Vw,every_2min,8,1700.0
hold,imu_aligned,60.0,1463.1,77.52,77.52,31.83,5.3,1.292,1.542,True,Vw/Vw02,Vw,every_2min,8,1700.0
imu_integrate,imu_aligned,60.0,1463.1,60.2,60.2,24.65,4.11,1.003,1.31,True,Vw/Vw02,Vw,every_2min,8,1700.0
truth,truth,60.0,1364.9,23.53,25.88,8.38,1.72,0.392,,True,Vw/Vw02,Vw,every_2min,9,1880.0
truth,veh_yawrate,60.0,1364.9,25.65,26.4,9.29,1.88,0.427,,True,Vw/Vw02,Vw,every_2min,9,1880.0
hold,truth,60.0,1364.9,125.58,129.56,72.6,9.2,2.093,2.663,True,Vw/Vw02,Vw,every_2min,9,1880.0
obd,veh_yawrate,60.0,1364.9,15.32,15.32,6.03,1.12,0.255,0.57,True,Vw/Vw02,Vw,every_2min,9,1880.0
wheel_speed,veh_yawrate,60.0,1364.9,14.37,14.37,5.81,1.05,0.24,0.571,True,Vw/Vw02,Vw,every_2min,9,1880.0
obd,gps_hold,60.0,1364.9,17.18,24.88,14.79,1.26,0.286,0.57,True,Vw/Vw02,Vw,every_2min,9,1880.0
hold,imu_aligned,60.0,1364.9,128.97,132.36,75.59,9.45,2.15,2.663,True,Vw/Vw02,Vw,every_2min,9,1880.0
imu_integrate,imu_aligned,60.0,1364.9,282.38,282.38,139.62,20.69,4.706,5.144,False,Vw/Vw02,Vw,every_2min,9,1880.0
truth,truth,60.0,1168.8,3.52,3.52,2.06,0.3,0.059,,True,Vw/Vw02,Vw,every_2min,10,2060.0
truth,veh_yawrate,60.0,1168.8,23.77,23.77,11.86,2.03,0.396,,True,Vw/Vw02,Vw,every_2min,10,2060.0
hold,truth,60.0,1168.8,179.18,179.18,118.67,15.33,2.986,2.984,False,Vw/Vw02,Vw,every_2min,10,2060.0
obd,veh_yawrate,60.0,1168.8,23.72,23.72,11.84,2.03,0.395,0.057,True,Vw/Vw02,Vw,every_2min,10,2060.0
wheel_speed,veh_yawrate,60.0,1168.8,23.72,23.72,11.81,2.03,0.395,0.053,True,Vw/Vw02,Vw,every_2min,10,2060.0
obd,gps_hold,60.0,1168.8,18.48,18.48,9.9,1.58,0.308,0.057,True,Vw/Vw02,Vw,every_2min,10,2060.0
hold,imu_aligned,60.0,1168.8,180.35,180.35,119.21,15.43,3.006,2.984,False,Vw/Vw02,Vw,every_2min,10,2060.0
imu_integrate,imu_aligned,60.0,1168.8,328.35,328.78,232.33,28.09,5.472,5.508,False,Vw/Vw02,Vw,every_2min,10,2060.0
truth,truth,60.0,989.8,4.99,4.99,2.68,0.5,0.083,,True,Vw/Vw02,Vw,every_2min,11,2240.0
truth,veh_yawrate,60.0,989.8,23.03,23.03,9.03,2.33,0.384,,True,Vw/Vw02,Vw,every_2min,11,2240.0
hold,truth,60.0,989.8,256.79,256.79,138.81,25.94,4.28,4.971,False,Vw/Vw02,Vw,every_2min,11,2240.0
obd,veh_yawrate,60.0,989.8,22.15,22.15,8.47,2.24,0.369,0.061,True,Vw/Vw02,Vw,every_2min,11,2240.0
wheel_speed,veh_yawrate,60.0,989.8,22.9,22.9,8.88,2.31,0.382,0.091,True,Vw/Vw02,Vw,every_2min,11,2240.0
obd,gps_hold,60.0,989.8,339.12,339.12,138.33,34.26,5.652,0.061,False,Vw/Vw02,Vw,every_2min,11,2240.0
hold,imu_aligned,60.0,989.8,487.21,487.21,220.52,49.22,8.12,4.971,False,Vw/Vw02,Vw,every_2min,11,2240.0
imu_integrate,imu_aligned,60.0,989.8,1135.29,1135.29,517.1,114.69,18.921,16.553,False,Vw/Vw02,Vw,every_2min,11,2240.0
truth,truth,60.0,1716.7,6.38,6.38,3.33,0.37,0.106,,True,Vw/Vw02,Vw,every_2min,12,2420.0
truth,veh_yawrate,60.0,1716.7,331.4,331.4,157.68,19.3,5.523,,False,Vw/Vw02,Vw,every_2min,12,2420.0
hold,truth,60.0,1716.7,144.94,144.94,73.12,8.44,2.416,2.418,True,Vw/Vw02,Vw,every_2min,12,2420.0
obd,veh_yawrate,60.0,1716.7,330.82,330.82,157.44,19.27,5.514,0.074,False,Vw/Vw02,Vw,every_2min,12,2420.0
wheel_speed,veh_yawrate,60.0,1716.7,331.14,331.14,157.59,19.29,5.519,0.051,False,Vw/Vw02,Vw,every_2min,12,2420.0
obd,gps_hold,60.0,1716.7,226.7,226.7,105.48,13.21,3.778,0.074,False,Vw/Vw02,Vw,every_2min,12,2420.0
hold,imu_aligned,60.0,1716.7,259.18,259.18,124.18,15.1,4.32,2.418,False,Vw/Vw02,Vw,every_2min,12,2420.0
imu_integrate,imu_aligned,60.0,1716.7,262.39,262.39,117.87,15.28,4.373,2.875,False,Vw/Vw02,Vw,every_2min,12,2420.0
truth,truth,60.0,1725.9,7.59,7.59,4.34,0.44,0.126,,True,Vw/Vw02,Vw,every_2min,13,2600.0
truth,veh_yawrate,60.0,1725.9,16.25,20.03,10.22,0.94,0.271,,True,Vw/Vw02,Vw,every_2min,13,2600.0
hold,truth,60.0,1725.9,24.06,24.06,10.23,1.39,0.401,0.92,True,Vw/Vw02,Vw,every_2min,13,2600.0
obd,veh_yawrate,60.0,1725.9,15.76,19.84,10.02,0.91,0.263,0.054,True,Vw/Vw02,Vw,every_2min,13,2600.0
wheel_speed,veh_yawrate,60.0,1725.9,16.01,19.9,10.1,0.93,0.267,0.053,True,Vw/Vw02,Vw,every_2min,13,2600.0
obd,gps_hold,60.0,1725.9,49.32,49.32,12.6,2.86,0.822,0.054,True,Vw/Vw02,Vw,every_2min,13,2600.0
hold,imu_aligned,60.0,1725.9,53.16,53.16,15.55,3.08,0.886,0.92,True,Vw/Vw02,Vw,every_2min,13,2600.0
imu_integrate,imu_aligned,60.0,1725.9,314.46,314.46,146.48,18.22,5.241,5.232,False,Vw/Vw02,Vw,every_2min,13,2600.0
truth,truth,60.0,1694.8,12.19,12.19,6.85,0.72,0.203,,True,Vw/Vw02,Vw,every_2min,14,2780.0
truth,veh_yawrate,60.0,1694.8,52.92,52.92,23.5,3.12,0.882,,True,Vw/Vw02,Vw,every_2min,14,2780.0
hold,truth,60.0,1694.8,21.57,24.95,15.05,1.27,0.359,1.166,True,Vw/Vw02,Vw,every_2min,14,2780.0
obd,veh_yawrate,60.0,1694.8,52.17,52.17,23.0,3.08,0.87,0.078,True,Vw/Vw02,Vw,every_2min,14,2780.0
wheel_speed,veh_yawrate,60.0,1694.8,52.96,52.96,23.57,3.13,0.883,0.162,True,Vw/Vw02,Vw,every_2min,14,2780.0
obd,gps_hold,60.0,1694.8,73.48,73.48,37.9,4.34,1.225,0.078,True,Vw/Vw02,Vw,every_2min,14,2780.0
hold,imu_aligned,60.0,1694.8,75.56,75.56,40.4,4.46,1.259,1.166,True,Vw/Vw02,Vw,every_2min,14,2780.0
imu_integrate,imu_aligned,60.0,1694.8,262.32,262.32,121.41,15.48,4.372,4.7,False,Vw/Vw02,Vw,every_2min,14,2780.0
truth,truth,60.0,1780.8,15.62,15.62,8.95,0.88,0.26,,True,Vw/Vw02,Vw,every_2min,15,2960.0
truth,veh_yawrate,60.0,1780.8,129.23,129.23,57.06,7.26,2.154,,True,Vw/Vw02,Vw,every_2min,15,2960.0
hold,truth,60.0,1780.8,13.6,15.32,9.42,0.76,0.227,0.488,True,Vw/Vw02,Vw,every_2min,15,2960.0
obd,veh_yawrate,60.0,1780.8,128.6,128.6,56.6,7.22,2.143,0.143,True,Vw/Vw02,Vw,every_2min,15,2960.0
wheel_speed,veh_yawrate,60.0,1780.8,129.21,129.21,57.03,7.26,2.153,0.237,True,Vw/Vw02,Vw,every_2min,15,2960.0
obd,gps_hold,60.0,1780.8,8.71,8.71,5.1,0.49,0.145,0.143,True,Vw/Vw02,Vw,every_2min,15,2960.0
hold,imu_aligned,60.0,1780.8,12.51,15.12,9.02,0.7,0.209,0.488,True,Vw/Vw02,Vw,every_2min,15,2960.0
imu_integrate,imu_aligned,60.0,1780.8,371.91,371.91,166.84,20.88,6.198,6.208,False,Vw/Vw02,Vw,every_2min,15,2960.0
truth,truth,60.0,1477.0,12.44,12.44,7.23,0.84,0.207,,True,Vw/Vw02,Vw,every_2min,16,3140.0
truth,veh_yawrate,60.0,1477.0,79.93,79.93,36.52,5.41,1.332,,True,Vw/Vw02,Vw,every_2min,16,3140.0
hold,truth,60.0,1477.0,48.61,48.61,31.26,3.29,0.81,0.891,True,Vw/Vw02,Vw,every_2min,16,3140.0
obd,veh_yawrate,60.0,1477.0,79.71,79.71,36.28,5.4,1.328,0.113,True,Vw/Vw02,Vw,every_2min,16,3140.0
wheel_speed,veh_yawrate,60.0,1477.0,80.08,80.08,36.62,5.42,1.335,0.192,True,Vw/Vw02,Vw,every_2min,16,3140.0
obd,gps_hold,60.0,1477.0,240.83,240.83,109.69,16.31,4.014,0.113,False,Vw/Vw02,Vw,every_2min,16,3140.0
hold,imu_aligned,60.0,1477.0,239.84,239.84,111.25,16.24,3.997,0.891,False,Vw/Vw02,Vw,every_2min,16,3140.0
imu_integrate,imu_aligned,60.0,1477.0,238.78,238.78,110.56,16.17,3.98,1.014,False,Vw/Vw02,Vw,every_2min,16,3140.0
truth,truth,60.0,1308.4,10.41,10.41,6.07,0.8,0.174,,True,Vw/Vw02,Vw,every_2min,17,3320.0
truth,veh_yawrate,60.0,1308.4,73.4,73.4,31.47,5.61,1.223,,True,Vw/Vw02,Vw,every_2min,17,3320.0
hold,truth,60.0,1308.4,28.46,28.46,13.48,2.18,0.474,0.527,True,Vw/Vw02,Vw,every_2min,17,3320.0
obd,veh_yawrate,60.0,1308.4,73.18,73.18,31.29,5.59,1.22,0.073,True,Vw/Vw02,Vw,every_2min,17,3320.0
wheel_speed,veh_yawrate,60.0,1308.4,73.55,73.55,31.55,5.62,1.226,0.133,True,Vw/Vw02,Vw,every_2min,17,3320.0
obd,gps_hold,60.0,1308.4,18.29,18.29,10.61,1.4,0.305,0.073,True,Vw/Vw02,Vw,every_2min,17,3320.0
hold,imu_aligned,60.0,1308.4,32.7,32.7,16.39,2.5,0.545,0.527,True,Vw/Vw02,Vw,every_2min,17,3320.0
imu_integrate,imu_aligned,60.0,1308.4,274.58,274.58,129.92,20.99,4.576,4.563,False,Vw/Vw02,Vw,every_2min,17,3320.0
truth,truth,60.0,1275.5,7.8,7.8,4.53,0.61,0.13,,True,Vw/Vw02,Vw,every_2min,18,3500.0
truth,veh_yawrate,60.0,1275.5,63.29,63.29,27.96,4.96,1.055,,True,Vw/Vw02,Vw,every_2min,18,3500.0
hold,truth,60.0,1275.5,40.64,40.64,18.48,3.19,0.677,0.724,True,Vw/Vw02,Vw,every_2min,18,3500.0
obd,veh_yawrate,60.0,1275.5,63.13,63.13,27.86,4.95,1.052,0.052,True,Vw/Vw02,Vw,every_2min,18,3500.0
wheel_speed,veh_yawrate,60.0,1275.5,63.36,63.36,28.01,4.97,1.056,0.071,True,Vw/Vw02,Vw,every_2min,18,3500.0
obd,gps_hold,60.0,1275.5,83.91,83.91,38.51,6.58,1.399,0.052,True,Vw/Vw02,Vw,every_2min,18,3500.0
hold,imu_aligned,60.0,1275.5,91.34,91.34,41.87,7.16,1.522,0.724,True,Vw/Vw02,Vw,every_2min,18,3500.0
imu_integrate,imu_aligned,60.0,1275.5,386.79,386.79,173.13,30.33,6.447,6.243,False,Vw/Vw02,Vw,every_2min,18,3500.0
truth,truth,60.0,1344.0,10.79,10.79,6.22,0.8,0.18,,True,Vw/Vw02,Vw,every_2min,19,3680.0
truth,veh_yawrate,60.0,1344.0,26.17,26.17,14.28,1.95,0.436,,True,Vw/Vw02,Vw,every_2min,19,3680.0
hold,truth,60.0,1344.0,11.34,11.34,6.54,0.84,0.189,0.615,True,Vw/Vw02,Vw,every_2min,19,3680.0
obd,veh_yawrate,60.0,1344.0,25.31,25.31,13.77,1.88,0.422,0.058,True,Vw/Vw02,Vw,every_2min,19,3680.0
wheel_speed,veh_yawrate,60.0,1344.0,25.95,25.95,14.16,1.93,0.433,0.109,True,Vw/Vw02,Vw,every_2min,19,3680.0
obd,gps_hold,60.0,1344.0,13.98,13.98,8.11,1.04,0.233,0.058,True,Vw/Vw02,Vw,every_2min,19,3680.0
hold,imu_aligned,60.0,1344.0,15.83,15.83,9.15,1.18,0.264,0.615,True,Vw/Vw02,Vw,every_2min,19,3680.0
imu_integrate,imu_aligned,60.0,1344.0,533.03,533.03,227.66,39.66,8.884,8.903,False,Vw/Vw02,Vw,every_2min,19,3680.0
truth,truth,60.0,1348.0,12.21,12.21,7.19,0.91,0.203,,True,Vw/Vw02,Vw,every_2min,20,3860.0
truth,veh_yawrate,60.0,1348.0,9.6,9.6,5.75,0.71,0.16,,True,Vw/Vw02,Vw,every_2min,20,3860.0
hold,truth,60.0,1348.0,20.72,20.72,7.63,1.54,0.345,0.513,True,Vw/Vw02,Vw,every_2min,20,3860.0
obd,veh_yawrate,60.0,1348.0,6.89,6.89,4.17,0.51,0.115,0.095,True,Vw/Vw02,Vw,every_2min,20,3860.0
wheel_speed,veh_yawrate,60.0,1348.0,10.39,10.39,6.08,0.77,0.173,0.153,True,Vw/Vw02,Vw,every_2min,20,3860.0
obd,gps_hold,60.0,1348.0,59.26,59.26,18.14,4.4,0.988,0.095,True,Vw/Vw02,Vw,every_2min,20,3860.0
hold,imu_aligned,60.0,1348.0,60.37,60.37,18.35,4.48,1.006,0.513,True,Vw/Vw02,Vw,every_2min,20,3860.0
imu_integrate,imu_aligned,60.0,1348.0,291.62,291.62,135.75,21.63,4.86,4.716,False,Vw/Vw02,Vw,every_2min,20,3860.0
truth,truth,60.0,1451.3,14.0,14.0,7.82,0.96,0.233,,True,Vw/Vw02,Vw,every_2min,21,4040.0
truth,veh_yawrate,60.0,1451.3,9.62,9.62,5.62,0.66,0.16,,True,Vw/Vw02,Vw,every_2min,21,4040.0
hold,truth,60.0,1451.3,27.04,27.04,12.91,1.86,0.451,0.549,True,Vw/Vw02,Vw,every_2min,21,4040.0
obd,veh_yawrate,60.0,1451.3,6.19,6.19,3.58,0.43,0.103,0.109,True,Vw/Vw02,Vw,every_2min,21,4040.0
wheel_speed,veh_yawrate,60.0,1451.3,9.87,9.87,5.65,0.68,0.164,0.166,True,Vw/Vw02,Vw,every_2min,21,4040.0
obd,gps_hold,60.0,1451.3,49.09,49.09,24.16,3.38,0.818,0.109,True,Vw/Vw02,Vw,every_2min,21,4040.0
hold,imu_aligned,60.0,1451.3,54.18,54.18,26.34,3.73,0.903,0.549,True,Vw/Vw02,Vw,every_2min,21,4040.0
imu_integrate,imu_aligned,60.0,1451.3,458.34,458.34,192.93,31.58,7.639,7.776,False,Vw/Vw02,Vw,every_2min,21,4040.0
truth,truth,60.0,1282.2,15.38,15.38,8.74,1.2,0.256,,True,Vw/Vw02,Vw,every_2min,22,4220.0
truth,veh_yawrate,60.0,1282.2,59.77,59.77,28.24,4.66,0.996,,True,Vw/Vw02,Vw,every_2min,22,4220.0
hold,truth,60.0,1282.2,33.72,33.72,13.44,2.63,0.562,0.987,True,Vw/Vw02,Vw,every_2min,22,4220.0
obd,veh_yawrate,60.0,1282.2,58.92,58.92,27.65,4.6,0.982,0.169,True,Vw/Vw02,Vw,every_2min,22,4220.0
wheel_speed,veh_yawrate,60.0,1282.2,59.65,59.65,28.13,4.65,0.994,0.225,True,Vw/Vw02,Vw,every_2min,22,4220.0
obd,gps_hold,60.0,1282.2,17.45,17.45,9.85,1.36,0.291,0.169,True,Vw/Vw02,Vw,every_2min,22,4220.0
hold,imu_aligned,60.0,1282.2,35.95,35.95,15.22,2.8,0.599,0.987,True,Vw/Vw02,Vw,every_2min,22,4220.0
imu_integrate,imu_aligned,60.0,1282.2,14.73,38.44,20.6,1.15,0.245,1.778,True,Vw/Vw02,Vw,every_2min,22,4220.0
truth,truth,60.0,1388.2,16.87,16.87,9.36,1.22,0.281,,True,Vw/Vw02,Vw,every_2min,23,4400.0
truth,veh_yawrate,60.0,1388.2,22.15,22.15,10.16,1.6,0.369,,True,Vw/Vw02,Vw,every_2min,23,4400.0
hold,truth,60.0,1388.2,124.46,124.46,66.45,8.97,2.074,2.081,True,Vw/Vw02,Vw,every_2min,23,4400.0
obd,veh_yawrate,60.0,1388.2,19.62,19.62,8.63,1.41,0.327,0.202,True,Vw/Vw02,Vw,every_2min,23,4400.0
wheel_speed,veh_yawrate,60.0,1388.2,22.19,22.19,10.41,1.6,0.37,0.263,True,Vw/Vw02,Vw,every_2min,23,4400.0
obd,gps_hold,60.0,1388.2,186.58,186.58,90.91,13.44,3.11,0.202,False,Vw/Vw02,Vw,every_2min,23,4400.0
hold,imu_aligned,60.0,1388.2,214.39,214.39,107.79,15.44,3.573,2.081,False,Vw/Vw02,Vw,every_2min,23,4400.0
imu_integrate,imu_aligned,60.0,1388.2,237.36,237.36,105.45,17.1,3.956,2.301,False,Vw/Vw02,Vw,every_2min,23,4400.0
truth,truth,60.0,611.4,7.75,7.75,4.47,1.27,0.129,,True,Vw/Vw02,Vw,every_2min,24,4610.0
truth,veh_yawrate,60.0,611.4,11.3,11.3,5.84,1.85,0.188,,True,Vw/Vw02,Vw,every_2min,24,4610.0
hold,truth,60.0,611.4,346.22,362.71,250.31,56.62,5.77,7.225,False,Vw/Vw02,Vw,every_2min,24,4610.0
obd,veh_yawrate,60.0,611.4,10.35,10.35,4.75,1.69,0.173,0.103,True,Vw/Vw02,Vw,every_2min,24,4610.0
wheel_speed,veh_yawrate,60.0,611.4,11.58,11.58,5.35,1.89,0.193,0.134,True,Vw/Vw02,Vw,every_2min,24,4610.0
obd,gps_hold,60.0,611.4,100.8,100.8,37.85,16.49,1.68,0.103,False,Vw/Vw02,Vw,every_2min,24,4610.0
hold,imu_aligned,60.0,611.4,413.89,417.2,282.24,67.69,6.898,7.225,False,Vw/Vw02,Vw,every_2min,24,4610.0
imu_integrate,imu_aligned,60.0,611.4,923.7,923.7,594.88,151.07,15.395,14.943,False,Vw/Vw02,Vw,every_2min,24,4610.0
truth,truth,60.0,818.6,11.18,11.18,6.54,1.37,0.186,,True,Vw/Vw02,Vw,every_2min,25,4790.0
truth,veh_yawrate,60.0,818.6,18.58,18.58,9.84,2.27,0.31,,True,Vw/Vw02,Vw,every_2min,25,4790.0
hold,truth,60.0,818.6,96.56,96.56,29.53,11.8,1.609,1.921,False,Vw/Vw02,Vw,every_2min,25,4790.0
obd,veh_yawrate,60.0,818.6,16.21,16.21,8.76,1.98,0.27,0.131,True,Vw/Vw02,Vw,every_2min,25,4790.0
wheel_speed,veh_yawrate,60.0,818.6,17.8,17.8,9.66,2.17,0.297,0.16,True,Vw/Vw02,Vw,every_2min,25,4790.0
obd,gps_hold,60.0,818.6,167.82,167.82,64.68,20.5,2.797,0.131,False,Vw/Vw02,Vw,every_2min,25,4790.0
hold,imu_aligned,60.0,818.6,215.98,215.98,76.15,26.38,3.6,1.921,False,Vw/Vw02,Vw,every_2min,25,4790.0
imu_integrate,imu_aligned,60.0,818.6,616.78,616.78,245.79,75.34,10.28,9.224,False,Vw/Vw02,Vw,every_2min,25,4790.0
truth,truth,60.0,340.0,4.05,4.05,2.78,1.19,0.067,,True,Vw/Vw02,Vw,every_2min,26,4970.0
truth,veh_yawrate,60.0,340.0,67.83,67.83,19.1,19.95,1.131,,False,Vw/Vw02,Vw,every_2min,26,4970.0
hold,truth,60.0,340.0,718.47,718.47,475.13,211.31,11.974,13.777,False,Vw/Vw02,Vw,every_2min,26,4970.0
obd,veh_yawrate,60.0,340.0,69.51,69.51,19.68,20.44,1.159,0.074,False,Vw/Vw02,Vw,every_2min,26,4970.0
wheel_speed,veh_yawrate,60.0,340.0,69.11,69.11,19.53,20.32,1.152,0.084,False,Vw/Vw02,Vw,every_2min,26,4970.0
obd,gps_hold,60.0,340.0,72.75,72.75,28.78,21.4,1.212,0.074,False,Vw/Vw02,Vw,every_2min,26,4970.0
hold,imu_aligned,60.0,340.0,888.47,888.47,523.36,261.31,14.808,13.777,False,Vw/Vw02,Vw,every_2min,26,4970.0
imu_integrate,imu_aligned,60.0,340.0,939.91,947.08,640.56,276.44,15.665,14.995,False,Vw/Vw02,Vw,every_2min,26,4970.0
truth,truth,60.0,1033.6,11.08,11.08,5.62,1.07,0.185,,True,Vw/Vw02,Vw,every_2min,27,5150.0
truth,veh_yawrate,60.0,1033.6,9.83,9.83,4.32,0.95,0.164,,True,Vw/Vw02,Vw,every_2min,27,5150.0
hold,truth,60.0,1033.6,223.25,223.25,87.02,21.6,3.721,5.991,False,Vw/Vw02,Vw,every_2min,27,5150.0
obd,veh_yawrate,60.0,1033.6,8.23,8.23,3.69,0.8,0.137,0.126,True,Vw/Vw02,Vw,every_2min,27,5150.0
wheel_speed,veh_yawrate,60.0,1033.6,9.76,9.76,4.47,0.94,0.163,0.153,True,Vw/Vw02,Vw,every_2min,27,5150.0
obd,gps_hold,60.0,1033.6,182.73,184.58,113.32,17.68,3.045,0.126,False,Vw/Vw02,Vw,every_2min,27,5150.0
hold,imu_aligned,60.0,1033.6,261.86,261.86,134.28,25.34,4.364,5.991,False,Vw/Vw02,Vw,every_2min,27,5150.0
imu_integrate,imu_aligned,60.0,1033.6,323.49,323.49,160.56,31.3,5.391,9.57,False,Vw/Vw02,Vw,every_2min,27,5150.0
truth,truth,60.0,820.6,3.25,3.26,2.06,0.4,0.054,,True,Vw/Vw03,Vw,isro_60s,0,20.0
truth,veh_yawrate,60.0,820.6,401.33,401.33,160.45,48.91,6.689,,False,Vw/Vw03,Vw,isro_60s,0,20.0
hold,truth,60.0,820.6,105.21,105.21,51.68,12.82,1.753,3.935,False,Vw/Vw03,Vw,isro_60s,0,20.0
obd,veh_yawrate,60.0,820.6,402.17,402.17,161.12,49.01,6.703,0.058,False,Vw/Vw03,Vw,isro_60s,0,20.0
wheel_speed,veh_yawrate,60.0,820.6,402.56,402.56,161.21,49.06,6.709,0.061,False,Vw/Vw03,Vw,isro_60s,0,20.0
obd,gps_hold,60.0,820.6,854.62,854.62,355.41,104.15,14.244,0.058,False,Vw/Vw03,Vw,isro_60s,0,20.0
hold,imu_aligned,60.0,820.6,733.75,733.75,306.44,89.42,12.229,3.935,False,Vw/Vw03,Vw,isro_60s,0,20.0
imu_integrate,imu_aligned,60.0,820.6,855.41,855.41,367.79,104.24,14.257,3.371,False,Vw/Vw03,Vw,isro_60s,0,20.0
truth,truth,71.2,1000.1,3.26,3.3,2.29,0.33,0.046,,True,Vw/Vw03,Vw,isro_1km,0,20.0
truth,veh_yawrate,71.2,1000.1,611.15,611.15,249.18,61.11,8.584,,False,Vw/Vw03,Vw,isro_1km,0,20.0
hold,truth,71.2,1000.1,155.35,155.35,70.34,15.53,2.182,4.07,False,Vw/Vw03,Vw,isro_1km,0,20.0
obd,veh_yawrate,71.2,1000.1,611.55,611.55,249.73,61.15,8.589,0.057,False,Vw/Vw03,Vw,isro_1km,0,20.0
wheel_speed,veh_yawrate,71.2,1000.1,612.23,612.23,249.94,61.22,8.599,0.057,False,Vw/Vw03,Vw,isro_1km,0,20.0
obd,gps_hold,71.2,1000.1,1175.56,1175.56,520.05,117.54,16.511,0.057,False,Vw/Vw03,Vw,isro_1km,0,20.0
hold,imu_aligned,71.2,1000.1,1007.54,1007.54,446.9,100.74,14.151,4.07,False,Vw/Vw03,Vw,isro_1km,0,20.0
imu_integrate,imu_aligned,71.2,1000.1,1157.65,1157.65,523.9,115.75,16.259,3.148,False,Vw/Vw03,Vw,isro_1km,0,20.0
truth,truth,30.0,354.4,2.26,2.26,0.92,0.64,0.075,,True,Vw/Vw03,Vw,tunnels,0,20.0
truth,veh_yawrate,30.0,354.4,69.3,76.81,48.39,19.55,2.31,,False,Vw/Vw03,Vw,tunnels,0,20.0
hold,truth,30.0,354.4,36.32,62.04,40.88,10.25,1.211,3.554,False,Vw/Vw03,Vw,tunnels,0,20.0
obd,veh_yawrate,30.0,354.4,69.79,76.79,48.33,19.69,2.326,0.071,False,Vw/Vw03,Vw,tunnels,0,20.0
wheel_speed,veh_yawrate,30.0,354.4,69.66,76.73,48.32,19.65,2.322,0.078,False,Vw/Vw03,Vw,tunnels,0,20.0
obd,gps_hold,30.0,354.4,67.71,67.71,16.96,19.1,2.257,0.071,False,Vw/Vw03,Vw,tunnels,0,20.0
hold,imu_aligned,30.0,354.4,53.11,61.87,39.75,14.98,1.77,3.554,False,Vw/Vw03,Vw,tunnels,0,20.0
imu_integrate,imu_aligned,30.0,354.4,73.81,73.81,41.32,20.83,2.46,4.687,False,Vw/Vw03,Vw,tunnels,0,20.0
truth,truth,30.0,500.6,1.61,1.61,0.74,0.32,0.054,,True,Vw/Vw03,Vw,tunnels,1,155.0
truth,veh_yawrate,30.0,500.6,5.45,5.45,3.9,1.09,0.182,,True,Vw/Vw03,Vw,tunnels,1,155.0
hold,truth,30.0,500.6,29.83,29.83,16.3,5.96,0.994,2.904,True,Vw/Vw03,Vw,tunnels,1,155.0
obd,veh_yawrate,30.0,500.6,4.94,5.06,3.82,0.99,0.165,0.074,True,Vw/Vw03,Vw,tunnels,1,155.0
wheel_speed,veh_yawrate,30.0,500.6,4.79,4.94,3.77,0.96,0.16,0.077,True,Vw/Vw03,Vw,tunnels,1,155.0
obd,gps_hold,30.0,500.6,37.68,37.68,17.61,7.53,1.256,0.074,True,Vw/Vw03,Vw,tunnels,1,155.0
hold,imu_aligned,30.0,500.6,50.3,50.3,23.25,10.05,1.677,2.904,False,Vw/Vw03,Vw,tunnels,1,155.0
imu_integrate,imu_aligned,30.0,500.6,365.67,365.67,149.32,73.04,12.189,11.986,False,Vw/Vw03,Vw,tunnels,1,155.0
truth,truth,30.0,579.4,1.07,1.33,0.58,0.18,0.036,,True,Vw/Vw03,Vw,tunnels,2,290.0
truth,veh_yawrate,30.0,579.4,39.82,39.82,19.61,6.87,1.327,,True,Vw/Vw03,Vw,tunnels,2,290.0
hold,truth,30.0,579.4,10.95,21.3,13.99,1.89,0.365,1.755,True,Vw/Vw03,Vw,tunnels,2,290.0
obd,veh_yawrate,30.0,579.4,39.84,39.84,19.6,6.88,1.328,0.108,True,Vw/Vw03,Vw,tunnels,2,290.0
wheel_speed,veh_yawrate,30.0,579.4,39.89,39.89,19.62,6.88,1.33,0.101,True,Vw/Vw03,Vw,tunnels,2,290.0
obd,gps_hold,30.0,579.4,72.61,72.61,35.13,12.53,2.42,0.108,False,Vw/Vw03,Vw,tunnels,2,290.0
hold,imu_aligned,30.0,579.4,74.06,74.06,37.17,12.78,2.469,1.755,False,Vw/Vw03,Vw,tunnels,2,290.0
imu_integrate,imu_aligned,30.0,579.4,115.47,115.47,64.58,19.93,3.849,3.215,False,Vw/Vw03,Vw,tunnels,2,290.0
truth,truth,60.0,820.6,3.25,3.26,2.06,0.4,0.054,,True,Vw/Vw03,Vw,every_2min,0,20.0
truth,veh_yawrate,60.0,820.6,401.33,401.33,160.45,48.91,6.689,,False,Vw/Vw03,Vw,every_2min,0,20.0
hold,truth,60.0,820.6,105.21,105.21,51.68,12.82,1.753,3.935,False,Vw/Vw03,Vw,every_2min,0,20.0
obd,veh_yawrate,60.0,820.6,402.17,402.17,161.12,49.01,6.703,0.058,False,Vw/Vw03,Vw,every_2min,0,20.0
wheel_speed,veh_yawrate,60.0,820.6,402.56,402.56,161.21,49.06,6.709,0.061,False,Vw/Vw03,Vw,every_2min,0,20.0
obd,gps_hold,60.0,820.6,854.62,854.62,355.41,104.15,14.244,0.058,False,Vw/Vw03,Vw,every_2min,0,20.0
hold,imu_aligned,60.0,820.6,733.75,733.75,306.44,89.42,12.229,3.935,False,Vw/Vw03,Vw,every_2min,0,20.0
imu_integrate,imu_aligned,60.0,820.6,855.41,855.41,367.79,104.24,14.257,3.371,False,Vw/Vw03,Vw,every_2min,0,20.0
truth,truth,60.0,894.9,1.51,1.55,1.15,0.17,0.025,,True,Vw/Vw03,Vw,every_2min,1,200.0
truth,veh_yawrate,60.0,894.9,17.49,18.14,13.54,1.95,0.292,,True,Vw/Vw03,Vw,every_2min,1,200.0
hold,truth,60.0,894.9,377.79,394.8,233.17,42.22,6.297,6.954,False,Vw/Vw03,Vw,every_2min,1,200.0
obd,veh_yawrate,60.0,894.9,17.13,18.41,13.73,1.91,0.286,0.051,True,Vw/Vw03,Vw,every_2min,1,200.0
wheel_speed,veh_yawrate,60.0,894.9,17.18,18.45,13.76,1.92,0.286,0.055,True,Vw/Vw03,Vw,every_2min,1,200.0
obd,gps_hold,60.0,894.9,1302.97,1302.97,781.4,145.6,21.716,0.051,False,Vw/Vw03,Vw,every_2min,1,200.0
hold,imu_aligned,60.0,894.9,1050.75,1050.75,623.17,117.42,17.512,6.954,False,Vw/Vw03,Vw,every_2min,1,200.0
imu_integrate,imu_aligned,60.0,894.9,982.41,982.41,578.33,109.78,16.373,9.185,False,Vw/Vw03,Vw,every_2min,1,200.0
truth,truth,60.0,816.9,0.81,0.81,0.29,0.1,0.014,,True,Vw/Vw04,Vw,isro_60s,0,90.0
truth,veh_yawrate,60.0,816.9,37.81,37.81,14.92,4.63,0.63,,True,Vw/Vw04,Vw,isro_60s,0,90.0
hold,truth,60.0,816.9,175.39,178.33,92.7,21.47,2.923,3.112,False,Vw/Vw04,Vw,isro_60s,0,90.0
obd,veh_yawrate,60.0,816.9,37.75,37.75,14.88,4.62,0.629,0.071,True,Vw/Vw04,Vw,isro_60s,0,90.0
wheel_speed,veh_yawrate,60.0,816.9,37.7,37.7,14.86,4.62,0.628,0.069,True,Vw/Vw04,Vw,isro_60s,0,90.0
obd,gps_hold,60.0,816.9,61.8,61.8,21.84,7.56,1.03,0.071,True,Vw/Vw04,Vw,isro_60s,0,90.0
hold,imu_aligned,60.0,816.9,180.08,182.21,93.27,22.04,3.001,3.112,False,Vw/Vw04,Vw,isro_60s,0,90.0
imu_integrate,imu_aligned,60.0,816.9,64.72,64.72,32.81,7.92,1.079,2.275,True,Vw/Vw04,Vw,isro_60s,0,90.0
truth,truth,115.0,1000.5,0.6,0.88,0.61,0.06,0.005,,True,Vw/Vw04,Vw,isro_1km,0,20.0
truth,veh_yawrate,115.0,1000.5,158.67,158.67,58.38,15.86,1.38,,False,Vw/Vw04,Vw,isro_1km,0,20.0
hold,truth,115.0,1000.5,698.32,698.32,305.15,69.8,6.072,8.158,False,Vw/Vw04,Vw,isro_1km,0,20.0
obd,veh_yawrate,115.0,1000.5,158.19,158.19,58.1,15.81,1.376,0.054,False,Vw/Vw04,Vw,isro_1km,0,20.0
wheel_speed,veh_yawrate,115.0,1000.5,157.58,157.58,57.78,15.75,1.37,0.054,False,Vw/Vw04,Vw,isro_1km,0,20.0
obd,gps_hold,115.0,1000.5,1557.12,1557.12,642.05,155.64,13.54,0.054,False,Vw/Vw04,Vw,isro_1km,0,20.0
hold,imu_aligned,115.0,1000.5,841.9,841.9,369.26,84.15,7.321,8.158,False,Vw/Vw04,Vw,isro_1km,0,20.0
imu_integrate,imu_aligned,115.0,1000.5,1498.18,1498.18,672.39,149.75,13.028,5.119,False,Vw/Vw04,Vw,isro_1km,0,20.0
truth,truth,30.0,217.5,0.39,0.87,0.62,0.18,0.013,,True,Vw/Vw04,Vw,tunnels,0,20.0
truth,veh_yawrate,30.0,217.5,7.1,7.1,5.24,3.27,0.237,,True,Vw/Vw04,Vw,tunnels,0,20.0
hold,truth,30.0,217.5,182.99,190.53,142.89,84.12,6.1,6.72,False,Vw/Vw04,Vw,tunnels,0,20.0
obd,veh_yawrate,30.0,217.5,7.49,7.49,5.51,3.44,0.25,0.053,True,Vw/Vw04,Vw,tunnels,0,20.0
wheel_speed,veh_yawrate,30.0,217.5,7.62,7.62,5.58,3.5,0.254,0.065,True,Vw/Vw04,Vw,tunnels,0,20.0
obd,gps_hold,30.0,217.5,173.46,173.46,128.19,79.74,5.782,0.053,False,Vw/Vw04,Vw,tunnels,0,20.0
hold,imu_aligned,30.0,217.5,193.52,197.73,148.41,88.96,6.451,6.72,False,Vw/Vw04,Vw,tunnels,0,20.0
imu_integrate,imu_aligned,30.0,217.5,177.58,177.58,121.1,81.63,5.919,6.366,False,Vw/Vw04,Vw,tunnels,0,20.0
truth,truth,30.0,288.8,0.31,0.84,0.49,0.11,0.01,,True,Vw/Vw04,Vw,tunnels,1,155.0
truth,veh_yawrate,30.0,288.8,64.53,64.53,31.68,22.35,2.151,,False,Vw/Vw04,Vw,tunnels,1,155.0
hold,truth,30.0,288.8,107.58,107.58,47.72,37.26,3.586,3.701,False,Vw/Vw04,Vw,tunnels,1,155.0
obd,veh_yawrate,30.0,288.8,65.07,65.07,32.08,22.53,2.169,0.12,False,Vw/Vw04,Vw,tunnels,1,155.0
wheel_speed,veh_yawrate,30.0,288.8,64.82,64.82,31.87,22.45,2.161,0.102,False,Vw/Vw04,Vw,tunnels,1,155.0
obd,gps_hold,30.0,288.8,454.45,454.45,236.9,157.38,15.148,0.12,False,Vw/Vw04,Vw,tunnels,1,155.0
hold,imu_aligned,30.0,288.8,372.79,372.79,200.52,129.1,12.426,3.701,False,Vw/Vw04,Vw,tunnels,1,155.0
imu_integrate,imu_aligned,30.0,288.8,391.11,391.11,208.08,135.45,13.037,2.973,False,Vw/Vw04,Vw,tunnels,1,155.0
truth,truth,30.0,136.9,0.19,0.85,0.49,0.14,0.006,,True,Vw/Vw04,Vw,tunnels,2,290.0
truth,veh_yawrate,30.0,136.9,60.82,60.82,19.75,44.43,2.027,,False,Vw/Vw04,Vw,tunnels,2,290.0
hold,truth,30.0,136.9,102.16,102.16,74.7,74.63,3.405,4.517,False,Vw/Vw04,Vw,tunnels,2,290.0
obd,veh_yawrate,30.0,136.9,61.05,61.05,19.86,44.6,2.035,0.059,False,Vw/Vw04,Vw,tunnels,2,290.0
wheel_speed,veh_yawrate,30.0,136.9,60.84,60.84,19.76,44.45,2.028,0.059,False,Vw/Vw04,Vw,tunnels,2,290.0
obd,gps_hold,30.0,136.9,140.65,140.65,45.75,102.75,4.688,0.059,False,Vw/Vw04,Vw,tunnels,2,290.0
hold,imu_aligned,30.0,136.9,190.64,190.64,96.76,139.27,6.355,4.517,False,Vw/Vw04,Vw,tunnels,2,290.0
imu_integrate,imu_aligned,30.0,136.9,123.49,123.49,70.5,90.21,4.116,6.337,False,Vw/Vw04,Vw,tunnels,2,290.0
truth,truth,30.0,260.6,1.59,1.59,0.74,0.61,0.053,,True,Vw/Vw04,Vw,tunnels,3,425.0
truth,veh_yawrate,30.0,260.6,15.78,15.78,5.64,6.05,0.526,,True,Vw/Vw04,Vw,tunnels,3,425.0
hold,truth,30.0,260.6,17.44,28.63,16.6,6.69,0.581,2.643,True,Vw/Vw04,Vw,tunnels,3,425.0
obd,veh_yawrate,30.0,260.6,16.67,16.67,5.78,6.39,0.556,0.077,True,Vw/Vw04,Vw,tunnels,3,425.0
wheel_speed,veh_yawrate,30.0,260.6,17.05,17.05,5.84,6.54,0.568,0.081,True,Vw/Vw04,Vw,tunnels,3,425.0
obd,gps_hold,30.0,260.6,88.91,88.91,32.99,34.11,2.964,0.077,False,Vw/Vw04,Vw,tunnels,3,425.0
hold,imu_aligned,30.0,260.6,99.65,99.65,38.39,38.23,3.322,2.643,False,Vw/Vw04,Vw,tunnels,3,425.0
imu_integrate,imu_aligned,30.0,260.6,105.38,126.3,97.33,40.43,3.513,4.527,False,Vw/Vw04,Vw,tunnels,3,425.0
truth,truth,30.0,318.3,0.33,0.81,0.49,0.11,0.011,,True,Vw/Vw04,Vw,tunnels,4,785.0
truth,veh_yawrate,30.0,318.3,6.18,6.18,2.11,1.94,0.206,,True,Vw/Vw04,Vw,tunnels,4,785.0
hold,truth,30.0,318.3,108.2,114.16,77.86,33.99,3.607,5.453,False,Vw/Vw04,Vw,tunnels,4,785.0
obd,veh_yawrate,30.0,318.3,6.74,6.74,2.42,2.12,0.225,0.085,True,Vw/Vw04,Vw,tunnels,4,785.0
wheel_speed,veh_yawrate,30.0,318.3,7.15,7.15,2.67,2.25,0.238,0.088,True,Vw/Vw04,Vw,tunnels,4,785.0
obd,gps_hold,30.0,318.3,166.91,166.91,53.59,52.43,5.564,0.085,False,Vw/Vw04,Vw,tunnels,4,785.0
hold,imu_aligned,30.0,318.3,307.36,307.36,135.34,96.55,10.245,5.453,False,Vw/Vw04,Vw,tunnels,4,785.0
imu_integrate,imu_aligned,30.0,318.3,260.21,260.21,120.58,81.74,8.674,5.082,False,Vw/Vw04,Vw,tunnels,4,785.0
truth,truth,30.0,395.6,1.2,1.6,1.08,0.3,0.04,,True,Vw/Vw04,Vw,tunnels,5,1032.5
truth,veh_yawrate,30.0,395.6,23.99,23.99,10.4,6.06,0.8,,True,Vw/Vw04,Vw,tunnels,5,1032.5
hold,truth,30.0,395.6,55.79,55.79,39.26,14.1,1.86,3.038,False,Vw/Vw04,Vw,tunnels,5,1032.5
obd,veh_yawrate,30.0,395.6,24.41,24.41,10.68,6.17,0.814,0.058,True,Vw/Vw04,Vw,tunnels,5,1032.5
wheel_speed,veh_yawrate,30.0,395.6,24.54,24.54,10.77,6.2,0.818,0.05,True,Vw/Vw04,Vw,tunnels,5,1032.5
obd,gps_hold,30.0,395.6,397.19,397.19,172.71,100.4,13.24,0.058,False,Vw/Vw04,Vw,tunnels,5,1032.5
hold,imu_aligned,30.0,395.6,411.66,411.66,194.02,104.06,13.722,3.038,False,Vw/Vw04,Vw,tunnels,5,1032.5
imu_integrate,imu_aligned,30.0,395.6,298.02,298.02,128.66,75.33,9.934,5.976,False,Vw/Vw04,Vw,tunnels,5,1032.5
truth,truth,30.0,468.4,2.11,2.3,1.25,0.45,0.07,,True,Vw/Vw04,Vw,tunnels,6,1167.5
truth,veh_yawrate,30.0,468.4,4.07,4.07,2.77,0.87,0.136,,True,Vw/Vw04,Vw,tunnels,6,1167.5
hold,truth,30.0,468.4,124.27,128.83,74.13,26.53,4.142,6.496,False,Vw/Vw04,Vw,tunnels,6,1167.5
obd,veh_yawrate,30.0,468.4,2.95,3.52,2.53,0.63,0.098,0.057,True,Vw/Vw04,Vw,tunnels,6,1167.5
wheel_speed,veh_yawrate,30.0,468.4,2.96,3.52,2.54,0.63,0.099,0.061,True,Vw/Vw04,Vw,tunnels,6,1167.5
obd,gps_hold,30.0,468.4,140.11,140.11,37.49,29.91,4.67,0.057,False,Vw/Vw04,Vw,tunnels,6,1167.5
hold,imu_aligned,30.0,468.4,317.71,317.71,119.95,67.83,10.59,6.496,False,Vw/Vw04,Vw,tunnels,6,1167.5
imu_integrate,imu_aligned,30.0,468.4,236.57,236.57,96.74,50.51,7.886,4.68,False,Vw/Vw04,Vw,tunnels,6,1167.5
truth,truth,30.0,404.0,1.72,1.75,1.1,0.43,0.057,,True,Vw/Vw04,Vw,tunnels,7,1302.5
truth,veh_yawrate,30.0,404.0,22.02,22.02,7.64,5.45,0.734,,True,Vw/Vw04,Vw,tunnels,7,1302.5
hold,truth,30.0,404.0,38.39,42.91,26.45,9.5,1.28,2.667,True,Vw/Vw04,Vw,tunnels,7,1302.5
obd,veh_yawrate,30.0,404.0,22.82,22.82,8.06,5.65,0.761,0.06,True,Vw/Vw04,Vw,tunnels,7,1302.5
wheel_speed,veh_yawrate,30.0,404.0,22.89,22.89,8.08,5.67,0.763,0.055,True,Vw/Vw04,Vw,tunnels,7,1302.5
obd,gps_hold,30.0,404.0,255.31,255.31,89.95,63.19,8.51,0.06,False,Vw/Vw04,Vw,tunnels,7,1302.5
hold,imu_aligned,30.0,404.0,292.85,292.85,112.97,72.48,9.762,2.667,False,Vw/Vw04,Vw,tunnels,7,1302.5
imu_integrate,imu_aligned,30.0,404.0,496.1,496.1,200.66,122.78,16.537,9.785,False,Vw/Vw04,Vw,tunnels,7,1302.5
truth,truth,60.0,728.2,1.24,1.66,0.8,0.17,0.021,,True,Vw/Vw04,Vw,every_2min,0,110.0
truth,veh_yawrate,60.0,728.2,2.45,26.79,13.9,0.34,0.041,,True,Vw/Vw04,Vw,every_2min,0,110.0
hold,truth,60.0,728.2,104.56,104.56,55.71,14.36,1.743,3.554,False,Vw/Vw04,Vw,every_2min,0,110.0
obd,veh_yawrate,60.0,728.2,1.01,26.44,13.64,0.14,0.017,0.097,True,Vw/Vw04,Vw,every_2min,0,110.0
wheel_speed,veh_yawrate,60.0,728.2,0.8,26.54,13.73,0.11,0.013,0.079,True,Vw/Vw04,Vw,every_2min,0,110.0
obd,gps_hold,60.0,728.2,243.41,243.41,80.53,33.43,4.057,0.097,False,Vw/Vw04,Vw,every_2min,0,110.0
hold,imu_aligned,60.0,728.2,274.35,274.35,92.51,37.68,4.572,3.554,False,Vw/Vw04,Vw,every_2min,0,110.0
imu_integrate,imu_aligned,60.0,728.2,113.86,113.86,55.09,15.64,1.898,3.804,False,Vw/Vw04,Vw,every_2min,0,110.0
truth,truth,60.0,252.7,1.2,1.72,0.96,0.47,0.02,,True,Vw/Vw04,Vw,every_2min,1,290.0
truth,veh_yawrate,60.0,252.7,130.0,130.0,75.26,51.43,2.167,,False,Vw/Vw04,Vw,every_2min,1,290.0
hold,truth,60.0,252.7,114.46,118.28,92.55,45.29,1.908,4.861,False,Vw/Vw04,Vw,every_2min,1,290.0
obd,veh_yawrate,60.0,252.7,130.04,130.04,75.22,51.45,2.167,0.049,False,Vw/Vw04,Vw,every_2min,1,290.0
wheel_speed,veh_yawrate,60.0,252.7,129.81,129.81,75.03,51.36,2.163,0.052,False,Vw/Vw04,Vw,every_2min,1,290.0
obd,gps_hold,60.0,252.7,295.2,295.2,172.23,116.79,4.92,0.049,False,Vw/Vw04,Vw,every_2min,1,290.0
hold,imu_aligned,60.0,252.7,413.14,413.14,232.92,163.46,6.886,4.861,False,Vw/Vw04,Vw,every_2min,1,290.0
imu_integrate,imu_aligned,60.0,252.7,242.03,242.03,150.72,95.76,4.034,5.292,False,Vw/Vw04,Vw,every_2min,1,290.0
truth,truth,60.0,320.8,9.68,18.27,10.28,3.02,0.161,,True,Vw/Vw04,Vw,every_2min,2,470.0
truth,veh_yawrate,60.0,320.8,11.48,19.06,10.51,3.58,0.191,,True,Vw/Vw04,Vw,every_2min,2,470.0
hold,truth,60.0,320.8,428.28,428.28,265.12,133.49,7.138,6.823,False,Vw/Vw04,Vw,every_2min,2,470.0
obd,veh_yawrate,60.0,320.8,16.19,23.14,12.95,5.04,0.27,0.462,True,Vw/Vw04,Vw,every_2min,2,470.0
wheel_speed,veh_yawrate,60.0,320.8,15.99,22.95,12.76,4.98,0.267,0.459,True,Vw/Vw04,Vw,every_2min,2,470.0
obd,gps_hold,60.0,320.8,18.05,26.23,14.99,5.63,0.301,0.462,True,Vw/Vw04,Vw,every_2min,2,470.0
hold,imu_aligned,60.0,320.8,432.78,432.78,268.21,134.89,7.213,6.823,False,Vw/Vw04,Vw,every_2min,2,470.0
imu_integrate,imu_aligned,60.0,320.8,313.84,383.87,257.09,97.82,5.231,7.393,False,Vw/Vw04,Vw,every_2min,2,470.0
truth,truth,60.0,287.6,10.35,10.35,6.65,3.6,0.173,,True,Vw/Vw04,Vw,every_2min,3,710.0
truth,veh_yawrate,60.0,287.6,11.63,11.65,7.76,4.04,0.194,,True,Vw/Vw04,Vw,every_2min,3,710.0
hold,truth,60.0,287.6,204.84,240.99,183.54,71.23,3.414,6.908,False,Vw/Vw04,Vw,every_2min,3,710.0
obd,veh_yawrate,60.0,287.6,11.48,11.53,7.87,3.99,0.191,0.097,True,Vw/Vw04,Vw,every_2min,3,710.0
wheel_speed,veh_yawrate,60.0,287.6,11.7,11.75,8.0,4.07,0.195,0.104,True,Vw/Vw04,Vw,every_2min,3,710.0
obd,gps_hold,60.0,287.6,156.55,156.55,45.41,54.44,2.609,0.097,False,Vw/Vw04,Vw,every_2min,3,710.0
hold,imu_aligned,60.0,287.6,560.52,560.52,283.37,194.92,9.342,6.908,False,Vw/Vw04,Vw,every_2min,3,710.0
imu_integrate,imu_aligned,60.0,287.6,401.9,401.9,165.83,139.76,6.698,4.654,False,Vw/Vw04,Vw,every_2min,3,710.0
truth,truth,60.0,471.4,0.94,0.95,0.58,0.2,0.016,,True,Vw/Vw04,Vw,every_2min,4,980.0
truth,veh_yawrate,60.0,471.4,3.86,3.86,1.72,0.82,0.064,,True,Vw/Vw04,Vw,every_2min,4,980.0
hold,truth,60.0,471.4,229.74,236.47,164.04,48.73,3.829,5.109,False,Vw/Vw04,Vw,every_2min,4,980.0
obd,veh_yawrate,60.0,471.4,3.25,3.25,1.55,0.69,0.054,0.053,True,Vw/Vw04,Vw,every_2min,4,980.0
wheel_speed,veh_yawrate,60.0,471.4,2.97,2.97,1.46,0.63,0.05,0.051,True,Vw/Vw04,Vw,every_2min,4,980.0
obd,gps_hold,60.0,471.4,362.65,362.65,128.79,76.93,6.044,0.053,False,Vw/Vw04,Vw,every_2min,4,980.0
hold,imu_aligned,60.0,471.4,560.68,560.68,255.07,118.94,9.345,5.109,False,Vw/Vw04,Vw,every_2min,4,980.0
imu_integrate,imu_aligned,60.0,471.4,478.06,478.06,193.27,101.41,7.968,3.437,False,Vw/Vw04,Vw,every_2min,4,980.0
truth,truth,60.0,973.8,2.63,2.77,1.9,0.27,0.044,,True,Vw/Vw04,Vw,every_2min,5,1160.0
truth,veh_yawrate,60.0,973.8,10.4,10.4,5.29,1.07,0.173,,True,Vw/Vw04,Vw,every_2min,5,1160.0
hold,truth,60.0,973.8,84.6,84.6,42.43,8.69,1.41,4.072,True,Vw/Vw04,Vw,every_2min,5,1160.0
obd,veh_yawrate,60.0,973.8,8.01,8.01,4.29,0.82,0.133,0.058,True,Vw/Vw04,Vw,every_2min,5,1160.0
wheel_speed,veh_yawrate,60.0,973.8,8.14,8.14,4.31,0.84,0.136,0.055,True,Vw/Vw04,Vw,every_2min,5,1160.0
obd,gps_hold,60.0,973.8,665.7,665.7,279.38,68.36,11.095,0.058,False,Vw/Vw04,Vw,every_2min,5,1160.0
hold,imu_aligned,60.0,973.8,746.09,746.09,311.35,76.61,12.435,4.072,False,Vw/Vw04,Vw,every_2min,5,1160.0
imu_integrate,imu_aligned,60.0,973.8,553.69,553.69,225.11,56.86,9.228,5.408,False,Vw/Vw04,Vw,every_2min,5,1160.0
truth,truth,60.0,649.1,0.89,1.57,0.99,0.14,0.015,,True,Vw/Vw04,Vw,every_2min,6,1340.0
truth,veh_yawrate,60.0,649.1,22.82,24.83,15.73,3.52,0.38,,True,Vw/Vw04,Vw,every_2min,6,1340.0
hold,truth,60.0,649.1,141.35,172.32,104.14,21.78,2.356,5.078,False,Vw/Vw04,Vw,every_2min,6,1340.0
obd,veh_yawrate,60.0,649.1,23.46,25.73,15.82,3.61,0.391,0.119,True,Vw/Vw04,Vw,every_2min,6,1340.0
wheel_speed,veh_yawrate,60.0,649.1,23.27,25.47,15.79,3.58,0.388,0.101,True,Vw/Vw04,Vw,every_2min,6,1340.0
obd,gps_hold,60.0,649.1,493.25,509.55,344.89,75.99,8.221,0.119,False,Vw/Vw04,Vw,every_2min,6,1340.0
hold,imu_aligned,60.0,649.1,734.98,734.98,462.35,113.23,12.25,5.078,False,Vw/Vw04,Vw,every_2min,6,1340.0
imu_integrate,imu_aligned,60.0,649.1,357.43,410.06,288.48,55.07,5.957,5.525,False,Vw/Vw04,Vw,every_2min,6,1340.0
truth,truth,60.0,792.2,1.71,2.25,1.63,0.22,0.028,,True,Vw/Vw04,Vw,every_2min,7,1520.0
truth,veh_yawrate,60.0,792.2,15.39,15.39,6.65,1.94,0.256,,True,Vw/Vw04,Vw,every_2min,7,1520.0
hold,truth,60.0,792.2,479.14,479.14,330.73,60.48,7.986,11.537,False,Vw/Vw04,Vw,every_2min,7,1520.0
obd,veh_yawrate,60.0,792.2,13.42,13.42,5.39,1.69,0.224,0.073,True,Vw/Vw04,Vw,every_2min,7,1520.0
wheel_speed,veh_yawrate,60.0,792.2,13.2,13.2,5.25,1.67,0.22,0.075,True,Vw/Vw04,Vw,every_2min,7,1520.0
obd,gps_hold,60.0,792.2,569.33,569.33,246.49,71.87,9.489,0.073,False,Vw/Vw04,Vw,every_2min,7,1520.0
hold,imu_aligned,60.0,792.2,1133.25,1133.25,618.18,143.06,18.887,11.537,False,Vw/Vw04,Vw,every_2min,7,1520.0
imu_integrate,imu_aligned,60.0,792.2,1317.25,1317.25,697.9,166.28,21.954,14.844,False,Vw/Vw04,Vw,every_2min,7,1520.0
truth,truth,60.0,661.1,1.35,1.75,0.96,0.2,0.023,,True,Vw/Vw04,Vw,every_2min,8,1700.0
truth,veh_yawrate,60.0,661.1,33.43,33.43,17.89,5.06,0.557,,True,Vw/Vw04,Vw,every_2min,8,1700.0
hold,truth,60.0,661.1,411.46,436.18,291.13,62.24,6.858,8.884,False,Vw/Vw04,Vw,every_2min,8,1700.0
obd,veh_yawrate,60.0,661.1,33.95,33.95,18.32,5.13,0.566,0.058,True,Vw/Vw04,Vw,every_2min,8,1700.0
wheel_speed,veh_yawrate,60.0,661.1,33.97,33.97,18.34,5.14,0.566,0.059,True,Vw/Vw04,Vw,every_2min,8,1700.0
obd,gps_hold,60.0,661.1,384.2,384.2,106.69,58.11,6.403,0.058,False,Vw/Vw04,Vw,every_2min,8,1700.0
hold,imu_aligned,60.0,661.1,853.54,853.54,389.62,129.1,14.226,8.884,False,Vw/Vw04,Vw,every_2min,8,1700.0
imu_integrate,imu_aligned,60.0,661.1,1153.01,1153.01,606.89,174.4,19.217,14.42,False,Vw/Vw04,Vw,every_2min,8,1700.0
truth,truth,60.0,874.1,2.14,2.15,1.09,0.25,0.036,,True,Vw/Vw04,Vw,every_2min,9,1880.0
truth,veh_yawrate,60.0,874.1,105.43,105.43,47.06,12.06,1.757,,False,Vw/Vw04,Vw,every_2min,9,1880.0
hold,truth,60.0,874.1,45.9,68.13,51.99,5.25,0.765,1.672,True,Vw/Vw04,Vw,every_2min,9,1880.0
obd,veh_yawrate,60.0,874.1,105.05,105.05,46.84,12.02,1.751,0.084,False,Vw/Vw04,Vw,every_2min,9,1880.0
wheel_speed,veh_yawrate,60.0,874.1,105.14,105.14,46.88,12.03,1.752,0.081,False,Vw/Vw04,Vw,every_2min,9,1880.0
obd,gps_hold,60.0,874.1,66.66,72.23,38.92,7.63,1.111,0.084,True,Vw/Vw04,Vw,every_2min,9,1880.0
hold,imu_aligned,60.0,874.1,95.36,104.64,78.44,10.91,1.589,1.672,False,Vw/Vw04,Vw,every_2min,9,1880.0
imu_integrate,imu_aligned,60.0,874.1,279.55,279.55,118.94,31.98,4.659,4.274,False,Vw/Vw04,Vw,every_2min,9,1880.0
truth,truth,60.0,724.7,2.42,2.43,1.78,0.33,0.04,,True,Vw/Vw04,Vw,every_2min,10,2060.0
truth,veh_yawrate,60.0,724.7,197.69,197.69,103.67,27.28,3.295,,False,Vw/Vw04,Vw,every_2min,10,2060.0
hold,truth,60.0,724.7,267.95,279.28,157.96,36.97,4.466,4.952,False,Vw/Vw04,Vw,every_2min,10,2060.0
obd,veh_yawrate,60.0,724.7,197.79,197.79,103.73,27.29,3.296,0.064,False,Vw/Vw04,Vw,every_2min,10,2060.0
wheel_speed,veh_yawrate,60.0,724.7,197.7,197.7,103.77,27.28,3.295,0.063,False,Vw/Vw04,Vw,every_2min,10,2060.0
obd,gps_hold,60.0,724.7,413.29,415.21,240.2,57.03,6.888,0.064,False,Vw/Vw04,Vw,every_2min,10,2060.0
hold,imu_aligned,60.0,724.7,411.76,415.49,240.23,56.82,6.863,4.952,False,Vw/Vw04,Vw,every_2min,10,2060.0
imu_integrate,imu_aligned,60.0,724.7,468.79,499.96,299.88,64.69,7.813,8.651,False,Vw/Vw04,Vw,every_2min,10,2060.0
truth,truth,60.0,1039.2,10.3,10.3,5.28,0.99,0.172,,True,Vw/Vw04,Vw,every_2min,11,2240.0
truth,veh_yawrate,60.0,1039.2,27.74,27.74,14.81,2.67,0.462,,True,Vw/Vw04,Vw,every_2min,11,2240.0
hold,truth,60.0,1039.2,570.81,570.81,322.91,54.93,9.514,9.537,False,Vw/Vw04,Vw,every_2min,11,2240.0
obd,veh_yawrate,60.0,1039.2,25.96,25.96,14.42,2.5,0.433,0.479,True,Vw/Vw04,Vw,every_2min,11,2240.0
wheel_speed,veh_yawrate,60.0,1039.2,26.11,26.11,14.62,2.51,0.435,0.476,True,Vw/Vw04,Vw,every_2min,11,2240.0
obd,gps_hold,60.0,1039.2,110.17,110.17,60.45,10.6,1.836,0.479,False,Vw/Vw04,Vw,every_2min,11,2240.0
hold,imu_aligned,60.0,1039.2,575.26,575.26,325.27,55.36,9.588,9.537,False,Vw/Vw04,Vw,every_2min,11,2240.0
imu_integrate,imu_aligned,60.0,1039.2,851.06,851.06,459.32,81.9,14.184,14.188,False,Vw/Vw04,Vw,every_2min,11,2240.0
truth,truth,60.0,1117.4,2.35,2.35,1.53,0.21,0.039,,True,Vw/Vw04,Vw,every_2min,12,2420.0
truth,veh_yawrate,60.0,1117.4,140.63,140.63,66.0,12.59,2.344,,False,Vw/Vw04,Vw,every_2min,12,2420.0
hold,truth,60.0,1117.4,112.97,149.35,114.78,10.11,1.883,3.189,False,Vw/Vw04,Vw,every_2min,12,2420.0
obd,veh_yawrate,60.0,1117.4,140.54,140.54,65.96,12.58,2.342,0.045,False,Vw/Vw04,Vw,every_2min,12,2420.0
wheel_speed,veh_yawrate,60.0,1117.4,140.53,140.53,65.94,12.58,2.342,0.043,False,Vw/Vw04,Vw,every_2min,12,2420.0
obd,gps_hold,60.0,1117.4,247.08,247.08,140.63,22.11,4.118,0.045,False,Vw/Vw04,Vw,every_2min,12,2420.0
hold,imu_aligned,60.0,1117.4,290.39,290.39,198.25,25.99,4.84,3.189,False,Vw/Vw04,Vw,every_2min,12,2420.0
imu_integrate,imu_aligned,60.0,1117.4,486.54,486.54,332.63,43.54,8.109,6.362,False,Vw/Vw04,Vw,every_2min,12,2420.0
truth,truth,60.0,1109.3,4.42,4.42,2.35,0.4,0.074,,True,Vw/Vw04,Vw,every_2min,13,2600.0
truth,veh_yawrate,60.0,1109.3,9.21,13.36,9.52,0.83,0.153,,True,Vw/Vw04,Vw,every_2min,13,2600.0
hold,truth,60.0,1109.3,147.51,147.51,71.56,13.3,2.459,2.459,False,Vw/Vw04,Vw,every_2min,13,2600.0
obd,veh_yawrate,60.0,1109.3,8.32,13.24,9.28,0.75,0.139,0.082,True,Vw/Vw04,Vw,every_2min,13,2600.0
wheel_speed,veh_yawrate,60.0,1109.3,8.94,13.35,9.47,0.81,0.149,0.095,True,Vw/Vw04,Vw,every_2min,13,2600.0
obd,gps_hold,60.0,1109.3,49.08,49.08,35.61,4.42,0.818,0.082,True,Vw/Vw04,Vw,every_2min,13,2600.0
hold,imu_aligned,60.0,1109.3,157.11,157.11,81.04,14.16,2.619,2.459,False,Vw/Vw04,Vw,every_2min,13,2600.0
imu_integrate,imu_aligned,60.0,1109.3,160.43,160.43,83.78,14.46,2.674,3.617,False,Vw/Vw04,Vw,every_2min,13,2600.0
truth,truth,60.0,1113.9,4.7,4.7,2.69,0.42,0.078,,True,Vw/Vw04,Vw,every_2min,14,2780.0
truth,veh_yawrate,60.0,1113.9,67.63,67.63,29.71,6.07,1.127,,True,Vw/Vw04,Vw,every_2min,14,2780.0
hold,truth,60.0,1113.9,334.5,334.5,192.55,30.03,5.575,5.841,False,Vw/Vw04,Vw,every_2min,14,2780.0
obd,veh_yawrate,60.0,1113.9,68.16,68.16,30.04,6.12,1.136,0.059,True,Vw/Vw04,Vw,every_2min,14,2780.0
wheel_speed,veh_yawrate,60.0,1113.9,68.08,68.08,29.97,6.11,1.135,0.072,True,Vw/Vw04,Vw,every_2min,14,2780.0
obd,gps_hold,60.0,1113.9,149.93,149.93,66.98,13.46,2.499,0.059,False,Vw/Vw04,Vw,every_2min,14,2780.0
hold,imu_aligned,60.0,1113.9,399.98,399.98,224.21,35.91,6.666,5.841,False,Vw/Vw04,Vw,every_2min,14,2780.0
imu_integrate,imu_aligned,60.0,1113.9,153.56,198.53,121.15,13.79,2.559,7.98,False,Vw/Vw04,Vw,every_2min,14,2780.0
truth,truth,60.0,1349.0,3.76,3.83,2.34,0.28,0.063,,True,Vw/Vw04,Vw,every_2min,15,2960.0
truth,veh_yawrate,60.0,1349.0,18.63,18.63,8.77,1.38,0.31,,True,Vw/Vw04,Vw,every_2min,15,2960.0
hold,truth,60.0,1349.0,121.77,124.3,77.53,9.03,2.03,2.139,True,Vw/Vw04,Vw,every_2min,15,2960.0
obd,veh_yawrate,60.0,1349.0,18.59,18.59,8.62,1.38,0.31,0.078,True,Vw/Vw04,Vw,every_2min,15,2960.0
wheel_speed,veh_yawrate,60.0,1349.0,18.8,18.8,8.8,1.39,0.313,0.093,True,Vw/Vw04,Vw,every_2min,15,2960.0
obd,gps_hold,60.0,1349.0,225.47,225.47,82.03,16.71,3.758,0.078,False,Vw/Vw04,Vw,every_2min,15,2960.0
hold,imu_aligned,60.0,1349.0,276.14,276.14,121.0,20.47,4.602,2.139,False,Vw/Vw04,Vw,every_2min,15,2960.0
imu_integrate,imu_aligned,60.0,1349.0,661.31,661.31,271.61,49.02,11.022,11.639,False,Vw/Vw04,Vw,every_2min,15,2960.0
truth,truth,60.0,770.8,2.86,3.4,2.23,0.37,0.048,,True,Vw/Vw04,Vw,every_2min,16,3140.0
truth,veh_yawrate,60.0,770.8,66.23,66.23,41.31,8.59,1.104,,True,Vw/Vw04,Vw,every_2min,16,3140.0
hold,truth,60.0,770.8,49.11,160.52,96.14,6.37,0.818,5.039,True,Vw/Vw04,Vw,every_2min,16,3140.0
obd,veh_yawrate,60.0,770.8,65.62,65.62,41.07,8.51,1.094,0.092,True,Vw/Vw04,Vw,every_2min,16,3140.0
wheel_speed,veh_yawrate,60.0,770.8,65.52,65.52,41.03,8.5,1.092,0.1,True,Vw/Vw04,Vw,every_2min,16,3140.0
obd,gps_hold,60.0,770.8,164.29,164.29,108.3,21.31,2.738,0.092,False,Vw/Vw04,Vw,every_2min,16,3140.0
hold,imu_aligned,60.0,770.8,161.71,199.12,134.41,20.98,2.695,5.039,False,Vw/Vw04,Vw,every_2min,16,3140.0
imu_integrate,imu_aligned,60.0,770.8,235.72,235.72,152.65,30.58,3.929,7.735,False,Vw/Vw04,Vw,every_2min,16,3140.0
truth,truth,60.0,785.8,3.12,3.12,2.13,0.4,0.052,,True,Vw/Vw04,Vw,every_2min,17,3320.0
truth,veh_yawrate,60.0,785.8,9.5,9.5,3.32,1.21,0.158,,True,Vw/Vw04,Vw,every_2min,17,3320.0
hold,truth,60.0,785.8,434.08,434.08,235.64,55.24,7.235,7.391,False,Vw/Vw04,Vw,every_2min,17,3320.0
obd,veh_yawrate,60.0,785.8,9.32,9.32,3.13,1.19,0.155,0.053,True,Vw/Vw04,Vw,every_2min,17,3320.0
wheel_speed,veh_yawrate,60.0,785.8,9.47,9.47,3.2,1.2,0.158,0.064,True,Vw/Vw04,Vw,every_2min,17,3320.0
obd,gps_hold,60.0,785.8,208.54,208.54,126.29,26.54,3.476,0.053,False,Vw/Vw04,Vw,every_2min,17,3320.0
hold,imu_aligned,60.0,785.8,525.33,525.33,294.19,66.85,8.755,7.391,False,Vw/Vw04,Vw,every_2min,17,3320.0
imu_integrate,imu_aligned,60.0,785.8,633.29,633.29,339.75,80.59,10.555,9.313,False,Vw/Vw04,Vw,every_2min,17,3320.0
truth,truth,60.0,1539.8,6.56,6.56,4.17,0.43,0.109,,True,Vw/Vw04,Vw,every_2min,18,3500.0
truth,veh_yawrate,60.0,1539.8,62.17,62.17,18.64,4.04,1.036,,True,Vw/Vw04,Vw,every_2min,18,3500.0
hold,truth,60.0,1539.8,475.81,475.81,183.48,30.9,7.93,8.899,False,Vw/Vw04,Vw,every_2min,18,3500.0
obd,veh_yawrate,60.0,1539.8,58.8,58.8,16.97,3.82,0.98,0.05,True,Vw/Vw04,Vw,every_2min,18,3500.0
wheel_speed,veh_yawrate,60.0,1539.8,59.62,59.62,17.28,3.87,0.994,0.044,True,Vw/Vw04,Vw,every_2min,18,3500.0
obd,gps_hold,60.0,1539.8,162.36,162.36,48.76,10.54,2.706,0.05,False,Vw/Vw04,Vw,every_2min,18,3500.0
hold,imu_aligned,60.0,1539.8,561.76,561.76,205.86,36.48,9.363,8.899,False,Vw/Vw04,Vw,every_2min,18,3500.0
imu_integrate,imu_aligned,60.0,1539.8,160.12,160.12,105.67,10.4,2.669,4.546,False,Vw/Vw04,Vw,every_2min,18,3500.0
truth,truth,60.0,1339.9,3.82,3.82,2.66,0.29,0.064,,True,Vw/Vw04,Vw,every_2min,19,3680.0
truth,veh_yawrate,60.0,1339.9,165.0,165.0,80.69,12.31,2.75,,False,Vw/Vw04,Vw,every_2min,19,3680.0
hold,truth,60.0,1339.9,169.2,169.67,96.53,12.63,2.82,5.149,False,Vw/Vw04,Vw,every_2min,19,3680.0
obd,veh_yawrate,60.0,1339.9,164.61,164.61,80.27,12.29,2.744,0.094,False,Vw/Vw04,Vw,every_2min,19,3680.0
wheel_speed,veh_yawrate,60.0,1339.9,164.99,164.99,80.53,12.31,2.75,0.096,False,Vw/Vw04,Vw,every_2min,19,3680.0
obd,gps_hold,60.0,1339.9,298.14,298.14,150.96,22.25,4.969,0.094,False,Vw/Vw04,Vw,every_2min,19,3680.0
hold,imu_aligned,60.0,1339.9,362.97,362.97,187.45,27.09,6.05,5.149,False,Vw/Vw04,Vw,every_2min,19,3680.0
imu_integrate,imu_aligned,60.0,1339.9,834.12,834.12,412.7,62.25,13.902,13.91,False,Vw/Vw04,Vw,every_2min,19,3680.0
truth,truth,60.0,1420.2,4.2,4.2,2.41,0.3,0.07,,True,Vw/Vw04,Vw,every_2min,20,3860.0
truth,veh_yawrate,60.0,1420.2,50.61,50.61,25.84,3.56,0.844,,True,Vw/Vw04,Vw,every_2min,20,3860.0
hold,truth,60.0,1420.2,153.66,153.66,67.63,10.82,2.561,3.399,False,Vw/Vw04,Vw,every_2min,20,3860.0
obd,veh_yawrate,60.0,1420.2,50.66,50.66,25.92,3.57,0.844,0.052,True,Vw/Vw04,Vw,every_2min,20,3860.0
wheel_speed,veh_yawrate,60.0,1420.2,50.73,50.73,25.95,3.57,0.845,0.057,True,Vw/Vw04,Vw,every_2min,20,3860.0
obd,gps_hold,60.0,1420.2,228.68,228.68,161.24,16.1,3.811,0.052,False,Vw/Vw04,Vw,every_2min,20,3860.0
hold,imu_aligned,60.0,1420.2,258.71,258.71,167.71,18.22,4.312,3.399,False,Vw/Vw04,Vw,every_2min,20,3860.0
imu_integrate,imu_aligned,60.0,1420.2,545.14,545.14,303.74,38.39,9.086,8.885,False,Vw/Vw04,Vw,every_2min,20,3860.0
truth,truth,60.0,1834.5,4.12,4.12,2.49,0.22,0.069,,True,Vw/Vw04,Vw,every_2min,21,4040.0
truth,veh_yawrate,60.0,1834.5,3.72,4.55,2.28,0.2,0.062,,True,Vw/Vw04,Vw,every_2min,21,4040.0
hold,truth,60.0,1834.5,208.17,208.17,80.72,11.35,3.469,3.525,False,Vw/Vw04,Vw,every_2min,21,4040.0
obd,veh_yawrate,60.0,1834.5,6.51,6.85,3.71,0.35,0.108,0.106,True,Vw/Vw04,Vw,every_2min,21,4040.0
wheel_speed,veh_yawrate,60.0,1834.5,3.08,4.2,2.03,0.17,0.051,0.046,True,Vw/Vw04,Vw,every_2min,21,4040.0
obd,gps_hold,60.0,1834.5,347.18,347.18,180.28,18.93,5.786,0.106,False,Vw/Vw04,Vw,every_2min,21,4040.0
hold,imu_aligned,60.0,1834.5,425.82,425.82,205.06,23.21,7.097,3.525,False,Vw/Vw04,Vw,every_2min,21,4040.0
imu_integrate,imu_aligned,60.0,1834.5,1180.11,1180.11,492.77,64.33,19.669,18.159,False,Vw/Vw04,Vw,every_2min,21,4040.0
truth,truth,60.0,1831.9,3.3,3.3,1.67,0.18,0.055,,True,Vw/Vw04,Vw,every_2min,22,4220.0
truth,veh_yawrate,60.0,1831.9,109.05,109.05,51.13,5.95,1.817,,True,Vw/Vw04,Vw,every_2min,22,4220.0
hold,truth,60.0,1831.9,345.52,345.52,197.88,18.86,5.759,5.833,False,Vw/Vw04,Vw,every_2min,22,4220.0
obd,veh_yawrate,60.0,1831.9,108.94,108.94,51.15,5.95,1.816,0.085,True,Vw/Vw04,Vw,every_2min,22,4220.0
wheel_speed,veh_yawrate,60.0,1831.9,109.37,109.37,51.33,5.97,1.823,0.051,True,Vw/Vw04,Vw,every_2min,22,4220.0
obd,gps_hold,60.0,1831.9,518.97,518.97,233.49,28.33,8.65,0.085,False,Vw/Vw04,Vw,every_2min,22,4220.0
hold,imu_aligned,60.0,1831.9,567.76,567.76,282.83,30.99,9.463,5.833,False,Vw/Vw04,Vw,every_2min,22,4220.0
imu_integrate,imu_aligned,60.0,1831.9,1201.21,1201.21,579.25,65.57,20.02,19.788,False,Vw/Vw04,Vw,every_2min,22,4220.0
truth,truth,60.0,1842.8,1.34,1.34,0.85,0.07,0.022,,True,Vw/Vw04,Vw,every_2min,23,4400.0
truth,veh_yawrate,60.0,1842.8,72.79,72.79,29.9,3.95,1.213,,True,Vw/Vw04,Vw,every_2min,23,4400.0
hold,truth,60.0,1842.8,101.87,101.87,67.66,5.53,1.698,1.697,True,Vw/Vw04,Vw,every_2min,23,4400.0
obd,veh_yawrate,60.0,1842.8,73.09,73.09,30.15,3.97,1.218,0.136,True,Vw/Vw04,Vw,every_2min,23,4400.0
wheel_speed,veh_yawrate,60.0,1842.8,72.81,72.81,29.91,3.95,1.213,0.055,True,Vw/Vw04,Vw,every_2min,23,4400.0
obd,gps_hold,60.0,1842.8,155.24,155.24,85.32,8.42,2.587,0.136,True,Vw/Vw04,Vw,every_2min,23,4400.0
hold,imu_aligned,60.0,1842.8,189.71,189.71,111.35,10.3,3.162,1.697,False,Vw/Vw04,Vw,every_2min,23,4400.0
imu_integrate,imu_aligned,60.0,1842.8,1029.3,1029.3,451.63,55.86,17.155,17.144,False,Vw/Vw04,Vw,every_2min,23,4400.0
truth,truth,60.0,2099.5,2.33,2.34,1.59,0.11,0.039,,True,Vw/Vw04,Vw,every_2min,24,4580.0
truth,veh_yawrate,60.0,2099.5,7.52,7.71,3.88,0.36,0.125,,True,Vw/Vw04,Vw,every_2min,24,4580.0
hold,truth,60.0,2099.5,30.22,30.22,13.23,1.44,0.504,0.67,True,Vw/Vw04,Vw,every_2min,24,4580.0
obd,veh_yawrate,60.0,2099.5,12.23,12.23,6.74,0.58,0.204,0.203,True,Vw/Vw04,Vw,every_2min,24,4580.0
wheel_speed,veh_yawrate,60.0,2099.5,7.6,7.72,3.92,0.36,0.127,0.076,True,Vw/Vw04,Vw,every_2min,24,4580.0
obd,gps_hold,60.0,2099.5,399.41,399.41,176.98,19.02,6.657,0.203,False,Vw/Vw04,Vw,every_2min,24,4580.0
hold,imu_aligned,60.0,2099.5,406.04,406.04,179.59,19.34,6.767,0.67,False,Vw/Vw04,Vw,every_2min,24,4580.0
imu_integrate,imu_aligned,60.0,2099.5,1157.61,1157.61,533.6,55.14,19.294,19.065,False,Vw/Vw04,Vw,every_2min,24,4580.0
truth,truth,60.0,1957.4,1.68,1.79,0.83,0.09,0.028,,True,Vw/Vw04,Vw,every_2min,25,4760.0
truth,veh_yawrate,60.0,1957.4,430.15,430.15,221.98,21.98,7.169,,False,Vw/Vw04,Vw,every_2min,25,4760.0
hold,truth,60.0,1957.4,26.74,39.2,24.73,1.37,0.446,0.902,True,Vw/Vw04,Vw,every_2min,25,4760.0
obd,veh_yawrate,60.0,1957.4,430.0,430.0,222.01,21.97,7.167,0.136,False,Vw/Vw04,Vw,every_2min,25,4760.0
wheel_speed,veh_yawrate,60.0,1957.4,430.18,430.18,222.02,21.98,7.17,0.049,False,Vw/Vw04,Vw,every_2min,25,4760.0
obd,gps_hold,60.0,1957.4,523.12,523.12,260.81,26.73,8.719,0.136,False,Vw/Vw04,Vw,every_2min,25,4760.0
hold,imu_aligned,60.0,1957.4,520.58,520.58,259.18,26.6,8.676,0.902,False,Vw/Vw04,Vw,every_2min,25,4760.0
imu_integrate,imu_aligned,60.0,1957.4,1180.54,1180.54,554.49,60.31,19.676,19.125,False,Vw/Vw04,Vw,every_2min,25,4760.0
truth,truth,60.0,1865.9,1.66,1.86,1.2,0.09,0.028,,True,Vw/Vw04,Vw,every_2min,26,4940.0
truth,veh_yawrate,60.0,1865.9,61.06,61.06,25.76,3.27,1.018,,True,Vw/Vw04,Vw,every_2min,26,4940.0
hold,truth,60.0,1865.9,450.42,450.42,232.14,24.14,7.507,7.514,False,Vw/Vw04,Vw,every_2min,26,4940.0
obd,veh_yawrate,60.0,1865.9,62.22,62.22,26.43,3.33,1.037,0.131,True,Vw/Vw04,Vw,every_2min,26,4940.0
wheel_speed,veh_yawrate,60.0,1865.9,60.76,60.76,25.53,3.26,1.013,0.059,True,Vw/Vw04,Vw,every_2min,26,4940.0
obd,gps_hold,60.0,1865.9,17.67,44.79,25.87,0.95,0.294,0.131,True,Vw/Vw04,Vw,every_2min,26,4940.0
hold,imu_aligned,60.0,1865.9,448.72,448.72,232.34,24.05,7.479,7.514,False,Vw/Vw04,Vw,every_2min,26,4940.0
imu_integrate,imu_aligned,60.0,1865.9,1519.5,1519.5,773.12,81.43,25.325,25.354,False,Vw/Vw04,Vw,every_2min,26,4940.0
truth,truth,60.0,1889.5,0.94,0.96,0.54,0.05,0.016,,True,Vw/Vw04,Vw,every_2min,27,5120.0
truth,veh_yawrate,60.0,1889.5,135.29,135.29,71.88,7.16,2.255,,True,Vw/Vw04,Vw,every_2min,27,5120.0
hold,truth,60.0,1889.5,45.33,45.33,34.97,2.4,0.755,0.772,True,Vw/Vw04,Vw,every_2min,27,5120.0
obd,veh_yawrate,60.0,1889.5,135.48,135.48,71.97,7.17,2.258,0.178,True,Vw/Vw04,Vw,every_2min,27,5120.0
wheel_speed,veh_yawrate,60.0,1889.5,135.32,135.32,71.88,7.16,2.255,0.065,True,Vw/Vw04,Vw,every_2min,27,5120.0
obd,gps_hold,60.0,1889.5,5.33,75.42,46.59,0.28,0.089,0.178,True,Vw/Vw04,Vw,every_2min,27,5120.0
hold,imu_aligned,60.0,1889.5,38.7,84.89,56.28,2.05,0.645,0.772,True,Vw/Vw04,Vw,every_2min,27,5120.0
imu_integrate,imu_aligned,60.0,1889.5,1102.31,1102.31,502.17,58.34,18.372,18.483,False,Vw/Vw04,Vw,every_2min,27,5120.0
truth,truth,60.0,1609.1,2.47,2.47,1.5,0.15,0.041,,True,Vw/Vw04,Vw,every_2min,28,5300.0
truth,veh_yawrate,60.0,1609.1,171.27,171.27,78.9,10.64,2.855,,False,Vw/Vw04,Vw,every_2min,28,5300.0
hold,truth,60.0,1609.1,24.91,79.04,48.49,1.55,0.415,2.919,True,Vw/Vw04,Vw,every_2min,28,5300.0
obd,veh_yawrate,60.0,1609.1,171.44,171.44,79.06,10.65,2.857,0.12,False,Vw/Vw04,Vw,every_2min,28,5300.0
wheel_speed,veh_yawrate,60.0,1609.1,171.21,171.21,78.88,10.64,2.853,0.052,False,Vw/Vw04,Vw,every_2min,28,5300.0
obd,gps_hold,60.0,1609.1,238.11,238.11,102.71,14.8,3.969,0.12,False,Vw/Vw04,Vw,every_2min,28,5300.0
hold,imu_aligned,60.0,1609.1,237.46,237.46,114.92,14.76,3.958,2.919,False,Vw/Vw04,Vw,every_2min,28,5300.0
imu_integrate,imu_aligned,60.0,1609.1,618.73,618.73,229.28,38.45,10.312,10.439,False,Vw/Vw04,Vw,every_2min,28,5300.0
truth,truth,60.0,1744.8,3.19,3.19,1.89,0.18,0.053,,True,Vw/Vw04,Vw,every_2min,29,5480.0
truth,veh_yawrate,60.0,1744.8,851.86,851.86,457.18,48.82,14.198,,False,Vw/Vw04,Vw,every_2min,29,5480.0
hold,truth,60.0,1744.8,46.2,46.2,23.44,2.65,0.77,1.292,True,Vw/Vw04,Vw,every_2min,29,5480.0
obd,veh_yawrate,60.0,1744.8,850.21,850.21,456.29,48.73,14.17,0.166,False,Vw/Vw04,Vw,every_2min,29,5480.0
wheel_speed,veh_yawrate,60.0,1744.8,851.94,851.94,457.22,48.83,14.199,0.055,False,Vw/Vw04,Vw,every_2min,29,5480.0
obd,gps_hold,60.0,1744.8,392.19,392.19,213.49,22.48,6.537,0.166,False,Vw/Vw04,Vw,every_2min,29,5480.0
hold,imu_aligned,60.0,1744.8,389.65,389.65,212.25,22.33,6.494,1.292,False,Vw/Vw04,Vw,every_2min,29,5480.0
imu_integrate,imu_aligned,60.0,1744.8,1373.87,1373.87,706.04,78.74,22.898,22.881,False,Vw/Vw04,Vw,every_2min,29,5480.0
truth,truth,60.0,1737.5,4.51,4.52,2.69,0.26,0.075,,True,Vw/Vw04,Vw,every_2min,30,5660.0
truth,veh_yawrate,60.0,1737.5,437.01,437.01,193.97,25.15,7.284,,False,Vw/Vw04,Vw,every_2min,30,5660.0
hold,truth,60.0,1737.5,125.29,125.29,92.58,7.21,2.088,2.12,True,Vw/Vw04,Vw,every_2min,30,5660.0
obd,veh_yawrate,60.0,1737.5,435.42,435.42,193.23,25.06,7.257,0.199,False,Vw/Vw04,Vw,every_2min,30,5660.0
wheel_speed,veh_yawrate,60.0,1737.5,437.09,437.09,194.01,25.16,7.285,0.083,False,Vw/Vw04,Vw,every_2min,30,5660.0
obd,gps_hold,60.0,1737.5,688.94,688.94,308.1,39.65,11.482,0.199,False,Vw/Vw04,Vw,every_2min,30,5660.0
hold,imu_aligned,60.0,1737.5,737.7,737.7,341.44,42.46,12.295,2.12,False,Vw/Vw04,Vw,every_2min,30,5660.0
imu_integrate,imu_aligned,60.0,1737.5,1216.8,1216.8,589.41,70.03,20.28,20.269,False,Vw/Vw04,Vw,every_2min,30,5660.0
truth,truth,60.0,1471.2,2.37,2.37,1.58,0.16,0.039,,True,Vw/Vw04,Vw,every_2min,31,5840.0
truth,veh_yawrate,60.0,1471.2,11.89,13.09,9.8,0.81,0.198,,True,Vw/Vw04,Vw,every_2min,31,5840.0
hold,truth,60.0,1471.2,102.56,102.56,37.12,6.97,1.709,2.474,True,Vw/Vw04,Vw,every_2min,31,5840.0
obd,veh_yawrate,60.0,1471.2,13.77,13.77,10.74,0.94,0.229,0.12,True,Vw/Vw04,Vw,every_2min,31,5840.0
wheel_speed,veh_yawrate,60.0,1471.2,11.3,13.08,9.65,0.77,0.188,0.054,True,Vw/Vw04,Vw,every_2min,31,5840.0
obd,gps_hold,60.0,1471.2,298.41,298.41,127.93,20.28,4.973,0.12,False,Vw/Vw04,Vw,every_2min,31,5840.0
hold,imu_aligned,60.0,1471.2,331.59,331.59,137.95,22.54,5.527,2.474,False,Vw/Vw04,Vw,every_2min,31,5840.0
imu_integrate,imu_aligned,60.0,1471.2,571.62,571.62,258.79,38.85,9.527,9.084,False,Vw/Vw04,Vw,every_2min,31,5840.0
truth,truth,60.0,1806.6,4.46,4.46,2.7,0.25,0.074,,True,Vw/Vw04,Vw,every_2min,32,6020.0
truth,veh_yawrate,60.0,1806.6,240.89,240.89,143.6,13.33,4.015,,False,Vw/Vw04,Vw,every_2min,32,6020.0
hold,truth,60.0,1806.6,22.65,22.65,14.24,1.25,0.378,0.701,True,Vw/Vw04,Vw,every_2min,32,6020.0
obd,veh_yawrate,60.0,1806.6,241.35,241.35,143.88,13.36,4.023,0.215,False,Vw/Vw04,Vw,every_2min,32,6020.0
wheel_speed,veh_yawrate,60.0,1806.6,241.07,241.07,143.74,13.34,4.018,0.109,False,Vw/Vw04,Vw,every_2min,32,6020.0
obd,gps_hold,60.0,1806.6,132.03,157.17,102.28,7.31,2.201,0.215,True,Vw/Vw04,Vw,every_2min,32,6020.0
hold,imu_aligned,60.0,1806.6,136.95,159.11,104.65,7.58,2.283,0.701,True,Vw/Vw04,Vw,every_2min,32,6020.0
imu_integrate,imu_aligned,60.0,1806.6,1293.95,1293.95,644.62,71.62,21.566,21.698,False,Vw/Vw04,Vw,every_2min,32,6020.0
truth,truth,60.0,1648.2,10.75,10.75,7.47,0.65,0.179,,True,Vw/Vw04,Vw,every_2min,33,6200.0
truth,veh_yawrate,60.0,1648.2,213.72,213.72,95.29,12.97,3.562,,False,Vw/Vw04,Vw,every_2min,33,6200.0
hold,truth,60.0,1648.2,57.96,57.96,21.19,3.52,0.966,1.61,True,Vw/Vw04,Vw,every_2min,33,6200.0
obd,veh_yawrate,60.0,1648.2,213.91,213.91,95.46,12.98,3.565,0.274,False,Vw/Vw04,Vw,every_2min,33,6200.0
wheel_speed,veh_yawrate,60.0,1648.2,213.98,213.98,95.5,12.98,3.566,0.163,False,Vw/Vw04,Vw,every_2min,33,6200.0
obd,gps_hold,60.0,1648.2,246.54,246.54,141.93,14.96,4.109,0.274,False,Vw/Vw04,Vw,every_2min,33,6200.0
hold,imu_aligned,60.0,1648.2,259.23,259.23,145.14,15.73,4.321,1.61,False,Vw/Vw04,Vw,every_2min,33,6200.0
imu_integrate,imu_aligned,60.0,1648.2,1085.67,1085.67,546.0,65.87,18.094,18.029,False,Vw/Vw04,Vw,every_2min,33,6200.0
truth,truth,60.0,1632.1,7.95,7.95,4.44,0.49,0.132,,True,Vw/Vw04,Vw,every_2min,34,6380.0
truth,veh_yawrate,60.0,1632.1,434.65,434.65,193.03,26.63,7.244,,False,Vw/Vw04,Vw,every_2min,34,6380.0
hold,truth,60.0,1632.1,74.81,74.81,24.17,4.58,1.247,1.678,True,Vw/Vw04,Vw,every_2min,34,6380.0
obd,veh_yawrate,60.0,1632.1,434.85,434.85,193.18,26.64,7.247,0.213,False,Vw/Vw04,Vw,every_2min,34,6380.0
wheel_speed,veh_yawrate,60.0,1632.1,434.87,434.87,193.15,26.64,7.248,0.113,False,Vw/Vw04,Vw,every_2min,34,6380.0
obd,gps_hold,60.0,1632.1,247.44,247.44,95.25,15.16,4.124,0.213,False,Vw/Vw04,Vw,every_2min,34,6380.0
hold,imu_aligned,60.0,1632.1,250.52,250.52,96.16,15.35,4.175,1.678,False,Vw/Vw04,Vw,every_2min,34,6380.0
imu_integrate,imu_aligned,60.0,1632.1,262.32,262.32,111.12,16.07,4.372,2.09,False,Vw/Vw04,Vw,every_2min,34,6380.0
truth,truth,60.0,1730.5,8.51,8.51,4.93,0.49,0.142,,True,Vw/Vw04,Vw,every_2min,35,6560.0
truth,veh_yawrate,60.0,1730.5,13.44,27.88,18.47,0.78,0.224,,True,Vw/Vw04,Vw,every_2min,35,6560.0
hold,truth,60.0,1730.5,197.77,197.77,113.87,11.43,3.296,3.318,False,Vw/Vw04,Vw,every_2min,35,6560.0
obd,veh_yawrate,60.0,1730.5,15.31,28.76,19.07,0.88,0.255,0.24,True,Vw/Vw04,Vw,every_2min,35,6560.0
wheel_speed,veh_yawrate,60.0,1730.5,13.48,27.92,18.48,0.78,0.225,0.147,True,Vw/Vw04,Vw,every_2min,35,6560.0
obd,gps_hold,60.0,1730.5,102.32,102.32,40.88,5.91,1.705,0.24,True,Vw/Vw04,Vw,every_2min,35,6560.0
hold,imu_aligned,60.0,1730.5,212.2,212.2,117.0,12.26,3.537,3.318,False,Vw/Vw04,Vw,every_2min,35,6560.0
imu_integrate,imu_aligned,60.0,1730.5,407.73,407.73,177.7,23.56,6.795,6.802,False,Vw/Vw04,Vw,every_2min,35,6560.0
truth,truth,60.0,1653.3,6.73,6.73,3.92,0.41,0.112,,True,Vw/Vw04,Vw,every_2min,36,6740.0
truth,veh_yawrate,60.0,1653.3,154.91,154.91,73.42,9.37,2.582,,True,Vw/Vw04,Vw,every_2min,36,6740.0
hold,truth,60.0,1653.3,7.87,56.04,38.74,0.48,0.131,1.897,True,Vw/Vw04,Vw,every_2min,36,6740.0
obd,veh_yawrate,60.0,1653.3,154.96,154.96,73.45,9.37,2.583,0.182,True,Vw/Vw04,Vw,every_2min,36,6740.0
wheel_speed,veh_yawrate,60.0,1653.3,155.02,155.02,73.46,9.38,2.584,0.093,True,Vw/Vw04,Vw,every_2min,36,6740.0
obd,gps_hold,60.0,1653.3,334.69,334.69,189.57,20.24,5.578,0.182,False,Vw/Vw04,Vw,every_2min,36,6740.0
hold,imu_aligned,60.0,1653.3,336.04,336.04,191.12,20.33,5.601,1.897,False,Vw/Vw04,Vw,every_2min,36,6740.0
imu_integrate,imu_aligned,60.0,1653.3,502.37,502.37,236.29,30.39,8.373,7.669,False,Vw/Vw04,Vw,every_2min,36,6740.0
truth,truth,60.0,1365.2,6.23,6.24,3.76,0.46,0.104,,True,Vw/Vw04,Vw,every_2min,37,6920.0
truth,veh_yawrate,60.0,1365.2,1318.68,1318.68,675.03,96.59,21.978,,False,Vw/Vw04,Vw,every_2min,37,6920.0
hold,truth,60.0,1365.2,67.23,67.23,38.79,4.92,1.121,1.183,True,Vw/Vw04,Vw,every_2min,37,6920.0
obd,veh_yawrate,60.0,1365.2,1316.5,1316.5,673.94,96.43,21.942,0.182,False,Vw/Vw04,Vw,every_2min,37,6920.0
wheel_speed,veh_yawrate,60.0,1365.2,1318.93,1318.93,675.19,96.61,21.982,0.094,False,Vw/Vw04,Vw,every_2min,37,6920.0
obd,gps_hold,60.0,1365.2,597.49,597.49,299.91,43.76,9.958,0.182,False,Vw/Vw04,Vw,every_2min,37,6920.0
hold,imu_aligned,60.0,1365.2,621.98,621.98,313.57,45.56,10.366,1.183,False,Vw/Vw04,Vw,every_2min,37,6920.0
imu_integrate,imu_aligned,60.0,1365.2,1002.15,1002.15,528.64,73.4,16.702,16.297,False,Vw/Vw04,Vw,every_2min,37,6920.0
truth,truth,60.0,1493.4,0.79,1.07,0.8,0.05,0.013,,True,Vw/Vw04,Vw,every_2min,38,7100.0
truth,veh_yawrate,60.0,1493.4,421.24,421.24,198.69,28.21,7.021,,False,Vw/Vw04,Vw,every_2min,38,7100.0
hold,truth,60.0,1493.4,130.57,130.57,62.94,8.74,2.176,2.313,True,Vw/Vw04,Vw,every_2min,38,7100.0
obd,veh_yawrate,60.0,1493.4,419.74,419.74,197.93,28.11,6.996,0.118,False,Vw/Vw04,Vw,every_2min,38,7100.0
wheel_speed,veh_yawrate,60.0,1493.4,421.0,421.0,198.54,28.19,7.017,0.079,False,Vw/Vw04,Vw,every_2min,38,7100.0
obd,gps_hold,60.0,1493.4,804.08,804.08,383.23,53.84,13.401,0.118,False,Vw/Vw04,Vw,every_2min,38,7100.0
hold,imu_aligned,60.0,1493.4,861.0,861.0,407.84,57.65,14.35,2.313,False,Vw/Vw04,Vw,every_2min,38,7100.0
imu_integrate,imu_aligned,60.0,1493.4,1554.22,1554.22,709.46,104.07,25.904,18.038,False,Vw/Vw04,Vw,every_2min,38,7100.0
truth,truth,60.0,1743.6,3.94,3.94,2.42,0.23,0.066,,True,Vw/Vw04,Vw,every_2min,39,7280.0
truth,veh_yawrate,60.0,1743.6,21.97,21.97,5.91,1.26,0.366,,True,Vw/Vw04,Vw,every_2min,39,7280.0
hold,truth,60.0,1743.6,157.18,157.18,98.2,9.01,2.62,2.621,True,Vw/Vw04,Vw,every_2min,39,7280.0
obd,veh_yawrate,60.0,1743.6,23.51,23.51,7.56,1.35,0.392,0.143,True,Vw/Vw04,Vw,every_2min,39,7280.0
wheel_speed,veh_yawrate,60.0,1743.6,22.03,22.03,5.98,1.26,0.367,0.061,True,Vw/Vw04,Vw,every_2min,39,7280.0
obd,gps_hold,60.0,1743.6,74.4,74.52,41.2,4.27,1.24,0.143,True,Vw/Vw04,Vw,every_2min,39,7280.0
hold,imu_aligned,60.0,1743.6,171.48,171.48,105.2,9.83,2.858,2.621,True,Vw/Vw04,Vw,every_2min,39,7280.0
imu_integrate,imu_aligned,60.0,1743.6,209.25,209.25,84.3,12.0,3.488,5.867,False,Vw/Vw04,Vw,every_2min,39,7280.0
truth,truth,60.0,1124.0,14.56,14.56,9.54,1.3,0.243,,True,Vw/Vw04,Vw,every_2min,40,7460.0
truth,veh_yawrate,60.0,1124.0,73.71,73.71,30.68,6.56,1.228,,True,Vw/Vw04,Vw,every_2min,40,7460.0
hold,truth,60.0,1124.0,143.02,143.02,83.89,12.72,2.384,2.582,False,Vw/Vw04,Vw,every_2min,40,7460.0
obd,veh_yawrate,60.0,1124.0,71.77,71.77,29.76,6.39,1.196,0.596,True,Vw/Vw04,Vw,every_2min,40,7460.0
wheel_speed,veh_yawrate,60.0,1124.0,72.07,72.07,30.2,6.41,1.201,0.568,True,Vw/Vw04,Vw,every_2min,40,7460.0
obd,gps_hold,60.0,1124.0,48.88,67.56,41.77,4.35,0.815,0.596,True,Vw/Vw04,Vw,every_2min,40,7460.0
hold,imu_aligned,60.0,1124.0,144.01,144.01,88.84,12.81,2.4,2.582,False,Vw/Vw04,Vw,every_2min,40,7460.0
imu_integrate,imu_aligned,60.0,1124.0,795.73,795.73,356.04,70.8,13.262,13.113,False,Vw/Vw04,Vw,every_2min,40,7460.0
truth,truth,60.0,323.3,1.41,1.41,0.78,0.44,0.024,,True,Vw/Vw04,Vw,every_2min,41,7640.0
truth,veh_yawrate,60.0,323.3,7.82,11.56,7.05,2.42,0.13,,True,Vw/Vw04,Vw,every_2min,41,7640.0
hold,truth,60.0,323.3,60.29,116.36,70.28,18.65,1.005,5.556,False,Vw/Vw04,Vw,every_2min,41,7640.0
obd,veh_yawrate,60.0,323.3,6.78,11.05,6.74,2.1,0.113,0.085,True,Vw/Vw04,Vw,every_2min,41,7640.0
wheel_speed,veh_yawrate,60.0,323.3,7.38,11.71,6.93,2.28,0.123,0.074,True,Vw/Vw04,Vw,every_2min,41,7640.0
obd,gps_hold,60.0,323.3,233.86,237.1,140.04,72.33,3.898,0.085,False,Vw/Vw04,Vw,every_2min,41,7640.0
hold,imu_aligned,60.0,323.3,465.05,514.5,336.06,143.84,7.751,5.556,False,Vw/Vw04,Vw,every_2min,41,7640.0
imu_integrate,imu_aligned,60.0,323.3,689.26,689.26,335.17,213.2,11.488,8.663,False,Vw/Vw04,Vw,every_2min,41,7640.0
truth,truth,60.0,1274.3,1.35,1.52,1.24,0.11,0.023,,True,Vw/Vw04,Vw,every_2min,42,7820.0
truth,veh_yawrate,60.0,1274.3,690.61,690.61,493.23,54.2,11.51,,False,Vw/Vw04,Vw,every_2min,42,7820.0
hold,truth,60.0,1274.3,156.93,163.2,114.52,12.31,2.615,3.018,False,Vw/Vw04,Vw,every_2min,42,7820.0
obd,veh_yawrate,60.0,1274.3,691.3,691.3,493.05,54.25,11.522,0.1,False,Vw/Vw04,Vw,every_2min,42,7820.0
wheel_speed,veh_yawrate,60.0,1274.3,691.02,691.02,492.98,54.23,11.517,0.088,False,Vw/Vw04,Vw,every_2min,42,7820.0
obd,gps_hold,60.0,1274.3,332.56,359.88,272.46,26.1,5.543,0.1,False,Vw/Vw04,Vw,every_2min,42,7820.0
hold,imu_aligned,60.0,1274.3,311.9,340.29,256.22,24.48,5.198,3.018,False,Vw/Vw04,Vw,every_2min,42,7820.0
imu_integrate,imu_aligned,60.0,1274.3,919.47,919.47,511.96,72.16,15.325,16.532,False,Vw/Vw04,Vw,every_2min,42,7820.0
truth,truth,60.0,779.4,3.65,3.68,2.14,0.47,0.061,,True,Vw/Vw04,Vw,every_2min,43,8000.0
truth,veh_yawrate,60.0,779.4,31.03,31.03,14.59,3.98,0.517,,True,Vw/Vw04,Vw,every_2min,43,8000.0
hold,truth,60.0,779.4,52.12,154.69,89.97,6.69,0.869,5.744,True,Vw/Vw04,Vw,every_2min,43,8000.0
obd,veh_yawrate,60.0,779.4,31.21,31.21,14.47,4.0,0.52,0.16,True,Vw/Vw04,Vw,every_2min,43,8000.0
wheel_speed,veh_yawrate,60.0,779.4,31.21,31.21,14.47,4.0,0.52,0.159,True,Vw/Vw04,Vw,every_2min,43,8000.0
obd,gps_hold,60.0,779.4,151.83,153.93,79.97,19.48,2.53,0.16,False,Vw/Vw04,Vw,every_2min,43,8000.0
hold,imu_aligned,60.0,779.4,150.81,155.98,119.05,19.35,2.514,5.744,False,Vw/Vw04,Vw,every_2min,43,8000.0
imu_integrate,imu_aligned,60.0,779.4,395.72,395.72,170.88,50.77,6.595,8.02,False,Vw/Vw04,Vw,every_2min,43,8000.0
truth,truth,60.0,1109.5,3.91,3.91,2.52,0.35,0.065,,True,Vw/Vw04,Vw,every_2min,44,8180.0
truth,veh_yawrate,60.0,1109.5,206.11,206.11,118.99,18.58,3.435,,False,Vw/Vw04,Vw,every_2min,44,8180.0
hold,truth,60.0,1109.5,136.77,136.77,47.2,12.33,2.28,2.902,False,Vw/Vw04,Vw,every_2min,44,8180.0
obd,veh_yawrate,60.0,1109.5,205.85,205.85,118.84,18.55,3.431,0.103,False,Vw/Vw04,Vw,every_2min,44,8180.0
wheel_speed,veh_yawrate,60.0,1109.5,205.8,205.8,118.83,18.55,3.43,0.094,False,Vw/Vw04,Vw,every_2min,44,8180.0
obd,gps_hold,60.0,1109.5,158.54,188.27,126.12,14.29,2.642,0.103,False,Vw/Vw04,Vw,every_2min,44,8180.0
hold,imu_aligned,60.0,1109.5,230.14,230.14,139.8,20.74,3.836,2.902,False,Vw/Vw04,Vw,every_2min,44,8180.0
imu_integrate,imu_aligned,60.0,1109.5,414.19,414.19,207.04,37.33,6.903,7.236,False,Vw/Vw04,Vw,every_2min,44,8180.0
truth,truth,60.0,437.5,1.69,1.69,0.65,0.39,0.028,,True,Vw/Vw04,Vw,every_2min,45,8360.0
truth,veh_yawrate,60.0,437.5,33.27,33.27,13.72,7.6,0.555,,True,Vw/Vw04,Vw,every_2min,45,8360.0
hold,truth,60.0,437.5,357.9,373.35,231.87,81.8,5.965,11.717,False,Vw/Vw04,Vw,every_2min,45,8360.0
obd,veh_yawrate,60.0,437.5,33.77,33.77,13.95,7.72,0.563,0.094,True,Vw/Vw04,Vw,every_2min,45,8360.0
wheel_speed,veh_yawrate,60.0,437.5,33.81,33.81,13.99,7.73,0.564,0.094,True,Vw/Vw04,Vw,every_2min,45,8360.0
obd,gps_hold,60.0,437.5,15.98,21.61,9.26,3.65,0.266,0.094,True,Vw/Vw04,Vw,every_2min,45,8360.0
hold,imu_aligned,60.0,437.5,714.13,714.13,404.84,163.22,11.902,11.717,False,Vw/Vw04,Vw,every_2min,45,8360.0
imu_integrate,imu_aligned,60.0,437.5,60.51,60.51,27.69,13.83,1.009,3.128,False,Vw/Vw04,Vw,every_2min,45,8360.0
truth,truth,60.0,667.7,1.63,1.67,1.39,0.24,0.027,,True,Vw/Vw04,Vw,every_2min,46,8570.0
truth,veh_yawrate,60.0,667.7,926.24,926.24,559.87,138.72,15.437,,False,Vw/Vw04,Vw,every_2min,46,8570.0
hold,truth,60.0,667.7,332.31,332.31,181.83,49.77,5.539,6.097,False,Vw/Vw04,Vw,every_2min,46,8570.0
obd,veh_yawrate,60.0,667.7,927.14,927.14,560.31,138.85,15.452,0.058,False,Vw/Vw04,Vw,every_2min,46,8570.0
wheel_speed,veh_yawrate,60.0,667.7,927.02,927.02,560.27,138.83,15.45,0.055,False,Vw/Vw04,Vw,every_2min,46,8570.0
obd,gps_hold,60.0,667.7,478.43,478.43,316.1,71.65,7.974,0.058,False,Vw/Vw04,Vw,every_2min,46,8570.0
hold,imu_aligned,60.0,667.7,440.49,440.49,270.22,65.97,7.341,6.097,False,Vw/Vw04,Vw,every_2min,46,8570.0
imu_integrate,imu_aligned,60.0,667.7,419.33,419.33,271.09,62.8,6.989,4.057,False,Vw/Vw04,Vw,every_2min,46,8570.0
truth,truth,60.0,532.7,1.12,1.24,0.78,0.21,0.019,,True,Vw/Vw04,Vw,every_2min,47,8810.0
truth,veh_yawrate,60.0,532.7,76.92,76.92,39.66,14.44,1.282,,False,Vw/Vw04,Vw,every_2min,47,8810.0
hold,truth,60.0,532.7,212.8,212.8,80.32,39.94,3.547,4.381,False,Vw/Vw04,Vw,every_2min,47,8810.0
obd,veh_yawrate,60.0,532.7,76.98,76.98,39.73,14.45,1.283,0.07,False,Vw/Vw04,Vw,every_2min,47,8810.0
wheel_speed,veh_yawrate,60.0,532.7,76.7,76.7,39.57,14.4,1.278,0.071,False,Vw/Vw04,Vw,every_2min,47,8810.0
obd,gps_hold,60.0,532.7,138.62,138.62,71.25,26.02,2.31,0.07,False,Vw/Vw04,Vw,every_2min,47,8810.0
hold,imu_aligned,60.0,532.7,287.32,287.32,118.55,53.93,4.789,4.381,False,Vw/Vw04,Vw,every_2min,47,8810.0
imu_integrate,imu_aligned,60.0,532.7,134.78,178.64,111.17,25.3,2.246,4.701,False,Vw/Vw04,Vw,every_2min,47,8810.0
truth,truth,60.0,325.5,0.94,1.28,0.74,0.29,0.016,,True,Vw/Vw04,Vw,every_2min,48,8990.0
truth,veh_yawrate,60.0,325.5,83.44,85.16,59.74,25.63,1.391,,False,Vw/Vw04,Vw,every_2min,48,8990.0
hold,truth,60.0,325.5,31.86,71.87,54.44,9.79,0.531,2.468,True,Vw/Vw04,Vw,every_2min,48,8990.0
obd,veh_yawrate,60.0,325.5,82.61,84.33,59.1,25.38,1.377,0.097,False,Vw/Vw04,Vw,every_2min,48,8990.0
wheel_speed,veh_yawrate,60.0,325.5,82.8,84.5,59.19,25.44,1.38,0.083,False,Vw/Vw04,Vw,every_2min,48,8990.0
obd,gps_hold,60.0,325.5,209.33,211.2,146.91,64.31,3.489,0.097,False,Vw/Vw04,Vw,every_2min,48,8990.0
hold,imu_aligned,60.0,325.5,290.8,321.04,225.82,89.34,4.847,2.468,False,Vw/Vw04,Vw,every_2min,48,8990.0
imu_integrate,imu_aligned,60.0,325.5,114.76,199.99,129.76,35.26,1.913,3.17,False,Vw/Vw04,Vw,every_2min,48,8990.0
truth,truth,60.0,546.0,1.24,1.24,0.74,0.23,0.021,,True,Vw/Vw04,Vw,every_2min,49,9170.0
truth,veh_yawrate,60.0,546.0,53.45,53.45,31.35,9.79,0.891,,True,Vw/Vw04,Vw,every_2min,49,9170.0
hold,truth,60.0,546.0,215.06,215.06,96.19,39.39,3.584,4.809,False,Vw/Vw04,Vw,every_2min,49,9170.0
obd,veh_yawrate,60.0,546.0,53.82,53.82,31.47,9.86,0.897,0.072,True,Vw/Vw04,Vw,every_2min,49,9170.0
wheel_speed,veh_yawrate,60.0,546.0,53.64,53.64,31.3,9.82,0.894,0.083,True,Vw/Vw04,Vw,every_2min,49,9170.0
obd,gps_hold,60.0,546.0,264.92,264.92,164.52,48.52,4.415,0.072,False,Vw/Vw04,Vw,every_2min,49,9170.0
hold,imu_aligned,60.0,546.0,406.68,406.68,219.47,74.48,6.778,4.809,False,Vw/Vw04,Vw,every_2min,49,9170.0
imu_integrate,imu_aligned,60.0,546.0,857.92,857.92,422.97,157.12,14.299,12.161,False,Vw/Vw04,Vw,every_2min,49,9170.0
truth,truth,60.0,367.5,1.16,1.43,0.91,0.32,0.019,,True,Vw/Vw05,Vw,isro_60s,0,20.0
truth,veh_yawrate,60.0,367.5,11.83,11.83,5.25,3.22,0.197,,True,Vw/Vw05,Vw,isro_60s,0,20.0
hold,truth,60.0,367.5,20.45,32.52,19.06,5.56,0.341,2.114,True,Vw/Vw05,Vw,isro_60s,0,20.0
obd,veh_yawrate,60.0,367.5,11.78,11.78,5.24,3.21,0.196,0.072,True,Vw/Vw05,Vw,isro_60s,0,20.0
wheel_speed,veh_yawrate,60.0,367.5,11.8,11.8,5.2,3.21,0.197,0.069,True,Vw/Vw05,Vw,isro_60s,0,20.0
obd,gps_hold,60.0,367.5,360.76,360.76,136.71,98.16,6.013,0.072,False,Vw/Vw05,Vw,isro_60s,0,20.0
hold,imu_aligned,60.0,367.5,322.29,322.29,124.86,87.69,5.372,2.114,False,Vw/Vw05,Vw,isro_60s,0,20.0
imu_integrate,imu_aligned,60.0,367.5,375.64,375.64,163.17,102.21,6.261,2.857,False,Vw/Vw05,Vw,isro_60s,0,20.0
truth,truth,30.0,193.4,1.09,1.09,0.51,0.56,0.036,,True,Vw/Vw05,Vw,tunnels,0,20.0
truth,veh_yawrate,30.0,193.4,4.58,4.58,2.32,2.37,0.153,,True,Vw/Vw05,Vw,tunnels,0,20.0
hold,truth,30.0,193.4,19.73,19.73,13.87,10.2,0.658,1.397,False,Vw/Vw05,Vw,tunnels,0,20.0
obd,veh_yawrate,30.0,193.4,4.62,4.62,2.35,2.39,0.154,0.057,True,Vw/Vw05,Vw,tunnels,0,20.0
wheel_speed,veh_yawrate,30.0,193.4,4.62,4.62,2.36,2.39,0.154,0.057,True,Vw/Vw05,Vw,tunnels,0,20.0
obd,gps_hold,30.0,193.4,55.62,55.62,17.07,28.76,1.854,0.057,False,Vw/Vw05,Vw,tunnels,0,20.0
hold,imu_aligned,30.0,193.4,38.09,38.09,16.78,19.7,1.27,1.397,False,Vw/Vw05,Vw,tunnels,0,20.0
imu_integrate,imu_aligned,30.0,193.4,117.52,117.52,55.08,60.77,3.917,3.135,False,Vw/Vw05,Vw,tunnels,0,20.0
truth,truth,60.0,367.5,1.16,1.43,0.91,0.32,0.019,,True,Vw/Vw05,Vw,every_2min,0,20.0
truth,veh_yawrate,60.0,367.5,11.83,11.83,5.25,3.22,0.197,,True,Vw/Vw05,Vw,every_2min,0,20.0
hold,truth,60.0,367.5,20.45,32.52,19.06,5.56,0.341,2.114,True,Vw/Vw05,Vw,every_2min,0,20.0
obd,veh_yawrate,60.0,367.5,11.78,11.78,5.24,3.21,0.196,0.072,True,Vw/Vw05,Vw,every_2min,0,20.0
wheel_speed,veh_yawrate,60.0,367.5,11.8,11.8,5.2,3.21,0.197,0.069,True,Vw/Vw05,Vw,every_2min,0,20.0
obd,gps_hold,60.0,367.5,360.76,360.76,136.71,98.16,6.013,0.072,False,Vw/Vw05,Vw,every_2min,0,20.0
hold,imu_aligned,60.0,367.5,322.29,322.29,124.86,87.69,5.372,2.114,False,Vw/Vw05,Vw,every_2min,0,20.0
imu_integrate,imu_aligned,60.0,367.5,375.64,375.64,163.17,102.21,6.261,2.857,False,Vw/Vw05,Vw,every_2min,0,20.0
truth,truth,60.0,539.1,0.74,1.4,0.75,0.14,0.012,,True,Vw/Vw06,Vw,isro_60s,0,20.0
truth,veh_yawrate,60.0,539.1,60.12,60.12,31.49,11.15,1.002,,False,Vw/Vw06,Vw,isro_60s,0,20.0
hold,truth,60.0,539.1,36.84,40.63,28.69,6.83,0.614,1.309,True,Vw/Vw06,Vw,isro_60s,0,20.0
obd,veh_yawrate,60.0,539.1,60.43,60.43,31.46,11.21,1.007,0.087,False,Vw/Vw06,Vw,isro_60s,0,20.0
wheel_speed,veh_yawrate,60.0,539.1,61.07,61.07,31.82,11.33,1.018,0.084,False,Vw/Vw06,Vw,isro_60s,0,20.0
obd,gps_hold,60.0,539.1,771.81,771.81,416.53,143.17,12.863,0.087,False,Vw/Vw06,Vw,isro_60s,0,20.0
hold,imu_aligned,60.0,539.1,729.48,729.48,391.07,135.32,12.158,1.309,False,Vw/Vw06,Vw,isro_60s,0,20.0
imu_integrate,imu_aligned,60.0,539.1,968.74,968.74,539.45,179.7,16.146,3.79,False,Vw/Vw06,Vw,isro_60s,0,20.0
truth,truth,108.1,935.5,1.26,1.8,1.11,0.13,0.012,,True,Vw/Vw06,Vw,isro_1km,0,20.0
truth,veh_yawrate,108.1,935.5,109.92,109.92,52.42,11.75,1.017,,False,Vw/Vw06,Vw,isro_1km,0,20.0
hold,truth,108.1,935.5,35.87,47.37,30.7,3.83,0.332,1.57,True,Vw/Vw06,Vw,isro_1km,0,20.0
obd,veh_yawrate,108.1,935.5,109.99,109.99,52.59,11.76,1.017,0.075,False,Vw/Vw06,Vw,isro_1km,0,20.0
wheel_speed,veh_yawrate,108.1,935.5,110.38,110.38,53.1,11.8,1.021,0.077,False,Vw/Vw06,Vw,isro_1km,0,20.0
obd,gps_hold,108.1,935.5,1095.18,1095.18,703.96,117.07,10.131,0.075,False,Vw/Vw06,Vw,isro_1km,0,20.0
hold,imu_aligned,108.1,935.5,1048.27,1048.27,664.67,112.06,9.697,1.57,False,Vw/Vw06,Vw,isro_1km,0,20.0
imu_integrate,imu_aligned,108.1,935.5,1638.29,1638.29,958.46,175.13,15.155,5.182,False,Vw/Vw06,Vw,isro_1km,0,20.0
truth,truth,30.0,284.2,0.6,1.4,0.76,0.21,0.02,,True,Vw/Vw06,Vw,tunnels,0,20.0
truth,veh_yawrate,30.0,284.2,26.89,26.89,13.66,9.46,0.896,,True,Vw/Vw06,Vw,tunnels,0,20.0
hold,truth,30.0,284.2,36.94,36.94,15.09,13.0,1.231,1.417,False,Vw/Vw06,Vw,tunnels,0,20.0
obd,veh_yawrate,30.0,284.2,26.68,26.68,13.5,9.39,0.889,0.111,True,Vw/Vw06,Vw,tunnels,0,20.0
wheel_speed,veh_yawrate,30.0,284.2,26.88,26.88,13.66,9.46,0.896,0.106,True,Vw/Vw06,Vw,tunnels,0,20.0
obd,gps_hold,30.0,284.2,343.8,343.8,174.42,120.96,11.46,0.111,False,Vw/Vw06,Vw,tunnels,0,20.0
hold,imu_aligned,30.0,284.2,318.7,318.7,164.54,112.13,10.623,1.417,False,Vw/Vw06,Vw,tunnels,0,20.0
imu_integrate,imu_aligned,30.0,284.2,432.29,432.29,234.46,152.09,14.41,3.892,False,Vw/Vw06,Vw,tunnels,0,20.0
truth,truth,60.0,539.1,0.74,1.4,0.75,0.14,0.012,,True,Vw/Vw06,Vw,every_2min,0,20.0
truth,veh_yawrate,60.0,539.1,60.12,60.12,31.49,11.15,1.002,,False,Vw/Vw06,Vw,every_2min,0,20.0
hold,truth,60.0,539.1,36.84,40.63,28.69,6.83,0.614,1.309,True,Vw/Vw06,Vw,every_2min,0,20.0
obd,veh_yawrate,60.0,539.1,60.43,60.43,31.46,11.21,1.007,0.087,False,Vw/Vw06,Vw,every_2min,0,20.0
wheel_speed,veh_yawrate,60.0,539.1,61.07,61.07,31.82,11.33,1.018,0.084,False,Vw/Vw06,Vw,every_2min,0,20.0
obd,gps_hold,60.0,539.1,771.81,771.81,416.53,143.17,12.863,0.087,False,Vw/Vw06,Vw,every_2min,0,20.0
hold,imu_aligned,60.0,539.1,729.48,729.48,391.07,135.32,12.158,1.309,False,Vw/Vw06,Vw,every_2min,0,20.0
imu_integrate,imu_aligned,60.0,539.1,968.74,968.74,539.45,179.7,16.146,3.79,False,Vw/Vw06,Vw,every_2min,0,20.0
truth,truth,60.0,355.4,1.17,1.25,0.88,0.33,0.019,,True,Vw/Vw07,Vw,isro_60s,0,20.0
truth,veh_yawrate,60.0,355.4,107.47,107.47,47.31,30.24,1.791,,False,Vw/Vw07,Vw,isro_60s,0,20.0
hold,truth,60.0,355.4,26.0,54.59,32.05,7.32,0.433,2.337,True,Vw/Vw07,Vw,isro_60s,0,20.0
obd,veh_yawrate,60.0,355.4,109.66,109.66,48.45,30.85,1.828,0.081,False,Vw/Vw07,Vw,isro_60s,0,20.0
wheel_speed,veh_yawrate,60.0,355.4,108.3,108.3,47.7,30.47,1.805,0.066,False,Vw/Vw07,Vw,isro_60s,0,20.0
obd,gps_hold,60.0,355.4,139.66,139.66,109.43,39.29,2.328,0.081,False,Vw/Vw07,Vw,isro_60s,0,20.0
hold,imu_aligned,60.0,355.4,163.84,163.84,114.84,46.1,2.731,2.337,False,Vw/Vw07,Vw,isro_60s,0,20.0
imu_integrate,imu_aligned,60.0,355.4,582.25,582.25,281.91,163.82,9.704,7.797,False,Vw/Vw07,Vw,isro_60s,0,20.0
truth,truth,140.2,983.6,0.14,1.9,1.22,0.01,0.001,,True,Vw/Vw07,Vw,isro_1km,0,20.0
truth,veh_yawrate,140.2,983.6,903.33,917.23,429.53,91.84,6.443,,False,Vw/Vw07,Vw,isro_1km,0,20.0
hold,truth,140.2,983.6,80.38,84.44,43.41,8.17,0.573,2.354,True,Vw/Vw07,Vw,isro_1km,0,20.0
obd,veh_yawrate,140.2,983.6,906.35,920.21,431.31,92.15,6.465,0.08,False,Vw/Vw07,Vw,isro_1km,0,20.0
wheel_speed,veh_yawrate,140.2,983.6,904.51,918.38,430.23,91.96,6.452,0.068,False,Vw/Vw07,Vw,isro_1km,0,20.0
obd,gps_hold,140.2,983.6,1176.05,1176.05,565.95,119.57,8.388,0.08,False,Vw/Vw07,Vw,isro_1km,0,20.0
hold,imu_aligned,140.2,983.6,1082.21,1084.01,533.45,110.03,7.719,2.354,False,Vw/Vw07,Vw,isro_1km,0,20.0
imu_integrate,imu_aligned,140.2,983.6,1982.14,1982.14,1092.01,201.52,14.138,6.446,False,Vw/Vw07,Vw,isro_1km,0,20.0
truth,truth,30.0,171.9,0.56,1.19,0.89,0.33,0.019,,True,Vw/Vw07,Vw,tunnels,0,20.0
truth,veh_yawrate,30.0,171.9,40.22,44.34,32.47,23.39,1.341,,False,Vw/Vw07,Vw,tunnels,0,20.0
hold,truth,30.0,171.9,35.57,35.57,20.82,20.69,1.186,2.292,False,Vw/Vw07,Vw,tunnels,0,20.0
obd,veh_yawrate,30.0,171.9,41.19,44.71,32.65,23.96,1.373,0.088,False,Vw/Vw07,Vw,tunnels,0,20.0
wheel_speed,veh_yawrate,30.0,171.9,40.6,44.31,32.39,23.61,1.353,0.068,False,Vw/Vw07,Vw,tunnels,0,20.0
obd,gps_hold,30.0,171.9,123.43,123.43,87.16,71.79,4.114,0.088,False,Vw/Vw07,Vw,tunnels,0,20.0
hold,imu_aligned,30.0,171.9,136.16,137.68,91.19,79.19,4.539,2.292,False,Vw/Vw07,Vw,tunnels,0,20.0
imu_integrate,imu_aligned,30.0,171.9,221.8,221.8,140.82,129.01,7.393,4.578,False,Vw/Vw07,Vw,tunnels,0,20.0
truth,truth,60.0,355.4,1.17,1.25,0.88,0.33,0.019,,True,Vw/Vw07,Vw,every_2min,0,20.0
truth,veh_yawrate,60.0,355.4,107.47,107.47,47.31,30.24,1.791,,False,Vw/Vw07,Vw,every_2min,0,20.0
hold,truth,60.0,355.4,26.0,54.59,32.05,7.32,0.433,2.337,True,Vw/Vw07,Vw,every_2min,0,20.0
obd,veh_yawrate,60.0,355.4,109.66,109.66,48.45,30.85,1.828,0.081,False,Vw/Vw07,Vw,every_2min,0,20.0
wheel_speed,veh_yawrate,60.0,355.4,108.3,108.3,47.7,30.47,1.805,0.066,False,Vw/Vw07,Vw,every_2min,0,20.0
obd,gps_hold,60.0,355.4,139.66,139.66,109.43,39.29,2.328,0.081,False,Vw/Vw07,Vw,every_2min,0,20.0
hold,imu_aligned,60.0,355.4,163.84,163.84,114.84,46.1,2.731,2.337,False,Vw/Vw07,Vw,every_2min,0,20.0
imu_integrate,imu_aligned,60.0,355.4,582.25,582.25,281.91,163.82,9.704,7.797,False,Vw/Vw07,Vw,every_2min,0,20.0
truth,truth,60.0,343.7,1.19,1.19,0.61,0.35,0.02,,True,Vw/Vw08,Vw,isro_60s,0,20.0
truth,veh_yawrate,60.0,343.7,8.77,11.24,6.57,2.55,0.146,,True,Vw/Vw08,Vw,isro_60s,0,20.0
hold,truth,60.0,343.7,51.26,59.14,40.81,14.91,0.854,2.888,False,Vw/Vw08,Vw,isro_60s,0,20.0
obd,veh_yawrate,60.0,343.7,9.37,10.86,6.22,2.73,0.156,0.081,True,Vw/Vw08,Vw,isro_60s,0,20.0
wheel_speed,veh_yawrate,60.0,343.7,10.1,11.46,6.64,2.94,0.168,0.075,True,Vw/Vw08,Vw,isro_60s,0,20.0
obd,gps_hold,60.0,343.7,394.11,394.11,215.9,114.66,6.569,0.081,False,Vw/Vw08,Vw,isro_60s,0,20.0
hold,imu_aligned,60.0,343.7,487.8,487.8,261.52,141.92,8.13,2.888,False,Vw/Vw08,Vw,isro_60s,0,20.0
imu_integrate,imu_aligned,60.0,343.7,738.14,738.14,359.27,214.75,12.302,6.847,False,Vw/Vw08,Vw,isro_60s,0,20.0
truth,truth,132.9,901.9,0.58,1.56,0.84,0.06,0.004,,True,Vw/Vw08,Vw,isro_1km,0,20.0
truth,veh_yawrate,132.9,901.9,72.34,78.09,33.78,8.02,0.544,,True,Vw/Vw08,Vw,isro_1km,0,20.0
hold,truth,132.9,901.9,121.19,129.13,75.55,13.44,0.912,2.591,False,Vw/Vw08,Vw,isro_1km,0,20.0
obd,veh_yawrate,132.9,901.9,73.76,79.56,34.71,8.18,0.555,0.078,True,Vw/Vw08,Vw,isro_1km,0,20.0
wheel_speed,veh_yawrate,132.9,901.9,73.13,78.89,34.38,8.11,0.55,0.068,True,Vw/Vw08,Vw,isro_1km,0,20.0
obd,gps_hold,132.9,901.9,1003.65,1003.65,515.02,111.29,7.552,0.078,False,Vw/Vw08,Vw,isro_1km,0,20.0
hold,imu_aligned,132.9,901.9,1080.21,1080.21,585.2,119.78,8.128,2.591,False,Vw/Vw08,Vw,isro_1km,0,20.0
imu_integrate,imu_aligned,132.9,901.9,2039.91,2039.91,988.21,226.19,15.349,8.323,False,Vw/Vw08,Vw,isro_1km,0,20.0
truth,truth,30.0,211.7,0.34,0.43,0.29,0.16,0.011,,True,Vw/Vw08,Vw,tunnels,0,20.0
truth,veh_yawrate,30.0,211.7,7.27,7.27,3.29,3.44,0.242,,True,Vw/Vw08,Vw,tunnels,0,20.0
hold,truth,30.0,211.7,35.03,36.94,28.35,16.55,1.168,2.183,False,Vw/Vw08,Vw,tunnels,0,20.0
obd,veh_yawrate,30.0,211.7,6.59,6.59,2.91,3.11,0.22,0.065,True,Vw/Vw08,Vw,tunnels,0,20.0
wheel_speed,veh_yawrate,30.0,211.7,6.97,6.97,3.14,3.29,0.232,0.057,True,Vw/Vw08,Vw,tunnels,0,20.0
obd,gps_hold,30.0,211.7,208.06,208.06,98.18,98.27,6.935,0.065,False,Vw/Vw08,Vw,tunnels,0,20.0
hold,imu_aligned,30.0,211.7,214.4,214.4,105.81,101.26,7.147,2.183,False,Vw/Vw08,Vw,tunnels,0,20.0
imu_integrate,imu_aligned,30.0,211.7,208.4,208.4,95.71,98.43,6.947,1.803,False,Vw/Vw08,Vw,tunnels,0,20.0
truth,truth,60.0,343.7,1.19,1.19,0.61,0.35,0.02,,True,Vw/Vw08,Vw,every_2min,0,20.0
truth,veh_yawrate,60.0,343.7,8.77,11.24,6.57,2.55,0.146,,True,Vw/Vw08,Vw,every_2min,0,20.0
hold,truth,60.0,343.7,51.26,59.14,40.81,14.91,0.854,2.888,False,Vw/Vw08,Vw,every_2min,0,20.0
obd,veh_yawrate,60.0,343.7,9.37,10.86,6.22,2.73,0.156,0.081,True,Vw/Vw08,Vw,every_2min,0,20.0
wheel_speed,veh_yawrate,60.0,343.7,10.1,11.46,6.64,2.94,0.168,0.075,True,Vw/Vw08,Vw,every_2min,0,20.0
obd,gps_hold,60.0,343.7,394.11,394.11,215.9,114.66,6.569,0.081,False,Vw/Vw08,Vw,every_2min,0,20.0
hold,imu_aligned,60.0,343.7,487.8,487.8,261.52,141.92,8.13,2.888,False,Vw/Vw08,Vw,every_2min,0,20.0
imu_integrate,imu_aligned,60.0,343.7,738.14,738.14,359.27,214.75,12.302,6.847,False,Vw/Vw08,Vw,every_2min,0,20.0
truth,truth,45.2,583.3,1.7,1.7,0.95,0.29,0.038,,True,Vw/Vw10,Vw,isro_60s,0,20.0
truth,veh_yawrate,45.2,583.3,40.32,43.69,27.45,6.91,0.892,,True,Vw/Vw10,Vw,isro_60s,0,20.0
hold,truth,45.2,583.3,52.51,58.28,41.28,9.0,1.162,1.722,True,Vw/Vw10,Vw,isro_60s,0,20.0
obd,veh_yawrate,45.2,583.3,40.9,43.76,27.51,7.01,0.905,0.064,True,Vw/Vw10,Vw,isro_60s,0,20.0
wheel_speed,veh_yawrate,45.2,583.3,42.08,44.08,27.88,7.21,0.931,0.074,True,Vw/Vw10,Vw,isro_60s,0,20.0
obd,gps_hold,45.2,583.3,36.81,71.09,38.11,6.31,0.814,0.064,True,Vw/Vw10,Vw,isro_60s,0,20.0
hold,imu_aligned,45.2,583.3,18.28,78.56,46.37,3.13,0.405,1.722,True,Vw/Vw10,Vw,isro_60s,0,20.0
imu_integrate,imu_aligned,45.2,583.3,19.25,122.12,67.84,3.3,0.426,4.727,True,Vw/Vw10,Vw,isro_60s,0,20.0
truth,truth,45.2,583.3,1.7,1.7,0.95,0.29,0.038,,True,Vw/Vw10,Vw,isro_1km,0,20.0
truth,veh_yawrate,45.2,583.3,40.32,43.69,27.45,6.91,0.892,,True,Vw/Vw10,Vw,isro_1km,0,20.0
hold,truth,45.2,583.3,52.51,58.28,41.28,9.0,1.162,1.722,True,Vw/Vw10,Vw,isro_1km,0,20.0
obd,veh_yawrate,45.2,583.3,40.9,43.76,27.51,7.01,0.905,0.064,True,Vw/Vw10,Vw,isro_1km,0,20.0
wheel_speed,veh_yawrate,45.2,583.3,42.08,44.08,27.88,7.21,0.931,0.074,True,Vw/Vw10,Vw,isro_1km,0,20.0
obd,gps_hold,45.2,583.3,36.81,71.09,38.11,6.31,0.814,0.064,True,Vw/Vw10,Vw,isro_1km,0,20.0
hold,imu_aligned,45.2,583.3,18.28,78.56,46.37,3.13,0.405,1.722,True,Vw/Vw10,Vw,isro_1km,0,20.0
imu_integrate,imu_aligned,45.2,583.3,19.25,122.12,67.84,3.3,0.426,4.727,True,Vw/Vw10,Vw,isro_1km,0,20.0
truth,truth,30.0,402.6,1.28,1.31,0.79,0.32,0.043,,True,Vw/Vw10,Vw,tunnels,0,20.0
truth,veh_yawrate,30.0,402.6,37.74,37.74,15.68,9.37,1.258,,True,Vw/Vw10,Vw,tunnels,0,20.0
hold,truth,30.0,402.6,50.71,50.72,33.68,12.59,1.69,2.019,False,Vw/Vw10,Vw,tunnels,0,20.0
obd,veh_yawrate,30.0,402.6,37.78,37.78,15.72,9.38,1.259,0.074,True,Vw/Vw10,Vw,tunnels,0,20.0
wheel_speed,veh_yawrate,30.0,402.6,38.1,38.1,15.93,9.46,1.27,0.077,True,Vw/Vw10,Vw,tunnels,0,20.0
obd,gps_hold,30.0,402.6,65.36,65.36,26.09,16.23,2.179,0.074,False,Vw/Vw10,Vw,tunnels,0,20.0
hold,imu_aligned,30.0,402.6,73.96,73.96,38.39,18.37,2.465,2.019,False,Vw/Vw10,Vw,tunnels,0,20.0
imu_integrate,imu_aligned,30.0,402.6,114.1,114.1,55.52,28.34,3.803,3.62,False,Vw/Vw10,Vw,tunnels,0,20.0
truth,truth,45.2,583.3,1.7,1.7,0.95,0.29,0.038,,True,Vw/Vw10,Vw,every_2min,0,20.0
truth,veh_yawrate,45.2,583.3,40.32,43.69,27.45,6.91,0.892,,True,Vw/Vw10,Vw,every_2min,0,20.0
hold,truth,45.2,583.3,52.51,58.28,41.28,9.0,1.162,1.722,True,Vw/Vw10,Vw,every_2min,0,20.0
obd,veh_yawrate,45.2,583.3,40.9,43.76,27.51,7.01,0.905,0.064,True,Vw/Vw10,Vw,every_2min,0,20.0
wheel_speed,veh_yawrate,45.2,583.3,42.08,44.08,27.88,7.21,0.931,0.074,True,Vw/Vw10,Vw,every_2min,0,20.0
obd,gps_hold,45.2,583.3,36.81,71.09,38.11,6.31,0.814,0.064,True,Vw/Vw10,Vw,every_2min,0,20.0
hold,imu_aligned,45.2,583.3,18.28,78.56,46.37,3.13,0.405,1.722,True,Vw/Vw10,Vw,every_2min,0,20.0
imu_integrate,imu_aligned,45.2,583.3,19.25,122.12,67.84,3.3,0.426,4.727,True,Vw/Vw10,Vw,every_2min,0,20.0
truth,truth,60.0,279.1,1.14,1.14,0.84,0.41,0.019,,True,Vw/Vw11,Vw,isro_60s,0,20.0
truth,veh_yawrate,60.0,279.1,12.95,13.42,10.05,4.64,0.216,,True,Vw/Vw11,Vw,isro_60s,0,20.0
hold,truth,60.0,279.1,381.61,381.61,223.78,136.75,6.36,8.511,False,Vw/Vw11,Vw,isro_60s,0,20.0
obd,veh_yawrate,60.0,279.1,13.65,13.85,10.18,4.89,0.228,0.042,True,Vw/Vw11,Vw,isro_60s,0,20.0
wheel_speed,veh_yawrate,60.0,279.1,14.68,14.84,10.68,5.26,0.245,0.049,True,Vw/Vw11,Vw,isro_60s,0,20.0
obd,gps_hold,60.0,279.1,144.25,144.31,80.19,51.69,2.404,0.042,False,Vw/Vw11,Vw,isro_60s,0,20.0
hold,imu_aligned,60.0,279.1,618.34,618.34,321.49,221.57,10.306,8.511,False,Vw/Vw11,Vw,isro_60s,0,20.0
imu_integrate,imu_aligned,60.0,279.1,836.69,836.69,429.41,299.82,13.945,12.238,False,Vw/Vw11,Vw,isro_60s,0,20.0
truth,truth,178.1,1000.7,2.05,2.17,1.47,0.2,0.011,,True,Vw/Vw11,Vw,isro_1km,0,20.0
truth,veh_yawrate,178.1,1000.7,371.48,378.62,161.71,37.12,2.086,,False,Vw/Vw11,Vw,isro_1km,0,20.0
hold,truth,178.1,1000.7,1108.61,1108.61,711.87,110.79,6.225,7.544,False,Vw/Vw11,Vw,isro_1km,0,20.0
obd,veh_yawrate,178.1,1000.7,371.94,378.74,161.65,37.17,2.088,0.044,False,Vw/Vw11,Vw,isro_1km,0,20.0
wheel_speed,veh_yawrate,178.1,1000.7,370.87,377.49,161.21,37.06,2.082,0.05,False,Vw/Vw11,Vw,isro_1km,0,20.0
obd,gps_hold,178.1,1000.7,975.38,978.47,437.35,97.47,5.477,0.044,False,Vw/Vw11,Vw,isro_1km,0,20.0
hold,imu_aligned,178.1,1000.7,2130.34,2130.34,1173.94,212.89,11.961,7.544,False,Vw/Vw11,Vw,isro_1km,0,20.0
imu_integrate,imu_aligned,178.1,1000.7,3588.59,3588.59,1897.77,358.61,20.149,16.036,False,Vw/Vw11,Vw,isro_1km,0,20.0
truth,truth,30.0,155.9,0.63,0.95,0.69,0.4,0.021,,True,Vw/Vw11,Vw,tunnels,0,20.0
truth,veh_yawrate,30.0,155.9,10.81,10.81,6.25,6.94,0.36,,True,Vw/Vw11,Vw,tunnels,0,20.0
hold,truth,30.0,155.9,238.61,238.61,117.47,153.05,7.954,7.957,False,Vw/Vw11,Vw,tunnels,0,20.0
obd,veh_yawrate,30.0,155.9,10.82,10.82,6.21,6.94,0.361,0.046,True,Vw/Vw11,Vw,tunnels,0,20.0
wheel_speed,veh_yawrate,30.0,155.9,10.88,10.88,6.26,6.98,0.363,0.057,True,Vw/Vw11,Vw,tunnels,0,20.0
obd,gps_hold,30.0,155.9,10.92,11.51,8.57,7.01,0.364,0.046,True,Vw/Vw11,Vw,tunnels,0,20.0
hold,imu_aligned,30.0,155.9,239.73,239.73,118.14,153.78,7.991,7.957,False,Vw/Vw11,Vw,tunnels,0,20.0
imu_integrate,imu_aligned,30.0,155.9,316.0,316.0,167.13,202.7,10.533,10.592,False,Vw/Vw11,Vw,tunnels,0,20.0
truth,truth,30.0,290.4,0.97,0.99,0.56,0.33,0.032,,True,Vw/Vw11,Vw,tunnels,1,155.0
truth,veh_yawrate,30.0,290.4,1.06,1.07,0.59,0.36,0.035,,True,Vw/Vw11,Vw,tunnels,1,155.0
hold,truth,30.0,290.4,36.09,76.38,52.16,12.43,1.203,3.912,False,Vw/Vw11,Vw,tunnels,1,155.0
obd,veh_yawrate,30.0,290.4,0.82,0.85,0.54,0.28,0.027,0.046,True,Vw/Vw11,Vw,tunnels,1,155.0
wheel_speed,veh_yawrate,30.0,290.4,1.18,1.2,0.78,0.41,0.039,0.054,True,Vw/Vw11,Vw,tunnels,1,155.0
obd,gps_hold,30.0,290.4,30.38,30.5,17.93,10.46,1.013,0.046,False,Vw/Vw11,Vw,tunnels,1,155.0
hold,imu_aligned,30.0,290.4,44.98,77.88,54.12,15.49,1.499,3.912,False,Vw/Vw11,Vw,tunnels,1,155.0
imu_integrate,imu_aligned,30.0,290.4,129.77,129.77,85.32,44.68,4.326,4.306,False,Vw/Vw11,Vw,tunnels,1,155.0
truth,truth,30.0,639.8,0.96,0.96,0.32,0.15,0.032,,True,Vw/Vw11,Vw,tunnels,2,290.0
truth,veh_yawrate,30.0,639.8,10.1,10.1,5.45,1.58,0.337,,True,Vw/Vw11,Vw,tunnels,2,290.0
hold,truth,30.0,639.8,100.24,114.66,72.91,15.67,3.341,4.352,False,Vw/Vw11,Vw,tunnels,2,290.0
obd,veh_yawrate,30.0,639.8,10.01,10.01,5.52,1.57,0.334,0.084,True,Vw/Vw11,Vw,tunnels,2,290.0
wheel_speed,veh_yawrate,30.0,639.8,10.06,10.06,5.54,1.57,0.335,0.092,True,Vw/Vw11,Vw,tunnels,2,290.0
obd,gps_hold,30.0,639.8,64.14,74.79,53.78,10.03,2.138,0.084,False,Vw/Vw11,Vw,tunnels,2,290.0
hold,imu_aligned,30.0,639.8,111.96,128.43,86.28,17.5,3.732,4.352,False,Vw/Vw11,Vw,tunnels,2,290.0
imu_integrate,imu_aligned,30.0,639.8,115.72,127.77,85.62,18.09,3.857,4.178,False,Vw/Vw11,Vw,tunnels,2,290.0
truth,truth,30.0,776.0,0.83,0.83,0.48,0.11,0.028,,True,Vw/Vw11,Vw,tunnels,3,425.0
truth,veh_yawrate,30.0,776.0,6.43,6.62,4.49,0.83,0.214,,True,Vw/Vw11,Vw,tunnels,3,425.0
hold,truth,30.0,776.0,8.12,8.12,3.24,1.05,0.271,0.592,True,Vw/Vw11,Vw,tunnels,3,425.0
obd,veh_yawrate,30.0,776.0,6.5,6.67,4.53,0.84,0.217,0.051,True,Vw/Vw11,Vw,tunnels,3,425.0
wheel_speed,veh_yawrate,30.0,776.0,6.48,6.66,4.52,0.84,0.216,0.047,True,Vw/Vw11,Vw,tunnels,3,425.0
obd,gps_hold,30.0,776.0,7.7,9.69,6.06,0.99,0.257,0.051,True,Vw/Vw11,Vw,tunnels,3,425.0
hold,imu_aligned,30.0,776.0,11.75,11.75,6.92,1.51,0.392,0.592,True,Vw/Vw11,Vw,tunnels,3,425.0
imu_integrate,imu_aligned,30.0,776.0,42.94,46.94,29.45,5.53,1.431,1.823,True,Vw/Vw11,Vw,tunnels,3,425.0
truth,truth,60.0,279.1,1.14,1.14,0.84,0.41,0.019,,True,Vw/Vw11,Vw,every_2min,0,20.0
truth,veh_yawrate,60.0,279.1,12.95,13.42,10.05,4.64,0.216,,True,Vw/Vw11,Vw,every_2min,0,20.0
hold,truth,60.0,279.1,381.61,381.61,223.78,136.75,6.36,8.511,False,Vw/Vw11,Vw,every_2min,0,20.0
obd,veh_yawrate,60.0,279.1,13.65,13.85,10.18,4.89,0.228,0.042,True,Vw/Vw11,Vw,every_2min,0,20.0
wheel_speed,veh_yawrate,60.0,279.1,14.68,14.84,10.68,5.26,0.245,0.049,True,Vw/Vw11,Vw,every_2min,0,20.0
obd,gps_hold,60.0,279.1,144.25,144.31,80.19,51.69,2.404,0.042,False,Vw/Vw11,Vw,every_2min,0,20.0
hold,imu_aligned,60.0,279.1,618.34,618.34,321.49,221.57,10.306,8.511,False,Vw/Vw11,Vw,every_2min,0,20.0
imu_integrate,imu_aligned,60.0,279.1,836.69,836.69,429.41,299.82,13.945,12.238,False,Vw/Vw11,Vw,every_2min,0,20.0
truth,truth,60.0,717.6,2.01,2.01,1.11,0.28,0.033,,True,Vw/Vw11,Vw,every_2min,1,200.0
truth,veh_yawrate,60.0,717.6,12.86,14.13,11.06,1.79,0.214,,True,Vw/Vw11,Vw,every_2min,1,200.0
hold,truth,60.0,717.6,367.65,393.83,274.24,51.23,6.127,7.576,False,Vw/Vw11,Vw,every_2min,1,200.0
obd,veh_yawrate,60.0,717.6,13.22,14.27,11.39,1.84,0.22,0.088,True,Vw/Vw11,Vw,every_2min,1,200.0
wheel_speed,veh_yawrate,60.0,717.6,13.49,14.28,11.49,1.88,0.225,0.093,True,Vw/Vw11,Vw,every_2min,1,200.0
obd,gps_hold,60.0,717.6,89.29,153.12,111.55,12.44,1.488,0.088,False,Vw/Vw11,Vw,every_2min,1,200.0
hold,imu_aligned,60.0,717.6,350.26,384.07,274.46,48.81,5.838,7.576,False,Vw/Vw11,Vw,every_2min,1,200.0
imu_integrate,imu_aligned,60.0,717.6,105.1,265.98,179.33,14.65,1.752,7.65,False,Vw/Vw11,Vw,every_2min,1,200.0
truth,truth,60.0,1512.4,1.4,1.4,0.7,0.09,0.023,,True,Vw/Vw11,Vw,every_2min,2,410.0
truth,veh_yawrate,60.0,1512.4,34.82,34.82,18.09,2.3,0.58,,True,Vw/Vw11,Vw,every_2min,2,410.0
hold,truth,60.0,1512.4,329.2,329.2,190.95,21.77,5.487,5.495,False,Vw/Vw11,Vw,every_2min,2,410.0
obd,veh_yawrate,60.0,1512.4,34.84,34.84,18.12,2.3,0.581,0.049,True,Vw/Vw11,Vw,every_2min,2,410.0
wheel_speed,veh_yawrate,60.0,1512.4,34.84,34.84,18.12,2.3,0.581,0.047,True,Vw/Vw11,Vw,every_2min,2,410.0
obd,gps_hold,60.0,1512.4,19.47,52.18,33.75,1.29,0.324,0.049,True,Vw/Vw11,Vw,every_2min,2,410.0
hold,imu_aligned,60.0,1512.4,326.99,326.99,192.39,21.62,5.45,5.495,False,Vw/Vw11,Vw,every_2min,2,410.0
imu_integrate,imu_aligned,60.0,1512.4,218.98,243.18,161.53,14.48,3.65,4.345,False,Vw/Vw11,Vw,every_2min,2,410.0
truth,truth,60.0,1492.4,0.12,0.34,0.24,0.01,0.002,,True,Vw/Vw12,Vw,isro_60s,0,20.0
truth,veh_yawrate,60.0,1492.4,560.06,560.06,255.84,37.53,9.334,,False,Vw/Vw12,Vw,isro_60s,0,20.0
hold,truth,60.0,1492.4,44.68,44.82,21.24,2.99,0.745,1.405,True,Vw/Vw12,Vw,isro_60s,0,20.0
obd,veh_yawrate,60.0,1492.4,559.26,559.26,255.42,37.47,9.321,0.076,False,Vw/Vw12,Vw,isro_60s,0,20.0
wheel_speed,veh_yawrate,60.0,1492.4,559.9,559.9,255.71,37.52,9.332,0.046,False,Vw/Vw12,Vw,isro_60s,0,20.0
obd,gps_hold,60.0,1492.4,308.2,308.2,139.73,20.65,5.137,0.076,False,Vw/Vw12,Vw,isro_60s,0,20.0
hold,imu_aligned,60.0,1492.4,317.95,317.95,143.57,21.3,5.299,1.405,False,Vw/Vw12,Vw,isro_60s,0,20.0
imu_integrate,imu_aligned,60.0,1492.4,627.04,627.04,274.62,42.02,10.451,8.433,False,Vw/Vw12,Vw,isro_60s,0,20.0
truth,truth,39.5,1002.6,0.26,0.34,0.24,0.03,0.007,,True,Vw/Vw12,Vw,isro_1km,0,20.0
truth,veh_yawrate,39.5,1002.6,255.21,255.21,117.4,25.46,6.461,,False,Vw/Vw12,Vw,isro_1km,0,20.0
hold,truth,39.5,1002.6,9.67,19.95,12.1,0.96,0.245,1.24,True,Vw/Vw12,Vw,isro_1km,0,20.0
obd,veh_yawrate,39.5,1002.6,254.75,254.75,117.2,25.41,6.449,0.086,False,Vw/Vw12,Vw,isro_1km,0,20.0
wheel_speed,veh_yawrate,39.5,1002.6,255.03,255.03,117.32,25.44,6.456,0.047,False,Vw/Vw12,Vw,isro_1km,0,20.0
obd,gps_hold,39.5,1002.6,138.15,138.15,63.11,13.78,3.498,0.086,False,Vw/Vw12,Vw,isro_1km,0,20.0
hold,imu_aligned,39.5,1002.6,139.56,139.56,64.11,13.92,3.533,1.24,False,Vw/Vw12,Vw,isro_1km,0,20.0
imu_integrate,imu_aligned,39.5,1002.6,261.45,261.45,114.77,26.08,6.619,5.337,False,Vw/Vw12,Vw,isro_1km,0,20.0
truth,truth,30.0,777.2,0.22,0.34,0.24,0.03,0.007,,True,Vw/Vw12,Vw,tunnels,0,20.0
truth,veh_yawrate,30.0,777.2,153.02,153.02,69.91,19.69,5.101,,False,Vw/Vw12,Vw,tunnels,0,20.0
hold,truth,30.0,777.2,9.06,19.95,13.51,1.17,0.302,1.034,True,Vw/Vw12,Vw,tunnels,0,20.0
obd,veh_yawrate,30.0,777.2,152.75,152.75,69.8,19.65,5.092,0.089,False,Vw/Vw12,Vw,tunnels,0,20.0
wheel_speed,veh_yawrate,30.0,777.2,152.91,152.91,69.86,19.67,5.097,0.046,False,Vw/Vw12,Vw,tunnels,0,20.0
obd,gps_hold,30.0,777.2,82.01,82.01,37.3,10.55,2.734,0.089,False,Vw/Vw12,Vw,tunnels,0,20.0
hold,imu_aligned,30.0,777.2,81.99,81.99,39.12,10.55,2.733,1.034,False,Vw/Vw12,Vw,tunnels,0,20.0
imu_integrate,imu_aligned,30.0,777.2,148.44,148.44,60.72,19.1,4.948,3.987,False,Vw/Vw12,Vw,tunnels,0,20.0
truth,truth,60.0,1492.4,0.12,0.34,0.24,0.01,0.002,,True,Vw/Vw12,Vw,every_2min,0,20.0
truth,veh_yawrate,60.0,1492.4,560.06,560.06,255.84,37.53,9.334,,False,Vw/Vw12,Vw,every_2min,0,20.0
hold,truth,60.0,1492.4,44.68,44.82,21.24,2.99,0.745,1.405,True,Vw/Vw12,Vw,every_2min,0,20.0
obd,veh_yawrate,60.0,1492.4,559.26,559.26,255.42,37.47,9.321,0.076,False,Vw/Vw12,Vw,every_2min,0,20.0
wheel_speed,veh_yawrate,60.0,1492.4,559.9,559.9,255.71,37.52,9.332,0.046,False,Vw/Vw12,Vw,every_2min,0,20.0
obd,gps_hold,60.0,1492.4,308.2,308.2,139.73,20.65,5.137,0.076,False,Vw/Vw12,Vw,every_2min,0,20.0
hold,imu_aligned,60.0,1492.4,317.95,317.95,143.57,21.3,5.299,1.405,False,Vw/Vw12,Vw,every_2min,0,20.0
imu_integrate,imu_aligned,60.0,1492.4,627.04,627.04,274.62,42.02,10.451,8.433,False,Vw/Vw12,Vw,every_2min,0,20.0
truth,truth,60.0,1377.6,0.73,0.83,0.68,0.05,0.012,,True,Vw/Vw14a,Vw,isro_60s,0,20.0
truth,veh_yawrate,60.0,1377.6,1436.46,1436.46,716.17,104.27,23.941,,False,Vw/Vw14a,Vw,isro_60s,0,20.0
hold,truth,60.0,1377.6,316.01,316.01,170.72,22.94,5.267,5.355,False,Vw/Vw14a,Vw,isro_60s,0,20.0
obd,veh_yawrate,60.0,1377.6,1434.62,1434.62,715.26,104.14,23.91,0.066,False,Vw/Vw14a,Vw,isro_60s,0,20.0
wheel_speed,veh_yawrate,60.0,1377.6,1439.03,1439.03,717.46,104.46,23.984,0.087,False,Vw/Vw14a,Vw,isro_60s,0,20.0
obd,gps_hold,60.0,1377.6,697.3,697.3,346.81,50.62,11.622,0.066,False,Vw/Vw14a,Vw,isro_60s,0,20.0
hold,imu_aligned,60.0,1377.6,677.15,677.15,343.69,49.15,11.286,5.355,False,Vw/Vw14a,Vw,isro_60s,0,20.0
imu_integrate,imu_aligned,60.0,1377.6,672.48,672.48,352.45,48.81,11.208,4.805,False,Vw/Vw14a,Vw,isro_60s,0,20.0
truth,truth,44.2,1001.1,0.8,0.83,0.66,0.08,0.018,,True,Vw/Vw14a,Vw,isro_1km,0,20.0
truth,veh_yawrate,44.2,1001.1,916.46,916.46,442.06,91.55,20.734,,False,Vw/Vw14a,Vw,isro_1km,0,20.0
hold,truth,44.2,1001.1,219.06,219.06,117.52,21.88,4.956,5.048,False,Vw/Vw14a,Vw,isro_1km,0,20.0
obd,veh_yawrate,44.2,1001.1,915.4,915.4,441.51,91.44,20.71,0.065,False,Vw/Vw14a,Vw,isro_1km,0,20.0
wheel_speed,veh_yawrate,44.2,1001.1,918.21,918.21,442.88,91.72,20.774,0.087,False,Vw/Vw14a,Vw,isro_1km,0,20.0
obd,gps_hold,44.2,1001.1,443.93,443.93,213.06,44.35,10.044,0.065,False,Vw/Vw14a,Vw,isro_1km,0,20.0
hold,imu_aligned,44.2,1001.1,440.19,440.19,217.95,43.97,9.959,5.048,False,Vw/Vw14a,Vw,isro_1km,0,20.0
imu_integrate,imu_aligned,44.2,1001.1,447.54,447.54,235.27,44.71,10.125,5.657,False,Vw/Vw14a,Vw,isro_1km,0,20.0
truth,truth,30.0,669.1,0.67,0.83,0.63,0.1,0.022,,True,Vw/Vw14a,Vw,tunnels,0,20.0
truth,veh_yawrate,30.0,669.1,490.89,490.89,225.15,73.37,16.363,,False,Vw/Vw14a,Vw,tunnels,0,20.0
hold,truth,30.0,669.1,138.69,138.69,73.87,20.73,4.623,4.709,False,Vw/Vw14a,Vw,tunnels,0,20.0
obd,veh_yawrate,30.0,669.1,490.16,490.16,224.88,73.26,16.339,0.07,False,Vw/Vw14a,Vw,tunnels,0,20.0
wheel_speed,veh_yawrate,30.0,669.1,491.7,491.7,225.58,73.49,16.39,0.084,False,Vw/Vw14a,Vw,tunnels,0,20.0
obd,gps_hold,30.0,669.1,235.92,235.92,107.3,35.26,7.864,0.07,False,Vw/Vw14a,Vw,tunnels,0,20.0
hold,imu_aligned,30.0,669.1,245.66,245.66,118.32,36.72,8.189,4.709,False,Vw/Vw14a,Vw,tunnels,0,20.0
imu_integrate,imu_aligned,30.0,669.1,274.37,274.37,142.14,41.01,9.146,6.779,False,Vw/Vw14a,Vw,tunnels,0,20.0
truth,truth,30.0,773.0,0.36,0.36,0.14,0.05,0.012,,True,Vw/Vw14a,Vw,tunnels,1,155.0
truth,veh_yawrate,30.0,773.0,18.07,18.07,8.24,2.34,0.602,,True,Vw/Vw14a,Vw,tunnels,1,155.0
hold,truth,30.0,773.0,20.99,20.99,5.75,2.72,0.7,1.19,True,Vw/Vw14a,Vw,tunnels,1,155.0
obd,veh_yawrate,30.0,773.0,18.13,18.13,8.3,2.35,0.604,0.071,True,Vw/Vw14a,Vw,tunnels,1,155.0
wheel_speed,veh_yawrate,30.0,773.0,18.09,18.09,8.25,2.34,0.603,0.036,True,Vw/Vw14a,Vw,tunnels,1,155.0
obd,gps_hold,30.0,773.0,58.93,58.93,26.45,7.62,1.964,0.071,True,Vw/Vw14a,Vw,tunnels,1,155.0
hold,imu_aligned,30.0,773.0,63.68,63.68,27.25,8.24,2.123,1.19,True,Vw/Vw14a,Vw,tunnels,1,155.0
imu_integrate,imu_aligned,30.0,773.0,157.83,157.83,68.12,20.42,5.261,4.784,False,Vw/Vw14a,Vw,tunnels,1,155.0
truth,truth,23.8,639.6,0.44,0.65,0.39,0.07,0.019,,True,Vw/Vw14a,Vw,tunnels,2,290.0
truth,veh_yawrate,23.8,639.6,26.6,26.6,7.44,4.16,1.117,,True,Vw/Vw14a,Vw,tunnels,2,290.0
hold,truth,23.8,639.6,13.6,13.93,8.67,2.13,0.572,0.608,True,Vw/Vw14a,Vw,tunnels,2,290.0
obd,veh_yawrate,23.8,639.6,27.27,27.27,7.76,4.26,1.146,0.103,True,Vw/Vw14a,Vw,tunnels,2,290.0
wheel_speed,veh_yawrate,23.8,639.6,26.76,26.76,7.51,4.18,1.124,0.062,True,Vw/Vw14a,Vw,tunnels,2,290.0
obd,gps_hold,23.8,639.6,66.38,80.88,52.74,10.38,2.789,0.103,False,Vw/Vw14a,Vw,tunnels,2,290.0
hold,imu_aligned,23.8,639.6,66.24,80.87,52.71,10.36,2.783,0.608,False,Vw/Vw14a,Vw,tunnels,2,290.0
imu_integrate,imu_aligned,23.8,639.6,145.63,145.63,73.68,22.77,6.119,5.247,False,Vw/Vw14a,Vw,tunnels,2,290.0
truth,truth,60.0,1377.6,0.73,0.83,0.68,0.05,0.012,,True,Vw/Vw14a,Vw,every_2min,0,20.0
truth,veh_yawrate,60.0,1377.6,1436.46,1436.46,716.17,104.27,23.941,,False,Vw/Vw14a,Vw,every_2min,0,20.0
hold,truth,60.0,1377.6,316.01,316.01,170.72,22.94,5.267,5.355,False,Vw/Vw14a,Vw,every_2min,0,20.0
obd,veh_yawrate,60.0,1377.6,1434.62,1434.62,715.26,104.14,23.91,0.066,False,Vw/Vw14a,Vw,every_2min,0,20.0
wheel_speed,veh_yawrate,60.0,1377.6,1439.03,1439.03,717.46,104.46,23.984,0.087,False,Vw/Vw14a,Vw,every_2min,0,20.0
obd,gps_hold,60.0,1377.6,697.3,697.3,346.81,50.62,11.622,0.066,False,Vw/Vw14a,Vw,every_2min,0,20.0
hold,imu_aligned,60.0,1377.6,677.15,677.15,343.69,49.15,11.286,5.355,False,Vw/Vw14a,Vw,every_2min,0,20.0
imu_integrate,imu_aligned,60.0,1377.6,672.48,672.48,352.45,48.81,11.208,4.805,False,Vw/Vw14a,Vw,every_2min,0,20.0
truth,truth,60.0,1488.3,1.73,1.89,1.44,0.12,0.029,,True,Vw/Vw14a,Vw,every_2min,1,200.0
truth,veh_yawrate,60.0,1488.3,131.34,131.34,62.64,8.82,2.189,,True,Vw/Vw14a,Vw,every_2min,1,200.0
hold,truth,60.0,1488.3,72.83,72.83,38.95,4.89,1.214,1.409,True,Vw/Vw14a,Vw,every_2min,1,200.0
obd,veh_yawrate,60.0,1488.3,131.24,131.24,62.59,8.82,2.187,0.076,True,Vw/Vw14a,Vw,every_2min,1,200.0
wheel_speed,veh_yawrate,60.0,1488.3,130.96,130.96,62.41,8.8,2.183,0.046,True,Vw/Vw14a,Vw,every_2min,1,200.0
obd,gps_hold,60.0,1488.3,831.94,831.94,408.26,55.9,13.866,0.076,False,Vw/Vw14a,Vw,every_2min,1,200.0
hold,imu_aligned,60.0,1488.3,810.42,810.42,398.12,54.45,13.507,1.409,False,Vw/Vw14a,Vw,every_2min,1,200.0
imu_integrate,imu_aligned,60.0,1488.3,1056.74,1056.74,521.42,71.0,17.612,7.086,False,Vw/Vw14a,Vw,every_2min,1,200.0
truth,truth,60.0,1581.5,3.02,3.04,1.64,0.19,0.05,,True,Vw/Vw14b,Vw,isro_60s,0,20.0
truth,veh_yawrate,60.0,1581.5,419.69,419.69,185.84,26.54,6.995,,False,Vw/Vw14b,Vw,isro_60s,0,20.0
hold,truth,60.0,1581.5,75.66,75.66,49.05,4.78,1.261,1.34,True,Vw/Vw14b,Vw,isro_60s,0,20.0
obd,veh_yawrate,60.0,1581.5,418.78,418.78,185.47,26.48,6.98,0.059,False,Vw/Vw14b,Vw,isro_60s,0,20.0
wheel_speed,veh_yawrate,60.0,1581.5,419.47,419.47,185.73,26.52,6.991,0.055,False,Vw/Vw14b,Vw,isro_60s,0,20.0
obd,gps_hold,60.0,1581.5,476.32,476.32,211.23,30.12,7.939,0.059,False,Vw/Vw14b,Vw,isro_60s,0,20.0
hold,imu_aligned,60.0,1581.5,467.18,467.18,210.38,29.54,7.786,1.34,False,Vw/Vw14b,Vw,isro_60s,0,20.0
imu_integrate,imu_aligned,60.0,1581.5,1151.38,1151.38,536.32,72.8,19.19,15.96,False,Vw/Vw14b,Vw,isro_60s,0,20.0
truth,truth,37.4,1002.0,1.69,1.69,0.87,0.17,0.045,,True,Vw/Vw14b,Vw,isro_1km,0,20.0
truth,veh_yawrate,37.4,1002.0,162.71,162.71,69.52,16.24,4.351,,False,Vw/Vw14b,Vw,isro_1km,0,20.0
hold,truth,37.4,1002.0,64.0,64.0,33.89,6.39,1.711,1.712,True,Vw/Vw14b,Vw,isro_1km,0,20.0
obd,veh_yawrate,37.4,1002.0,162.46,162.46,69.44,16.21,4.344,0.065,False,Vw/Vw14b,Vw,isro_1km,0,20.0
wheel_speed,veh_yawrate,37.4,1002.0,162.62,162.62,69.5,16.23,4.348,0.045,False,Vw/Vw14b,Vw,isro_1km,0,20.0
obd,gps_hold,37.4,1002.0,181.76,181.76,92.35,18.14,4.86,0.065,False,Vw/Vw14b,Vw,isro_1km,0,20.0
hold,imu_aligned,37.4,1002.0,186.82,186.82,95.67,18.65,4.995,1.712,False,Vw/Vw14b,Vw,isro_1km,0,20.0
imu_integrate,imu_aligned,37.4,1002.0,486.35,486.35,231.62,48.54,13.004,11.645,False,Vw/Vw14b,Vw,isro_1km,0,20.0
truth,truth,30.0,801.5,1.18,1.18,0.67,0.15,0.039,,True,Vw/Vw14b,Vw,tunnels,0,20.0
truth,veh_yawrate,30.0,801.5,100.03,100.03,41.55,12.48,3.334,,False,Vw/Vw14b,Vw,tunnels,0,20.0
hold,truth,30.0,801.5,49.13,49.13,24.7,6.13,1.638,1.638,True,Vw/Vw14b,Vw,tunnels,0,20.0
obd,veh_yawrate,30.0,801.5,99.93,99.93,41.52,12.47,3.331,0.068,False,Vw/Vw14b,Vw,tunnels,0,20.0
wheel_speed,veh_yawrate,30.0,801.5,100.0,100.0,41.54,12.48,3.333,0.048,False,Vw/Vw14b,Vw,tunnels,0,20.0
obd,gps_hold,30.0,801.5,128.23,128.23,68.57,16.0,4.274,0.068,False,Vw/Vw14b,Vw,tunnels,0,20.0
hold,imu_aligned,30.0,801.5,133.53,133.53,71.07,16.66,4.451,1.638,False,Vw/Vw14b,Vw,tunnels,0,20.0
imu_integrate,imu_aligned,30.0,801.5,330.89,330.89,160.59,41.28,11.03,9.883,False,Vw/Vw14b,Vw,tunnels,0,20.0
truth,truth,30.0,843.1,1.12,1.12,0.64,0.13,0.037,,True,Vw/Vw14b,Vw,tunnels,1,155.0
truth,veh_yawrate,30.0,843.1,234.09,234.09,100.46,27.77,7.803,,False,Vw/Vw14b,Vw,tunnels,1,155.0
hold,truth,30.0,843.1,41.13,41.13,18.57,4.88,1.371,1.423,True,Vw/Vw14b,Vw,tunnels,1,155.0
obd,veh_yawrate,30.0,843.1,234.01,234.01,100.46,27.76,7.8,0.11,False,Vw/Vw14b,Vw,tunnels,1,155.0
wheel_speed,veh_yawrate,30.0,843.1,234.05,234.05,100.47,27.76,7.802,0.101,False,Vw/Vw14b,Vw,tunnels,1,155.0
obd,gps_hold,30.0,843.1,84.97,84.97,31.08,10.08,2.832,0.11,False,Vw/Vw14b,Vw,tunnels,1,155.0
hold,imu_aligned,30.0,843.1,98.71,98.71,37.77,11.71,3.29,1.423,False,Vw/Vw14b,Vw,tunnels,1,155.0
imu_integrate,imu_aligned,30.0,843.1,297.86,297.86,146.1,35.33,9.929,9.187,False,Vw/Vw14b,Vw,tunnels,1,155.0
truth,truth,30.0,879.4,1.89,1.89,1.07,0.21,0.063,,True,Vw/Vw14b,Vw,tunnels,2,290.0
truth,veh_yawrate,30.0,879.4,37.35,37.35,17.9,4.25,1.245,,True,Vw/Vw14b,Vw,tunnels,2,290.0
hold,truth,30.0,879.4,75.33,75.33,37.71,8.57,2.511,2.538,True,Vw/Vw14b,Vw,tunnels,2,290.0
obd,veh_yawrate,30.0,879.4,37.49,37.49,17.99,4.26,1.25,0.076,True,Vw/Vw14b,Vw,tunnels,2,290.0
wheel_speed,veh_yawrate,30.0,879.4,37.36,37.36,17.92,4.25,1.245,0.039,True,Vw/Vw14b,Vw,tunnels,2,290.0
obd,gps_hold,30.0,879.4,150.63,150.63,69.71,17.13,5.021,0.076,False,Vw/Vw14b,Vw,tunnels,2,290.0
hold,imu_aligned,30.0,879.4,176.07,176.07,82.35,20.02,5.869,2.538,False,Vw/Vw14b,Vw,tunnels,2,290.0
imu_integrate,imu_aligned,30.0,879.4,157.36,157.36,77.02,17.89,5.245,1.935,False,Vw/Vw14b,Vw,tunnels,2,290.0
truth,truth,30.0,720.4,1.52,1.52,0.92,0.21,0.051,,True,Vw/Vw14b,Vw,tunnels,3,425.0
truth,veh_yawrate,30.0,720.4,159.11,159.11,75.78,22.09,5.304,,False,Vw/Vw14b,Vw,tunnels,3,425.0
hold,truth,30.0,720.4,24.62,24.62,8.86,3.42,0.821,0.961,True,Vw/Vw14b,Vw,tunnels,3,425.0
obd,veh_yawrate,30.0,720.4,159.17,159.17,75.83,22.09,5.306,0.038,False,Vw/Vw14b,Vw,tunnels,3,425.0
wheel_speed,veh_yawrate,30.0,720.4,159.25,159.25,75.86,22.11,5.308,0.074,False,Vw/Vw14b,Vw,tunnels,3,425.0
obd,gps_hold,30.0,720.4,134.49,134.49,63.61,18.67,4.483,0.038,False,Vw/Vw14b,Vw,tunnels,3,425.0
hold,imu_aligned,30.0,720.4,133.88,133.88,63.33,18.58,4.463,0.961,False,Vw/Vw14b,Vw,tunnels,3,425.0
imu_integrate,imu_aligned,30.0,720.4,144.41,144.41,65.89,20.05,4.814,1.712,False,Vw/Vw14b,Vw,tunnels,3,425.0
truth,truth,30.0,727.8,1.8,1.92,0.99,0.25,0.06,,True,Vw/Vw14b,Vw,tunnels,4,560.0
truth,veh_yawrate,30.0,727.8,273.71,273.71,125.0,37.61,9.124,,False,Vw/Vw14b,Vw,tunnels,4,560.0
hold,truth,30.0,727.8,32.92,32.93,20.91,4.52,1.097,1.099,True,Vw/Vw14b,Vw,tunnels,4,560.0
obd,veh_yawrate,30.0,727.8,273.58,273.58,125.0,37.59,9.119,0.072,False,Vw/Vw14b,Vw,tunnels,4,560.0
wheel_speed,veh_yawrate,30.0,727.8,273.7,273.7,125.05,37.61,9.123,0.075,False,Vw/Vw14b,Vw,tunnels,4,560.0
obd,gps_hold,30.0,727.8,158.25,158.25,70.42,21.74,5.275,0.072,False,Vw/Vw14b,Vw,tunnels,4,560.0
hold,imu_aligned,30.0,727.8,166.45,166.45,75.67,22.87,5.548,1.099,False,Vw/Vw14b,Vw,tunnels,4,560.0
imu_integrate,imu_aligned,30.0,727.8,160.8,160.8,73.53,22.09,5.36,1.041,False,Vw/Vw14b,Vw,tunnels,4,560.0
truth,truth,30.0,614.1,1.69,1.69,0.9,0.28,0.056,,True,Vw/Vw14b,Vw,tunnels,5,695.0
truth,veh_yawrate,30.0,614.1,25.77,25.77,11.74,4.2,0.859,,True,Vw/Vw14b,Vw,tunnels,5,695.0
hold,truth,30.0,614.1,55.73,55.73,23.07,9.08,1.858,1.863,True,Vw/Vw14b,Vw,tunnels,5,695.0
obd,veh_yawrate,30.0,614.1,25.96,25.96,11.73,4.23,0.865,0.052,True,Vw/Vw14b,Vw,tunnels,5,695.0
wheel_speed,veh_yawrate,30.0,614.1,25.85,25.85,11.73,4.21,0.862,0.059,True,Vw/Vw14b,Vw,tunnels,5,695.0
obd,gps_hold,30.0,614.1,69.47,69.47,31.09,11.31,2.316,0.052,False,Vw/Vw14b,Vw,tunnels,5,695.0
hold,imu_aligned,30.0,614.1,92.62,92.62,39.77,15.08,3.087,1.863,False,Vw/Vw14b,Vw,tunnels,5,695.0
imu_integrate,imu_aligned,30.0,614.1,111.73,111.73,46.65,18.19,3.724,2.75,False,Vw/Vw14b,Vw,tunnels,5,695.0
truth,truth,30.0,680.8,0.82,0.83,0.34,0.12,0.027,,True,Vw/Vw14b,Vw,tunnels,6,830.0
truth,veh_yawrate,30.0,680.8,23.35,23.35,12.3,3.43,0.778,,True,Vw/Vw14b,Vw,tunnels,6,830.0
hold,truth,30.0,680.8,1.17,3.27,1.56,0.17,0.039,0.474,True,Vw/Vw14b,Vw,tunnels,6,830.0
obd,veh_yawrate,30.0,680.8,23.38,23.38,12.32,3.43,0.779,0.078,True,Vw/Vw14b,Vw,tunnels,6,830.0
wheel_speed,veh_yawrate,30.0,680.8,23.33,23.33,12.3,3.43,0.778,0.043,True,Vw/Vw14b,Vw,tunnels,6,830.0
obd,gps_hold,30.0,680.8,55.91,56.53,36.52,8.21,1.864,0.078,True,Vw/Vw14b,Vw,tunnels,6,830.0
hold,imu_aligned,30.0,680.8,56.05,56.58,36.59,8.23,1.868,0.474,True,Vw/Vw14b,Vw,tunnels,6,830.0
imu_integrate,imu_aligned,30.0,680.8,204.47,204.47,91.83,30.03,6.816,6.51,False,Vw/Vw14b,Vw,tunnels,6,830.0
truth,truth,30.0,639.8,0.46,0.51,0.29,0.07,0.015,,True,Vw/Vw14b,Vw,tunnels,7,965.0
truth,veh_yawrate,30.0,639.8,6.24,6.24,2.74,0.98,0.208,,True,Vw/Vw14b,Vw,tunnels,7,965.0
hold,truth,30.0,639.8,68.51,68.51,36.03,10.71,2.284,2.281,False,Vw/Vw14b,Vw,tunnels,7,965.0
obd,veh_yawrate,30.0,639.8,6.48,6.48,2.97,1.01,0.216,0.077,True,Vw/Vw14b,Vw,tunnels,7,965.0
wheel_speed,veh_yawrate,30.0,639.8,6.22,6.22,2.73,0.97,0.207,0.047,True,Vw/Vw14b,Vw,tunnels,7,965.0
obd,gps_hold,30.0,639.8,43.72,43.72,20.77,6.83,1.457,0.077,True,Vw/Vw14b,Vw,tunnels,7,965.0
hold,imu_aligned,30.0,639.8,82.92,82.92,42.28,12.96,2.764,2.281,False,Vw/Vw14b,Vw,tunnels,7,965.0
imu_integrate,imu_aligned,30.0,639.8,242.22,242.22,120.31,37.86,8.074,7.868,False,Vw/Vw14b,Vw,tunnels,7,965.0
truth,truth,60.0,1581.5,3.02,3.04,1.64,0.19,0.05,,True,Vw/Vw14b,Vw,every_2min,0,20.0
truth,veh_yawrate,60.0,1581.5,419.69,419.69,185.84,26.54,6.995,,False,Vw/Vw14b,Vw,every_2min,0,20.0
hold,truth,60.0,1581.5,75.66,75.66,49.05,4.78,1.261,1.34,True,Vw/Vw14b,Vw,every_2min,0,20.0
obd,veh_yawrate,60.0,1581.5,418.78,418.78,185.47,26.48,6.98,0.059,False,Vw/Vw14b,Vw,every_2min,0,20.0
wheel_speed,veh_yawrate,60.0,1581.5,419.47,419.47,185.73,26.52,6.991,0.055,False,Vw/Vw14b,Vw,every_2min,0,20.0
obd,gps_hold,60.0,1581.5,476.32,476.32,211.23,30.12,7.939,0.059,False,Vw/Vw14b,Vw,every_2min,0,20.0
hold,imu_aligned,60.0,1581.5,467.18,467.18,210.38,29.54,7.786,1.34,False,Vw/Vw14b,Vw,every_2min,0,20.0
imu_integrate,imu_aligned,60.0,1581.5,1151.38,1151.38,536.32,72.8,19.19,15.96,False,Vw/Vw14b,Vw,every_2min,0,20.0
truth,truth,60.0,1787.7,2.81,2.81,1.54,0.16,0.047,,True,Vw/Vw14b,Vw,every_2min,1,200.0
truth,veh_yawrate,60.0,1787.7,46.91,55.42,39.1,2.62,0.782,,True,Vw/Vw14b,Vw,every_2min,1,200.0
hold,truth,60.0,1787.7,76.91,76.91,29.49,4.3,1.282,1.882,True,Vw/Vw14b,Vw,every_2min,1,200.0
obd,veh_yawrate,60.0,1787.7,47.77,55.49,39.32,2.67,0.796,0.077,True,Vw/Vw14b,Vw,every_2min,1,200.0
wheel_speed,veh_yawrate,60.0,1787.7,47.12,55.43,39.15,2.64,0.785,0.062,True,Vw/Vw14b,Vw,every_2min,1,200.0
obd,gps_hold,60.0,1787.7,292.91,292.91,175.42,16.39,4.882,0.077,False,Vw/Vw14b,Vw,every_2min,1,200.0
hold,imu_aligned,60.0,1787.7,295.28,295.28,175.72,16.52,4.921,1.882,False,Vw/Vw14b,Vw,every_2min,1,200.0
imu_integrate,imu_aligned,60.0,1787.7,292.08,292.08,180.81,16.34,4.868,3.105,False,Vw/Vw14b,Vw,every_2min,1,200.0
truth,truth,60.0,1445.1,2.51,2.51,1.27,0.17,0.042,,True,Vw/Vw14b,Vw,every_2min,2,380.0
truth,veh_yawrate,60.0,1445.1,998.14,998.14,442.8,69.07,16.636,,False,Vw/Vw14b,Vw,every_2min,2,380.0
hold,truth,60.0,1445.1,135.31,135.31,68.43,9.36,2.255,2.312,True,Vw/Vw14b,Vw,every_2min,2,380.0
obd,veh_yawrate,60.0,1445.1,996.61,996.61,442.09,68.97,16.61,0.047,False,Vw/Vw14b,Vw,every_2min,2,380.0
wheel_speed,veh_yawrate,60.0,1445.1,998.08,998.08,442.75,69.07,16.635,0.043,False,Vw/Vw14b,Vw,every_2min,2,380.0
obd,gps_hold,60.0,1445.1,510.31,510.31,221.88,35.31,8.505,0.047,False,Vw/Vw14b,Vw,every_2min,2,380.0
hold,imu_aligned,60.0,1445.1,563.41,563.41,246.48,38.99,9.39,2.312,False,Vw/Vw14b,Vw,every_2min,2,380.0
imu_integrate,imu_aligned,60.0,1445.1,742.63,742.63,337.81,51.39,12.377,7.021,False,Vw/Vw14b,Vw,every_2min,2,380.0
truth,truth,60.0,1445.0,2.94,2.94,1.69,0.2,0.049,,True,Vw/Vw14b,Vw,every_2min,3,560.0
truth,veh_yawrate,60.0,1445.0,654.93,654.93,368.45,45.32,10.915,,False,Vw/Vw14b,Vw,every_2min,3,560.0
hold,truth,60.0,1445.0,75.98,75.98,37.87,5.26,1.266,1.277,True,Vw/Vw14b,Vw,every_2min,3,560.0
obd,veh_yawrate,60.0,1445.0,654.34,654.34,368.16,45.28,10.906,0.062,False,Vw/Vw14b,Vw,every_2min,3,560.0
wheel_speed,veh_yawrate,60.0,1445.0,654.92,654.92,368.45,45.32,10.915,0.066,False,Vw/Vw14b,Vw,every_2min,3,560.0
obd,gps_hold,60.0,1445.0,347.56,347.56,206.31,24.05,5.793,0.062,False,Vw/Vw14b,Vw,every_2min,3,560.0
hold,imu_aligned,60.0,1445.0,367.27,367.27,215.52,25.42,6.121,1.277,False,Vw/Vw14b,Vw,every_2min,3,560.0
imu_integrate,imu_aligned,60.0,1445.0,433.08,433.08,232.27,29.97,7.218,3.818,False,Vw/Vw14b,Vw,every_2min,3,560.0
truth,truth,60.0,1204.4,1.09,1.44,0.94,0.09,0.018,,True,Vw/Vw14b,Vw,every_2min,4,740.0
truth,veh_yawrate,60.0,1204.4,54.22,54.22,18.55,4.5,0.904,,True,Vw/Vw14b,Vw,every_2min,4,740.0
hold,truth,60.0,1204.4,143.0,143.0,64.56,11.87,2.383,2.561,False,Vw/Vw14b,Vw,every_2min,4,740.0
obd,veh_yawrate,60.0,1204.4,54.27,54.27,18.62,4.51,0.905,0.079,True,Vw/Vw14b,Vw,every_2min,4,740.0
wheel_speed,veh_yawrate,60.0,1204.4,54.03,54.03,18.49,4.49,0.901,0.057,True,Vw/Vw14b,Vw,every_2min,4,740.0
obd,gps_hold,60.0,1204.4,421.02,421.02,235.66,34.96,7.017,0.079,False,Vw/Vw14b,Vw,every_2min,4,740.0
hold,imu_aligned,60.0,1204.4,419.29,419.29,233.0,34.81,6.988,2.561,False,Vw/Vw14b,Vw,every_2min,4,740.0
imu_integrate,imu_aligned,60.0,1204.4,426.02,426.02,241.31,35.37,7.1,1.019,False,Vw/Vw14b,Vw,every_2min,4,740.0
truth,truth,60.0,1304.5,1.61,1.61,1.18,0.12,0.027,,True,Vw/Vw14b,Vw,every_2min,5,920.0
truth,veh_yawrate,60.0,1304.5,194.92,194.92,97.37,14.94,3.249,,False,Vw/Vw14b,Vw,every_2min,5,920.0
hold,truth,60.0,1304.5,28.33,32.68,24.57,2.17,0.472,0.851,True,Vw/Vw14b,Vw,every_2min,5,920.0
obd,veh_yawrate,60.0,1304.5,194.71,194.71,97.29,14.93,3.245,0.078,False,Vw/Vw14b,Vw,every_2min,5,920.0
wheel_speed,veh_yawrate,60.0,1304.5,194.81,194.81,97.34,14.93,3.247,0.046,False,Vw/Vw14b,Vw,every_2min,5,920.0
obd,gps_hold,60.0,1304.5,108.05,108.05,40.15,8.28,1.801,0.078,True,Vw/Vw14b,Vw,every_2min,5,920.0
hold,imu_aligned,60.0,1304.5,114.53,114.53,48.28,8.78,1.909,0.851,True,Vw/Vw14b,Vw,every_2min,5,920.0
imu_integrate,imu_aligned,60.0,1304.5,868.74,868.74,428.33,66.6,14.479,14.196,False,Vw/Vw14b,Vw,every_2min,5,920.0
truth,truth,60.0,1405.3,2.11,2.13,1.24,0.15,0.035,,True,Vw/Vw14b,Vw,every_2min,6,1100.0
truth,veh_yawrate,60.0,1405.3,608.41,608.41,211.84,43.29,10.14,,False,Vw/Vw14b,Vw,every_2min,6,1100.0
hold,truth,60.0,1405.3,94.71,94.71,51.95,6.74,1.579,1.635,True,Vw/Vw14b,Vw,every_2min,6,1100.0
obd,veh_yawrate,60.0,1405.3,607.88,607.88,211.65,43.26,10.131,0.063,False,Vw/Vw14b,Vw,every_2min,6,1100.0
wheel_speed,veh_yawrate,60.0,1405.3,608.33,608.33,211.74,43.29,10.139,0.052,False,Vw/Vw14b,Vw,every_2min,6,1100.0
obd,gps_hold,60.0,1405.3,235.31,235.31,81.98,16.74,3.922,0.063,False,Vw/Vw14b,Vw,every_2min,6,1100.0
hold,imu_aligned,60.0,1405.3,235.03,235.03,89.65,16.72,3.917,1.635,False,Vw/Vw14b,Vw,every_2min,6,1100.0
imu_integrate,imu_aligned,60.0,1405.3,427.36,427.36,171.03,30.41,7.123,5.368,False,Vw/Vw14b,Vw,every_2min,6,1100.0
truth,truth,60.0,607.5,1.48,1.49,0.75,0.24,0.025,,True,Vw/Vw14b,Vw,every_2min,7,1280.0
truth,veh_yawrate,60.0,607.5,83.18,83.18,36.28,13.69,1.386,,False,Vw/Vw14b,Vw,every_2min,7,1280.0
hold,truth,60.0,607.5,476.08,476.08,243.74,78.36,7.935,8.082,False,Vw/Vw14b,Vw,every_2min,7,1280.0
obd,veh_yawrate,60.0,607.5,83.36,83.36,36.32,13.72,1.389,0.085,False,Vw/Vw14b,Vw,every_2min,7,1280.0
wheel_speed,veh_yawrate,60.0,607.5,83.41,83.41,36.33,13.73,1.39,0.078,False,Vw/Vw14b,Vw,every_2min,7,1280.0
obd,gps_hold,60.0,607.5,13.49,13.49,6.59,2.22,0.225,0.085,True,Vw/Vw14b,Vw,every_2min,7,1280.0
hold,imu_aligned,60.0,607.5,476.69,476.69,244.03,78.46,7.945,8.082,False,Vw/Vw14b,Vw,every_2min,7,1280.0
imu_integrate,imu_aligned,60.0,607.5,803.31,803.31,334.15,132.22,13.388,13.796,False,Vw/Vw14b,Vw,every_2min,7,1280.0
truth,truth,60.0,970.6,1.54,1.54,1.04,0.16,0.026,,True,Vw/Vw14b,Vw,every_2min,8,1460.0
truth,veh_yawrate,60.0,970.6,55.53,55.53,30.32,5.72,0.925,,True,Vw/Vw14b,Vw,every_2min,8,1460.0
hold,truth,60.0,970.6,656.48,656.48,343.29,67.64,10.941,11.003,False,Vw/Vw14b,Vw,every_2min,8,1460.0
obd,veh_yawrate,60.0,970.6,55.25,55.25,30.14,5.69,0.921,0.065,True,Vw/Vw14b,Vw,every_2min,8,1460.0
wheel_speed,veh_yawrate,60.0,970.6,55.27,55.27,30.15,5.69,0.921,0.058,True,Vw/Vw14b,Vw,every_2min,8,1460.0
obd,gps_hold,60.0,970.6,244.14,244.14,112.02,25.15,4.069,0.065,False,Vw/Vw14b,Vw,every_2min,8,1460.0
hold,imu_aligned,60.0,970.6,668.63,668.63,348.28,68.89,11.144,11.003,False,Vw/Vw14b,Vw,every_2min,8,1460.0
imu_integrate,imu_aligned,60.0,970.6,247.83,247.83,135.53,25.53,4.13,2.318,False,Vw/Vw14b,Vw,every_2min,8,1460.0
truth,truth,60.0,1455.4,0.85,1.05,0.74,0.06,0.014,,True,Vw/Vw14b,Vw,every_2min,9,1640.0
truth,veh_yawrate,60.0,1455.4,533.72,533.72,297.34,36.67,8.895,,False,Vw/Vw14b,Vw,every_2min,9,1640.0
hold,truth,60.0,1455.4,157.1,157.1,81.99,10.79,2.618,2.806,False,Vw/Vw14b,Vw,every_2min,9,1640.0
obd,veh_yawrate,60.0,1455.4,533.43,533.43,297.25,36.65,8.89,0.088,False,Vw/Vw14b,Vw,every_2min,9,1640.0
wheel_speed,veh_yawrate,60.0,1455.4,533.58,533.58,297.3,36.66,8.893,0.057,False,Vw/Vw14b,Vw,every_2min,9,1640.0
obd,gps_hold,60.0,1455.4,448.12,448.12,241.63,30.79,7.469,0.088,False,Vw/Vw14b,Vw,every_2min,9,1640.0
hold,imu_aligned,60.0,1455.4,446.77,446.77,240.04,30.7,7.446,2.806,False,Vw/Vw14b,Vw,every_2min,9,1640.0
imu_integrate,imu_aligned,60.0,1455.4,596.41,596.41,317.03,40.98,9.94,5.283,False,Vw/Vw14b,Vw,every_2min,9,1640.0
truth,truth,60.0,492.0,1.71,1.78,0.94,0.35,0.029,,True,Vw/Vw14b,Vw,every_2min,10,1820.0
truth,veh_yawrate,60.0,492.0,76.63,76.63,31.5,15.58,1.277,,False,Vw/Vw14b,Vw,every_2min,10,1820.0
hold,truth,60.0,492.0,242.23,242.23,162.16,49.23,4.037,4.049,False,Vw/Vw14b,Vw,every_2min,10,1820.0
obd,veh_yawrate,60.0,492.0,76.61,76.61,31.52,15.57,1.277,0.056,False,Vw/Vw14b,Vw,every_2min,10,1820.0
wheel_speed,veh_yawrate,60.0,492.0,76.63,76.63,31.53,15.57,1.277,0.053,False,Vw/Vw14b,Vw,every_2min,10,1820.0
obd,gps_hold,60.0,492.0,29.32,29.32,9.63,5.96,0.489,0.056,True,Vw/Vw14b,Vw,every_2min,10,1820.0
hold,imu_aligned,60.0,492.0,245.81,245.81,162.79,49.96,4.097,4.049,False,Vw/Vw14b,Vw,every_2min,10,1820.0
imu_integrate,imu_aligned,60.0,492.0,1335.74,1335.74,684.09,271.49,22.262,22.219,False,Vw/Vw14b,Vw,every_2min,10,1820.0
truth,truth,60.0,1026.8,0.19,0.88,0.54,0.02,0.003,,True,Vw/Vw14c,Vw,isro_60s,0,20.0
truth,veh_yawrate,60.0,1026.8,695.2,695.2,300.55,67.7,11.587,,False,Vw/Vw14c,Vw,isro_60s,0,20.0
hold,truth,60.0,1026.8,299.6,299.6,174.71,29.18,4.993,5.118,False,Vw/Vw14c,Vw,isro_60s,0,20.0
obd,veh_yawrate,60.0,1026.8,694.34,694.34,300.41,67.62,11.572,0.074,False,Vw/Vw14c,Vw,isro_60s,0,20.0
wheel_speed,veh_yawrate,60.0,1026.8,694.62,694.62,300.55,67.65,11.577,0.066,False,Vw/Vw14c,Vw,isro_60s,0,20.0
obd,gps_hold,60.0,1026.8,216.71,216.71,90.32,21.11,3.612,0.074,False,Vw/Vw14c,Vw,isro_60s,0,20.0
hold,imu_aligned,60.0,1026.8,413.46,413.46,213.78,40.27,6.891,5.118,False,Vw/Vw14c,Vw,isro_60s,0,20.0
imu_integrate,imu_aligned,60.0,1026.8,229.4,229.4,109.49,22.34,3.823,5.94,False,Vw/Vw14c,Vw,isro_60s,0,20.0
truth,truth,58.1,1001.4,0.6,0.88,0.55,0.06,0.01,,True,Vw/Vw14c,Vw,isro_1km,0,20.0
truth,veh_yawrate,58.1,1001.4,666.11,666.11,279.4,66.52,11.465,,False,Vw/Vw14c,Vw,isro_1km,0,20.0
hold,truth,58.1,1001.4,283.04,283.04,169.58,28.26,4.872,4.992,False,Vw/Vw14c,Vw,isro_1km,0,20.0
obd,veh_yawrate,58.1,1001.4,665.64,665.64,279.29,66.47,11.457,0.073,False,Vw/Vw14c,Vw,isro_1km,0,20.0
wheel_speed,veh_yawrate,58.1,1001.4,665.98,665.98,279.42,66.51,11.463,0.062,False,Vw/Vw14c,Vw,isro_1km,0,20.0
obd,gps_hold,58.1,1001.4,208.52,208.52,83.3,20.82,3.589,0.073,False,Vw/Vw14c,Vw,isro_1km,0,20.0
hold,imu_aligned,58.1,1001.4,393.71,393.71,204.63,39.32,6.776,4.992,False,Vw/Vw14c,Vw,isro_1km,0,20.0
imu_integrate,imu_aligned,58.1,1001.4,216.92,216.92,103.63,21.66,3.734,5.884,False,Vw/Vw14c,Vw,isro_1km,0,20.0
truth,truth,30.0,487.6,0.51,0.51,0.32,0.1,0.017,,True,Vw/Vw14c,Vw,tunnels,0,20.0
truth,veh_yawrate,30.0,487.6,66.67,66.67,20.28,13.67,2.222,,False,Vw/Vw14c,Vw,tunnels,0,20.0
hold,truth,30.0,487.6,178.87,178.87,92.15,36.68,5.962,5.965,False,Vw/Vw14c,Vw,tunnels,0,20.0
obd,veh_yawrate,30.0,487.6,66.94,66.94,20.37,13.73,2.231,0.064,False,Vw/Vw14c,Vw,tunnels,0,20.0
wheel_speed,veh_yawrate,30.0,487.6,66.93,66.93,20.35,13.73,2.231,0.056,False,Vw/Vw14c,Vw,tunnels,0,20.0
obd,gps_hold,30.0,487.6,3.92,14.6,9.33,0.8,0.131,0.064,True,Vw/Vw14c,Vw,tunnels,0,20.0
hold,imu_aligned,30.0,487.6,180.34,180.34,93.03,36.98,6.011,5.965,False,Vw/Vw14c,Vw,tunnels,0,20.0
imu_integrate,imu_aligned,30.0,487.6,102.89,111.4,72.49,21.1,3.43,3.959,False,Vw/Vw14c,Vw,tunnels,0,20.0
truth,truth,30.0,139.2,0.66,0.66,0.38,0.48,0.022,,True,Vw/Vw14c,Vw,tunnels,1,200.0
truth,veh_yawrate,30.0,139.2,3.57,3.71,2.32,2.56,0.119,,True,Vw/Vw14c,Vw,tunnels,1,200.0
hold,truth,30.0,139.2,12.02,32.19,20.64,8.64,0.401,4.117,True,Vw/Vw14c,Vw,tunnels,1,200.0
obd,veh_yawrate,30.0,139.2,4.09,4.19,2.58,2.93,0.136,0.042,True,Vw/Vw14c,Vw,tunnels,1,200.0
wheel_speed,veh_yawrate,30.0,139.2,4.21,4.31,2.65,3.02,0.14,0.047,True,Vw/Vw14c,Vw,tunnels,1,200.0
obd,gps_hold,30.0,139.2,68.58,68.65,41.34,49.25,2.286,0.042,False,Vw/Vw14c,Vw,tunnels,1,200.0
hold,imu_aligned,30.0,139.2,69.61,69.61,42.27,49.99,2.32,4.117,False,Vw/Vw14c,Vw,tunnels,1,200.0
imu_integrate,imu_aligned,30.0,139.2,73.25,84.3,56.12,52.6,2.442,4.102,False,Vw/Vw14c,Vw,tunnels,1,200.0
truth,truth,30.0,396.1,0.2,0.48,0.31,0.05,0.007,,True,Vw/Vw14c,Vw,tunnels,2,335.0
truth,veh_yawrate,30.0,396.1,16.7,16.7,7.94,4.22,0.557,,True,Vw/Vw14c,Vw,tunnels,2,335.0
hold,truth,30.0,396.1,29.18,30.61,17.44,7.37,0.973,1.135,True,Vw/Vw14c,Vw,tunnels,2,335.0
obd,veh_yawrate,30.0,396.1,16.71,16.71,7.96,4.22,0.557,0.058,True,Vw/Vw14c,Vw,tunnels,2,335.0
wheel_speed,veh_yawrate,30.0,396.1,16.67,16.67,7.94,4.21,0.556,0.053,True,Vw/Vw14c,Vw,tunnels,2,335.0
obd,gps_hold,30.0,396.1,47.44,47.44,17.33,11.98,1.581,0.058,False,Vw/Vw14c,Vw,tunnels,2,335.0
hold,imu_aligned,30.0,396.1,52.62,52.62,23.61,13.28,1.754,1.135,False,Vw/Vw14c,Vw,tunnels,2,335.0
imu_integrate,imu_aligned,30.0,396.1,67.34,67.34,27.85,17.0,2.245,1.466,False,Vw/Vw14c,Vw,tunnels,2,335.0
truth,truth,30.0,178.6,0.84,1.02,0.48,0.47,0.028,,True,Vw/Vw14c,Vw,tunnels,3,515.0
truth,veh_yawrate,30.0,178.6,0.96,1.18,0.73,0.54,0.032,,True,Vw/Vw14c,Vw,tunnels,3,515.0
hold,truth,30.0,178.6,34.23,34.23,19.29,19.16,1.141,3.06,False,Vw/Vw14c,Vw,tunnels,3,515.0
obd,veh_yawrate,30.0,178.6,0.15,0.8,0.56,0.08,0.005,0.057,True,Vw/Vw14c,Vw,tunnels,3,515.0
wheel_speed,veh_yawrate,30.0,178.6,0.36,0.88,0.63,0.2,0.012,0.06,True,Vw/Vw14c,Vw,tunnels,3,515.0
obd,gps_hold,30.0,178.6,42.45,42.45,13.53,23.76,1.415,0.057,False,Vw/Vw14c,Vw,tunnels,3,515.0
hold,imu_aligned,30.0,178.6,48.88,48.88,22.84,27.36,1.629,3.06,False,Vw/Vw14c,Vw,tunnels,3,515.0
imu_integrate,imu_aligned,30.0,178.6,57.63,58.95,41.98,32.26,1.921,2.727,False,Vw/Vw14c,Vw,tunnels,3,515.0
truth,truth,30.0,575.3,0.77,0.77,0.5,0.13,0.026,,True,Vw/Vw14c,Vw,tunnels,4,650.0
truth,veh_yawrate,30.0,575.3,25.08,25.08,10.98,4.36,0.836,,True,Vw/Vw14c,Vw,tunnels,4,650.0
hold,truth,30.0,575.3,137.63,137.63,57.27,23.92,4.588,5.064,False,Vw/Vw14c,Vw,tunnels,4,650.0
obd,veh_yawrate,30.0,575.3,25.08,25.08,10.97,4.36,0.836,0.045,True,Vw/Vw14c,Vw,tunnels,4,650.0
wheel_speed,veh_yawrate,30.0,575.3,25.1,25.1,10.98,4.36,0.837,0.045,True,Vw/Vw14c,Vw,tunnels,4,650.0
obd,gps_hold,30.0,575.3,6.45,6.45,3.22,1.12,0.215,0.045,True,Vw/Vw14c,Vw,tunnels,4,650.0
hold,imu_aligned,30.0,575.3,137.69,137.69,57.32,23.94,4.59,5.064,False,Vw/Vw14c,Vw,tunnels,4,650.0
imu_integrate,imu_aligned,30.0,575.3,15.73,32.46,23.02,2.73,0.524,1.688,True,Vw/Vw14c,Vw,tunnels,4,650.0
truth,truth,30.0,685.2,0.24,0.26,0.09,0.04,0.008,,True,Vw/Vw14c,Vw,tunnels,5,785.0
truth,veh_yawrate,30.0,685.2,20.22,20.22,8.19,2.95,0.674,,True,Vw/Vw14c,Vw,tunnels,5,785.0
hold,truth,30.0,685.2,16.24,17.07,10.55,2.37,0.541,0.638,True,Vw/Vw14c,Vw,tunnels,5,785.0
obd,veh_yawrate,30.0,685.2,20.18,20.18,8.21,2.95,0.673,0.079,True,Vw/Vw14c,Vw,tunnels,5,785.0
wheel_speed,veh_yawrate,30.0,685.2,20.19,20.19,8.18,2.95,0.673,0.056,True,Vw/Vw14c,Vw,tunnels,5,785.0
obd,gps_hold,30.0,685.2,72.26,72.26,31.22,10.55,2.409,0.079,False,Vw/Vw14c,Vw,tunnels,5,785.0
hold,imu_aligned,30.0,685.2,75.35,75.35,33.55,11.0,2.512,0.638,False,Vw/Vw14c,Vw,tunnels,5,785.0
imu_integrate,imu_aligned,30.0,685.2,103.52,103.52,45.49,15.11,3.451,2.293,False,Vw/Vw14c,Vw,tunnels,5,785.0
truth,truth,30.0,727.0,1.38,1.38,0.82,0.19,0.046,,True,Vw/Vw14c,Vw,tunnels,6,920.0
truth,veh_yawrate,30.0,727.0,114.43,114.43,50.88,15.74,3.814,,False,Vw/Vw14c,Vw,tunnels,6,920.0
hold,truth,30.0,727.0,37.06,37.06,16.68,5.1,1.235,2.432,True,Vw/Vw14c,Vw,tunnels,6,920.0
obd,veh_yawrate,30.0,727.0,114.29,114.29,50.85,15.72,3.81,0.098,False,Vw/Vw14c,Vw,tunnels,6,920.0
wheel_speed,veh_yawrate,30.0,727.0,114.28,114.28,50.84,15.72,3.809,0.071,False,Vw/Vw14c,Vw,tunnels,6,920.0
obd,gps_hold,30.0,727.0,138.52,138.52,61.12,19.05,4.617,0.098,False,Vw/Vw14c,Vw,tunnels,6,920.0
hold,imu_aligned,30.0,727.0,138.99,138.99,62.05,19.12,4.633,2.432,False,Vw/Vw14c,Vw,tunnels,6,920.0
imu_integrate,imu_aligned,30.0,727.0,147.15,147.15,66.88,20.24,4.905,1.496,False,Vw/Vw14c,Vw,tunnels,6,920.0
truth,truth,30.0,560.0,1.26,2.13,1.0,0.23,0.042,,True,Vw/Vw14c,Vw,tunnels,7,1145.0
truth,veh_yawrate,30.0,560.0,21.13,21.13,14.14,3.77,0.704,,True,Vw/Vw14c,Vw,tunnels,7,1145.0
hold,truth,30.0,560.0,180.44,180.44,100.05,32.22,6.015,6.026,False,Vw/Vw14c,Vw,tunnels,7,1145.0
obd,veh_yawrate,30.0,560.0,21.14,21.14,14.17,3.78,0.705,0.096,True,Vw/Vw14c,Vw,tunnels,7,1145.0
wheel_speed,veh_yawrate,30.0,560.0,21.11,21.11,14.14,3.77,0.704,0.107,True,Vw/Vw14c,Vw,tunnels,7,1145.0
obd,gps_hold,30.0,560.0,105.23,105.23,62.01,18.79,3.508,0.096,False,Vw/Vw14c,Vw,tunnels,7,1145.0
hold,imu_aligned,30.0,560.0,199.63,199.63,112.07,35.65,6.654,6.026,False,Vw/Vw14c,Vw,tunnels,7,1145.0
imu_integrate,imu_aligned,30.0,560.0,199.56,199.56,110.13,35.63,6.652,6.022,False,Vw/Vw14c,Vw,tunnels,7,1145.0
truth,truth,60.0,1026.8,0.19,0.88,0.54,0.02,0.003,,True,Vw/Vw14c,Vw,every_2min,0,20.0
truth,veh_yawrate,60.0,1026.8,695.2,695.2,300.55,67.7,11.587,,False,Vw/Vw14c,Vw,every_2min,0,20.0
hold,truth,60.0,1026.8,299.6,299.6,174.71,29.18,4.993,5.118,False,Vw/Vw14c,Vw,every_2min,0,20.0
obd,veh_yawrate,60.0,1026.8,694.34,694.34,300.41,67.62,11.572,0.074,False,Vw/Vw14c,Vw,every_2min,0,20.0
wheel_speed,veh_yawrate,60.0,1026.8,694.62,694.62,300.55,67.65,11.577,0.066,False,Vw/Vw14c,Vw,every_2min,0,20.0
obd,gps_hold,60.0,1026.8,216.71,216.71,90.32,21.11,3.612,0.074,False,Vw/Vw14c,Vw,every_2min,0,20.0
hold,imu_aligned,60.0,1026.8,413.46,413.46,213.78,40.27,6.891,5.118,False,Vw/Vw14c,Vw,every_2min,0,20.0
imu_integrate,imu_aligned,60.0,1026.8,229.4,229.4,109.49,22.34,3.823,5.94,False,Vw/Vw14c,Vw,every_2min,0,20.0
truth,truth,60.0,762.3,0.9,0.92,0.47,0.12,0.015,,True,Vw/Vw14c,Vw,every_2min,1,290.0
truth,veh_yawrate,60.0,762.3,66.26,66.26,28.16,8.69,1.104,,True,Vw/Vw14c,Vw,every_2min,1,290.0
hold,truth,60.0,762.3,294.03,294.03,160.6,38.57,4.901,4.911,False,Vw/Vw14c,Vw,every_2min,1,290.0
obd,veh_yawrate,60.0,762.3,66.14,66.14,28.13,8.68,1.102,0.057,True,Vw/Vw14c,Vw,every_2min,1,290.0
wheel_speed,veh_yawrate,60.0,762.3,66.2,66.2,28.14,8.68,1.103,0.047,True,Vw/Vw14c,Vw,every_2min,1,290.0
obd,gps_hold,60.0,762.3,10.63,35.23,24.13,1.39,0.177,0.057,True,Vw/Vw14c,Vw,every_2min,1,290.0
hold,imu_aligned,60.0,762.3,297.63,297.63,164.13,39.04,4.961,4.911,False,Vw/Vw14c,Vw,every_2min,1,290.0
imu_integrate,imu_aligned,60.0,762.3,493.38,493.38,259.1,64.72,8.223,8.182,False,Vw/Vw14c,Vw,every_2min,1,290.0
truth,truth,60.0,308.4,0.18,0.99,0.4,0.06,0.003,,True,Vw/Vw14c,Vw,every_2min,2,500.0
truth,veh_yawrate,60.0,308.4,19.11,19.11,9.84,6.2,0.318,,True,Vw/Vw14c,Vw,every_2min,2,500.0
hold,truth,60.0,308.4,129.85,144.58,83.22,42.11,2.164,2.741,False,Vw/Vw14c,Vw,every_2min,2,500.0
obd,veh_yawrate,60.0,308.4,18.79,18.79,9.71,6.09,0.313,0.054,True,Vw/Vw14c,Vw,every_2min,2,500.0
wheel_speed,veh_yawrate,60.0,308.4,18.72,18.72,9.69,6.07,0.312,0.057,True,Vw/Vw14c,Vw,every_2min,2,500.0
obd,gps_hold,60.0,308.4,57.01,57.02,27.87,18.49,0.95,0.054,False,Vw/Vw14c,Vw,every_2min,2,500.0
hold,imu_aligned,60.0,308.4,134.41,147.36,84.55,43.59,2.24,2.741,False,Vw/Vw14c,Vw,every_2min,2,500.0
imu_integrate,imu_aligned,60.0,308.4,261.27,261.27,97.79,84.72,4.355,5.272,False,Vw/Vw14c,Vw,every_2min,2,500.0
truth,truth,60.0,1566.2,0.99,1.0,0.59,0.06,0.017,,True,Vw/Vw14c,Vw,every_2min,3,680.0
truth,veh_yawrate,60.0,1566.2,62.54,62.54,32.5,3.99,1.042,,True,Vw/Vw14c,Vw,every_2min,3,680.0
hold,truth,60.0,1566.2,172.58,172.58,95.68,11.02,2.876,2.877,False,Vw/Vw14c,Vw,every_2min,3,680.0
obd,veh_yawrate,60.0,1566.2,62.58,62.58,32.55,4.0,1.043,0.076,True,Vw/Vw14c,Vw,every_2min,3,680.0
wheel_speed,veh_yawrate,60.0,1566.2,62.53,62.53,32.52,3.99,1.042,0.061,True,Vw/Vw14c,Vw,every_2min,3,680.0
obd,gps_hold,60.0,1566.2,48.08,48.08,14.47,3.07,0.801,0.076,True,Vw/Vw14c,Vw,every_2min,3,680.0
hold,imu_aligned,60.0,1566.2,176.96,176.96,96.3,11.3,2.949,2.877,False,Vw/Vw14c,Vw,every_2min,3,680.0
imu_integrate,imu_aligned,60.0,1566.2,305.77,305.77,181.7,19.52,5.096,5.069,False,Vw/Vw14c,Vw,every_2min,3,680.0
truth,truth,60.0,1445.3,1.35,1.35,0.69,0.09,0.022,,True,Vw/Vw14c,Vw,every_2min,4,860.0
truth,veh_yawrate,60.0,1445.3,112.65,112.65,61.13,7.79,1.878,,True,Vw/Vw14c,Vw,every_2min,4,860.0
hold,truth,60.0,1445.3,400.05,400.05,236.6,27.68,6.668,6.755,False,Vw/Vw14c,Vw,every_2min,4,860.0
obd,veh_yawrate,60.0,1445.3,112.41,112.41,61.04,7.78,1.873,0.08,True,Vw/Vw14c,Vw,every_2min,4,860.0
wheel_speed,veh_yawrate,60.0,1445.3,112.42,112.42,61.05,7.78,1.874,0.057,True,Vw/Vw14c,Vw,every_2min,4,860.0
obd,gps_hold,60.0,1445.3,168.05,168.05,55.92,11.63,2.801,0.08,False,Vw/Vw14c,Vw,every_2min,4,860.0
hold,imu_aligned,60.0,1445.3,410.26,410.26,237.21,28.39,6.838,6.755,False,Vw/Vw14c,Vw,every_2min,4,860.0
imu_integrate,imu_aligned,60.0,1445.3,213.11,213.11,119.03,14.75,3.552,2.748,False,Vw/Vw14c,Vw,every_2min,4,860.0
truth,truth,60.0,1034.9,2.55,2.55,1.29,0.25,0.043,,True,Vw/Vw14c,Vw,every_2min,5,1130.0
truth,veh_yawrate,60.0,1034.9,81.33,81.33,41.29,7.86,1.355,,True,Vw/Vw14c,Vw,every_2min,5,1130.0
hold,truth,60.0,1034.9,304.13,304.13,153.9,29.39,5.069,5.195,False,Vw/Vw14c,Vw,every_2min,5,1130.0
obd,veh_yawrate,60.0,1034.9,81.09,81.09,41.14,7.84,1.352,0.07,True,Vw/Vw14c,Vw,every_2min,5,1130.0
wheel_speed,veh_yawrate,60.0,1034.9,80.72,80.72,40.82,7.8,1.345,0.078,True,Vw/Vw14c,Vw,every_2min,5,1130.0
obd,gps_hold,60.0,1034.9,101.97,101.97,48.95,9.85,1.699,0.07,True,Vw/Vw14c,Vw,every_2min,5,1130.0
hold,imu_aligned,60.0,1034.9,290.49,290.49,142.23,28.07,4.842,5.195,False,Vw/Vw14c,Vw,every_2min,5,1130.0
imu_integrate,imu_aligned,60.0,1034.9,223.94,223.94,114.43,21.64,3.732,3.333,False,Vw/Vw14c,Vw,every_2min,5,1130.0
truth,truth,60.0,183.4,0.57,0.58,0.41,0.31,0.01,,True,Vw/Vw14c,Vw,every_2min,6,1310.0
truth,veh_yawrate,60.0,183.4,1.6,1.61,0.63,0.87,0.027,,True,Vw/Vw14c,Vw,every_2min,6,1310.0
hold,truth,60.0,183.4,21.05,34.2,20.29,11.47,0.351,1.729,False,Vw/Vw14c,Vw,every_2min,6,1310.0
obd,veh_yawrate,60.0,183.4,1.74,1.76,0.74,0.95,0.029,0.032,True,Vw/Vw14c,Vw,every_2min,6,1310.0
wheel_speed,veh_yawrate,60.0,183.4,1.65,1.66,0.66,0.9,0.027,0.033,True,Vw/Vw14c,Vw,every_2min,6,1310.0
obd,gps_hold,60.0,183.4,2.93,2.94,1.16,1.6,0.049,0.032,True,Vw/Vw14c,Vw,every_2min,6,1310.0
hold,imu_aligned,60.0,183.4,20.99,34.16,20.16,11.44,0.35,1.729,False,Vw/Vw14c,Vw,every_2min,6,1310.0
imu_integrate,imu_aligned,60.0,183.4,74.14,74.14,33.32,40.42,1.236,2.636,False,Vw/Vw14c,Vw,every_2min,6,1310.0
truth,truth,60.0,370.1,1.69,1.7,0.94,0.46,0.028,,True,Vw/Vw14c,Vw,every_2min,7,1490.0
truth,veh_yawrate,60.0,370.1,17.73,17.73,7.83,4.79,0.295,,True,Vw/Vw14c,Vw,every_2min,7,1490.0
hold,truth,60.0,370.1,43.76,47.27,28.18,11.83,0.729,2.517,False,Vw/Vw14c,Vw,every_2min,7,1490.0
obd,veh_yawrate,60.0,370.1,17.83,17.83,7.9,4.82,0.297,0.036,True,Vw/Vw14c,Vw,every_2min,7,1490.0
wheel_speed,veh_yawrate,60.0,370.1,17.83,17.83,7.91,4.82,0.297,0.039,True,Vw/Vw14c,Vw,every_2min,7,1490.0
obd,gps_hold,60.0,370.1,77.42,77.42,34.57,20.92,1.29,0.036,False,Vw/Vw14c,Vw,every_2min,7,1490.0
hold,imu_aligned,60.0,370.1,84.28,84.28,44.33,22.77,1.405,2.517,False,Vw/Vw14c,Vw,every_2min,7,1490.0
imu_integrate,imu_aligned,60.0,370.1,80.17,98.35,74.55,21.66,1.336,3.324,False,Vw/Vw14c,Vw,every_2min,7,1490.0
truth,truth,60.0,704.2,2.26,2.26,1.33,0.32,0.038,,True,Vw/Vw16a,Vw,isro_60s,0,75.0
truth,veh_yawrate,60.0,704.2,18.33,18.33,7.31,2.6,0.305,,True,Vw/Vw16a,Vw,isro_60s,0,75.0
hold,truth,60.0,704.2,642.88,642.88,378.17,91.29,10.715,10.719,False,Vw/Vw16a,Vw,isro_60s,0,75.0
obd,veh_yawrate,60.0,704.2,18.29,18.29,7.27,2.6,0.305,0.041,True,Vw/Vw16a,Vw,isro_60s,0,75.0
wheel_speed,veh_yawrate,60.0,704.2,18.83,18.83,7.72,2.67,0.314,0.084,True,Vw/Vw16a,Vw,isro_60s,0,75.0
obd,gps_hold,60.0,704.2,12.03,12.03,6.14,1.71,0.2,0.041,True,Vw/Vw16a,Vw,isro_60s,0,75.0
hold,imu_aligned,60.0,704.2,642.88,642.88,378.17,91.29,10.715,10.719,False,Vw/Vw16a,Vw,isro_60s,0,75.0
imu_integrate,imu_aligned,60.0,704.2,518.65,518.65,324.5,73.65,8.644,8.649,False,Vw/Vw16a,Vw,isro_60s,0,75.0
truth,truth,90.0,1001.1,2.93,3.2,1.9,0.29,0.033,,True,Vw/Vw16a,Vw,isro_1km,0,75.0
truth,veh_yawrate,90.0,1001.1,42.29,42.29,18.14,4.22,0.47,,True,Vw/Vw16a,Vw,isro_1km,0,75.0
hold,truth,90.0,1001.1,896.56,896.56,536.2,89.55,9.962,10.105,False,Vw/Vw16a,Vw,isro_1km,0,75.0
obd,veh_yawrate,90.0,1001.1,42.32,42.32,18.14,4.23,0.47,0.044,True,Vw/Vw16a,Vw,isro_1km,0,75.0
wheel_speed,veh_yawrate,90.0,1001.1,43.05,43.05,18.65,4.3,0.478,0.085,True,Vw/Vw16a,Vw,isro_1km,0,75.0
obd,gps_hold,90.0,1001.1,29.09,29.09,11.22,2.91,0.323,0.044,True,Vw/Vw16a,Vw,isro_1km,0,75.0
hold,imu_aligned,90.0,1001.1,894.72,894.72,535.75,89.37,9.941,10.105,False,Vw/Vw16a,Vw,isro_1km,0,75.0
imu_integrate,imu_aligned,90.0,1001.1,616.1,616.1,426.85,61.54,6.846,7.057,False,Vw/Vw16a,Vw,isro_1km,0,75.0
truth,truth,30.0,282.3,1.04,1.08,0.82,0.37,0.035,,True,Vw/Vw16a,Vw,tunnels,0,87.5
truth,veh_yawrate,30.0,282.3,4.31,4.38,3.05,1.53,0.144,,True,Vw/Vw16a,Vw,tunnels,0,87.5
hold,truth,30.0,282.3,45.65,51.38,30.94,16.17,1.522,2.521,False,Vw/Vw16a,Vw,tunnels,0,87.5
obd,veh_yawrate,30.0,282.3,4.31,4.38,2.99,1.53,0.144,0.044,True,Vw/Vw16a,Vw,tunnels,0,87.5
wheel_speed,veh_yawrate,30.0,282.3,4.29,4.36,2.99,1.52,0.143,0.044,True,Vw/Vw16a,Vw,tunnels,0,87.5
obd,gps_hold,30.0,282.3,6.74,6.74,3.83,2.39,0.225,0.044,True,Vw/Vw16a,Vw,tunnels,0,87.5
hold,imu_aligned,30.0,282.3,46.25,51.8,31.23,16.38,1.542,2.521,False,Vw/Vw16a,Vw,tunnels,0,87.5
imu_integrate,imu_aligned,30.0,282.3,97.83,97.83,49.15,34.66,3.261,4.157,False,Vw/Vw16a,Vw,tunnels,0,87.5
truth,truth,30.0,482.1,1.31,1.31,0.78,0.27,0.044,,True,Vw/Vw16a,Vw,tunnels,1,222.5
truth,veh_yawrate,30.0,482.1,4.12,4.12,1.77,0.85,0.137,,True,Vw/Vw16a,Vw,tunnels,1,222.5
hold,truth,30.0,482.1,83.34,83.34,37.12,17.29,2.778,2.785,False,Vw/Vw16a,Vw,tunnels,1,222.5
obd,veh_yawrate,30.0,482.1,4.12,4.12,1.75,0.85,0.137,0.034,True,Vw/Vw16a,Vw,tunnels,1,222.5
wheel_speed,veh_yawrate,30.0,482.1,4.13,4.13,1.75,0.86,0.138,0.032,True,Vw/Vw16a,Vw,tunnels,1,222.5
obd,gps_hold,30.0,482.1,0.4,1.16,0.55,0.08,0.013,0.034,True,Vw/Vw16a,Vw,tunnels,1,222.5
hold,imu_aligned,30.0,482.1,83.31,83.31,37.1,17.28,2.777,2.785,False,Vw/Vw16a,Vw,tunnels,1,222.5
imu_integrate,imu_aligned,30.0,482.1,5.39,15.89,9.24,1.12,0.18,1.747,True,Vw/Vw16a,Vw,tunnels,1,222.5
truth,truth,30.0,620.7,1.15,1.49,0.62,0.19,0.038,,True,Vw/Vw16a,Vw,tunnels,2,357.5
truth,veh_yawrate,30.0,620.7,23.4,23.4,10.83,3.77,0.78,,True,Vw/Vw16a,Vw,tunnels,2,357.5
hold,truth,30.0,620.7,145.8,145.8,79.75,23.49,4.86,4.867,False,Vw/Vw16a,Vw,tunnels,2,357.5
obd,veh_yawrate,30.0,620.7,23.39,23.39,10.85,3.77,0.78,0.093,True,Vw/Vw16a,Vw,tunnels,2,357.5
wheel_speed,veh_yawrate,30.0,620.7,23.41,23.41,10.87,3.77,0.78,0.093,True,Vw/Vw16a,Vw,tunnels,2,357.5
obd,gps_hold,30.0,620.7,8.1,8.1,4.28,1.3,0.27,0.093,True,Vw/Vw16a,Vw,tunnels,2,357.5
hold,imu_aligned,30.0,620.7,145.22,145.22,79.73,23.4,4.841,4.867,False,Vw/Vw16a,Vw,tunnels,2,357.5
imu_integrate,imu_aligned,30.0,620.7,129.68,129.68,57.29,20.89,4.323,4.568,False,Vw/Vw16a,Vw,tunnels,2,357.5
truth,truth,30.0,538.2,0.82,0.82,0.49,0.15,0.027,,True,Vw/Vw16a,Vw,tunnels,3,492.5
truth,veh_yawrate,30.0,538.2,20.44,20.44,9.63,3.8,0.681,,True,Vw/Vw16a,Vw,tunnels,3,492.5
hold,truth,30.0,538.2,182.24,182.24,102.15,33.86,6.075,6.085,False,Vw/Vw16a,Vw,tunnels,3,492.5
obd,veh_yawrate,30.0,538.2,20.44,20.44,9.63,3.8,0.681,0.035,True,Vw/Vw16a,Vw,tunnels,3,492.5
wheel_speed,veh_yawrate,30.0,538.2,20.44,20.44,9.63,3.8,0.681,0.034,True,Vw/Vw16a,Vw,tunnels,3,492.5
obd,gps_hold,30.0,538.2,126.68,126.68,69.7,23.54,4.223,0.035,False,Vw/Vw16a,Vw,tunnels,3,492.5
hold,imu_aligned,30.0,538.2,208.93,208.93,116.65,38.82,6.964,6.085,False,Vw/Vw16a,Vw,tunnels,3,492.5
imu_integrate,imu_aligned,30.0,538.2,146.51,146.51,90.95,27.22,4.884,3.123,False,Vw/Vw16a,Vw,tunnels,3,492.5
truth,truth,60.0,670.7,2.38,2.38,1.38,0.36,0.04,,True,Vw/Vw16a,Vw,every_2min,0,80.0
truth,veh_yawrate,60.0,670.7,28.23,28.23,15.4,4.21,0.47,,True,Vw/Vw16a,Vw,every_2min,0,80.0
hold,truth,60.0,670.7,609.34,609.34,352.91,90.85,10.156,10.16,False,Vw/Vw16a,Vw,every_2min,0,80.0
obd,veh_yawrate,60.0,670.7,28.2,28.2,15.37,4.2,0.47,0.039,True,Vw/Vw16a,Vw,every_2min,0,80.0
wheel_speed,veh_yawrate,60.0,670.7,28.29,28.29,15.43,4.22,0.472,0.062,True,Vw/Vw16a,Vw,every_2min,0,80.0
obd,gps_hold,60.0,670.7,3.97,3.97,1.85,0.59,0.066,0.039,True,Vw/Vw16a,Vw,every_2min,0,80.0
hold,imu_aligned,60.0,670.7,609.33,609.33,352.9,90.85,10.156,10.16,False,Vw/Vw16a,Vw,every_2min,0,80.0
imu_integrate,imu_aligned,60.0,670.7,469.47,469.47,281.38,70.0,7.824,7.83,False,Vw/Vw16a,Vw,every_2min,0,80.0
truth,truth,60.0,1052.0,3.12,3.43,1.93,0.3,0.052,,True,Vw/Vw16a,Vw,every_2min,1,260.0
truth,veh_yawrate,60.0,1052.0,40.1,40.1,22.07,3.81,0.668,,True,Vw/Vw16a,Vw,every_2min,1,260.0
hold,truth,60.0,1052.0,165.08,263.37,187.22,15.69,2.751,6.183,False,Vw/Vw16a,Vw,every_2min,1,260.0
obd,veh_yawrate,60.0,1052.0,39.69,39.69,21.97,3.77,0.662,0.044,True,Vw/Vw16a,Vw,every_2min,1,260.0
wheel_speed,veh_yawrate,60.0,1052.0,39.68,39.68,21.98,3.77,0.661,0.042,True,Vw/Vw16a,Vw,every_2min,1,260.0
obd,gps_hold,60.0,1052.0,8.55,8.55,1.63,0.81,0.143,0.044,True,Vw/Vw16a,Vw,every_2min,1,260.0
hold,imu_aligned,60.0,1052.0,153.63,263.33,186.79,14.6,2.56,6.183,False,Vw/Vw16a,Vw,every_2min,1,260.0
imu_integrate,imu_aligned,60.0,1052.0,123.03,127.12,88.77,11.7,2.051,6.298,False,Vw/Vw16a,Vw,every_2min,1,260.0
truth,truth,60.0,882.4,1.33,1.6,0.99,0.15,0.022,,True,Vw/Vw16a,Vw,every_2min,2,440.0
truth,veh_yawrate,60.0,882.4,28.85,30.06,12.96,3.27,0.481,,True,Vw/Vw16a,Vw,every_2min,2,440.0
hold,truth,60.0,882.4,454.4,454.4,283.31,51.5,7.573,7.652,False,Vw/Vw16a,Vw,every_2min,2,440.0
obd,veh_yawrate,60.0,882.4,28.63,29.95,12.85,3.24,0.477,0.053,True,Vw/Vw16a,Vw,every_2min,2,440.0
wheel_speed,veh_yawrate,60.0,882.4,28.78,30.06,12.92,3.26,0.48,0.051,True,Vw/Vw16a,Vw,every_2min,2,440.0
obd,gps_hold,60.0,882.4,38.71,44.12,22.56,4.39,0.645,0.053,True,Vw/Vw16a,Vw,every_2min,2,440.0
hold,imu_aligned,60.0,882.4,471.73,471.73,291.15,53.46,7.862,7.652,False,Vw/Vw16a,Vw,every_2min,2,440.0
imu_integrate,imu_aligned,60.0,882.4,571.76,571.76,363.11,64.8,9.529,9.319,False,Vw/Vw16a,Vw,every_2min,2,440.0
truth,truth,60.0,940.3,1.99,2.38,1.48,0.21,0.033,,True,Vw/Vw16b,Vw,isro_60s,0,20.0
truth,veh_yawrate,60.0,940.3,136.36,136.36,51.88,14.5,2.273,,False,Vw/Vw16b,Vw,isro_60s,0,20.0
hold,truth,60.0,940.3,458.0,458.0,240.45,48.71,7.633,7.795,False,Vw/Vw16b,Vw,isro_60s,0,20.0
obd,veh_yawrate,60.0,940.3,137.03,137.03,52.25,14.57,2.284,0.055,False,Vw/Vw16b,Vw,isro_60s,0,20.0
wheel_speed,veh_yawrate,60.0,940.3,136.98,136.98,52.19,14.57,2.283,0.054,False,Vw/Vw16b,Vw,isro_60s,0,20.0
obd,gps_hold,60.0,940.3,5.43,12.0,4.74,0.58,0.091,0.055,True,Vw/Vw16b,Vw,isro_60s,0,20.0
hold,imu_aligned,60.0,940.3,468.43,468.43,246.21,49.82,7.807,7.795,False,Vw/Vw16b,Vw,isro_60s,0,20.0
imu_integrate,imu_aligned,60.0,940.3,908.67,908.67,496.02,96.64,15.144,15.096,False,Vw/Vw16b,Vw,isro_60s,0,20.0
truth,truth,63.7,1002.3,2.19,2.38,1.52,0.22,0.034,,True,Vw/Vw16b,Vw,isro_1km,0,20.0
truth,veh_yawrate,63.7,1002.3,161.82,161.82,61.94,16.15,2.54,,False,Vw/Vw16b,Vw,isro_1km,0,20.0
hold,truth,63.7,1002.3,482.61,482.61,259.39,48.15,7.576,7.732,False,Vw/Vw16b,Vw,isro_1km,0,20.0
obd,veh_yawrate,63.7,1002.3,162.43,162.43,62.32,16.21,2.55,0.054,False,Vw/Vw16b,Vw,isro_1km,0,20.0
wheel_speed,veh_yawrate,63.7,1002.3,162.4,162.4,62.27,16.2,2.549,0.053,False,Vw/Vw16b,Vw,isro_1km,0,20.0
obd,gps_hold,63.7,1002.3,5.27,12.0,4.77,0.53,0.083,0.054,True,Vw/Vw16b,Vw,isro_1km,0,20.0
hold,imu_aligned,63.7,1002.3,493.15,493.15,265.51,49.2,7.742,7.732,False,Vw/Vw16b,Vw,isro_1km,0,20.0
imu_integrate,imu_aligned,63.7,1002.3,961.29,961.29,531.49,95.91,15.091,15.048,False,Vw/Vw16b,Vw,isro_1km,0,20.0
truth,truth,30.0,596.8,1.64,1.64,0.86,0.27,0.055,,True,Vw/Vw16b,Vw,tunnels,0,20.0
truth,veh_yawrate,30.0,596.8,33.5,33.5,19.11,5.61,1.117,,True,Vw/Vw16b,Vw,tunnels,0,20.0
hold,truth,30.0,596.8,106.43,106.43,40.57,17.83,3.548,3.62,False,Vw/Vw16b,Vw,tunnels,0,20.0
obd,veh_yawrate,30.0,596.8,33.4,33.4,19.07,5.6,1.113,0.053,True,Vw/Vw16b,Vw,tunnels,0,20.0
wheel_speed,veh_yawrate,30.0,596.8,33.41,33.42,19.07,5.6,1.114,0.042,True,Vw/Vw16b,Vw,tunnels,0,20.0
obd,gps_hold,30.0,596.8,3.05,3.05,0.93,0.51,0.102,0.053,True,Vw/Vw16b,Vw,tunnels,0,20.0
hold,imu_aligned,30.0,596.8,106.54,106.54,40.59,17.85,3.551,3.62,False,Vw/Vw16b,Vw,tunnels,0,20.0
imu_integrate,imu_aligned,30.0,596.8,280.02,280.02,116.01,46.92,9.334,9.346,False,Vw/Vw16b,Vw,tunnels,0,20.0
truth,truth,60.0,940.3,1.99,2.38,1.48,0.21,0.033,,True,Vw/Vw16b,Vw,every_2min,0,20.0
truth,veh_yawrate,60.0,940.3,136.36,136.36,51.88,14.5,2.273,,False,Vw/Vw16b,Vw,every_2min,0,20.0
hold,truth,60.0,940.3,458.0,458.0,240.45,48.71,7.633,7.795,False,Vw/Vw16b,Vw,every_2min,0,20.0
obd,veh_yawrate,60.0,940.3,137.03,137.03,52.25,14.57,2.284,0.055,False,Vw/Vw16b,Vw,every_2min,0,20.0
wheel_speed,veh_yawrate,60.0,940.3,136.98,136.98,52.19,14.57,2.283,0.054,False,Vw/Vw16b,Vw,every_2min,0,20.0
obd,gps_hold,60.0,940.3,5.43,12.0,4.74,0.58,0.091,0.055,True,Vw/Vw16b,Vw,every_2min,0,20.0
hold,imu_aligned,60.0,940.3,468.43,468.43,246.21,49.82,7.807,7.795,False,Vw/Vw16b,Vw,every_2min,0,20.0
imu_integrate,imu_aligned,60.0,940.3,908.67,908.67,496.02,96.64,15.144,15.096,False,Vw/Vw16b,Vw,every_2min,0,20.0
